:020000041000EA
:1000000000B5324B212058609868022188439860DF
:10001000D860186158612E4B002199600221596106
:100020000121F02299502B49196001219960352056
:1000300000F044F80222904214D00621196600F024
:1000400034F8196E01211966002018661A6600F04E
:100050002CF8196E196E196E052000F02FF8012189
:100060000842F9D1002199601B49196000215960AB
:100070001A491B48016001219960EB211966A021F2
:10008000196600F012F800219960164914480160C1
:100090000121996001BC002800D000471248134993
:1000A000086003C880F30888084703B5996A0420EC
:1000B0000142FBD001200142F8D103BD02B5186610
:1000C0001866FFF7F2FF186E186E02BD00000240BE
:1000D000000000180000070000035F00212200005C
:1000E000F4000018222000A00001001008ED00E03C
:1000F00000000000000000000000000074B24E7A12
:1001000000200420F7010010C3010010C5010010F9
:10011000C1010010C1010010C1010010C101001097
:10012000C1010010C1010010C1010010C701001081
:10013000C1010010C1010010C9010010CB01001065
:10014000CD010010CD010010CD010010CD01001037
:10015000CD010010CD010010CD010010CD01001027
:10016000CD010010CD010010CD010010CD01001017
:10017000CD010010CD010010CD010010CD01001007
:10018000CD010010CD010010CD010010CD010010F7
:10019000CD010010CD010010CD010010CD010010E7
:1001A000CD010010CD010010CD010010CD010010D7
:1001B000CD010010CD010010CD010010CD010010C7
:1001C00000BE00BE00BE00BE00BE00BEEFF3058054
:1001D000103800BEF2EB8871FCA900102CAA0010A8
:1001E0003802001090A31AE71E481F49086006C88D
:1001F00081F3088810471D480068002801D019487D
:10020000F3E70DA40ECC002902D000F012F8F9E7B4
:100210001749184A002000E001C19142FCD116495B
:100220008847164988471649884700BEFDE701C937
:1002300001C29A42FBD370472CAA0010C0000020D4
:10024000EC0F002058B9001000000420000004202A
:1002500058B9001000100420001004200000000015
:10026000704700000000000008ED00E0000000D032
:10027000F00F0020AC250020315C0010910A001026
:10028000F15B0010F8B5C04606480749091A8B1003
:10029000C90FC91810B5491003D0044B002B00D06A
:1002A000984710BDEC0F0020EC0F0020000000006C
:1002B000054B10B5002B03D00449054800E000BFF2
:1002C000FFF7E2FF10BDC046000000002C23002015
:1002D00080910010002A06D083010C4A94466344A2
:1002E000802212041A6040001E2303404901F022BC
:1002F000520011400B43E03AFF3A1343044A12689C
:100300005340DB05DB0D034A13607047102000509B
:10031000340400503414005070B504000D000F2850
:1003200004D02900200001F073FF70BD014801F0E6
:10033000EFFAF6E78C1100200268EFF3108172B635
:100340001368002BFCD0BFF35F8F41607047000043
:1003500010B50C2906D80368054A1340C9020B439F
:10036000036010BD034B044A0448CD2105F044FC52
:10037000FF87FFFF80910010A0910010DC9100101A
:1003800000B583B001000023019310330193134B98
:10039000019301A8FFF7DCFF019B0C221900914398
:1003A0000A0008210A4301920D4A1A400A430192A9
:1003B0000C4A1A400A4301920B4A1A401143019118
:1003C00009210A430192094A1A400A430192084846
:1003D00018400843019003B000BDC04610801F00C4
:1003E00033F8FFFF33F8BFFF33F89FFF33F81FFFE9
:1003F00031F81FFF00B583B00448002300930F338A
:100400001122034900F040FC03B000BD8C11002014
:1004100000C00340074B1A6A074B9A4201D00020E4
:100420007047044B5A6A054B9A4201D00020F7E707
:100430000120F5E7008005400DF005B1F20FFA4EFE
:1004400010B504000748210005F056FD642002F0B5
:10045000A1FE6368044A9460226882F30888184702
:1004600010BDC0463492001000ED00E0014B18783A
:100470007047C046A8160020024B587800029B78AF
:10048000C0187047A8160020014BD8787047C046A6
:10049000A8160020024B187900025B79C01870473B
:1004A000A8160020F0B5C64600B50400FFF7ECFF23
:1004B0000500012800D18BE0042800D1C5E0002808
:1004C00000D08CE02000FFF7D1FF070006002000DD
:1004D000FFF7D2FF674B1B6880469844664B1B882A
:1004E000664A12689A18424513D1DB1980225200DD
:1004F000934243DC604B1B88002B66D1FF3342469E
:10050000134254D15D4B1A605D48414605F0F4FC3E
:100510005BE05C48414605F0EFFC5B4F3800FFF7BD
:100520000BFF80225949554B1868520008F0D0FD46
:1005300039687A68BFF35F8F00230B6082F31088FD
:100540004D4A1380FF334246134213D14B4B1A607E
:100550004B48414605F0D0FC09E02B1DE15C464AC2
:100560001388581C1080494AD1540135EDB2B54268
:10057000F3D334E0512005F082FC30E0424F3800E4
:10058000FFF7DAFE802241493C4B1868520008F020
:100590009FFD39687A68BFF35F8F00230B6082F399
:1005A0001088354A1380462005F069FCA2E75220E6
:1005B00005F065FC13E02B1DE15C2F4A1388581CE5
:1005C0001080324AD1540135EDB2B542F3D306E082
:1005D000294B1B88002B21D15A2005F050FC20000C
:1005E000FFF744FF2A490B883A339BB20B802278ED
:1005F000657852199B189BB20B80A278E578521946
:1006000025795219657952199B189BB20B80A279F2
:10061000E57952199B180B80002325E01A4D28001C
:10062000FFF78AFE80221949144B1868520008F01F
:100630004FFD2A686B68BFF35F8F0021116083F361
:100640001088462005F01BFCC6E72000FFF722FFBC
:10065000084B1860C3E71A000832A25C0C490D88E9
:1006600052190A800133DBB242009342F3DB80BCB3
:10067000B846F0BD80110020982500207C11002094
:10068000749200105892001084110020A8150020C8
:1006900096250020F0B5C64600B582B080460D0014
:1006A000012003F02FF80400FFF76AFE2C23984383
:1006B0001A4E0643A027FF058723DB000122524282
:1006C000FA50023201212000FFF704FE144AB95803
:1006D0008023DB000B43BB50AD08A301BC46634441
:1006E00042461A6001AA5A609D60DE60A301A02202
:1006F000D205944663441B69DB01F7D413008722BB
:10070000D2009D58ED43064A00219950200002F086
:10071000EFFF280002B080BCB846F0BD1800800092
:100720003404000010B5040083684268016804487E
:1007300005F0E2FB20686168FFF7ACFF012010BD07
:1007400084920010F0B5D6464F464646C0B59E4C42
:10075000A54407000F236B4400221A7000250023D4
:1007600099469A460026984616E0D0221206402165
:10077000916127E0D0231B0680229A6101300E216F
:1007800003F0A0F9914B1970914800F097FC041EFA
:100790001FD1052002F0FEFC002D00D00AE18D4A99
:1007A0001378591C1170272BEED9130000221A70F0
:1007B000864B1878884B1B5C002BD6D1D0221206B2
:1007C00040215161002BD5D1D0231B0680225A61D4
:1007D000D4E77F480D236B4400930E236B440F2214
:1007E0006A4444A900F088FC44AB1B782A2BD0D182
:1007F00044AB5B78442B6BD0452B2BD0432BC8D11B
:1008000044AA93781B02D2789B189BB2734A128831
:100810009A4247D0422005F032FB714C2000FFF78E
:100820008BFDFA214903002008F06AFC2168626808
:10083000BFF35F8F00230B6082F31088674A138039
:10084000684A1380684A1380684A1360684A1360D4
:1008500000269EE7624C2000FFF76EFDFA21490357
:10086000002008F04DFC22686368BFF35F8F00240E
:10087000146083F3108804AB2A221A7017325A705E
:100880005348022304AAFF2101F016FA534B1C809F
:10089000544B1C80544B1C80544B1C60544B1C60AC
:1008A000002676E7534B1868FFF73CFF0028B1D0CD
:1008B000514B524A1A62524A5A620121514802F07F
:1008C0008BFE02F041FE504B1868FFF7B9FD60E760
:1008D0000F236B4402221A7021E044AB9B5C3A2B3D
:1008E00018D1012616E044AB9B5C424601324146DA
:1008F0007B54013BDBB29A46D3B29846022609E00C
:1009000044AB9A5C4346013341467A540136F6B211
:10091000DBB298460F226A441378013313700F2319
:100920006B441A78072A00D933E7002D00D030E74E
:10093000082EEFD8B3003549CB589F4644AB9A5C9C
:1009400043460133DBB241467A545246013AD2B2B1
:100950005146002925D092469846DBE744AB9B5C84
:100960004246501CC0B2BB5400230022834205D231
:10097000F95C8A18D2B20133DBB2F7E7002A14D14E
:1009800080460726C6E744AB9B5C1B0299460826B7
:10099000C0E744AB9B5C4B449BB2994625000026C4
:1009A000B8E7924698460626B4E72500804600231D
:1009B0009946AFE7484684239B009D44E0BCBA4675
:1009C000B146A846F0BDC046F0FDFFFF9E250020C1
:1009D0008C1100209F25002020A1001096250020CA
:1009E000841100209A2500209825002080110020E5
:1009F0007C110020780D0020008005400DF005B12D
:100A0000F20FFA4E8813000000C00010FCA0001086
:100A100010B5C0B01A48FFF795FE04001EE0194B50
:100A20001B8801339BB26A462A2111702431517010
:100A3000190A9170D37014480423FF2101F03CF986
:100A40001248210005F058FA0D4C302200212000F8
:100A500003F0C8FF2000FFF775FE0400002CDED075
:100A6000084B1B885A1C9442D9D1064A0133138083
:100A70000348FFF717FD2E2005F001FAE4E7C04612
:100A8000A81600209A2500208C110020AC9200109E
:100A900070B501F07FFA05F0EBF9474802F07AFBF8
:100AA000464805F0FAF9FFF7B5FC002816D1444B8B
:100AB0001868FFF737FE002810D0424B424A1A62EE
:100AC000424A5A6201213C4802F086FD02F03CFD98
:100AD0003F4B1868FFF7B4FC002070BD3D4805F09F
:100AE000DCF9072001F048FCD0242406802363624F
:100AF0006361062001F040FC402363626361364D70
:100B00003649280008F032FA0121102001F042FB9A
:100B10000121122001F03EFB0121132001F03AFBDC
:100B20006A6802231A402E490B60296805334B403E
:100B3000CF210B402B490B602B4B1A600F2001F08B
:100B40001BFC80231B02A362284B012208210F20DB
:100B500001F0AEFB264C200000F092FD0922082196
:100B6000200000F043FE0021200000F0A3F808213F
:100B7000200000F05FF91F49200000F071F91421F6
:100B8000200000F0E1F91C49200000F0BFFC052125
:100B9000200000F01FFA0921200000F027FD0121AC
:100BA000200000F089F84B21200000F09FFE20007B
:100BB00000F05EFAFFF72CFF88130000B4920010DB
:100BC000780D0020008005400DF005B1F20FFA4EBF
:100BD00000C00010D092001000C00340404B4C00F9
:100BE00004F0034000D0034004E003401903001068
:100BF0008C11002000C0644420A1070010B5FFF74D
:100C0000F9FB10BDF0B5D6464F464646C0B584B098
:100C100080468A4617001E000CAB1B78994602F0EE
:100C2000ADFB04000D00FA22920000235046002183
:100C300003F0BEFD02000B0012196B41002B0CDB10
:100C40004946029101960097404602F0BDF904B072
:100C5000E0BCBA46B146A846F0BD01225242014B63
:100C6000EEE7C046FFFFFF7FF0B583B004000D0044
:100C700016001F0002F040F9009733002A002100FF
:100C8000FFF7C0FF03B0F0BD10B502AC247841609F
:100C900002724372C47200238372FF2203494254DA
:100CA000034942540370437010BDC0461504000050
:100CB00016040000C17270470173704710B504003C
:100CC0000120002102F062FB227A01239340D0220E
:100CD000120693610120002102F058FB10BD10B5EF
:100CE00004000120002102F051FB227A01239340ED
:100CF000D022120693610120002102F047FB10BDB3
:100D000010B504000120002102F040FB227A0123EB
:100D10009340D022120653610120002102F036FBDD
:100D200010BD000070B586B0060005AC81232370AD
:100D30007A3B6370FFF7C2FF70680222210008F05F
:100D4000EFF93000FFF7DCFFC0232370403B6370F6
:100D50003000FFF7B3FF70680222210008F0E0F9CD
:100D60003000FFF7CDFF0623B372304B0022F25460
:100D700002F004FB00900191002400250AE001200C
:100D800002F03AFB02F0FAFA009B019CC01AA14162
:100D900004000D00B37A062B0FD1FA229200002333
:100DA0002000290002F0B4FE8323DB00F25A002366
:100DB0008B42E4DC01D18242E1D8B37A062B1FD00A
:100DC00002F0DCFA0290039100200021B37A022B9A
:100DD00021D0FA229200002302F09AFE8323DB0046
:100DE000F25A93009B1800228A4210DD012002F083
:100DF00003FB02F0C3FA029B039CC01AA141E5E782
:100E00000B4822002B0005F077F801200CE08A4205
:100E100001D18342EAD8B37A022B02D0034B0022DD
:100E2000F254024BF05CC0B206B070BD1404000076
:100E3000F492001030B583B0040001ADA0232B70F4
:100E40000B0A6B70A970FFF739FF60680322290055
:100E500008F066F92000FFF753FF03B030BD000033
:100E6000F0B5C64600B582B004000D1C3149281CFF
:100E700003F0E8FC002855D02F49281C03F0DAFCC9
:100E8000002801D100204EE0281C03F0E9FC0022DC
:100E90002A4B03F082F80022294B03F060F803F09C
:100EA00027F9070CFFB2030ADBB29846C6B201ADC0
:100EB00086232B706F704346AB70EE702000FFF7F7
:100EC000FDFE60680422290008F02AF92000FFF7DF
:100ED00017FF0A2002F090FA6D4606232B702000BF
:100EE000FFF7ECFE60680122694608F019F96068B6
:100EF00003236A460132002108F0C2F82000FFF700
:100F0000FFFE6978B94205D1AB78434502D1EB7851
:100F1000B3420CD06B469A78DB780A4804F0ECFFB9
:100F2000002000E0002002B080BCB846F0BD0120E7
:100F3000F9E7C046008061440000684480842E4187
:100F400080844E401493001070B582B005000C00F0
:100F5000142903D8012902D8022402E01424112CF8
:100F600025D801AECD233370C93B73702800FFF73D
:100F7000A5FE68680222310008F0D2F82800FFF7C9
:100F8000BFFE01AE89233370023CE4B20A3BFF3B53
:100F9000234373702800FFF791FE68680222310036
:100FA00008F0BEF82800FFF7ABFE02B070BD01AE3E
:100FB000CD233370C63B73702800FFF77FFE68684F
:100FC0000222310008F0ACF82800FFF799FE033C3C
:100FD000E4B2D6E770B582B00400062904D0072930
:100FE0002CD02DD8022600E0042601AD1D232B7045
:100FF0002000FFF763FE60680122290008F090F8E6
:10100000606801236A460532332108F039F8200070
:10101000FFF776FE9D232B706B780E2293433343AC
:101020006B702000FFF74AFE60680222290008F07A
:1010300077F82000FFF764FE02B070BD0626D4E703
:101040000826D2E730B583B0040001AD81232B70B0
:10105000803B6B70FFF732FE60680222290008F0C7
:101060005FF82000FFF74CFE0223A37203B030BDEF
:1010700030B583B0040001AD81232B707C3B6B70D5
:10108000FFF71CFE60680222290008F049F82000E2
:10109000FFF736FEC0232B7000236B702000FFF794
:1010A0000DFE60680222290008F03AF82000FFF7E0
:1010B00027FE0423A37203B030BD000010B5040066
:1010C000837A042B02D0837A032B09D18223DB009D
:1010D000E05C084BE35CC01A431E9841C0B210BDEF
:1010E000FFF7B0FF0A2002F087F92000FFF7C0FFEA
:1010F000ECE7C04611040000F0B583B004000F0017
:1011000015000193FFF7DAFF002850D0002F46D0DA
:10111000002D44D02A782C4BE35CE3182B498C46F5
:1011200063441B78043B9A4239DB274BE35CE318AA
:1011300063441B78033B9A4206DB234BE35CE318D2
:1011400063441B78043B2B701F4EA35D1902C91A20
:10115000103161182A780431380003F049FCA25D8F
:1011600013029B1AE3185B7C019A1370A25D1302B1
:101170009B1AE3181B7C089A1370A35D1802C01A0F
:1011800010302018FF22002103F02CFCA35DDBB2FD
:10119000022B0ED8A35D0133DBB20B4AA35420000F
:1011A000FFF78CFF002802D12378002B03D003B077
:1011B000F0BD0023F1E70649013322003C30FFF780
:1011C00053FD01232370F2E7110400000C0400001A
:1011D000D918001030B583B0040001AD81232B7005
:1011E0007B3B6B70FFF76AFD60680222290007F005
:1011F00097FF2000FFF784FDC0232B7000236B7046
:101200002000FFF75BFD60680222290007F088FFDD
:101210002000FFF775FD0523A37203B030BD70B544
:1012200082B0040001AD81232B7003266E70FFF79E
:1012300045FD60680222290007F072FF2000FFF7D9
:101240005FFDC0232B70803B6B702000FFF736FDE5
:1012500060680222290007F063FF2000FFF750FDBD
:10126000A67202B070BD000030B583B0040001ADBD
:1012700081232B70013B6B70FFF720FD6068022219
:10128000290007F04DFF2000FFF73AFD0A2002F089
:10129000B3F801232B702000FFF710FD60680122D6
:1012A000290007F03DFF606801236A460532DD2111
:1012B00007F0E6FE2000FFF723FD6978802903D1BF
:1012C0000123A37203B030BD014804F015FEF7E717
:1012D0005093001070B582B004000D0001AE1E23C3
:1012E0003370FFF7EBFC60680122310007F018FF54
:1012F000606801236A460532002107F0C1FE200024
:10130000FFF7FEFC002D13D0737804210B4373709C
:1013100001AD9E232B702000FFF7D0FC60680222F5
:10132000290007F0FDFE2000FFF7EAFC02B070BDC7
:1013300001AA537804218B435370E9E770B582B05A
:10134000040015007F230B4001AE337066237370D9
:10135000FFF7B4FC60680122310007F0E1FE60682D
:1013600001236A460132662107F08AFE2000FFF75A
:10137000C7FC6B465B782B7002B070BD10B582B0B5
:1013800001AC22000121FFF7D9FF2178024804F0C7
:10139000B3FD02B010BDC0466C93001010B5040040
:1013A0000120002101F0F2FF227A01239340D02294
:1013B000120653610120002101F0E8FF10BD00007A
:1013C000F0B5CE46474680B58DB004000BAD1D2369
:1013D0002B70FFF773FC60680122290007F0A0FE64
:1013E0002D236B449846606801234246EE2107F0A6
:1013F00047FE2000FFF784FC6E78330999461E23D0
:101400002B702000FFF75AFC60680122290007F0CA
:1014100087FE606801234246012107F031FE20006B
:10142000FFF76EFC687803099C4601A9354B0A005A
:10143000C1CBC1C2C1CBC1C2C1CBC1C21B68136089
:101440004B469E0073589946022360465840C0B2EE
:1014500002F012FE00222C4B02F09FFD06000F004E
:10146000484603F0FDF902000B003000390002F09D
:1014700076FD02F049FE061C26232B702000FFF7A4
:101480001DFC60680122290007F04AFE6068012304
:101490004246022107F0F4FD2000FFF731FC6F788F
:1014A00008233A009A4390468321C905301C03F073
:1014B000D1F9002814D0A6232B7008233B436B706E
:1014C0002000FFF7FBFB60680222290007F028FEDE
:1014D0002000FFF715FC0DB0C0BCB946B046F0BD0A
:1014E0000BADA6232B7043466B702000FFF7E6FB85
:1014F00060680222290007F013FE2000FFF700FCBD
:10150000E9E7C04638A1001000408F4070B582B0B6
:1015100004002D4B994219DD2C4B994243DD2C4B95
:10152000994242DD2B4B994241DD2B4B994240DDE4
:101530002A4B99423FDD2A4B99423EDD294B994285
:101540003DDD294B99423CDC802600E0002601ADC0
:101550001D232B702000FFF7B1FB606801222900DA
:1015600007F0DEFD606801236A460532442107F07A
:1015700087FD2000FFF7C4FB9D232B706A788E3B0C
:10158000134033436B702000FFF798FB6068022222
:10159000290007F0C5FD2000FFF7B2FB2000FFF790
:1015A0000FFF02B070BD1026D1E72026CFE730260E
:1015B000CDE74026CBE75026C9E76026C7E770266F
:1015C000C5E79026C3E7C046781E0000A0280000AB
:1015D000F03C000040510000127A0000E4A200003C
:1015E00024F4000048E8010090D0030070B582B0F8
:1015F00004000D0006290CD9072937D0082937D057
:10160000092937D00A2937D00B2937D002D9C0256C
:1016100000E0602501AE1E2333702000FFF74EFB73
:1016200060680122310007F07BFD606801236A4693
:101630000532222107F024FD2000FFF761FB9E23E5
:10164000337072788F3B13401D4375702000FFF795
:1016500035FB60680222310007F062FD2000FFF7D1
:101660004FFB2000FFF7ACFE02B070BD7025D1E744
:101670008025CFE79025CDE7A025CBE7B025C9E7AA
:1016800070B582B0040000238222D2008354514AF4
:101690008354514A8354514A83548323DB00FA22F2
:1016A0005200C2520126067340684D4907F05EFCA5
:1016B000607A00F061FE207A00F05EFE637A32000C
:1016C0009A40D0231B069A62227A310091405962D7
:1016D0002000FFF715FB01AD81232B70013B6B70E0
:1016E0002000FFF7EBFA60680222290007F018FDDE
:1016F0002000FFF705FB0A2001F07EFE2E7020007F
:10170000FFF7DCFA60680122290007F009FD606834
:1017100001236A460532DD2107F0B2FC2000FFF705
:10172000EFFA6978802905D02E4804F0E5FB002007
:1017300002B070BD01AD8E232B7000236B70AB70B7
:101740002000FFF7BBFA60680322290007F0E8FCDD
:101750002000FFF7D5FA8C232B706C3B6B702000B8
:10176000FFF7ACFA60680222290007F0D9FC2000DC
:10177000FFF7C6FA92232B706D336B702000FFF7D2
:101780009DFA60680222290007F0CAFC2000FFF7DA
:10179000B7FA7D212000FFF7B9FE05212000FFF7F1
:1017A00019FC07212000FFF721FF08212000FFF787
:1017B00041FB0D492000FFF753FB0D212000FFF7EF
:1017C000C3FB01212000FFF785FD2000FFF73AFC55
:1017D0000120ADE711040000120400001304000012
:1017E00020A107005093001000C06444F0B5C64625
:1017F00000B50400114B9846C154114FC255C05C4E
:10180000C0B200F0B9FD4346E35C01252A009A40CE
:10181000D026360672624346E35C2A009A40726123
:10182000E05DC0B200F0A8FDE35D2A009A4072625C
:10183000E35D9D40756180BCB846F0BD15040000B5
:1018400016040000064BC35CDBB2FF2B06D0044B32
:10185000C25C01239340D022120693617047C046B8
:1018600016040000064BC35CDBB2FF2B06D0044B12
:10187000C25C01239340D022120693617047C04698
:1018800015040000064BC35CDBB2FF2B06D0044BF3
:10189000C25C01239340D022120653617047C046B8
:1018A0001604000010B50C000800FFF7EBFF002342
:1018B00063700020002110BD064BC35CDBB2FF2B20
:1018C00006D0044BC25C01239340D0221206536120
:1018D0007047C0461504000010B50C000800FFF763
:1018E000EBFF002323700020002110BD8323DB00C9
:1018F000C152704710B50023002004E0CC5C2018D2
:1019000080B20133DBB29342F8D3C04380B210BD42
:10191000F0B5C64600B582B0040001AD12232B70AD
:10192000FFF7DDF960680122290007F0F9FB6B463B
:101930005E1D606801233200772107F0A1FB2000C3
:10194000FFF72CFD6F781C232B702000FFF7C7F9E1
:1019500060680122290007F0E3FB60680123320080
:10196000882107F08DFB2000FFF718FD6E782A0014
:1019700001212000FFF7E2FCA37A042B21D0A37AF7
:10198000042B2ED0A37A052B2BD0A37A032B00D1C6
:1019900063E1A37A062B00D172E101AD92232B7093
:1019A0006D336B702000FFF79AF9606802222900FE
:1019B00007F0B6FB2000FFF7F1FC02B080BCB84690
:1019C000F0BD5B333A009A4301D17606D7D4822327
:1019D000DB00E35CE318B34A9446634400221A70C8
:1019E000DBE77B06D1D52000FFF73CFF01AD1323D9
:1019F0002B702000FFF773F960680122290007F0BF
:101A00008FFB6B465F1D606801233A00992107F048
:101A100037FB2000FFF7C2FC6A788226F600A35D40
:101A2000E318A0498C4663441A7010232B702000E1
:101A3000FFF755F960680122290007F071FB606823
:101A400001233A00AA2107F01BFB2000FFF7A6FCA8
:101A50008D232B702000FFF742F9606802222900D5
:101A600007F05EFB2000FFF799FC00232B70A35DBD
:101A7000E3188C4A944663441F78FFB22000FFF7B6
:101A80002EF960680122290007F04AFB002513E0C7
:101A9000606801236A460532002107F0F1FA01ABC4
:101AA00059788223DB00E25C13029B1AE3185B196E
:101AB00019740135EDB237007E1EF6B2002FE7D162
:101AC0002000FFF76BFC01AD19232B702000FFF7FE
:101AD00006F960680122290007F022FB05236B4408
:101AE0009846606801234246BB2107F0C9FA2000EE
:101AF000FFF754FC6B789B086B4EA3551A232B7091
:101B00002000FFF7ECF860680122290007F008FBCD
:101B1000606801234246CC2107F0B2FA2000FFF7AB
:101B20003DFC0122AA56614BE254A35D5BB2002B3F
:101B300075DB5E4D605D40B200010F2101F09AFF40
:101B400040B26055594AA35C63335BB2A35482230D
:101B5000DB00E35CE318534A944663441B78DBB232
:101B6000032B42D90432A15C0B025B1AE3181B7CE5
:101B7000DBB26373A15C0B025B1AE3185B7CDBB224
:101B8000A373A35C1902C91A14316118A35CE3188A
:101B900063441A78043AD2B22000FFF7ABFE627BAE
:101BA000E37A9A4243D0637BDBB2FF2B3FD08221A2
:101BB000C900625C13029B1AE3189A7C615C0B02F9
:101BC0005B1AE318DB7C1B02D318002B41D1822364
:101BD000DB00E35CDBB2022B04D88223DB00E75C92
:101BE0000137FFB28223DB00E75401AD90232B7055
:101BF00000236B702000FFF772F860680222290052
:101C000007F08EFA2000FFF7C9FBA37A052B00D05E
:101C1000C3E6033BA372264B0022E254BDE6A25D5D
:101C200052B22249635C9B185BB263548AE78222FA
:101C3000D200A15C0B025B1AE3189B7CA15C0A0238
:101C4000521AA218D27C12029B189BB28342AED1C8
:101C5000BDE72000FFF730FEC7E73B0700D498E65A
:101C60006378002B03D02000FFF702FA95E61149B4
:101C7000013322001420FEF7F7FF01236370F2E71F
:101C80007B0700D489E6FF07FF0F094BE754E35CAD
:101C9000002B03D02000FFF79DFA7EE62000FFF71F
:101CA000D1F97AE60C0400001304000012040000CD
:101CB00014040000A5180010F0B5D646474680B5BC
:101CC00087B00600039192461F001A005146FFF7A5
:101CD00011FE804601F052FB04000D003000FFF7BA
:101CE000B1FDB37A022B2ED0B37A042B2BD0B37A6A
:101CF000052B28D001F042FB001BA941FA229200DB
:101D0000002301F005FF8323DB00F35A9B00002230
:101D10008A42E6DC01D18342E3D8B17AC9B25048A5
:101D200004F0EAF87378002B04D03000FFF78AF94A
:101D300000208FE04B49013332001420FEF794FF5E
:101D400001237370F1E73000FFF77CF901F016FB17
:101D500000900191009C019D3000FEF7E3FF0028F8
:101D60003BD001F00BFB001BA941FA22920000239B
:101D700001F0CEFE8323DB00F25A93009B18002271
:101D80008A4209DD07F02AF9642101F073FE481C3C
:101D9000C11701F0FBFADFE78A4201D18342F1D893
:101DA0003000FFF7EBFA012001F026FB2E4804F08B
:101DB00074F83000FFF758FA7378002B04D0300025
:101DC000FFF740F9002045E0264901333200142096
:101DD000FEF74AFF01237370F1E704AC8D232370F3
:101DE000002363703000FEF769FF70680222210053
:101DF00007F096F93000FEF783FF80232370039BE2
:101E00006370F37AA3704346E3701B0A23713000BA
:101E1000FEF754FF70680522210007F081F9706811
:101E20003A00514607F07CF93000FEF769FFA22323
:101E300023703B1D63703000FEF740FF7068022284
:101E4000210007F06DF93000FEF75AFF3000FFF770
:101E5000E6F9012007B0C0BCBA46B046F0BDC046A6
:101E600080930010A51800109893001010B505205D
:101E700000F08AF8014B186010BDC04678110020B0
:101E800010B5FFF7F3FF10BDF8B5D646474680B54D
:101E900006000D001700984644002418A400294BA2
:101EA0009C4664446368089A934200D26260331F80
:101EB000DBB29A46012B2ED980221201C0239B014E
:101EC000E3181A60204BB200D158002907D0586996
:101ED00001F0F8FD013043001B18033BFDD27F01E8
:101EE00023685F40E0233B4080225201A218136028
:101EF0005346012B1AD980239B01E318802212013B
:101F00001A60089B6360104BB6004246F250C0BC9A
:101F1000BA46B046F8BD012DCED10322C0239B01A5
:101F2000E3181A60A368DB07FCD5D8E7216869408D
:101F300003230B401360A3680122AA401A42FAD07F
:101F4000D9E7C04600800040C81E0020F0B583B02D
:101F500005000E0017001800089901F0B3FD0300FA
:101F6000089A140200943A0031002800FFF78CFF11
:101F700003B0F0BD10B582B0802464000094FFF778
:101F800083FF02B010BD0000014B8000C0587047B5
:101F9000C81E002010B5084C230001220121052095
:101FA000FFF7E8FF054801F0CBFA230000220021EB
:101FB0000620FFF7DFFF10BD006CDC02008002404E
:101FC00010B58023DB05186803051B0D0B4A9342EF
:101FD00007D10B4B034080229201934207D1000F9F
:101FE00010BD084B084A0948222103F005FE084BA2
:101FF000054A0648232103F0FFFDC04627090000DB
:1020000000F0FF0FA493001060A10010C89300100F
:10201000109400100FB400B583B0084803F03DFFE2
:10202000049B002B07D005A90191180003F044FF81
:10203000034803F032FF012003F0D8FD2494001080
:1020400010930010EFF3108072B6034B1B68002B47
:10205000FBD0BFF35F8F70472C0100D0BFF35F8FC1
:10206000024B00221A6080F3108870472C0100D0C8
:10207000F8B506000C001500FFF7E4FFE308F718B9
:10208000F15C07222240012393400B4205D1DBB2D1
:102090000B433B70FFF7E2FFF8BD21002800FFF77C
:1020A000B9FFF0B583B00600019114001F00FFF7DF
:1020B000C9FF00E00134BC420CD8E308F518F35C1A
:1020C0000721214001228A401A42F3D1D2B21A4399
:1020D0002A7001E001246442FFF7C0FF002C02DBFC
:1020E000200003B0F0BD019B002BF9D00898FFF74A
:1020F00091FF000070B505000C00FFF7A3FFE30897
:10210000EE18EA5C0721214001238B40134204D0E2
:102110009A433270FFF7A2FF70BD034B034A044895
:10212000332103F069FDC0463494001074A10010FF
:1021300054940010054A1078431CDBB21370172B1F
:1021400002D9130010221A707047C0467C0D00207F
:1021500010B582B00100054C054B00931F231822D7
:102160002000FFF79EFF02B010BDC046C01E002039
:102170009C940010002307E0054A9A189200BFF3D0
:102180005F8F0021116001331F2BF5D97047C046C6
:102190004000003410B58300084A9A1814684022A1
:1021A000544080322240064CA44663441A60C0006A
:1021B000044B9C466044416010BDC04604C00140D1
:1021C00004D001400040014070B50400D0231B063C
:1021D0001D680D4BAA00D358002B0AD0002803D04D
:1021E000094BAD00EC5070BD08490D2000F0DAFA43
:1021F000F6E70028F7D0044BAD00E8500349002271
:102200000D2000F0C3F9EEE7A81E0020D92200102F
:10221000072303409B00C00899403C308000014BDD
:10222000C150704700400140F8B507000D0016008E
:102230001C00FFF7EDFFFB089B00E4180720384067
:1022400080008540002E05D080239B019C4664447D
:102250002560F8BDC0239B019C4664442560F8E7D7
:1022600070B506000D00141E0BD1D0231B061B6891
:10227000002B11D0094B220029003000FFF7D4FFBA
:1022800070BD0D2000F03AF90028EED1044B054A4C
:102290000548BD2103F0B0FC044BECE730410140A0
:1022A0002C95001084A10010E4940010004101401E
:1022B00070B505000E0014001800FFF785FF22001E
:1022C00031002800FFF7CCFF002C00D170BD0121A8
:1022D0000D2000F0F9F8F9E7F0B5D6464F4646462E
:1022E000C0B5D0231B061F681F4BBA00D3589846B1
:1022F000002F03D01D4B9946002626E01C4B994623
:10230000FAE7EB40DB0714D524090135002C1BD07C
:1023100033000833AB4217D90F231A0022409246EC
:102320002342F1D0134BBA00D358202DE9D4002317
:10233000E8E751462800FFF76BFF4346002BE3D048
:1023400051462800C047DFE708361D2E06D8F3089F
:1023500008339B004A469C583500D7E7E0BCBA4694
:10236000B146A846F0BDC046A81E0020304101403D
:10237000004101405C23002010B501238340D0229E
:102380001206936293610521FFF704FF10BD000060
:10239000074B9B68103080001950BFF35F8FBFF36D
:1023A0005F8F044B0021196082F310887047C0468C
:1023B00000ED00E0240100D00048704700E400E098
:1023C00010B5FFF7F9FF002302E0034A04C0013310
:1023D000072BFAD910BDC0468080808010B50388D5
:1023E000DA0A1C2A05D15B055B1502335B00C018B5
:1023F00010BD034B034A16210348FF3103F0FCFBD9
:1024000058950010E8A100107095001010B5091A39
:102410000B1F0A4A88180A4A904208D8C90706D4EE
:102420005B105B055B0D0748184380B210BD064B7F
:10243000064A08210648FF3103F0DEFBFC070000D6
:10244000FE0F000000E0FFFFB8950010DCA10010B7
:102450007095001010B5091A04394A08090B08D103
:102460004905490D064B0B430380064B134343803C
:1024700010BD054B054A10210548FF3103F0BCFB98
:1024800000F0FFFF00F8FFFFE8950010B8A1001072
:102490007095001001238340034A10681840431EC2
:1024A0009841C0B27047C04600E100E0002A05D064
:1024B000044BC0225200995019607047014A802392
:1024C000D150FAE700E100E010B50A001F230340F5
:1024D000012199404009FFF7E9FF10BD0123834026
:1024E000014A13607047C04600E200E0024B9B685F
:1024F00010308000C058704700ED00E010B5FFF7C5
:10250000F5FF002806D0044B984201D0012010BDF1
:102510000020FCE70020FAE7CD01001010B5FFF71E
:10252000E5FF044BC31A00202F229A424041C0B25B
:1025300010BDC046800D002070B504000D00EFF303
:10254000108672B60C4B1B68002BFBD0BFF35F8F5D
:102550002000FFF7CBFF094B984201D0A84205D1DC
:10256000320029002000FFF713FF70BD044B054A1D
:102570000548E72103F040FB240100D0CD01001005
:10258000F895001010A2001070950010F0B5DE460E
:1025900057464E464546E0B589B081460191150043
:1025A000EFF3108B72B66F4B1B68002BFBD0BFF3A1
:1025B0005F8F6D4B00269E57002E40DB7400A419E0
:1025C000A4006A4824180622A256674B1A70684B6A
:1025D0009A684B4610339B00D35898461B1A2F2BF2
:1025E0003BD9644B984531D105AF634B3B80634980
:1025F00073009A46981980005C4B9846404402301C
:10260000FFF704FF78805E4BBB80FF23BB71FD7139
:10261000019B0793330053449B00434407CF07C3F8
:1026200001231C43A0465A4641464846FFF7B0FEE8
:1026300009B0F0BCBB46B246A946A046F0BD514B1E
:10264000514A74215148FF3103F0D6FA504B4E4A9B
:10265000BD214E48490003F0CFFA012342469A4378
:102660009246101A0C2101F02DFA00290FD1534681
:102670000027DA79AA4212D90621595600290DDB22
:102680004A005218920039491F008B18F1E7414B5C
:102690003D4A8C213D48FF3103F0AEFA1F00002F68
:1026A0002ED005AB3C4A1A80813A5A800623FB564D
:1026B0000293002B17DA394805AB9A469880029AA4
:1026C0009A71DD71019A0792381D2100FFF79EFE75
:1026D000B880BE71254B7200921992009B18524629
:1026E00013CA13C39FE7381DFFF778FE010070007F
:1026F000801980001D4BC0180430FFF787FEDBE710
:1027000005AF1D4B3B801D49730002939B199B0035
:10271000164A90461A0042440392901CFFF776FE38
:102720007880039A101D5146FFF770FEB8801C4B4D
:1027300052464146521A524153431B0DBB71FD7123
:10274000019A0792029B9B199B00434407CF07C342
:10275000114B52461380813B538001231C43A046FA
:1027600061E7C046240100D0A4250020800D002090
:1027700000ED00E0CD01001000A1FFFFB00D002032
:1027800001BDFFFF30960010F8A1001070950010F9
:1027900058960010809600100148000001BD00000E
:1027A000AAAA0000F0B5CE46474680B583B0060021
:1027B0000D00EFF3108872B64F4B1B68002BFBD057
:1027C000BFF35F8F4D4B9A6834001034A300D75885
:1027D0004B4B9F4207D0AF4200D18AE00197494B53
:1027E000FB1A2F2B09D9424639003000FFF7D0FDE4
:1027F00003B0C0BCB946B046F0BD3000FFF74AFE9A
:10280000814600213000FFF75FFEBFF35F8FEFF3DB
:102810000581002901D08C4211D10123019C9C43E8
:102820000020A3689D4212D00622A256002A0DDB8A
:1028300053009B189B00334A2000D418F1E7324B19
:10284000324AFA213248FF3103F0D6F920009D4286
:1028500049D106256557002D2BDB2A4B6A005219FA
:1028600092009B189A68A260DA79E2719B795BB258
:10287000A371002B0FDA2748A080224B6A0052195F
:1028800092009B18244A11789971157049463000BE
:10289000FFF71AFEA7E7680040198000194BC0181F
:1028A0000430FFF79BFD0100231D1800FFF7AEFD6C
:1028B000E2E7002912D100280ED0FF238371174BC5
:1028C000838015490B78A3710E4A154BA41A6441F5
:1028D00063431B0D0B70D9E7094FF2E71149201D27
:1028E000FFF7B8FDD2E7104B084A09480F4903F03B
:1028F00083F9034F77E7C046240100D000ED00E0E4
:10290000CD010010800D002004970010C8A1001018
:102910007095001001BD0000A425002001BDFFFF3F
:10292000AAAA0000BA0D0020389700103B02000050
:10293000F8B5012202432D4BD31A2F2B28D8EFF3E1
:102940000583002B2BD0EFF3108472B62849096859
:102950000029FBD0BFF35F8F244D26490600761B6C
:1029600076417143090D4DB2234989689B00C958CE
:1029700091421AD00021032931D81C4B4A00521829
:1029800092009B189B795BB2AB421ED00131F2E7FB
:102990001A4B1B4A9D211B48890003F02DF91A4B45
:1029A000174A1848194903F027F9134A9268184939
:1029B000D150184B1A7882711D70BFF35F8F0C4B8A
:1029C00000221A6084F31088F8BD084B4A0056189C
:1029D000B6009E19FF27B7710F4AB280E9E70F4B87
:1029E000074AA2210748890003F006F9800D00205C
:1029F000240100D0AAAA000000ED00E040970010DA
:102A00009CA10010709500106897001077020000DC
:102A1000CD010010A425002001BDFFFF7497001018
:102A200010B582B00100074C074B0093052300222C
:102A30002000FFF736FB002801DB1F23181A02B025
:102A400010BDC046A82500207C970010024B9C4674
:102A500061448900016070474000003410B50400F3
:102A6000FFF768FB01002000FFF7F0FFFF23237151
:102A7000BFF35F8F10BD10B50400FFF75BFB0100D3
:102A80002000FFF7E3FFFF23237100236371BFF3EF
:102A90005F8F10BD10B50D4C09E00D4B0D4A0E486F
:102AA0001A2103F0A9F82000FFF7D8FF08340B4BD8
:102AB0009C4209D22368002BF5D0012BEDD12000D8
:102AC000FFF7D9FF0834F2E710BDC046980F002089
:102AD0009897001050A20010B8970010A00F002087
:102AE000034B9C46614489000160BFF35F8F7047D0
:102AF0004000003410B504000120FFF729FB01005D
:102B00002000FFF7EDFF10BD30B5846A151B0B1DCB
:102B10009B001B581B1B9D4204D3046A01238B405E
:102B2000234202D1043189000A5030BD0004084319
:102B3000704700000A4B1968EFF3108372B60A68F9
:102B4000002AFCD0BFF35F8F054A1268BFF35F8F86
:102B50000021116083F3108840BF002000217047DE
:102B600070250020F0B5DE4657464E464546E0B596
:102B700087B0EFF3058303221A409246AE4B9200D2
:102B8000D7583B78534507D1012352469340994685
:102B9000AA4B4A461A6025E1A94BAA4AAA489221A3
:102BA00003F02AF87A6973009B19DB009046984479
:102BB00043469C68DD68A54800F0AEFB001BA941B8
:102BC000002900DA16E1002D74DB43461B699B46A1
:102BD0009F4B9B454FD00823F85E4346598889B2E6
:102BE000FFF7A4FF43465969D84702900391029921
:102BF000039A0B00100013435CD013000A00002856
:102C000047DAA41A9D41009401954346009C019D1A
:102C10009C60DD600021595E002900DAEAE07869F5
:102C20004B005B18DB00C3189A68DB68A41A9D414F
:102C3000002D00DADEE039813D000835844604913C
:102C40002A000597B346009E019F049B002B2ADBB8
:102C50000023D45E63001B19DB0063449C68DD68BD
:102C600030003900001BA94100291CDB1A0000219B
:102C7000595E0491E9E743465B699B461B695846E8
:102C80009847002816D05B461A685B680292039347
:102C9000ADE76E4800F040FB029B039C1B184C41C3
:102CA00000930194B1E70499059F5E46434619805D
:102CB00016809FE0434600229B5E3B813A69EFF31A
:102CC000108372B611680029FCD0BFF35F8F022118
:102CD0007A5E41460A807E803A69BFF35F8F0021A9
:102CE000116083F3108885E03969EFF3108372B6C1
:102CF0000A68002AFCD0BFF35F8FB88800B20122B7
:102D00005242BA803A69BFF35F8F0021116083F3AA
:102D100010880500BC461CE0049300229A5E002A3D
:102D20000EDB049B0021595E4B005B18DB00634403
:102D30009868D96834003D00241A8D41002DEBDAE3
:102D400004995D46009B9C4644460D800023E55E49
:102D50002280002D12DB634658696C006419E40080
:102D60000419A668E7686146083108229A5EAB46F6
:102D7000049163460093A0468446D0E767463EE050
:102D80000023BB71390008310823F85E0EE00124EE
:102D90006442E5179460D56008243B5F834204D009
:102DA0000E8008243B5F138038813000431C29D0FB
:102DB0007C6943001B18DB00E218E65E53881BB2F7
:102DC000002BE4DB1100F0E722002B0051461F48E6
:102DD000FFF79AFE1D4800F09FFA241A8D41002D3E
:102DE00022DC1FD0194B4A465A630823FE5E002E90
:102DF00000DBD7E6BB881BB2002B00DB74E7BB7996
:102E0000002BBDD10823FA5E002A0DDB796953003F
:102E10009B18DB00CB189C68DD68631CD4D16B1C4D
:102E2000D8D0D1E7002CDDD040BF07B0F0BCBB4606
:102E3000B246A946A046F0BD4C2300203C70054098
:102E4000509800107CA200107C98001000400540B3
:102E5000652B001070B504000D0011000126AE4076
:102E600006622800FFF768FB01212800FFF72CFB12
:102E7000024B9C466444266070BDC046382000006A
:102E8000F8B5CE46474680B50600894690461F00F5
:102E9000C160FFF74FF9154B9C46604480003061DC
:102EA00043463370BBB27381D0221206127872701F
:102EB000012252423281B2809B187380002406E0C6
:102EC000621E736965002D19ED005A530134BC422E
:102ED000F6D3074B42469200D650064A4146484632
:102EE000FFF7B8FFC0BCB946B046F8BD400000349B
:102EF0004C230020652B001010B5064B1B69002BDE
:102F000001D0044810BD044B044A0548652102F075
:102F100073FEC046C80D0020BC98001064A20010CB
:102F20007C980010F8B504000569EFF3108072B6C4
:102F300029680029FCD0BFF35F8F0221665E6569B6
:102F400071008919C9006D18002E02DB0027E95FA6
:102F500061802169BFF35F8F00270F6080F31088C5
:102F6000002E2CDB0699296107996961AA60EB6044
:102F70006B8801335B04590C002B00D1012169805F
:102F80003000FFF7D3FD2169EFF3108372B60A68B2
:102F9000002AFCD0BFF35F8FA2882A80A680226916
:102FA000BFF35F8F0021116083F31088E3682178FD
:102FB00001228A4003498C4663441A60F8BD01200F
:102FC0004042FBE73C20000070B582B006001400D0
:102FD0001D0008AB1B78002B07D100F0CFF92200B1
:102FE0002B00121A8B41002B0ADB079B0193069BD7
:102FF000009322002B003000FFF794FF02B070BD59
:103000000020FBE7F0B5C64600B584B00500884651
:1030100016001F000AAB1C78FFF76EFF02940197A1
:1030200000962A004346FFF7CFFF04B080BCB846A5
:10303000F0BD000030B504000A1443899A422EDA2C
:10304000406953009B18DB00C3182569EFF3108219
:1030500072B628680028FCD0BFF35F8F588885B20D
:103060000904090C884212D000202369BFF35F8F46
:103070000021196082F31088002811D0E3682178BC
:1030800001228A4007498C4663441A6008E00649D9
:10309000294389B259800123A3710120E5E700206B
:1030A00030BDC0463C2000000080FFFF10B504008A
:1030B000FFF722FF2100FFF7BDFF10BD40787047EA
:1030C000F0B583B006000F00EFF30583002B1AD193
:1030D00006246442E517A4197D418D4202D803D12C
:1030E000844201D90024002500F048F922002B0079
:1030F000121A8B41002B0BDC08D03000390000F095
:1031000083F903B0F0BD1648FEF784FF002AF4D01F
:10311000144A0023009320002900FFF773FF0028C2
:1031200013DAEAE7104B1968EFF3108372B60A68F6
:10313000002AFCD0BFF35F8F0B4A1268BFF35F8F8A
:103140000021116083F3108820BF084B5B6A9D4209
:10315000E8D80649896AA142CFD29D42CDD1E1E7A4
:10316000E0980010352B001070250020004005402D
:1031700070B504000D0000F001F900196941002943
:1031800002DBFFF79DFF70BD012040420049F8E7D8
:10319000FFFFFF7F10B5FA2292000023002101F00B
:1031A00007FBFFF7E5FF10BDF0B5CE46474680B5FB
:1031B00083B005000C00EFF30583002B15D03F4BC7
:1031C0005B6A8B4209D33D4A926A82420BD28B42A0
:1031D00001D0012002E0002000E0002003B0C0BCCC
:1031E000B946B046F0BD0120F8E7FFF785FEC36899
:1031F0009946037898462E002700484600F08CF840
:1032000002000B00B61A9F41434604339B004A4616
:103210009B581B1A0022BA420FDC0CD020BF274B50
:103220005B6A9C422DD8254A926AAA422BD29C42C4
:1032300025D00120D2E7B342F0D9214A00230093E0
:1032400028002100FFF7DEFE00281EDD1B4B5B6A15
:103250009C4205D8194A926AAA4202D29C4200D1E5
:1032600020BFFFF723FF154B5B6A9C4221D8134A0E
:10327000926AAA421FD29C4219D00120AEE70020D8
:10328000ACE70020AAE70120A8E70C4B5B6A9C4250
:1032900009D80A4A926AAA4207D29C4201D0012068
:1032A0009CE700209AE7002098E7012096E700209D
:1032B00094E7002092E7012090E7C04600400540D7
:1032C000352B0010004870470040054010B50B4BEF
:1032D0001B69002B04D00A480A21FFF7B7FB10BD79
:1032E000FFF7F0FF0400032100F00CF8034810235F
:1032F00003222100FFF7C4FDEDE7C046C80D002002
:103300007025002010B5024A0248FEF7B1FE10BD3C
:1033100030990010C41E00200200436A906A190010
:10332000536A9942FAD17047416A00E0416A994272
:10333000FCD300E0416A994202D1816A9142F9D3FB
:103340007047F0B5C64600B5804614001D00FFF773
:10335000E3FF06000F0022002B0092197B419942E7
:1033600002D804D1904202D901225242D3174046DA
:10337000FFF7DAFF80BCB846F0BD000010B5024888
:10338000FFF7CAFF10BDC0460040054010B502005F
:103390000B000248FFF7D5FF10BDC04600400540B6
:1033A00010B5002905DB826A836A9B1A8B42FBD326
:1033B00010BD08000021FFF7E9FFF9E710B5040090
:1033C00008000C4B994208D84901091A89000918CC
:1033D000C9002000FFF7E4FF10BDFA22920000238D
:1033E000002101F0E5F902000B002000FFF7A9FF22
:1033F000F2E7C0469BC4200010B501000148FFF76A
:10340000DDFF10BD0040054010B502000B00024872
:10341000FFF78AFF10BDC04600400540F0B5C64624
:1034200000B504000E0017001D00374800F04AFBED
:103430008046364BFA18364B9A4239D8010038008C
:1034400000F040FB0200103A98235B009A4235D806
:103450006B1E062B38D8069B013B062B34D83F0940
:10346000474537D32D04069B1B031D432368002BC0
:1034700036DB284B9C4244D00C2201239340264A41
:103480001360264A1360264A1268190091430A1EE7
:10349000F9D12660A060234BE31821321A6022681C
:1034A000002AFCDAE56008221A6080BCB846F0BD4C
:1034B0001D4B1E4A1E48112102F09EFB1D4B1B4A4C
:1034C0001B48192102F098FB1B4B184A18481C2175
:1034D00002F092FB194B154A1548232102F08CFB90
:1034E00022683F231340B342C3D1A3681B051B0DC1
:1034F0008342BED1E368EE22D2021340AB42B8D180
:10350000D3E70D22B9E7C046001BB70080E84BD3D4
:1035100080F8A93200C0024000E0004000F0004006
:1035200008C00040043000005499001094A200101C
:10353000A4990010EC990010089A0010549A0010F9
:103540002D23436070470000024B1A68024B5A60FB
:103550007047C046242300200080054010B5184B5A
:103560008022D2051A60174B174A1A6000290AD028
:10357000164BE022D2041A60002809D1134B802296
:1035800012061A6010BD0E4BE022D2041A60F3E757
:1035900043011B1A9B001A18D2000D490A60181823
:1035A0000001086080235B04984201D3094A0A6045
:1035B000FFF7CAFF054B8022D2051A60E2E7C0463A
:1035C00000B0054008200140FCFF010000A00540BC
:1035D00024230020FFFFFF0010B5034B034ADA61EC
:1035E000FFF7BCFF10BDC046008005402131B76A1F
:1035F00010B5030010000C4A8024E4051460002B71
:103600000DD001221343094A094CD461094C5C4096
:103610001462516293620021FFF7A0FF10BD034BBB
:103620000022DA61F7E7C04600B00540008005409F
:10363000D3C007B02D3FF84F80239B000B43014AB6
:10364000D36270470080054010B5010018231B8825
:1036500014221088984710BD10B5010018231B884C
:1036600016221088984710BDF0B5C64600B5070071
:103670000E0000250123984600E00135B5420AD22C
:10368000AC003C192068FFF7DFFF20600028F4D170
:1036900000239846F1E7404680BCB846F0BD0000E4
:1036A00070B504000D000648FFF7CEFF0300002CA4
:1036B00003DB0120A040290098470020FBE7C0461B
:1036C00055420000074BAA2212011A608D225200B7
:1036D000DA60054B054A1A60024B5B68002BFBDA87
:1036E0007047C046004002400060024000B0FA004F
:1036F00010B50100024B1800FEF7FCFC10BDC046DF
:103700009C25002010B582B00100054C054B0093AC
:103710000B2300222000FEF7C4FC02B010BDC046FF
:103720009C250020709A0010074B98420AD016235F
:1037300001229A40054B1A60054B1B681100994302
:10374000FAD170471723F3E70080034000F00040F0
:1037500008C0004070B5046BE30701D4200070BDC1
:103760000B4BC3180B4A1A60456A836AAD01ED180A
:10377000AD020620FEF708FC074900F0A3F901009E
:10378000280000F09FF90021FFF700FEE6E7C046A1
:1037900030300000010300004E0E000070B5040040
:1037A0000E001500FFF7D6FFE36A5E403540024B7E
:1037B000E3181D60206370BD2C10000070B505007B
:1037C0000C000620FEF7E0FBC000210000F07AF9B3
:1037D0000130C60907D00E4B9E4215D84008340070
:1037E0003F26064000E001246C62AE620022002108
:1037F0002800FFF7D3FF0620FEF7C6FB8000A101DB
:10380000891900F05FF970BD0026024CECE7C04654
:10381000FEFF0000FFFF0000002909D00A22064B2E
:103820009C46604443425841044B4000C25270479A
:1038300080225200F3E7C0460080FCBF7C250020B8
:1038400070B504000D000620FEF79EFB00281ED078
:10385000104B9C421CD01622012393400E4A136049
:103860002000FFF761FF00212000FFF7D5FF2900AE
:103870002000FFF7A3FFE26A70235A400E33134083
:10388000064AA2181360064B23630323A36470BD8A
:103890001722E1E70080034000E000402C10000008
:1038A0000103000010B5040001E008CC9847024B6A
:1038B0009C42FAD310BDC046DC0F002070470000C8
:1038C00010B50248FFF7EEFF10BDC046A00F002064
:1038D000054B064A1A60064B064A1A60064B1A68E0
:1038E000044B9343FAD1704700E00040BFCDFBFE8C
:1038F00000F00040FE7F3C0008C00040044BDB6C41
:10390000002B03D1034B8022D2021A607047C046BD
:10391000000011504C201150044B054A1A60054B11
:103920001B68DB43DB01FAD17047C04600F0004062
:10393000FFFFFF0108C00040034B40229A675A670F
:103940001A67DA667047C04600F0014010B5FEF70E
:1039500011FC10BD70B5044DA968044CC0222000B4
:1039600001F046F8AC6070BD00ED00E00000002002
:1039700070B50420FEF708FB064900F0A3F8050027
:103980000024002C00DD70BDE0B22900FFF754FEDA
:103990000134F6E740420F0030B583B0274B0022D8
:1039A0009A67FFF78FFE264B01221A60234B5B6C50
:1039B000012BFBD1234B03221A60204B9B6B012B65
:1039C000FBD10133009304331F4A01211F48FFF745
:1039D00025FD052300931E4A01211E48FFF71EFD09
:1039E0001D4B002202210420FEF7C4FA1B4D2B00C0
:1039F000002201210520FEF7BDFA194C2300002208
:103A000000210720FEF7B6FA23000022002108203B
:103A1000FEF7B0FA8023DB00009323000022002190
:103A20000920FEF793FA2B00002200210620FEF762
:103A3000A1FAFFF79DFF03B030BDC04600800040F3
:103A40003CB0004030B00040002F68590080024078
:103A5000008C864700C00240001BB7004059730726
:103A6000006CDC0201480421014B1847E00D0020E6
:103A700069360010124A936F9B0815D29066D16682
:103A8000002905D0FFE7FFE7FFE7516F106F704790
:103A900004B580210906C2175140002800D0C84350
:103AA00005F01EFB002104BDF0B5146E556E576F76
:103AB000166FFFF7E3FF1466556657671667F0BD8C
:103AC000000000D0114A936F9B0813D21066516614
:103AD000002905D0FFE7FFE7FFE7516F106F704740
:103AE00004B5002801D00020C04305F0F9FA0021F8
:103AF00004BDC046F0B5146E556E576F166FFFF7D4
:103B0000E5FF1466556657671667F0BD000000D0E4
:103B100094464A4A926F9208624601D228E0C04613
:103B2000F0B5464E346E756E776F366F00F020F844
:103B30009446424A14665566576716676246F0BD5A
:103B400094463E4A926F9208624601D254E0C046C3
:103B5000F0B53A4E346E756E776F366F00F04CF8F4
:103B60009446364A14665566576716676246F0BD36
:103B7000002B24DB11D000293EDA00B5C9434042B6
:103B800000D1013100F038F8C943404200D1013181
:103B9000DB43524200D1013300BD002AEBD10028A3
:103BA00001D1002905D00020C90FC90701D1C043A8
:103BB000410800B505F074FA0022002300BD00B5ED
:103BC00000290ADBDB43524200D1013300F014F834
:103BD000C943404200D1013100BDC943404200D138
:103BE0000131DB43524200D1013300F005F8DB43E1
:103BF000524200D1013300BD002923D1002B18D13E
:103C0000002A0CD0BC460D4F38667A66002100238E
:103C1000FFE7FFE7FFE77A6F386F674670470028D6
:103C200001D00748010000B505F03AFA0022002350
:103C300000BD02000B00002000217047000000D0F2
:103C4000FFFFFFFF002B00D0BFE0130C28D1002A9C
:103C5000E7D080B4114F39667A66FFE7FFE730B4EA
:103C6000040C7B6F396F1B0423433B667A66FFE7C6
:103C7000FFE7FFE7C04684B27B6F3D6F1B04234321
:103C80003B667A66FFE7FFE7C04600232C042D0C55
:103C90007A6F386F00196941B0BC7047000000D0DE
:103CA000F0B594460025140E01D112020835140F08
:103CB00001D112010435940F01D192000235D40FC5
:103CC00001D152000135D40B0134254F7C66254CBF
:103CD0003C660E0C93B2FFE7FFE7FFE73C6F6643DD
:103CE000360C7703BE467343DF0B5B04C01AB94141
:103CF000130C7343DB18C91ACE086643360CB6445E
:103D000093B273431F0F1B01C01AB941130C7343C5
:103D10001F0B1B05C01AB941860D8F023E43664337
:103D2000360C092D24DB520A7243801A7703460AA7
:103D30006643360C16235B1BDE40DF40BF1964462A
:103D40006643821B7046043506330100D940A84003
:103D5000C01900D30131A24206D20023F0BD0000F9
:103D6000000000D0FFFFFFFF121B0130F3D3F1E78B
:103D700009277F1BFE406446A2B27243801A00D21C
:103D80000139220C7243130C1204821A99410B0060
:103D90007046043513370100F940A840801900D35C
:103DA0000131002B02D1A2420AD2F0BD013000D372
:103DB0000131121BFAD2013BF8D1A24200D2F0BD70
:103DC000013000D30131121BF7E7F0B51C0C00D015
:103DD00080E00CB400251C0A04D11B02160E3343EC
:103DE000120208351C0B04D11B01160F33431201BC
:103DF00004359C0B04D19B00960F3343920002358F
:103E0000DC0B02D192185B4101351C00971864410C
:103E10000134464F7C66464C3C660E0CFFE7FFE7DC
:103E2000FFE7C0463C6F6643360C7703BE4697B249
:103E30007743C01B00D20139C01B00D201399FB2A9
:103E40007743C91BC91B170C77437E04FF0B801BEC
:103E5000B941CE086643360C0C2D33DBB644120B49
:103E60001F053A431B0B97B27743C01B00D20139A1
:103E70009FB27743C91B170C77433E043F0C801B4E
:103E8000B941860D8F023E43664329277F1BFE40C2
:103E90000C3D7746AF40BF1930BCA2B2ABB2724303
:103EA0007343801A9941220C7243130C1204801A36
:103EB000994102000B000137001BA941F9D2781E7D
:103EC0000021F0BD0C277F1BFE4077467F0BAF40E3
:103ED000FF19E0E700245D1C07D0144F7D663966AA
:103EE000FFE7FFE7FFE7FFE73C6F95B29EB2654350
:103EF0006643401BB141150C1E0C654366433604F6
:103F00002F0C3E432D04401BB141994204D20200C4
:103F10000B0020000021F0BD01D19042F7D3801AA0
:103F2000994101349942F2D3F6E70000000000D035
:103F3000FFFFFFFF48404140484018B41B4B5B68FF
:103F4000FC46019308BD04DF2742001018B4174B4C
:103F50001B68FC46019308BD00DF31420010944607
:103F6000134A926F920809D2624618B40F4BDB686D
:103F7000FC46019308BD0CDFE94400100C4AF0B583
:103F8000146E556E576F166F6246FFF7EEFF084AC4
:103F90001466556657671667F0BD18B4034B9B68E7
:103FA000FC46019308BD08DF8D4300106C23002000
:103FB000000000D0FFB550404240504059404B40B7
:103FC000594000E0FFB5154F4C00640D03D0BC42D2
:103FD00004D10C0314D80020090D09055C00640D00
:103FE00003D0BC4204D11C030AD800221B0D1B05C0
:103FF00001264B4009D44B4003D58B4200D182426D
:10400000FFBD9942FCD19042FFBD0B43DB18034337
:104010001343F5D0C9434918FFBD0000FF07000056
:1040200000B5FFF7CFFF804100BDC04600B5FFF7E8
:10403000C9FF01D9002000BD012000BD00B5FFF778
:10404000B9FF01D9002000BD012000BD00B5FFF778
:10405000B1FF804100BD012040054A00121804D87C
:104060005A00121801D80020704701207047000044
:104070000021002805D17047C1174840401AFAD0E6
:10408000C90713B5064B1B6898470CBC441CA240DB
:104090001005120B0349091B09051943114310BDF3
:1040A0006C2400201F04000010B54C00620D80231A
:1040B000D218DB00D21A5B057E2A10DD9E3A13DA95
:1040C000CC170903490819435242D1406400013416
:1040D0001532202A05DAD0400843604310BD002085
:1040E00010BD0846604310BDC80FC018013810BD90
:1040F00018B4044B5B6AFC46019308BD24DF994663
:10410000001000006C23002018B4044BDB6FFC4649
:10411000019308BD7CDF1947001000006C230020CC
:1041200070B513231C78012C12D0012C12DC214B0A
:10413000214A93642148FFF787FA214B186070BD2C
:104140001C491D4A9800815001331F2BF8D9ECE718
:104150000023FAE71B48FFF77FFA05001A48FFF72C
:104160007BFA023803789B007F2B09DD12488022FE
:10417000290000F03DFC022C08D0022CDADCD6E746
:10418000124B134A1348332101F036FD124B1A88A3
:10419000B5231B029A4209D1104B1A88104B9A4240
:1041A00004D1104B1A88104B9A42E6D00020FDF73C
:1041B00031FFC046ED4100106C2300204C3300005D
:1041C0006C2400205344000053460000909A0010D5
:1041D000A0A20010D49A001054380000D838000073
:1041E000494600009C3800005946000007B560466B
:1041F000002800D100BE01880A0A0230DF2AFAD165
:10420000C9B2820804D3028840880004104300E049
:104210000068024A5050039007BD00006C23002044
:104220000FB403BC0CBCF0B50124E407634000E00C
:10423000F0B50C0DCF0F661E3605891B640503D340
:10424000C943404200D30131640D03D0661CF60A15
:1042500007D0E41B00207F00791C89078912803C6D
:1042600024031D0DDF0F6E1E36059B1B6D0503D34A
:10427000DB43524200D301336D0D03D06E1CF60AAE
:1042800007D0ED1B00227F007B1C9B079B12803D0B
:104290002D032F1B661B58D4A446202E46DA203748
:1042A0001400BC401D00BD40F24033412A43801839
:1042B0005941CB0F05D0C943C0430022644250414D
:1042C000514162464D0D28D10D0D07D100281FD058
:1042D000241940414941013A0D0DF9D0640006D33B
:1042E000013000D30131002C01D140084000013AD7
:1042F0000BD4941CE40A04D112051144DB071944C1
:10430000F0BDD907204B194300E0D9070020F0BDCC
:104310000029DDD1002CDBD1F0BD0132C6074008F9
:10432000CD0728434908002EE1D0D9E73C2E29DAF1
:10433000203E40371400BC4000D00124F24014431A
:104340001A00BB401C43D317ACE7AC46202F08DA59
:1043500020360400B4400D00B540F84039412843F0
:10436000A5E73C2F0CDA203F40360400B44000D0D3
:104370000124F84004430800B1400C43C117EAE7A8
:1043800010001900002494E70000F07FF0B50C0D38
:10439000661E3605891BE60A6405640D02D0651C9D
:1043A000ED0A04D0002001210905803C2403A44625
:1043B0001C0D671E3F05DB1BE70A6405640D02D078
:1043C000651CED0A04D0002201231B05803C240358
:1043D0007740644497B484B296B27443070C7E432A
:1043E000150C6F4380B26843361802D301200004D5
:1043F0003F183004350C00197D41844688B29AB2CA
:1044000050430C0C62431F0C7C438EB27E439219C6
:1044100002D301263604A4191604170C3618674176
:1044200001BC81B29AB25143040C62431B0C5C4341
:1044300080B25843121802D301200004241810043B
:10444000130C401863412D185E410020474106BC03
:1044500088B293B258430C0C6343120C544389B294
:1044600051435B1802D301210904641819041A0C82
:10447000091862416D1856410020474118BCF902E5
:10448000720D1143F0026A0D1043ED020A0D03D1C3
:104490006D1940414941013B124E9B1B7600B342CE
:1044A0000ED26D0007D301300026714166463543B8
:1044B00001D1400840001B05C918E4072144F0BDA4
:1044C0000BDA013306D1013004D101314F0D01D097
:1044D0004908F2E7E1070020F0BD01363105002070
:1044E000EBE70000FF030000F0B51C0D671E3F0561
:1044F000DB1BE70A6405640D02D0661CF60A04D0D3
:10450000002201231B05803C2403D0252D06002614
:10451000F6432E661E096E66CE0FF619B4464900A4
:104520004F0D02D07E1CF60A03D000200021403F30
:104530003F033E1BB600B444013F7F05C91B490839
:104540002E6F013676089C02950D25437543ED13B9
:104550007543AD1301356D10F603761B0CB4CC0218
:10456000450D2C43A2B2B3B25A43270C7B43350C02
:104570006F43A4B26C431B1902D3012424043F19D6
:104580001C041D0CA4187D4124196D41009A91B2A0
:10459000ACB26143170C7C432B0C5F4392B25A437D
:1045A000A41802D301221204BF182204230C5218AB
:1045B0007B41019C6C431B19520ED9010A434401F3
:1045C000A01A81B2B2B2514303145A43360C73435A
:1045D00087B27743D617D21900277E4136049B193C
:1045E0001704160C7F185E417316ED18F3010026B0
:1045F00080337541A90F06D16400690AE8055B0A9A
:10460000184309D22FE00422944480337541A90A4B
:10461000A8059B0A184326D3404149412404009A27
:10462000019B0D005543641B4343E41A95B286B2C7
:104630007543170C7E43030C5F4392B25A43B6187E
:1046400002D301221204BF183204330C52197B41E9
:1046500052429C41002C02D40022013051414008BA
:10466000CA071043490802B06246D7079210084BA8
:10467000D218084B9A4203D212058918C919F0BD05
:104680000020002A01DC3900F0BD01331905F5E7EF
:10469000FD030000FE070000002200B5203200F0FC
:1046A00004F8080000BD000000220B150AD410B564
:1046B000944600F05FF81414013400DA0021CB179F
:1046C000144C20470020002170476244343A0CD437
:1046D0000C2A07DA04009140904052422032D44024
:1046E000214310BDD843D94310BD203207D40C4616
:1046F0009440524220321141D040204310BD080066
:10470000C917203203D452422032104110BD180084
:10471000190010BDCB4600104A00520D144BD21A9E
:1047200013DDFF2A1EDAD205CB0FDB071A43C300C5
:10473000400F0903490A084310435B0001D301D02D
:10474000013070474308FBD2704702D0C80FC00742
:1047500070470A0312130132F8D1420F072AF5D12C
:10476000012200E0FF22C80F00028018C005704738
:10477000800300000A0DCC0F531E1B05C91A5205F9
:1047800003D3C943404200D30131520D03D0531C1F
:10479000DB0A07D0121B00206400611C8907891204
:1047A000803A1203014BD21A70470000FF03000049
:1047B00051434343C9188C46110C83B24B4310B488
:1047C000040C614392B280B2504362431C041B0C40
:1047D000001910BC59411304120CC0185141614416
:1047E0007047000007B548404140484001E0C046DE
:1047F00007B54200120E03D0FF2A03D1420218D897
:10480000C00DC0054A00120E03D0FF2A03D14A0290
:104810000FD8C90DC9050122414005D4414001D539
:10482000814207BD884207BD0143491801D0C043FA
:10483000001807BD00B5FFF7DBFF01D9002000BD60
:10484000012000BD00B5FFF7CDFF01D9002000BD5C
:10485000012000BD00B5FFF7C5FF804100BD00008D
:10486000034BDB6FFC4618477CDFA54900100000B6
:104870007024002070B513231E782A48FEF7ECFE42
:104880000500012E11D0012E09DDAB1E1B789B0007
:104890007F2B40DD24488022290000F0A9F823481E
:1048A000FEF7D2FE224B186070BD1F48542229002B
:1048B00000F09EF81F4B1A881F4B9A421CD1A72369
:1048C0009B011A881D4B9A4216D11D4B1A881D4B0D
:1048D0009A4211D11C4B1A8894239B019A420BD106
:1048E0001A4B1A881A4B9A4206D11A4B1A681A4B5D
:1048F0009A4201D1152307E01848FDF78BFB184CAD
:10490000094A99008C5001331F2BF8D9144B064AE1
:104910001362D361B7E7134B134A1448422101F0E5
:104920006BF9C04653460000702400204C33000051
:104930006C240020EE290000C40F0000C20D00000E
:10494000962B0000C0B50000182B0000CC2A0000F8
:1049500010B50000FC2C000051ED8764549200104B
:10496000714900102C9B0010B4A20010609B001035
:1049700007B56046002800D100BE01880A0A02304F
:10498000DF2AFAD1C9B2820804D302884088000421
:10499000104300E00068024A5050039007BD000039
:1049A00070240020C30FDB0741000A0E07D0FF2A46
:1049B00008D00909054A89181943400770471900AA
:1049C000002070470249C918FAE7000000000038CB
:1049D0000000F07F01480421014B1847F00D002032
:1049E00069360010014B1B6818470000F00D0020CD
:1049F000014B5B6818470000F00D0020704710B5B0
:104A0000002802D00B684968984710BD01000020BB
:104A100007E083001B185B00501C08601078C0186A
:104A200030380A681378303BDBB2092BF1D9704774
:104A3000F0B5DE4657464E464546E0B583B0934650
:104A40001F000C9B9A460D9C0E9B99460F9B9B0743
:104A500017D0B8460F00060022E0551C4B464146D1
:104A60002020B84701342A00B442F6D33D004F4617
:104A70005C46019B9B46B1464646B84637002E0031
:104A80000EE00192A34688464E46B9460700EBE782
:104A9000013C551C5346185D43463900B0472A0077
:104AA000002CF5D135003E0047460F9B9B0711D4E3
:104AB000100003B0F0BCBB46B246A946A046F0BD0C
:104AC000541C4B4641462020B8472200531BB3429A
:104AD000F6D3EDE7B0464E46B9462F005D46F5E702
:104AE000F0B5CE46474680B585B0944698460C9DB5
:104AF0000D9C0EAB1B789946109A119B129EB7071E
:104B00001CD4002B0CD0F7070AD54F46002F02D13A
:104B10000C37374204D0013B02E030272F550134D7
:104B2000944201D21F2CF8D9F70707D59C4205D231
:104B30001F2C03D830272F550134F5E7F70612D57F
:104B4000770505D4002C03D0944221D09C421FD07D
:104B50000F9A102A2FD00F9A022A36D01F2C0AD86B
:104B600030222A5501341F2C05D84A46002A32D05B
:104B70002D222A5501340396029301940095434651
:104B80006246FFF755FF05B0C0BCB946B046F0BD60
:104B9000621E012C17D00F9F102F0BD014000F9AFC
:104BA000102AD8D1B206D6D51F2CD4D858222A55CF
:104BB0000134D3E7023CB206F1D41F2CEFD878229F
:104BC0002A550134CAE71400C2E71F2CD3D860323B
:104BD0002A550134C2E7720703D52B222A55013426
:104BE000C9E73207C7D520222A550134C3E7F0B5FB
:104BF000DE4657464E464546E0B593B081468A4666
:104C0000089209931CAB10CB1B789B461E9D219BE1
:104C10009846002C03D1102342469A4390468023A5
:104C2000DB0046461E4042461A4218D0002C22D0D5
:104C3000002614E0424692061BD54121C918C9B28C
:104C40000A39C9B2771C0AAB995529002000FEF732
:104C500039FFAC4210D31F2F0ED83E0004002900AC
:104C60002000FEF72FFFCBB2092BE3D83033D9B2A7
:104C7000E8E76121E2E7270043460693209B05937E
:104C80001F9B049303955B46029301970AAB009325
:104C9000099B089A51464846FFF722FF13B0F0BC23
:104CA000BB46B246A946A046F0BDF0B5DE46574623
:104CB0004E464546E0B597B00A900B910C929A4645
:104CC000209B9946219F22AA13789B46249B0993F7
:104CD000259C289B98464A463A4302D1103293437A
:104CE00098468022D20045461540434613420AD0DA
:104CF0004A463A4341D000252E0053460D934D4677
:104D0000099B9A4621E02E0053460D934D46099B80
:104D10009A461AE04246920623D54122D218D2B2D0
:104D20000A3AD2B2731C99460EAB9A5552462300EA
:104D300028003900FEF704FFBC4220D813D04B46B0
:104D40001F2B16D84E4605000F00524623002800A0
:104D50003900FEF7F5FED3B2092BDBD83033DAB2D7
:104D6000E0E76122DAE7AA45E9D94E460D9B9A466B
:104D700008E04E460D9B9A4604E0002602E04E46AF
:104D80000D9B9A4643460693279B0593269B0493C7
:104D9000099B03935B46029301960EAB0093534627
:104DA0000C9A0B990A98FFF79BFE17B0F0BCBB4614
:104DB000B246A946A046F0BDF0B5DE4657464E467F
:104DC0004546E0B591B0804689460C929A461A9CB9
:104DD0001B9D22002B0020002900FFF73CF9002832
:104DE00000D0F2E001225242D54B20002900FFF70B
:104DF0002DF9002800D0E8E001225242D14B2000DA
:104E00002900FFF70DF9002800D0DEE00022002382
:104E100020002900FFF704F9002800D0EAE00694FA
:104E200007958023DB001E9A1A400D921E9A1A42A3
:104E300001D106231C930698079902000B000892E3
:104E4000099303000A00024300D1DFE0080D40058A
:104E5000400DBD4EB4466044079E3203120B1E0047
:104E6000BA4B13431F00FFF707F9B94AB94BFFF7D5
:104E700094F8B94AB94BFFF769F8089009910022F4
:104E8000B74B30003900FFF758F8B64AB64BFFF77A
:104E900084F802000B0008980999FFF757F8FFF70C
:104EA00003F98346FFF7E8F806000F00AF4AB04B5E
:104EB000FFF773F80022AF4BFFF748F8FFF7F4F85D
:104EC0000890AD4AAD4B30003900FFF766F8060098
:104ED0000F000898FFF7D0F8A94AAA4BFFF75DF832
:104EE00002000B0030003900FFF727F806000F0022
:104EF00002000B00FFF751F80A900B91089BA24AA1
:104F00009446634400210022089109921B050993ED
:104F10000023089332003B0030003900FFF716F8F9
:104F20000E900F9132003B0000208021C905FFF751
:104F300004F806000F000022944B0A980B99FFF723
:104F40000EF80022924BFFF701F802000B000A98BE
:104F50000B99FFF704F800228E4BFEF7F7FF0200D3
:104F60000B000A980B99FEF7FAFF02000B003000C5
:104F70003900FEF7EBFF02000B000E980F99FEF7C9
:104F8000EEFF0022714BFEF7E1FF089A099BFFF745
:104F900004F806000F0008960997069A079BFFF78A
:104FA00055F800280BD001235B429C46E3440022C5
:104FB000774B30003900FEF7D2FF089009915B462D
:104FC0006333C62B45D8042623E01E9B04931D9B08
:104FD00003931C9B02930094019553460C9A4946F7
:104FE000404600F0FBF811B0F0BCBB46B246A94603
:104FF000A046F0BD0021002206910792069480236E
:105000001B069C46AC44634607930AE700239B4675
:1050100004261E9B1B0528D5089A099B19001143DD
:105020000FD05D4A5D4B06980799FFF707F80028F7
:105030007AD000225A4B06980799FEF7F1FF002814
:1050400072D01C9B5B4506DD5A469B1A013B1C93A4
:1050500003E00526DDE700231C938023DB001E9A76
:105060001A431E92002600239B461D9B9E4265D23A
:105070009F1B02231E9A1A400A921E9A134202D0C4
:10508000002E00D000275B46002B07D0089A099B12
:1050900006980799FEF763FF069007910022002308
:1050A00020002900FEF7BCFF002800D07CE03D4B2B
:1050B0001E9A1340049303971C9B0293069B079C24
:1050C0000093019453460C9A4946404600F086F8F6
:1050D000002E00D187E71E9B9B0671D54525441CF9
:1050E0005346020049462800C0475A46D317D218F3
:1050F0005A4005230593013E0496002303930A3387
:1051000002935B46DB0F019300925346220049460F
:105110004046FFF76CFD0A9B002B00D163E70200BD
:1051200047460C9E1D9D53E01C9B002B9DD00D9B64
:10513000002B9AD01C9B013B1C9396E7002798E715
:10514000FFFFEF7FFFFFEFFF01FCFFFF0000F03FDD
:10515000FB799F501344D33FB3C8608B288AC63F66
:105160000000F83F61436F63A787D23F71A37909BD
:105170004F930A400000E03F1655B5BBB16B0240AB
:10518000EF39FAFE422EE63FFF03000000002C40FC
:1051900000002440000018402D431CEBE2361A3F6B
:1051A00080842E41FFF7FFFF069C079D2200290007
:1051B00080200006844661440B000692079376E740
:1051C00065258CE7541C534649462020B8472200E9
:1051D000931BAB42F6D3100005E7C046F0B5DE46A0
:1051E00057464E464546E0B595B006900791934622
:1051F0009946209F1E9A1F9B10001900FEF72BFF57
:10520000002831D101225242BC4B1E981F99FEF753
:1052100007FF002837D101225242B94B1E981F992F
:10522000FEF714FF00283DD10022B64B1E981F99AF
:10523000FEF70CFF00284AD10022B34B1E981F999D
:10524000FEF7EEFE002842D1002200231E981F998F
:10525000FEF7E6FE00284AD100239846229B5B0514
:1052600000D4B0E0002452E0229B0393219B0293E0
:1052700003230193A54B00934B465A460799069882
:10528000FFF7D6FB08E1229B0393219B02930423A3
:1052900001939F4B00934B465A4607990698FFF798
:1052A000C7FBF9E0229B5B070ED59A4B042222999B
:1052B000039121990291019200934B465A46079916
:1052C0000698FFF7B5FBE7E0934B0322EFE7229B3D
:1052D0000493219B039302971E9B1F9C00930194B0
:1052E0004B465A4607990698FFF766FDD4E01E9A8A
:1052F0001F9B00200021FEF720FE1E901F9101231E
:105300009846ABE70CAB30221A55013F01341F2CF5
:1053100001D8092FF6D81E981F99FEF7C5FE050083
:10532000FEF7AAFE02000B001E981F99FEF705FE6D
:105330007A4BFA009B181A685B680A920B93FEF787
:105340002CFE08900991FEF7D3FE0600FEF790FEB2
:1053500002000B0008980999FEF7EFFD08900991EB
:1053600000226F4BFEF772FE00282ED0013630006F
:10537000FEF77EFE02000B000A980B99FEF756FE20
:10538000002801D001350026002F2CD12800FEF77F
:1053900073FE02000B001E981F99FEF7CEFD06005B
:1053A0000F0000225E4BFEF73BFE002846D1002294
:1053B0005B4B30003900FEF749FE00283ED1EB0779
:1053C0003CD501353AE006274CE70022544B0898BB
:1053D0000999FEF725FE0028D6D1002E01D0F3074B
:1053E000D2D50136D0E7AA461F2C11D8013F0A2199
:1053F0003000FEF767FB651C30310CAB19550A21F4
:105400003000FEF75FFB092E0ED906002C00EBE7FB
:1054100055461F2C0CD87B1E002F09D00CAA30211A
:1054200011551F000134F4E72B0055461C00F0E72E
:105430001F2C03D80CAB2E221A5501341F2C10D868
:105440000A212800FEF716FB661C30310CAB1955FB
:105450000A212800FEF70EFB051E01D03400EDE7FF
:1054600034000323229A1340012B1CD01F2C06D892
:105470004346002B32D00CAB2D221A550134229B0F
:105480000393219B029301940CAB00934B465A4625
:1054900007990698FFF7CCFA15B0F0BCBB46B246A8
:1054A000A946A046F0BD219B002B13D04346002BFC
:1054B00002D10C3313420FD0219B013B21931900E1
:1054C00003E00CAB30221A5501348C42CED21F2C93
:1054D000F7D9CBE72199F8E72199F6E7229B5B07FB
:1054E00004D50CAB2B221A550134C8E7229B1B07AD
:1054F000C5D50CAB20221A550134C0E7FFFFEFFFE2
:10550000FFFFEF7F65CDCD4165CDCDC1049C00107F
:10551000089C0010F89B0010009C0010B8A400101C
:105520000000E03FF0B5DE4657464E464546E0B542
:1055300093B007008A4693461193002900D12CE3CB
:10554000002508E06C1C5B462A005146B847119BB9
:10555000013311932500119B1878002800D11EE318
:105560002528EFD1013311930023180020E00123F7
:10557000184301321192012418E00223184301322A
:105580001192012412E004231843013211920124E4
:105590000CE00823184301321192012406E0102385
:1055A000184301321192012400E00024002C09D09C
:1055B000119A1378203BD9B21029F6D88B00C44930
:1055C000CB589F468146119B1A781300303BDBB2C3
:1055D000092B10D92A2A13D00B94119B1A782E2A42
:1055E00020D0119A1378683BD9B2122965D88B0064
:1055F000B849CB589F4611A8FFF708FA0B90ECE783
:105600001C9B1A1D1C921B68002B04DB0B93119B27
:1056100001331193E1E702220100114389465B4205
:105620000B93F4E78022D2004946114389465A1C65
:1056300011925A781300303BDBB2092B0BD92A2A7E
:10564000CFD11C9B1A1D1C921C68002C08DB119BDF
:1056500001331193C5E711A8FFF7D8F90400C0E79B
:105660000024F4E780235B0049460B43511C119151
:1056700051786C2901D099461FE0C0239B00494610
:10568000194389460232119217E0802349460B43A1
:10569000511C11915178682901D099460DE0C02321
:1056A0004946194389460232119206E080235B0085
:1056B00049461943894601321192119B187867288F
:1056C0001CD8252800D25EE20300253BDAB2422A2C
:1056D00000D958E29300804AD3589F4680239B000C
:1056E00049461943894601321192E6E780235B005F
:1056F00049461943894601321192DEE7782800D9DC
:1057000041E2692800D23EE20200693AD2B20123A6
:105710009340724A134210D11A0600D50CE25B0581
:1057200000D430E21C9B1A1D1C921E68002C00D075
:10573000BAE101225242330096E16F2842D005D8E7
:10574000582841D0622803D1022606E078283DD0AF
:1057500010234A469A4391460A26582838D0692889
:1057600005D0642803D00C224B46934399464B4600
:105770005A0502D501229343994669282DD0642801
:105780002BD04B469A0500D5AAE0DA0500D5C2E039
:105790005A0600D4D3E01C9A111D1C911168FF22F7
:1057A0000A404B4605930B9B0493039402960023F7
:1057B000019300925B462A0051463800FFF717FA22
:1057C00005002AE00826C8E71026C6E71026C4E729
:1057D00020224B4613439946C1E74B469A0520D4F5
:1057E000DA0551D45A0666D51C9A111D1C91116810
:1057F000FF220A40D017111841404B4605930B9BDE
:10580000049303940296D20F019200915B462A0002
:1058100051463800FFF7EBF90500119B0133119356
:1058200099E61C9A073207218A43110008311C911E
:10583000116853689C46DB170C930D930C9A0D9BD3
:10584000100048400E900D9B61464B400F930E9800
:105850000F990C9A0D9B801A99410E900F914B460F
:1058600008930B9B079306940496002305936346C5
:10587000DA0F0292009001915B462A0051463800EF
:10588000FFF713FA0500C8E71C9A111D1C91126856
:10589000D0171118414005930B9B04930394029673
:1058A000D20F019200915B462A0051463800FFF763
:1058B0009EF90500B1E71A0605D51C9A111D1C9129
:1058C0000023D25E96E71C9A111D1C91126891E785
:1058D0001CA3001060A30010ACA3001041900000B6
:1058E0001C9A073207218A43110008311C91089342
:1058F0000B9B079306940496002305930293536829
:105900001268009201935B462A0051463800FFF767
:10591000CCF9050081E71C9A111D1C9105930B9B86
:1059200004930394029600230193136800935B464B
:105930002A0051463800FFF75AF905006DE71A06AC
:1059400006D51C9A111D1C9112681204120C28E72E
:105950001C9A111D1C91126823E746281AD01C9B23
:105960000733072293431A0008321C924A460492D6
:105970000B9A039202941A685B68009201935B464B
:105980002A0051463800FFF729FC0500119B01331E
:105990001193E0E520234A461A439146DFE7672842
:1059A00001D0472804D180231B014A461A4391465F
:1059B000452801D0472803D120234A461A4391465F
:1059C0001C9B0733072293431A0008321C924A4655
:1059D00004920B9A039202941A685B6800920193F6
:1059E0005B462A0051463800FFF7E6F90500119B97
:1059F00001331193AFE502234E461E404A4613423F
:105A00001ED001241C9B1A1D1C926A1C90461878FB
:105A10005B462A005146B847002E14D1119B013332
:105A20001193454697E5551C5B4651462020B847E3
:105A300023002A005C1C0B999942F4D81500E1E779
:105A400001232A00F6E7424606E0561C5B46514613
:105A50002020B8472C003200651C0B9BA342F4D8D1
:105A60009046DBE701330A001978002902D0511E65
:105A7000002AF7D19B1B8022D2004946114088465C
:105A80004946114202D0A34200D9230002224946CE
:105A90001140109149460A4208D02A002500994633
:105AA0003B004746984626E0220044E6A1462A00ED
:105AB0005146B2460E0006E0551C5B4631002020E0
:105AC000B84723002A005C1C0B999942F4D81500B2
:105AD00022004C46330056469A4691462A0025003D
:105AE0003B004746984606E01D000136541C5B46C5
:105AF0005146C04722003078002804D0002FF4D04F
:105B00006B1E002DF0D115004B464746109A002A17
:105B100003D1119B013311931DE50B9E2A0006E072
:105B2000551C5B4651462020B84723002A005C1CC8
:105B30009E42F5D81500ECE721234A461A4313008C
:105B40001C9A111D1C911268059308230493039459
:105B5000083302930023019300925B462A005146CA
:105B60003800FFF744F80500119B01331193F2E46C
:105B70006C1C5B462A0051462520B847119B013317
:105B800011932500E7E46C1C5B462A005146B84798
:105B9000119B013311932500DDE40A4FD0E45D45EC
:105BA0000DD35B465A1E5B4651460020B84728007D
:105BB00013B0F0BCBB46B246A946A046F0BD2A00D1
:105BC000F1E7C046FD49001010B584B00C0002A9F1
:105BD00002904C6001240448009313006242FFF7D6
:105BE000A1FC04B010BDC046FF49001000BEFDE797
:105BF00010B5FFF7FBFF000030B583B00D001900B2
:105C0000002A0BD0074B084C019200932B00020096
:105C1000200000F071F90120FFF7E8FF034B1A00A4
:105C2000F1E7C046109C0010209C00105492001018
:105C300010B5EFF30583002B00D000BEFDF740FE4A
:105C4000034C01E008CC9847024B9C42FAD310BDAC
:105C5000DC0F0020EC0F002010B50300080011003D
:105C60001B68984710BD0000F8B507000D0016002E
:105C7000437D002B02D0002400200CE003681100BB
:105C8000280098472DE03B7D10E03B681548022135
:105C90009847601C0134B44214DA002CF3DD2B1950
:105CA000013B1B780D3B5A425341DBB22A5D0A2A65
:105CB000F0D1002BEED1A042E7DA3B68211A281878
:105CC0009847E2E7B04203DA3B68311A2818984750
:105CD000002E06DDAD19013D2B780D3B5A42534194
:105CE0003B75F8BD08A5001070B505000368002BD2
:105CF00016D00C4B1C6805E0290004C92000FFF7F2
:105D0000B3FF2469002C09D02368002BF9D0064B7F
:105D10001B68002BF0D0A342F3D1EDE700232B60EA
:105D200070BDC046181F0020201F002070B5050060
:105D30000C000B68802B05D023685A1C2260E418E5
:105D4000257170BD0800FFF7CFFFF5E710B5FDF72F
:105D500015FB074A002312184B41002B03DB0548B3
:105D600003F0E6F910BD01225242034BF7E7C046AB
:105D700040420F00980F0020FFFFFF7F10B5024840
:105D800003F086F910BDC046980F0020F0B5CE464E
:105D9000474680B583B006000D0090461C00FFF713
:105DA000D5FF81466B1C05D0002C08D0184F194B2D
:105DB0001C6807E0300003F02BF90500F4E7164FEC
:105DC000F5E72469002C17D02368002BF9D0134B7A
:105DD0001B68002B01D0A342F3D12A003100200020
:105DE000B8474346002BECD06B46D91D0A230B70F5
:105DF00001222000B847E4E74B46002B05D12800DC
:105E000003B0C0BCB946B046F0BDFFF7B7FFF6E738
:105E1000695C0010181F0020595C0010201F002032
:105E20000A4A136802E01A0010321B69002B09D0DD
:105E300013688342F7D1002907D103691360002357
:105E4000036102E0002900D010607047181F002095
:105E500010B5064B1C6800E02469002C04D0636870
:105E6000002BF9D09847F7E710BDC046181F002057
:105E700010B500F053F900F0F3FA012010BD10B591
:105E800082B004006B46D81D04700123002201215A
:105E9000FFF77CFF200002B010BD70B5050003F0D5
:105EA000B7F804000123012201002800FFF76EFF6C
:105EB000FFF7CEFF200070BDF0B5A3B004000E00C8
:105EC000FFF744FF050001AF0023019309483300A9
:105ED00022003900FFF778FE04003800FFF704FFC6
:105EE000FFF7B6FF002D02D1200023B0F0BDFFF771
:105EF00045FFF9E72D5D00100FB400B583B004A98C
:105F000001C90191FFF7D8FF03B008BC04B01847DE
:105F100010B582B00C00144BC3185A425341134AB7
:105F20005B009B5E8B4204D06B46DA1D147000212F
:105F300015E06B46DA1D0D23137000210029F3D103
:105F400083699B06FCD41378036001310132F5E7C5
:105F500083699B06FCD41378036001310132002968
:105F6000F6D002B010BDC0460080FCBF7C250020EA
:105F700082B000226B46D91D06E08369DB06FCD4A3
:105F800003680B7001320131002AF6D06B46D879D4
:105F900002B0704770B506000D00002405E0315DC9
:105FA000034B1868FFF7B4FF0134AC42F7DB70BD58
:105FB00080250020F8B506000D00002705E07C1CB8
:105FC000F719FFF7D5FF38702700AF4204DA0D4A02
:105FD00010688269D206F2D50B4A1268002A0AD0EC
:105FE000084A126850219163506B18390140074BE1
:105FF0009C4662441160002F01D03800F8BD033F79
:10600000FBE7C04680250020B01E002034100000B1
:1060100010B5064B1B68002B06D0054A12680021FC
:106020009163044A1068984710BDC046B01E002016
:1060300080250020B81E0020024B1A6893691B07B8
:10604000FCD470478025002070B51D4B1B681D4A8D
:10605000934207D0142400281ED01B4B1B68002B32
:1060600002D070BD1524F6E7174B1860174B196066
:1060700017492000FCF760FA01212000FCF724FA00
:106080000F4B1B6850229A63596B183A0A4011490A
:106090008C4663441A60E4E70B4A1268002AE0D099
:1060A00000259D6300212000FCF70EFA084920001E
:1060B000FCF778FB044B1D60044B1D60D1E7C04624
:1060C0008025002000800340B01E0020B81E002064
:1060D000116000103410000070B50D001C000D4B55
:1060E0001860002A0BDA002C0EDA0A4B1868290017
:1060F000FDF7A6FB08480121FFF792FE70BD0221C3
:106100001000FCF747F8EEE702212000FCF742F808
:10611000EBE7C04680250020000E002010B5074B9D
:106120001B78074B1B78074B1B78E12101230022CA
:1061300049020548FFF7D0FF10BDC04624AA001051
:1061400020AA00101CAA0010004003407047000065
:10615000014B00221A707047A52500204B79FF2BB8
:106160000CD18B79002B0BD1CB79012B0AD1082ACA
:106170000AD98A78054B1A70092000E00020704780
:106180000020FCE70020FAE70020F8E7A525002022
:106190000120704710B5012927D1117953791B02CD
:1061A0000B43134909788B4201D000201EE053783D
:1061B000012B03D0022B11D0002017E09178D37867
:1061C0001B021943DB0506D5480A8A05D20F7F2337
:1061D0001940FDF765FA01204042F6E764220021EC
:1061E0000020FDF705FA012000E0012010BDC046A7
:1061F000A525002000487047F0A5001010B5140038
:10620000012910D15378012B0FD1127963791B0228
:106210001343072B01D0002006E0054A9F332100DD
:1062200001F058FB00E0012010BD0020FCE7C04653
:1062300048A50010012303700048704728A50010EE
:1062400010B50A784B781B0213438A7812041A435C
:10625000CB781B0613439622D200934200D010BD88
:106260000120002211004042FDF71AFA024B18608B
:10627000024B19607047C046B41E0020BC1E0020AF
:1062800010B5FDF77BF80E4A002312184B41002B86
:1062900012DB0C4802F04CFF00280CD0012000213A
:1062A000404201F0E3F9002001F07CFC0028F5D128
:1062B000044802F0EDFE10BD01225242024BE8E715
:1062C00040420F0074250020FFFFFF7F10B5024BF6
:1062D0001878FCF703F910BDA62500200268EFF33B
:1062E000108172B61368002BFCD0BFF35F8F416042
:1062F0007047000070B5144B1B68002B1AD0124C6D
:106300002000FFF7EBFF114B00221A702168636831
:10631000BFF35F8F0A6083F31088002400250C4BC5
:106320001878FCF7B7F8002808D1002400252000D1
:10633000290070BDFA24A4000025F0E7044B18786A
:10634000FCF7CCF8F3E7C04644230020A725002043
:10635000A6250020F0B585B0060014001D000CAB8A
:106360001F78FDF70BF822002B0012184B41002B71
:1063700009DB02970B9901910A9900913000FCF713
:1063800023FE05B0F0BD01225242014BF1E7C046A9
:10639000FFFFFF7FF0B5C64600B584B00500884614
:1063A00016001F000AAB1C78FCF7A6FD02940197AB
:1063B00000962A004346FFF7CDFF04B080BCB846E4
:1063C000F0BD000010B582B01F48002102F090FE21
:1063D000002818D11D4B1B68002B12D01B4C20002D
:1063E000FFF77CFF1A4A1378DBB201211170216894
:1063F0006268BFF35F8F0020086082F31088002B73
:1064000017D002B010BD01200021404201F02EF94A
:10641000002001F09FFB04000B4802F039FE002C25
:10642000EFD00C4B1B68002BEBD00B4A1068984741
:10643000E7E70A4A013300930023FA208000002195
:10644000FFF7A8FFDDE7C0467425002044230020A5
:10645000A7250020B41E0020BC1E0020F5620010FD
:1064600010B582B0D0231B061C68FCF745FDFCF775
:1064700025FEA04230D1274B1B780021002002F0DE
:1064800053F8254B1B68002B2CD00120FCF7C8FAD1
:10649000224C20702249FF231840FCF74DF8207849
:1064A0000121FCF711F80520FCF738F8041E1DD077
:1064B0000120FBF74DFE01001A4B1800FCF710FB02
:1064C000194900220520FCF761F818480121FFF75F
:1064D000A7FC200002B010BD154B164A1648C1217A
:1064E000FFF78AFB0C48FCF7B9FACEE70D48082203
:1064F0000021FEF777FA114A012300930023FA20C6
:1065000080000021FFF746FFC043C40F0028E0DAF7
:10651000DBE7C04628AA001074250020A62500202D
:10652000C563001044230020CD620010180E002027
:106530003897001020A600107C9C0010F562001017
:1065400010B5002001F0EAFA10BD000070B505009A
:106550000C00FFF7F5FF002834D0002001F0FAFA14
:10656000002832D0FCF70AFF1B4A002312184B41C7
:10657000002B19DB194802F0DBFD002828D0FFF7BB
:10658000DFFF002804D0002001F0E4FA00280FD13A
:1065900001200021404201F069F8032464420F48C1
:1065A00002F076FD200070BD012252420C4BE1E763
:1065B00022002900002001F0D9FA041EEFD10324A3
:1065C0006442ECE703246442ECE703246442E9E715
:1065D00003246442E6E7C04640420F0074250020D1
:1065E000FFFFFF7FF0B5C64600B580460C00FCF704
:1065F000C5FE314A002312184B41002B07DB2F4800
:1066000002F096FD002806D180BCB846F0BD0122FC
:1066100052422B4BF3E7FFF793FF002849D1294B58
:106620000020002118605960244802F031FDEBE79A
:1066300001200021404201F019F8002001F0B2FAD7
:10664000FFF77EFF0028EFD0002001F027FB002895
:1066500020D0A542E8DA661B002001F01FFB0200F3
:10666000864200DC3200002AE2D04346591900205D
:1066700001F0F0FA060001200021404200F0F6FF90
:10668000002001F08FFAAD19FCF778FE0D4B186071
:106690005960DEE7FCF772FE0A4B1E685F680A4A23
:1066A000002392197B419942BED8D2D19042D0D9D1
:1066B000BAE70025CDE7C04640420F007425002010
:1066C000FFFFFF7F7011002020A1070000487047E6
:1066D0009CA600100048704748A6001010B50400A2
:1066E000154B1B78002B0ED0002C11D1134B144AE4
:1066F0005A80012301335B009BB21048C0229200F4
:106700001343038010BD0C48112100F025F8EBE77E
:10671000052C0ED80B4BA400E4580023122BE9D80B
:10672000E15C0029E6D00133044A58008152DBB213
:10673000F4E70020E6E7C04684250020F01E002094
:106740000904000030A6001010B5024800F030F82F
:1067500010BDC0466423002010B5002901D00023DD
:1067600008E00F4B0F4A10483531FFF745FA373232
:10677000C25401334A1E9A420ED90F2B0CD85A0824
:106780000A4CA45C01229A43920014410F22224039
:10679000092AECDC3032EBE7C0180023037010BD8F
:1067A0000C9D0010B0A60010149D00106423002062
:1067B00070B588B0040004AD0D2200212800FEF75A
:1067C00011F90D2200216846FEF70CF94B232B70BE
:1067D0000D226946280002F04BFC002304E05A1DFC
:1067E00069468A5CE2540133072BF8DD08B070BDBE
:1067F00070B582B07F230340C509274C5E0076192F
:106800007601A419A0706842684160700020E070B1
:106810002183E276012D1ED0D800204A94466044A0
:106820001D4A590049194901521890601A4A5900E5
:10683000491949015218926800211160002B10D1AA
:10684000154A5B005B195B01D31800225A60144A99
:10685000DA6002B070BDD800124A94466044A0606D
:10686000E4E7012D0BD0591EC9000F4A944661443C
:10687000094A5B005B195B01D2185160E9E7591EB8
:10688000C9000A4A94466144034A5B005B195B01F4
:10689000D2185160DDE7C046241F0020840010504C
:1068A00000011050800010500C00105008001050D3
:1068B00010B5038B3F333F229343C27E022A08D098
:1068C00008490A68C260D3180B60074A934202D88D
:1068D00010BD5B00F4E7054B054A06485221FFF75F
:1068E0008BF9C04628230020FF0F1050009F001096
:1068F00038A70010449F0010F8B57F250540C60951
:106900006B009B195B010E4C1C19FFF771FF002DEA
:1069100000D1F8BD0A4B6D00AD196D015D19298BD1
:106920002000FFF7C5FFEB7E9B06E968054A4A4059
:1069300013438022120613436A681360E9E7C046D6
:10694000241F00200000105010B504007F202040BC
:10695000E409400000194001024BC01800F026F97C
:1069600010BDC046241F002010B5002804D101210D
:106970000520FBF7A9FD10BD034B044A98210448EC
:10698000FF31FFF739F9C046B89F001028A7001063
:10699000449F001010B5002805D10022002180205E
:1069A000FFF7D2FF10BD034B034AA2210348FF317A
:1069B000FFF722F9B89F001018A70010449F00109D
:1069C000024B80225202DA647047C0460020115008
:1069D00070B5041E27D100F0C7F8164D0C23AB6725
:1069E0001549FF220520FBF7D1FD14484022002164
:1069F000FDF7F8FF002240210020FFF77DFF002275
:106A000040218020FFF778FF02F052FB01232B6426
:106A100080239B05EB649023094AEA502000FFF78E
:106A2000CFFF012070BD074B074A64210748FF31A3
:106A3000FFF7E2F800001150DD050020241F0020C0
:106A400010D00100B89F00104CA70010449F001008
:106A5000044B1970002904D0034A90238021890235
:106A6000D1507047A1250020002011500B785B0603
:106A700002D14B78052B00D070478A78014B1A6001
:106A8000FAE7C0460000115010B5CA789207920F7D
:106A9000012A0AD088780B794979090219434905F6
:106AA000490DFFF729FF012010BD0020FCE710B5BC
:106AB00002F0FEFA10BD000010B50400080011003D
:106AC0001A00002C03D1FFF73FFF012010BD034B3C
:106AD000034A812103488900FFF78EF8B89F001010
:106AE00008A70010449F001010B57F23180008402D
:106AF0000B4205D1CB09012B0ED00222074B9A661F
:106B0000C909400040184001054BC01880221201FD
:106B1000002102F02DFB10BD0122EFE700201150F3
:106B2000241F002010B57F22100008400A4200D127
:106B300010BDC909400040184001044BC018002393
:106B4000C3700022024902F013FBF1E7241F00206A
:106B5000FFF7FFFF04E00A780270013101301A00EC
:106B6000531E002AF7D1704710B580235B040A4AF0
:106B700013600A4A13600A4B1A6880235B0493432C
:106B8000F9D18022520100210648FDF72BFF064B68
:106B900009225A6710BDC04600E0004000F00040E6
:106BA00008C00040000010500000115070B50400F3
:106BB0000D001600837E002B17D1A6820023E382EE
:106BC0000133A3762561200002F07AFA002804D070
:106BD0000C4A902380218902D150200002F0C0FA93
:106BE00000280AD00123237770BD81780648FFF77B
:106BF00083F9200002F0ACFADFE7200002F0A0FAEF
:106C0000F2E7C04600201150ACA0001070B505009E
:106C1000002408E09B1A5B01164A9B18DB682800D9
:106C200098470134E4B2144B1A782300511CA14256
:106C30000DDBA242EED9114B1B6862019B18002BA1
:106C4000ECD10F490F48104AFFF756F910E00F4CEE
:106C5000542200212000FDF7C5FE201D1022FF2137
:106C6000FDF7C0FE200014302022FF21FDF7BAFE00
:106C700070BDC046C8A80010A02500201018002034
:106C800094A80010E4A0001025020000C019002004
:106C90000268EFF3108172B61368002BFCD0BFF3CB
:106CA0005F8F4160704710B5FFF7B0FF00F05EFEE8
:106CB00010BD70B505000C001600486900F060FEBC
:106CC0006369320001212800984770BDF0B5DE46A7
:106CD00057464E464546E0B583B082460139C8B2B4
:106CE000FFF7F8FC002803D043789946022B0CD01C
:106CF00056495748574AFFF7FFF8002003B0F0BC49
:106D0000BB46B246A946A046F0BDC5796C1101222A
:106D1000514B1440240119781026B14321431970B6
:106D2000AD112A405201C9B22024A1430A431A706E
:106D3000060009368278C3781B02134383469B44BE
:106D40004B460193370066E0FB7899463A78BF18C6
:106D500068E03E493E48414AFFF7CEF80020CDE7C3
:106D6000009AD31A5B013E4E9E1933692200390006
:106D700050469847082801D9844216D20135EDB211
:106D8000384B1B7800955A1CAA423EDBAB42E7D930
:106D9000354B1B686E019E19002EE6D12B492C48FD
:106DA000324AFFF7A9F80020A8E73400009E0090BF
:106DB0004B46012B11D00020494681421BD9BB789C
:106DC0001B18DBB2244AD2181279FF2A0CD1224AAE
:106DD000D3181D710130C0B2EFE72169244A9142F6
:106DE000E9D1019B9946E6E718491948214AFFF77E
:106DF00083F8002082E720482B00009C2200390005
:106E000001F068FCA446674400E02E00154B1B7897
:106E100001339E420FDC5F4515D27B780B2B93D05C
:106E2000012399467A78042A93D15B46DA1B93B200
:106E300000251C00A4E7852204490548D200FFF77D
:106E40005BF800205AE7012058E7C04668A8001008
:106E5000E4A00010D6030000C0190020F1030000D8
:106E6000C8A80010A025002010180020FA03000078
:106E7000197E001019040000D419002070477047D3
:106E8000002070470020704770B505000C00CB78DB
:106E900088780F2B53D89A002E498A589746FFF7C7
:106EA00015FC021E05D012232100280000F012FD5F
:106EB00046E0294929482A4AFFF71EF800203FE00A
:106EC000FFF798F9021E3CD08178C3781B020B4370
:106ED0002100280000F0FEFC32E0022B0CD0FFF76E
:106EE000D1FF021E2FD09178D3781B020B432100D3
:106EF000280000F0EFFC23E0FFF7ECFB021EF2D1CC
:106F000015491648174AFEF7F7FF002018E02379C5
:106F1000617909021943FFF7E1FB021E15D00378DE
:106F20002100280000F0D6FC0AE0FFF7A9FF021EAE
:106F30000DD003782100280000F0CCFC00E00020F8
:106F400070BD0020FCE70020FAE70020F8E70020F1
:106F5000F6E7C04668A7001050A80010E4A0001093
:106F60003A040000610400007047704770477047A2
:106F7000024B5878431E9841C0B27047C019002098
:106F8000024B18784007C00F7047C046C019002058
:106F9000034B1878FF38431E9841C0B27047C04673
:106FA0004C0E0020F8B505000F00FFF7F1FF061E9C
:106FB00048D1002F21D02E4854220021FDF712FD88
:106FC0002C4B00221A702C4C2000FBF747FD2B4B5A
:106FD0001C602B4C2000FBF78DFD143C200001F0C1
:106FE00013FF284B1C60284B002B04D02748FFF7C9
:106FF00021F9274B1860002410E0E9222549264892
:107000005200FEF779FF1DE09B1A5B01234A9B1893
:107010005B68002B10D098470134E4B21B4B1A7800
:107020002300511CA1420FDBA242EDD9184B1B6873
:1070300062019B18002BEBD1F8221649164852002A
:10704000FEF75AFF3000F8BD154B1D7039002800BF
:10705000FFF7BEFC061E03D02800FFF785FCF1E712
:10706000FC220C490C485200FEF746FFEAE7C046F6
:10707000C0190020A2250020B8190020141A0020F1
:10708000440E0020181A002035620010A0250020B0
:1070900010180020B8A80010E4A00010C8A8001024
:1070A0004C0E002070B50D00104B1E788B787022AE
:1070B0001A420DD10E4B9978280001F0B5FA041E42
:1070C0000DD029003000FFF7DFFC0400200070BD68
:1070D00008490948094AFEF70FFF0024F6E7054969
:1070E0000548074AFEF708FFF0E7C0464C0E0020AF
:1070F000C019002020A80010E4A000100B0500001B
:107100000C050000F0B5D6464F464646C0B5814650
:107110000C0017009846089B9A46002517E018496E
:107120001848194AFEF7E8FE00263000E0BCBA46CF
:10713000B146A846F0BD9D2211491248D200FEF783
:10714000DBFEF2E7099A13702378E4180135AF42A9
:1071500014DD6378052BE2D1E1788907890F414579
:10716000DDD121004846FFF79DFF061EE3D0A3783E
:10717000DA09012AE6D052461370E5E70126D4E782
:1071800030A80010E4A00010E704000010B57F2034
:107190000840C909400040183030044BC018043082
:1071A000034B196801F0FCF910BDC046C01900205E
:1071B000141A002010B57F200840C909400040186B
:1071C0003030044BC0180430034B196801F010FA3A
:1071D00010BDC046C0190020141A0020F0B5C646E4
:1071E00000B582B001931A4800787F250D40CE0982
:1071F000184C6F00E419A41930342479E4071DD425
:10720000144C6F00E419A419303423790127BC46CB
:1072100067463B432371019BFFF74EFC002813D1C7
:107220000C4B6D005B199B1930331A7901218A438D
:107230001A711A7903318A431A7105E00649074821
:10724000074AFEF759FE002002B080BCB846F0BDE8
:107250004C0E0020C019002010A80010E4A000105F
:107260003905000070B50A4B18787F240C40CD0911
:10727000FFF73AFC074A640013195B1930331A7997
:1072800002210A431A711A7901210A431A7170BD49
:107290004C0E0020C019002070B50A4B18787F24CE
:1072A0000C40CD09FFF73EFC074A640013195B1937
:1072B00030331A7902218A431A711A7901398A43C3
:1072C0001A7170BD4C0E0020C01900207F220A40A8
:1072D000C909044B52009B185B183033187980079A
:1072E000C00F7047C0190020F0B585B005000C0034
:1072F000002000F045FB237860221A40602A1AD053
:10730000402A20D02378DB06DB0E012B00D1D6E00B
:10731000022B00D116E1002B00D07CE1202A1CD0EA
:10732000002A00D07FE16378092B00D97DE19B0022
:10733000C54AD3589F465532C449C5489200FEF706
:10734000DBFD002668E1C34800F01AFB22000121A2
:107350002800FEF753FF06005EE123790F2B00D9CA
:107360005DE1BD4AD3181B79BC4A1278934207D21B
:10737000BB4A11685B01C918002909D100264BE1FD
:10738000511C994200DA4CE19B1A5B01B54959182E
:1073900022002800FFF78DFC06003DE1200000F0F0
:1073A000F5FAA1782800FFF7F5FAAB4A1378022125
:1073B0000B43137001262FE1A74B5B7802AA06321C
:1073C000137001232100280000F084FA012623E134
:1073D000A678A14B5B78B3422CD09F4B5B78002BF7
:1073E0000CD19D4B5E70002E22D031002800FFF79B
:1073F0006DFC061E12D0FFF7B7FD1BE00021280030
:10740000FFF726FB2800FFF752FB934FBB78019351
:107410002800FFF7FBFB019BBB70E2E7C9228B4909
:107420008B489200FEF768FD8B4B00225A70F3E008
:10743000FFF79BFD2100280000F038FA0126EBE061
:1074400021002800FFF720FD0600E5E0A278E378A0
:107450001B021343012B01D00026DDE07E4A137886
:1074600008210B4313702100280000F01FFA0126A9
:10747000D2E0A278E3781B021343012B01D000264F
:10748000CAE0754A137808218B4313702100280045
:1074900000F00CFA0126BFE06F4B1A7851099208F0
:1074A0000223134001220A40134302AA063213802A
:1074B00002232100280000F00DFA0126ACE0237918
:1074C0000F2B00D9B3E0644AD3181B79634A1278B2
:1074D000934223D2624A11685B01C918002900D186
:1074E000A7E022002800FFF7E4FB061E00D093E08F
:1074F000237860221A4200D08EE063780A3B012B89
:1075000000D989E0002000F03BFA63780A2B0ED006
:107510002100280000F0CAF901267DE0511C9942A3
:1075200000DA88E09B1A5B014E495918D9E702AB93
:107530009A1D0023137001332100280000F0CAF9BE
:10754000013669E021797F200840CE0970230B4283
:1075500017D1414B40001B189B191B7D3F480078F9
:10756000834215D23E4806685B01F618002A19D0FE
:10757000002E62D0220031002800FFF79AFB06009F
:107580004AE032493248384AFEF7B6FC002643E06A
:10759000461C9E4204DB1B1A5B01324E9E19E5E736
:1075A0000026E3E76378012B10D0032B0ED0002BCD
:1075B00045D12800FFF78AFE02AB9A1D10800223F6
:1075C0002100280000F086F9012625E0A078E27865
:1075D0001202024304D1012B19D02800FFF742FE0A
:1075E000002E2ED0220031002800FFF762FB002081
:1075F00000F0C6F9184B35229B5CDB07DE0F002B31
:107600000AD12100280000F051F9012604E02800E9
:10761000FFF742FEE4E70026300005B0F0BD00268B
:10762000FAE70026F8E70026F6E70026F4E700264A
:10763000F2E70026F0E70026EEE70026ECE700265A
:10764000EAE70126E8E7C046C4A700107CA80010BE
:10765000E4A00010FD610010C0190020A02500204A
:1076600010180020C8A800109503000030B585B0A0
:10767000FFF78EFC002808D105B030BD01AC2078A2
:10768000FFF711FB2279604B9A70604B1C68200059
:107690001430FFF7FDFA01A9200001F058FB6269E0
:1076A000A369BFF35F8F0021116083F31088002866
:1076B000E2D001AB5B78082BE7D89B00544AD35843
:1076C0009F4601AB1878FFF7EEFAFFF74EFCDCE7B8
:1076D000504B1B78002B2DD04E4A1378013BDBB268
:1076E00013701378002BD0D1474B1A780124012155
:1076F0000A431A703422995CA1439954995C04207E
:10770000814399540132995CA1439954995C814316
:10771000995401AB187802A9FFF7E6FD0028B4D10F
:1077200001AC20780021FFF7DFF920788021FFF7F6
:10773000DBF9AAE738493948394AFEF7DDFB9BE710
:1077400001AB19797F220A40CC092F4B50001B183E
:107750001B19303318790125A8431871187903359E
:10776000A8431871002A15D0274B52009B181B19EB
:107770001B7D2C4A1278934213D22B4A12685B016C
:10778000D318002B15D09C6901A84279039B00787F
:10779000A0477AE701A84279039B007800F004F93A
:1077A00073E7501C984204DB9B1A5B011F4A9B182D
:1077B000E9E7A422184919489200FEF79DFB5BE710
:1077C000114B1B78DB0700D45FE70F4B18780007DD
:1077D000C00FFFF7CBFB58E70B4B1B78DB0700D440
:1077E00053E7FFF7C4FB50E7029B002B00D14CE7A7
:1077F0000398984749E7044BDB78DB0700D444E75C
:107800000298FFF73CFB40E7C0190020181A00203F
:10781000ECA70010A2250020A8A80010E4A00010EA
:1078200065020000A025002010180020C8A8001044
:1078300010B50023CB56002B05DB8021002300224E
:10784000FFF7CCFC10BD0021F8E70000F8B50500FB
:10785000144B9F89DE89BB1B9BB21C1C402B00D99B
:107860004024A4B20F4B1B785BB2002B08DB002135
:10787000B74213D00C4A23002800FFF7AFFCF8BD35
:10788000B74209D0074B9968402C09D80648220016
:10789000FDF7AEF88021EBE78021E9E70022EAE777
:1078A0000020ECE7A01900206019002070B5060048
:1078B0000D00074C08222000FDF79AF80023A36072
:1078C000E381A38129003000FFF7B2FF70BDC046FD
:1078D000A0190020F0B5C64600B580460C00160081
:1078E0001D001F4B08221F001800FDF781F8BE6025
:1078F0000023FB81A379E179090219430B1CA942FA
:1079000000D92B1C99B2164A9381A279E3791B0204
:10791000134319D0002901D0002E08D04046FFF7AC
:1079200095FF041E0AD0200080BCB846F0BD0D496A
:107930000D487222FEF7E0FA0024F4E709490A48EC
:107940007422FEF7D9FAEEE721004046FFF770FFF8
:10795000041EE8D1034904487622FEF7CDFAE2E797
:10796000A019002020A90010E4A0001010B50348C1
:1079700014220021FDF736F810BDC046A0190020E2
:10798000014B18617047C046A019002010B50100D6
:10799000044C08222000FDF72BF80023A360E381AC
:1079A000A38110BDA019002070B505001C00C909F5
:1079B000314B1B78DB098B4216D0002C07D02F49A6
:1079C0002F489D22FEF798FA0024200070BD2A4C13
:1079D0002100FFF74BF82369002B03D0264A03212F
:1079E000280098470124F0E7234B1B785BB2002B5B
:1079F00007DB214B986800283CD022492200FCF785
:107A0000F7FF1D4AD389A1B25B189BB2D38191685D
:107A100009199160D288934201D03F2C1FD8164B90
:107A20001B69002B05D0144A022128009847002822
:107A30000BD011492800FFF7FBFE041EC5D10F49EA
:107A40000F48C522FEF758FABFE700212800FFF7CC
:107A50004BF880212800FFF747F80124B5E72800FC
:107A6000FFF7F4FE041EB0D104490548CD22FEF70D
:107A700043FAAAE70024A8E7A019002008A90010EB
:107A8000E4A000106019002070B50500FFF770FA3F
:107A9000002802D10024200070BDFFF771FA041EF7
:107AA000F8D11C4BC8226A439B18DB78002BF1D01D
:107AB000C8266E431036174BF618300001F030F927
:107AC0003F28E8D9134BC8226A439B18D978002075
:107AD000FFF75CFB002801D10400DCE7300001F077
:107AE0001FF93F280DD9EA010B4BD218094BC821C9
:107AF00069435B18D97840230020FFF76FFB04002F
:107B0000C9E7044BC8226A439B18D9780020FFF7C5
:107B100051FBC0E7981800201418002010B504008D
:107B2000FFF726FA002801D1002010BDFFF728FA40
:107B3000002808D1064BC82262439B181B79DB073B
:107B400003D50130F1E70020EFE70020EDE7C04664
:107B50009818002010B5C823434310330248181862
:107B600001F0ACF810BDC0469818002070B50400B4
:107B7000C82060430300103307481818074B9A4287
:107B800008D892B201F004F905002000FFF77CFF4D
:107B9000280070BD024AF5E798180020FEFF00009B
:107BA000FFFF000070B50500FFF7E2F9002801D1E2
:107BB000002070BDFFF7E4F90028F9D1C8246C4318
:107BC0002034204BE4180434200001F077F800281A
:107BD00001D10020EDE71B4BC8226A439B1899781E
:107BE0000020FFF7D3FA002801D10020E1E7EE01E1
:107BF0004036154BF61840223100200001F0C8F83D
:107C0000041E14D00F4BC8226A439B1899780300B6
:107C100032000020FFF7E2FA002801D02000C8E778
:107C20000A490B48D522FEF767F90020C1E7054B4A
:107C3000C8226A439B1899780020FFF7BBFA0020FE
:107C4000B7E7C046981800201418002050A900106B
:107C5000E4A0001070B50500C824444320340C4B48
:107C6000E41804340B4B9A420BD892B2200001F076
:107C7000C6F80600200001F021F83F2803D83000A4
:107C800070BD054AF2E72800FFF78CFFF7E7C04612
:107C900098180020FEFF0000FFFF000010B5C82369
:107CA00058432030024BC018043001F039F810BDA1
:107CB00098180020F0B5CE46474680B583B02648D8
:107CC000C8220021FCF78EFE244B00221A700027E8
:107CD000002F04D003B0C0BCB946B046F0BD1E4E64
:107CE000C8247C433519FF236B71E1235B02AB6031
:107CF000002398462B736B730833AB732100383124
:107D00008919200010308019434600930133402226
:107D100000F096FF21007831891920002030801969
:107D2000043001230093402200F08AFF2300B8337F
:107D30009946B1444846FAF791FEC034A419200090
:107D4000FAF78CFE4346EB614B462B622C634346AD
:107D50006B630137FFB2BBE798180020941800202E
:107D600010B50023002B01D0012010BD19000D4AD1
:107D7000C82058431218106A146B002806D0094A0C
:107D8000C820584312180020D0611062002C06D081
:107D9000044AC82041435218002111635163013342
:107DA000DBB2DFE79818002070B50024002C00D06B
:107DB00070BD2500C8206043154BC0180522002166
:107DC000FCF710FE134B1B78DB070FD5114B1B780C
:107DD0009B0713D5C820684320300D4BC0180430D2
:107DE000012101F030F80134E4B2DFE7C82060433C
:107DF0001030074BC01801F007F8E7E7C8206843C8
:107E00002030034BC018043000F0FEFFE2E7C0460C
:107E10009818002094180020F0B585B003904B7995
:107E2000022B63D18B79022B64D10027002F07D05E
:107E3000002F0FD18B7833700C780C19092515E0C1
:107E4000C8237B432C4E9E19B378002BF0D001370A
:107E5000FFB2EBE7422229492948FF32FEF74CF8EE
:107E6000002544E023785D19ADB2E4186378242B33
:107E700001D19542F6D9052B09D06378042B02D1A4
:107E800063790A2B18D03800FFF7FEFD2FE02100A0
:107E90000398FFF707F9002806D0A37873702378BA
:107EA0005D19ADB2E418E8E7542214491448FF32D2
:107EB000FEF722F800251AE021784D19ADB26118BD
:107EC000B31C0193F31C0093022302220398FFF7D3
:107ED00019F9002802D00E35ADB2D4E7B122074916
:107EE00007485200FEF708F8002500E000252800AA
:107EF00005B0F0BD0025FAE79818002044A900104D
:107F0000E4A00010F8B51400127860231340202B71
:107F100000D082E00025002D0ED0002D00D07EE0A4
:107F20006378222B42D017D8202B1FD0212B11D1C0
:107F3000012933D0012071E0C8236B433C4A9E18CD
:107F4000D25C277963791B023B439A42E5D0013525
:107F5000EDB2E0E7002061E0232B05D101294BD0F1
:107F600003294ED0012059E0002057E0012903D019
:107F7000032909D0012051E03200083207232100F3
:107F8000FFF7A8FC012049E02A4B002B49D0310023
:107F900008312800FEF754F901203FE03200083292
:107FA00007232100FFF796FC012037E0012903D0C9
:107FB000032906D0012031E02100FFF777FC0120E2
:107FC0002CE0A278E3781B021343012427001F4012
:107FD0005A081440337101217940C9B2300024306D
:107FE00000F031FF144B002B1DD022003900280077
:107FF00000E000BF012011E02100FFF757FC012045
:108000000CE00E4B002B10D0A378E1780902194345
:10801000280000E000BF012000E00020F8BD0020A3
:10802000FCE70120FAE70120F8E70120F6E7C04667
:1080300098180020416200100000000000000000BD
:10804000F0B5D646474680B583B001900F00009347
:108050000024002C0FD0002C1AD1A046EB78BB4294
:108060001ED0AB78BB4254D00124200003B0C0BC6A
:10807000BA46B046F0BDC82565433C4BED18EB78D9
:10808000BB42E8D0AB78BB42E5D00134E4B2E0E7D4
:10809000E622374937485200FDF72EFF0024E4E777
:1080A00010239A46AA44E101334BC9186B461A883B
:1080B000504600F0A4FE314B002B1AD06B79FF2BF9
:1080C00017D0002600E00136009B9E4211D26A794B
:1080D000294B4146C9015B189B5D9A42F3D150463A
:1080E00000F002FE0028EED16979200000E000BF18
:1080F000E9E7234B002B04D0504600F0F5FD0028A3
:1081000003D02000FFF7C0FCABE7200000E000BF79
:10811000F7E71C4B002B02D0200000E000BF20003E
:10812000FFF740FD002801D001249EE728002430FD
:1081300000F0C4FD002815D1009B002B14D09E0632
:1081400001D0012491E7A9780198FFF71FF8041ED8
:1081500001D1012489E7A978002300220198FFF7C3
:108160003DF882E7012480E701247EE7981800208B
:1081700034A90010E4A00010141800200000000032
:108180000000000000000000002817D10C4B9322D3
:10819000920042439B182A33FF331B78002B09D1EE
:1081A000074B9322920042439B185B79002B03D02C
:1081B000013004E0012002E0002000E000207047D0
:1081C0005C1B002010B5002801D0002010BD9321B9
:1081D00089004143024BC918043100F001FBF5E767
:1081E0005C1B0020F0B5D6464F464646C0B584B06D
:1081F0002148932292000021FCF7F4FB0025002D7A
:1082000005D004B0E0BCBA46B146A846F0BD932400
:10821000A4006C4323004933FF33174A91464B4473
:108220000433EE01154A9246B21820002930FF307F
:108230004844402188460391029280277F0001979D
:10824000009300230022002100F057FA230020337E
:108250004B440833403656442000484404304246DC
:10826000039202960197009300233F3A002100F009
:1082700044FA0135EDB2C2E75C1B0020DC1A002095
:1082800070B50025002D01D0012070BD9324A400FD
:108290006C4320002930FF30054E801900F05EFA53
:1082A000A019043000F05AFA0135EDB2EAE7C046F1
:1082B0005C1B0020F0B5C64600B50025002D02D09D
:1082C00080BCB846F0BD9324A4006C430C4B984688
:1082D000E6180027377020003130FF30404400F0AE
:1082E00093FD083420004044043000F08DFD33003D
:1082F0002A33FF331F7077710135EDB2DEE7C046D8
:108300005C1B0020F0B5C64600B582B001900F009E
:108310004B79FF2B00D08CE00C780C19A5180026A7
:10832000002E01D0002085E03000FFF72DFF00284F
:1083300002D00136F6B2F3E793239B0073433F4A22
:1083400098469044BB784246137033E0AC426DD2FD
:1083500021000198FEF7A6FE002836D00136F6B2BD
:10836000A378DB09012B37D040463130FF3000F0D5
:108370004BFDA1789422520043469B1859702179F5
:1083800063791B020B435B055B0D2D498C466344EF
:1083900059424B415B004146895C022081430B43BB
:1083A00041468B548918019800F05CFA002836D0B9
:1083B0002378E4183B79B34238D96378052BC5D0CC
:1083C000AC42C3D22378E418F7E71E491E48E022E6
:1083D000FDF792FD00202DE040460C3000F014FD2A
:1083E000A37842465371227963791B0213435B05DC
:1083F0005B0D134A944663445A4253415B00424624
:10840000127902218A431343424613710B4BD31A4C
:108410009B100E485843C0B2FFF7D4FEC8E7094985
:108420000948E822FDF768FD002003E0E01B80B268
:1084300000E0002002B080BCB846F0BD5C1B00200C
:1084400000FEFFFF68A90010E4A000109B1DB50806
:10845000F0B583B006001D000024002C0CD0002CC9
:1084600057D101942A23FF33FB5C8B4215D07B79D3
:108470008B4236D001204DE093239B006343264F6F
:10848000DF193B002A33FF331B788B42E7D07B791F
:108490008B42E4D00134E4B2DFE73B003133FF33F9
:1084A0009B88002B12D11D4B002B07D0019BD901BB
:1084B0001B4BC918AAB2200000E000BF39002931C7
:1084C000FF31300000F0CEF9012023E03B002933DA
:1084D000FF335968AAB238003130FF3000F08FFC0A
:1084E000E1E7104B002B04D02904090C200000E028
:1084F00000BF3C1D2100300000F072F9002801D0BF
:10850000012007E02A002100300000F029F90120B5
:1085100000E0002003B0F0BD5C1B00200000000064
:10852000DC1A00200000000010B582B000290AD03B
:1085300001281CD80B78002B19D0164A1354012B94
:108540001ED0012419E001A901230B7000234B70F8
:108550000020FEF727FD041E03D00E4B01221A70E7
:108560000BE00D490D484722FDF7C6FC05E00A491E
:108570000A485A22FDF7C0FC0024200002B010BDBA
:10858000FEF710FD041EF8D1034904485F22FDF7F1
:10859000B3FCF2E7B4190020E8A90010E4A0001031
:1085A00070B504000D000378DB07D80F002B1DD138
:1085B00023785B07DE0F002B19DB012149422800DD
:1085C00000F0A6FD2378DB07DA0F002B07D1237814
:1085D0005B0709D423780422134323700126280063
:1085E00000F056FD300002E01600F8E7002070BDF4
:1085F00070B506000C0001214942200000F088FD02
:1086000033785B07DD0F002B04DB200000F040FD1A
:10861000280070BD3378DB0704D4337804229343F9
:108620003370F2E70025F0E710B5027943791B02B9
:1086300013435B055B0DC2789207920F022A14D098
:10864000032A2DD0012A3CD1022904D01E4A9A4285
:1086500004D3012036E08022D200F8E71B491C48F1
:10866000D122FDF749FC00202CE0022903D0402B49
:108670000FD8012026E080229200934201D10120F0
:1086800020E012491248293AFF3AFDF735FC002054
:1086900018E00E490E48DB22FDF72EFC002011E009
:1086A000022904D040229A4204D301200AE0802209
:1086B000D200F8E705490648E122FDF71DFC00203D
:1086C00000E0002010BDC046FF030000D4A9001048
:1086D000E4A0001030B58A1801E00C780919914225
:1086E0000AD24C78052CF8D18D787A342C4064006D
:1086F0000419ED096355F0E730BDF0B585B004000D
:1087000003920AAA40CA17880DAA158801220A40B6
:10871000017801208143114321702000083000932B
:1087200001233A00310000F08BFA002E01D0002F17
:1087300005D10C9B63606580012005B0F0BD26006B
:108740001C363000FAF78AF9039B002B04D0330063
:1087500000266361A661ECE70023FAE70120704779
:10876000F8B506000C0015000B789B0711D5802783
:10877000BF002000083000F0A1FA002825D1002D0C
:1087800025D0013F3D4224D12378DB0703D50020CB
:108790001CE04027EDE761783000FEF7F7FC002889
:1087A000F5D02378DB0707D5B5220B490B485200DB
:1087B000FDF7A2FB002009E06178002300223000D1
:1087C000FEF70CFD002801D1EEE70020F8BD0020E7
:1087D000FCE70020FAE7C046B0A90010E4A00010B2
:1087E00070B505000C000E000836300000F066FA87
:1087F000002830D02378DB0701D5002070BD6178D8
:108800002800FEF7C3FC0028F7D0616862883000BA
:1088100000F0BEFA061E14D02378DB0707D5BC2271
:108820000E490F485200FDF767FB0020E6E762683B
:10883000617803002800FEF7D1FC0028EFD030005B
:10884000DCE72378DB0701D50020D7E76178280033
:10885000FEF7B0FCF8E70020D0E7C04694A900106E
:10886000E4A00010F8B505000C008B89002B22D184
:108870000B78DB0701D50020F8BD4978FEF786FCB0
:108880000028F8D063882278D20707D5D92230494A
:1088900030485200FDF730FB0020EDE76178002BF7
:1088A00007D062682800FEF799FC0028EED06088A7
:1088B000E2E70022F6E70B789B070DD58026B6008D
:1088C00027000837380000F02BFA86423DD823787D
:1088D000DB0703D50020CFE74026F1E761782800C9
:1088E000FEF754FC0028F5D0380000F019FA864253
:1088F00021D87642B6B262883040031C904200D93B
:10890000131C9EB22378DB0707D5C82210491148F3
:10891000FF32FDF7F1FA0020AEE76178002E08D0B3
:10892000626833002800FEF759FC0028EDD03000C3
:10893000A2E70022F5E72378DB0701D500209BE7BB
:1089400061782800FEF736FCF8E7002094E7C0467F
:1089500078A90010E4A0001003008A1890B28142A8
:1089600002D85A00904203DB5B009BB2C01A80B26F
:10897000704770B505000800AC889A420BD3D11A35
:1089800089B200291ED08C4210D2944209D8121B01
:1089900093B26B810AE0D11A89B26600891989B253
:1089A000EFE7A21893B2F4E71B1B9BB29C42FBD9E2
:1089B0002968EA885204520C5343C918FCF718F886
:1089C000012070BD0020FCE7F8B5CE46474680B5D3
:1089D00005008C4608A909788488E01A80B21C1B1F
:1089E0001419A4B2EF887F047E0C07007743BFB24E
:1089F0007443A4B2A1462C68A046734343440029A3
:108A000006D1904208D3724319006046FBF7F0FF8D
:108A1000C0BCB946B046F8BD3A0019006446200013
:108A2000FBF7E6FF2968E0194A46FBF7E1FFEFE7AD
:108A3000F0B5C64600B582B01E0008AB1B8809AC75
:108A4000277884889E420FD3F51AADB2002D1FD02F
:108A5000AC4205D2B44210D8331B9BB243812500EF
:108A600095420FD315000DE0F51AADB2A84665008A
:108A7000AC4645466544ADB2E8E7A619B3B2EDE7AA
:108A80001B1B9BB29C42FBD900972A00FFF79CFF5F
:108A9000280002B080BCB846F0BDF0B583B0040039
:108AA0000D0016001F000069002803D00121494273
:108AB00000F02EFB23899BB262890197009232005D
:108AC00029002000FFF7B4FF0500618989B2A08862
:108AD0002A00FFF741FF60812069002801D000F0E3
:108AE000D7FA280003B0F0BDF8B5CE46474680B5AA
:108AF00005008C4608A90878AC88E11A89B21C1BCD
:108B00001419A4B2EF887F047E0C0F007743BFB224
:108B10007443A4B2A1462C68A04673434344002882
:108B200006D1914208D3724361461800FBF760FFFB
:108B3000C0BCB946B046F8BD3A00644621001800F2
:108B4000FBF756FF2868E1194A46FBF751FFEFE7AC
:108B5000F0B585B006000391171E029300D16DE0B9
:108B6000C068002803D00121494200F0D1FA3489BD
:108B7000A4B2718989B2F379DB0918D1B3888C4228
:108B80000FD3611A89B28B4256D95B1A9BB23A1C39
:108B90009F4200D91A1C95B2002D45D0B2882300FF
:108BA00033E0611A89B25A00891889B2EBE7B588B7
:108BB000BD420ED8029B002B21D17B1BF7887F047E
:108BC0007F0C5F43039B9C46BC44634603930C00AD
:108BD000E2E78C420DD3631A9BB2DB196A00934221
:108BE0000FDBEA1B92B22800FFF7B6FE04003D003F
:108BF000D2E7631A9BB26A009B189BB2EDE70C00A8
:108C0000CAE73D00C8E79B1A9BB29A42FBD9029A79
:108C100000922A0003993000FFF766FFB0882A000F
:108C20002100FFF799FE3081F068002801D000F0A4
:108C30002FFA280005B0F0BD0025F5E71500F8E78C
:108C4000F0B583B00400019116001D0008AB1F7839
:108C500080231B029A422DD8C068002803D001212E
:108C6000494200F055FA2069002803D00121494209
:108C700000F04EFA019B2360A6806D046B0CE58822
:108C8000ED0BED031D43E580FB01E2797F271740E3
:108C90001F43E771002363812381E068002801D02E
:108CA00000F0F6F92069002806D000F0F1F9012063
:108CB00003B0F0BD0020FBE70120F9E710B5828882
:108CC00001898BB2408984B2884207D81B1B9BB2B2
:108CD000101C9A4200D9181C80B210BD1B1B9BB2FD
:108CE00051005B189BB2F3E703894089181A43428D
:108CF0005841C0B2704710B58488028993B2418947
:108D000088B2914206D81B1A9BB20020A342404170
:108D1000C0B210BD1B1A9BB262009B189BB2F4E755
:108D200010B5828801898BB2408984B2884206D806
:108D30001B1B9BB29A4208D9D01A80B210BD1B1BD4
:108D40009BB251005B189BB2F4E70020F6E770B5C8
:108D500004000D000069002803D00121494200F001
:108D6000D7F9228992B263899BB229002000FFF7CC
:108D700000FE0500618989B2A0882A00FFF7ECFD9A
:108D800060812069002801D000F082F9280070BDC0
:108D900010B50023FFF781FE10BDF8B504000E00EA
:108DA000C068002803D00121494200F0B1F92589AB
:108DB000ADB22000FFF79FFF002802D0E779FF093E
:108DC00016D0A2882B0001E09B1A9BB29A42FBD9D5
:108DD0002068E2885204520C5343C0183100FBF75C
:108DE00007FEA08801222900FFF7B6FD2081012798
:108DF000E068002801D000F04BF93800F8BD10B54C
:108E00000023FFF7A5FE10BD10B50400C0680028C0
:108E100003D00121494200F07BF92069002803D0EA
:108E20000121494200F074F9002363812381E06845
:108E3000002801D000F02CF92069002801D000F0B2
:108E400027F9012010BD70B504000D00C06800288E
:108E500003D00121494200F05BF92069002803D0CA
:108E60000121494200F054F9ED01E3797F211940D5
:108E70002943E171E068002801D000F009F9206978
:108E8000002801D000F004F9012070BD074B984282
:108E90000AD0112301229A40054B1A60054B1B682A
:108EA00011009943FAD170471023F3E700C0034043
:108EB00000F0004008C00040F8B5DE4657464E4678
:108EC0004546E0B581460E000620F9F75DF880467C
:108ED0004B465A6802231A40934604224A4492465B
:108EE000214A4A441360022400E00234FE2C1AD8BE
:108EF00000252002320000230021FBF759FC002945
:108F000003D1A942F1D14045EFD980277F00012F3D
:108F10000CD97D1E210069434046FAF7D3FDB042CB
:108F200004D82F00F3E780277F00F0E74B461C6151
:108F30007A1E12021B685A40FF231B021A4080232C
:108F40005B014B441A6080239B0153445A461A60CC
:108F5000390061434046FAF7B5FDF0BCBB46B24666
:108F6000A946A046F8BDC0460430000070B5040014
:108F70000D00154B984224D0112201239340134A2F
:108F800013602000FFF782FF29002000FFF794FF05
:108F9000626802231A400E4961180B602568072198
:108FA0004D40C831294080256D0165192960094966
:108FB00061180A60084A94466444032222600B60E8
:108FC00070BD1022D9E7C04600C0034000E0004059
:108FD000043000000420000024200000094B10B5DC
:108FE0001C68094A983420686168084BFBF7E0FB6D
:108FF0000122002380185941206061604800400828
:1090000010BDC046500E00202D7F954C2DF45158B8
:1090100010B583070AD00300032102E001330B429D
:1090200005D01A78002AF9D1181A10BD0300196862
:109030000C4A0D4C8A188A4322420FD15968094ABA
:1090400004338A188A43224208D15968054A0433F6
:109050008A188A432242F1D000E001331A78002AAC
:10906000FBD1E1E7FFFEFEFE80808080F8B5C046C0
:1090700001B40248844601BC604700BF29040020B7
:1090800001B40248844601BC604700BF730C002055
:1090900001B40248844601BC604700BF09020020B9
:1090A00001B40248844601BC604700BFB10C0020F7
:1090B00001B40248844601BC604700BF010500209E
:1090C00001B40248844601BC604700BF4D0800203F
:1090D00001B40248844601BC604700BF7103002010
:1090E00001B40248844601BC604700BFB10C0020B7
:1090F00001B40248844601BC604700BFC1000020A3
:1091000001B40248844601BC604700BFB902002098
:1091100001B40248844601BC604700BFCD01002075
:1091200001B40248844601BC604700BF390C0020EE
:1091300001B40248844601BC604700BF9901002089
:1091400001B40248844601BC604700BFA109002069
:1091500001B40248844601BC604700BF49090020B1
:1091600001B40248844601BC604700BF7908002072
:1091700001B40248844601BC604700BF5509002085
:10918000636861696E5F746F203C3D204E554D5F92
:10919000444D415F4348414E4E454C530000000052
:1091A000766F6964206368616E6E656C5F636F6E75
:1091B0006669675F7365745F636861696E5F746F2A
:1091C00028646D615F6368616E6E656C5F636F6E6E
:1091D0006669672A2C2075696E7429002F5573659E
:1091E00072732F746C6561766974742F2E70696365
:1091F0006F2D73646B2F73646B2F322E312E312FD2
:109200007372632F7270325F636F6D6D6F6E2F6854
:10921000617264776172655F646D612F696E636C02
:109220007564652F68617264776172652F646D6122
:109230002E6800004A756D70696E6720746F20415A
:1092400070706C69636174696F6E2061742030782E
:1092500025580D0A00000000433A20416464723A28
:10926000203078255820466C6173683A2030782584
:10927000580D0A00466C617368696E672030782566
:10928000580D0A004844522056544F523A20307824
:1092900025582C2053697A653A20307825582C209F
:1092A0004352433A20307825580D0A003F3A25644E
:1092B0000D0A00005069636F20426F6F746C6F611C
:1092C00064657220537461727465640D000000005F
:1092D000456E746572696E6720426F6F746C6F6162
:1092E00064657220557064617465204D6F64650D0E
:1092F0000000000052464D39352043414420546956
:109300006D656F75742074696D653A20256C6C64A9
:109310000A00000052464D3935204552524F522026
:109320004652455155454E4359204D49534D4154A0
:10933000434821206D736220307825782063736262
:109340002030782578206C736220307825780A00E8
:1093500052464D3935204572726F72212030783077
:1093600031203D20307825780A00000052464D39E2
:109370003520307830313A20307825780A000000E6
:109380004D6F6465204661756C742020204D6F64BC
:1093900065203D2025640A00434144204661756CE8
:1093A000740000006D616E7566616374757265723C
:1093B000203D3D204D414E55464143545552455266
:1093C0005F525049000000002F55736572732F746F
:1093D0006C6561766974742F2E7069636F2D736488
:1093E0006B2F73646B2F322E312E312F7372632FDC
:1093F0007270323034302F7069636F5F706C6174DB
:10940000666F726D2F706C6174666F726D2E630083
:1094100070617274203D3D20504152545F52503271
:10942000000000000A2A2A2A2050414E4943202ADF
:109430002A2A0A0068775F69735F636C61696D65EA
:109440006428626974732C206269745F696E646554
:10945000782900002F55736572732F746C656176DF
:109460006974742F2E7069636F2D73646B2F73642E
:109470006B2F322E312E312F7372632F636F6D6D10
:109480006F6E2F68617264776172655F636C61698A
:109490006D2F636C61696D2E630000004E6F207349
:1094A00070696E6C6F636B732061726520617661A9
:1094B000696C61626C65000021287261775F697276
:1094C000715F6D61736B5B6765745F636F72655F1E
:1094D0006E756D28295D2026206770696F5F6D614C
:1094E000736B29002F55736572732F746C656176E9
:1094F0006974742F2E7069636F2D73646B2F73649E
:109500006B2F322E312E312F7372632F7270325FB8
:10951000636F6D6D6F6E2F68617264776172655FE6
:109520006770696F2F6770696F2E630021656E61C8
:10953000626C6564207C7C206972715F6861735F16
:1095400068616E646C657228494F5F4952515F4291
:10955000414E4B302900000030783163203D3D20E2
:10956000282A696E7374293E3E313175000000006F
:109570002F55736572732F746C6561766974742FDF
:109580002E7069636F2D73646B2F73646B2F322E93
:10959000312E312F7372632F7270325F636F6D6D76
:1095A0006F6E2F68617264776172655F6972712F87
:1095B0006972712E6300000064656C7461203E3D29
:1095C000202D323034382026262064656C746120CA
:1095D0003C3D203230343620262620212864656C1C
:1095E0007461202620312900212864656C74612073
:1095F0003E3E20313175290063757272656E7420AC
:109600003D3D205F5F756E68616E646C65645F757B
:109610007365725F697271207C7C206375727265FC
:109620006E74203D3D2068616E646C6572000000C0
:109630006972715F68616E646C65725F63686169AD
:109640006E5F667265655F736C6F745F6865616499
:10965000203E3D2030000000767461626C655F68DA
:10966000616E646C6572203D3D205F5F756E686160
:109670006E646C65645F757365725F69727100001A
:10968000212828282875696E747074725F74297295
:10969000656D6F76655F7468756D625F6269742869
:1096A000767461626C655F68616E646C65722929AD
:1096B000202D20282875696E747074725F74296972
:1096C00072715F68616E646C65725F636861696E18
:1096D0005F736C6F7473292920252073697A656F15
:1096E0006628737472756374206972715F68616E45
:1096F000646C65725F636861696E5F736C6F742917
:109700002900000021657863657074696F6E207CA4
:109710007C20657863657074696F6E203D3D206EB6
:10972000756D202B20565441424C455F464952539B
:10973000545F49525100000066616C73650000007F
:1097400069735F7368617265645F6972715F72618A
:10975000775F68616E646C657228736C6F745F68A4
:10976000616E646C65722900657863657074696FF9
:109770006E000000666F756E640000004E6F20750D
:109780007365722049525173206172652061766160
:10979000696C61626C65000031203D3D202875696F
:1097A0006E747074725F74296C2D3E7370696E5F95
:1097B0006C6F636B000000002F55736572732F741C
:1097C0006C6561766974742F2E7069636F2D736494
:1097D0006B2F73646B2F322E312E312F7372632FE8
:1097E000636F6D6D6F6E2F7069636F5F73796E63FA
:1097F0002F6D757465782E6300000000746F7461BE
:109800006C0000006D74782D3E636F72652E73706E
:10981000696E5F6C6F636B006C6F636B5F69735F26
:109820006F776E65725F69645F76616C6964286DDD
:1098300074782D3E6F776E65722900006D74782DF7
:109840003E656E7465725F636F756E740000000034
:10985000706F6F6C2D3E74696D65725F616C6172C3
:109860006D5F6E756D203D3D2074696D65725F6141
:109870006C61726D5F6E756D000000002F55736531
:1098800072732F746C6561766974742F2E706963BE
:109890006F2D73646B2F73646B2F322E312E312F2B
:1098A0007372632F636F6D6D6F6E2F7069636F5F7F
:1098B00074696D652F74696D652E630064656661FA
:1098C000756C745F616C61726D5F706F6F6C5F69F6
:1098D0006E697469616C697A65642829000000000A
:1098E000417474656D7074656420746F20736C6569
:1098F000657020696E73696465206F6620616E20F3
:10990000657863657074696F6E2068616E646C65FC
:10991000723B2075736520627573795F7761697436
:1099200020696620796F75206D75737400000000E2
:10993000486172647761726520616C61726D202587
:109940006420616C726561647920636C61696D6526
:109950006400000076636F5F66726571203E3D2093
:109960005049434F5F504C4C5F56434F5F4D494EFB
:109970005F465245515F485A2026262076636F5F26
:1099800066726571203C3D205049434F5F504C4CFE
:109990005F56434F5F4D41585F465245515F485AAD
:1099A000000000002F55736572732F746C6561762B
:1099B0006974742F2E7069636F2D73646B2F7364D9
:1099C0006B2F322E312E312F7372632F7270325FF4
:1099D000636F6D6D6F6E2F68617264776172655F22
:1099E000706C6C2F706C6C2E630000006662646992
:1099F00076203E3D20313620262620666264697638
:109A0000203C3D203332300028706F73745F6469EE
:109A10007631203E3D203120262620706F73745F02
:109A200064697631203C3D20372920262620287085
:109A30006F73745F64697632203E3D2031202626A4
:109A400020706F73745F64697632203C3D20372943
:109A5000000000007265665F66726571203C3D2003
:109A60002876636F5F66726571202F20313629007A
:109A70004E6F20444D41206368616E6E656C7320AB
:109A800061726520617661696C61626C65000000DD
:109A90002A282875696E74385F74202A2928282896
:109AA000766F6964202A29726F6D5F7461626C65DC
:109AB0005F666C6F6174292D322929202A20342099
:109AC0003E3D2053465F5441424C455F56325F5302
:109AD000495A45002F55736572732F746C65617612
:109AE0006974742F2E7069636F2D73646B2F7364A8
:109AF0006B2F322E312E312F7372632F7270325FC3
:109B0000636F6D6D6F6E2F7069636F5F646F7562E9
:109B10006C652F646F75626C655F696E69745F72E6
:109B20006F6D5F7270323034302E63002A282875D2
:109B3000696E74385F74202A29726F6D5F74616278
:109B40006C652D3229202A2034203E3D2053465F6B
:109B50005441424C455F56325F53495A450000001C
:109B60002F55736572732F746C6561766974742FE9
:109B70002E7069636F2D73646B2F73646B2F322E9D
:109B8000312E312F7372632F7270325F636F6D6D80
:109B90006F6E2F7069636F5F666C6F61742F666C98
:109BA0006F61745F696E69745F726F6D5F7270323E
:109BB0003034302E63000000446562756700000099
:109BC000626F6F74325F7732357130383000000069
:109BD000322E312E310000007069636F00000000EA
:109BE000626F6F746C6F6164657200004E6F7620F7
:109BF0003236203230323500666E692B00000000AC
:109C0000666E69006E616E00666E692D0000000070
:109C10002C2066756E6374696F6E3A200000000038
:109C2000617373657274696F6E20222573222066DA
:109C300061696C65643A2066696C6520222573222F
:109C40002C206C696E65202564257325730A00003D
:109C50005541525420737464696E0000554152544A
:109C6000207374646F75740055415254207374648A
:109C7000696E202F207374646F7574002F5573659F
:109C800072732F746C6561766974742F2E706963BA
:109C90006F2D73646B2F73646B2F322E312E312F27
:109CA0007372632F7270325F636F6D6D6F6E2F70A2
:109CB00069636F5F737464696F5F7573622F737428
:109CC00064696F5F7573622E630000005553422014
:109CD000737464696E202F207374646F7574000050
:109CE00052617370626572727920506900000000E1
:109CF0005069636F00000000426F6172642043444A
:109D00004300000052657365740000006C656E20AE
:109D10003E2030002F55736572732F746C65617629
:109D20006974742F2E7069636F2D73646B2F736465
:109D30006B2F322E312E312F7372632F7270325F80
:109D4000636F6D6D6F6E2F7069636F5F756E697194
:109D500075655F69642F756E697175655F69642EDD
:109D600063000000666C6173685F6F666673202B2A
:109D700020636F756E74203C3D205049434F5F4611
:109D80004C4153485F53495A455F4259544553002B
:109D90002F55736572732F746C6561766974742FB7
:109DA0002E7069636F2D73646B2F73646B2F322E6B
:109DB000312E312F7372632F7270325F636F6D6D4E
:109DC0006F6E2F68617264776172655F666C617334
:109DD000682F666C6173682E63000000636F6E6E9F
:109DE0006563745F696E7465726E616C5F666C61E9
:109DF00073685F66756E6320262620666C617368E3
:109E00005F657869745F7869705F66756E63202638
:109E10002620666C6173685F72616E67655F65724C
:109E20006173655F66756E6320262620666C6173BC
:109E3000685F666C7573685F63616368655F6675AC
:109E40006E630000636F6E6E6563745F696E746548
:109E5000726E616C5F666C6173685F66756E6320BD
:109E6000262620666C6173685F657869745F78691F
:109E7000705F66756E6320262620666C6173685F6E
:109E800072616E67655F70726F6772616D5F667534
:109E90006E6320262620666C6173685F666C75733E
:109EA000685F63616368655F66756E6300000000EC
:109EB000636F6E6E6563745F696E7465726E616CFC
:109EC0005F666C6173685F66756E63202626206628
:109ED0006C6173685F657869745F7869705F6675D7
:109EE0006E6320262620666C6173685F666C7573EE
:109EF000685F63616368655F66756E63000000009C
:109F00006E6578745F6275666665725F70747220E4
:109F10003C207573625F647072616D2D3E65707870
:109F20005F64617461202B2073697A656F662875A0
:109F300073625F647072616D2D3E6570785F6461FD
:109F4000746129002F55736572732F746C65617687
:109F50006974742F2E7069636F2D73646B2F736433
:109F60006B2F322E312E312F6C69622F74696E790E
:109F70007573622F7372632F706F727461626C6598
:109F80002F72617370626572727970692F727032AC
:109F90003034302F6463645F7270323034302E633B
:109FA00000000000556E68616E646C656420495263
:109FB0005120307825780A007268706F7274203DE5
:109FC0003D20300021286275665F6374726C202624
:109FD000205553425F4255465F4354524C5F4655AD
:109FE0004C4C29002F55736572732F746C65617624
:109FF0006974742F2E7069636F2D73646B2F736493
:10A000006B2F322E312E312F6C69622F74696E796D
:10A010007573622F7372632F706F727461626C65F7
:10A020002F72617370626572727970692F7270320B
:10A030003034302F7270323034305F7573622E637B
:10A04000000000006275665F6374726C2026205504
:10A0500053425F4255465F4354524C5F46554C4C09
:10A060000000000065702025303258207761732091
:10A07000616C726561647920617661696C61626CA2
:10A080006500000043616E277420636F6E74696E13
:10A0900075652078666572206F6E20696E616374E5
:10A0A0006976652065702025303258005741524E40
:10A0B0003A207374617274696E67206E65772074DC
:10A0C00072616E73666572206F6E20616C7265617D
:10A0D000647920616374697665206570202530326B
:10A0E000580D0A0025732025643A204153534552E8
:10A0F00054204641494C45440D0A0000DA0800103E
:10A10000E608001000090010000900100009001006
:10A110003C0900105C09001086090010920900102B
:10A120000101010001010100010001000000000027
:10A13000080052500A38A50400C0F34500802246AA
:10A1400000C073460080A2460024F44600E4224783
:10A15000002474470024F447002474480024F44881
:10A160007270323034305F636869705F7665727325
:10A17000696F6E0068775F636C61696D5F636C65C2
:10A18000617200006770696F5F7365745F697271F7
:10A190005F656E61626C6564000000006972715FEA
:10A1A0006164645F7461696C5F746F5F667265653A
:10A1B0005F6C697374000000696E736572745F622E
:10A1C0006C5F3332000000006972715F72656D6F01
:10A1D00076655F68616E646C657200006D616B65C9
:10A1E0005F6A5F31360000007265736F6C76655F81
:10A1F0006A5F3136000000006972715F6164645FFC
:10A200007368617265645F68616E646C657200009A
:10A210006972715F7365745F6578636C7573697675
:10A22000655F68616E646C65720000006D757465D1
:10A23000785F6578697400006D757465785F656E28
:10A240007465725F626C6F636B5F756E74696C00CE
:10A2500072756E74696D655F696E69745F6D757432
:10A2600065780000616C61726D5F706F6F6C5F6725
:10A2700065745F64656661756C740000616C617221
:10A280006D5F706F6F6C5F6972715F68616E646C37
:10A2900065720000706C6C5F696E6974000000008C
:10A2A0005F5F61656162695F646F75626C655F695C
:10A2B0006E6974005F5F61656162695F666C6F61A2
:10A2C000745F696E6974000006005250D3F07542E5
:10A2D000B89B001006005250E182887FC09B00109E
:10A2E00006005250ABB36053D09B00100600525092
:10A2F000BBFF3CB6D89B001006005250861C0302E0
:10A30000E09B0010060052505422A29DEC9B0010CE
:10A3100005005250DE65F46858B9001092550010DF
:10A32000AA550010AA5500109E550010AA550010FD
:10A33000AA550010AA550010AA550010AA550010E1
:10A34000AA550010AA55001086550010AA550010F5
:10A350007A550010AA550010AA5500106E5500102D
:10A360008A560010BA560010DC560010BA5600107B
:10A3700064560010BA560010BA560010BA560010B3
:10A38000BA560010BA560010BA560010BA5600104D
:10A39000AC560010BA560010BA560010BA5600104B
:10A3A000BA560010BA560010EC560010705B001040
:10A3B000865B0010865B0010865B0010865B0010D9
:10A3C000865B0010865B0010865B0010865B0010C9
:10A3D000865B0010865B0010865B0010865B0010B9
:10A3E000865B0010865B0010865B0010865B0010A9
:10A3F000865B0010865B0010865B0010865B001099
:10A40000865B0010865B0010865B0010865B001088
:10A41000865B0010865B0010865B0010865B001078
:10A42000865B0010865B0010865B00109E59001052
:10A430005A5900109E590010865B0010865B001070
:10A44000865B0010865B0010865B0010865B001048
:10A45000865B0010865B0010865B0010865B001038
:10A46000865B0010865B0010865B0010865B001028
:10A47000865B0010865B00103A570010865B001068
:10A48000865B0010865B0010865B0010865B001008
:10A49000865B0010865B0010865B0010865B0010F8
:10A4A0003A570010F65900103A5700109E59001004
:10A4B0005A5900109E590010000000000000F03FA3
:10A4C000000000000000244000000000000059408F
:10A4D0000000000000408F40000000000088C340E2
:10A4E00000000000006AF8400000000080842E4157
:10A4F00000000000D01263410000000084D79741A3
:10A500000000000065CDCD410D0A0000060052504C
:10A5100053B4F4A1689C00100800525012000000CF
:10A520000800525092100000000000004D61001021
:10A5300000000000516100105D6100109561001085
:10A5400091610010000000000A00000000000306F6
:10A55000A6000800020002009C00140003005749F6
:10A560004E55534200000000000000000000800033
:10A5700004000100280044006500760069006300C3
:10A58000650049006E00740065007200660061009D
:10A5900063006500470055004900440000004E007C
:10A5A0007B0062006300370033003900380063002D
:10A5B00031002D0037003300630064002D003400AB
:10A5C0006300620037002D00390038006200380057
:10A5D0002D0039003100330061003800660063004F
:10A5E000610037006200660036007D000000000058
:10A5F000050F2100011C100500DF60DDD88945C76B
:10A600004C9CD2659D9E648A9F00000306A60001B3
:10A61000000000000600525053B4F4A1CC9C00107E
:10A62000737464696F5F7573625F696E697400004B
:10A6300000000000E09C0010F09C00108425002029
:10A64000F89C0010049D00100902540003010080D2
:10A650007D080B0002020200000904000001020252
:10A660000004052400200105240100010424020641
:10A6700005240600010705810308001009040100F4
:10A68000020A0000000705020240000007058202DE
:10A690004000000904020000FF0001051201100241
:10A6A000EF0201408A2E0A000001010203010000AE
:10A6B0007069636F5F6765745F756E697175655FFB
:10A6C000626F6172645F69645F737472696E670060
:10A6D000666C6173685F646F5F636D6400000000A7
:10A6E000666C6173685F72616E67655F70726F67D9
:10A6F00072616D00666C6173685F72616E67655F41
:10A7000065726173650000006463645F6564707402
:10A710005F786665720000006463645F7365745FF0
:10A7200061646472657373006463645F696E745F0F
:10A73000656E61626C65000068775F656E64706F5E
:10A74000696E745F616C6C6F630000006463645FCA
:10A75000696E69740000000073796E635F65705FF5
:10A7600062756666657200003E6F00109E6E001096
:10A77000DA6E00100E6F00103E6F00103E6F00107A
:10A780002A6F0010DA6E00103E6F00103E6F00104E
:10A790003E6F00103E6F00103E6F00103E6F0010C5
:10A7A0003E6F0010C06E0010900A0020900A00203A
:10A7B000720A0020260B0020C80A0020DC0A0020B4
:10A7C000F80B002098740010727400102A760010A4
:10A7D0004C7400102A7600109C7300104074001016
:10A7E0002A760010B8730010D07300108A7600101B
:10A7F0007C760010C2760010F6770010C07700104B
:10A80000D8770010D076001040770010E87700105D
:10A81000757362645F656470745F7866657200006A
:10A82000757362645F656470745F6F70656E00005D
:10A83000757362645F6F70656E5F656470745F707E
:10A840006169720071756575655F6576656E740026
:10A8500070726F636573735F6765745F646573635C
:10A86000726970746F72000070726F636573735FEA
:10A870007365745F636F6E666967000070726F6303
:10A880006573735F636F6E74726F6C5F7265717501
:10A8900065737400636F6E66696775726174696F62
:10A8A0006E5F7265736574007475645F7461736B59
:10A8B0005F657874000000007475645F7268706F83
:10A8C00072745F696E69740000000000B57C00104E
:10A8D000617D0010A97D0010197E0010057F001019
:10A8E000418000100000000000000000E581001021
:10A8F00081820010B582001005830010FD610010F8
:10A900005184001000000000757362645F636F6E15
:10A9100074726F6C5F786665725F6362000000003E
:10A920007475645F636F6E74726F6C5F7866657266
:10A9300000000000636463645F786665725F636251
:10A9400000000000636463645F6F70656E00000068
:10A950007475645F6364635F6E5F77726974655F6B
:10A96000666C75736800000076656E646F72645F74
:10A970006F70656E0000000074755F656470745FD1
:10A9800073747265616D5F726561645F786665722C
:10A990000000000074755F656470745F73747265A5
:10A9A000616D5F77726974655F786665720000003B
:10A9B00074755F656470745F73747265616D5F77E1
:10A9C000726974655F7A6C705F69665F6E656564F5
:10A9D0006564000074755F656470745F76616C69AE
:10A9E0006461746500000000747573625F72687062
:10A9F0006F72745F696E69740000000030A100100E
:10AA0000C8A20010D4A20010E0A20010ECA2001016
:10AA1000F8A2001004A3001010A3001020A500103D
:10AA200018A500100CA5001014A6001010B5030006
:10AA30000468EFF3108272B620680028FCD0BFF3E0
:10AA40005F8F0420185600280BDB002910D0086007
:10AA500000201B68BFF35F8F0021196082F310880C
:10AA600010BDD0210906097849B219710120F0E71B
:10AA70000020EEE7F0B5D6464F464646C0B5050085
:10AA8000904699460368002B20D0D0231B061B78E4
:10AA90005BB29A462F68EFF3108472B63E68002EC0
:10AAA000FCD0BFF35F8F0423EB56002B14DB2B6825
:10AAB000BFF35F8F00221A6084F310884046494636
:10AAC00000F0B0FD0028E5D000200FE00A4B0B4A53
:10AAD0000B48A62100F0F6FD53462B712B68BFF3FF
:10AAE0005F8F00221A6084F310880120E0BCBA4610
:10AAF000B146A846F0BDC0460498001038A2001028
:10AB0000B897001070B582B0060015001C0001A9AE
:10AB1000FFF78CFF002807D1019B5BB2D022120601
:10AB2000127852B2934201D102B070BD2A002300C4
:10AB30003000FFF79FFFF7E7F8B506000F0000F0C1
:10AB400081FD04000D00FA2292000023380000214C
:10AB500000F0A0FD22002B0012184B41002B03DB5C
:10AB60003000FFF787FFF8BD01225242004BF7E7A4
:10AB7000FFFFFF7F10B50168EFF3108372B60A681C
:10AB8000002AFCD0BFF35F8F04228256002A0ADB22
:10AB9000FF2202710268BFF35F8F0021116083F30F
:10ABA000108840BF10BD034B034A0448D52100F074
:10ABB00089FDC046189800102CA20010B89700100C
:10ABC000094B1B78002B08D00CE09A008021490526
:10ABD000511808680549505001333F2BF5DD024BF1
:10ABE00001221A707047C046A3250020A81D00202E
:10ABF00010B5014B984710BDA91D002000280AD0B0
:10AC000003231B02054A12685340C02292001340DE
:10AC1000034A136070470223F3E7C0460C800140EB
:10AC20000C900140F0B5D6464F464646C0B50400EC
:10AC30000D000A1880239B039A4232D818273B88BC
:10AC4000142630881D49984781463B8830881C4926
:10AC5000984780463B8830881A49984782463B8807
:10AC600030881949984706004B46002B1FD04346B1
:10AC7000002B1CD05346002B19D0002817D0FFF70B
:10AC80009FFFC847C0478022D823520229002000D6
:10AC9000D047B047FFF7ACFFE0BCBA46B146A84684
:10ACA000F0BD0A4B0A4A0B48742100F00BFD0A4B19
:10ACB000074A08487C2100F005FDC04649460000CF
:10ACC000455800005245000046430000649D0010B6
:10ACD000F4A60010909D0010DC9D0010F8B5DE4633
:10ACE00057464E464546E0B504008B4615001218FF
:10ACF00080239B039A4231D818273B88142630883A
:10AD00001C49984781463B8830881B4998478046B4
:10AD10003B8830881949984782463B8830881849D3
:10AD2000984706004B46002B1ED04346002B1BD0F5
:10AD30005346002B18D0002816D0FFF741FFC84714
:10AD4000C0472A0059462000D047B047FFF750FFC0
:10AD5000F0BCBB46B246A946A046F8BD094B0A4A1C
:10AD60000A48992100F0AEFC094B074A0748A12187
:10AD700000F0A8FC49460000455800005250000071
:10AD800046430000649D0010E0A60010909D001056
:10AD9000449E0010F0B5D6464F464646C0B5070063
:10ADA0000E00150018239A461B881422904610881E
:10ADB00028499847814653461B88424610882649B1
:10ADC0009847040053461B884246108823499847F9
:10ADD00080464B46002B0CD0002C0AD0002808D00F
:10ADE000FFF7EEFEC847A0470020FFF707FF2A0045
:10ADF0000FE01B4B1B4A1C48D12100F063FC002BC9
:10AE000007D0002A05D0C0235B051B6E3370013AC2
:10AE100001362B00134312D0C0235B059C6A082324
:10AE20002340A407EBD5002DE9D0511B0D29E6D80E
:10AE30003878C02149050866013D0137DFE7012068
:10AE4000FFF7DCFEC047FFF7D3FEE0BCBA46B146D1
:10AE5000A846F0BD494600004558000046430000A2
:10AE6000B09E0010D0A60010909D001010B50023D9
:10AE700008E00133DA00002108481150844662449A
:10AE80005160DBB20E2BF4D90548F022920000216C
:10AE900000F0E0FB034B044A1A6010BD00001050A4
:10AEA000641F00202823002080011050F0B5CE46FA
:10AEB000474680B585B0214B9F6D0024012603E0F5
:10AEC000B74376000134E4B2002F31D01F2C2FD8C5
:10AED0003E42F6D01A4B9E656308994601232340F3
:10AEE00001225340DBB298464B465D0045446D015C
:10AEF000144BED18280000F047FA0028E0D0114A62
:10AF00004B465B0043445B01D3189978DA8A01A869
:10AF100000239846037007334370017182604346F3
:10AF20004371012100F050FA280000F0C3F9C7E78F
:10AF300005B0C0BCB946B046F0BDC04600001150D7
:10AF400000301150241F0020F0B5CE46474680B592
:10AF500085B0754A9823D55880239B022F001F4047
:10AF60001D4245D0714B9A6A714B1A600024002132
:10AF700009E0704B5B183C3300221A7000F0C6F9F0
:10AF800031000134E4B20F2C18D8A6013000203073
:10AF9000684BC0189B193B331B78022BF1D1654BD2
:10AFA0009B193A331E78002EEBD0624BA1015B183F
:10AFB0003C331B78002BDCD13100E2E7002908D1BB
:10AFC0005D4B1B78002B04D15C4A903380218902B1
:10AFD000D150554B9B6C5B055B0D01A800220270A4
:10AFE000033242704360012100F0EEF98027BF0276
:10AFF000EB0606D4EB0351D580235B021F430024EC
:10B0000019E010231F43FFF751FFF3E7022399468E
:10B010001EE04B4B4A461A66434B5B6E4A46134052
:10B020009945F9D118E0434B424652019B18012241
:10B03000DA700134E4B2012C20D8A04666013D4B01
:10B04000F618B37E002BEED0002CDFD001239946FA
:10B0500000F008FB0128DCD8C0229201002130005A
:10B0600000F02EF9300000F025F900F0FBFA01287D
:10B07000D9D9324B4A465A661A66D4E701A800234A
:10B080000370063343702F4A02AB12CA12C3012168
:10B0900000F09AF9294B802292021A65EB040AD437
:10B0A0006B041DD42B042AD4AF4238D105B0C0BCE8
:10B0B000B946B046F0BD80235B011F4300241A4B04
:10B0C0001C60FFF7D3FE01A80470012343700471D4
:10B0D000012100F079F9194B802212031A65DFE78C
:10B0E0008023DB011F4301A8002303700433437056
:10B0F000012100F069F9114B10221A65D2E7802373
:10B100001B021F4301A80023037005334370012174
:10B1100000F05AF9094B802212011A65C4E7390080
:10B120006940094800F086FA0000115000400540CF
:10B130001C1F0020241F0020A125002000301150DA
:10B140000020115000001050A49F0010F8B504001A
:10B150000F00838A028B1E1C934200D9161CB6B2C4
:10B160009B1BA3828022D2003243E378002B13D0B2
:10B170008025AD01154301225340E3706378002B15
:10B180000CD0A38A002B02D18023DB011D43002FAA
:10B1900000D02D042800F8BD0025EBE7E068BB01D6
:10B1A000C0182169320000F085FA23699B192361D8
:10B1B00080231B021D43E4E7094B1B6C9B070CD447
:10B1C0008378DB09012B01D0002007E0C37E022B2E
:10B1D00001D0002002E0012000E000207047C046BE
:10B1E0000000115010B5FFF7E7FF002809D0064B0B
:10B1F0009B6A064A12689B1A054A94466344C62B0A
:10B2000000D810BD0020FCE7004005401C1F0020B6
:10B21000E0FCFFFF70B5040083681B68002900D0C4
:10B220001B0C9D05AD0D6278002A11D11B0409D4B9
:10B23000E38A5B19E382238BAB4201D90023A3820B
:10B24000280070BD0D4B0E4A0E48E82100F03AFA76
:10B250001B040DD52069E368890159182A0000F004
:10B2600029FAE38A5B19E38223695B192361E2E728
:10B27000054B034A0348EE2100F024FAC49F001056
:10B2800058A70010E49F001044A0001010B504005F
:10B2900083681B680021FFF7BDFF63681B685B00C4
:10B2A00002D5238B834200D010BD01212000FFF77F
:10B2B000B1FFF9E7002383768382C382036170477D
:10B2C00010B5002902D083681B681940002A10D0ED
:10B2D000114352050DD5826813685B050CD4084BE9
:10B2E0000B401360074B1B6C9B0702D40C23033BE2
:10B2F000FDD28368196010BD8178034800F09AF987
:10B30000FFFBFFFF0000115064A0001070B50400A7
:10B3100043681E680021FFF719FF80256D01054372
:10B32000164B1B6C9B0715D5A3785B0617D1002322
:10B33000A28A002A01D0002B15D0114B1E40802379
:10B340009B053343626813602A0000212000FFF749
:10B35000B7FF70BDA378DB0903D10133E8E7012310
:10B36000E6E70023E4E701212000FFF7EFFE0543B5
:10B37000044A3240A023DB051343E3E700001150E9
:10B38000FFFFFFAFFFFFFFDF70B50400857E002DDC
:10B3900006D0FFF77BFFA38A002B05D1280070BDE4
:10B3A0008178084800F046F92000FFF71BFF051ED2
:10B3B00003D0012323770025F0E72000FFF7A6FF45
:10B3C000ECE7C04684A00010F0B585B006000D0083
:10B3D0004378062B12D89B00694AD3589F46694B85
:10B3E0001A7801218A431A701A7801318A431A7037
:10B3F00000225A701A7802318A431A70624B1C6814
:10B400002000143000F066F93100200000F032F91D
:10B410006269A369BFF35F8F0021116083F3108815
:10B42000002800D1A4E0307871782A0000F02AF9D1
:10B4300005B0F0BD534B1B78DB07F9D5514A1378A3
:10B4400004210B431370D9E74E4B1B78DB07EFD574
:10B450004C4A137804218B431370CFE79B1A5B018E
:10B460004A4A9B18DB69002B02D0307871689847F4
:10B470000134E4B2464B1A782300511CA1420ADB86
:10B48000A242EBD9434B1B6862019B18002BE9D108
:10B49000EEE70024EEE73B4B1B785B072AD4394BE1
:10B4A000DB78DB07C4D501AC0C220021200000F0C2
:10B4B000D1F8337823700323637073680293324B9F
:10B4C0001E683000143000F005F92100300000F053
:10B4D000D1F87269B369BFF35F8F0021116083F304
:10B4E0001088002837D001AB187859782A0000F06E
:10B4F000C9F89DE7234A137804218B43137001AFE9
:10B500000C220021380000F0A5F833783B700523A9
:10B510007B701D4B1C682000143000F0DBF83900F4
:10B52000200000F0A7F86269A369BFF35F8F0021D4
:10B53000116083F31088002806D001AB1878597881
:10B540002A0000F09FF8AAE7662213491348FF3249
:10B5500000F0A8F8A3E766220F491048FF3200F078
:10B56000A1F865E70E4A13780133DBB2137045E7A3
:10B57000662209490948FF3200F094F858E7C046AE
:10B58000A8A70010C0190020181A0020C8A8001091
:10B59000A02500201018002044A80010E4A00010EE
:10B5A000A225002010B504001000002205E0E36889
:10B5B0009B07FCD58B5CA36001328242F7D300E08D
:10B5C000A368E3685B07FBD4E368DB06FCD400E018
:10B5D000A368E3685B07FBD40123236210BDF0B5C9
:10B5E000070018001D001C0008E0002C06D0FE68B3
:10B5F000760703D5BB681370013C013226002E4349
:10B600000BD0002DF1D0FE68B607EED52B00083325
:10B61000A342EAD9B960013DE7E7F0BD7047C046F3
:10B620000000000001B40248844601BC604700BF2E
:10B63000A931001001B40248844601BC604700BF34
:10B640001520001001B40248844601BC604700BFC9
:10B650007D33001001B40248844601BC604700BF3E
:10B66000E549001001B40248844601BC604700BFB0
:10B67000C11F001001B40248844601BC604700BFEE
:10B680009B8D001001B40248844601BC604700BF96
:10B690007D6E001001B40248844601BC604700BFC3
:10B6A000B147001001B40248844601BC604700BFA6
:10B6B000F95E001001B40248844601BC604700BF37
:10B6C000556B001001B40248844601BC604700BFBE
:10B6D000F95B001001B40248844601BC604700BF1A
:10B6E000916C001000C0001010000000000000006D
:10B6F0000000010000000000000000000000020047
:10B700000000000000000000000003000000000036
:10B71000000000000000FF000000000001B54868C4
:10B7200001318E460047704609380149884701BDFE
:10B73000312900100000000000000000000000009F
:10B740000000000000000000F00F00205033000057
:10B750004C33000054330000523300004D530000BE
:10B760004D4300005334000043340000955F001047
:10B7700039600010B55F0010496000100000000043
:10B7800000010000E5650010816200104D650010A9
:10B790006D62001000000000000100001C1A002073
:10B7A00010000C000000000000000000000000007D
:10B7B0000000000000000000FF000000580E002004
:10B7C0000000000000000000D816002040170020F4
:10B7D000A81700200000000000000000000000008A
:10B7E0000000000000000000000000000000000059
:10B7F0000000000000000000000000000000000049
:10B800000000000000000000000000000000000038
:10B810000000000000000000000000000000000028
:10B820000000000000000000000000000000000018
:10B830000000000000000000000000000000000008
:10B8400000000000000000000000000000000000F8
:10B8500000000000000000000000000001000000E7
:10B86000000000000E33CDAB34126DE6ECDE0500B7
:10B870000B000000000000000000000000000000BD
:10B8800000000000000000000000000000000000B8
:10B8900000000000000000000000000000000000A8
:10B8A0000000000000000000000000000000000098
:10B8B0000000000000000000000000000000000088
:10B8C0000000000000000000000000000000000078
:10B8D0000000000000000000000000000000000068
:10B8E0000000000000000000000000000000000058
:10B8F0000000000000000000000000000000000048
:10B90000000000000000000000000000D13800101E
:10B91000FD380010653A0010D54900102141001093
:10B920007548001099390010193900103939001084
:10B930004D390010952A001055390010CD320010F5
:10B94000BD380010C1230010B1020010FD0B001023
:08B95000811E00104967001080
:0CC0000000D00010244803009174C4A676
:04000005100001E9FD
:00000001FF
