2024-10-06 18:06:13.889635
Sender: 18
Head 0: O
Head 1: O
Head 2: O
Head 3: O
Captures: 0
Releases: 0
Turnouts: 0
Voltage: 3.9
RSSI: -66
LED Errors: 0
Version: 3
Revision: 0

2024-10-06 18:06:14.879448
Sender: 18
Head 0: O
Head 1: O
Head 2: O
Head 3: O
Captures: 0
Releases: 0
Turnouts: 0
Voltage: 3.9
RSSI: -66
LED Errors: 0
Version: 3
Revision: 0

2024-10-06 18:06:15.885190
Sender: 18
Head 0: O
Head 1: O
Head 2: O
Head 3: O
Captures: 0
Releases: 0
Turnouts: 0
Voltage: 3.9
RSSI: -66
LED Errors: 0
Version: 3
Revision: 0

2024-10-06 18:06:16.891208
Sender: 18
Head 0: O
Head 1: O
Head 2: O
Head 3: O
Captures: 0
Releases: 0
Turnouts: 0
Voltage: 3.9
RSSI: -66
LED Errors: 0
Version: 3
Revision: 0

2024-10-06 18:06:17.897239
Sender: 18
Head 0: O
Head 1: O
Head 2: O
Head 3: O
Captures: 0
Releases: 0
Turnouts: 0
Voltage: 3.9
RSSI: -66
LED Errors: 0
Version: 3
Revision: 0

2024-10-06 18:06:18.903948
Sender: 18
Head 0: O
Head 1: O
Head 2: O
Head 3: O
Captures: 0
Releases: 0
Turnouts: 0
Voltage: 3.9
RSSI: -66
LED Errors: 0
Version: 3
Revision: 0

2024-10-06 18:06:19.147864
Sender: 17
Head 0: O
Head 1: O
Head 2: O
Head 3: O
Captures: 0
Releases: 0
Turnouts: 0
Voltage: 3.9
RSSI: 0
LED Errors: 0
Version: 3
Revision: 0

2024-10-06 18:06:20.263498
Sender: 18
Head 0: O
Head 1: O
Head 2: O
Head 3: O
Captures: 0
Releases: 0
Turnouts: 0
Voltage: 3.9
RSSI: -66
LED Errors: 0
Version: 3
Revision: 0

2024-10-06 18:06:21.250035
Sender: 18
Head 0: O
Head 1: O
Head 2: O
Head 3: O
Captures: 0
Releases: 0
Turnouts: 0
Voltage: 3.9
RSSI: -66
LED Errors: 0
Version: 3
Revision: 0

2024-10-06 18:06:22.255830
Sender: 18
Head 0: O
Head 1: O
Head 2: O
Head 3: O
Captures: 0
Releases: 0
Turnouts: 0
Voltage: 3.9
RSSI: -66
LED Errors: 0
Version: 3
Revision: 0

2024-10-06 18:06:23.262146
Sender: 18
Head 0: O
Head 1: O
Head 2: O
Head 3: O
Captures: 0
Releases: 0
Turnouts: 0
Voltage: 3.9
RSSI: -66
LED Errors: 0
Version: 3
Revision: 0

2024-10-06 18:06:24.267988
Sender: 18
Head 0: O
Head 1: O
Head 2: O
Head 3: O
Captures: 0
Releases: 0
Turnouts: 0
Voltage: 3.9
RSSI: -66
LED Errors: 0
Version: 3
Revision: 0

2024-10-06 18:06:25.274293
Sender: 18
Head 0: O
Head 1: O
Head 2: O
Head 3: O
Captures: 0
Releases: 0
Turnouts: 0
Voltage: 3.8
RSSI: -66
LED Errors: 0
Version: 3
Revision: 0

2024-10-06 18:06:26.280103
Sender: 18
Head 0: O
Head 1: O
Head 2: O
Head 3: O
Captures: 0
Releases: 0
Turnouts: 0
Voltage: 3.8
RSSI: -66
LED Errors: 0
Version: 3
Revision: 0

2024-10-06 18:06:27.289496
Sender: 18
Head 0: O
Head 1: O
Head 2: O
Head 3: O
Captures: 0
Releases: 0
Turnouts: 0
Voltage: 3.8
RSSI: -66
LED Errors: 0
Version: 3
Revision: 0

2024-10-06 18:06:28.292366
Sender: 18
Head 0: O
Head 1: O
Head 2: O
Head 3: O
Captures: 0
Releases: 0
Turnouts: 0
Voltage: 3.8
RSSI: -66
LED Errors: 0
Version: 3
Revision: 0

2024-10-06 18:06:29.298013
Sender: 18
Head 0: O
Head 1: O
Head 2: O
Head 3: O
Captures: 0
Releases: 0
Turnouts: 0
Voltage: 3.8
RSSI: -66
LED Errors: 0
Version: 3
Revision: 0

2024-10-06 18:06:30.309293
Sender: 18
Head 0: O
Head 1: O
Head 2: O
Head 3: O
Captures: 0
Releases: 0
Turnouts: 0
Voltage: 3.8
RSSI: -66
LED Errors: 0
Version: 3
Revision: 0

2024-10-06 18:06:31.310168
Sender: 18
Head 0: O
Head 1: O
Head 2: O
Head 3: O
Captures: 0
Releases: 0
Turnouts: 0
Voltage: 3.8
RSSI: -66
LED Errors: 0
Version: 3
Revision: 0

2024-10-06 18:06:32.316083
Sender: 18
Head 0: O
Head 1: O
Head 2: O
Head 3: O
Captures: 0
Releases: 0
Turnouts: 0
Voltage: 3.8
RSSI: -66
LED Errors: 0
Version: 3
Revision: 0

2024-10-06 18:06:33.321734
Sender: 18
Head 0: O
Head 1: O
Head 2: O
Head 3: O
Captures: 0
Releases: 0
Turnouts: 0
Voltage: 3.8
RSSI: -66
LED Errors: 0
Version: 3
Revision: 0

2024-10-06 18:06:34.601207
Sender: 18
Head 0: O
Head 1: O
Head 2: O
Head 3: O
Captures: 0
Releases: 0
Turnouts: 0
Voltage: 3.8
RSSI: -66
LED Errors: 0
Version: 3
Revision: 0

2024-10-06 18:06:35.584713
Sender: 18
Head 0: O
Head 1: O
Head 2: O
Head 3: O
Captures: 0
Releases: 0
Turnouts: 0
Voltage: 3.8
RSSI: -66
LED Errors: 0
Version: 3
Revision: 0

2024-10-06 18:06:36.591767
Sender: 18
Head 0: O
Head 1: O
Head 2: O
Head 3: O
Captures: 0
Releases: 0
Turnouts: 0
Voltage: 3.8
RSSI: -66
LED Errors: 0
Version: 3
Revision: 0

2024-10-06 18:06:37.931975
Sender: 18
Head 0: O
Head 1: O
Head 2: O
Head 3: O
Captures: 0
Releases: 0
Turnouts: 0
Voltage: 3.8
RSSI: -66
LED Errors: 0
Version: 3
Revision: 0

2024-10-06 18:06:38.915791
Sender: 18
Head 0: O
Head 1: O
Head 2: O
Head 3: O
Captures: 0
Releases: 0
Turnouts: 0
Voltage: 3.8
RSSI: -66
LED Errors: 0
Version: 3
Revision: 0

2024-11-03 08:55:50.261758
Sender: 1
Head 0: R
Head 1: O
Head 2: O
Head 3: O
Captures: 0
Releases: 0
Turnouts: 0
Voltage: 13.0
RSSI: -93
LED Errors: 0
Version: 3
Revision: 0

2024-11-03 08:55:52.260633
Sender: 1
Head 0: R
Head 1: O
Head 2: O
Head 3: O
Captures: 0
Releases: 0
Turnouts: 0
Voltage: 13.0
RSSI: -93
LED Errors: 0
Version: 3
Revision: 0

2024-11-03 08:55:54.286569
Sender: 1
Head 0: R
Head 1: O
Head 2: O
Head 3: O
Captures: 0
Releases: 0
Turnouts: 0
Voltage: 13.0
RSSI: -93
LED Errors: 0
Version: 3
Revision: 0

2024-11-03 08:55:57.289435
Sender: 1
Head 0: R
Head 1: O
Head 2: O
Head 3: O
Captures: 0
Releases: 0
Turnouts: 0
Voltage: 13.0
RSSI: -93
LED Errors: 0
Version: 3
Revision: 0

2024-11-03 08:55:58.295383
Sender: 1
Head 0: R
Head 1: O
Head 2: O
Head 3: O
Captures: 0
Releases: 0
Turnouts: 0
Voltage: 13.0
RSSI: -93
LED Errors: 0
Version: 3
Revision: 0

2024-11-03 08:56:00.304585
Sender: 1
Head 0: R
Head 1: O
Head 2: O
Head 3: O
Captures: 0
Releases: 0
Turnouts: 0
Voltage: 13.0
RSSI: -93
LED Errors: 0
Version: 3
Revision: 0

2024-11-03 08:56:00.376741
Sender: 2
Head 0: A
Head 1: O
Head 2: O
Head 3: O
Captures: 0
Releases: 0
Turnouts: 0
Voltage: 12.9
RSSI: -90
LED Errors: 0
Version: 3
Revision: 0

2024-11-03 08:56:01.309571
Sender: 1
Head 0: R
Head 1: O
Head 2: O
Head 3: O
Captures: 0
Releases: 0
Turnouts: 0
Voltage: 13.0
RSSI: -93
LED Errors: 0
Version: 3
Revision: 0

2024-11-03 08:56:02.315649
Sender: 1
Head 0: R
Head 1: O
Head 2: O
Head 3: O
Captures: 0
Releases: 0
Turnouts: 0
Voltage: 13.0
RSSI: -93
LED Errors: 0
Version: 3
Revision: 0

2024-11-03 08:56:03.320802
Sender: 1
Head 0: R
Head 1: O
Head 2: O
Head 3: O
Captures: 0
Releases: 0
Turnouts: 0
Voltage: 13.0
RSSI: -93
LED Errors: 0
Version: 3
Revision: 0

2024-11-03 08:56:03.392368
Sender: 2
Head 0: A
Head 1: O
Head 2: O
Head 3: O
Captures: 0
Releases: 0
Turnouts: 0
Voltage: 12.9
RSSI: -90
LED Errors: 0
Version: 3
Revision: 0

2024-11-03 08:56:04.325643
Sender: 1
Head 0: R
Head 1: O
Head 2: O
Head 3: O
Captures: 0
Releases: 0
Turnouts: 0
Voltage: 13.0
RSSI: -93
LED Errors: 0
Version: 3
Revision: 0

2024-11-03 08:56:05.330737
Sender: 1
Head 0: R
Head 1: O
Head 2: O
Head 3: O
Captures: 0
Releases: 0
Turnouts: 0
Voltage: 13.0
RSSI: -93
LED Errors: 0
Version: 3
Revision: 0

2024-11-03 08:56:06.597018
Sender: 2
Head 0: A
Head 1: O
Head 2: O
Head 3: O
Captures: 0
Releases: 0
Turnouts: 0
Voltage: 12.9
RSSI: -90
LED Errors: 0
Version: 3
Revision: 0

2024-11-03 08:56:07.341083
Sender: 1
Head 0: R
Head 1: O
Head 2: O
Head 3: O
Captures: 0
Releases: 0
Turnouts: 0
Voltage: 13.0
RSSI: -93
LED Errors: 0
Version: 3
Revision: 0

2024-11-03 08:56:08.346635
Sender: 1
Head 0: R
Head 1: O
Head 2: O
Head 3: O
Captures: 0
Releases: 0
Turnouts: 0
Voltage: 13.0
RSSI: -93
LED Errors: 0
Version: 3
Revision: 0

2024-11-03 08:56:08.417890
Sender: 2
Head 0: A
Head 1: O
Head 2: O
Head 3: O
Captures: 0
Releases: 0
Turnouts: 0
Voltage: 12.8
RSSI: -90
LED Errors: 0
Version: 3
Revision: 0

2024-11-03 08:56:09.424229
Sender: 2
Head 0: A
Head 1: O
Head 2: O
Head 3: O
Captures: 0
Releases: 0
Turnouts: 0
Voltage: 12.8
RSSI: -90
LED Errors: 0
Version: 3
Revision: 0

2024-11-03 08:56:10.356197
Sender: 1
Head 0: R
Head 1: O
Head 2: O
Head 3: O
Captures: 0
Releases: 0
Turnouts: 0
Voltage: 13.0
RSSI: -93
LED Errors: 0
Version: 3
Revision: 0

2024-11-03 08:56:10.430354
Sender: 2
Head 0: A
Head 1: O
Head 2: O
Head 3: O
Captures: 0
Releases: 0
Turnouts: 0
Voltage: 12.8
RSSI: -90
LED Errors: 0
Version: 3
Revision: 0

2024-11-03 08:56:11.363642
Sender: 1
Head 0: R
Head 1: O
Head 2: O
Head 3: O
Captures: 0
Releases: 0
Turnouts: 0
Voltage: 13.0
RSSI: -93
LED Errors: 0
Version: 3
Revision: 0

2024-11-03 08:56:13.374242
Sender: 1
Head 0: R
Head 1: O
Head 2: O
Head 3: O
Captures: 0
Releases: 0
Turnouts: 0
Voltage: 13.0
RSSI: -93
LED Errors: 0
Version: 3
Revision: 0

2024-11-03 08:56:13.444286
Sender: 2
Head 0: A
Head 1: O
Head 2: O
Head 3: O
Captures: 0
Releases: 0
Turnouts: 0
Voltage: 12.8
RSSI: -90
LED Errors: 0
Version: 3
Revision: 0

2024-11-03 08:56:14.379531
Sender: 1
Head 0: R
Head 1: O
Head 2: O
Head 3: O
Captures: 0
Releases: 0
Turnouts: 0
Voltage: 13.0
RSSI: -93
LED Errors: 0
Version: 3
Revision: 0

2024-11-03 08:56:16.390377
Sender: 1
Head 0: R
Head 1: O
Head 2: O
Head 3: O
Captures: 0
Releases: 0
Turnouts: 0
Voltage: 13.0
RSSI: -93
LED Errors: 0
Version: 3
Revision: 0

2024-11-03 08:56:16.458969
Sender: 2
Head 0: A
Head 1: O
Head 2: O
Head 3: O
Captures: 0
Releases: 0
Turnouts: 0
Voltage: 12.9
RSSI: -90
LED Errors: 0
Version: 3
Revision: 0

2024-11-03 08:56:17.396184
Sender: 1
Head 0: R
Head 1: O
Head 2: O
Head 3: O
Captures: 0
Releases: 0
Turnouts: 0
Voltage: 13.0
RSSI: -93
LED Errors: 0
Version: 3
Revision: 0

2024-11-03 08:56:19.406143
Sender: 1
Head 0: R
Head 1: O
Head 2: O
Head 3: O
Captures: 0
Releases: 0
Turnouts: 0
Voltage: 13.0
RSSI: -93
LED Errors: 0
Version: 3
Revision: 0

2024-11-03 08:56:20.411906
Sender: 1
Head 0: R
Head 1: O
Head 2: O
Head 3: O
Captures: 0
Releases: 0
Turnouts: 0
Voltage: 13.0
RSSI: -93
LED Errors: 0
Version: 3
Revision: 0

2024-11-03 08:56:20.678664
Sender: 2
Head 0: A
Head 1: O
Head 2: O
Head 3: O
Captures: 0
Releases: 0
Turnouts: 0
Voltage: 12.9
RSSI: -90
LED Errors: 0
Version: 3
Revision: 0

2024-11-03 08:56:21.416857
Sender: 1
Head 0: R
Head 1: O
Head 2: O
Head 3: O
Captures: 0
Releases: 0
Turnouts: 0
Voltage: 13.0
RSSI: -93
LED Errors: 0
Version: 3
Revision: 0

2024-11-03 08:56:21.911112
Sender: 2
Head 0: A
Head 1: O
Head 2: O
Head 3: O
Captures: 0
Releases: 0
Turnouts: 0
Voltage: 12.9
RSSI: -90
LED Errors: 0
Version: 3
Revision: 0

2024-11-03 08:56:22.437289
Sender: 1
Head 0: R
Head 1: O
Head 2: O
Head 3: O
Captures: 0
Releases: 0
Turnouts: 0
Voltage: 13.0
RSSI: -93
LED Errors: 0
Version: 3
Revision: 0

2024-11-03 08:56:22.906422
Sender: 2
Head 0: A
Head 1: O
Head 2: O
Head 3: O
Captures: 0
Releases: 0
Turnouts: 0
Voltage: 12.9
RSSI: -90
LED Errors: 0
Version: 3
Revision: 0

2024-11-03 08:56:23.426270
Sender: 1
Head 0: R
Head 1: O
Head 2: O
Head 3: O
Captures: 0
Releases: 0
Turnouts: 0
Voltage: 13.0
RSSI: -93
LED Errors: 0
Version: 3
Revision: 0

2024-11-03 08:56:24.434360
Sender: 1
Head 0: R
Head 1: O
Head 2: O
Head 3: O
Captures: 0
Releases: 0
Turnouts: 0
Voltage: 13.0
RSSI: -93
LED Errors: 0
Version: 3
Revision: 0

2024-11-03 08:56:24.916212
Sender: 2
Head 0: A
Head 1: O
Head 2: O
Head 3: O
Captures: 0
Releases: 0
Turnouts: 0
Voltage: 12.9
RSSI: -90
LED Errors: 0
Version: 3
Revision: 0

2024-11-03 08:56:25.922396
Sender: 2
Head 0: A
Head 1: O
Head 2: O
Head 3: O
Captures: 0
Releases: 0
Turnouts: 0
Voltage: 12.9
RSSI: -90
LED Errors: 0
Version: 3
Revision: 0

2024-11-03 08:56:26.450008
Sender: 1
Head 0: R
Head 1: O
Head 2: O
Head 3: O
Captures: 0
Releases: 0
Turnouts: 0
Voltage: 13.0
RSSI: -93
LED Errors: 0
Version: 3
Revision: 0

2024-11-03 08:56:26.926061
Sender: 2
Head 0: A
Head 1: O
Head 2: O
Head 3: O
Captures: 0
Releases: 0
Turnouts: 0
Voltage: 12.9
RSSI: -90
LED Errors: 0
Version: 3
Revision: 0

2024-11-03 08:56:27.446161
Sender: 1
Head 0: R
Head 1: O
Head 2: O
Head 3: O
Captures: 0
Releases: 0
Turnouts: 0
Voltage: 13.0
RSSI: -93
LED Errors: 0
Version: 3
Revision: 0

2024-11-03 08:56:28.451916
Sender: 1
Head 0: R
Head 1: O
Head 2: O
Head 3: O
Captures: 0
Releases: 0
Turnouts: 0
Voltage: 13.0
RSSI: -93
LED Errors: 0
Version: 3
Revision: 0

2024-11-03 08:56:29.008242
Sender: 2
Head 0: A
Head 1: O
Head 2: O
Head 3: O
Captures: 0
Releases: 0
Turnouts: 0
Voltage: 12.9
RSSI: -90
LED Errors: 0
Version: 3
Revision: 0

2024-11-03 08:56:29.464966
Sender: 1
Head 0: R
Head 1: O
Head 2: O
Head 3: O
Captures: 0
Releases: 0
Turnouts: 0
Voltage: 13.0
RSSI: -93
LED Errors: 0
Version: 3
Revision: 0

2024-11-03 08:56:32.014638
Sender: 2
Head 0: A
Head 1: O
Head 2: O
Head 3: O
Captures: 0
Releases: 0
Turnouts: 0
Voltage: 12.9
RSSI: -90
LED Errors: 0
Version: 3
Revision: 0

2024-11-03 08:56:33.545835
Sender: 1
Head 0: R
Head 1: O
Head 2: O
Head 3: O
Captures: 0
Releases: 0
Turnouts: 0
Voltage: 13.0
RSSI: -93
LED Errors: 0
Version: 3
Revision: 0

2024-11-03 08:56:34.552865
Sender: 1
Head 0: R
Head 1: O
Head 2: O
Head 3: O
Captures: 0
Releases: 0
Turnouts: 0
Voltage: 13.0
RSSI: -93
LED Errors: 0
Version: 3
Revision: 0

2024-11-03 08:56:35.101648
Sender: 2
Head 0: A
Head 1: O
Head 2: O
Head 3: O
Captures: 0
Releases: 0
Turnouts: 0
Voltage: 12.9
RSSI: -90
LED Errors: 0
Version: 3
Revision: 0

2024-11-03 08:56:35.563674
Sender: 1
Head 0: R
Head 1: O
Head 2: O
Head 3: O
Captures: 0
Releases: 0
Turnouts: 0
Voltage: 13.0
RSSI: -93
LED Errors: 0
Version: 3
Revision: 0

2024-11-03 08:56:36.562030
Sender: 1
Head 0: R
Head 1: O
Head 2: O
Head 3: O
Captures: 0
Releases: 0
Turnouts: 0
Voltage: 13.0
RSSI: -93
LED Errors: 0
Version: 3
Revision: 0

2024-11-03 08:56:37.114084
Sender: 2
Head 0: A
Head 1: O
Head 2: O
Head 3: O
Captures: 0
Releases: 0
Turnouts: 0
Voltage: 12.9
RSSI: -90
LED Errors: 0
Version: 3
Revision: 0

2024-11-03 08:56:38.119871
Sender: 2
Head 0: A
Head 1: O
Head 2: O
Head 3: O
Captures: 0
Releases: 0
Turnouts: 0
Voltage: 12.9
RSSI: -90
LED Errors: 0
Version: 3
Revision: 0

2024-11-03 08:56:39.229678
Sender: 2
Head 0: A
Head 1: O
Head 2: O
Head 3: O
Captures: 0
Releases: 0
Turnouts: 0
Voltage: 12.9
RSSI: -90
LED Errors: 0
Version: 3
Revision: 0

2024-11-03 08:56:39.757908
Sender: 1
Head 0: R
Head 1: O
Head 2: O
Head 3: O
Captures: 0
Releases: 0
Turnouts: 0
Voltage: 13.0
RSSI: -93
LED Errors: 0
Version: 3
Revision: 0

2024-11-03 08:56:40.133117
Sender: 2
Head 0: A
Head 1: O
Head 2: O
Head 3: O
Captures: 0
Releases: 0
Turnouts: 0
Voltage: 12.9
RSSI: -90
LED Errors: 0
Version: 3
Revision: 0

2024-11-03 08:56:41.138104
Sender: 2
Head 0: A
Head 1: O
Head 2: O
Head 3: O
Captures: 0
Releases: 0
Turnouts: 0
Voltage: 12.9
RSSI: -90
LED Errors: 0
Version: 3
Revision: 0

2024-11-03 08:56:41.732786
Sender: 1
Head 0: R
Head 1: O
Head 2: O
Head 3: O
Captures: 0
Releases: 0
Turnouts: 0
Voltage: 13.0
RSSI: -93
LED Errors: 0
Version: 3
Revision: 0

2024-11-03 08:56:42.144443
Sender: 2
Head 0: A
Head 1: O
Head 2: O
Head 3: O
Captures: 0
Releases: 0
Turnouts: 0
Voltage: 12.9
RSSI: -90
LED Errors: 0
Version: 3
Revision: 0

2024-11-03 08:56:43.179697
Sender: 2
Head 0: A
Head 1: O
Head 2: O
Head 3: O
Captures: 0
Releases: 0
Turnouts: 0
Voltage: 12.9
RSSI: -90
LED Errors: 0
Version: 3
Revision: 0

2024-11-03 08:56:43.749543
Sender: 1
Head 0: R
Head 1: O
Head 2: O
Head 3: O
Captures: 0
Releases: 0
Turnouts: 0
Voltage: 13.0
RSSI: -93
LED Errors: 0
Version: 3
Revision: 0

2024-11-03 08:56:44.155143
Sender: 2
Head 0: A
Head 1: O
Head 2: O
Head 3: O
Captures: 0
Releases: 0
Turnouts: 0
Voltage: 12.9
RSSI: -90
LED Errors: 0
Version: 3
Revision: 0

2024-11-03 08:56:44.750279
Sender: 1
Head 0: R
Head 1: O
Head 2: O
Head 3: O
Captures: 0
Releases: 0
Turnouts: 0
Voltage: 13.0
RSSI: -93
LED Errors: 0
Version: 3
Revision: 0

2024-11-03 08:56:45.161170
Sender: 2
Head 0: A
Head 1: O
Head 2: O
Head 3: O
Captures: 0
Releases: 0
Turnouts: 0
Voltage: 12.9
RSSI: -90
LED Errors: 0
Version: 3
Revision: 0

2024-11-03 08:56:46.213155
Sender: 2
Head 0: A
Head 1: O
Head 2: O
Head 3: O
Captures: 0
Releases: 0
Turnouts: 0
Voltage: 12.9
RSSI: -90
LED Errors: 0
Version: 3
Revision: 0

2024-11-03 08:56:46.782386
Sender: 1
Head 0: R
Head 1: O
Head 2: O
Head 3: O
Captures: 0
Releases: 0
Turnouts: 0
Voltage: 13.0
RSSI: -93
LED Errors: 0
Version: 3
Revision: 0

2024-11-03 08:56:47.173548
Sender: 2
Head 0: A
Head 1: O
Head 2: O
Head 3: O
Captures: 0
Releases: 0
Turnouts: 0
Voltage: 12.9
RSSI: -90
LED Errors: 0
Version: 3
Revision: 0

2024-11-03 08:56:47.765651
Sender: 1
Head 0: R
Head 1: O
Head 2: O
Head 3: O
Captures: 0
Releases: 0
Turnouts: 0
Voltage: 13.0
RSSI: -93
LED Errors: 0
Version: 3
Revision: 0

2024-11-03 08:56:48.179005
Sender: 2
Head 0: A
Head 1: O
Head 2: O
Head 3: O
Captures: 0
Releases: 0
Turnouts: 0
Voltage: 12.9
RSSI: -90
LED Errors: 0
Version: 3
Revision: 0

2024-11-03 08:56:48.772518
Sender: 1
Head 0: R
Head 1: O
Head 2: O
Head 3: O
Captures: 0
Releases: 0
Turnouts: 0
Voltage: 13.0
RSSI: -93
LED Errors: 0
Version: 3
Revision: 0

2024-11-03 08:56:49.226642
Sender: 2
Head 0: A
Head 1: O
Head 2: O
Head 3: O
Captures: 0
Releases: 0
Turnouts: 0
Voltage: 12.9
RSSI: -90
LED Errors: 0
Version: 3
Revision: 0

2024-11-03 08:56:50.213150
Sender: 2
Head 0: A
Head 1: O
Head 2: O
Head 3: O
Captures: 0
Releases: 0
Turnouts: 0
Voltage: 12.9
RSSI: -90
LED Errors: 0
Version: 3
Revision: 0

2024-11-03 08:56:50.781739
Sender: 1
Head 0: R
Head 1: O
Head 2: O
Head 3: O
Captures: 0
Releases: 0
Turnouts: 0
Voltage: 13.0
RSSI: -93
LED Errors: 0
Version: 3
Revision: 0

2024-11-03 08:56:51.219981
Sender: 2
Head 0: A
Head 1: O
Head 2: O
Head 3: O
Captures: 0
Releases: 0
Turnouts: 0
Voltage: 12.9
RSSI: -90
LED Errors: 0
Version: 3
Revision: 0

2024-11-03 08:56:51.786632
Sender: 1
Head 0: R
Head 1: O
Head 2: O
Head 3: O
Captures: 0
Releases: 0
Turnouts: 0
Voltage: 13.0
RSSI: -93
LED Errors: 0
Version: 3
Revision: 0

2024-11-03 08:56:53.229887
Sender: 2
Head 0: A
Head 1: O
Head 2: O
Head 3: O
Captures: 0
Releases: 0
Turnouts: 0
Voltage: 12.9
RSSI: -90
LED Errors: 0
Version: 3
Revision: 0

2024-11-03 08:56:55.313314
Sender: 2
Head 0: A
Head 1: O
Head 2: O
Head 3: O
Captures: 0
Releases: 0
Turnouts: 0
Voltage: 12.9
RSSI: -90
LED Errors: 0
Version: 3
Revision: 0

2024-11-03 08:56:55.884771
Sender: 1
Head 0: R
Head 1: O
Head 2: O
Head 3: O
Captures: 0
Releases: 0
Turnouts: 0
Voltage: 13.0
RSSI: -93
LED Errors: 0
Version: 3
Revision: 0

2024-11-03 08:56:56.246556
Sender: 2
Head 0: A
Head 1: O
Head 2: O
Head 3: O
Captures: 0
Releases: 0
Turnouts: 0
Voltage: 12.9
RSSI: -90
LED Errors: 0
Version: 3
Revision: 0

2024-11-03 08:56:56.885743
Sender: 1
Head 0: R
Head 1: O
Head 2: O
Head 3: O
Captures: 0
Releases: 0
Turnouts: 0
Voltage: 13.0
RSSI: -93
LED Errors: 0
Version: 3
Revision: 0

2024-11-03 08:56:57.251894
Sender: 2
Head 0: A
Head 1: O
Head 2: O
Head 3: O
Captures: 0
Releases: 0
Turnouts: 0
Voltage: 12.9
RSSI: -90
LED Errors: 0
Version: 3
Revision: 0

2024-11-03 08:56:58.904186
Sender: 1
Head 0: R
Head 1: O
Head 2: O
Head 3: O
Captures: 0
Releases: 0
Turnouts: 0
Voltage: 13.0
RSSI: -93
LED Errors: 0
Version: 3
Revision: 0

2024-11-03 08:56:59.334949
Sender: 2
Head 0: A
Head 1: O
Head 2: O
Head 3: O
Captures: 0
Releases: 0
Turnouts: 0
Voltage: 12.9
RSSI: -90
LED Errors: 0
Version: 3
Revision: 0

2024-11-03 08:56:59.904189
Sender: 1
Head 0: R
Head 1: O
Head 2: O
Head 3: O
Captures: 0
Releases: 0
Turnouts: 0
Voltage: 13.0
RSSI: -93
LED Errors: 0
Version: 3
Revision: 0

2024-11-03 08:57:00.340583
Sender: 2
Head 0: A
Head 1: O
Head 2: O
Head 3: O
Captures: 0
Releases: 0
Turnouts: 0
Voltage: 12.9
RSSI: -90
LED Errors: 0
Version: 3
Revision: 0

2024-11-03 08:57:00.909606
Sender: 1
Head 0: R
Head 1: O
Head 2: O
Head 3: O
Captures: 0
Releases: 0
Turnouts: 0
Voltage: 13.0
RSSI: -93
LED Errors: 0
Version: 3
Revision: 0

2024-11-03 08:57:01.376920
Sender: 2
Head 0: A
Head 1: O
Head 2: O
Head 3: O
Captures: 0
Releases: 0
Turnouts: 0
Voltage: 12.9
RSSI: -90
LED Errors: 0
Version: 3
Revision: 0

2024-11-03 08:57:02.367599
Sender: 2
Head 0: A
Head 1: O
Head 2: O
Head 3: O
Captures: 0
Releases: 0
Turnouts: 0
Voltage: 12.9
RSSI: -90
LED Errors: 0
Version: 3
Revision: 0

2024-11-03 08:57:02.928571
Sender: 1
Head 0: R
Head 1: O
Head 2: O
Head 3: O
Captures: 0
Releases: 0
Turnouts: 0
Voltage: 13.0
RSSI: -93
LED Errors: 0
Version: 3
Revision: 0

2024-11-03 08:57:03.928145
Sender: 1
Head 0: R
Head 1: O
Head 2: O
Head 3: O
Captures: 0
Releases: 0
Turnouts: 0
Voltage: 13.0
RSSI: -93
LED Errors: 0
Version: 3
Revision: 0

2024-11-03 08:57:04.932962
Sender: 1
Head 0: R
Head 1: O
Head 2: O
Head 3: O
Captures: 0
Releases: 0
Turnouts: 0
Voltage: 13.0
RSSI: -93
LED Errors: 0
Version: 3
Revision: 0

2024-11-03 08:57:05.385656
Sender: 2
Head 0: A
Head 1: O
Head 2: O
Head 3: O
Captures: 0
Releases: 0
Turnouts: 0
Voltage: 12.9
RSSI: -90
LED Errors: 0
Version: 3
Revision: 0

2024-11-03 08:57:05.937758
Sender: 1
Head 0: R
Head 1: O
Head 2: O
Head 3: O
Captures: 0
Releases: 0
Turnouts: 0
Voltage: 13.0
RSSI: -93
LED Errors: 0
Version: 3
Revision: 0

2024-11-03 08:57:06.390908
Sender: 2
Head 0: A
Head 1: O
Head 2: O
Head 3: O
Captures: 0
Releases: 0
Turnouts: 0
Voltage: 12.8
RSSI: -90
LED Errors: 0
Version: 3
Revision: 0

2024-11-03 08:57:06.943013
Sender: 1
Head 0: R
Head 1: O
Head 2: O
Head 3: O
Captures: 0
Releases: 0
Turnouts: 0
Voltage: 13.0
RSSI: -93
LED Errors: 0
Version: 3
Revision: 0

2024-11-03 08:57:08.399892
Sender: 2
Head 0: A
Head 1: O
Head 2: O
Head 3: O
Captures: 0
Releases: 0
Turnouts: 0
Voltage: 12.9
RSSI: -90
LED Errors: 0
Version: 3
Revision: 0

2024-11-03 08:57:45.275395
Sender: 2
Head 0: A
Head 1: O
Head 2: O
Head 3: O
Captures: 0
Releases: 0
Turnouts: 0
Voltage: 12.9
RSSI: -90
LED Errors: 0
Version: 3
Revision: 0

2024-11-03 08:57:54.088047
Sender: 1
Head 0: R
Head 1: O
Head 2: O
Head 3: O
Captures: 0
Releases: 0
Turnouts: 0
Voltage: 13.0
RSSI: -93
LED Errors: 0
Version: 3
Revision: 0

2024-11-03 08:58:08.591339
Sender: 1
Head 0: R
Head 1: O
Head 2: O
Head 3: O
Captures: 0
Releases: 0
Turnouts: 0
Voltage: 13.0
RSSI: -93
LED Errors: 0
Version: 3
Revision: 0

2024-11-03 08:58:16.618587
Sender: 1
Head 0: R
Head 1: O
Head 2: O
Head 3: O
Captures: 0
Releases: 0
Turnouts: 0
Voltage: 13.0
RSSI: -93
LED Errors: 0
Version: 3
Revision: 0

2024-11-03 08:58:33.606867
Sender: 1
Head 0: R
Head 1: O
Head 2: O
Head 3: O
Captures: 0
Releases: 0
Turnouts: 0
Voltage: 13.0
RSSI: -93
LED Errors: 0
Version: 3
Revision: 0

2024-11-03 09:00:33.113459
Sender: 1
Head 0: G
Head 1: O
Head 2: O
Head 3: O
Captures: 0
Releases: 0
Turnouts: 0
Voltage: 13.0
RSSI: -93
LED Errors: 0
Version: 3
Revision: 0

2024-11-03 09:00:33.323628
Sender: 2
Head 0: G
Head 1: O
Head 2: O
Head 3: O
Captures: 0
Releases: 0
Turnouts: 0
Voltage: 12.9
RSSI: -90
LED Errors: 0
Version: 3
Revision: 0

2024-11-03 09:01:01.329650
Sender: 2
Head 0: G
Head 1: O
Head 2: O
Head 3: O
Captures: 0
Releases: 0
Turnouts: 0
Voltage: 12.9
RSSI: -90
LED Errors: 0
Version: 3
Revision: 0

2024-11-03 09:17:43.780597
Sender: 2
Head 0: A
Head 1: O
Head 2: O
Head 3: O
Captures: 0
Releases: 0
Turnouts: 0
Voltage: 12.9
RSSI: -97
LED Errors: 0
Version: 3
Revision: 0

2024-11-03 09:17:44.775214
Sender: 2
Head 0: A
Head 1: O
Head 2: O
Head 3: O
Captures: 0
Releases: 0
Turnouts: 0
Voltage: 12.9
RSSI: -97
LED Errors: 0
Version: 3
Revision: 0

2024-11-03 09:17:45.784238
Sender: 2
Head 0: A
Head 1: O
Head 2: O
Head 3: O
Captures: 0
Releases: 0
Turnouts: 0
Voltage: 12.9
RSSI: -97
LED Errors: 0
Version: 3
Revision: 0

2024-11-03 09:17:46.789876
Sender: 2
Head 0: A
Head 1: O
Head 2: O
Head 3: O
Captures: 0
Releases: 0
Turnouts: 0
Voltage: 12.9
RSSI: -97
LED Errors: 0
Version: 3
Revision: 0

2024-11-03 09:17:47.796214
Sender: 2
Head 0: A
Head 1: O
Head 2: O
Head 3: O
Captures: 0
Releases: 0
Turnouts: 0
Voltage: 12.9
RSSI: -97
LED Errors: 0
Version: 3
Revision: 0

2024-11-03 09:17:48.802729
Sender: 2
Head 0: A
Head 1: O
Head 2: O
Head 3: O
Captures: 0
Releases: 0
Turnouts: 0
Voltage: 12.9
RSSI: -97
LED Errors: 0
Version: 3
Revision: 0

2024-11-03 09:17:49.810733
Sender: 2
Head 0: A
Head 1: O
Head 2: O
Head 3: O
Captures: 0
Releases: 0
Turnouts: 0
Voltage: 12.9
RSSI: -97
LED Errors: 0
Version: 3
Revision: 0

2024-11-03 09:18:15.652586
Sender: 1
Head 0: R
Head 1: O
Head 2: O
Head 3: O
Captures: 0
Releases: 0
Turnouts: 0
Voltage: 13.0
RSSI: -99
LED Errors: 0
Version: 3
Revision: 0

2024-11-03 09:18:24.196826
Sender: 1
Head 0: G
Head 1: O
Head 2: O
Head 3: O
Captures: 0
Releases: 0
Turnouts: 0
Voltage: 13.0
RSSI: -99
LED Errors: 0
Version: 3
Revision: 0

2024-11-03 09:18:34.167893
Sender: 2
Head 0: G
Head 1: O
Head 2: O
Head 3: O
Captures: 0
Releases: 0
Turnouts: 0
Voltage: 12.7
RSSI: -97
LED Errors: 0
Version: 3
Revision: 0

2024-11-03 09:18:36.203227
Sender: 1
Head 0: G
Head 1: O
Head 2: O
Head 3: O
Captures: 0
Releases: 0
Turnouts: 0
Voltage: 12.6
RSSI: -99
LED Errors: 0
Version: 3
Revision: 0

2024-11-03 09:18:41.177384
Sender: 2
Head 0: G
Head 1: O
Head 2: O
Head 3: O
Captures: 0
Releases: 0
Turnouts: 0
Voltage: 12.0
RSSI: -97
LED Errors: 0
Version: 3
Revision: 0

2024-11-03 09:18:43.209583
Sender: 1
Head 0: G
Head 1: O
Head 2: O
Head 3: O
Captures: 0
Releases: 0
Turnouts: 0
Voltage: 12.0
RSSI: -99
LED Errors: 0
Version: 3
Revision: 0

2024-11-03 09:18:57.804022
Sender: 2
Head 0: R
Head 1: O
Head 2: O
Head 3: O
Captures: 0
Releases: 0
Turnouts: 0
Voltage: 11.9
RSSI: -97
LED Errors: 0
Version: 3
Revision: 0

2024-11-03 09:18:59.068404
Sender: 1
Head 0: A
Head 1: O
Head 2: O
Head 3: O
Captures: 0
Releases: 0
Turnouts: 0
Voltage: 12.0
RSSI: -99
LED Errors: 0
Version: 3
Revision: 0

2024-11-03 09:19:11.258455
Sender: 2
Head 0: G
Head 1: O
Head 2: O
Head 3: O
Captures: 0
Releases: 1
Turnouts: 0
Voltage: 11.9
RSSI: -97
LED Errors: 0
Version: 3
Revision: 0

2024-11-03 09:19:13.266049
Sender: 2
Head 0: G
Head 1: O
Head 2: O
Head 3: O
Captures: 0
Releases: 0
Turnouts: 0
Voltage: 11.9
RSSI: -97
LED Errors: 0
Version: 3
Revision: 0

2024-11-03 09:19:21.223213
Sender: 1
Head 0: G
Head 1: O
Head 2: O
Head 3: O
Captures: 0
Releases: 0
Turnouts: 0
Voltage: 12.0
RSSI: -99
LED Errors: 0
Version: 3
Revision: 0

2024-11-03 09:19:25.243924
Sender: 2
Head 0: G
Head 1: O
Head 2: O
Head 3: O
Captures: 0
Releases: 0
Turnouts: 0
Voltage: 11.9
RSSI: -97
LED Errors: 0
Version: 3
Revision: 0

2024-11-03 09:19:40.461698
Sender: 2
Head 0: G
Head 1: O
Head 2: O
Head 3: O
Captures: 0
Releases: 0
Turnouts: 0
Voltage: 11.9
RSSI: -97
LED Errors: 0
Version: 3
Revision: 0

2024-11-03 09:19:51.887457
Sender: 1
Head 0: R
Head 1: O
Head 2: O
Head 3: O
Captures: 0
Releases: 0
Turnouts: 0
Voltage: 12.0
RSSI: -99
LED Errors: 0
Version: 3
Revision: 0

2024-11-03 09:19:52.068317
Sender: 2
Head 0: A
Head 1: O
Head 2: O
Head 3: O
Captures: 1
Releases: 0
Turnouts: 0
Voltage: 11.9
RSSI: -97
LED Errors: 0
Version: 3
Revision: 0

2024-11-03 09:19:54.057958
Sender: 2
Head 0: A
Head 1: O
Head 2: O
Head 3: O
Captures: 0
Releases: 0
Turnouts: 0
Voltage: 11.9
RSSI: -97
LED Errors: 0
Version: 3
Revision: 0

2024-11-03 09:20:53.988523
Sender: 1
Head 0: G
Head 1: O
Head 2: O
Head 3: O
Captures: 0
Releases: 0
Turnouts: 0
Voltage: 12.0
RSSI: -99
LED Errors: 0
Version: 3
Revision: 0

2024-11-03 09:20:55.257845
Sender: 2
Head 0: G
Head 1: O
Head 2: O
Head 3: O
Captures: 0
Releases: 0
Turnouts: 0
Voltage: 11.9
RSSI: -97
LED Errors: 0
Version: 3
Revision: 0

2024-11-03 09:21:03.009345
Sender: 1
Head 0: R
Head 1: O
Head 2: O
Head 3: O
Captures: 0
Releases: 0
Turnouts: 0
Voltage: 12.0
RSSI: -99
LED Errors: 0
Version: 3
Revision: 0

2024-11-03 09:21:04.275999
Sender: 2
Head 0: A
Head 1: O
Head 2: O
Head 3: O
Captures: 0
Releases: 0
Turnouts: 0
Voltage: 11.9
RSSI: -97
LED Errors: 0
Version: 3
Revision: 0

2024-11-03 09:21:18.062434
Sender: 1
Head 0: G
Head 1: O
Head 2: O
Head 3: O
Captures: 0
Releases: 0
Turnouts: 0
Voltage: 12.0
RSSI: -99
LED Errors: 0
Version: 3
Revision: 0

2024-11-03 09:21:28.030803
Sender: 2
Head 0: G
Head 1: O
Head 2: O
Head 3: O
Captures: 0
Releases: 0
Turnouts: 0
Voltage: 11.9
RSSI: -97
LED Errors: 0
Version: 3
Revision: 0

2024-11-03 09:27:23.046459
Sender: 1
Head 0: G
Head 1: O
Head 2: O
Head 3: O
Captures: 0
Releases: 0
Turnouts: 0
Voltage: 12.0
RSSI: -99
LED Errors: 0
Version: 3
Revision: 0

2024-11-03 09:27:28.265024
Sender: 2
Head 0: G
Head 1: O
Head 2: O
Head 3: O
Captures: 0
Releases: 0
Turnouts: 0
Voltage: 11.9
RSSI: -97
LED Errors: 0
Version: 3
Revision: 0

2024-11-03 09:30:39.378498
Sender: 1
Head 0: G
Head 1: O
Head 2: O
Head 3: O
Captures: 0
Releases: 0
Turnouts: 0
Voltage: 12.0
RSSI: -92
LED Errors: 0
Version: 3
Revision: 0

2024-11-03 09:30:40.384076
Sender: 1
Head 0: G
Head 1: O
Head 2: O
Head 3: O
Captures: 0
Releases: 0
Turnouts: 0
Voltage: 12.0
RSSI: -92
LED Errors: 0
Version: 3
Revision: 0

2024-11-03 09:30:41.404774
Sender: 1
Head 0: G
Head 1: O
Head 2: O
Head 3: O
Captures: 0
Releases: 0
Turnouts: 0
Voltage: 12.0
RSSI: -92
LED Errors: 0
Version: 3
Revision: 0

2024-11-03 09:30:42.395521
Sender: 1
Head 0: G
Head 1: O
Head 2: O
Head 3: O
Captures: 0
Releases: 0
Turnouts: 0
Voltage: 12.0
RSSI: -92
LED Errors: 0
Version: 3
Revision: 0

2024-11-03 09:30:52.721339
Sender: 2
Head 0: G
Head 1: O
Head 2: O
Head 3: O
Captures: 0
Releases: 0
Turnouts: 0
Voltage: 11.9
RSSI: -95
LED Errors: 0
Version: 3
Revision: 0

2024-11-03 09:30:53.711195
Sender: 2
Head 0: G
Head 1: O
Head 2: O
Head 3: O
Captures: 0
Releases: 0
Turnouts: 0
Voltage: 11.9
RSSI: -95
LED Errors: 0
Version: 3
Revision: 0

2024-11-03 09:30:54.717595
Sender: 2
Head 0: G
Head 1: O
Head 2: O
Head 3: O
Captures: 0
Releases: 0
Turnouts: 0
Voltage: 11.9
RSSI: -95
LED Errors: 0
Version: 3
Revision: 0

2024-11-03 09:30:56.731606
Sender: 2
Head 0: G
Head 1: O
Head 2: O
Head 3: O
Captures: 0
Releases: 0
Turnouts: 0
Voltage: 11.9
RSSI: -95
LED Errors: 0
Version: 3
Revision: 0

2024-11-03 09:31:08.766393
Sender: 2
Head 0: A
Head 1: O
Head 2: O
Head 3: O
Captures: 0
Releases: 0
Turnouts: 0
Voltage: 11.9
RSSI: -95
LED Errors: 0
Version: 3
Revision: 0

2024-11-03 09:31:09.511287
Sender: 1
Head 0: R
Head 1: O
Head 2: O
Head 3: O
Captures: 0
Releases: 0
Turnouts: 0
Voltage: 12.0
RSSI: -92
LED Errors: 0
Version: 3
Revision: 0

2024-11-03 09:31:09.787979
Sender: 2
Head 0: A
Head 1: O
Head 2: O
Head 3: O
Captures: 0
Releases: 0
Turnouts: 0
Voltage: 11.9
RSSI: -95
LED Errors: 0
Version: 3
Revision: 0

2024-11-03 09:31:11.523672
Sender: 1
Head 0: R
Head 1: O
Head 2: O
Head 3: O
Captures: 0
Releases: 0
Turnouts: 0
Voltage: 12.0
RSSI: -92
LED Errors: 0
Version: 3
Revision: 0

2024-11-03 09:31:12.530104
Sender: 1
Head 0: R
Head 1: O
Head 2: O
Head 3: O
Captures: 0
Releases: 0
Turnouts: 0
Voltage: 12.0
RSSI: -92
LED Errors: 0
Version: 3
Revision: 0

2024-11-03 09:31:13.534172
Sender: 1
Head 0: R
Head 1: O
Head 2: O
Head 3: O
Captures: 0
Releases: 0
Turnouts: 0
Voltage: 12.0
RSSI: -92
LED Errors: 0
Version: 3
Revision: 0

2024-11-03 09:31:14.539029
Sender: 1
Head 0: R
Head 1: O
Head 2: O
Head 3: O
Captures: 0
Releases: 0
Turnouts: 0
Voltage: 12.0
RSSI: -92
LED Errors: 0
Version: 3
Revision: 0

2024-11-03 09:31:15.543933
Sender: 1
Head 0: R
Head 1: O
Head 2: O
Head 3: O
Captures: 0
Releases: 0
Turnouts: 0
Voltage: 12.0
RSSI: -92
LED Errors: 0
Version: 3
Revision: 0

2024-11-03 09:31:16.549747
Sender: 1
Head 0: R
Head 1: O
Head 2: O
Head 3: O
Captures: 0
Releases: 0
Turnouts: 0
Voltage: 12.0
RSSI: -92
LED Errors: 0
Version: 3
Revision: 0

2024-11-03 09:31:17.555566
Sender: 1
Head 0: R
Head 1: O
Head 2: O
Head 3: O
Captures: 0
Releases: 0
Turnouts: 0
Voltage: 12.0
RSSI: -92
LED Errors: 0
Version: 3
Revision: 0

2024-11-03 09:34:47.593326
Sender: 1
Head 0: G
Head 1: O
Head 2: O
Head 3: O
Captures: 0
Releases: 0
Turnouts: 0
Voltage: 12.0
RSSI: -92
LED Errors: 0
Version: 3
Revision: 0

2024-11-03 09:34:48.599565
Sender: 1
Head 0: G
Head 1: O
Head 2: O
Head 3: O
Captures: 0
Releases: 0
Turnouts: 0
Voltage: 12.0
RSSI: -92
LED Errors: 0
Version: 3
Revision: 0

2024-11-03 09:34:51.612471
Sender: 2
Head 0: G
Head 1: O
Head 2: O
Head 3: O
Captures: 0
Releases: 0
Turnouts: 0
Voltage: 11.9
RSSI: -96
LED Errors: 0
Version: 3
Revision: 0

2024-11-03 09:35:31.965398
Sender: 1
Head 0: G
Head 1: O
Head 2: O
Head 3: O
Captures: 0
Releases: 0
Turnouts: 0
Voltage: 12.0
RSSI: -92
LED Errors: 0
Version: 3
Revision: 0

2024-11-03 09:35:33.907275
Sender: 2
Head 0: G
Head 1: O
Head 2: O
Head 3: O
Captures: 0
Releases: 0
Turnouts: 0
Voltage: 11.9
RSSI: -91
LED Errors: 0
Version: 3
Revision: 0

2024-11-03 09:35:39.949550
Sender: 2
Head 0: G
Head 1: O
Head 2: O
Head 3: O
Captures: 0
Releases: 0
Turnouts: 0
Voltage: 11.9
RSSI: -91
LED Errors: 0
Version: 3
Revision: 0

2024-11-03 09:35:40.957611
Sender: 2
Head 0: G
Head 1: O
Head 2: O
Head 3: O
Captures: 0
Releases: 0
Turnouts: 0
Voltage: 11.9
RSSI: -91
LED Errors: 0
Version: 3
Revision: 0

2024-11-03 09:35:41.963281
Sender: 2
Head 0: G
Head 1: O
Head 2: O
Head 3: O
Captures: 0
Releases: 0
Turnouts: 0
Voltage: 11.9
RSSI: -91
LED Errors: 0
Version: 3
Revision: 0

2024-11-03 09:35:42.971324
Sender: 2
Head 0: G
Head 1: O
Head 2: O
Head 3: O
Captures: 0
Releases: 0
Turnouts: 0
Voltage: 11.9
RSSI: -91
LED Errors: 0
Version: 3
Revision: 0

2024-11-03 09:35:47.421494
Sender: 1
Head 0: R
Head 1: O
Head 2: O
Head 3: O
Captures: 0
Releases: 0
Turnouts: 0
Voltage: 12.0
RSSI: -92
LED Errors: 0
Version: 3
Revision: 0

2024-11-03 09:35:47.681205
Sender: 2
Head 0: A
Head 1: O
Head 2: O
Head 3: O
Captures: 0
Releases: 0
Turnouts: 0
Voltage: 11.9
RSSI: -91
LED Errors: 0
Version: 3
Revision: 0

2024-11-03 09:35:48.427661
Sender: 1
Head 0: R
Head 1: O
Head 2: O
Head 3: O
Captures: 0
Releases: 0
Turnouts: 0
Voltage: 12.0
RSSI: -92
LED Errors: 0
Version: 3
Revision: 0

2024-11-03 09:35:52.718467
Sender: 2
Head 0: A
Head 1: O
Head 2: O
Head 3: O
Captures: 0
Releases: 0
Turnouts: 0
Voltage: 11.9
RSSI: -91
LED Errors: 0
Version: 3
Revision: 0

2024-11-03 09:36:05.282438
Sender: 1
Head 0: G
Head 1: O
Head 2: O
Head 3: O
Captures: 0
Releases: 0
Turnouts: 0
Voltage: 12.0
RSSI: -92
LED Errors: 0
Version: 3
Revision: 0

2024-11-03 09:36:06.288435
Sender: 1
Head 0: G
Head 1: O
Head 2: O
Head 3: O
Captures: 0
Releases: 0
Turnouts: 0
Voltage: 12.0
RSSI: -92
LED Errors: 0
Version: 3
Revision: 0

2024-11-03 09:36:12.593412
Sender: 2
Head 0: G
Head 1: O
Head 2: O
Head 3: O
Captures: 0
Releases: 0
Turnouts: 0
Voltage: 11.9
RSSI: -91
LED Errors: 0
Version: 3
Revision: 0

2024-11-03 09:36:13.600476
Sender: 2
Head 0: G
Head 1: O
Head 2: O
Head 3: O
Captures: 0
Releases: 0
Turnouts: 0
Voltage: 11.9
RSSI: -91
LED Errors: 0
Version: 3
Revision: 0

2024-11-03 09:36:14.613001
Sender: 2
Head 0: G
Head 1: O
Head 2: O
Head 3: O
Captures: 0
Releases: 0
Turnouts: 0
Voltage: 11.9
RSSI: -91
LED Errors: 0
Version: 3
Revision: 0

2024-11-03 09:37:30.034169
Sender: 1
Head 0: G
Head 1: O
Head 2: O
Head 3: O
Captures: 0
Releases: 0
Turnouts: 0
Voltage: 12.0
RSSI: -92
LED Errors: 0
Version: 3
Revision: 0

2024-11-03 09:37:30.970396
Sender: 2
Head 0: G
Head 1: O
Head 2: O
Head 3: O
Captures: 0
Releases: 0
Turnouts: 0
Voltage: 11.9
RSSI: -90
LED Errors: 0
Version: 3
Revision: 0

2024-11-03 09:38:34.069615
Sender: 2
Head 0: A
Head 1: O
Head 2: O
Head 3: O
Captures: 0
Releases: 0
Turnouts: 0
Voltage: 11.9
RSSI: -90
LED Errors: 0
Version: 3
Revision: 0

2024-11-03 09:38:35.078734
Sender: 2
Head 0: A
Head 1: O
Head 2: O
Head 3: O
Captures: 0
Releases: 0
Turnouts: 0
Voltage: 11.9
RSSI: -90
LED Errors: 0
Version: 3
Revision: 0

2024-11-03 09:38:36.042830
Sender: 1
Head 0: R
Head 1: O
Head 2: O
Head 3: O
Captures: 0
Releases: 0
Turnouts: 0
Voltage: 12.0
RSSI: -92
LED Errors: 0
Version: 3
Revision: 0

2024-11-03 09:38:37.049137
Sender: 1
Head 0: R
Head 1: O
Head 2: O
Head 3: O
Captures: 0
Releases: 0
Turnouts: 0
Voltage: 12.0
RSSI: -92
LED Errors: 0
Version: 3
Revision: 0

2024-11-03 09:38:37.316933
Sender: 2
Head 0: A
Head 1: O
Head 2: O
Head 3: O
Captures: 0
Releases: 0
Turnouts: 0
Voltage: 11.9
RSSI: -90
LED Errors: 0
Version: 3
Revision: 0

2024-11-03 09:38:38.330034
Sender: 2
Head 0: A
Head 1: O
Head 2: O
Head 3: O
Captures: 0
Releases: 0
Turnouts: 0
Voltage: 11.9
RSSI: -90
LED Errors: 0
Version: 3
Revision: 0

2024-11-03 09:38:39.334805
Sender: 2
Head 0: A
Head 1: O
Head 2: O
Head 3: O
Captures: 0
Releases: 0
Turnouts: 0
Voltage: 11.9
RSSI: -90
LED Errors: 0
Version: 3
Revision: 0

2024-11-03 09:38:40.339817
Sender: 2
Head 0: A
Head 1: O
Head 2: O
Head 3: O
Captures: 0
Releases: 0
Turnouts: 0
Voltage: 11.9
RSSI: -90
LED Errors: 0
Version: 3
Revision: 0

2024-11-03 09:38:41.347762
Sender: 2
Head 0: A
Head 1: O
Head 2: O
Head 3: O
Captures: 0
Releases: 0
Turnouts: 0
Voltage: 11.9
RSSI: -90
LED Errors: 0
Version: 3
Revision: 0

2024-11-03 09:39:17.016826
Sender: 1
Head 0: G
Head 1: O
Head 2: O
Head 3: O
Captures: 0
Releases: 0
Turnouts: 0
Voltage: 12.0
RSSI: -92
LED Errors: 0
Version: 3
Revision: 0

2024-11-03 09:39:18.023028
Sender: 1
Head 0: G
Head 1: O
Head 2: O
Head 3: O
Captures: 0
Releases: 0
Turnouts: 0
Voltage: 12.0
RSSI: -92
LED Errors: 0
Version: 3
Revision: 0

2024-11-03 09:39:26.344389
Sender: 2
Head 0: G
Head 1: O
Head 2: O
Head 3: O
Captures: 0
Releases: 0
Turnouts: 0
Voltage: 11.9
RSSI: -90
LED Errors: 0
Version: 3
Revision: 0

2024-11-03 09:42:51.148623
Sender: 1
Head 0: G
Head 1: O
Head 2: O
Head 3: O
Captures: 0
Releases: 0
Turnouts: 0
Voltage: 12.0
RSSI: -92
LED Errors: 0
Version: 3
Revision: 0

2024-11-03 09:43:09.932362
Sender: 1
Head 0: R
Head 1: O
Head 2: O
Head 3: O
Captures: 0
Releases: 0
Turnouts: 0
Voltage: 12.0
RSSI: -92
LED Errors: 0
Version: 3
Revision: 0

2024-11-03 09:43:15.475587
Sender: 1
Head 0: G
Head 1: O
Head 2: O
Head 3: O
Captures: 0
Releases: 0
Turnouts: 0
Voltage: 12.0
RSSI: -92
LED Errors: 0
Version: 3
Revision: 0

2024-11-03 09:43:25.186269
Sender: 2
Head 0: G
Head 1: O
Head 2: O
Head 3: O
Captures: 0
Releases: 0
Turnouts: 0
Voltage: 11.9
RSSI: -90
LED Errors: 0
Version: 3
Revision: 0

2024-11-03 09:43:27.145914
Sender: 1
Head 0: R
Head 1: O
Head 2: O
Head 3: O
Captures: 0
Releases: 0
Turnouts: 0
Voltage: 12.0
RSSI: -92
LED Errors: 0
Version: 3
Revision: 0

2024-11-03 09:43:30.479221
Sender: 2
Head 0: A
Head 1: O
Head 2: O
Head 3: O
Captures: 0
Releases: 0
Turnouts: 0
Voltage: 11.9
RSSI: -90
LED Errors: 0
Version: 3
Revision: 0

2024-11-03 09:43:31.461961
Sender: 2
Head 0: A
Head 1: O
Head 2: O
Head 3: O
Captures: 0
Releases: 0
Turnouts: 0
Voltage: 11.9
RSSI: -90
LED Errors: 0
Version: 3
Revision: 0

2024-11-03 09:43:53.141993
Sender: 1
Head 0: G
Head 1: O
Head 2: O
Head 3: O
Captures: 0
Releases: 0
Turnouts: 0
Voltage: 12.0
RSSI: -92
LED Errors: 0
Version: 3
Revision: 0

2024-11-03 09:44:04.122173
Sender: 2
Head 0: G
Head 1: O
Head 2: O
Head 3: O
Captures: 0
Releases: 0
Turnouts: 0
Voltage: 11.9
RSSI: -90
LED Errors: 0
Version: 3
Revision: 0

2024-11-03 09:44:05.124228
Sender: 2
Head 0: G
Head 1: O
Head 2: O
Head 3: O
Captures: 0
Releases: 0
Turnouts: 0
Voltage: 11.9
RSSI: -90
LED Errors: 0
Version: 3
Revision: 0

2024-11-03 09:44:06.131204
Sender: 2
Head 0: G
Head 1: O
Head 2: O
Head 3: O
Captures: 0
Releases: 0
Turnouts: 0
Voltage: 11.9
RSSI: -90
LED Errors: 0
Version: 3
Revision: 0

2024-11-03 09:44:10.158419
Sender: 2
Head 0: G
Head 1: O
Head 2: O
Head 3: O
Captures: 0
Releases: 0
Turnouts: 0
Voltage: 11.9
RSSI: -90
LED Errors: 0
Version: 3
Revision: 0

2024-11-03 09:44:11.168201
Sender: 2
Head 0: G
Head 1: O
Head 2: O
Head 3: O
Captures: 0
Releases: 0
Turnouts: 0
Voltage: 11.9
RSSI: -90
LED Errors: 0
Version: 3
Revision: 0

2024-11-03 09:44:12.570623
Sender: 1
Head 0: R
Head 1: O
Head 2: O
Head 3: O
Captures: 0
Releases: 0
Turnouts: 0
Voltage: 12.0
RSSI: -92
LED Errors: 0
Version: 3
Revision: 0

2024-11-03 09:44:30.564652
Sender: 2
Head 0: A
Head 1: O
Head 2: O
Head 3: O
Captures: 0
Releases: 0
Turnouts: 0
Voltage: 11.9
RSSI: -90
LED Errors: 0
Version: 3
Revision: 0

2024-11-03 09:44:46.908819
Sender: 1
Head 0: G
Head 1: O
Head 2: O
Head 3: O
Captures: 0
Releases: 0
Turnouts: 0
Voltage: 12.0
RSSI: -92
LED Errors: 0
Version: 3
Revision: 0

2024-11-03 09:44:57.884746
Sender: 2
Head 0: G
Head 1: O
Head 2: O
Head 3: O
Captures: 0
Releases: 0
Turnouts: 0
Voltage: 11.9
RSSI: -90
LED Errors: 0
Version: 3
Revision: 0

2024-11-03 09:45:51.990258
Sender: 1
Head 0: R
Head 1: O
Head 2: O
Head 3: O
Captures: 0
Releases: 0
Turnouts: 0
Voltage: 12.0
RSSI: -92
LED Errors: 0
Version: 3
Revision: 0

2024-11-03 09:45:54.095885
Sender: 2
Head 0: A
Head 1: O
Head 2: O
Head 3: O
Captures: 0
Releases: 0
Turnouts: 0
Voltage: 11.9
RSSI: -90
LED Errors: 0
Version: 3
Revision: 0

2024-11-03 09:46:03.225048
Sender: 1
Head 0: G
Head 1: O
Head 2: O
Head 3: O
Captures: 0
Releases: 0
Turnouts: 0
Voltage: 12.0
RSSI: -92
LED Errors: 0
Version: 3
Revision: 0

2024-11-03 09:46:06.532836
Sender: 2
Head 0: G
Head 1: O
Head 2: O
Head 3: O
Captures: 0
Releases: 0
Turnouts: 0
Voltage: 11.9
RSSI: -90
LED Errors: 0
Version: 3
Revision: 0

2024-11-03 09:47:58.719195
Sender: 2
Head 0: A
Head 1: O
Head 2: O
Head 3: O
Captures: 1
Releases: 0
Turnouts: 0
Voltage: 11.9
RSSI: -90
LED Errors: 0
Version: 3
Revision: 0

2024-11-03 09:48:00.726875
Sender: 2
Head 0: A
Head 1: O
Head 2: O
Head 3: O
Captures: 0
Releases: 0
Turnouts: 0
Voltage: 11.9
RSSI: -90
LED Errors: 0
Version: 3
Revision: 0

2024-11-03 09:48:48.785844
Sender: 1
Head 0: R
Head 1: O
Head 2: O
Head 3: O
Captures: 0
Releases: 0
Turnouts: 0
Voltage: 12.0
RSSI: -92
LED Errors: 0
Version: 3
Revision: 0

2024-11-03 09:48:49.102778
Sender: 2
Head 0: A
Head 1: O
Head 2: O
Head 3: O
Captures: 0
Releases: 0
Turnouts: 0
Voltage: 11.9
RSSI: -90
LED Errors: 0
Version: 3
Revision: 0

2024-11-03 09:49:06.093858
Sender: 2
Head 0: A
Head 1: O
Head 2: O
Head 3: O
Captures: 1
Releases: 0
Turnouts: 0
Voltage: 11.9
RSSI: -90
LED Errors: 0
Version: 3
Revision: 0

2024-11-03 09:49:13.099105
Sender: 2
Head 0: A
Head 1: O
Head 2: O
Head 3: O
Captures: 0
Releases: 0
Turnouts: 0
Voltage: 11.9
RSSI: -90
LED Errors: 0
Version: 3
Revision: 0

2024-11-03 09:50:10.224539
Sender: 1
Head 0: G
Head 1: O
Head 2: O
Head 3: O
Captures: 0
Releases: 0
Turnouts: 0
Voltage: 12.0
RSSI: -92
LED Errors: 0
Version: 3
Revision: 0

2024-11-03 09:50:10.510962
Sender: 2
Head 0: G
Head 1: O
Head 2: O
Head 3: O
Captures: 0
Releases: 1
Turnouts: 0
Voltage: 11.9
RSSI: -90
LED Errors: 0
Version: 3
Revision: 0

2024-11-03 09:50:12.518872
Sender: 2
Head 0: G
Head 1: O
Head 2: O
Head 3: O
Captures: 0
Releases: 1
Turnouts: 0
Voltage: 11.9
RSSI: -90
LED Errors: 0
Version: 3
Revision: 0

2024-11-03 09:50:19.525440
Sender: 2
Head 0: G
Head 1: O
Head 2: O
Head 3: O
Captures: 0
Releases: 0
Turnouts: 0
Voltage: 11.9
RSSI: -90
LED Errors: 0
Version: 3
Revision: 0

2024-11-03 09:50:51.448382
Sender: 2
Head 0: R
Head 1: O
Head 2: O
Head 3: O
Captures: 0
Releases: 0
Turnouts: 0
Voltage: 11.9
RSSI: -90
LED Errors: 0
Version: 3
Revision: 0

2024-11-03 09:50:52.718230
Sender: 1
Head 0: A
Head 1: O
Head 2: O
Head 3: O
Captures: 0
Releases: 0
Turnouts: 0
Voltage: 12.0
RSSI: -92
LED Errors: 0
Version: 3
Revision: 0

2024-11-03 09:56:56.261506
Sender: 1
Head 0: A
Head 1: O
Head 2: O
Head 3: O
Captures: 0
Releases: 0
Turnouts: 0
Voltage: 12.0
RSSI: -92
LED Errors: 0
Version: 3
Revision: 0

2024-11-03 09:56:56.579743
Sender: 2
Head 0: R
Head 1: O
Head 2: O
Head 3: O
Captures: 0
Releases: 0
Turnouts: 0
Voltage: 11.9
RSSI: -90
LED Errors: 0
Version: 3
Revision: 0

2024-11-03 09:57:52.143227
Sender: 2
Head 0: G
Head 1: O
Head 2: O
Head 3: O
Captures: 0
Releases: 0
Turnouts: 0
Voltage: 11.9
RSSI: -90
LED Errors: 0
Version: 3
Revision: 0

2024-11-03 09:57:52.356843
Sender: 1
Head 0: G
Head 1: O
Head 2: O
Head 3: O
Captures: 0
Releases: 0
Turnouts: 0
Voltage: 12.0
RSSI: -92
LED Errors: 0
Version: 3
Revision: 0

2024-11-03 10:00:56.326708
Sender: 1
Head 0: R
Head 1: O
Head 2: O
Head 3: O
Captures: 0
Releases: 0
Turnouts: 0
Voltage: 12.0
RSSI: -92
LED Errors: 0
Version: 3
Revision: 0

2024-11-03 10:00:56.613857
Sender: 2
Head 0: A
Head 1: O
Head 2: O
Head 3: O
Captures: 1
Releases: 0
Turnouts: 0
Voltage: 11.9
RSSI: -90
LED Errors: 0
Version: 3
Revision: 0

2024-11-03 10:00:58.621790
Sender: 2
Head 0: A
Head 1: O
Head 2: O
Head 3: O
Captures: 0
Releases: 0
Turnouts: 0
Voltage: 11.9
RSSI: -90
LED Errors: 0
Version: 3
Revision: 0

2024-11-03 10:06:57.305441
Sender: 1
Head 0: R
Head 1: O
Head 2: O
Head 3: O
Captures: 0
Releases: 0
Turnouts: 0
Voltage: 12.0
RSSI: -92
LED Errors: 0
Version: 3
Revision: 0

2024-11-03 10:07:02.614721
Sender: 2
Head 0: A
Head 1: O
Head 2: O
Head 3: O
Captures: 0
Releases: 0
Turnouts: 0
Voltage: 11.9
RSSI: -90
LED Errors: 0
Version: 3
Revision: 0

2024-11-03 10:07:56.570982
Sender: 1
Head 0: G
Head 1: O
Head 2: O
Head 3: O
Captures: 0
Releases: 0
Turnouts: 0
Voltage: 12.0
RSSI: -92
LED Errors: 0
Version: 3
Revision: 0

2024-11-03 10:07:57.356933
Sender: 2
Head 0: G
Head 1: O
Head 2: O
Head 3: O
Captures: 0
Releases: 0
Turnouts: 0
Voltage: 11.9
RSSI: -90
LED Errors: 0
Version: 3
Revision: 0

2024-11-03 10:13:58.336623
Sender: 1
Head 0: G
Head 1: O
Head 2: O
Head 3: O
Captures: 0
Releases: 0
Turnouts: 0
Voltage: 12.0
RSSI: -92
LED Errors: 0
Version: 3
Revision: 0

2024-11-03 10:13:58.671420
Sender: 2
Head 0: G
Head 1: O
Head 2: O
Head 3: O
Captures: 0
Releases: 0
Turnouts: 0
Voltage: 11.9
RSSI: -90
LED Errors: 0
Version: 3
Revision: 0

2024-11-03 10:19:59.298883
Sender: 1
Head 0: G
Head 1: O
Head 2: O
Head 3: O
Captures: 0
Releases: 0
Turnouts: 0
Voltage: 12.0
RSSI: -92
LED Errors: 0
Version: 3
Revision: 0

2024-11-03 10:19:59.628098
Sender: 2
Head 0: G
Head 1: O
Head 2: O
Head 3: O
Captures: 0
Releases: 0
Turnouts: 0
Voltage: 11.9
RSSI: -90
LED Errors: 0
Version: 3
Revision: 0

2024-11-03 10:26:00.250667
Sender: 1
Head 0: G
Head 1: O
Head 2: O
Head 3: O
Captures: 0
Releases: 0
Turnouts: 0
Voltage: 12.0
RSSI: -92
LED Errors: 0
Version: 3
Revision: 0

2024-11-03 10:26:00.584569
Sender: 2
Head 0: G
Head 1: O
Head 2: O
Head 3: O
Captures: 0
Releases: 0
Turnouts: 0
Voltage: 11.9
RSSI: -90
LED Errors: 0
Version: 3
Revision: 0

2024-11-03 10:35:46.296002
Sender: 1
Head 0: G
Head 1: O
Head 2: O
Head 3: O
Captures: 0
Releases: 0
Turnouts: 0
Voltage: 12.0
RSSI: -92
LED Errors: 0
Version: 3
Revision: 0

2024-11-03 10:35:46.612262
Sender: 2
Head 0: G
Head 1: O
Head 2: O
Head 3: O
Captures: 0
Releases: 0
Turnouts: 0
Voltage: 12.0
RSSI: -90
LED Errors: 0
Version: 3
Revision: 0

2024-11-03 10:38:58.413787
Sender: 2
Head 0: O
Head 1: O
Head 2: O
Head 3: O
Captures: 0
Releases: 0
Turnouts: 0
Voltage: 11.9
RSSI: -90
LED Errors: 0
Version: 3
Revision: 0

2024-11-03 10:38:58.852900
Sender: 1
Head 0: O
Head 1: O
Head 2: O
Head 3: O
Captures: 0
Releases: 0
Turnouts: 0
Voltage: 12.0
RSSI: -92
LED Errors: 0
Version: 3
Revision: 0

2024-11-03 11:39:03.007798
Sender: 1
Head 0: O
Head 1: O
Head 2: O
Head 3: O
Captures: 0
Releases: 0
Turnouts: 0
Voltage: 12.0
RSSI: -92
LED Errors: 0
Version: 3
Revision: 0

2024-11-03 11:39:03.337672
Sender: 2
Head 0: O
Head 1: O
Head 2: O
Head 3: O
Captures: 0
Releases: 0
Turnouts: 0
Voltage: 12.0
RSSI: -90
LED Errors: 0
Version: 3
Revision: 0

2024-11-03 12:39:05.464922
Sender: 1
Head 0: O
Head 1: O
Head 2: O
Head 3: O
Captures: 0
Releases: 0
Turnouts: 0
Voltage: 12.0
RSSI: -92
LED Errors: 0
Version: 3
Revision: 0

2024-11-03 12:39:05.899111
Sender: 2
Head 0: O
Head 1: O
Head 2: O
Head 3: O
Captures: 0
Releases: 0
Turnouts: 0
Voltage: 12.0
RSSI: -90
LED Errors: 0
Version: 3
Revision: 0

2024-11-03 13:39:07.838009
Sender: 1
Head 0: O
Head 1: O
Head 2: O
Head 3: O
Captures: 0
Releases: 0
Turnouts: 0
Voltage: 12.1
RSSI: -92
LED Errors: 0
Version: 3
Revision: 0

2024-11-03 13:39:08.156204
Sender: 2
Head 0: O
Head 1: O
Head 2: O
Head 3: O
Captures: 0
Releases: 0
Turnouts: 0
Voltage: 11.9
RSSI: -90
LED Errors: 0
Version: 3
Revision: 0

2024-11-03 14:39:21.950128
Sender: 1
Head 0: O
Head 1: O
Head 2: O
Head 3: O
Captures: 0
Releases: 0
Turnouts: 0
Voltage: 12.0
RSSI: -92
LED Errors: 0
Version: 3
Revision: 0

2024-11-03 14:39:22.265259
Sender: 2
Head 0: O
Head 1: O
Head 2: O
Head 3: O
Captures: 0
Releases: 0
Turnouts: 0
Voltage: 12.0
RSSI: -90
LED Errors: 0
Version: 3
Revision: 0

2024-11-03 15:17:55.167374
Sender: 2
Head 0: G
Head 1: O
Head 2: O
Head 3: O
Captures: 0
Releases: 0
Turnouts: 0
Voltage: 11.9
RSSI: -90
LED Errors: 0
Version: 3
Revision: 0

2024-11-03 15:18:03.783924
Sender: 1
Head 0: O
Head 1: O
Head 2: O
Head 3: O
Captures: 0
Releases: 0
Turnouts: 0
Voltage: 12.0
RSSI: -92
LED Errors: 0
Version: 3
Revision: 0

2024-11-03 15:18:08.901389
Sender: 1
Head 0: G
Head 1: O
Head 2: O
Head 3: O
Captures: 0
Releases: 0
Turnouts: 0
Voltage: 12.0
RSSI: -92
LED Errors: 0
Version: 3
Revision: 0

2024-11-03 15:18:15.107068
Sender: 1
Head 0: R
Head 1: O
Head 2: O
Head 3: O
Captures: 0
Releases: 0
Turnouts: 0
Voltage: 12.0
RSSI: -92
LED Errors: 0
Version: 3
Revision: 0

2024-11-03 15:18:15.394218
Sender: 2
Head 0: A
Head 1: O
Head 2: O
Head 3: O
Captures: 1
Releases: 0
Turnouts: 0
Voltage: 11.9
RSSI: -90
LED Errors: 0
Version: 3
Revision: 0

2024-11-03 15:18:17.400814
Sender: 2
Head 0: A
Head 1: O
Head 2: O
Head 3: O
Captures: 0
Releases: 0
Turnouts: 0
Voltage: 11.9
RSSI: -90
LED Errors: 0
Version: 3
Revision: 0

2024-11-03 15:18:20.385038
Sender: 1
Head 0: G
Head 1: O
Head 2: O
Head 3: O
Captures: 0
Releases: 0
Turnouts: 0
Voltage: 12.0
RSSI: -92
LED Errors: 0
Version: 3
Revision: 0

2024-11-03 15:18:20.541111
Sender: 2
Head 0: G
Head 1: O
Head 2: O
Head 3: O
Captures: 0
Releases: 1
Turnouts: 0
Voltage: 11.9
RSSI: -90
LED Errors: 0
Version: 3
Revision: 0

2024-11-03 15:18:27.519810
Sender: 2
Head 0: G
Head 1: O
Head 2: O
Head 3: O
Captures: 0
Releases: 0
Turnouts: 0
Voltage: 11.9
RSSI: -90
LED Errors: 0
Version: 3
Revision: 0

2024-11-03 15:20:02.423058
Sender: 1
Head 0: R
Head 1: O
Head 2: O
Head 3: O
Captures: 0
Releases: 0
Turnouts: 0
Voltage: 12.0
RSSI: -92
LED Errors: 0
Version: 3
Revision: 0

2024-11-03 15:20:02.588727
Sender: 2
Head 0: A
Head 1: O
Head 2: O
Head 3: O
Captures: 1
Releases: 0
Turnouts: 0
Voltage: 11.9
RSSI: -90
LED Errors: 0
Version: 3
Revision: 0

2024-11-03 15:20:04.538396
Sender: 2
Head 0: A
Head 1: O
Head 2: O
Head 3: O
Captures: 0
Releases: 0
Turnouts: 0
Voltage: 11.9
RSSI: -90
LED Errors: 0
Version: 3
Revision: 0

2024-11-03 15:20:36.003369
Sender: 1
Head 0: G
Head 1: O
Head 2: O
Head 3: O
Captures: 0
Releases: 0
Turnouts: 0
Voltage: 12.0
RSSI: -92
LED Errors: 0
Version: 3
Revision: 0

2024-11-03 15:20:45.975547
Sender: 2
Head 0: G
Head 1: O
Head 2: O
Head 3: O
Captures: 0
Releases: 0
Turnouts: 0
Voltage: 11.9
RSSI: -90
LED Errors: 0
Version: 3
Revision: 0

2024-11-03 15:26:15.891625
Sender: 2
Head 0: R
Head 1: O
Head 2: O
Head 3: O
Captures: 0
Releases: 0
Turnouts: 0
Voltage: 11.9
RSSI: -90
LED Errors: 0
Version: 3
Revision: 0

2024-11-03 15:26:17.154977
Sender: 1
Head 0: A
Head 1: O
Head 2: O
Head 3: O
Captures: 0
Releases: 0
Turnouts: 0
Voltage: 12.0
RSSI: -92
LED Errors: 0
Version: 3
Revision: 0

2024-11-03 15:30:16.938779
Sender: 2
Head 0: G
Head 1: O
Head 2: O
Head 3: O
Captures: 0
Releases: 1
Turnouts: 0
Voltage: 11.9
RSSI: -90
LED Errors: 0
Version: 3
Revision: 0

2024-11-03 15:30:18.946327
Sender: 2
Head 0: G
Head 1: O
Head 2: O
Head 3: O
Captures: 0
Releases: 0
Turnouts: 0
Voltage: 11.9
RSSI: -90
LED Errors: 0
Version: 3
Revision: 0

2024-11-03 15:30:26.902019
Sender: 1
Head 0: G
Head 1: O
Head 2: O
Head 3: O
Captures: 0
Releases: 0
Turnouts: 0
Voltage: 12.0
RSSI: -92
LED Errors: 0
Version: 3
Revision: 0

2024-11-03 15:33:35.711991
Sender: 1
Head 0: R
Head 1: O
Head 2: O
Head 3: O
Captures: 0
Releases: 0
Turnouts: 0
Voltage: 12.0
RSSI: -92
LED Errors: 0
Version: 3
Revision: 0

2024-11-03 15:33:35.865690
Sender: 2
Head 0: A
Head 1: O
Head 2: O
Head 3: O
Captures: 1
Releases: 0
Turnouts: 0
Voltage: 11.9
RSSI: -90
LED Errors: 0
Version: 3
Revision: 0

2024-11-03 15:33:41.221935
Sender: 1
Head 0: G
Head 1: O
Head 2: O
Head 3: O
Captures: 0
Releases: 0
Turnouts: 0
Voltage: 12.0
RSSI: -92
LED Errors: 0
Version: 3
Revision: 0

2024-11-03 15:33:41.383792
Sender: 2
Head 0: G
Head 1: O
Head 2: O
Head 3: O
Captures: 1
Releases: 1
Turnouts: 0
Voltage: 11.9
RSSI: -90
LED Errors: 0
Version: 3
Revision: 0

2024-11-03 15:33:43.323615
Sender: 2
Head 0: G
Head 1: O
Head 2: O
Head 3: O
Captures: 1
Releases: 0
Turnouts: 0
Voltage: 11.9
RSSI: -90
LED Errors: 0
Version: 3
Revision: 0

2024-11-03 15:33:50.332192
Sender: 2
Head 0: G
Head 1: O
Head 2: O
Head 3: O
Captures: 0
Releases: 0
Turnouts: 0
Voltage: 11.9
RSSI: -90
LED Errors: 0
Version: 3
Revision: 0

2024-11-03 15:39:43.164104
Sender: 1
Head 0: G
Head 1: O
Head 2: O
Head 3: O
Captures: 0
Releases: 0
Turnouts: 0
Voltage: 12.0
RSSI: -92
LED Errors: 0
Version: 3
Revision: 0

2024-11-03 15:39:53.375942
Sender: 2
Head 0: G
Head 1: O
Head 2: O
Head 3: O
Captures: 0
Releases: 0
Turnouts: 0
Voltage: 11.9
RSSI: -90
LED Errors: 0
Version: 3
Revision: 0

2024-11-03 15:45:28.690629
Sender: 1
Head 0: G
Head 1: O
Head 2: O
Head 3: O
Captures: 0
Releases: 0
Turnouts: 0
Voltage: 12.0
RSSI: -92
LED Errors: 0
Version: 3
Revision: 0

2024-11-03 15:45:29.626258
Sender: 2
Head 0: G
Head 1: O
Head 2: O
Head 3: O
Captures: 0
Releases: 0
Turnouts: 0
Voltage: 11.9
RSSI: -88
LED Errors: 0
Version: 3
Revision: 0

2024-11-03 15:45:30.632897
Sender: 2
Head 0: G
Head 1: O
Head 2: O
Head 3: O
Captures: 0
Releases: 0
Turnouts: 0
Voltage: 11.9
RSSI: -88
LED Errors: 0
Version: 3
Revision: 0

2024-11-03 15:45:31.639831
Sender: 2
Head 0: G
Head 1: O
Head 2: O
Head 3: O
Captures: 0
Releases: 0
Turnouts: 0
Voltage: 11.9
RSSI: -88
LED Errors: 0
Version: 3
Revision: 0

2024-11-03 15:45:32.647318
Sender: 2
Head 0: G
Head 1: O
Head 2: O
Head 3: O
Captures: 0
Releases: 0
Turnouts: 0
Voltage: 11.9
RSSI: -88
LED Errors: 0
Version: 3
Revision: 0

2024-11-03 15:45:33.653858
Sender: 2
Head 0: G
Head 1: O
Head 2: O
Head 3: O
Captures: 0
Releases: 0
Turnouts: 0
Voltage: 11.9
RSSI: -88
LED Errors: 0
Version: 3
Revision: 0

2024-11-03 15:45:34.664005
Sender: 2
Head 0: G
Head 1: O
Head 2: O
Head 3: O
Captures: 0
Releases: 0
Turnouts: 0
Voltage: 11.9
RSSI: -88
LED Errors: 0
Version: 3
Revision: 0

2024-11-03 15:45:35.669107
Sender: 2
Head 0: G
Head 1: O
Head 2: O
Head 3: O
Captures: 0
Releases: 0
Turnouts: 0
Voltage: 11.9
RSSI: -88
LED Errors: 0
Version: 3
Revision: 0

2024-11-03 15:45:36.675775
Sender: 2
Head 0: G
Head 1: O
Head 2: O
Head 3: O
Captures: 0
Releases: 0
Turnouts: 0
Voltage: 11.9
RSSI: -88
LED Errors: 0
Version: 3
Revision: 0

2024-11-03 15:45:37.682099
Sender: 2
Head 0: G
Head 1: O
Head 2: O
Head 3: O
Captures: 0
Releases: 0
Turnouts: 0
Voltage: 11.9
RSSI: -88
LED Errors: 0
Version: 3
Revision: 0

2024-11-03 15:45:38.689257
Sender: 2
Head 0: G
Head 1: O
Head 2: O
Head 3: O
Captures: 0
Releases: 0
Turnouts: 0
Voltage: 11.9
RSSI: -88
LED Errors: 0
Version: 3
Revision: 0

2024-11-03 15:45:39.695915
Sender: 2
Head 0: G
Head 1: O
Head 2: O
Head 3: O
Captures: 0
Releases: 0
Turnouts: 0
Voltage: 11.9
RSSI: -88
LED Errors: 0
Version: 3
Revision: 0

2024-11-03 15:46:09.103247
Sender: 1
Head 0: R
Head 1: O
Head 2: O
Head 3: O
Captures: 0
Releases: 0
Turnouts: 0
Voltage: 12.0
RSSI: -92
LED Errors: 0
Version: 3
Revision: 0

2024-11-03 15:46:09.267058
Sender: 2
Head 0: A
Head 1: O
Head 2: O
Head 3: O
Captures: 1
Releases: 0
Turnouts: 0
Voltage: 11.9
RSSI: -88
LED Errors: 0
Version: 3
Revision: 0

2024-11-03 15:46:10.251569
Sender: 2
Head 0: A
Head 1: O
Head 2: O
Head 3: O
Captures: 0
Releases: 0
Turnouts: 0
Voltage: 11.9
RSSI: -88
LED Errors: 0
Version: 3
Revision: 0

2024-11-03 15:46:11.259396
Sender: 2
Head 0: A
Head 1: O
Head 2: O
Head 3: O
Captures: 0
Releases: 0
Turnouts: 0
Voltage: 11.9
RSSI: -88
LED Errors: 0
Version: 3
Revision: 0

2024-11-03 15:46:12.266623
Sender: 2
Head 0: A
Head 1: O
Head 2: O
Head 3: O
Captures: 0
Releases: 0
Turnouts: 0
Voltage: 11.9
RSSI: -88
LED Errors: 0
Version: 3
Revision: 0

2024-11-03 15:46:13.273110
Sender: 2
Head 0: A
Head 1: O
Head 2: O
Head 3: O
Captures: 0
Releases: 0
Turnouts: 0
Voltage: 11.9
RSSI: -88
LED Errors: 0
Version: 3
Revision: 0

2024-11-03 15:46:14.279985
Sender: 2
Head 0: A
Head 1: O
Head 2: O
Head 3: O
Captures: 0
Releases: 0
Turnouts: 0
Voltage: 11.9
RSSI: -88
LED Errors: 0
Version: 3
Revision: 0

2024-11-03 15:46:15.287084
Sender: 2
Head 0: A
Head 1: O
Head 2: O
Head 3: O
Captures: 0
Releases: 0
Turnouts: 0
Voltage: 11.9
RSSI: -88
LED Errors: 0
Version: 3
Revision: 0

2024-11-03 15:46:16.294515
Sender: 2
Head 0: A
Head 1: O
Head 2: O
Head 3: O
Captures: 0
Releases: 0
Turnouts: 0
Voltage: 11.9
RSSI: -88
LED Errors: 0
Version: 3
Revision: 0

2024-11-03 15:46:17.301924
Sender: 2
Head 0: A
Head 1: O
Head 2: O
Head 3: O
Captures: 0
Releases: 0
Turnouts: 0
Voltage: 11.9
RSSI: -88
LED Errors: 0
Version: 3
Revision: 0

2024-11-03 15:46:18.309054
Sender: 2
Head 0: A
Head 1: O
Head 2: O
Head 3: O
Captures: 0
Releases: 0
Turnouts: 0
Voltage: 11.9
RSSI: -88
LED Errors: 0
Version: 3
Revision: 0

2024-11-03 15:46:19.315700
Sender: 2
Head 0: A
Head 1: O
Head 2: O
Head 3: O
Captures: 0
Releases: 0
Turnouts: 0
Voltage: 11.9
RSSI: -88
LED Errors: 0
Version: 3
Revision: 0

2024-11-03 15:49:55.582662
Sender: 1
Head 0: G
Head 1: O
Head 2: O
Head 3: O
Captures: 0
Releases: 0
Turnouts: 0
Voltage: 12.0
RSSI: -92
LED Errors: 0
Version: 3
Revision: 0

2024-11-03 15:49:55.749295
Sender: 2
Head 0: G
Head 1: O
Head 2: O
Head 3: O
Captures: 0
Releases: 1
Turnouts: 0
Voltage: 11.9
RSSI: -88
LED Errors: 0
Version: 3
Revision: 0

2024-11-03 15:49:56.731312
Sender: 2
Head 0: G
Head 1: O
Head 2: O
Head 3: O
Captures: 0
Releases: 0
Turnouts: 0
Voltage: 11.9
RSSI: -88
LED Errors: 0
Version: 3
Revision: 0

2024-11-03 15:49:57.738429
Sender: 2
Head 0: G
Head 1: O
Head 2: O
Head 3: O
Captures: 0
Releases: 0
Turnouts: 0
Voltage: 11.9
RSSI: -88
LED Errors: 0
Version: 3
Revision: 0

2024-11-03 15:49:58.744917
Sender: 2
Head 0: G
Head 1: O
Head 2: O
Head 3: O
Captures: 0
Releases: 0
Turnouts: 0
Voltage: 11.9
RSSI: -88
LED Errors: 0
Version: 3
Revision: 0

2024-11-03 15:49:59.752603
Sender: 2
Head 0: G
Head 1: O
Head 2: O
Head 3: O
Captures: 0
Releases: 0
Turnouts: 0
Voltage: 11.9
RSSI: -88
LED Errors: 0
Version: 3
Revision: 0

2024-11-03 15:50:00.759112
Sender: 2
Head 0: G
Head 1: O
Head 2: O
Head 3: O
Captures: 0
Releases: 0
Turnouts: 0
Voltage: 11.9
RSSI: -88
LED Errors: 0
Version: 3
Revision: 0

2024-11-03 15:50:01.765966
Sender: 2
Head 0: G
Head 1: O
Head 2: O
Head 3: O
Captures: 0
Releases: 0
Turnouts: 0
Voltage: 11.9
RSSI: -88
LED Errors: 0
Version: 3
Revision: 0

2024-11-03 15:50:02.773494
Sender: 2
Head 0: G
Head 1: O
Head 2: O
Head 3: O
Captures: 0
Releases: 0
Turnouts: 0
Voltage: 11.9
RSSI: -88
LED Errors: 0
Version: 3
Revision: 0

2024-11-03 15:50:03.780438
Sender: 2
Head 0: G
Head 1: O
Head 2: O
Head 3: O
Captures: 0
Releases: 0
Turnouts: 0
Voltage: 11.9
RSSI: -88
LED Errors: 0
Version: 3
Revision: 0

2024-11-03 15:50:04.787584
Sender: 2
Head 0: G
Head 1: O
Head 2: O
Head 3: O
Captures: 0
Releases: 0
Turnouts: 0
Voltage: 11.9
RSSI: -88
LED Errors: 0
Version: 3
Revision: 0

2024-11-03 15:50:05.794530
Sender: 2
Head 0: G
Head 1: O
Head 2: O
Head 3: O
Captures: 0
Releases: 0
Turnouts: 0
Voltage: 11.9
RSSI: -88
LED Errors: 0
Version: 3
Revision: 0

2024-11-03 15:52:13.419983
Sender: 2
Head 0: R
Head 1: O
Head 2: O
Head 3: O
Captures: 0
Releases: 0
Turnouts: 0
Voltage: 11.9
RSSI: 0
LED Errors: 0
Version: 3
Revision: 0

2024-11-03 15:52:14.426981
Sender: 2
Head 0: R
Head 1: O
Head 2: O
Head 3: O
Captures: 0
Releases: 0
Turnouts: 0
Voltage: 11.9
RSSI: 0
LED Errors: 0
Version: 3
Revision: 0

2024-11-03 15:52:15.433749
Sender: 2
Head 0: R
Head 1: O
Head 2: O
Head 3: O
Captures: 0
Releases: 0
Turnouts: 0
Voltage: 11.9
RSSI: 0
LED Errors: 0
Version: 3
Revision: 0

2024-11-03 15:52:16.440899
Sender: 2
Head 0: R
Head 1: O
Head 2: O
Head 3: O
Captures: 0
Releases: 0
Turnouts: 0
Voltage: 11.9
RSSI: 0
LED Errors: 0
Version: 3
Revision: 0

2024-11-03 15:52:17.448327
Sender: 2
Head 0: R
Head 1: O
Head 2: O
Head 3: O
Captures: 0
Releases: 0
Turnouts: 0
Voltage: 11.9
RSSI: 0
LED Errors: 0
Version: 3
Revision: 0

2024-11-03 15:52:18.455267
Sender: 2
Head 0: R
Head 1: O
Head 2: O
Head 3: O
Captures: 0
Releases: 0
Turnouts: 0
Voltage: 11.9
RSSI: 0
LED Errors: 0
Version: 3
Revision: 0

2024-11-03 15:52:20.468821
Sender: 2
Head 0: R
Head 1: O
Head 2: O
Head 3: O
Captures: 0
Releases: 0
Turnouts: 0
Voltage: 11.9
RSSI: 0
LED Errors: 0
Version: 3
Revision: 0

2024-11-03 15:52:21.476489
Sender: 2
Head 0: R
Head 1: O
Head 2: O
Head 3: O
Captures: 0
Releases: 0
Turnouts: 0
Voltage: 11.9
RSSI: 0
LED Errors: 0
Version: 3
Revision: 0

2024-11-03 15:52:22.482986
Sender: 2
Head 0: R
Head 1: O
Head 2: O
Head 3: O
Captures: 0
Releases: 0
Turnouts: 0
Voltage: 11.9
RSSI: 0
LED Errors: 0
Version: 3
Revision: 0

2024-11-03 15:52:23.489976
Sender: 2
Head 0: R
Head 1: O
Head 2: O
Head 3: O
Captures: 0
Releases: 0
Turnouts: 0
Voltage: 11.9
RSSI: 0
LED Errors: 0
Version: 3
Revision: 0

2024-11-03 15:52:30.940348
Sender: 1
Head 0: G
Head 1: O
Head 2: O
Head 3: O
Captures: 0
Releases: 0
Turnouts: 0
Voltage: 12.0
RSSI: -92
LED Errors: 0
Version: 3
Revision: 0

2024-11-03 15:52:31.946639
Sender: 1
Head 0: G
Head 1: O
Head 2: O
Head 3: O
Captures: 0
Releases: 0
Turnouts: 0
Voltage: 12.0
RSSI: -92
LED Errors: 0
Version: 3
Revision: 0

2024-11-03 15:52:32.952011
Sender: 1
Head 0: G
Head 1: O
Head 2: O
Head 3: O
Captures: 0
Releases: 0
Turnouts: 0
Voltage: 12.0
RSSI: -92
LED Errors: 0
Version: 3
Revision: 0

2024-11-03 15:52:33.030552
Sender: 2
Head 0: G
Head 1: O
Head 2: O
Head 3: O
Captures: 0
Releases: 0
Turnouts: 0
Voltage: 11.9
RSSI: -95
LED Errors: 0
Version: 3
Revision: 0

2024-11-03 15:52:34.038477
Sender: 2
Head 0: G
Head 1: O
Head 2: O
Head 3: O
Captures: 0
Releases: 0
Turnouts: 0
Voltage: 11.9
RSSI: -95
LED Errors: 0
Version: 3
Revision: 0

2024-11-03 15:52:35.045105
Sender: 2
Head 0: G
Head 1: O
Head 2: O
Head 3: O
Captures: 0
Releases: 0
Turnouts: 0
Voltage: 11.9
RSSI: -95
LED Errors: 0
Version: 3
Revision: 0

2024-11-03 15:52:36.051726
Sender: 2
Head 0: G
Head 1: O
Head 2: O
Head 3: O
Captures: 0
Releases: 0
Turnouts: 0
Voltage: 11.9
RSSI: -95
LED Errors: 0
Version: 3
Revision: 0

2024-11-03 15:52:37.059093
Sender: 2
Head 0: G
Head 1: O
Head 2: O
Head 3: O
Captures: 0
Releases: 0
Turnouts: 0
Voltage: 11.9
RSSI: -95
LED Errors: 0
Version: 3
Revision: 0

2024-11-03 15:52:38.065550
Sender: 2
Head 0: G
Head 1: O
Head 2: O
Head 3: O
Captures: 0
Releases: 0
Turnouts: 0
Voltage: 11.9
RSSI: -95
LED Errors: 0
Version: 3
Revision: 0

2024-11-03 15:52:39.072307
Sender: 2
Head 0: G
Head 1: O
Head 2: O
Head 3: O
Captures: 0
Releases: 0
Turnouts: 0
Voltage: 11.9
RSSI: -95
LED Errors: 0
Version: 3
Revision: 0

2024-11-03 15:52:40.079160
Sender: 2
Head 0: G
Head 1: O
Head 2: O
Head 3: O
Captures: 0
Releases: 0
Turnouts: 0
Voltage: 11.9
RSSI: -95
LED Errors: 0
Version: 3
Revision: 0

2024-11-03 15:52:41.086103
Sender: 2
Head 0: G
Head 1: O
Head 2: O
Head 3: O
Captures: 0
Releases: 0
Turnouts: 0
Voltage: 11.9
RSSI: -95
LED Errors: 0
Version: 3
Revision: 0

2024-11-03 15:56:35.052686
Sender: 2
Head 0: R
Head 1: O
Head 2: O
Head 3: O
Captures: 0
Releases: 0
Turnouts: 0
Voltage: 11.9
RSSI: 0
LED Errors: 0
Version: 3
Revision: 0

2024-11-03 15:56:36.060748
Sender: 2
Head 0: R
Head 1: O
Head 2: O
Head 3: O
Captures: 0
Releases: 0
Turnouts: 0
Voltage: 11.9
RSSI: 0
LED Errors: 0
Version: 3
Revision: 0

2024-11-03 15:56:37.065804
Sender: 2
Head 0: R
Head 1: O
Head 2: O
Head 3: O
Captures: 0
Releases: 0
Turnouts: 0
Voltage: 11.9
RSSI: 0
LED Errors: 0
Version: 3
Revision: 0

2024-11-03 15:56:38.073878
Sender: 2
Head 0: R
Head 1: O
Head 2: O
Head 3: O
Captures: 0
Releases: 0
Turnouts: 0
Voltage: 11.9
RSSI: 0
LED Errors: 0
Version: 3
Revision: 0

2024-11-03 15:56:39.079863
Sender: 2
Head 0: R
Head 1: O
Head 2: O
Head 3: O
Captures: 0
Releases: 0
Turnouts: 0
Voltage: 11.9
RSSI: 0
LED Errors: 0
Version: 3
Revision: 0

2024-11-03 15:56:40.087101
Sender: 2
Head 0: R
Head 1: O
Head 2: O
Head 3: O
Captures: 0
Releases: 0
Turnouts: 0
Voltage: 11.9
RSSI: 0
LED Errors: 0
Version: 3
Revision: 0

2024-11-03 15:56:41.093692
Sender: 2
Head 0: R
Head 1: O
Head 2: O
Head 3: O
Captures: 0
Releases: 0
Turnouts: 0
Voltage: 11.9
RSSI: 0
LED Errors: 0
Version: 3
Revision: 0

2024-11-03 15:56:43.108389
Sender: 2
Head 0: R
Head 1: O
Head 2: O
Head 3: O
Captures: 0
Releases: 0
Turnouts: 0
Voltage: 11.9
RSSI: 0
LED Errors: 0
Version: 3
Revision: 0

2024-11-03 15:56:44.115173
Sender: 2
Head 0: R
Head 1: O
Head 2: O
Head 3: O
Captures: 0
Releases: 0
Turnouts: 0
Voltage: 11.9
RSSI: 0
LED Errors: 0
Version: 3
Revision: 0

2024-11-03 15:56:45.121678
Sender: 2
Head 0: R
Head 1: O
Head 2: O
Head 3: O
Captures: 0
Releases: 0
Turnouts: 0
Voltage: 11.9
RSSI: 0
LED Errors: 0
Version: 3
Revision: 0

2024-11-03 15:56:50.519977
Sender: 1
Head 0: G
Head 1: O
Head 2: O
Head 3: O
Captures: 0
Releases: 0
Turnouts: 0
Voltage: 12.0
RSSI: -92
LED Errors: 0
Version: 3
Revision: 0

2024-11-03 15:56:50.846932
Sender: 2
Head 0: G
Head 1: O
Head 2: O
Head 3: O
Captures: 0
Releases: 0
Turnouts: 0
Voltage: 11.9
RSSI: -93
LED Errors: 0
Version: 3
Revision: 0

2024-11-03 15:56:51.854069
Sender: 2
Head 0: G
Head 1: O
Head 2: O
Head 3: O
Captures: 0
Releases: 0
Turnouts: 0
Voltage: 11.9
RSSI: -93
LED Errors: 0
Version: 3
Revision: 0

2024-11-03 15:56:52.860374
Sender: 2
Head 0: G
Head 1: O
Head 2: O
Head 3: O
Captures: 0
Releases: 0
Turnouts: 0
Voltage: 11.9
RSSI: -93
LED Errors: 0
Version: 3
Revision: 0

2024-11-03 15:56:53.867542
Sender: 2
Head 0: G
Head 1: O
Head 2: O
Head 3: O
Captures: 0
Releases: 0
Turnouts: 0
Voltage: 11.9
RSSI: -93
LED Errors: 0
Version: 3
Revision: 0

2024-11-03 15:56:54.874652
Sender: 2
Head 0: G
Head 1: O
Head 2: O
Head 3: O
Captures: 0
Releases: 0
Turnouts: 0
Voltage: 11.9
RSSI: -93
LED Errors: 0
Version: 3
Revision: 0

2024-11-03 15:56:55.881142
Sender: 2
Head 0: G
Head 1: O
Head 2: O
Head 3: O
Captures: 0
Releases: 0
Turnouts: 0
Voltage: 11.9
RSSI: -93
LED Errors: 0
Version: 3
Revision: 0

2024-11-03 15:56:56.702806
Sender: 1
Head 0: R
Head 1: O
Head 2: O
Head 3: O
Captures: 0
Releases: 0
Turnouts: 0
Voltage: 12.0
RSSI: -92
LED Errors: 0
Version: 3
Revision: 0

2024-11-03 15:56:56.888056
Sender: 2
Head 0: A
Head 1: O
Head 2: O
Head 3: O
Captures: 0
Releases: 0
Turnouts: 0
Voltage: 11.9
RSSI: -93
LED Errors: 0
Version: 3
Revision: 0

2024-11-03 15:56:57.894996
Sender: 2
Head 0: A
Head 1: O
Head 2: O
Head 3: O
Captures: 0
Releases: 0
Turnouts: 0
Voltage: 11.9
RSSI: -93
LED Errors: 0
Version: 3
Revision: 0

2024-11-03 15:56:58.902298
Sender: 2
Head 0: A
Head 1: O
Head 2: O
Head 3: O
Captures: 0
Releases: 0
Turnouts: 0
Voltage: 11.9
RSSI: -93
LED Errors: 0
Version: 3
Revision: 0

2024-11-03 15:56:59.910426
Sender: 2
Head 0: A
Head 1: O
Head 2: O
Head 3: O
Captures: 0
Releases: 0
Turnouts: 0
Voltage: 11.9
RSSI: -93
LED Errors: 0
Version: 3
Revision: 0

2024-11-03 15:57:00.921958
Sender: 2
Head 0: A
Head 1: O
Head 2: O
Head 3: O
Captures: 0
Releases: 0
Turnouts: 0
Voltage: 11.9
RSSI: -93
LED Errors: 0
Version: 3
Revision: 0

2024-11-03 15:57:01.923763
Sender: 2
Head 0: A
Head 1: O
Head 2: O
Head 3: O
Captures: 0
Releases: 0
Turnouts: 0
Voltage: 11.9
RSSI: -93
LED Errors: 0
Version: 3
Revision: 0

2024-11-03 15:57:02.930952
Sender: 2
Head 0: A
Head 1: O
Head 2: O
Head 3: O
Captures: 0
Releases: 0
Turnouts: 0
Voltage: 11.9
RSSI: -93
LED Errors: 0
Version: 3
Revision: 0

2024-11-03 15:57:03.941371
Sender: 2
Head 0: A
Head 1: O
Head 2: O
Head 3: O
Captures: 0
Releases: 0
Turnouts: 0
Voltage: 11.9
RSSI: -93
LED Errors: 0
Version: 3
Revision: 0

2024-11-03 15:57:04.944315
Sender: 2
Head 0: A
Head 1: O
Head 2: O
Head 3: O
Captures: 0
Releases: 0
Turnouts: 0
Voltage: 11.9
RSSI: -93
LED Errors: 0
Version: 3
Revision: 0

2024-11-03 15:57:05.951391
Sender: 2
Head 0: A
Head 1: O
Head 2: O
Head 3: O
Captures: 0
Releases: 0
Turnouts: 0
Voltage: 11.9
RSSI: -93
LED Errors: 0
Version: 3
Revision: 0

2024-11-03 15:57:06.960855
Sender: 2
Head 0: A
Head 1: O
Head 2: O
Head 3: O
Captures: 0
Releases: 0
Turnouts: 0
Voltage: 11.9
RSSI: -93
LED Errors: 0
Version: 3
Revision: 0

2024-11-03 15:57:11.007473
Sender: 1
Head 0: G
Head 1: O
Head 2: O
Head 3: O
Captures: 0
Releases: 0
Turnouts: 0
Voltage: 12.0
RSSI: -92
LED Errors: 0
Version: 3
Revision: 0

2024-11-03 15:57:11.161342
Sender: 2
Head 0: G
Head 1: O
Head 2: O
Head 3: O
Captures: 0
Releases: 1
Turnouts: 0
Voltage: 11.9
RSSI: -93
LED Errors: 0
Version: 3
Revision: 0

2024-11-03 15:57:12.148649
Sender: 2
Head 0: G
Head 1: O
Head 2: O
Head 3: O
Captures: 0
Releases: 0
Turnouts: 0
Voltage: 11.9
RSSI: -93
LED Errors: 0
Version: 3
Revision: 0

2024-11-03 15:57:13.153479
Sender: 2
Head 0: G
Head 1: O
Head 2: O
Head 3: O
Captures: 0
Releases: 0
Turnouts: 0
Voltage: 11.9
RSSI: -93
LED Errors: 0
Version: 3
Revision: 0

2024-11-03 15:57:14.160427
Sender: 2
Head 0: G
Head 1: O
Head 2: O
Head 3: O
Captures: 0
Releases: 0
Turnouts: 0
Voltage: 11.9
RSSI: -93
LED Errors: 0
Version: 3
Revision: 0

2024-11-03 15:57:15.168072
Sender: 2
Head 0: G
Head 1: O
Head 2: O
Head 3: O
Captures: 0
Releases: 0
Turnouts: 0
Voltage: 11.9
RSSI: -93
LED Errors: 0
Version: 3
Revision: 0

2024-11-03 15:57:16.174838
Sender: 2
Head 0: G
Head 1: O
Head 2: O
Head 3: O
Captures: 0
Releases: 0
Turnouts: 0
Voltage: 11.9
RSSI: -93
LED Errors: 0
Version: 3
Revision: 0

2024-11-03 15:57:17.182229
Sender: 2
Head 0: G
Head 1: O
Head 2: O
Head 3: O
Captures: 0
Releases: 0
Turnouts: 0
Voltage: 11.9
RSSI: -93
LED Errors: 0
Version: 3
Revision: 0

2024-11-03 15:57:17.497973
Sender: 1
Head 0: R
Head 1: O
Head 2: O
Head 3: O
Captures: 0
Releases: 0
Turnouts: 0
Voltage: 12.0
RSSI: -92
LED Errors: 0
Version: 3
Revision: 0

2024-11-03 15:57:18.191302
Sender: 2
Head 0: A
Head 1: O
Head 2: O
Head 3: O
Captures: 0
Releases: 0
Turnouts: 0
Voltage: 11.9
RSSI: -93
LED Errors: 0
Version: 3
Revision: 0

2024-11-03 15:57:19.196430
Sender: 2
Head 0: A
Head 1: O
Head 2: O
Head 3: O
Captures: 0
Releases: 0
Turnouts: 0
Voltage: 11.9
RSSI: -93
LED Errors: 0
Version: 3
Revision: 0

2024-11-03 15:57:20.202677
Sender: 2
Head 0: A
Head 1: O
Head 2: O
Head 3: O
Captures: 0
Releases: 0
Turnouts: 0
Voltage: 11.9
RSSI: -93
LED Errors: 0
Version: 3
Revision: 0

2024-11-03 15:57:21.209856
Sender: 2
Head 0: A
Head 1: O
Head 2: O
Head 3: O
Captures: 0
Releases: 0
Turnouts: 0
Voltage: 11.9
RSSI: -93
LED Errors: 0
Version: 3
Revision: 0

2024-11-03 15:57:22.217189
Sender: 2
Head 0: A
Head 1: O
Head 2: O
Head 3: O
Captures: 0
Releases: 0
Turnouts: 0
Voltage: 11.9
RSSI: -93
LED Errors: 0
Version: 3
Revision: 0

2024-11-03 15:57:23.223904
Sender: 2
Head 0: A
Head 1: O
Head 2: O
Head 3: O
Captures: 0
Releases: 0
Turnouts: 0
Voltage: 11.9
RSSI: -93
LED Errors: 0
Version: 3
Revision: 0

2024-11-03 15:57:24.230756
Sender: 2
Head 0: A
Head 1: O
Head 2: O
Head 3: O
Captures: 0
Releases: 0
Turnouts: 0
Voltage: 11.9
RSSI: -93
LED Errors: 0
Version: 3
Revision: 0

2024-11-03 15:57:25.237995
Sender: 2
Head 0: A
Head 1: O
Head 2: O
Head 3: O
Captures: 0
Releases: 0
Turnouts: 0
Voltage: 11.9
RSSI: -93
LED Errors: 0
Version: 3
Revision: 0

2024-11-03 15:57:26.245172
Sender: 2
Head 0: A
Head 1: O
Head 2: O
Head 3: O
Captures: 0
Releases: 0
Turnouts: 0
Voltage: 11.9
RSSI: -93
LED Errors: 0
Version: 3
Revision: 0

2024-11-03 15:57:28.258833
Sender: 2
Head 0: A
Head 1: O
Head 2: O
Head 3: O
Captures: 0
Releases: 0
Turnouts: 0
Voltage: 11.9
RSSI: -93
LED Errors: 0
Version: 3
Revision: 0

2024-11-03 16:00:00.973963
Sender: 2
Head 0: R
Head 1: O
Head 2: O
Head 3: O
Captures: 0
Releases: 0
Turnouts: 0
Voltage: 11.9
RSSI: 0
LED Errors: 0
Version: 3
Revision: 0

2024-11-03 16:00:01.981429
Sender: 2
Head 0: R
Head 1: O
Head 2: O
Head 3: O
Captures: 0
Releases: 0
Turnouts: 0
Voltage: 11.9
RSSI: 0
LED Errors: 0
Version: 3
Revision: 0

2024-11-03 16:00:02.988606
Sender: 2
Head 0: R
Head 1: O
Head 2: O
Head 3: O
Captures: 0
Releases: 0
Turnouts: 0
Voltage: 11.9
RSSI: 0
LED Errors: 0
Version: 3
Revision: 0

2024-11-03 16:00:03.994721
Sender: 2
Head 0: R
Head 1: O
Head 2: O
Head 3: O
Captures: 0
Releases: 0
Turnouts: 0
Voltage: 11.9
RSSI: 0
LED Errors: 0
Version: 3
Revision: 0

2024-11-03 16:00:05.002369
Sender: 2
Head 0: R
Head 1: O
Head 2: O
Head 3: O
Captures: 0
Releases: 0
Turnouts: 0
Voltage: 11.9
RSSI: 0
LED Errors: 0
Version: 3
Revision: 0

2024-11-03 16:00:06.008531
Sender: 2
Head 0: R
Head 1: O
Head 2: O
Head 3: O
Captures: 0
Releases: 0
Turnouts: 0
Voltage: 11.9
RSSI: 0
LED Errors: 0
Version: 3
Revision: 0

2024-11-03 16:00:07.015031
Sender: 2
Head 0: R
Head 1: O
Head 2: O
Head 3: O
Captures: 0
Releases: 0
Turnouts: 0
Voltage: 11.9
RSSI: 0
LED Errors: 0
Version: 3
Revision: 0

2024-11-03 16:00:08.022266
Sender: 2
Head 0: R
Head 1: O
Head 2: O
Head 3: O
Captures: 0
Releases: 0
Turnouts: 0
Voltage: 11.9
RSSI: 0
LED Errors: 0
Version: 3
Revision: 0

2024-11-03 16:00:09.029630
Sender: 2
Head 0: R
Head 1: O
Head 2: O
Head 3: O
Captures: 0
Releases: 0
Turnouts: 0
Voltage: 11.9
RSSI: 0
LED Errors: 0
Version: 3
Revision: 0

2024-11-03 16:00:10.036875
Sender: 2
Head 0: R
Head 1: O
Head 2: O
Head 3: O
Captures: 0
Releases: 0
Turnouts: 0
Voltage: 11.9
RSSI: 0
LED Errors: 0
Version: 3
Revision: 0

2024-11-03 16:00:11.043302
Sender: 2
Head 0: R
Head 1: O
Head 2: O
Head 3: O
Captures: 0
Releases: 0
Turnouts: 0
Voltage: 11.9
RSSI: 0
LED Errors: 0
Version: 3
Revision: 0

2024-11-03 16:01:51.180521
Sender: 1
Head 0: G
Head 1: O
Head 2: O
Head 3: O
Captures: 0
Releases: 0
Turnouts: 0
Voltage: 12.0
RSSI: -92
LED Errors: 0
Version: 3
Revision: 0

2024-11-03 16:01:51.365421
Sender: 2
Head 0: G
Head 1: O
Head 2: O
Head 3: O
Captures: 0
Releases: 0
Turnouts: 0
Voltage: 11.9
RSSI: -99
LED Errors: 0
Version: 3
Revision: 0

2024-11-03 16:01:52.351603
Sender: 2
Head 0: G
Head 1: O
Head 2: O
Head 3: O
Captures: 0
Releases: 0
Turnouts: 0
Voltage: 11.9
RSSI: -99
LED Errors: 0
Version: 3
Revision: 0

2024-11-03 16:01:53.359330
Sender: 2
Head 0: G
Head 1: O
Head 2: O
Head 3: O
Captures: 0
Releases: 0
Turnouts: 0
Voltage: 11.9
RSSI: -99
LED Errors: 0
Version: 3
Revision: 0

2024-11-03 16:01:54.365759
Sender: 2
Head 0: G
Head 1: O
Head 2: O
Head 3: O
Captures: 0
Releases: 0
Turnouts: 0
Voltage: 11.9
RSSI: -99
LED Errors: 0
Version: 3
Revision: 0

2024-11-03 16:01:55.372997
Sender: 2
Head 0: G
Head 1: O
Head 2: O
Head 3: O
Captures: 0
Releases: 0
Turnouts: 0
Voltage: 11.9
RSSI: -99
LED Errors: 0
Version: 3
Revision: 0

2024-11-03 16:01:56.381906
Sender: 2
Head 0: G
Head 1: O
Head 2: O
Head 3: O
Captures: 0
Releases: 0
Turnouts: 0
Voltage: 11.9
RSSI: -99
LED Errors: 0
Version: 3
Revision: 0

2024-11-03 16:01:57.386090
Sender: 2
Head 0: G
Head 1: O
Head 2: O
Head 3: O
Captures: 0
Releases: 0
Turnouts: 0
Voltage: 11.9
RSSI: -99
LED Errors: 0
Version: 3
Revision: 0

2024-11-03 16:01:58.393782
Sender: 2
Head 0: G
Head 1: O
Head 2: O
Head 3: O
Captures: 0
Releases: 0
Turnouts: 0
Voltage: 11.9
RSSI: -99
LED Errors: 0
Version: 3
Revision: 0

2024-11-03 16:01:59.401088
Sender: 2
Head 0: G
Head 1: O
Head 2: O
Head 3: O
Captures: 0
Releases: 0
Turnouts: 0
Voltage: 11.9
RSSI: -99
LED Errors: 0
Version: 3
Revision: 0

2024-11-03 16:02:00.408095
Sender: 2
Head 0: G
Head 1: O
Head 2: O
Head 3: O
Captures: 0
Releases: 0
Turnouts: 0
Voltage: 11.9
RSSI: -99
LED Errors: 0
Version: 3
Revision: 0

2024-11-03 16:02:01.415004
Sender: 2
Head 0: G
Head 1: O
Head 2: O
Head 3: O
Captures: 0
Releases: 0
Turnouts: 0
Voltage: 11.9
RSSI: -99
LED Errors: 0
Version: 3
Revision: 0

2024-11-03 16:02:53.008754
Sender: 1
Head 0: R
Head 1: O
Head 2: O
Head 3: O
Captures: 0
Releases: 0
Turnouts: 0
Voltage: 12.0
RSSI: -92
LED Errors: 0
Version: 3
Revision: 0

2024-11-03 16:02:53.170041
Sender: 2
Head 0: A
Head 1: O
Head 2: O
Head 3: O
Captures: 0
Releases: 0
Turnouts: 0
Voltage: 11.9
RSSI: -99
LED Errors: 0
Version: 3
Revision: 0

2024-11-03 16:02:54.134117
Sender: 2
Head 0: A
Head 1: O
Head 2: O
Head 3: O
Captures: 0
Releases: 0
Turnouts: 0
Voltage: 11.9
RSSI: -99
LED Errors: 0
Version: 3
Revision: 0

2024-11-03 16:02:55.142642
Sender: 2
Head 0: A
Head 1: O
Head 2: O
Head 3: O
Captures: 0
Releases: 0
Turnouts: 0
Voltage: 11.9
RSSI: -99
LED Errors: 0
Version: 3
Revision: 0

2024-11-03 16:02:56.148730
Sender: 2
Head 0: A
Head 1: O
Head 2: O
Head 3: O
Captures: 0
Releases: 0
Turnouts: 0
Voltage: 11.9
RSSI: -99
LED Errors: 0
Version: 3
Revision: 0

2024-11-03 16:02:57.157301
Sender: 2
Head 0: A
Head 1: O
Head 2: O
Head 3: O
Captures: 0
Releases: 0
Turnouts: 0
Voltage: 11.9
RSSI: -99
LED Errors: 0
Version: 3
Revision: 0

2024-11-03 16:02:58.169791
Sender: 2
Head 0: A
Head 1: O
Head 2: O
Head 3: O
Captures: 0
Releases: 0
Turnouts: 0
Voltage: 11.9
RSSI: -99
LED Errors: 0
Version: 3
Revision: 0

2024-11-03 16:02:59.169626
Sender: 2
Head 0: A
Head 1: O
Head 2: O
Head 3: O
Captures: 0
Releases: 0
Turnouts: 0
Voltage: 11.9
RSSI: -99
LED Errors: 0
Version: 3
Revision: 0

2024-11-03 16:03:00.178199
Sender: 2
Head 0: A
Head 1: O
Head 2: O
Head 3: O
Captures: 0
Releases: 0
Turnouts: 0
Voltage: 11.9
RSSI: -99
LED Errors: 0
Version: 3
Revision: 0

2024-11-03 16:03:02.194328
Sender: 2
Head 0: A
Head 1: O
Head 2: O
Head 3: O
Captures: 0
Releases: 0
Turnouts: 0
Voltage: 11.9
RSSI: -99
LED Errors: 0
Version: 3
Revision: 0

2024-11-03 16:03:03.198296
Sender: 2
Head 0: A
Head 1: O
Head 2: O
Head 3: O
Captures: 0
Releases: 0
Turnouts: 0
Voltage: 11.9
RSSI: -99
LED Errors: 0
Version: 3
Revision: 0

2024-11-03 16:03:08.955127
Sender: 1
Head 0: G
Head 1: O
Head 2: O
Head 3: O
Captures: 0
Releases: 0
Turnouts: 0
Voltage: 12.0
RSSI: -92
LED Errors: 0
Version: 3
Revision: 0

2024-11-03 16:03:18.924436
Sender: 2
Head 0: G
Head 1: O
Head 2: O
Head 3: O
Captures: 0
Releases: 0
Turnouts: 0
Voltage: 11.9
RSSI: -99
LED Errors: 0
Version: 3
Revision: 0

2024-11-03 16:04:06.852804
Sender: 2
Head 0: R
Head 1: O
Head 2: O
Head 3: O
Captures: 0
Releases: 0
Turnouts: 0
Voltage: 11.9
RSSI: 0
LED Errors: 0
Version: 3
Revision: 0

2024-11-03 16:04:07.860200
Sender: 2
Head 0: R
Head 1: O
Head 2: O
Head 3: O
Captures: 0
Releases: 0
Turnouts: 0
Voltage: 11.9
RSSI: 0
LED Errors: 0
Version: 3
Revision: 0

2024-11-03 16:04:08.867330
Sender: 2
Head 0: R
Head 1: O
Head 2: O
Head 3: O
Captures: 0
Releases: 0
Turnouts: 0
Voltage: 11.9
RSSI: 0
LED Errors: 0
Version: 3
Revision: 0

2024-11-03 16:04:09.874465
Sender: 2
Head 0: R
Head 1: O
Head 2: O
Head 3: O
Captures: 0
Releases: 0
Turnouts: 0
Voltage: 11.9
RSSI: 0
LED Errors: 0
Version: 3
Revision: 0

2024-11-03 16:04:10.881502
Sender: 2
Head 0: R
Head 1: O
Head 2: O
Head 3: O
Captures: 0
Releases: 0
Turnouts: 0
Voltage: 11.9
RSSI: 0
LED Errors: 0
Version: 3
Revision: 0

2024-11-03 16:04:11.888202
Sender: 2
Head 0: R
Head 1: O
Head 2: O
Head 3: O
Captures: 0
Releases: 0
Turnouts: 0
Voltage: 11.9
RSSI: 0
LED Errors: 0
Version: 3
Revision: 0

2024-11-03 16:04:12.894941
Sender: 2
Head 0: R
Head 1: O
Head 2: O
Head 3: O
Captures: 0
Releases: 0
Turnouts: 0
Voltage: 11.9
RSSI: 0
LED Errors: 0
Version: 3
Revision: 0

2024-11-03 16:04:13.902298
Sender: 2
Head 0: R
Head 1: O
Head 2: O
Head 3: O
Captures: 0
Releases: 0
Turnouts: 0
Voltage: 11.9
RSSI: 0
LED Errors: 0
Version: 3
Revision: 0

2024-11-03 16:04:14.909642
Sender: 2
Head 0: R
Head 1: O
Head 2: O
Head 3: O
Captures: 0
Releases: 0
Turnouts: 0
Voltage: 11.9
RSSI: 0
LED Errors: 0
Version: 3
Revision: 0

2024-11-03 16:04:15.915913
Sender: 2
Head 0: R
Head 1: O
Head 2: O
Head 3: O
Captures: 0
Releases: 0
Turnouts: 0
Voltage: 11.9
RSSI: 0
LED Errors: 0
Version: 3
Revision: 0

2024-11-03 16:04:16.923759
Sender: 2
Head 0: R
Head 1: O
Head 2: O
Head 3: O
Captures: 0
Releases: 0
Turnouts: 0
Voltage: 11.9
RSSI: 0
LED Errors: 0
Version: 3
Revision: 0

2024-11-03 16:04:38.257514
Sender: 1
Head 0: G
Head 1: O
Head 2: O
Head 3: O
Captures: 0
Releases: 0
Turnouts: 0
Voltage: 12.0
RSSI: -92
LED Errors: 0
Version: 3
Revision: 0

2024-11-03 16:04:38.312115
Sender: 2
Head 0: G
Head 1: O
Head 2: O
Head 3: O
Captures: 0
Releases: 0
Turnouts: 0
Voltage: 11.9
RSSI: -99
LED Errors: 0
Version: 3
Revision: 0

2024-11-03 16:04:39.303564
Sender: 2
Head 0: G
Head 1: O
Head 2: O
Head 3: O
Captures: 0
Releases: 0
Turnouts: 0
Voltage: 11.9
RSSI: -99
LED Errors: 0
Version: 3
Revision: 0

2024-11-03 16:04:40.311354
Sender: 2
Head 0: G
Head 1: O
Head 2: O
Head 3: O
Captures: 0
Releases: 0
Turnouts: 0
Voltage: 11.9
RSSI: -99
LED Errors: 0
Version: 3
Revision: 0

2024-11-03 16:04:41.318828
Sender: 2
Head 0: G
Head 1: O
Head 2: O
Head 3: O
Captures: 0
Releases: 0
Turnouts: 0
Voltage: 11.9
RSSI: -99
LED Errors: 0
Version: 3
Revision: 0

2024-11-03 16:04:42.325310
Sender: 2
Head 0: G
Head 1: O
Head 2: O
Head 3: O
Captures: 0
Releases: 0
Turnouts: 0
Voltage: 11.9
RSSI: -99
LED Errors: 0
Version: 3
Revision: 0

2024-11-03 16:04:43.334850
Sender: 2
Head 0: G
Head 1: O
Head 2: O
Head 3: O
Captures: 0
Releases: 0
Turnouts: 0
Voltage: 11.9
RSSI: -99
LED Errors: 0
Version: 3
Revision: 0

2024-11-03 16:04:44.338547
Sender: 2
Head 0: G
Head 1: O
Head 2: O
Head 3: O
Captures: 0
Releases: 0
Turnouts: 0
Voltage: 11.9
RSSI: -99
LED Errors: 0
Version: 3
Revision: 0

2024-11-03 16:04:45.346910
Sender: 2
Head 0: G
Head 1: O
Head 2: O
Head 3: O
Captures: 0
Releases: 0
Turnouts: 0
Voltage: 11.9
RSSI: -99
LED Errors: 0
Version: 3
Revision: 0

2024-11-03 16:04:46.353864
Sender: 2
Head 0: G
Head 1: O
Head 2: O
Head 3: O
Captures: 0
Releases: 0
Turnouts: 0
Voltage: 11.9
RSSI: -99
LED Errors: 0
Version: 3
Revision: 0

2024-11-03 16:04:47.174323
Sender: 1
Head 0: R
Head 1: O
Head 2: O
Head 3: O
Captures: 0
Releases: 0
Turnouts: 0
Voltage: 12.0
RSSI: -92
LED Errors: 0
Version: 3
Revision: 0

2024-11-03 16:04:47.362576
Sender: 2
Head 0: A
Head 1: O
Head 2: O
Head 3: O
Captures: 0
Releases: 0
Turnouts: 0
Voltage: 11.9
RSSI: -99
LED Errors: 0
Version: 3
Revision: 0

2024-11-03 16:04:48.368172
Sender: 2
Head 0: A
Head 1: O
Head 2: O
Head 3: O
Captures: 0
Releases: 0
Turnouts: 0
Voltage: 11.9
RSSI: -99
LED Errors: 0
Version: 3
Revision: 0

2024-11-03 16:04:49.374061
Sender: 2
Head 0: A
Head 1: O
Head 2: O
Head 3: O
Captures: 0
Releases: 0
Turnouts: 0
Voltage: 11.9
RSSI: -99
LED Errors: 0
Version: 3
Revision: 0

2024-11-03 16:04:50.381124
Sender: 2
Head 0: A
Head 1: O
Head 2: O
Head 3: O
Captures: 0
Releases: 0
Turnouts: 0
Voltage: 11.9
RSSI: -99
LED Errors: 0
Version: 3
Revision: 0

2024-11-03 16:04:51.387718
Sender: 2
Head 0: A
Head 1: O
Head 2: O
Head 3: O
Captures: 0
Releases: 0
Turnouts: 0
Voltage: 11.9
RSSI: -99
LED Errors: 0
Version: 3
Revision: 0

2024-11-03 16:04:52.395393
Sender: 2
Head 0: A
Head 1: O
Head 2: O
Head 3: O
Captures: 0
Releases: 0
Turnouts: 0
Voltage: 11.9
RSSI: -99
LED Errors: 0
Version: 3
Revision: 0

2024-11-03 16:04:53.401825
Sender: 2
Head 0: A
Head 1: O
Head 2: O
Head 3: O
Captures: 0
Releases: 0
Turnouts: 0
Voltage: 11.9
RSSI: -99
LED Errors: 0
Version: 3
Revision: 0

2024-11-03 16:04:54.408688
Sender: 2
Head 0: A
Head 1: O
Head 2: O
Head 3: O
Captures: 0
Releases: 0
Turnouts: 0
Voltage: 11.9
RSSI: -99
LED Errors: 0
Version: 3
Revision: 0

2024-11-03 16:04:55.415834
Sender: 2
Head 0: A
Head 1: O
Head 2: O
Head 3: O
Captures: 0
Releases: 0
Turnouts: 0
Voltage: 11.9
RSSI: -99
LED Errors: 0
Version: 3
Revision: 0

2024-11-03 16:04:55.791320
Sender: 1
Head 0: G
Head 1: O
Head 2: O
Head 3: O
Captures: 0
Releases: 0
Turnouts: 0
Voltage: 12.0
RSSI: -92
LED Errors: 0
Version: 3
Revision: 0

2024-11-03 16:04:56.423044
Sender: 2
Head 0: A
Head 1: O
Head 2: O
Head 3: O
Captures: 0
Releases: 0
Turnouts: 0
Voltage: 11.9
RSSI: -99
LED Errors: 0
Version: 3
Revision: 0

2024-11-03 16:04:57.430509
Sender: 2
Head 0: A
Head 1: O
Head 2: O
Head 3: O
Captures: 0
Releases: 0
Turnouts: 0
Voltage: 11.9
RSSI: -99
LED Errors: 0
Version: 3
Revision: 0

2024-11-03 16:05:05.761035
Sender: 2
Head 0: G
Head 1: O
Head 2: O
Head 3: O
Captures: 0
Releases: 0
Turnouts: 0
Voltage: 11.9
RSSI: -99
LED Errors: 0
Version: 3
Revision: 0

2024-11-03 16:05:06.768935
Sender: 2
Head 0: G
Head 1: O
Head 2: O
Head 3: O
Captures: 0
Releases: 0
Turnouts: 0
Voltage: 11.9
RSSI: -99
LED Errors: 0
Version: 3
Revision: 0

2024-11-03 16:05:07.774709
Sender: 2
Head 0: G
Head 1: O
Head 2: O
Head 3: O
Captures: 0
Releases: 0
Turnouts: 0
Voltage: 11.9
RSSI: -99
LED Errors: 0
Version: 3
Revision: 0

2024-11-03 16:05:08.785820
Sender: 2
Head 0: G
Head 1: O
Head 2: O
Head 3: O
Captures: 0
Releases: 0
Turnouts: 0
Voltage: 11.9
RSSI: -99
LED Errors: 0
Version: 3
Revision: 0

2024-11-03 16:05:09.792865
Sender: 2
Head 0: G
Head 1: O
Head 2: O
Head 3: O
Captures: 0
Releases: 0
Turnouts: 0
Voltage: 11.9
RSSI: -99
LED Errors: 0
Version: 3
Revision: 0

2024-11-03 16:05:10.796014
Sender: 2
Head 0: G
Head 1: O
Head 2: O
Head 3: O
Captures: 0
Releases: 0
Turnouts: 0
Voltage: 11.9
RSSI: -99
LED Errors: 0
Version: 3
Revision: 0

2024-11-03 16:05:11.802993
Sender: 2
Head 0: G
Head 1: O
Head 2: O
Head 3: O
Captures: 0
Releases: 0
Turnouts: 0
Voltage: 11.9
RSSI: -99
LED Errors: 0
Version: 3
Revision: 0

2024-11-03 16:05:12.811153
Sender: 2
Head 0: G
Head 1: O
Head 2: O
Head 3: O
Captures: 0
Releases: 0
Turnouts: 0
Voltage: 11.9
RSSI: -99
LED Errors: 0
Version: 3
Revision: 0

2024-11-03 16:05:13.816543
Sender: 2
Head 0: G
Head 1: O
Head 2: O
Head 3: O
Captures: 0
Releases: 0
Turnouts: 0
Voltage: 11.9
RSSI: -99
LED Errors: 0
Version: 3
Revision: 0

2024-11-03 16:05:14.823799
Sender: 2
Head 0: G
Head 1: O
Head 2: O
Head 3: O
Captures: 0
Releases: 0
Turnouts: 0
Voltage: 11.9
RSSI: -99
LED Errors: 0
Version: 3
Revision: 0

2024-11-03 16:05:15.831325
Sender: 2
Head 0: G
Head 1: O
Head 2: O
Head 3: O
Captures: 0
Releases: 0
Turnouts: 0
Voltage: 11.9
RSSI: -99
LED Errors: 0
Version: 3
Revision: 0

2024-11-03 16:08:32.306369
Sender: 1
Head 0: R
Head 1: O
Head 2: O
Head 3: O
Captures: 0
Releases: 0
Turnouts: 0
Voltage: 12.0
RSSI: -92
LED Errors: 0
Version: 3
Revision: 0

2024-11-03 16:08:32.471566
Sender: 2
Head 0: A
Head 1: O
Head 2: O
Head 3: O
Captures: 0
Releases: 0
Turnouts: 0
Voltage: 11.9
RSSI: -99
LED Errors: 0
Version: 3
Revision: 0

2024-11-03 16:14:35.523549
Sender: 2
Head 0: R
Head 1: O
Head 2: O
Head 3: O
Captures: 0
Releases: 0
Turnouts: 0
Voltage: 11.8
RSSI: 0
LED Errors: 0
Version: 3
Revision: 0

2024-11-03 16:14:36.290356
Sender: 1
Head 0: R
Head 1: O
Head 2: O
Head 3: O
Captures: 0
Releases: 0
Turnouts: 0
Voltage: 12.0
RSSI: -92
LED Errors: 0
Version: 3
Revision: 0

2024-11-03 16:14:36.531473
Sender: 2
Head 0: R
Head 1: O
Head 2: O
Head 3: O
Captures: 0
Releases: 0
Turnouts: 0
Voltage: 11.8
RSSI: -93
LED Errors: 0
Version: 3
Revision: 0

2024-11-03 16:14:37.538880
Sender: 2
Head 0: R
Head 1: O
Head 2: O
Head 3: O
Captures: 0
Releases: 0
Turnouts: 0
Voltage: 11.8
RSSI: -93
LED Errors: 0
Version: 3
Revision: 0

2024-11-03 16:14:38.545082
Sender: 2
Head 0: R
Head 1: O
Head 2: O
Head 3: O
Captures: 0
Releases: 0
Turnouts: 0
Voltage: 11.8
RSSI: -93
LED Errors: 0
Version: 3
Revision: 0

2024-11-03 16:14:39.553230
Sender: 2
Head 0: R
Head 1: O
Head 2: O
Head 3: O
Captures: 0
Releases: 0
Turnouts: 0
Voltage: 11.9
RSSI: -93
LED Errors: 0
Version: 3
Revision: 0

2024-11-03 16:14:40.560506
Sender: 2
Head 0: R
Head 1: O
Head 2: O
Head 3: O
Captures: 0
Releases: 0
Turnouts: 0
Voltage: 11.9
RSSI: -93
LED Errors: 0
Version: 3
Revision: 0

2024-11-03 16:14:41.566798
Sender: 2
Head 0: R
Head 1: O
Head 2: O
Head 3: O
Captures: 0
Releases: 0
Turnouts: 0
Voltage: 11.9
RSSI: -93
LED Errors: 0
Version: 3
Revision: 0

2024-11-03 16:14:42.574210
Sender: 2
Head 0: R
Head 1: O
Head 2: O
Head 3: O
Captures: 0
Releases: 0
Turnouts: 0
Voltage: 11.9
RSSI: -93
LED Errors: 0
Version: 3
Revision: 0

2024-11-03 16:14:43.580433
Sender: 2
Head 0: R
Head 1: O
Head 2: O
Head 3: O
Captures: 0
Releases: 0
Turnouts: 0
Voltage: 11.9
RSSI: -93
LED Errors: 0
Version: 3
Revision: 0

2024-11-03 16:14:44.587425
Sender: 2
Head 0: R
Head 1: O
Head 2: O
Head 3: O
Captures: 0
Releases: 0
Turnouts: 0
Voltage: 11.9
RSSI: -93
LED Errors: 0
Version: 3
Revision: 0

2024-11-03 16:14:45.595176
Sender: 2
Head 0: R
Head 1: O
Head 2: O
Head 3: O
Captures: 0
Releases: 0
Turnouts: 0
Voltage: 11.9
RSSI: -93
LED Errors: 0
Version: 3
Revision: 0

2024-11-03 16:15:32.782100
Sender: 1
Head 0: G
Head 1: O
Head 2: O
Head 3: O
Captures: 0
Releases: 0
Turnouts: 0
Voltage: 12.0
RSSI: -92
LED Errors: 0
Version: 3
Revision: 0

2024-11-03 16:16:53.964382
Sender: 2
Head 0: R
Head 1: O
Head 2: O
Head 3: O
Captures: 0
Releases: 0
Turnouts: 0
Voltage: 11.9
RSSI: 0
LED Errors: 0
Version: 3
Revision: 0

2024-11-03 16:16:54.971539
Sender: 2
Head 0: R
Head 1: O
Head 2: O
Head 3: O
Captures: 0
Releases: 0
Turnouts: 0
Voltage: 11.9
RSSI: 0
LED Errors: 0
Version: 3
Revision: 0

2024-11-03 16:16:55.979695
Sender: 2
Head 0: R
Head 1: O
Head 2: O
Head 3: O
Captures: 0
Releases: 0
Turnouts: 0
Voltage: 11.9
RSSI: 0
LED Errors: 0
Version: 3
Revision: 0

2024-11-03 16:16:56.985993
Sender: 2
Head 0: R
Head 1: O
Head 2: O
Head 3: O
Captures: 0
Releases: 0
Turnouts: 0
Voltage: 11.9
RSSI: 0
LED Errors: 0
Version: 3
Revision: 0

2024-11-03 16:16:57.993636
Sender: 2
Head 0: R
Head 1: O
Head 2: O
Head 3: O
Captures: 0
Releases: 0
Turnouts: 0
Voltage: 11.9
RSSI: 0
LED Errors: 0
Version: 3
Revision: 0

2024-11-03 16:16:59.000654
Sender: 2
Head 0: R
Head 1: O
Head 2: O
Head 3: O
Captures: 0
Releases: 0
Turnouts: 0
Voltage: 11.9
RSSI: 0
LED Errors: 0
Version: 3
Revision: 0

2024-11-03 16:17:00.007073
Sender: 2
Head 0: R
Head 1: O
Head 2: O
Head 3: O
Captures: 0
Releases: 0
Turnouts: 0
Voltage: 11.9
RSSI: 0
LED Errors: 0
Version: 3
Revision: 0

2024-11-03 16:17:01.015167
Sender: 2
Head 0: R
Head 1: O
Head 2: O
Head 3: O
Captures: 0
Releases: 0
Turnouts: 0
Voltage: 11.9
RSSI: 0
LED Errors: 0
Version: 3
Revision: 0

2024-11-03 16:17:02.021428
Sender: 2
Head 0: R
Head 1: O
Head 2: O
Head 3: O
Captures: 0
Releases: 0
Turnouts: 0
Voltage: 11.9
RSSI: 0
LED Errors: 0
Version: 3
Revision: 0

2024-11-03 16:17:03.028017
Sender: 2
Head 0: R
Head 1: O
Head 2: O
Head 3: O
Captures: 0
Releases: 0
Turnouts: 0
Voltage: 11.9
RSSI: 0
LED Errors: 0
Version: 3
Revision: 0

2024-11-03 16:17:04.035096
Sender: 2
Head 0: R
Head 1: O
Head 2: O
Head 3: O
Captures: 0
Releases: 0
Turnouts: 0
Voltage: 11.9
RSSI: 0
LED Errors: 0
Version: 3
Revision: 0

2024-11-03 16:21:28.013530
Sender: 1
Head 0: G
Head 1: O
Head 2: O
Head 3: O
Captures: 0
Releases: 0
Turnouts: 0
Voltage: 12.0
RSSI: -92
LED Errors: 0
Version: 3
Revision: 0

2024-11-03 16:21:29.018529
Sender: 1
Head 0: G
Head 1: O
Head 2: O
Head 3: O
Captures: 0
Releases: 0
Turnouts: 0
Voltage: 12.0
RSSI: -92
LED Errors: 0
Version: 3
Revision: 0

2024-11-03 16:21:30.024800
Sender: 1
Head 0: G
Head 1: O
Head 2: O
Head 3: O
Captures: 0
Releases: 0
Turnouts: 0
Voltage: 12.0
RSSI: -92
LED Errors: 0
Version: 3
Revision: 0

2024-11-03 16:21:30.102161
Sender: 2
Head 0: G
Head 1: O
Head 2: O
Head 3: O
Captures: 0
Releases: 0
Turnouts: 0
Voltage: 11.9
RSSI: -95
LED Errors: 0
Version: 3
Revision: 0

2024-11-03 16:21:31.109644
Sender: 2
Head 0: G
Head 1: O
Head 2: O
Head 3: O
Captures: 0
Releases: 0
Turnouts: 0
Voltage: 11.9
RSSI: -95
LED Errors: 0
Version: 3
Revision: 0

2024-11-03 16:21:32.116332
Sender: 2
Head 0: G
Head 1: O
Head 2: O
Head 3: O
Captures: 0
Releases: 0
Turnouts: 0
Voltage: 11.9
RSSI: -95
LED Errors: 0
Version: 3
Revision: 0

2024-11-03 16:21:33.124006
Sender: 2
Head 0: G
Head 1: O
Head 2: O
Head 3: O
Captures: 0
Releases: 0
Turnouts: 0
Voltage: 11.9
RSSI: -95
LED Errors: 0
Version: 3
Revision: 0

2024-11-03 16:21:34.130381
Sender: 2
Head 0: G
Head 1: O
Head 2: O
Head 3: O
Captures: 0
Releases: 0
Turnouts: 0
Voltage: 11.9
RSSI: -95
LED Errors: 0
Version: 3
Revision: 0

2024-11-03 16:21:35.138219
Sender: 2
Head 0: G
Head 1: O
Head 2: O
Head 3: O
Captures: 0
Releases: 0
Turnouts: 0
Voltage: 11.9
RSSI: -95
LED Errors: 0
Version: 3
Revision: 0

2024-11-03 16:21:36.144858
Sender: 2
Head 0: G
Head 1: O
Head 2: O
Head 3: O
Captures: 0
Releases: 0
Turnouts: 0
Voltage: 11.9
RSSI: -95
LED Errors: 0
Version: 3
Revision: 0

2024-11-03 16:21:37.151258
Sender: 2
Head 0: G
Head 1: O
Head 2: O
Head 3: O
Captures: 0
Releases: 0
Turnouts: 0
Voltage: 11.9
RSSI: -95
LED Errors: 0
Version: 3
Revision: 0

2024-11-03 16:21:38.159057
Sender: 2
Head 0: G
Head 1: O
Head 2: O
Head 3: O
Captures: 0
Releases: 0
Turnouts: 0
Voltage: 11.9
RSSI: -95
LED Errors: 0
Version: 3
Revision: 0

2024-11-03 16:27:31.138216
Sender: 1
Head 0: G
Head 1: O
Head 2: O
Head 3: O
Captures: 0
Releases: 0
Turnouts: 0
Voltage: 12.0
RSSI: -92
LED Errors: 0
Version: 3
Revision: 0

2024-11-03 16:27:41.351560
Sender: 2
Head 0: G
Head 1: O
Head 2: O
Head 3: O
Captures: 0
Releases: 0
Turnouts: 0
Voltage: 11.9
RSSI: -95
LED Errors: 0
Version: 3
Revision: 0

2024-11-03 16:27:42.346167
Sender: 2
Head 0: G
Head 1: O
Head 2: O
Head 3: O
Captures: 0
Releases: 0
Turnouts: 0
Voltage: 11.9
RSSI: -95
LED Errors: 0
Version: 3
Revision: 0

2024-11-03 16:27:43.353194
Sender: 2
Head 0: G
Head 1: O
Head 2: O
Head 3: O
Captures: 0
Releases: 0
Turnouts: 0
Voltage: 11.9
RSSI: -95
LED Errors: 0
Version: 3
Revision: 0

2024-11-03 16:27:44.360304
Sender: 2
Head 0: G
Head 1: O
Head 2: O
Head 3: O
Captures: 0
Releases: 0
Turnouts: 0
Voltage: 11.9
RSSI: -95
LED Errors: 0
Version: 3
Revision: 0

2024-11-03 16:27:45.366809
Sender: 2
Head 0: G
Head 1: O
Head 2: O
Head 3: O
Captures: 0
Releases: 0
Turnouts: 0
Voltage: 11.9
RSSI: -95
LED Errors: 0
Version: 3
Revision: 0

2024-11-03 16:27:46.374161
Sender: 2
Head 0: G
Head 1: O
Head 2: O
Head 3: O
Captures: 0
Releases: 0
Turnouts: 0
Voltage: 11.9
RSSI: -95
LED Errors: 0
Version: 3
Revision: 0

2024-11-03 16:27:47.380356
Sender: 2
Head 0: G
Head 1: O
Head 2: O
Head 3: O
Captures: 0
Releases: 0
Turnouts: 0
Voltage: 11.9
RSSI: -95
LED Errors: 0
Version: 3
Revision: 0

2024-11-03 16:27:48.392744
Sender: 2
Head 0: G
Head 1: O
Head 2: O
Head 3: O
Captures: 0
Releases: 0
Turnouts: 0
Voltage: 11.9
RSSI: -95
LED Errors: 0
Version: 3
Revision: 0

2024-11-03 16:27:49.395157
Sender: 2
Head 0: G
Head 1: O
Head 2: O
Head 3: O
Captures: 0
Releases: 0
Turnouts: 0
Voltage: 11.9
RSSI: -95
LED Errors: 0
Version: 3
Revision: 0

2024-11-03 16:27:50.404457
Sender: 2
Head 0: G
Head 1: O
Head 2: O
Head 3: O
Captures: 0
Releases: 0
Turnouts: 0
Voltage: 11.9
RSSI: -95
LED Errors: 0
Version: 3
Revision: 0

2024-11-03 16:27:51.409793
Sender: 2
Head 0: G
Head 1: O
Head 2: O
Head 3: O
Captures: 0
Releases: 0
Turnouts: 0
Voltage: 11.9
RSSI: -95
LED Errors: 0
Version: 3
Revision: 0

2024-11-03 16:29:07.556034
Sender: 2
Head 0: R
Head 1: O
Head 2: O
Head 3: O
Captures: 0
Releases: 0
Turnouts: 0
Voltage: 11.9
RSSI: 0
LED Errors: 0
Version: 3
Revision: 0

2024-11-03 16:29:08.561863
Sender: 2
Head 0: R
Head 1: O
Head 2: O
Head 3: O
Captures: 0
Releases: 0
Turnouts: 0
Voltage: 11.9
RSSI: 0
LED Errors: 0
Version: 3
Revision: 0

2024-11-03 16:29:09.568949
Sender: 2
Head 0: R
Head 1: O
Head 2: O
Head 3: O
Captures: 0
Releases: 0
Turnouts: 0
Voltage: 11.9
RSSI: 0
LED Errors: 0
Version: 3
Revision: 0

2024-11-03 16:29:10.576245
Sender: 2
Head 0: R
Head 1: O
Head 2: O
Head 3: O
Captures: 0
Releases: 0
Turnouts: 0
Voltage: 11.9
RSSI: 0
LED Errors: 0
Version: 3
Revision: 0

2024-11-03 16:29:11.583143
Sender: 2
Head 0: R
Head 1: O
Head 2: O
Head 3: O
Captures: 0
Releases: 0
Turnouts: 0
Voltage: 11.9
RSSI: 0
LED Errors: 0
Version: 3
Revision: 0

2024-11-03 16:29:12.589759
Sender: 2
Head 0: R
Head 1: O
Head 2: O
Head 3: O
Captures: 0
Releases: 0
Turnouts: 0
Voltage: 11.9
RSSI: 0
LED Errors: 0
Version: 3
Revision: 0

2024-11-03 16:29:13.596619
Sender: 2
Head 0: R
Head 1: O
Head 2: O
Head 3: O
Captures: 0
Releases: 0
Turnouts: 0
Voltage: 11.9
RSSI: 0
LED Errors: 0
Version: 3
Revision: 0

2024-11-03 16:29:14.604558
Sender: 2
Head 0: R
Head 1: O
Head 2: O
Head 3: O
Captures: 0
Releases: 0
Turnouts: 0
Voltage: 11.9
RSSI: 0
LED Errors: 0
Version: 3
Revision: 0

2024-11-03 16:29:15.610575
Sender: 2
Head 0: R
Head 1: O
Head 2: O
Head 3: O
Captures: 0
Releases: 0
Turnouts: 0
Voltage: 11.9
RSSI: 0
LED Errors: 0
Version: 3
Revision: 0

2024-11-03 16:29:16.617759
Sender: 2
Head 0: R
Head 1: O
Head 2: O
Head 3: O
Captures: 0
Releases: 0
Turnouts: 0
Voltage: 11.9
RSSI: 0
LED Errors: 0
Version: 3
Revision: 0

2024-11-03 16:29:17.624817
Sender: 2
Head 0: R
Head 1: O
Head 2: O
Head 3: O
Captures: 0
Releases: 0
Turnouts: 0
Voltage: 11.9
RSSI: 0
LED Errors: 0
Version: 3
Revision: 0

2024-11-03 16:30:00.630266
Sender: 1
Head 0: G
Head 1: O
Head 2: O
Head 3: O
Captures: 0
Releases: 0
Turnouts: 0
Voltage: 12.0
RSSI: -92
LED Errors: 0
Version: 3
Revision: 0

2024-11-03 16:30:01.635619
Sender: 1
Head 0: G
Head 1: O
Head 2: O
Head 3: O
Captures: 0
Releases: 0
Turnouts: 0
Voltage: 12.0
RSSI: -92
LED Errors: 0
Version: 3
Revision: 0

2024-11-03 16:30:02.719686
Sender: 2
Head 0: G
Head 1: O
Head 2: O
Head 3: O
Captures: 0
Releases: 0
Turnouts: 0
Voltage: 11.9
RSSI: -93
LED Errors: 0
Version: 3
Revision: 0

2024-11-03 16:30:03.727233
Sender: 2
Head 0: G
Head 1: O
Head 2: O
Head 3: O
Captures: 0
Releases: 0
Turnouts: 0
Voltage: 11.9
RSSI: -93
LED Errors: 0
Version: 3
Revision: 0

2024-11-03 16:30:04.733631
Sender: 2
Head 0: G
Head 1: O
Head 2: O
Head 3: O
Captures: 0
Releases: 0
Turnouts: 0
Voltage: 11.9
RSSI: -93
LED Errors: 0
Version: 3
Revision: 0

2024-11-03 16:30:05.741429
Sender: 2
Head 0: G
Head 1: O
Head 2: O
Head 3: O
Captures: 0
Releases: 0
Turnouts: 0
Voltage: 11.9
RSSI: -93
LED Errors: 0
Version: 3
Revision: 0

2024-11-03 16:30:06.747547
Sender: 2
Head 0: G
Head 1: O
Head 2: O
Head 3: O
Captures: 0
Releases: 0
Turnouts: 0
Voltage: 11.9
RSSI: -93
LED Errors: 0
Version: 3
Revision: 0

2024-11-03 16:30:07.754757
Sender: 2
Head 0: G
Head 1: O
Head 2: O
Head 3: O
Captures: 0
Releases: 0
Turnouts: 0
Voltage: 11.9
RSSI: -93
LED Errors: 0
Version: 3
Revision: 0

2024-11-03 16:30:08.761803
Sender: 2
Head 0: G
Head 1: O
Head 2: O
Head 3: O
Captures: 0
Releases: 0
Turnouts: 0
Voltage: 11.9
RSSI: -93
LED Errors: 0
Version: 3
Revision: 0

2024-11-03 16:30:09.769012
Sender: 2
Head 0: G
Head 1: O
Head 2: O
Head 3: O
Captures: 0
Releases: 0
Turnouts: 0
Voltage: 11.9
RSSI: -93
LED Errors: 0
Version: 3
Revision: 0

2024-11-03 16:30:10.775615
Sender: 2
Head 0: G
Head 1: O
Head 2: O
Head 3: O
Captures: 0
Releases: 0
Turnouts: 0
Voltage: 11.9
RSSI: -93
LED Errors: 0
Version: 3
Revision: 0

2024-11-03 16:30:48.709730
Sender: 2
Head 0: R
Head 1: O
Head 2: O
Head 3: O
Captures: 0
Releases: 0
Turnouts: 0
Voltage: 11.9
RSSI: 0
LED Errors: 0
Version: 3
Revision: 0

2024-11-03 16:30:50.723666
Sender: 2
Head 0: R
Head 1: O
Head 2: O
Head 3: O
Captures: 0
Releases: 0
Turnouts: 0
Voltage: 11.9
RSSI: 0
LED Errors: 0
Version: 3
Revision: 0

2024-11-03 16:30:51.730843
Sender: 2
Head 0: R
Head 1: O
Head 2: O
Head 3: O
Captures: 0
Releases: 0
Turnouts: 0
Voltage: 11.9
RSSI: 0
LED Errors: 0
Version: 3
Revision: 0

2024-11-03 16:30:52.737992
Sender: 2
Head 0: R
Head 1: O
Head 2: O
Head 3: O
Captures: 0
Releases: 0
Turnouts: 0
Voltage: 11.9
RSSI: 0
LED Errors: 0
Version: 3
Revision: 0

2024-11-03 16:30:53.745243
Sender: 2
Head 0: R
Head 1: O
Head 2: O
Head 3: O
Captures: 0
Releases: 0
Turnouts: 0
Voltage: 11.9
RSSI: 0
LED Errors: 0
Version: 3
Revision: 0

2024-11-03 16:30:54.751431
Sender: 2
Head 0: R
Head 1: O
Head 2: O
Head 3: O
Captures: 0
Releases: 0
Turnouts: 0
Voltage: 11.9
RSSI: 0
LED Errors: 0
Version: 3
Revision: 0

2024-11-03 16:30:55.758538
Sender: 2
Head 0: R
Head 1: O
Head 2: O
Head 3: O
Captures: 0
Releases: 0
Turnouts: 0
Voltage: 11.9
RSSI: 0
LED Errors: 0
Version: 3
Revision: 0

2024-11-03 16:30:56.765790
Sender: 2
Head 0: R
Head 1: O
Head 2: O
Head 3: O
Captures: 0
Releases: 0
Turnouts: 0
Voltage: 11.9
RSSI: 0
LED Errors: 0
Version: 3
Revision: 0

2024-11-03 16:30:57.772877
Sender: 2
Head 0: R
Head 1: O
Head 2: O
Head 3: O
Captures: 0
Releases: 0
Turnouts: 0
Voltage: 11.9
RSSI: 0
LED Errors: 0
Version: 3
Revision: 0

2024-11-03 16:30:58.779711
Sender: 2
Head 0: R
Head 1: O
Head 2: O
Head 3: O
Captures: 0
Releases: 0
Turnouts: 0
Voltage: 11.9
RSSI: 0
LED Errors: 0
Version: 3
Revision: 0

2024-11-03 16:32:31.640956
Sender: 2
Head 0: R
Head 1: O
Head 2: O
Head 3: O
Captures: 0
Releases: 0
Turnouts: 0
Voltage: 11.9
RSSI: 0
LED Errors: 0
Version: 3
Revision: 0

2024-11-03 16:32:32.647235
Sender: 2
Head 0: R
Head 1: O
Head 2: O
Head 3: O
Captures: 0
Releases: 0
Turnouts: 0
Voltage: 11.9
RSSI: 0
LED Errors: 0
Version: 3
Revision: 0

2024-11-03 16:32:33.654945
Sender: 2
Head 0: R
Head 1: O
Head 2: O
Head 3: O
Captures: 0
Releases: 0
Turnouts: 0
Voltage: 11.9
RSSI: 0
LED Errors: 0
Version: 3
Revision: 0

2024-11-03 16:32:34.661888
Sender: 2
Head 0: R
Head 1: O
Head 2: O
Head 3: O
Captures: 0
Releases: 0
Turnouts: 0
Voltage: 11.9
RSSI: 0
LED Errors: 0
Version: 3
Revision: 0

2024-11-03 16:32:35.668729
Sender: 2
Head 0: R
Head 1: O
Head 2: O
Head 3: O
Captures: 0
Releases: 0
Turnouts: 0
Voltage: 11.9
RSSI: 0
LED Errors: 0
Version: 3
Revision: 0

2024-11-03 16:32:36.675289
Sender: 2
Head 0: R
Head 1: O
Head 2: O
Head 3: O
Captures: 0
Releases: 0
Turnouts: 0
Voltage: 11.9
RSSI: 0
LED Errors: 0
Version: 3
Revision: 0

2024-11-03 16:32:37.682334
Sender: 2
Head 0: R
Head 1: O
Head 2: O
Head 3: O
Captures: 0
Releases: 0
Turnouts: 0
Voltage: 11.9
RSSI: 0
LED Errors: 0
Version: 3
Revision: 0

2024-11-03 16:32:38.689821
Sender: 2
Head 0: R
Head 1: O
Head 2: O
Head 3: O
Captures: 0
Releases: 0
Turnouts: 0
Voltage: 11.9
RSSI: 0
LED Errors: 0
Version: 3
Revision: 0

2024-11-03 16:32:39.696993
Sender: 2
Head 0: R
Head 1: O
Head 2: O
Head 3: O
Captures: 0
Releases: 0
Turnouts: 0
Voltage: 11.9
RSSI: 0
LED Errors: 0
Version: 3
Revision: 0

2024-11-03 16:32:40.703731
Sender: 2
Head 0: R
Head 1: O
Head 2: O
Head 3: O
Captures: 0
Releases: 0
Turnouts: 0
Voltage: 11.9
RSSI: 0
LED Errors: 0
Version: 3
Revision: 0

2024-11-03 16:36:01.995732
Sender: 1
Head 0: G
Head 1: O
Head 2: O
Head 3: O
Captures: 0
Releases: 0
Turnouts: 0
Voltage: 12.0
RSSI: -92
LED Errors: 0
Version: 3
Revision: 0

2024-11-03 16:38:48.179590
Sender: 2
Head 0: R
Head 1: O
Head 2: O
Head 3: O
Captures: 0
Releases: 0
Turnouts: 0
Voltage: 11.9
RSSI: 0
LED Errors: 0
Version: 3
Revision: 0

2024-11-03 16:38:49.187619
Sender: 2
Head 0: R
Head 1: O
Head 2: O
Head 3: O
Captures: 0
Releases: 0
Turnouts: 0
Voltage: 11.9
RSSI: 0
LED Errors: 0
Version: 3
Revision: 0

2024-11-03 16:38:50.194386
Sender: 2
Head 0: R
Head 1: O
Head 2: O
Head 3: O
Captures: 0
Releases: 0
Turnouts: 0
Voltage: 11.9
RSSI: 0
LED Errors: 0
Version: 3
Revision: 0

2024-11-03 16:38:51.204538
Sender: 2
Head 0: R
Head 1: O
Head 2: O
Head 3: O
Captures: 0
Releases: 0
Turnouts: 0
Voltage: 11.9
RSSI: 0
LED Errors: 0
Version: 3
Revision: 0

2024-11-03 16:38:52.208253
Sender: 2
Head 0: R
Head 1: O
Head 2: O
Head 3: O
Captures: 0
Releases: 0
Turnouts: 0
Voltage: 11.9
RSSI: 0
LED Errors: 0
Version: 3
Revision: 0

2024-11-03 16:38:53.215343
Sender: 2
Head 0: R
Head 1: O
Head 2: O
Head 3: O
Captures: 0
Releases: 0
Turnouts: 0
Voltage: 11.9
RSSI: 0
LED Errors: 0
Version: 3
Revision: 0

2024-11-03 16:38:54.222201
Sender: 2
Head 0: R
Head 1: O
Head 2: O
Head 3: O
Captures: 0
Releases: 0
Turnouts: 0
Voltage: 11.9
RSSI: 0
LED Errors: 0
Version: 3
Revision: 0

2024-11-03 16:38:55.229311
Sender: 2
Head 0: R
Head 1: O
Head 2: O
Head 3: O
Captures: 0
Releases: 0
Turnouts: 0
Voltage: 11.9
RSSI: 0
LED Errors: 0
Version: 3
Revision: 0

2024-11-03 16:38:56.236647
Sender: 2
Head 0: R
Head 1: O
Head 2: O
Head 3: O
Captures: 0
Releases: 0
Turnouts: 0
Voltage: 11.9
RSSI: 0
LED Errors: 0
Version: 3
Revision: 0

2024-11-03 16:38:57.243544
Sender: 2
Head 0: R
Head 1: O
Head 2: O
Head 3: O
Captures: 0
Releases: 0
Turnouts: 0
Voltage: 11.9
RSSI: 0
LED Errors: 0
Version: 3
Revision: 0

2024-11-03 16:38:58.250350
Sender: 2
Head 0: R
Head 1: O
Head 2: O
Head 3: O
Captures: 0
Releases: 0
Turnouts: 0
Voltage: 11.9
RSSI: 0
LED Errors: 0
Version: 3
Revision: 0

2024-11-03 16:40:00.882200
Sender: 2
Head 0: R
Head 1: O
Head 2: O
Head 3: O
Captures: 0
Releases: 0
Turnouts: 0
Voltage: 11.8
RSSI: 0
LED Errors: 0
Version: 3
Revision: 0

2024-11-03 16:40:01.888727
Sender: 2
Head 0: R
Head 1: O
Head 2: O
Head 3: O
Captures: 0
Releases: 0
Turnouts: 0
Voltage: 11.8
RSSI: 0
LED Errors: 0
Version: 3
Revision: 0

2024-11-03 16:40:02.895527
Sender: 2
Head 0: R
Head 1: O
Head 2: O
Head 3: O
Captures: 0
Releases: 0
Turnouts: 0
Voltage: 11.8
RSSI: 0
LED Errors: 0
Version: 3
Revision: 0

2024-11-03 16:40:03.903008
Sender: 2
Head 0: R
Head 1: O
Head 2: O
Head 3: O
Captures: 0
Releases: 0
Turnouts: 0
Voltage: 11.8
RSSI: 0
LED Errors: 0
Version: 3
Revision: 0

2024-11-03 16:40:04.910602
Sender: 2
Head 0: R
Head 1: O
Head 2: O
Head 3: O
Captures: 0
Releases: 0
Turnouts: 0
Voltage: 11.8
RSSI: 0
LED Errors: 0
Version: 3
Revision: 0

2024-11-03 16:40:05.917097
Sender: 2
Head 0: R
Head 1: O
Head 2: O
Head 3: O
Captures: 0
Releases: 0
Turnouts: 0
Voltage: 11.9
RSSI: 0
LED Errors: 0
Version: 3
Revision: 0

2024-11-03 16:40:06.923266
Sender: 2
Head 0: R
Head 1: O
Head 2: O
Head 3: O
Captures: 0
Releases: 0
Turnouts: 0
Voltage: 11.9
RSSI: 0
LED Errors: 0
Version: 3
Revision: 0

2024-11-03 16:40:07.930987
Sender: 2
Head 0: R
Head 1: O
Head 2: O
Head 3: O
Captures: 0
Releases: 0
Turnouts: 0
Voltage: 11.9
RSSI: 0
LED Errors: 0
Version: 3
Revision: 0

2024-11-03 16:40:09.944250
Sender: 2
Head 0: R
Head 1: O
Head 2: O
Head 3: O
Captures: 0
Releases: 0
Turnouts: 0
Voltage: 11.9
RSSI: 0
LED Errors: 0
Version: 3
Revision: 0

2024-11-03 16:40:10.952004
Sender: 2
Head 0: R
Head 1: O
Head 2: O
Head 3: O
Captures: 0
Releases: 0
Turnouts: 0
Voltage: 11.9
RSSI: 0
LED Errors: 0
Version: 3
Revision: 0

2024-11-03 16:42:02.835883
Sender: 1
Head 0: G
Head 1: O
Head 2: O
Head 3: O
Captures: 0
Releases: 0
Turnouts: 0
Voltage: 12.0
RSSI: -92
LED Errors: 0
Version: 3
Revision: 0

2024-11-03 16:42:09.400825
Sender: 2
Head 0: R
Head 1: O
Head 2: O
Head 3: O
Captures: 0
Releases: 0
Turnouts: 0
Voltage: 11.9
RSSI: 0
LED Errors: 0
Version: 3
Revision: 0

2024-11-03 16:42:10.382373
Sender: 2
Head 0: R
Head 1: O
Head 2: O
Head 3: O
Captures: 0
Releases: 0
Turnouts: 0
Voltage: 11.9
RSSI: 0
LED Errors: 0
Version: 3
Revision: 0

2024-11-03 16:42:11.389836
Sender: 2
Head 0: R
Head 1: O
Head 2: O
Head 3: O
Captures: 0
Releases: 0
Turnouts: 0
Voltage: 11.9
RSSI: 0
LED Errors: 0
Version: 3
Revision: 0

2024-11-03 16:42:12.396470
Sender: 2
Head 0: R
Head 1: O
Head 2: O
Head 3: O
Captures: 0
Releases: 0
Turnouts: 0
Voltage: 11.9
RSSI: 0
LED Errors: 0
Version: 3
Revision: 0

2024-11-03 16:42:13.403008
Sender: 2
Head 0: R
Head 1: O
Head 2: O
Head 3: O
Captures: 0
Releases: 0
Turnouts: 0
Voltage: 11.9
RSSI: 0
LED Errors: 0
Version: 3
Revision: 0

2024-11-03 16:42:14.411151
Sender: 2
Head 0: R
Head 1: O
Head 2: O
Head 3: O
Captures: 0
Releases: 0
Turnouts: 0
Voltage: 11.9
RSSI: 0
LED Errors: 0
Version: 3
Revision: 0

2024-11-03 16:42:15.417416
Sender: 2
Head 0: R
Head 1: O
Head 2: O
Head 3: O
Captures: 0
Releases: 0
Turnouts: 0
Voltage: 11.9
RSSI: 0
LED Errors: 0
Version: 3
Revision: 0

2024-11-03 16:42:16.424534
Sender: 2
Head 0: R
Head 1: O
Head 2: O
Head 3: O
Captures: 0
Releases: 0
Turnouts: 0
Voltage: 11.9
RSSI: 0
LED Errors: 0
Version: 3
Revision: 0

2024-11-03 16:42:17.431678
Sender: 2
Head 0: R
Head 1: O
Head 2: O
Head 3: O
Captures: 0
Releases: 0
Turnouts: 0
Voltage: 11.9
RSSI: 0
LED Errors: 0
Version: 3
Revision: 0

2024-11-03 16:42:18.439331
Sender: 2
Head 0: R
Head 1: O
Head 2: O
Head 3: O
Captures: 0
Releases: 0
Turnouts: 0
Voltage: 11.9
RSSI: 0
LED Errors: 0
Version: 3
Revision: 0

2024-11-03 16:42:19.446056
Sender: 2
Head 0: R
Head 1: O
Head 2: O
Head 3: O
Captures: 0
Releases: 0
Turnouts: 0
Voltage: 11.9
RSSI: 0
LED Errors: 0
Version: 3
Revision: 0

2024-11-03 16:48:03.331603
Sender: 1
Head 0: G
Head 1: O
Head 2: O
Head 3: O
Captures: 0
Releases: 0
Turnouts: 0
Voltage: 12.0
RSSI: -92
LED Errors: 0
Version: 3
Revision: 0

2024-11-03 16:48:23.543327
Sender: 2
Head 0: R
Head 1: O
Head 2: O
Head 3: O
Captures: 0
Releases: 0
Turnouts: 0
Voltage: 11.9
RSSI: -95
LED Errors: 0
Version: 3
Revision: 0

2024-11-03 16:48:24.534430
Sender: 2
Head 0: R
Head 1: O
Head 2: O
Head 3: O
Captures: 0
Releases: 0
Turnouts: 0
Voltage: 11.9
RSSI: -95
LED Errors: 0
Version: 3
Revision: 0

2024-11-03 16:48:25.540285
Sender: 2
Head 0: R
Head 1: O
Head 2: O
Head 3: O
Captures: 0
Releases: 0
Turnouts: 0
Voltage: 11.9
RSSI: -95
LED Errors: 0
Version: 3
Revision: 0

2024-11-03 16:48:26.547448
Sender: 2
Head 0: R
Head 1: O
Head 2: O
Head 3: O
Captures: 0
Releases: 0
Turnouts: 0
Voltage: 11.9
RSSI: -95
LED Errors: 0
Version: 3
Revision: 0

2024-11-03 16:48:27.554847
Sender: 2
Head 0: R
Head 1: O
Head 2: O
Head 3: O
Captures: 0
Releases: 0
Turnouts: 0
Voltage: 11.9
RSSI: -95
LED Errors: 0
Version: 3
Revision: 0

2024-11-03 16:48:28.561432
Sender: 2
Head 0: R
Head 1: O
Head 2: O
Head 3: O
Captures: 0
Releases: 0
Turnouts: 0
Voltage: 11.9
RSSI: -95
LED Errors: 0
Version: 3
Revision: 0

2024-11-03 16:48:29.568215
Sender: 2
Head 0: R
Head 1: O
Head 2: O
Head 3: O
Captures: 0
Releases: 0
Turnouts: 0
Voltage: 11.9
RSSI: -95
LED Errors: 0
Version: 3
Revision: 0

2024-11-03 16:48:30.575095
Sender: 2
Head 0: R
Head 1: O
Head 2: O
Head 3: O
Captures: 0
Releases: 0
Turnouts: 0
Voltage: 11.9
RSSI: -95
LED Errors: 0
Version: 3
Revision: 0

2024-11-03 16:48:31.582615
Sender: 2
Head 0: R
Head 1: O
Head 2: O
Head 3: O
Captures: 0
Releases: 0
Turnouts: 0
Voltage: 11.9
RSSI: -95
LED Errors: 0
Version: 3
Revision: 0

2024-11-03 16:48:32.589539
Sender: 2
Head 0: R
Head 1: O
Head 2: O
Head 3: O
Captures: 0
Releases: 0
Turnouts: 0
Voltage: 11.9
RSSI: -95
LED Errors: 0
Version: 3
Revision: 0

2024-11-03 16:48:33.596252
Sender: 2
Head 0: R
Head 1: O
Head 2: O
Head 3: O
Captures: 0
Releases: 0
Turnouts: 0
Voltage: 11.9
RSSI: -95
LED Errors: 0
Version: 3
Revision: 0

2024-11-03 16:48:59.447779
Sender: 2
Head 0: G
Head 1: O
Head 2: O
Head 3: O
Captures: 0
Releases: 0
Turnouts: 0
Voltage: 11.9
RSSI: -95
LED Errors: 0
Version: 3
Revision: 0

2024-11-03 16:49:00.454884
Sender: 2
Head 0: G
Head 1: O
Head 2: O
Head 3: O
Captures: 0
Releases: 0
Turnouts: 0
Voltage: 11.9
RSSI: -95
LED Errors: 0
Version: 3
Revision: 0

2024-11-03 16:49:01.461928
Sender: 2
Head 0: G
Head 1: O
Head 2: O
Head 3: O
Captures: 0
Releases: 0
Turnouts: 0
Voltage: 11.9
RSSI: -95
LED Errors: 0
Version: 3
Revision: 0

2024-11-03 16:49:02.468508
Sender: 2
Head 0: G
Head 1: O
Head 2: O
Head 3: O
Captures: 0
Releases: 0
Turnouts: 0
Voltage: 11.9
RSSI: -95
LED Errors: 0
Version: 3
Revision: 0

2024-11-03 16:49:03.475569
Sender: 2
Head 0: G
Head 1: O
Head 2: O
Head 3: O
Captures: 0
Releases: 0
Turnouts: 0
Voltage: 11.9
RSSI: -95
LED Errors: 0
Version: 3
Revision: 0

2024-11-03 16:49:05.764088
Sender: 2
Head 0: G
Head 1: O
Head 2: O
Head 3: O
Captures: 0
Releases: 0
Turnouts: 0
Voltage: 11.9
RSSI: -95
LED Errors: 0
Version: 3
Revision: 0

2024-11-03 16:49:06.772726
Sender: 2
Head 0: G
Head 1: O
Head 2: O
Head 3: O
Captures: 0
Releases: 0
Turnouts: 0
Voltage: 11.9
RSSI: -95
LED Errors: 0
Version: 3
Revision: 0

2024-11-03 16:49:07.780087
Sender: 2
Head 0: G
Head 1: O
Head 2: O
Head 3: O
Captures: 0
Releases: 0
Turnouts: 0
Voltage: 11.9
RSSI: -95
LED Errors: 0
Version: 3
Revision: 0

2024-11-03 16:49:08.786223
Sender: 2
Head 0: G
Head 1: O
Head 2: O
Head 3: O
Captures: 0
Releases: 0
Turnouts: 0
Voltage: 11.9
RSSI: -95
LED Errors: 0
Version: 3
Revision: 0

2024-11-03 16:49:09.797269
Sender: 2
Head 0: G
Head 1: O
Head 2: O
Head 3: O
Captures: 0
Releases: 0
Turnouts: 0
Voltage: 11.9
RSSI: -95
LED Errors: 0
Version: 3
Revision: 0

2024-11-03 16:53:54.826497
Sender: 2
Head 0: R
Head 1: O
Head 2: O
Head 3: O
Captures: 0
Releases: 0
Turnouts: 0
Voltage: 11.9
RSSI: 0
LED Errors: 0
Version: 3
Revision: 0

2024-11-03 16:53:55.833247
Sender: 2
Head 0: R
Head 1: O
Head 2: O
Head 3: O
Captures: 0
Releases: 0
Turnouts: 0
Voltage: 11.9
RSSI: 0
LED Errors: 0
Version: 3
Revision: 0

2024-11-03 16:53:56.840370
Sender: 2
Head 0: R
Head 1: O
Head 2: O
Head 3: O
Captures: 0
Releases: 0
Turnouts: 0
Voltage: 11.9
RSSI: 0
LED Errors: 0
Version: 3
Revision: 0

2024-11-03 16:53:57.848109
Sender: 2
Head 0: R
Head 1: O
Head 2: O
Head 3: O
Captures: 0
Releases: 0
Turnouts: 0
Voltage: 11.9
RSSI: 0
LED Errors: 0
Version: 3
Revision: 0

2024-11-03 16:53:58.854521
Sender: 2
Head 0: R
Head 1: O
Head 2: O
Head 3: O
Captures: 0
Releases: 0
Turnouts: 0
Voltage: 11.9
RSSI: 0
LED Errors: 0
Version: 3
Revision: 0

2024-11-03 16:53:59.862959
Sender: 2
Head 0: R
Head 1: O
Head 2: O
Head 3: O
Captures: 0
Releases: 0
Turnouts: 0
Voltage: 11.9
RSSI: 0
LED Errors: 0
Version: 3
Revision: 0

2024-11-03 16:54:00.868275
Sender: 2
Head 0: R
Head 1: O
Head 2: O
Head 3: O
Captures: 0
Releases: 0
Turnouts: 0
Voltage: 11.9
RSSI: 0
LED Errors: 0
Version: 3
Revision: 0

2024-11-03 16:54:01.875677
Sender: 2
Head 0: R
Head 1: O
Head 2: O
Head 3: O
Captures: 0
Releases: 0
Turnouts: 0
Voltage: 11.9
RSSI: 0
LED Errors: 0
Version: 3
Revision: 0

2024-11-03 16:54:02.883186
Sender: 2
Head 0: R
Head 1: O
Head 2: O
Head 3: O
Captures: 0
Releases: 0
Turnouts: 0
Voltage: 11.9
RSSI: 0
LED Errors: 0
Version: 3
Revision: 0

2024-11-03 16:54:03.891414
Sender: 2
Head 0: R
Head 1: O
Head 2: O
Head 3: O
Captures: 0
Releases: 0
Turnouts: 0
Voltage: 11.9
RSSI: 0
LED Errors: 0
Version: 3
Revision: 0

2024-11-03 16:54:04.165017
Sender: 1
Head 0: G
Head 1: O
Head 2: O
Head 3: O
Captures: 0
Releases: 0
Turnouts: 0
Voltage: 12.0
RSSI: -92
LED Errors: 0
Version: 3
Revision: 0

2024-11-03 16:54:04.897484
Sender: 2
Head 0: R
Head 1: O
Head 2: O
Head 3: O
Captures: 0
Releases: 0
Turnouts: 0
Voltage: 11.9
RSSI: -93
LED Errors: 0
Version: 3
Revision: 0

2024-11-03 16:56:00.867719
Sender: 1
Head 0: G
Head 1: O
Head 2: O
Head 3: O
Captures: 0
Releases: 0
Turnouts: 0
Voltage: 12.0
RSSI: -92
LED Errors: 0
Version: 3
Revision: 0

2024-11-03 16:56:01.874037
Sender: 1
Head 0: G
Head 1: O
Head 2: O
Head 3: O
Captures: 0
Releases: 0
Turnouts: 0
Voltage: 12.0
RSSI: -92
LED Errors: 0
Version: 3
Revision: 0

2024-11-03 16:56:02.880053
Sender: 1
Head 0: G
Head 1: O
Head 2: O
Head 3: O
Captures: 0
Releases: 0
Turnouts: 0
Voltage: 12.0
RSSI: -92
LED Errors: 0
Version: 3
Revision: 0

2024-11-03 16:56:02.957283
Sender: 2
Head 0: G
Head 1: O
Head 2: O
Head 3: O
Captures: 0
Releases: 0
Turnouts: 0
Voltage: 11.9
RSSI: -93
LED Errors: 0
Version: 3
Revision: 0

2024-11-03 16:56:03.963953
Sender: 2
Head 0: G
Head 1: O
Head 2: O
Head 3: O
Captures: 0
Releases: 0
Turnouts: 0
Voltage: 11.9
RSSI: -93
LED Errors: 0
Version: 3
Revision: 0

2024-11-03 16:56:04.971045
Sender: 2
Head 0: G
Head 1: O
Head 2: O
Head 3: O
Captures: 0
Releases: 0
Turnouts: 0
Voltage: 11.9
RSSI: -93
LED Errors: 0
Version: 3
Revision: 0

2024-11-03 16:56:05.978193
Sender: 2
Head 0: G
Head 1: O
Head 2: O
Head 3: O
Captures: 0
Releases: 0
Turnouts: 0
Voltage: 11.9
RSSI: -93
LED Errors: 0
Version: 3
Revision: 0

2024-11-03 16:56:06.985415
Sender: 2
Head 0: G
Head 1: O
Head 2: O
Head 3: O
Captures: 0
Releases: 0
Turnouts: 0
Voltage: 11.9
RSSI: -93
LED Errors: 0
Version: 3
Revision: 0

2024-11-03 16:56:07.992842
Sender: 2
Head 0: G
Head 1: O
Head 2: O
Head 3: O
Captures: 0
Releases: 0
Turnouts: 0
Voltage: 11.9
RSSI: -93
LED Errors: 0
Version: 3
Revision: 0

2024-11-03 16:56:08.999099
Sender: 2
Head 0: G
Head 1: O
Head 2: O
Head 3: O
Captures: 0
Releases: 0
Turnouts: 0
Voltage: 11.9
RSSI: -93
LED Errors: 0
Version: 3
Revision: 0

2024-11-03 16:56:10.006082
Sender: 2
Head 0: G
Head 1: O
Head 2: O
Head 3: O
Captures: 0
Releases: 0
Turnouts: 0
Voltage: 11.9
RSSI: -93
LED Errors: 0
Version: 3
Revision: 0

2024-11-03 16:56:11.015895
Sender: 2
Head 0: G
Head 1: O
Head 2: O
Head 3: O
Captures: 0
Releases: 0
Turnouts: 0
Voltage: 11.9
RSSI: -93
LED Errors: 0
Version: 3
Revision: 0

2024-11-03 16:56:58.575229
Sender: 2
Head 0: R
Head 1: O
Head 2: O
Head 3: O
Captures: 0
Releases: 0
Turnouts: 0
Voltage: 11.9
RSSI: -93
LED Errors: 0
Version: 3
Revision: 0

2024-11-03 16:56:59.582683
Sender: 2
Head 0: R
Head 1: O
Head 2: O
Head 3: O
Captures: 0
Releases: 0
Turnouts: 0
Voltage: 11.9
RSSI: -93
LED Errors: 0
Version: 3
Revision: 0

2024-11-03 16:56:59.835333
Sender: 1
Head 0: A
Head 1: O
Head 2: O
Head 3: O
Captures: 0
Releases: 0
Turnouts: 0
Voltage: 12.0
RSSI: -92
LED Errors: 0
Version: 3
Revision: 0

2024-11-03 16:57:00.590193
Sender: 2
Head 0: R
Head 1: O
Head 2: O
Head 3: O
Captures: 0
Releases: 0
Turnouts: 0
Voltage: 11.9
RSSI: -93
LED Errors: 0
Version: 3
Revision: 0

2024-11-03 16:57:01.596525
Sender: 2
Head 0: R
Head 1: O
Head 2: O
Head 3: O
Captures: 0
Releases: 0
Turnouts: 0
Voltage: 11.9
RSSI: -93
LED Errors: 0
Version: 3
Revision: 0

2024-11-03 16:57:02.603451
Sender: 2
Head 0: R
Head 1: O
Head 2: O
Head 3: O
Captures: 0
Releases: 0
Turnouts: 0
Voltage: 11.9
RSSI: -93
LED Errors: 0
Version: 3
Revision: 0

2024-11-03 16:57:03.610785
Sender: 2
Head 0: R
Head 1: O
Head 2: O
Head 3: O
Captures: 0
Releases: 0
Turnouts: 0
Voltage: 11.9
RSSI: -93
LED Errors: 0
Version: 3
Revision: 0

2024-11-03 16:57:04.618011
Sender: 2
Head 0: R
Head 1: O
Head 2: O
Head 3: O
Captures: 0
Releases: 0
Turnouts: 0
Voltage: 11.9
RSSI: -93
LED Errors: 0
Version: 3
Revision: 0

2024-11-03 16:57:05.624369
Sender: 2
Head 0: R
Head 1: O
Head 2: O
Head 3: O
Captures: 0
Releases: 0
Turnouts: 0
Voltage: 11.9
RSSI: -93
LED Errors: 0
Version: 3
Revision: 0

2024-11-03 16:57:06.634490
Sender: 2
Head 0: R
Head 1: O
Head 2: O
Head 3: O
Captures: 0
Releases: 0
Turnouts: 0
Voltage: 11.9
RSSI: -93
LED Errors: 0
Version: 3
Revision: 0

2024-11-03 16:57:07.638659
Sender: 2
Head 0: R
Head 1: O
Head 2: O
Head 3: O
Captures: 0
Releases: 0
Turnouts: 0
Voltage: 11.9
RSSI: -93
LED Errors: 0
Version: 3
Revision: 0

2024-11-03 16:57:08.646678
Sender: 2
Head 0: R
Head 1: O
Head 2: O
Head 3: O
Captures: 0
Releases: 0
Turnouts: 0
Voltage: 11.9
RSSI: -93
LED Errors: 0
Version: 3
Revision: 0

2024-11-03 16:57:18.204417
Sender: 2
Head 0: G
Head 1: O
Head 2: O
Head 3: O
Captures: 0
Releases: 0
Turnouts: 0
Voltage: 11.9
RSSI: -93
LED Errors: 0
Version: 3
Revision: 0

2024-11-03 16:57:20.980997
Sender: 1
Head 0: R
Head 1: O
Head 2: O
Head 3: O
Captures: 0
Releases: 0
Turnouts: 0
Voltage: 12.0
RSSI: -92
LED Errors: 0
Version: 3
Revision: 0

2024-11-03 16:57:22.298893
Sender: 2
Head 0: A
Head 1: O
Head 2: O
Head 3: O
Captures: 0
Releases: 0
Turnouts: 0
Voltage: 11.9
RSSI: -93
LED Errors: 0
Version: 3
Revision: 0

2024-11-03 16:58:20.009021
Sender: 1
Head 0: R
Head 1: O
Head 2: O
Head 3: O
Captures: 0
Releases: 0
Turnouts: 0
Voltage: 12.0
RSSI: -92
LED Errors: 0
Version: 3
Revision: 0

2024-11-03 16:58:20.326946
Sender: 2
Head 0: A
Head 1: O
Head 2: O
Head 3: O
Captures: 0
Releases: 0
Turnouts: 0
Voltage: 11.9
RSSI: -93
LED Errors: 0
Version: 3
Revision: 0

2024-11-03 16:59:10.815558
Sender: 1
Head 0: R
Head 1: O
Head 2: O
Head 3: O
Captures: 0
Releases: 0
Turnouts: 0
Voltage: 12.0
RSSI: 0
LED Errors: 0
Version: 3
Revision: 0

2024-11-03 16:59:11.823095
Sender: 1
Head 0: R
Head 1: O
Head 2: O
Head 3: O
Captures: 0
Releases: 0
Turnouts: 0
Voltage: 12.0
RSSI: 0
LED Errors: 0
Version: 3
Revision: 0

2024-11-03 16:59:12.829588
Sender: 1
Head 0: R
Head 1: O
Head 2: O
Head 3: O
Captures: 0
Releases: 0
Turnouts: 0
Voltage: 12.0
RSSI: 0
LED Errors: 0
Version: 3
Revision: 0

2024-11-03 16:59:13.837061
Sender: 1
Head 0: R
Head 1: O
Head 2: O
Head 3: O
Captures: 0
Releases: 0
Turnouts: 0
Voltage: 12.0
RSSI: 0
LED Errors: 0
Version: 3
Revision: 0

2024-11-03 16:59:14.844763
Sender: 1
Head 0: R
Head 1: O
Head 2: O
Head 3: O
Captures: 0
Releases: 0
Turnouts: 0
Voltage: 12.0
RSSI: 0
LED Errors: 0
Version: 3
Revision: 0

2024-11-03 16:59:15.852073
Sender: 1
Head 0: R
Head 1: O
Head 2: O
Head 3: O
Captures: 0
Releases: 0
Turnouts: 0
Voltage: 12.0
RSSI: 0
LED Errors: 0
Version: 3
Revision: 0

2024-11-03 16:59:16.859122
Sender: 1
Head 0: R
Head 1: O
Head 2: O
Head 3: O
Captures: 0
Releases: 0
Turnouts: 0
Voltage: 12.0
RSSI: 0
LED Errors: 0
Version: 3
Revision: 0

2024-11-03 16:59:17.866937
Sender: 1
Head 0: R
Head 1: O
Head 2: O
Head 3: O
Captures: 0
Releases: 0
Turnouts: 0
Voltage: 12.0
RSSI: 0
LED Errors: 0
Version: 3
Revision: 0

2024-11-03 16:59:18.874241
Sender: 1
Head 0: R
Head 1: O
Head 2: O
Head 3: O
Captures: 0
Releases: 0
Turnouts: 0
Voltage: 12.0
RSSI: 0
LED Errors: 0
Version: 3
Revision: 0

2024-11-03 16:59:27.586652
Sender: 1
Head 0: G
Head 1: O
Head 2: O
Head 3: O
Captures: 0
Releases: 0
Turnouts: 0
Voltage: 12.0
RSSI: -108
LED Errors: 0
Version: 3
Revision: 0

2024-11-03 16:59:28.573621
Sender: 1
Head 0: G
Head 1: O
Head 2: O
Head 3: O
Captures: 0
Releases: 0
Turnouts: 0
Voltage: 12.0
RSSI: -108
LED Errors: 0
Version: 3
Revision: 0

2024-11-03 16:59:29.581674
Sender: 1
Head 0: G
Head 1: O
Head 2: O
Head 3: O
Captures: 0
Releases: 0
Turnouts: 0
Voltage: 12.0
RSSI: -108
LED Errors: 0
Version: 3
Revision: 0

2024-11-03 16:59:30.588954
Sender: 1
Head 0: G
Head 1: O
Head 2: O
Head 3: O
Captures: 0
Releases: 0
Turnouts: 0
Voltage: 12.0
RSSI: -108
LED Errors: 0
Version: 3
Revision: 0

2024-11-03 16:59:31.597744
Sender: 1
Head 0: G
Head 1: O
Head 2: O
Head 3: O
Captures: 0
Releases: 0
Turnouts: 0
Voltage: 12.0
RSSI: -108
LED Errors: 0
Version: 3
Revision: 0

2024-11-03 16:59:32.604088
Sender: 1
Head 0: G
Head 1: O
Head 2: O
Head 3: O
Captures: 0
Releases: 0
Turnouts: 0
Voltage: 12.0
RSSI: -108
LED Errors: 0
Version: 3
Revision: 0

2024-11-03 16:59:33.610744
Sender: 1
Head 0: G
Head 1: O
Head 2: O
Head 3: O
Captures: 0
Releases: 0
Turnouts: 0
Voltage: 12.0
RSSI: -108
LED Errors: 0
Version: 3
Revision: 0

2024-11-03 16:59:34.616959
Sender: 1
Head 0: G
Head 1: O
Head 2: O
Head 3: O
Captures: 0
Releases: 0
Turnouts: 0
Voltage: 12.0
RSSI: -108
LED Errors: 0
Version: 3
Revision: 0

2024-11-03 16:59:35.624515
Sender: 1
Head 0: G
Head 1: O
Head 2: O
Head 3: O
Captures: 0
Releases: 0
Turnouts: 0
Voltage: 12.0
RSSI: -108
LED Errors: 0
Version: 3
Revision: 0

2024-11-03 16:59:36.631640
Sender: 1
Head 0: G
Head 1: O
Head 2: O
Head 3: O
Captures: 0
Releases: 0
Turnouts: 0
Voltage: 12.0
RSSI: -108
LED Errors: 0
Version: 3
Revision: 0

2024-11-03 16:59:37.376966
Sender: 2
Head 0: G
Head 1: O
Head 2: O
Head 3: O
Captures: 0
Releases: 0
Turnouts: 0
Voltage: 11.9
RSSI: -93
LED Errors: 0
Version: 3
Revision: 0

2024-11-03 16:59:37.638793
Sender: 1
Head 0: G
Head 1: O
Head 2: O
Head 3: O
Captures: 0
Releases: 0
Turnouts: 0
Voltage: 12.0
RSSI: -108
LED Errors: 0
Version: 3
Revision: 0

2024-11-03 16:59:46.460790
Sender: 1
Head 0: R
Head 1: O
Head 2: O
Head 3: O
Captures: 0
Releases: 0
Turnouts: 0
Voltage: 12.0
RSSI: -108
LED Errors: 0
Version: 3
Revision: 0

2024-11-03 16:59:47.468383
Sender: 1
Head 0: R
Head 1: O
Head 2: O
Head 3: O
Captures: 0
Releases: 0
Turnouts: 0
Voltage: 12.0
RSSI: -108
LED Errors: 0
Version: 3
Revision: 0

2024-11-03 16:59:47.770259
Sender: 2
Head 0: A
Head 1: O
Head 2: O
Head 3: O
Captures: 0
Releases: 0
Turnouts: 0
Voltage: 11.9
RSSI: -93
LED Errors: 0
Version: 3
Revision: 0

2024-11-03 16:59:48.476520
Sender: 1
Head 0: R
Head 1: O
Head 2: O
Head 3: O
Captures: 0
Releases: 0
Turnouts: 0
Voltage: 12.0
RSSI: -108
LED Errors: 0
Version: 3
Revision: 0

2024-11-03 16:59:49.483463
Sender: 1
Head 0: R
Head 1: O
Head 2: O
Head 3: O
Captures: 0
Releases: 0
Turnouts: 0
Voltage: 12.0
RSSI: -108
LED Errors: 0
Version: 3
Revision: 0

2024-11-03 16:59:50.491016
Sender: 1
Head 0: R
Head 1: O
Head 2: O
Head 3: O
Captures: 0
Releases: 0
Turnouts: 0
Voltage: 12.0
RSSI: -108
LED Errors: 0
Version: 3
Revision: 0

2024-11-03 16:59:51.499634
Sender: 1
Head 0: R
Head 1: O
Head 2: O
Head 3: O
Captures: 0
Releases: 0
Turnouts: 0
Voltage: 12.0
RSSI: -108
LED Errors: 0
Version: 3
Revision: 0

2024-11-03 16:59:52.507439
Sender: 1
Head 0: R
Head 1: O
Head 2: O
Head 3: O
Captures: 0
Releases: 0
Turnouts: 0
Voltage: 12.0
RSSI: -108
LED Errors: 0
Version: 3
Revision: 0

2024-11-03 16:59:53.515470
Sender: 1
Head 0: R
Head 1: O
Head 2: O
Head 3: O
Captures: 0
Releases: 0
Turnouts: 0
Voltage: 12.0
RSSI: -108
LED Errors: 0
Version: 3
Revision: 0

2024-11-03 16:59:54.522480
Sender: 1
Head 0: R
Head 1: O
Head 2: O
Head 3: O
Captures: 0
Releases: 0
Turnouts: 0
Voltage: 12.0
RSSI: -108
LED Errors: 0
Version: 3
Revision: 0

2024-11-03 16:59:55.529916
Sender: 1
Head 0: R
Head 1: O
Head 2: O
Head 3: O
Captures: 0
Releases: 0
Turnouts: 0
Voltage: 12.0
RSSI: -108
LED Errors: 0
Version: 3
Revision: 0

2024-11-03 16:59:56.538121
Sender: 1
Head 0: R
Head 1: O
Head 2: O
Head 3: O
Captures: 0
Releases: 0
Turnouts: 0
Voltage: 12.0
RSSI: -108
LED Errors: 0
Version: 3
Revision: 0

2024-11-03 17:00:00.491544
Sender: 1
Head 0: G
Head 1: O
Head 2: O
Head 3: O
Captures: 0
Releases: 0
Turnouts: 0
Voltage: 12.0
RSSI: -108
LED Errors: 0
Version: 3
Revision: 0

2024-11-03 17:00:10.454897
Sender: 2
Head 0: G
Head 1: O
Head 2: O
Head 3: O
Captures: 0
Releases: 0
Turnouts: 0
Voltage: 11.9
RSSI: -93
LED Errors: 0
Version: 3
Revision: 0

2024-11-03 17:06:02.880911
Sender: 1
Head 0: G
Head 1: O
Head 2: O
Head 3: O
Captures: 0
Releases: 0
Turnouts: 0
Voltage: 12.0
RSSI: -108
LED Errors: 0
Version: 3
Revision: 0

2024-11-03 17:06:13.089442
Sender: 2
Head 0: G
Head 1: O
Head 2: O
Head 3: O
Captures: 0
Releases: 0
Turnouts: 0
Voltage: 11.9
RSSI: -93
LED Errors: 0
Version: 3
Revision: 0

2024-11-03 17:12:03.605915
Sender: 1
Head 0: G
Head 1: O
Head 2: O
Head 3: O
Captures: 0
Releases: 0
Turnouts: 0
Voltage: 12.0
RSSI: -108
LED Errors: 0
Version: 3
Revision: 0

2024-11-03 17:12:13.817608
Sender: 2
Head 0: G
Head 1: O
Head 2: O
Head 3: O
Captures: 0
Releases: 0
Turnouts: 0
Voltage: 11.9
RSSI: -93
LED Errors: 0
Version: 3
Revision: 0

2024-11-03 17:16:25.836032
Sender: 1
Head 0: R
Head 1: O
Head 2: O
Head 3: O
Captures: 0
Releases: 0
Turnouts: 0
Voltage: 12.0
RSSI: 0
LED Errors: 0
Version: 3
Revision: 0

2024-11-03 17:16:26.843798
Sender: 1
Head 0: R
Head 1: O
Head 2: O
Head 3: O
Captures: 0
Releases: 0
Turnouts: 0
Voltage: 12.0
RSSI: 0
LED Errors: 0
Version: 3
Revision: 0

2024-11-03 17:16:27.851768
Sender: 1
Head 0: R
Head 1: O
Head 2: O
Head 3: O
Captures: 0
Releases: 0
Turnouts: 0
Voltage: 12.0
RSSI: 0
LED Errors: 0
Version: 3
Revision: 0

2024-11-03 17:16:28.858781
Sender: 1
Head 0: R
Head 1: O
Head 2: O
Head 3: O
Captures: 0
Releases: 0
Turnouts: 0
Voltage: 12.0
RSSI: 0
LED Errors: 0
Version: 3
Revision: 0

2024-11-03 17:16:29.866009
Sender: 1
Head 0: R
Head 1: O
Head 2: O
Head 3: O
Captures: 0
Releases: 0
Turnouts: 0
Voltage: 12.0
RSSI: 0
LED Errors: 0
Version: 3
Revision: 0

2024-11-03 17:16:30.873662
Sender: 1
Head 0: R
Head 1: O
Head 2: O
Head 3: O
Captures: 0
Releases: 0
Turnouts: 0
Voltage: 12.0
RSSI: 0
LED Errors: 0
Version: 3
Revision: 0

2024-11-03 17:16:31.880366
Sender: 1
Head 0: R
Head 1: O
Head 2: O
Head 3: O
Captures: 0
Releases: 0
Turnouts: 0
Voltage: 12.0
RSSI: 0
LED Errors: 0
Version: 3
Revision: 0

2024-11-03 17:16:32.888271
Sender: 1
Head 0: R
Head 1: O
Head 2: O
Head 3: O
Captures: 0
Releases: 0
Turnouts: 0
Voltage: 12.0
RSSI: 0
LED Errors: 0
Version: 3
Revision: 0

2024-11-03 17:16:33.896696
Sender: 1
Head 0: R
Head 1: O
Head 2: O
Head 3: O
Captures: 0
Releases: 0
Turnouts: 0
Voltage: 12.0
RSSI: 0
LED Errors: 0
Version: 3
Revision: 0

2024-11-03 17:16:34.902898
Sender: 1
Head 0: R
Head 1: O
Head 2: O
Head 3: O
Captures: 0
Releases: 0
Turnouts: 0
Voltage: 12.0
RSSI: 0
LED Errors: 0
Version: 3
Revision: 0

2024-11-03 17:16:35.909546
Sender: 1
Head 0: R
Head 1: O
Head 2: O
Head 3: O
Captures: 0
Releases: 0
Turnouts: 0
Voltage: 12.0
RSSI: 0
LED Errors: 0
Version: 3
Revision: 0

2024-11-03 17:18:13.788420
Sender: 1
Head 0: R
Head 1: O
Head 2: O
Head 3: O
Captures: 0
Releases: 0
Turnouts: 0
Voltage: 12.0
RSSI: 0
LED Errors: 0
Version: 3
Revision: 0

2024-11-03 17:18:14.207887
Sender: 2
Head 0: G
Head 1: O
Head 2: O
Head 3: O
Captures: 0
Releases: 0
Turnouts: 0
Voltage: 11.9
RSSI: -93
LED Errors: 0
Version: 3
Revision: 0

2024-11-03 17:18:15.802616
Sender: 1
Head 0: R
Head 1: O
Head 2: O
Head 3: O
Captures: 0
Releases: 0
Turnouts: 0
Voltage: 12.0
RSSI: -95
LED Errors: 0
Version: 3
Revision: 0

2024-11-03 17:18:16.810576
Sender: 1
Head 0: R
Head 1: O
Head 2: O
Head 3: O
Captures: 0
Releases: 0
Turnouts: 0
Voltage: 12.0
RSSI: -95
LED Errors: 0
Version: 3
Revision: 0

2024-11-03 17:18:17.818308
Sender: 1
Head 0: R
Head 1: O
Head 2: O
Head 3: O
Captures: 0
Releases: 0
Turnouts: 0
Voltage: 12.0
RSSI: -95
LED Errors: 0
Version: 3
Revision: 0

2024-11-03 17:18:18.825336
Sender: 1
Head 0: R
Head 1: O
Head 2: O
Head 3: O
Captures: 0
Releases: 0
Turnouts: 0
Voltage: 12.0
RSSI: -95
LED Errors: 0
Version: 3
Revision: 0

2024-11-03 17:18:19.832063
Sender: 1
Head 0: R
Head 1: O
Head 2: O
Head 3: O
Captures: 0
Releases: 0
Turnouts: 0
Voltage: 12.0
RSSI: -95
LED Errors: 0
Version: 3
Revision: 0

2024-11-03 17:18:20.840519
Sender: 1
Head 0: R
Head 1: O
Head 2: O
Head 3: O
Captures: 0
Releases: 0
Turnouts: 0
Voltage: 12.0
RSSI: -95
LED Errors: 0
Version: 3
Revision: 0

2024-11-03 17:18:21.846906
Sender: 1
Head 0: R
Head 1: O
Head 2: O
Head 3: O
Captures: 0
Releases: 0
Turnouts: 0
Voltage: 12.0
RSSI: -95
LED Errors: 0
Version: 3
Revision: 0

2024-11-03 17:18:22.853662
Sender: 1
Head 0: R
Head 1: O
Head 2: O
Head 3: O
Captures: 0
Releases: 0
Turnouts: 0
Voltage: 12.0
RSSI: -95
LED Errors: 0
Version: 3
Revision: 0

2024-11-03 17:18:23.862371
Sender: 1
Head 0: R
Head 1: O
Head 2: O
Head 3: O
Captures: 0
Releases: 0
Turnouts: 0
Voltage: 12.0
RSSI: -95
LED Errors: 0
Version: 3
Revision: 0

2024-11-03 17:20:01.870169
Sender: 1
Head 0: R
Head 1: O
Head 2: O
Head 3: O
Captures: 0
Releases: 0
Turnouts: 0
Voltage: 12.0
RSSI: 0
LED Errors: 0
Version: 3
Revision: 0

2024-11-03 17:20:02.877831
Sender: 1
Head 0: R
Head 1: O
Head 2: O
Head 3: O
Captures: 0
Releases: 0
Turnouts: 0
Voltage: 12.0
RSSI: 0
LED Errors: 0
Version: 3
Revision: 0

2024-11-03 17:20:03.887138
Sender: 1
Head 0: R
Head 1: O
Head 2: O
Head 3: O
Captures: 0
Releases: 0
Turnouts: 0
Voltage: 12.0
RSSI: 0
LED Errors: 0
Version: 3
Revision: 0

2024-11-03 17:20:04.894201
Sender: 1
Head 0: R
Head 1: O
Head 2: O
Head 3: O
Captures: 0
Releases: 0
Turnouts: 0
Voltage: 12.0
RSSI: 0
LED Errors: 0
Version: 3
Revision: 0

2024-11-03 17:20:05.901677
Sender: 1
Head 0: R
Head 1: O
Head 2: O
Head 3: O
Captures: 0
Releases: 0
Turnouts: 0
Voltage: 12.0
RSSI: 0
LED Errors: 0
Version: 3
Revision: 0

2024-11-03 17:20:06.909485
Sender: 1
Head 0: R
Head 1: O
Head 2: O
Head 3: O
Captures: 0
Releases: 0
Turnouts: 0
Voltage: 12.0
RSSI: 0
LED Errors: 0
Version: 3
Revision: 0

2024-11-03 17:20:07.916448
Sender: 1
Head 0: R
Head 1: O
Head 2: O
Head 3: O
Captures: 0
Releases: 0
Turnouts: 0
Voltage: 12.0
RSSI: 0
LED Errors: 0
Version: 3
Revision: 0

2024-11-03 17:20:08.922792
Sender: 1
Head 0: R
Head 1: O
Head 2: O
Head 3: O
Captures: 0
Releases: 0
Turnouts: 0
Voltage: 12.0
RSSI: 0
LED Errors: 0
Version: 3
Revision: 0

2024-11-03 17:20:09.931171
Sender: 1
Head 0: R
Head 1: O
Head 2: O
Head 3: O
Captures: 0
Releases: 0
Turnouts: 0
Voltage: 12.0
RSSI: 0
LED Errors: 0
Version: 3
Revision: 0

2024-11-03 17:20:10.939059
Sender: 1
Head 0: R
Head 1: O
Head 2: O
Head 3: O
Captures: 0
Releases: 0
Turnouts: 0
Voltage: 12.0
RSSI: 0
LED Errors: 0
Version: 3
Revision: 0

2024-11-03 17:20:11.945297
Sender: 1
Head 0: R
Head 1: O
Head 2: O
Head 3: O
Captures: 0
Releases: 0
Turnouts: 0
Voltage: 12.0
RSSI: 0
LED Errors: 0
Version: 3
Revision: 0

2024-11-03 17:21:25.808023
Sender: 1
Head 0: R
Head 1: O
Head 2: O
Head 3: O
Captures: 0
Releases: 0
Turnouts: 0
Voltage: 12.0
RSSI: 0
LED Errors: 0
Version: 3
Revision: 0

2024-11-03 17:21:26.128226
Sender: 2
Head 0: G
Head 1: O
Head 2: O
Head 3: O
Captures: 0
Releases: 0
Turnouts: 0
Voltage: 12.0
RSSI: -93
LED Errors: 0
Version: 3
Revision: 0

2024-11-03 17:21:26.802773
Sender: 1
Head 0: R
Head 1: O
Head 2: O
Head 3: O
Captures: 0
Releases: 0
Turnouts: 0
Voltage: 12.0
RSSI: -95
LED Errors: 0
Version: 3
Revision: 0

2024-11-03 17:21:28.836869
Sender: 1
Head 0: R
Head 1: O
Head 2: O
Head 3: O
Captures: 0
Releases: 0
Turnouts: 0
Voltage: 12.0
RSSI: -95
LED Errors: 0
Version: 3
Revision: 0

2024-11-03 17:21:29.825987
Sender: 1
Head 0: R
Head 1: O
Head 2: O
Head 3: O
Captures: 0
Releases: 0
Turnouts: 0
Voltage: 12.0
RSSI: -95
LED Errors: 0
Version: 3
Revision: 0

2024-11-03 17:21:30.833102
Sender: 1
Head 0: R
Head 1: O
Head 2: O
Head 3: O
Captures: 0
Releases: 0
Turnouts: 0
Voltage: 12.0
RSSI: -95
LED Errors: 0
Version: 3
Revision: 0

2024-11-03 17:21:31.841235
Sender: 1
Head 0: R
Head 1: O
Head 2: O
Head 3: O
Captures: 0
Releases: 0
Turnouts: 0
Voltage: 12.0
RSSI: -95
LED Errors: 0
Version: 3
Revision: 0

2024-11-03 17:21:32.849306
Sender: 1
Head 0: R
Head 1: O
Head 2: O
Head 3: O
Captures: 0
Releases: 0
Turnouts: 0
Voltage: 12.0
RSSI: -95
LED Errors: 0
Version: 3
Revision: 0

2024-11-03 17:21:33.857292
Sender: 1
Head 0: R
Head 1: O
Head 2: O
Head 3: O
Captures: 0
Releases: 0
Turnouts: 0
Voltage: 12.0
RSSI: -95
LED Errors: 0
Version: 3
Revision: 0

2024-11-03 17:21:34.863625
Sender: 1
Head 0: R
Head 1: O
Head 2: O
Head 3: O
Captures: 0
Releases: 0
Turnouts: 0
Voltage: 12.0
RSSI: -95
LED Errors: 0
Version: 3
Revision: 0

2024-11-03 17:21:35.872232
Sender: 1
Head 0: R
Head 1: O
Head 2: O
Head 3: O
Captures: 0
Releases: 0
Turnouts: 0
Voltage: 12.0
RSSI: -95
LED Errors: 0
Version: 3
Revision: 0

2024-11-03 17:22:41.821655
Sender: 2
Head 0: R
Head 1: O
Head 2: O
Head 3: O
Captures: 0
Releases: 0
Turnouts: 0
Voltage: 11.9
RSSI: 0
LED Errors: 0
Version: 3
Revision: 0

2024-11-03 17:22:42.829974
Sender: 2
Head 0: R
Head 1: O
Head 2: O
Head 3: O
Captures: 0
Releases: 0
Turnouts: 0
Voltage: 11.9
RSSI: 0
LED Errors: 0
Version: 3
Revision: 0

2024-11-03 17:22:43.834108
Sender: 2
Head 0: R
Head 1: O
Head 2: O
Head 3: O
Captures: 0
Releases: 0
Turnouts: 0
Voltage: 11.9
RSSI: 0
LED Errors: 0
Version: 3
Revision: 0

2024-11-03 17:22:44.839919
Sender: 2
Head 0: R
Head 1: O
Head 2: O
Head 3: O
Captures: 0
Releases: 0
Turnouts: 0
Voltage: 11.9
RSSI: 0
LED Errors: 0
Version: 3
Revision: 0

2024-11-03 17:22:45.847078
Sender: 2
Head 0: R
Head 1: O
Head 2: O
Head 3: O
Captures: 0
Releases: 0
Turnouts: 0
Voltage: 11.9
RSSI: 0
LED Errors: 0
Version: 3
Revision: 0

2024-11-03 17:22:46.853443
Sender: 2
Head 0: R
Head 1: O
Head 2: O
Head 3: O
Captures: 0
Releases: 0
Turnouts: 0
Voltage: 11.9
RSSI: 0
LED Errors: 0
Version: 3
Revision: 0

2024-11-03 17:22:47.860145
Sender: 2
Head 0: R
Head 1: O
Head 2: O
Head 3: O
Captures: 0
Releases: 0
Turnouts: 0
Voltage: 11.9
RSSI: 0
LED Errors: 0
Version: 3
Revision: 0

2024-11-03 17:22:48.868204
Sender: 2
Head 0: R
Head 1: O
Head 2: O
Head 3: O
Captures: 0
Releases: 0
Turnouts: 0
Voltage: 11.9
RSSI: 0
LED Errors: 0
Version: 3
Revision: 0

2024-11-03 17:22:49.874595
Sender: 2
Head 0: R
Head 1: O
Head 2: O
Head 3: O
Captures: 0
Releases: 0
Turnouts: 0
Voltage: 11.9
RSSI: 0
LED Errors: 0
Version: 3
Revision: 0

2024-11-03 17:22:50.881439
Sender: 2
Head 0: R
Head 1: O
Head 2: O
Head 3: O
Captures: 0
Releases: 0
Turnouts: 0
Voltage: 11.9
RSSI: 0
LED Errors: 0
Version: 3
Revision: 0

2024-11-03 17:22:51.887726
Sender: 2
Head 0: R
Head 1: O
Head 2: O
Head 3: O
Captures: 0
Releases: 0
Turnouts: 0
Voltage: 11.9
RSSI: 0
LED Errors: 0
Version: 3
Revision: 0

2024-11-03 17:23:16.152766
Sender: 1
Head 0: G
Head 1: O
Head 2: O
Head 3: O
Captures: 0
Releases: 0
Turnouts: 0
Voltage: 12.0
RSSI: -95
LED Errors: 0
Version: 3
Revision: 0

2024-11-03 17:23:16.327547
Sender: 2
Head 0: G
Head 1: O
Head 2: O
Head 3: O
Captures: 0
Releases: 0
Turnouts: 0
Voltage: 11.9
RSSI: -100
LED Errors: 0
Version: 3
Revision: 0

2024-11-03 17:23:17.158024
Sender: 1
Head 0: G
Head 1: O
Head 2: O
Head 3: O
Captures: 0
Releases: 0
Turnouts: 0
Voltage: 12.0
RSSI: -95
LED Errors: 0
Version: 3
Revision: 0

2024-11-03 17:23:18.163933
Sender: 1
Head 0: G
Head 1: O
Head 2: O
Head 3: O
Captures: 0
Releases: 0
Turnouts: 0
Voltage: 12.0
RSSI: -95
LED Errors: 0
Version: 3
Revision: 0

2024-11-03 17:23:18.594870
Sender: 2
Head 0: G
Head 1: O
Head 2: O
Head 3: O
Captures: 0
Releases: 0
Turnouts: 0
Voltage: 11.9
RSSI: -100
LED Errors: 0
Version: 3
Revision: 0

2024-11-03 17:23:19.171692
Sender: 1
Head 0: G
Head 1: O
Head 2: O
Head 3: O
Captures: 0
Releases: 0
Turnouts: 0
Voltage: 12.0
RSSI: -95
LED Errors: 0
Version: 3
Revision: 0

2024-11-03 17:23:19.602652
Sender: 2
Head 0: G
Head 1: O
Head 2: O
Head 3: O
Captures: 0
Releases: 0
Turnouts: 0
Voltage: 11.9
RSSI: -100
LED Errors: 0
Version: 3
Revision: 0

2024-11-03 17:23:20.176517
Sender: 1
Head 0: G
Head 1: O
Head 2: O
Head 3: O
Captures: 0
Releases: 0
Turnouts: 0
Voltage: 12.0
RSSI: -95
LED Errors: 0
Version: 3
Revision: 0

2024-11-03 17:23:20.609255
Sender: 2
Head 0: G
Head 1: O
Head 2: O
Head 3: O
Captures: 0
Releases: 0
Turnouts: 0
Voltage: 11.9
RSSI: -100
LED Errors: 0
Version: 3
Revision: 0

2024-11-03 17:23:21.182070
Sender: 1
Head 0: G
Head 1: O
Head 2: O
Head 3: O
Captures: 0
Releases: 0
Turnouts: 0
Voltage: 12.0
RSSI: -95
LED Errors: 0
Version: 3
Revision: 0

2024-11-03 17:23:21.616206
Sender: 2
Head 0: G
Head 1: O
Head 2: O
Head 3: O
Captures: 0
Releases: 0
Turnouts: 0
Voltage: 11.9
RSSI: -100
LED Errors: 0
Version: 3
Revision: 0

2024-11-03 17:23:22.186978
Sender: 1
Head 0: G
Head 1: O
Head 2: O
Head 3: O
Captures: 0
Releases: 0
Turnouts: 0
Voltage: 12.0
RSSI: -95
LED Errors: 0
Version: 3
Revision: 0

2024-11-03 17:23:22.623695
Sender: 2
Head 0: G
Head 1: O
Head 2: O
Head 3: O
Captures: 0
Releases: 0
Turnouts: 0
Voltage: 11.9
RSSI: -100
LED Errors: 0
Version: 3
Revision: 0

2024-11-03 17:23:23.191954
Sender: 1
Head 0: G
Head 1: O
Head 2: O
Head 3: O
Captures: 0
Releases: 0
Turnouts: 0
Voltage: 12.0
RSSI: -95
LED Errors: 0
Version: 3
Revision: 0

2024-11-03 17:23:23.631045
Sender: 2
Head 0: G
Head 1: O
Head 2: O
Head 3: O
Captures: 0
Releases: 0
Turnouts: 0
Voltage: 11.9
RSSI: -100
LED Errors: 0
Version: 3
Revision: 0

2024-11-03 17:23:24.197623
Sender: 1
Head 0: G
Head 1: O
Head 2: O
Head 3: O
Captures: 0
Releases: 0
Turnouts: 0
Voltage: 12.0
RSSI: -95
LED Errors: 0
Version: 3
Revision: 0

2024-11-03 17:23:24.639023
Sender: 2
Head 0: G
Head 1: O
Head 2: O
Head 3: O
Captures: 0
Releases: 0
Turnouts: 0
Voltage: 11.9
RSSI: -100
LED Errors: 0
Version: 3
Revision: 0

2024-11-03 17:23:25.202514
Sender: 1
Head 0: G
Head 1: O
Head 2: O
Head 3: O
Captures: 0
Releases: 0
Turnouts: 0
Voltage: 12.0
RSSI: -95
LED Errors: 0
Version: 3
Revision: 0

2024-11-03 17:23:25.645025
Sender: 2
Head 0: G
Head 1: O
Head 2: O
Head 3: O
Captures: 0
Releases: 0
Turnouts: 0
Voltage: 11.9
RSSI: -100
LED Errors: 0
Version: 3
Revision: 0

2024-11-03 17:23:26.207752
Sender: 1
Head 0: G
Head 1: O
Head 2: O
Head 3: O
Captures: 0
Releases: 0
Turnouts: 0
Voltage: 12.0
RSSI: -95
LED Errors: 0
Version: 3
Revision: 0

2024-11-03 17:23:26.651928
Sender: 2
Head 0: G
Head 1: O
Head 2: O
Head 3: O
Captures: 0
Releases: 0
Turnouts: 0
Voltage: 11.9
RSSI: -100
LED Errors: 0
Version: 3
Revision: 0

2024-11-03 17:24:24.672525
Sender: 1
Head 0: R
Head 1: O
Head 2: O
Head 3: O
Captures: 0
Releases: 0
Turnouts: 0
Voltage: 12.0
RSSI: -95
LED Errors: 0
Version: 3
Revision: 0

2024-11-03 17:24:25.992482
Sender: 2
Head 0: A
Head 1: O
Head 2: O
Head 3: O
Captures: 0
Releases: 0
Turnouts: 0
Voltage: 11.9
RSSI: -100
LED Errors: 0
Version: 3
Revision: 0

2024-11-03 17:24:26.998371
Sender: 2
Head 0: A
Head 1: O
Head 2: O
Head 3: O
Captures: 0
Releases: 0
Turnouts: 0
Voltage: 11.9
RSSI: -100
LED Errors: 0
Version: 3
Revision: 0

2024-11-03 17:24:28.005086
Sender: 2
Head 0: A
Head 1: O
Head 2: O
Head 3: O
Captures: 0
Releases: 0
Turnouts: 0
Voltage: 11.9
RSSI: -100
LED Errors: 0
Version: 3
Revision: 0

2024-11-03 17:24:29.012197
Sender: 2
Head 0: A
Head 1: O
Head 2: O
Head 3: O
Captures: 0
Releases: 0
Turnouts: 0
Voltage: 11.9
RSSI: -100
LED Errors: 0
Version: 3
Revision: 0

2024-11-03 17:24:30.018957
Sender: 2
Head 0: A
Head 1: O
Head 2: O
Head 3: O
Captures: 0
Releases: 0
Turnouts: 0
Voltage: 11.9
RSSI: -100
LED Errors: 0
Version: 3
Revision: 0

2024-11-03 17:24:31.026218
Sender: 2
Head 0: A
Head 1: O
Head 2: O
Head 3: O
Captures: 0
Releases: 0
Turnouts: 0
Voltage: 11.9
RSSI: -100
LED Errors: 0
Version: 3
Revision: 0

2024-11-03 17:24:32.033191
Sender: 2
Head 0: A
Head 1: O
Head 2: O
Head 3: O
Captures: 0
Releases: 0
Turnouts: 0
Voltage: 11.9
RSSI: -100
LED Errors: 0
Version: 3
Revision: 0

2024-11-03 17:24:33.039787
Sender: 2
Head 0: A
Head 1: O
Head 2: O
Head 3: O
Captures: 0
Releases: 0
Turnouts: 0
Voltage: 11.9
RSSI: -100
LED Errors: 0
Version: 3
Revision: 0

2024-11-03 17:24:34.046990
Sender: 2
Head 0: A
Head 1: O
Head 2: O
Head 3: O
Captures: 0
Releases: 0
Turnouts: 0
Voltage: 11.9
RSSI: -100
LED Errors: 0
Version: 3
Revision: 0

2024-11-03 17:24:35.054315
Sender: 2
Head 0: A
Head 1: O
Head 2: O
Head 3: O
Captures: 0
Releases: 0
Turnouts: 0
Voltage: 11.9
RSSI: -100
LED Errors: 0
Version: 3
Revision: 0

2024-11-03 17:27:13.525096
Sender: 2
Head 0: R
Head 1: O
Head 2: O
Head 3: O
Captures: 0
Releases: 0
Turnouts: 0
Voltage: 11.9
RSSI: 0
LED Errors: 0
Version: 3
Revision: 0

2024-11-03 17:27:14.531537
Sender: 2
Head 0: R
Head 1: O
Head 2: O
Head 3: O
Captures: 0
Releases: 0
Turnouts: 0
Voltage: 11.9
RSSI: 0
LED Errors: 0
Version: 3
Revision: 0

2024-11-03 17:27:15.539271
Sender: 2
Head 0: R
Head 1: O
Head 2: O
Head 3: O
Captures: 0
Releases: 0
Turnouts: 0
Voltage: 11.9
RSSI: 0
LED Errors: 0
Version: 3
Revision: 0

2024-11-03 17:27:16.546381
Sender: 2
Head 0: R
Head 1: O
Head 2: O
Head 3: O
Captures: 0
Releases: 0
Turnouts: 0
Voltage: 11.9
RSSI: 0
LED Errors: 0
Version: 3
Revision: 0

2024-11-03 17:27:17.553456
Sender: 2
Head 0: R
Head 1: O
Head 2: O
Head 3: O
Captures: 0
Releases: 0
Turnouts: 0
Voltage: 11.9
RSSI: 0
LED Errors: 0
Version: 3
Revision: 0

2024-11-03 17:27:18.559523
Sender: 2
Head 0: R
Head 1: O
Head 2: O
Head 3: O
Captures: 0
Releases: 0
Turnouts: 0
Voltage: 11.9
RSSI: 0
LED Errors: 0
Version: 3
Revision: 0

2024-11-03 17:27:19.565858
Sender: 2
Head 0: R
Head 1: O
Head 2: O
Head 3: O
Captures: 0
Releases: 0
Turnouts: 0
Voltage: 11.9
RSSI: 0
LED Errors: 0
Version: 3
Revision: 0

2024-11-03 17:27:20.572710
Sender: 2
Head 0: R
Head 1: O
Head 2: O
Head 3: O
Captures: 0
Releases: 0
Turnouts: 0
Voltage: 11.9
RSSI: 0
LED Errors: 0
Version: 3
Revision: 0

2024-11-03 17:27:21.579609
Sender: 2
Head 0: R
Head 1: O
Head 2: O
Head 3: O
Captures: 0
Releases: 0
Turnouts: 0
Voltage: 11.9
RSSI: 0
LED Errors: 0
Version: 3
Revision: 0

2024-11-03 17:27:22.586654
Sender: 2
Head 0: R
Head 1: O
Head 2: O
Head 3: O
Captures: 0
Releases: 0
Turnouts: 0
Voltage: 11.9
RSSI: 0
LED Errors: 0
Version: 3
Revision: 0

2024-11-03 17:27:23.593526
Sender: 2
Head 0: R
Head 1: O
Head 2: O
Head 3: O
Captures: 0
Releases: 0
Turnouts: 0
Voltage: 11.9
RSSI: 0
LED Errors: 0
Version: 3
Revision: 0

2024-11-03 17:27:26.014164
Sender: 1
Head 0: G
Head 1: O
Head 2: O
Head 3: O
Captures: 0
Releases: 0
Turnouts: 0
Voltage: 12.0
RSSI: -95
LED Errors: 0
Version: 3
Revision: 0

2024-11-03 17:27:26.300436
Sender: 2
Head 0: G
Head 1: O
Head 2: O
Head 3: O
Captures: 0
Releases: 0
Turnouts: 0
Voltage: 11.9
RSSI: -100
LED Errors: 0
Version: 3
Revision: 0

2024-11-03 17:27:27.308044
Sender: 2
Head 0: G
Head 1: O
Head 2: O
Head 3: O
Captures: 0
Releases: 0
Turnouts: 0
Voltage: 11.9
RSSI: -100
LED Errors: 0
Version: 3
Revision: 0

2024-11-03 17:27:28.315001
Sender: 2
Head 0: G
Head 1: O
Head 2: O
Head 3: O
Captures: 0
Releases: 0
Turnouts: 0
Voltage: 11.9
RSSI: -100
LED Errors: 0
Version: 3
Revision: 0

2024-11-03 17:27:29.321545
Sender: 2
Head 0: G
Head 1: O
Head 2: O
Head 3: O
Captures: 0
Releases: 0
Turnouts: 0
Voltage: 11.9
RSSI: -100
LED Errors: 0
Version: 3
Revision: 0

2024-11-03 17:27:30.329108
Sender: 2
Head 0: G
Head 1: O
Head 2: O
Head 3: O
Captures: 0
Releases: 0
Turnouts: 0
Voltage: 11.9
RSSI: -100
LED Errors: 0
Version: 3
Revision: 0

2024-11-03 17:27:31.337171
Sender: 2
Head 0: G
Head 1: O
Head 2: O
Head 3: O
Captures: 0
Releases: 0
Turnouts: 0
Voltage: 11.9
RSSI: -100
LED Errors: 0
Version: 3
Revision: 0

2024-11-03 17:27:32.342846
Sender: 2
Head 0: G
Head 1: O
Head 2: O
Head 3: O
Captures: 0
Releases: 0
Turnouts: 0
Voltage: 11.9
RSSI: -100
LED Errors: 0
Version: 3
Revision: 0

2024-11-03 17:27:33.349662
Sender: 2
Head 0: G
Head 1: O
Head 2: O
Head 3: O
Captures: 0
Releases: 0
Turnouts: 0
Voltage: 11.9
RSSI: -100
LED Errors: 0
Version: 3
Revision: 0

2024-11-03 17:27:34.357432
Sender: 2
Head 0: G
Head 1: O
Head 2: O
Head 3: O
Captures: 0
Releases: 0
Turnouts: 0
Voltage: 11.9
RSSI: -100
LED Errors: 0
Version: 3
Revision: 0

2024-11-03 17:27:35.364099
Sender: 2
Head 0: G
Head 1: O
Head 2: O
Head 3: O
Captures: 0
Releases: 0
Turnouts: 0
Voltage: 11.9
RSSI: -100
LED Errors: 0
Version: 3
Revision: 0

2024-11-03 17:27:36.371074
Sender: 2
Head 0: G
Head 1: O
Head 2: O
Head 3: O
Captures: 0
Releases: 0
Turnouts: 0
Voltage: 11.9
RSSI: -100
LED Errors: 0
Version: 3
Revision: 0

2024-11-03 17:28:15.010965
Sender: 1
Head 0: G
Head 1: O
Head 2: O
Head 3: O
Captures: 0
Releases: 0
Turnouts: 0
Voltage: 12.0
RSSI: -95
LED Errors: 0
Version: 3
Revision: 0

2024-11-03 17:28:15.326656
Sender: 2
Head 0: G
Head 1: O
Head 2: O
Head 3: O
Captures: 0
Releases: 0
Turnouts: 0
Voltage: 11.9
RSSI: -100
LED Errors: 0
Version: 3
Revision: 0

2024-11-03 17:28:16.318798
Sender: 2
Head 0: G
Head 1: O
Head 2: O
Head 3: O
Captures: 0
Releases: 0
Turnouts: 0
Voltage: 11.9
RSSI: -100
LED Errors: 0
Version: 3
Revision: 0

2024-11-03 17:28:17.325149
Sender: 2
Head 0: G
Head 1: O
Head 2: O
Head 3: O
Captures: 0
Releases: 0
Turnouts: 0
Voltage: 11.9
RSSI: -100
LED Errors: 0
Version: 3
Revision: 0

2024-11-03 17:28:18.334181
Sender: 2
Head 0: G
Head 1: O
Head 2: O
Head 3: O
Captures: 0
Releases: 0
Turnouts: 0
Voltage: 11.9
RSSI: -100
LED Errors: 0
Version: 3
Revision: 0

2024-11-03 17:28:19.339521
Sender: 2
Head 0: G
Head 1: O
Head 2: O
Head 3: O
Captures: 0
Releases: 0
Turnouts: 0
Voltage: 11.9
RSSI: -100
LED Errors: 0
Version: 3
Revision: 0

2024-11-03 17:28:20.345806
Sender: 2
Head 0: G
Head 1: O
Head 2: O
Head 3: O
Captures: 0
Releases: 0
Turnouts: 0
Voltage: 11.9
RSSI: -100
LED Errors: 0
Version: 3
Revision: 0

2024-11-03 17:28:22.360346
Sender: 2
Head 0: G
Head 1: O
Head 2: O
Head 3: O
Captures: 0
Releases: 0
Turnouts: 0
Voltage: 11.9
RSSI: -100
LED Errors: 0
Version: 3
Revision: 0

2024-11-03 17:28:23.367118
Sender: 2
Head 0: G
Head 1: O
Head 2: O
Head 3: O
Captures: 0
Releases: 0
Turnouts: 0
Voltage: 11.9
RSSI: -100
LED Errors: 0
Version: 3
Revision: 0

2024-11-03 17:28:25.382922
Sender: 2
Head 0: G
Head 1: O
Head 2: O
Head 3: O
Captures: 0
Releases: 0
Turnouts: 0
Voltage: 11.9
RSSI: -100
LED Errors: 0
Version: 3
Revision: 0

2024-11-03 17:29:15.163826
Sender: 1
Head 0: R
Head 1: O
Head 2: O
Head 3: O
Captures: 0
Releases: 0
Turnouts: 0
Voltage: 12.0
RSSI: 0
LED Errors: 0
Version: 3
Revision: 0

2024-11-03 17:29:16.171070
Sender: 1
Head 0: R
Head 1: O
Head 2: O
Head 3: O
Captures: 0
Releases: 0
Turnouts: 0
Voltage: 12.0
RSSI: 0
LED Errors: 0
Version: 3
Revision: 0

2024-11-03 17:29:17.179035
Sender: 1
Head 0: R
Head 1: O
Head 2: O
Head 3: O
Captures: 0
Releases: 0
Turnouts: 0
Voltage: 12.0
RSSI: 0
LED Errors: 0
Version: 3
Revision: 0

2024-11-03 17:29:19.193884
Sender: 1
Head 0: R
Head 1: O
Head 2: O
Head 3: O
Captures: 0
Releases: 0
Turnouts: 0
Voltage: 12.0
RSSI: 0
LED Errors: 0
Version: 3
Revision: 0

2024-11-03 17:29:20.201831
Sender: 1
Head 0: R
Head 1: O
Head 2: O
Head 3: O
Captures: 0
Releases: 0
Turnouts: 0
Voltage: 12.0
RSSI: 0
LED Errors: 0
Version: 3
Revision: 0

2024-11-03 17:29:21.209359
Sender: 1
Head 0: R
Head 1: O
Head 2: O
Head 3: O
Captures: 0
Releases: 0
Turnouts: 0
Voltage: 12.0
RSSI: 0
LED Errors: 0
Version: 3
Revision: 0

2024-11-03 17:29:22.217614
Sender: 1
Head 0: R
Head 1: O
Head 2: O
Head 3: O
Captures: 0
Releases: 0
Turnouts: 0
Voltage: 12.0
RSSI: 0
LED Errors: 0
Version: 3
Revision: 0

2024-11-03 17:29:23.226139
Sender: 1
Head 0: R
Head 1: O
Head 2: O
Head 3: O
Captures: 0
Releases: 0
Turnouts: 0
Voltage: 12.0
RSSI: 0
LED Errors: 0
Version: 3
Revision: 0

2024-11-03 17:29:24.232174
Sender: 1
Head 0: R
Head 1: O
Head 2: O
Head 3: O
Captures: 0
Releases: 0
Turnouts: 0
Voltage: 12.0
RSSI: 0
LED Errors: 0
Version: 3
Revision: 0

2024-11-03 17:29:26.045469
Sender: 2
Head 0: G
Head 1: O
Head 2: O
Head 3: O
Captures: 0
Releases: 0
Turnouts: 0
Voltage: 11.9
RSSI: -100
LED Errors: 0
Version: 3
Revision: 0

2024-11-03 17:29:27.142441
Sender: 1
Head 0: G
Head 1: O
Head 2: O
Head 3: O
Captures: 0
Releases: 0
Turnouts: 0
Voltage: 12.0
RSSI: -100
LED Errors: 0
Version: 3
Revision: 0

2024-11-03 17:29:28.136853
Sender: 1
Head 0: G
Head 1: O
Head 2: O
Head 3: O
Captures: 0
Releases: 0
Turnouts: 0
Voltage: 12.0
RSSI: -100
LED Errors: 0
Version: 3
Revision: 0

2024-11-03 17:29:30.151639
Sender: 1
Head 0: G
Head 1: O
Head 2: O
Head 3: O
Captures: 0
Releases: 0
Turnouts: 0
Voltage: 12.0
RSSI: -100
LED Errors: 0
Version: 3
Revision: 0

2024-11-03 17:29:31.159580
Sender: 1
Head 0: G
Head 1: O
Head 2: O
Head 3: O
Captures: 0
Releases: 0
Turnouts: 0
Voltage: 12.0
RSSI: -100
LED Errors: 0
Version: 3
Revision: 0

2024-11-03 17:29:32.167334
Sender: 1
Head 0: G
Head 1: O
Head 2: O
Head 3: O
Captures: 0
Releases: 0
Turnouts: 0
Voltage: 12.0
RSSI: -100
LED Errors: 0
Version: 3
Revision: 0

2024-11-03 17:29:33.174743
Sender: 1
Head 0: G
Head 1: O
Head 2: O
Head 3: O
Captures: 0
Releases: 0
Turnouts: 0
Voltage: 12.0
RSSI: -100
LED Errors: 0
Version: 3
Revision: 0

2024-11-03 17:29:34.181771
Sender: 1
Head 0: G
Head 1: O
Head 2: O
Head 3: O
Captures: 0
Releases: 0
Turnouts: 0
Voltage: 12.0
RSSI: -100
LED Errors: 0
Version: 3
Revision: 0

2024-11-03 17:29:35.189337
Sender: 1
Head 0: G
Head 1: O
Head 2: O
Head 3: O
Captures: 0
Releases: 0
Turnouts: 0
Voltage: 12.0
RSSI: -100
LED Errors: 0
Version: 3
Revision: 0

2024-11-03 17:29:36.195731
Sender: 1
Head 0: G
Head 1: O
Head 2: O
Head 3: O
Captures: 0
Releases: 0
Turnouts: 0
Voltage: 12.0
RSSI: -100
LED Errors: 0
Version: 3
Revision: 0

2024-11-03 17:29:49.222832
Sender: 1
Head 0: R
Head 1: O
Head 2: O
Head 3: O
Captures: 0
Releases: 0
Turnouts: 0
Voltage: 12.0
RSSI: -100
LED Errors: 0
Version: 3
Revision: 0

2024-11-03 17:29:49.387036
Sender: 2
Head 0: A
Head 1: O
Head 2: O
Head 3: O
Captures: 1
Releases: 0
Turnouts: 0
Voltage: 11.9
RSSI: -100
LED Errors: 0
Version: 3
Revision: 0

2024-11-03 17:29:50.229277
Sender: 1
Head 0: R
Head 1: O
Head 2: O
Head 3: O
Captures: 0
Releases: 0
Turnouts: 0
Voltage: 12.0
RSSI: -100
LED Errors: 0
Version: 3
Revision: 0

2024-11-03 17:29:51.236434
Sender: 1
Head 0: R
Head 1: O
Head 2: O
Head 3: O
Captures: 0
Releases: 0
Turnouts: 0
Voltage: 12.0
RSSI: -100
LED Errors: 0
Version: 3
Revision: 0

2024-11-03 17:29:51.612373
Sender: 2
Head 0: A
Head 1: O
Head 2: O
Head 3: O
Captures: 0
Releases: 0
Turnouts: 0
Voltage: 11.9
RSSI: -100
LED Errors: 0
Version: 3
Revision: 0

2024-11-03 17:29:52.243000
Sender: 1
Head 0: R
Head 1: O
Head 2: O
Head 3: O
Captures: 0
Releases: 0
Turnouts: 0
Voltage: 12.0
RSSI: -100
LED Errors: 0
Version: 3
Revision: 0

2024-11-03 17:29:53.250563
Sender: 1
Head 0: R
Head 1: O
Head 2: O
Head 3: O
Captures: 0
Releases: 0
Turnouts: 0
Voltage: 12.0
RSSI: -100
LED Errors: 0
Version: 3
Revision: 0

2024-11-03 17:29:54.166222
Sender: 2
Head 0: G
Head 1: O
Head 2: O
Head 3: O
Captures: 0
Releases: 1
Turnouts: 0
Voltage: 11.9
RSSI: -100
LED Errors: 0
Version: 3
Revision: 0

2024-11-03 17:29:55.263813
Sender: 1
Head 0: G
Head 1: O
Head 2: O
Head 3: O
Captures: 0
Releases: 0
Turnouts: 0
Voltage: 12.0
RSSI: -100
LED Errors: 0
Version: 3
Revision: 0

2024-11-03 17:29:56.172085
Sender: 2
Head 0: G
Head 1: O
Head 2: O
Head 3: O
Captures: 0
Releases: 0
Turnouts: 0
Voltage: 11.9
RSSI: -100
LED Errors: 0
Version: 3
Revision: 0

2024-11-03 17:29:56.522982
Sender: 1
Head 0: G
Head 1: O
Head 2: O
Head 3: O
Captures: 0
Releases: 0
Turnouts: 0
Voltage: 12.0
RSSI: -100
LED Errors: 0
Version: 3
Revision: 0

2024-11-03 17:29:57.529030
Sender: 1
Head 0: G
Head 1: O
Head 2: O
Head 3: O
Captures: 0
Releases: 0
Turnouts: 0
Voltage: 12.0
RSSI: -100
LED Errors: 0
Version: 3
Revision: 0

2024-11-03 17:29:58.536783
Sender: 1
Head 0: G
Head 1: O
Head 2: O
Head 3: O
Captures: 0
Releases: 0
Turnouts: 0
Voltage: 12.0
RSSI: -100
LED Errors: 0
Version: 3
Revision: 0

2024-11-03 17:29:59.543924
Sender: 1
Head 0: G
Head 1: O
Head 2: O
Head 3: O
Captures: 0
Releases: 0
Turnouts: 0
Voltage: 12.0
RSSI: -100
LED Errors: 0
Version: 3
Revision: 0

2024-11-03 17:30:00.551842
Sender: 1
Head 0: G
Head 1: O
Head 2: O
Head 3: O
Captures: 0
Releases: 0
Turnouts: 0
Voltage: 11.9
RSSI: -100
LED Errors: 0
Version: 3
Revision: 0

2024-11-03 17:30:01.558896
Sender: 1
Head 0: G
Head 1: O
Head 2: O
Head 3: O
Captures: 0
Releases: 0
Turnouts: 0
Voltage: 11.9
RSSI: -100
LED Errors: 0
Version: 3
Revision: 0

2024-11-03 17:30:01.974311
Sender: 2
Head 0: A
Head 1: O
Head 2: O
Head 3: O
Captures: 1
Releases: 0
Turnouts: 0
Voltage: 11.9
RSSI: -100
LED Errors: 0
Version: 3
Revision: 0

2024-11-03 17:30:02.566545
Sender: 1
Head 0: R
Head 1: O
Head 2: O
Head 3: O
Captures: 0
Releases: 0
Turnouts: 0
Voltage: 11.9
RSSI: -100
LED Errors: 0
Version: 3
Revision: 0

2024-11-03 17:30:03.574566
Sender: 1
Head 0: R
Head 1: O
Head 2: O
Head 3: O
Captures: 0
Releases: 0
Turnouts: 0
Voltage: 11.9
RSSI: -100
LED Errors: 0
Version: 3
Revision: 0

2024-11-03 17:30:03.980128
Sender: 2
Head 0: A
Head 1: O
Head 2: O
Head 3: O
Captures: 0
Releases: 0
Turnouts: 0
Voltage: 11.9
RSSI: -100
LED Errors: 0
Version: 3
Revision: 0

2024-11-03 17:30:04.582048
Sender: 1
Head 0: R
Head 1: O
Head 2: O
Head 3: O
Captures: 0
Releases: 0
Turnouts: 0
Voltage: 11.9
RSSI: -100
LED Errors: 0
Version: 3
Revision: 0

2024-11-03 17:30:05.589897
Sender: 1
Head 0: R
Head 1: O
Head 2: O
Head 3: O
Captures: 0
Releases: 0
Turnouts: 0
Voltage: 11.9
RSSI: -100
LED Errors: 0
Version: 3
Revision: 0

2024-11-03 17:30:06.597281
Sender: 1
Head 0: R
Head 1: O
Head 2: O
Head 3: O
Captures: 0
Releases: 0
Turnouts: 0
Voltage: 11.9
RSSI: -100
LED Errors: 0
Version: 3
Revision: 0

2024-11-03 17:30:07.604646
Sender: 1
Head 0: R
Head 1: O
Head 2: O
Head 3: O
Captures: 0
Releases: 0
Turnouts: 0
Voltage: 12.0
RSSI: -100
LED Errors: 0
Version: 3
Revision: 0

2024-11-03 17:30:08.611162
Sender: 1
Head 0: R
Head 1: O
Head 2: O
Head 3: O
Captures: 0
Releases: 0
Turnouts: 0
Voltage: 12.0
RSSI: -100
LED Errors: 0
Version: 3
Revision: 0

2024-11-03 17:30:09.618506
Sender: 1
Head 0: R
Head 1: O
Head 2: O
Head 3: O
Captures: 0
Releases: 0
Turnouts: 0
Voltage: 12.0
RSSI: -100
LED Errors: 0
Version: 3
Revision: 0

2024-11-03 17:30:10.626748
Sender: 1
Head 0: R
Head 1: O
Head 2: O
Head 3: O
Captures: 0
Releases: 0
Turnouts: 0
Voltage: 12.0
RSSI: -100
LED Errors: 0
Version: 3
Revision: 0

2024-11-03 17:30:11.238208
Sender: 2
Head 0: G
Head 1: O
Head 2: O
Head 3: O
Captures: 0
Releases: 1
Turnouts: 0
Voltage: 11.9
RSSI: -100
LED Errors: 0
Version: 3
Revision: 0

2024-11-03 17:30:11.633629
Sender: 1
Head 0: G
Head 1: O
Head 2: O
Head 3: O
Captures: 0
Releases: 0
Turnouts: 0
Voltage: 11.9
RSSI: -100
LED Errors: 0
Version: 3
Revision: 0

2024-11-03 17:30:12.640744
Sender: 1
Head 0: G
Head 1: O
Head 2: O
Head 3: O
Captures: 0
Releases: 0
Turnouts: 0
Voltage: 11.9
RSSI: -100
LED Errors: 0
Version: 3
Revision: 0

2024-11-03 17:30:13.243687
Sender: 2
Head 0: G
Head 1: O
Head 2: O
Head 3: O
Captures: 0
Releases: 0
Turnouts: 0
Voltage: 11.9
RSSI: -100
LED Errors: 0
Version: 3
Revision: 0

2024-11-03 17:30:13.649223
Sender: 1
Head 0: G
Head 1: O
Head 2: O
Head 3: O
Captures: 0
Releases: 0
Turnouts: 0
Voltage: 11.9
RSSI: -100
LED Errors: 0
Version: 3
Revision: 0

2024-11-03 17:30:14.655745
Sender: 1
Head 0: G
Head 1: O
Head 2: O
Head 3: O
Captures: 0
Releases: 0
Turnouts: 0
Voltage: 11.9
RSSI: -100
LED Errors: 0
Version: 3
Revision: 0

2024-11-03 17:30:15.662269
Sender: 1
Head 0: G
Head 1: O
Head 2: O
Head 3: O
Captures: 0
Releases: 0
Turnouts: 0
Voltage: 11.9
RSSI: -100
LED Errors: 0
Version: 3
Revision: 0

2024-11-03 17:30:16.670938
Sender: 1
Head 0: G
Head 1: O
Head 2: O
Head 3: O
Captures: 0
Releases: 0
Turnouts: 0
Voltage: 11.9
RSSI: -100
LED Errors: 0
Version: 3
Revision: 0

2024-11-03 17:30:17.708810
Sender: 1
Head 0: G
Head 1: O
Head 2: O
Head 3: O
Captures: 0
Releases: 0
Turnouts: 0
Voltage: 11.9
RSSI: -100
LED Errors: 0
Version: 3
Revision: 0

2024-11-03 17:30:17.998402
Sender: 2
Head 0: A
Head 1: O
Head 2: O
Head 3: O
Captures: 1
Releases: 0
Turnouts: 0
Voltage: 11.9
RSSI: -100
LED Errors: 0
Version: 3
Revision: 0

2024-11-03 17:30:18.831303
Sender: 1
Head 0: R
Head 1: O
Head 2: O
Head 3: O
Captures: 0
Releases: 0
Turnouts: 0
Voltage: 11.9
RSSI: -100
LED Errors: 0
Version: 3
Revision: 0

2024-11-03 17:30:19.838097
Sender: 1
Head 0: R
Head 1: O
Head 2: O
Head 3: O
Captures: 0
Releases: 0
Turnouts: 0
Voltage: 11.9
RSSI: -100
LED Errors: 0
Version: 3
Revision: 0

2024-11-03 17:30:20.846035
Sender: 1
Head 0: R
Head 1: O
Head 2: O
Head 3: O
Captures: 0
Releases: 0
Turnouts: 0
Voltage: 12.0
RSSI: -100
LED Errors: 0
Version: 3
Revision: 0

2024-11-03 17:30:21.853102
Sender: 1
Head 0: R
Head 1: O
Head 2: O
Head 3: O
Captures: 0
Releases: 0
Turnouts: 0
Voltage: 12.0
RSSI: -100
LED Errors: 0
Version: 3
Revision: 0

2024-11-03 17:30:22.860545
Sender: 1
Head 0: R
Head 1: O
Head 2: O
Head 3: O
Captures: 0
Releases: 0
Turnouts: 0
Voltage: 12.0
RSSI: -100
LED Errors: 0
Version: 3
Revision: 0

2024-11-03 17:30:23.868101
Sender: 1
Head 0: R
Head 1: O
Head 2: O
Head 3: O
Captures: 0
Releases: 0
Turnouts: 0
Voltage: 12.0
RSSI: -100
LED Errors: 0
Version: 3
Revision: 0

2024-11-03 17:30:24.876668
Sender: 1
Head 0: R
Head 1: O
Head 2: O
Head 3: O
Captures: 0
Releases: 0
Turnouts: 0
Voltage: 12.0
RSSI: -100
LED Errors: 0
Version: 3
Revision: 0

2024-11-03 17:30:25.884519
Sender: 1
Head 0: R
Head 1: O
Head 2: O
Head 3: O
Captures: 0
Releases: 0
Turnouts: 0
Voltage: 12.0
RSSI: -100
LED Errors: 0
Version: 3
Revision: 0

2024-11-03 17:30:26.891932
Sender: 1
Head 0: R
Head 1: O
Head 2: O
Head 3: O
Captures: 0
Releases: 0
Turnouts: 0
Voltage: 12.0
RSSI: -100
LED Errors: 0
Version: 3
Revision: 0

2024-11-03 17:30:27.898808
Sender: 1
Head 0: R
Head 1: O
Head 2: O
Head 3: O
Captures: 0
Releases: 0
Turnouts: 0
Voltage: 12.0
RSSI: -100
LED Errors: 0
Version: 3
Revision: 0

2024-11-03 17:30:28.906495
Sender: 1
Head 0: R
Head 1: O
Head 2: O
Head 3: O
Captures: 0
Releases: 0
Turnouts: 0
Voltage: 12.0
RSSI: -100
LED Errors: 0
Version: 3
Revision: 0

2024-11-03 17:30:32.964521
Sender: 1
Head 0: G
Head 1: O
Head 2: O
Head 3: O
Captures: 0
Releases: 0
Turnouts: 0
Voltage: 12.0
RSSI: -100
LED Errors: 0
Version: 3
Revision: 0

2024-11-03 17:30:42.927510
Sender: 2
Head 0: G
Head 1: O
Head 2: O
Head 3: O
Captures: 1
Releases: 0
Turnouts: 0
Voltage: 11.9
RSSI: -100
LED Errors: 0
Version: 3
Revision: 0

2024-11-03 17:30:59.933067
Sender: 2
Head 0: G
Head 1: O
Head 2: O
Head 3: O
Captures: 0
Releases: 0
Turnouts: 0
Voltage: 11.9
RSSI: -100
LED Errors: 0
Version: 3
Revision: 0

2024-11-03 17:31:09.772431
Sender: 2
Head 0: R
Head 1: O
Head 2: O
Head 3: O
Captures: 0
Releases: 0
Turnouts: 0
Voltage: 11.9
RSSI: -100
LED Errors: 0
Version: 3
Revision: 0

2024-11-03 17:31:09.936149
Sender: 1
Head 0: A
Head 1: O
Head 2: O
Head 3: O
Captures: 0
Releases: 0
Turnouts: 0
Voltage: 12.0
RSSI: -100
LED Errors: 0
Version: 3
Revision: 0

2024-11-03 17:31:15.495800
Sender: 2
Head 0: G
Head 1: O
Head 2: O
Head 3: O
Captures: 0
Releases: 1
Turnouts: 0
Voltage: 11.9
RSSI: -100
LED Errors: 0
Version: 3
Revision: 0

2024-11-03 17:31:17.501177
Sender: 2
Head 0: G
Head 1: O
Head 2: O
Head 3: O
Captures: 0
Releases: 0
Turnouts: 0
Voltage: 11.9
RSSI: -100
LED Errors: 0
Version: 3
Revision: 0

2024-11-03 17:31:19.506703
Sender: 1
Head 0: R
Head 1: O
Head 2: O
Head 3: O
Captures: 0
Releases: 0
Turnouts: 0
Voltage: 12.0
RSSI: -100
LED Errors: 0
Version: 3
Revision: 0

2024-11-03 17:31:19.788309
Sender: 2
Head 0: A
Head 1: O
Head 2: O
Head 3: O
Captures: 1
Releases: 0
Turnouts: 0
Voltage: 11.9
RSSI: -100
LED Errors: 0
Version: 3
Revision: 0

2024-11-03 17:31:21.356261
Sender: 1
Head 0: G
Head 1: O
Head 2: O
Head 3: O
Captures: 0
Releases: 0
Turnouts: 0
Voltage: 12.0
RSSI: -100
LED Errors: 0
Version: 3
Revision: 0

2024-11-03 17:31:21.794300
Sender: 2
Head 0: G
Head 1: O
Head 2: O
Head 3: O
Captures: 0
Releases: 1
Turnouts: 0
Voltage: 11.9
RSSI: -100
LED Errors: 0
Version: 3
Revision: 0

2024-11-03 17:31:22.361625
Sender: 1
Head 0: R
Head 1: O
Head 2: O
Head 3: O
Captures: 0
Releases: 0
Turnouts: 0
Voltage: 12.0
RSSI: -100
LED Errors: 0
Version: 3
Revision: 0

2024-11-03 17:31:22.799625
Sender: 2
Head 0: A
Head 1: O
Head 2: O
Head 3: O
Captures: 1
Releases: 0
Turnouts: 0
Voltage: 11.9
RSSI: -100
LED Errors: 0
Version: 3
Revision: 0

2024-11-03 17:31:23.369537
Sender: 1
Head 0: G
Head 1: O
Head 2: O
Head 3: O
Captures: 0
Releases: 0
Turnouts: 0
Voltage: 12.0
RSSI: -100
LED Errors: 0
Version: 3
Revision: 0

2024-11-03 17:31:23.804271
Sender: 2
Head 0: G
Head 1: O
Head 2: O
Head 3: O
Captures: 0
Releases: 1
Turnouts: 0
Voltage: 11.9
RSSI: -100
LED Errors: 0
Version: 3
Revision: 0

2024-11-03 17:31:24.376567
Sender: 1
Head 0: R
Head 1: O
Head 2: O
Head 3: O
Captures: 0
Releases: 0
Turnouts: 0
Voltage: 12.0
RSSI: -100
LED Errors: 0
Version: 3
Revision: 0

2024-11-03 17:31:24.809765
Sender: 2
Head 0: A
Head 1: O
Head 2: O
Head 3: O
Captures: 1
Releases: 0
Turnouts: 0
Voltage: 11.9
RSSI: -100
LED Errors: 0
Version: 3
Revision: 0

2024-11-03 17:31:25.499953
Sender: 1
Head 0: G
Head 1: O
Head 2: O
Head 3: O
Captures: 0
Releases: 0
Turnouts: 0
Voltage: 12.0
RSSI: -100
LED Errors: 0
Version: 3
Revision: 0

2024-11-03 17:31:25.814959
Sender: 2
Head 0: G
Head 1: O
Head 2: O
Head 3: O
Captures: 0
Releases: 1
Turnouts: 0
Voltage: 11.9
RSSI: -100
LED Errors: 0
Version: 3
Revision: 0

2024-11-03 17:31:27.160236
Sender: 1
Head 0: R
Head 1: O
Head 2: O
Head 3: O
Captures: 0
Releases: 0
Turnouts: 0
Voltage: 12.0
RSSI: -100
LED Errors: 0
Version: 3
Revision: 0

2024-11-03 17:31:27.819032
Sender: 2
Head 0: A
Head 1: O
Head 2: O
Head 3: O
Captures: 0
Releases: 0
Turnouts: 0
Voltage: 11.9
RSSI: -100
LED Errors: 0
Version: 3
Revision: 0

2024-11-03 17:31:29.168272
Sender: 1
Head 0: R
Head 1: O
Head 2: O
Head 3: O
Captures: 0
Releases: 0
Turnouts: 0
Voltage: 12.0
RSSI: -100
LED Errors: 0
Version: 3
Revision: 0

2024-11-03 17:31:50.108244
Sender: 1
Head 0: G
Head 1: O
Head 2: O
Head 3: O
Captures: 0
Releases: 0
Turnouts: 0
Voltage: 12.0
RSSI: -100
LED Errors: 0
Version: 3
Revision: 0

2024-11-03 17:31:50.338531
Sender: 2
Head 0: G
Head 1: O
Head 2: O
Head 3: O
Captures: 0
Releases: 1
Turnouts: 0
Voltage: 11.9
RSSI: -100
LED Errors: 0
Version: 3
Revision: 0

2024-11-03 17:31:51.132381
Sender: 1
Head 0: G
Head 1: O
Head 2: O
Head 3: O
Captures: 0
Releases: 0
Turnouts: 0
Voltage: 12.0
RSSI: -100
LED Errors: 0
Version: 3
Revision: 0

2024-11-03 17:31:52.344493
Sender: 2
Head 0: G
Head 1: O
Head 2: O
Head 3: O
Captures: 0
Releases: 0
Turnouts: 0
Voltage: 11.9
RSSI: -100
LED Errors: 0
Version: 3
Revision: 0

2024-11-03 17:32:03.502892
Sender: 1
Head 0: R
Head 1: O
Head 2: O
Head 3: O
Captures: 0
Releases: 0
Turnouts: 0
Voltage: 12.0
RSSI: 0
LED Errors: 0
Version: 3
Revision: 0

2024-11-03 17:32:04.511067
Sender: 1
Head 0: R
Head 1: O
Head 2: O
Head 3: O
Captures: 0
Releases: 0
Turnouts: 0
Voltage: 12.0
RSSI: 0
LED Errors: 0
Version: 3
Revision: 0

2024-11-03 17:32:05.517288
Sender: 1
Head 0: R
Head 1: O
Head 2: O
Head 3: O
Captures: 0
Releases: 0
Turnouts: 0
Voltage: 12.0
RSSI: 0
LED Errors: 0
Version: 3
Revision: 0

2024-11-03 17:32:06.524383
Sender: 1
Head 0: R
Head 1: O
Head 2: O
Head 3: O
Captures: 0
Releases: 0
Turnouts: 0
Voltage: 12.0
RSSI: 0
LED Errors: 0
Version: 3
Revision: 0

2024-11-03 17:32:07.532149
Sender: 1
Head 0: R
Head 1: O
Head 2: O
Head 3: O
Captures: 0
Releases: 0
Turnouts: 0
Voltage: 12.0
RSSI: 0
LED Errors: 0
Version: 3
Revision: 0

2024-11-03 17:32:08.539028
Sender: 1
Head 0: R
Head 1: O
Head 2: O
Head 3: O
Captures: 0
Releases: 0
Turnouts: 0
Voltage: 12.0
RSSI: 0
LED Errors: 0
Version: 3
Revision: 0

2024-11-03 17:32:09.545274
Sender: 1
Head 0: R
Head 1: O
Head 2: O
Head 3: O
Captures: 0
Releases: 0
Turnouts: 0
Voltage: 12.0
RSSI: 0
LED Errors: 0
Version: 3
Revision: 0

2024-11-03 17:32:10.553173
Sender: 1
Head 0: R
Head 1: O
Head 2: O
Head 3: O
Captures: 0
Releases: 0
Turnouts: 0
Voltage: 12.0
RSSI: 0
LED Errors: 0
Version: 3
Revision: 0

2024-11-03 17:32:11.559275
Sender: 1
Head 0: R
Head 1: O
Head 2: O
Head 3: O
Captures: 0
Releases: 0
Turnouts: 0
Voltage: 12.0
RSSI: 0
LED Errors: 0
Version: 3
Revision: 0

2024-11-03 17:32:12.566502
Sender: 1
Head 0: R
Head 1: O
Head 2: O
Head 3: O
Captures: 0
Releases: 0
Turnouts: 0
Voltage: 12.0
RSSI: 0
LED Errors: 0
Version: 3
Revision: 0

2024-11-03 17:32:13.573719
Sender: 1
Head 0: R
Head 1: O
Head 2: O
Head 3: O
Captures: 0
Releases: 0
Turnouts: 0
Voltage: 12.0
RSSI: 0
LED Errors: 0
Version: 3
Revision: 0

2024-11-03 17:32:18.748919
Sender: 1
Head 0: R
Head 1: O
Head 2: O
Head 3: O
Captures: 0
Releases: 0
Turnouts: 0
Voltage: 12.0
RSSI: -103
LED Errors: 0
Version: 3
Revision: 0

2024-11-03 17:32:19.755646
Sender: 1
Head 0: R
Head 1: O
Head 2: O
Head 3: O
Captures: 0
Releases: 0
Turnouts: 0
Voltage: 12.0
RSSI: -103
LED Errors: 0
Version: 3
Revision: 0

2024-11-03 17:32:20.764140
Sender: 1
Head 0: R
Head 1: O
Head 2: O
Head 3: O
Captures: 0
Releases: 0
Turnouts: 0
Voltage: 12.0
RSSI: -103
LED Errors: 0
Version: 3
Revision: 0

2024-11-03 17:32:20.927036
Sender: 2
Head 0: A
Head 1: O
Head 2: O
Head 3: O
Captures: 0
Releases: 0
Turnouts: 0
Voltage: 11.9
RSSI: -100
LED Errors: 0
Version: 3
Revision: 0

2024-11-03 17:32:22.776751
Sender: 1
Head 0: R
Head 1: O
Head 2: O
Head 3: O
Captures: 0
Releases: 0
Turnouts: 0
Voltage: 12.0
RSSI: -103
LED Errors: 0
Version: 3
Revision: 0

2024-11-03 17:32:23.784360
Sender: 1
Head 0: R
Head 1: O
Head 2: O
Head 3: O
Captures: 0
Releases: 0
Turnouts: 0
Voltage: 12.0
RSSI: -103
LED Errors: 0
Version: 3
Revision: 0

2024-11-03 17:32:24.256447
Sender: 2
Head 0: G
Head 1: O
Head 2: O
Head 3: O
Captures: 0
Releases: 1
Turnouts: 0
Voltage: 11.9
RSSI: -100
LED Errors: 0
Version: 3
Revision: 0

2024-11-03 17:32:24.790685
Sender: 1
Head 0: G
Head 1: O
Head 2: O
Head 3: O
Captures: 0
Releases: 0
Turnouts: 0
Voltage: 12.0
RSSI: -103
LED Errors: 0
Version: 3
Revision: 0

2024-11-03 17:32:25.260451
Sender: 2
Head 0: G
Head 1: O
Head 2: O
Head 3: O
Captures: 0
Releases: 0
Turnouts: 0
Voltage: 11.9
RSSI: -100
LED Errors: 0
Version: 3
Revision: 0

2024-11-03 17:32:25.798547
Sender: 1
Head 0: G
Head 1: O
Head 2: O
Head 3: O
Captures: 0
Releases: 0
Turnouts: 0
Voltage: 12.0
RSSI: -103
LED Errors: 0
Version: 3
Revision: 0

2024-11-03 17:32:26.808294
Sender: 1
Head 0: G
Head 1: O
Head 2: O
Head 3: O
Captures: 0
Releases: 0
Turnouts: 0
Voltage: 12.0
RSSI: -103
LED Errors: 0
Version: 3
Revision: 0

2024-11-03 17:32:27.812582
Sender: 1
Head 0: G
Head 1: O
Head 2: O
Head 3: O
Captures: 0
Releases: 0
Turnouts: 0
Voltage: 12.0
RSSI: -103
LED Errors: 0
Version: 3
Revision: 0

2024-11-03 17:32:28.818679
Sender: 1
Head 0: G
Head 1: O
Head 2: O
Head 3: O
Captures: 0
Releases: 0
Turnouts: 0
Voltage: 12.0
RSSI: -103
LED Errors: 0
Version: 3
Revision: 0

2024-11-03 17:32:29.824511
Sender: 1
Head 0: G
Head 1: O
Head 2: O
Head 3: O
Captures: 0
Releases: 0
Turnouts: 0
Voltage: 12.0
RSSI: -103
LED Errors: 0
Version: 3
Revision: 0

2024-11-03 17:32:30.830553
Sender: 1
Head 0: G
Head 1: O
Head 2: O
Head 3: O
Captures: 0
Releases: 0
Turnouts: 0
Voltage: 12.0
RSSI: -103
LED Errors: 0
Version: 3
Revision: 0

2024-11-03 17:32:31.835930
Sender: 1
Head 0: G
Head 1: O
Head 2: O
Head 3: O
Captures: 0
Releases: 0
Turnouts: 0
Voltage: 12.0
RSSI: -103
LED Errors: 0
Version: 3
Revision: 0

2024-11-03 17:32:32.842315
Sender: 1
Head 0: G
Head 1: O
Head 2: O
Head 3: O
Captures: 0
Releases: 0
Turnouts: 0
Voltage: 12.0
RSSI: -103
LED Errors: 0
Version: 3
Revision: 0

2024-11-03 17:32:33.847925
Sender: 1
Head 0: G
Head 1: O
Head 2: O
Head 3: O
Captures: 0
Releases: 0
Turnouts: 0
Voltage: 12.0
RSSI: -103
LED Errors: 0
Version: 3
Revision: 0

2024-11-03 17:32:34.854038
Sender: 1
Head 0: G
Head 1: O
Head 2: O
Head 3: O
Captures: 0
Releases: 0
Turnouts: 0
Voltage: 12.0
RSSI: -103
LED Errors: 0
Version: 3
Revision: 0

2024-11-03 17:32:37.593518
Sender: 1
Head 0: R
Head 1: O
Head 2: O
Head 3: O
Captures: 0
Releases: 0
Turnouts: 0
Voltage: 12.0
RSSI: -103
LED Errors: 0
Version: 3
Revision: 0

2024-11-03 17:32:37.879508
Sender: 2
Head 0: A
Head 1: O
Head 2: O
Head 3: O
Captures: 1
Releases: 0
Turnouts: 0
Voltage: 11.8
RSSI: -100
LED Errors: 0
Version: 3
Revision: 0

2024-11-03 17:32:38.599441
Sender: 1
Head 0: R
Head 1: O
Head 2: O
Head 3: O
Captures: 0
Releases: 0
Turnouts: 0
Voltage: 12.0
RSSI: -103
LED Errors: 0
Version: 3
Revision: 0

2024-11-03 17:32:39.604116
Sender: 1
Head 0: G
Head 1: O
Head 2: O
Head 3: O
Captures: 0
Releases: 0
Turnouts: 0
Voltage: 12.0
RSSI: -103
LED Errors: 0
Version: 3
Revision: 0

2024-11-03 17:32:39.886873
Sender: 2
Head 0: G
Head 1: O
Head 2: O
Head 3: O
Captures: 0
Releases: 1
Turnouts: 0
Voltage: 11.9
RSSI: -100
LED Errors: 0
Version: 3
Revision: 0

2024-11-03 17:32:40.610274
Sender: 1
Head 0: R
Head 1: O
Head 2: O
Head 3: O
Captures: 0
Releases: 0
Turnouts: 0
Voltage: 12.0
RSSI: -103
LED Errors: 0
Version: 3
Revision: 0

2024-11-03 17:32:40.894283
Sender: 2
Head 0: A
Head 1: O
Head 2: O
Head 3: O
Captures: 1
Releases: 0
Turnouts: 0
Voltage: 11.9
RSSI: -100
LED Errors: 0
Version: 3
Revision: 0

2024-11-03 17:32:41.901198
Sender: 2
Head 0: G
Head 1: O
Head 2: O
Head 3: O
Captures: 0
Releases: 1
Turnouts: 0
Voltage: 11.9
RSSI: -100
LED Errors: 0
Version: 3
Revision: 0

2024-11-03 17:32:42.620349
Sender: 1
Head 0: G
Head 1: O
Head 2: O
Head 3: O
Captures: 0
Releases: 0
Turnouts: 0
Voltage: 12.0
RSSI: -103
LED Errors: 0
Version: 3
Revision: 0

2024-11-03 17:32:43.625153
Sender: 1
Head 0: R
Head 1: O
Head 2: O
Head 3: O
Captures: 0
Releases: 0
Turnouts: 0
Voltage: 12.0
RSSI: -103
LED Errors: 0
Version: 3
Revision: 0

2024-11-03 17:32:43.907572
Sender: 2
Head 0: A
Head 1: O
Head 2: O
Head 3: O
Captures: 0
Releases: 0
Turnouts: 0
Voltage: 11.9
RSSI: -100
LED Errors: 0
Version: 3
Revision: 0

2024-11-03 17:32:44.666740
Sender: 1
Head 0: G
Head 1: O
Head 2: O
Head 3: O
Captures: 0
Releases: 0
Turnouts: 0
Voltage: 12.0
RSSI: -103
LED Errors: 0
Version: 3
Revision: 0

2024-11-03 17:32:44.914628
Sender: 2
Head 0: G
Head 1: O
Head 2: O
Head 3: O
Captures: 0
Releases: 1
Turnouts: 0
Voltage: 11.9
RSSI: -100
LED Errors: 0
Version: 3
Revision: 0

2024-11-03 17:32:45.673710
Sender: 1
Head 0: G
Head 1: O
Head 2: O
Head 3: O
Captures: 0
Releases: 0
Turnouts: 0
Voltage: 12.0
RSSI: -103
LED Errors: 0
Version: 3
Revision: 0

2024-11-03 17:32:46.677623
Sender: 1
Head 0: R
Head 1: O
Head 2: O
Head 3: O
Captures: 0
Releases: 0
Turnouts: 0
Voltage: 12.0
RSSI: -103
LED Errors: 0
Version: 3
Revision: 0

2024-11-03 17:32:46.922197
Sender: 2
Head 0: A
Head 1: O
Head 2: O
Head 3: O
Captures: 0
Releases: 0
Turnouts: 0
Voltage: 11.9
RSSI: -100
LED Errors: 0
Version: 3
Revision: 0

2024-11-03 17:32:47.683466
Sender: 1
Head 0: R
Head 1: O
Head 2: O
Head 3: O
Captures: 0
Releases: 0
Turnouts: 0
Voltage: 12.0
RSSI: -103
LED Errors: 0
Version: 3
Revision: 0

2024-11-03 17:32:48.689611
Sender: 1
Head 0: G
Head 1: O
Head 2: O
Head 3: O
Captures: 0
Releases: 0
Turnouts: 0
Voltage: 12.0
RSSI: -103
LED Errors: 0
Version: 3
Revision: 0

2024-11-03 17:32:48.929378
Sender: 2
Head 0: G
Head 1: O
Head 2: O
Head 3: O
Captures: 0
Releases: 0
Turnouts: 0
Voltage: 11.9
RSSI: -100
LED Errors: 0
Version: 3
Revision: 0

2024-11-03 17:32:49.693594
Sender: 1
Head 0: G
Head 1: O
Head 2: O
Head 3: O
Captures: 0
Releases: 0
Turnouts: 0
Voltage: 12.0
RSSI: -103
LED Errors: 0
Version: 3
Revision: 0

2024-11-03 17:32:50.700639
Sender: 1
Head 0: G
Head 1: O
Head 2: O
Head 3: O
Captures: 0
Releases: 0
Turnouts: 0
Voltage: 12.0
RSSI: -103
LED Errors: 0
Version: 3
Revision: 0

2024-11-03 17:32:51.499918
Sender: 2
Head 0: A
Head 1: O
Head 2: O
Head 3: O
Captures: 1
Releases: 0
Turnouts: 0
Voltage: 11.9
RSSI: -100
LED Errors: 0
Version: 3
Revision: 0

2024-11-03 17:32:51.705597
Sender: 1
Head 0: R
Head 1: O
Head 2: O
Head 3: O
Captures: 0
Releases: 0
Turnouts: 0
Voltage: 12.0
RSSI: -103
LED Errors: 0
Version: 3
Revision: 0

2024-11-03 17:32:52.711823
Sender: 1
Head 0: R
Head 1: O
Head 2: O
Head 3: O
Captures: 0
Releases: 0
Turnouts: 0
Voltage: 12.0
RSSI: -103
LED Errors: 0
Version: 3
Revision: 0

2024-11-03 17:32:53.506915
Sender: 2
Head 0: A
Head 1: O
Head 2: O
Head 3: O
Captures: 0
Releases: 0
Turnouts: 0
Voltage: 11.9
RSSI: -100
LED Errors: 0
Version: 3
Revision: 0

2024-11-03 17:32:53.716607
Sender: 1
Head 0: R
Head 1: O
Head 2: O
Head 3: O
Captures: 0
Releases: 0
Turnouts: 0
Voltage: 12.0
RSSI: -103
LED Errors: 0
Version: 3
Revision: 0

2024-11-03 17:33:04.498278
Sender: 1
Head 0: G
Head 1: O
Head 2: O
Head 3: O
Captures: 0
Releases: 0
Turnouts: 0
Voltage: 12.0
RSSI: -91
LED Errors: 0
Version: 3
Revision: 0

2024-11-03 17:33:05.504380
Sender: 1
Head 0: G
Head 1: O
Head 2: O
Head 3: O
Captures: 0
Releases: 0
Turnouts: 0
Voltage: 12.0
RSSI: -91
LED Errors: 0
Version: 3
Revision: 0

2024-11-03 17:33:06.510717
Sender: 1
Head 0: G
Head 1: O
Head 2: O
Head 3: O
Captures: 0
Releases: 0
Turnouts: 0
Voltage: 12.0
RSSI: -91
LED Errors: 0
Version: 3
Revision: 0

2024-11-03 17:33:07.516445
Sender: 1
Head 0: G
Head 1: O
Head 2: O
Head 3: O
Captures: 0
Releases: 0
Turnouts: 0
Voltage: 12.0
RSSI: -91
LED Errors: 0
Version: 3
Revision: 0

2024-11-03 17:33:08.522427
Sender: 1
Head 0: G
Head 1: O
Head 2: O
Head 3: O
Captures: 0
Releases: 0
Turnouts: 0
Voltage: 12.0
RSSI: -91
LED Errors: 0
Version: 3
Revision: 0

2024-11-03 17:33:09.528443
Sender: 1
Head 0: G
Head 1: O
Head 2: O
Head 3: O
Captures: 0
Releases: 0
Turnouts: 0
Voltage: 12.0
RSSI: -91
LED Errors: 0
Version: 3
Revision: 0

2024-11-03 17:33:10.514191
Sender: 2
Head 0: A
Head 1: O
Head 2: O
Head 3: O
Captures: 0
Releases: 0
Turnouts: 0
Voltage: 11.9
RSSI: -100
LED Errors: 0
Version: 3
Revision: 0

2024-11-03 17:33:10.679918
Sender: 1
Head 0: G
Head 1: O
Head 2: O
Head 3: O
Captures: 0
Releases: 0
Turnouts: 0
Voltage: 12.0
RSSI: -91
LED Errors: 0
Version: 3
Revision: 0

2024-11-03 17:33:11.659277
Sender: 1
Head 0: G
Head 1: O
Head 2: O
Head 3: O
Captures: 0
Releases: 0
Turnouts: 0
Voltage: 12.0
RSSI: -91
LED Errors: 0
Version: 3
Revision: 0

2024-11-03 17:33:12.521518
Sender: 2
Head 0: G
Head 1: O
Head 2: O
Head 3: O
Captures: 0
Releases: 0
Turnouts: 0
Voltage: 11.9
RSSI: -100
LED Errors: 0
Version: 3
Revision: 0

2024-11-03 17:33:12.915492
Sender: 1
Head 0: G
Head 1: O
Head 2: O
Head 3: O
Captures: 0
Releases: 0
Turnouts: 0
Voltage: 12.0
RSSI: -91
LED Errors: 0
Version: 3
Revision: 0

2024-11-03 17:33:13.542926
Sender: 2
Head 0: A
Head 1: O
Head 2: O
Head 3: O
Captures: 1
Releases: 0
Turnouts: 0
Voltage: 11.9
RSSI: -100
LED Errors: 0
Version: 3
Revision: 0

2024-11-03 17:33:13.920450
Sender: 1
Head 0: R
Head 1: O
Head 2: O
Head 3: O
Captures: 0
Releases: 0
Turnouts: 0
Voltage: 12.0
RSSI: -91
LED Errors: 0
Version: 3
Revision: 0

2024-11-03 17:33:14.926611
Sender: 1
Head 0: R
Head 1: O
Head 2: O
Head 3: O
Captures: 0
Releases: 0
Turnouts: 0
Voltage: 12.0
RSSI: -91
LED Errors: 0
Version: 3
Revision: 0

2024-11-03 17:33:15.548675
Sender: 2
Head 0: A
Head 1: O
Head 2: O
Head 3: O
Captures: 0
Releases: 0
Turnouts: 0
Voltage: 11.9
RSSI: -100
LED Errors: 0
Version: 3
Revision: 0

2024-11-03 17:33:15.931827
Sender: 1
Head 0: G
Head 1: O
Head 2: O
Head 3: O
Captures: 0
Releases: 0
Turnouts: 0
Voltage: 11.9
RSSI: -91
LED Errors: 0
Version: 3
Revision: 0

2024-11-03 17:33:16.557087
Sender: 2
Head 0: G
Head 1: O
Head 2: O
Head 3: O
Captures: 0
Releases: 0
Turnouts: 0
Voltage: 11.9
RSSI: -100
LED Errors: 0
Version: 3
Revision: 0

2024-11-03 17:33:16.936747
Sender: 1
Head 0: G
Head 1: O
Head 2: O
Head 3: O
Captures: 0
Releases: 0
Turnouts: 0
Voltage: 11.9
RSSI: -91
LED Errors: 0
Version: 3
Revision: 0

2024-11-03 17:33:17.563735
Sender: 2
Head 0: A
Head 1: O
Head 2: O
Head 3: O
Captures: 1
Releases: 0
Turnouts: 0
Voltage: 11.9
RSSI: -100
LED Errors: 0
Version: 3
Revision: 0

2024-11-03 17:33:17.941362
Sender: 1
Head 0: R
Head 1: O
Head 2: O
Head 3: O
Captures: 0
Releases: 0
Turnouts: 0
Voltage: 12.0
RSSI: -91
LED Errors: 0
Version: 3
Revision: 0

2024-11-03 17:33:18.946703
Sender: 1
Head 0: R
Head 1: O
Head 2: O
Head 3: O
Captures: 0
Releases: 0
Turnouts: 0
Voltage: 12.0
RSSI: -91
LED Errors: 0
Version: 3
Revision: 0

2024-11-03 17:33:19.570410
Sender: 2
Head 0: A
Head 1: O
Head 2: O
Head 3: O
Captures: 0
Releases: 0
Turnouts: 0
Voltage: 11.9
RSSI: -100
LED Errors: 0
Version: 3
Revision: 0

2024-11-03 17:33:19.952843
Sender: 1
Head 0: G
Head 1: O
Head 2: O
Head 3: O
Captures: 0
Releases: 0
Turnouts: 0
Voltage: 12.0
RSSI: -91
LED Errors: 0
Version: 3
Revision: 0

2024-11-03 17:33:20.959899
Sender: 1
Head 0: G
Head 1: O
Head 2: O
Head 3: O
Captures: 0
Releases: 0
Turnouts: 0
Voltage: 12.0
RSSI: -91
LED Errors: 0
Version: 3
Revision: 0

2024-11-03 17:33:21.577052
Sender: 2
Head 0: G
Head 1: O
Head 2: O
Head 3: O
Captures: 0
Releases: 0
Turnouts: 0
Voltage: 11.9
RSSI: -100
LED Errors: 0
Version: 3
Revision: 0

2024-11-03 17:33:21.965157
Sender: 1
Head 0: G
Head 1: O
Head 2: O
Head 3: O
Captures: 0
Releases: 0
Turnouts: 0
Voltage: 12.0
RSSI: -91
LED Errors: 0
Version: 3
Revision: 0

2024-11-03 17:33:22.970307
Sender: 1
Head 0: R
Head 1: O
Head 2: O
Head 3: O
Captures: 0
Releases: 0
Turnouts: 0
Voltage: 12.0
RSSI: -91
LED Errors: 0
Version: 3
Revision: 0

2024-11-03 17:33:23.584860
Sender: 2
Head 0: A
Head 1: O
Head 2: O
Head 3: O
Captures: 0
Releases: 0
Turnouts: 0
Voltage: 11.9
RSSI: -100
LED Errors: 0
Version: 3
Revision: 0

2024-11-03 17:33:23.975994
Sender: 1
Head 0: R
Head 1: O
Head 2: O
Head 3: O
Captures: 0
Releases: 0
Turnouts: 0
Voltage: 12.0
RSSI: -91
LED Errors: 0
Version: 3
Revision: 0

2024-11-03 17:33:24.999490
Sender: 1
Head 0: G
Head 1: O
Head 2: O
Head 3: O
Captures: 0
Releases: 0
Turnouts: 0
Voltage: 12.0
RSSI: -91
LED Errors: 0
Version: 3
Revision: 0

2024-11-03 17:33:25.163343
Sender: 2
Head 0: G
Head 1: O
Head 2: O
Head 3: O
Captures: 0
Releases: 1
Turnouts: 0
Voltage: 11.9
RSSI: -100
LED Errors: 0
Version: 3
Revision: 0

2024-11-03 17:33:26.004612
Sender: 1
Head 0: G
Head 1: O
Head 2: O
Head 3: O
Captures: 0
Releases: 0
Turnouts: 0
Voltage: 12.0
RSSI: -91
LED Errors: 0
Version: 3
Revision: 0

2024-11-03 17:33:27.010438
Sender: 1
Head 0: G
Head 1: O
Head 2: O
Head 3: O
Captures: 0
Releases: 0
Turnouts: 0
Voltage: 12.0
RSSI: -91
LED Errors: 0
Version: 3
Revision: 0

2024-11-03 17:33:27.357095
Sender: 2
Head 0: G
Head 1: O
Head 2: O
Head 3: O
Captures: 0
Releases: 0
Turnouts: 0
Voltage: 11.9
RSSI: -100
LED Errors: 0
Version: 3
Revision: 0

2024-11-03 17:33:28.017066
Sender: 1
Head 0: G
Head 1: O
Head 2: O
Head 3: O
Captures: 0
Releases: 0
Turnouts: 0
Voltage: 12.0
RSSI: -91
LED Errors: 0
Version: 3
Revision: 0

2024-11-03 17:33:28.362561
Sender: 2
Head 0: A
Head 1: O
Head 2: O
Head 3: O
Captures: 1
Releases: 0
Turnouts: 0
Voltage: 11.9
RSSI: -100
LED Errors: 0
Version: 3
Revision: 0

2024-11-03 17:33:29.022148
Sender: 1
Head 0: R
Head 1: O
Head 2: O
Head 3: O
Captures: 0
Releases: 0
Turnouts: 0
Voltage: 12.0
RSSI: -91
LED Errors: 0
Version: 3
Revision: 0

2024-11-03 17:33:30.028148
Sender: 1
Head 0: R
Head 1: O
Head 2: O
Head 3: O
Captures: 0
Releases: 0
Turnouts: 0
Voltage: 12.0
RSSI: -91
LED Errors: 0
Version: 3
Revision: 0

2024-11-03 17:33:30.370075
Sender: 2
Head 0: A
Head 1: O
Head 2: O
Head 3: O
Captures: 0
Releases: 0
Turnouts: 0
Voltage: 11.9
RSSI: -100
LED Errors: 0
Version: 3
Revision: 0

2024-11-03 17:33:31.032867
Sender: 1
Head 0: R
Head 1: O
Head 2: O
Head 3: O
Captures: 0
Releases: 0
Turnouts: 0
Voltage: 12.0
RSSI: -91
LED Errors: 0
Version: 3
Revision: 0

2024-11-03 17:33:32.039802
Sender: 1
Head 0: R
Head 1: O
Head 2: O
Head 3: O
Captures: 0
Releases: 0
Turnouts: 0
Voltage: 12.0
RSSI: -91
LED Errors: 0
Version: 3
Revision: 0

2024-11-03 17:33:33.043550
Sender: 1
Head 0: R
Head 1: O
Head 2: O
Head 3: O
Captures: 0
Releases: 0
Turnouts: 0
Voltage: 12.0
RSSI: -91
LED Errors: 0
Version: 3
Revision: 0

2024-11-03 17:33:34.049328
Sender: 1
Head 0: R
Head 1: O
Head 2: O
Head 3: O
Captures: 0
Releases: 0
Turnouts: 0
Voltage: 12.0
RSSI: -91
LED Errors: 0
Version: 3
Revision: 0

2024-11-03 17:33:35.053542
Sender: 1
Head 0: R
Head 1: O
Head 2: O
Head 3: O
Captures: 0
Releases: 0
Turnouts: 0
Voltage: 12.0
RSSI: -91
LED Errors: 0
Version: 3
Revision: 0

2024-11-03 17:33:36.058520
Sender: 1
Head 0: R
Head 1: O
Head 2: O
Head 3: O
Captures: 0
Releases: 0
Turnouts: 0
Voltage: 12.0
RSSI: -91
LED Errors: 0
Version: 3
Revision: 0

2024-11-03 17:33:37.063489
Sender: 1
Head 0: R
Head 1: O
Head 2: O
Head 3: O
Captures: 0
Releases: 0
Turnouts: 0
Voltage: 12.0
RSSI: -91
LED Errors: 0
Version: 3
Revision: 0

2024-11-03 17:33:38.070654
Sender: 1
Head 0: R
Head 1: O
Head 2: O
Head 3: O
Captures: 0
Releases: 0
Turnouts: 0
Voltage: 12.0
RSSI: -91
LED Errors: 0
Version: 3
Revision: 0

2024-11-03 17:33:39.073264
Sender: 1
Head 0: R
Head 1: O
Head 2: O
Head 3: O
Captures: 0
Releases: 0
Turnouts: 0
Voltage: 12.0
RSSI: -91
LED Errors: 0
Version: 3
Revision: 0

2024-11-03 17:33:40.578140
Sender: 1
Head 0: G
Head 1: O
Head 2: O
Head 3: O
Captures: 0
Releases: 0
Turnouts: 0
Voltage: 12.0
RSSI: -91
LED Errors: 0
Version: 3
Revision: 0

2024-11-03 17:33:41.584712
Sender: 1
Head 0: G
Head 1: O
Head 2: O
Head 3: O
Captures: 0
Releases: 0
Turnouts: 0
Voltage: 12.0
RSSI: -91
LED Errors: 0
Version: 3
Revision: 0

2024-11-03 17:33:42.590692
Sender: 1
Head 0: G
Head 1: O
Head 2: O
Head 3: O
Captures: 0
Releases: 0
Turnouts: 0
Voltage: 12.0
RSSI: -91
LED Errors: 0
Version: 3
Revision: 0

2024-11-03 17:33:43.596630
Sender: 1
Head 0: G
Head 1: O
Head 2: O
Head 3: O
Captures: 0
Releases: 0
Turnouts: 0
Voltage: 12.0
RSSI: -91
LED Errors: 0
Version: 3
Revision: 0

2024-11-03 17:33:44.602550
Sender: 1
Head 0: G
Head 1: O
Head 2: O
Head 3: O
Captures: 0
Releases: 0
Turnouts: 0
Voltage: 12.0
RSSI: -91
LED Errors: 0
Version: 3
Revision: 0

2024-11-03 17:33:45.607396
Sender: 1
Head 0: G
Head 1: O
Head 2: O
Head 3: O
Captures: 0
Releases: 0
Turnouts: 0
Voltage: 12.0
RSSI: -91
LED Errors: 0
Version: 3
Revision: 0

2024-11-03 17:33:46.614701
Sender: 1
Head 0: G
Head 1: O
Head 2: O
Head 3: O
Captures: 0
Releases: 0
Turnouts: 0
Voltage: 12.0
RSSI: -91
LED Errors: 0
Version: 3
Revision: 0

2024-11-03 17:33:47.620604
Sender: 1
Head 0: G
Head 1: O
Head 2: O
Head 3: O
Captures: 0
Releases: 0
Turnouts: 0
Voltage: 12.0
RSSI: -91
LED Errors: 0
Version: 3
Revision: 0

2024-11-03 17:33:48.625816
Sender: 1
Head 0: G
Head 1: O
Head 2: O
Head 3: O
Captures: 0
Releases: 0
Turnouts: 0
Voltage: 12.0
RSSI: -91
LED Errors: 0
Version: 3
Revision: 0

2024-11-03 17:33:49.632403
Sender: 1
Head 0: G
Head 1: O
Head 2: O
Head 3: O
Captures: 0
Releases: 0
Turnouts: 0
Voltage: 12.0
RSSI: -91
LED Errors: 0
Version: 3
Revision: 0

2024-11-03 17:33:50.547271
Sender: 2
Head 0: G
Head 1: O
Head 2: O
Head 3: O
Captures: 0
Releases: 0
Turnouts: 0
Voltage: 11.9
RSSI: -100
LED Errors: 0
Version: 3
Revision: 0

2024-11-03 17:34:15.798112
Sender: 2
Head 0: R
Head 1: O
Head 2: O
Head 3: O
Captures: 0
Releases: 0
Turnouts: 0
Voltage: 11.9
RSSI: -100
LED Errors: 0
Version: 3
Revision: 0

2024-11-03 17:34:16.080982
Sender: 1
Head 0: A
Head 1: O
Head 2: O
Head 3: O
Captures: 0
Releases: 0
Turnouts: 0
Voltage: 12.0
RSSI: -91
LED Errors: 0
Version: 3
Revision: 0

2024-11-03 17:34:17.086590
Sender: 1
Head 0: A
Head 1: O
Head 2: O
Head 3: O
Captures: 0
Releases: 0
Turnouts: 0
Voltage: 12.0
RSSI: -91
LED Errors: 0
Version: 3
Revision: 0

2024-11-03 17:34:18.092542
Sender: 1
Head 0: A
Head 1: O
Head 2: O
Head 3: O
Captures: 0
Releases: 0
Turnouts: 0
Voltage: 12.0
RSSI: -91
LED Errors: 0
Version: 3
Revision: 0

2024-11-03 17:34:19.098564
Sender: 1
Head 0: A
Head 1: O
Head 2: O
Head 3: O
Captures: 0
Releases: 0
Turnouts: 0
Voltage: 12.0
RSSI: -91
LED Errors: 0
Version: 3
Revision: 0

2024-11-03 17:34:20.104871
Sender: 1
Head 0: A
Head 1: O
Head 2: O
Head 3: O
Captures: 0
Releases: 0
Turnouts: 0
Voltage: 12.0
RSSI: -91
LED Errors: 0
Version: 3
Revision: 0

2024-11-03 17:34:21.111616
Sender: 1
Head 0: A
Head 1: O
Head 2: O
Head 3: O
Captures: 0
Releases: 0
Turnouts: 0
Voltage: 12.0
RSSI: -91
LED Errors: 0
Version: 3
Revision: 0

2024-11-03 17:34:22.116734
Sender: 1
Head 0: A
Head 1: O
Head 2: O
Head 3: O
Captures: 0
Releases: 0
Turnouts: 0
Voltage: 12.0
RSSI: -91
LED Errors: 0
Version: 3
Revision: 0

2024-11-03 17:34:23.121945
Sender: 1
Head 0: A
Head 1: O
Head 2: O
Head 3: O
Captures: 0
Releases: 0
Turnouts: 0
Voltage: 12.0
RSSI: -91
LED Errors: 0
Version: 3
Revision: 0

2024-11-03 17:34:24.128564
Sender: 1
Head 0: A
Head 1: O
Head 2: O
Head 3: O
Captures: 0
Releases: 0
Turnouts: 0
Voltage: 12.0
RSSI: -91
LED Errors: 0
Version: 3
Revision: 0

2024-11-03 17:34:25.134639
Sender: 1
Head 0: A
Head 1: O
Head 2: O
Head 3: O
Captures: 0
Releases: 0
Turnouts: 0
Voltage: 12.0
RSSI: -91
LED Errors: 0
Version: 3
Revision: 0

2024-11-03 17:34:26.140778
Sender: 1
Head 0: A
Head 1: O
Head 2: O
Head 3: O
Captures: 0
Releases: 0
Turnouts: 0
Voltage: 12.0
RSSI: -91
LED Errors: 0
Version: 3
Revision: 0

2024-11-03 17:37:33.000245
Sender: 2
Head 0: G
Head 1: O
Head 2: O
Head 3: O
Captures: 0
Releases: 0
Turnouts: 0
Voltage: 11.9
RSSI: -100
LED Errors: 0
Version: 3
Revision: 0

2024-11-03 17:37:43.040320
Sender: 1
Head 0: R
Head 1: O
Head 2: O
Head 3: O
Captures: 0
Releases: 0
Turnouts: 0
Voltage: 12.0
RSSI: -91
LED Errors: 0
Version: 3
Revision: 0

2024-11-03 17:37:43.370861
Sender: 2
Head 0: A
Head 1: O
Head 2: O
Head 3: O
Captures: 0
Releases: 0
Turnouts: 0
Voltage: 11.9
RSSI: -100
LED Errors: 0
Version: 3
Revision: 0

2024-11-03 17:37:44.046822
Sender: 1
Head 0: R
Head 1: O
Head 2: O
Head 3: O
Captures: 0
Releases: 0
Turnouts: 0
Voltage: 12.0
RSSI: -91
LED Errors: 0
Version: 3
Revision: 0

2024-11-03 17:40:36.296372
Sender: 1
Head 0: G
Head 1: O
Head 2: O
Head 3: O
Captures: 0
Releases: 0
Turnouts: 0
Voltage: 12.0
RSSI: -91
LED Errors: 0
Version: 3
Revision: 0

2024-11-03 17:40:36.582376
Sender: 2
Head 0: G
Head 1: O
Head 2: O
Head 3: O
Captures: 0
Releases: 1
Turnouts: 0
Voltage: 11.9
RSSI: -100
LED Errors: 0
Version: 3
Revision: 0

2024-11-03 17:40:37.961818
Sender: 1
Head 0: R
Head 1: O
Head 2: O
Head 3: O
Captures: 0
Releases: 0
Turnouts: 0
Voltage: 12.0
RSSI: -91
LED Errors: 0
Version: 3
Revision: 0

2024-11-03 17:40:38.589031
Sender: 2
Head 0: A
Head 1: O
Head 2: O
Head 3: O
Captures: 0
Releases: 0
Turnouts: 0
Voltage: 11.9
RSSI: -100
LED Errors: 0
Version: 3
Revision: 0

2024-11-03 17:46:38.433473
Sender: 1
Head 0: R
Head 1: O
Head 2: O
Head 3: O
Captures: 0
Releases: 0
Turnouts: 0
Voltage: 12.0
RSSI: -91
LED Errors: 0
Version: 3
Revision: 0

2024-11-03 17:46:43.644572
Sender: 2
Head 0: A
Head 1: O
Head 2: O
Head 3: O
Captures: 0
Releases: 0
Turnouts: 0
Voltage: 11.9
RSSI: -100
LED Errors: 0
Version: 3
Revision: 0

2024-11-03 17:47:38.298361
Sender: 2
Head 0: G
Head 1: O
Head 2: O
Head 3: O
Captures: 0
Releases: 0
Turnouts: 0
Voltage: 11.9
RSSI: -100
LED Errors: 0
Version: 3
Revision: 0

2024-11-03 17:47:38.623592
Sender: 1
Head 0: G
Head 1: O
Head 2: O
Head 3: O
Captures: 0
Releases: 0
Turnouts: 0
Voltage: 12.0
RSSI: -91
LED Errors: 0
Version: 3
Revision: 0

2024-11-03 17:51:19.507946
Sender: 2
Head 0: R
Head 1: O
Head 2: O
Head 3: O
Captures: 0
Releases: 0
Turnouts: 0
Voltage: 12.0
RSSI: 0
LED Errors: 0
Version: 3
Revision: 0

2024-11-03 17:51:20.514958
Sender: 2
Head 0: R
Head 1: O
Head 2: O
Head 3: O
Captures: 0
Releases: 0
Turnouts: 0
Voltage: 12.0
RSSI: 0
LED Errors: 0
Version: 3
Revision: 0

2024-11-03 17:51:21.521395
Sender: 2
Head 0: R
Head 1: O
Head 2: O
Head 3: O
Captures: 0
Releases: 0
Turnouts: 0
Voltage: 12.0
RSSI: 0
LED Errors: 0
Version: 3
Revision: 0

2024-11-03 17:51:22.528990
Sender: 2
Head 0: R
Head 1: O
Head 2: O
Head 3: O
Captures: 0
Releases: 0
Turnouts: 0
Voltage: 12.0
RSSI: 0
LED Errors: 0
Version: 3
Revision: 0

2024-11-03 17:51:23.535108
Sender: 2
Head 0: R
Head 1: O
Head 2: O
Head 3: O
Captures: 0
Releases: 0
Turnouts: 0
Voltage: 11.9
RSSI: 0
LED Errors: 0
Version: 3
Revision: 0

2024-11-03 17:51:24.543280
Sender: 2
Head 0: R
Head 1: O
Head 2: O
Head 3: O
Captures: 0
Releases: 0
Turnouts: 0
Voltage: 11.9
RSSI: 0
LED Errors: 0
Version: 3
Revision: 0

2024-11-03 17:51:25.549428
Sender: 2
Head 0: R
Head 1: O
Head 2: O
Head 3: O
Captures: 0
Releases: 0
Turnouts: 0
Voltage: 11.9
RSSI: 0
LED Errors: 0
Version: 3
Revision: 0

2024-11-03 17:51:26.556222
Sender: 2
Head 0: R
Head 1: O
Head 2: O
Head 3: O
Captures: 0
Releases: 0
Turnouts: 0
Voltage: 12.0
RSSI: 0
LED Errors: 0
Version: 3
Revision: 0

2024-11-03 17:51:27.563872
Sender: 2
Head 0: R
Head 1: O
Head 2: O
Head 3: O
Captures: 0
Releases: 0
Turnouts: 0
Voltage: 12.0
RSSI: 0
LED Errors: 0
Version: 3
Revision: 0

2024-11-03 17:51:28.570151
Sender: 2
Head 0: R
Head 1: O
Head 2: O
Head 3: O
Captures: 0
Releases: 0
Turnouts: 0
Voltage: 12.0
RSSI: 0
LED Errors: 0
Version: 3
Revision: 0

2024-11-03 17:51:29.577204
Sender: 2
Head 0: R
Head 1: O
Head 2: O
Head 3: O
Captures: 0
Releases: 0
Turnouts: 0
Voltage: 12.0
RSSI: 0
LED Errors: 0
Version: 3
Revision: 0

2024-11-03 17:51:43.693901
Sender: 1
Head 0: G
Head 1: O
Head 2: O
Head 3: O
Captures: 0
Releases: 0
Turnouts: 0
Voltage: 12.0
RSSI: -91
LED Errors: 0
Version: 3
Revision: 0

2024-11-03 17:51:44.777931
Sender: 2
Head 0: G
Head 1: O
Head 2: O
Head 3: O
Captures: 0
Releases: 0
Turnouts: 0
Voltage: 12.0
RSSI: -92
LED Errors: 0
Version: 3
Revision: 0

2024-11-03 17:51:45.784372
Sender: 2
Head 0: G
Head 1: O
Head 2: O
Head 3: O
Captures: 0
Releases: 0
Turnouts: 0
Voltage: 12.0
RSSI: -92
LED Errors: 0
Version: 3
Revision: 0

2024-11-03 17:51:46.791783
Sender: 2
Head 0: G
Head 1: O
Head 2: O
Head 3: O
Captures: 0
Releases: 0
Turnouts: 0
Voltage: 12.0
RSSI: -92
LED Errors: 0
Version: 3
Revision: 0

2024-11-03 17:51:47.798572
Sender: 2
Head 0: G
Head 1: O
Head 2: O
Head 3: O
Captures: 0
Releases: 0
Turnouts: 0
Voltage: 12.0
RSSI: -92
LED Errors: 0
Version: 3
Revision: 0

2024-11-03 17:51:48.805795
Sender: 2
Head 0: G
Head 1: O
Head 2: O
Head 3: O
Captures: 0
Releases: 0
Turnouts: 0
Voltage: 11.9
RSSI: -92
LED Errors: 0
Version: 3
Revision: 0

2024-11-03 17:51:49.812358
Sender: 2
Head 0: G
Head 1: O
Head 2: O
Head 3: O
Captures: 0
Releases: 0
Turnouts: 0
Voltage: 11.9
RSSI: -92
LED Errors: 0
Version: 3
Revision: 0

2024-11-03 17:51:50.820335
Sender: 2
Head 0: G
Head 1: O
Head 2: O
Head 3: O
Captures: 0
Releases: 0
Turnouts: 0
Voltage: 12.0
RSSI: -92
LED Errors: 0
Version: 3
Revision: 0

2024-11-03 17:51:51.827273
Sender: 2
Head 0: G
Head 1: O
Head 2: O
Head 3: O
Captures: 0
Releases: 0
Turnouts: 0
Voltage: 11.9
RSSI: -92
LED Errors: 0
Version: 3
Revision: 0

2024-11-03 17:51:52.834199
Sender: 2
Head 0: G
Head 1: O
Head 2: O
Head 3: O
Captures: 0
Releases: 0
Turnouts: 0
Voltage: 12.0
RSSI: -92
LED Errors: 0
Version: 3
Revision: 0

2024-11-03 17:51:53.841528
Sender: 2
Head 0: G
Head 1: O
Head 2: O
Head 3: O
Captures: 0
Releases: 0
Turnouts: 0
Voltage: 12.0
RSSI: -92
LED Errors: 0
Version: 3
Revision: 0

2024-11-03 17:53:22.086435
Sender: 2
Head 0: G
Head 1: O
Head 2: O
Head 3: O
Captures: 0
Releases: 0
Turnouts: 0
Voltage: 12.0
RSSI: -92
LED Errors: 0
Version: 3
Revision: 0

2024-11-03 17:53:22.739208
Sender: 1
Head 0: R
Head 1: O
Head 2: O
Head 3: O
Captures: 0
Releases: 0
Turnouts: 0
Voltage: 12.0
RSSI: -92
LED Errors: 0
Version: 3
Revision: 0

2024-11-03 17:53:23.076523
Sender: 2
Head 0: G
Head 1: O
Head 2: O
Head 3: O
Captures: 0
Releases: 0
Turnouts: 0
Voltage: 12.0
RSSI: -92
LED Errors: 0
Version: 3
Revision: 0

2024-11-03 17:53:23.744829
Sender: 1
Head 0: R
Head 1: O
Head 2: O
Head 3: O
Captures: 0
Releases: 0
Turnouts: 0
Voltage: 12.0
RSSI: -92
LED Errors: 0
Version: 3
Revision: 0

2024-11-03 17:53:24.081671
Sender: 2
Head 0: G
Head 1: O
Head 2: O
Head 3: O
Captures: 0
Releases: 0
Turnouts: 0
Voltage: 11.9
RSSI: -92
LED Errors: 0
Version: 3
Revision: 0

2024-11-03 17:53:25.761695
Sender: 1
Head 0: R
Head 1: O
Head 2: O
Head 3: O
Captures: 0
Releases: 0
Turnouts: 0
Voltage: 12.0
RSSI: -92
LED Errors: 0
Version: 3
Revision: 0

2024-11-03 17:53:26.092975
Sender: 2
Head 0: G
Head 1: O
Head 2: O
Head 3: O
Captures: 0
Releases: 0
Turnouts: 0
Voltage: 12.0
RSSI: -92
LED Errors: 0
Version: 3
Revision: 0

2024-11-03 17:53:26.760504
Sender: 1
Head 0: R
Head 1: O
Head 2: O
Head 3: O
Captures: 0
Releases: 0
Turnouts: 0
Voltage: 12.0
RSSI: -92
LED Errors: 0
Version: 3
Revision: 0

2024-11-03 17:53:27.097877
Sender: 2
Head 0: G
Head 1: O
Head 2: O
Head 3: O
Captures: 0
Releases: 0
Turnouts: 0
Voltage: 12.0
RSSI: -92
LED Errors: 0
Version: 3
Revision: 0

2024-11-03 17:53:27.765712
Sender: 1
Head 0: R
Head 1: O
Head 2: O
Head 3: O
Captures: 0
Releases: 0
Turnouts: 0
Voltage: 12.0
RSSI: -92
LED Errors: 0
Version: 3
Revision: 0

2024-11-03 17:53:29.108340
Sender: 2
Head 0: G
Head 1: O
Head 2: O
Head 3: O
Captures: 0
Releases: 0
Turnouts: 0
Voltage: 12.0
RSSI: -92
LED Errors: 0
Version: 3
Revision: 0

2024-11-03 17:53:30.040721
Sender: 1
Head 0: R
Head 1: O
Head 2: O
Head 3: O
Captures: 0
Releases: 0
Turnouts: 0
Voltage: 12.0
RSSI: -92
LED Errors: 0
Version: 3
Revision: 0

2024-11-03 17:53:30.113083
Sender: 2
Head 0: G
Head 1: O
Head 2: O
Head 3: O
Captures: 0
Releases: 0
Turnouts: 0
Voltage: 12.0
RSSI: -92
LED Errors: 0
Version: 3
Revision: 0

2024-11-03 17:53:31.032128
Sender: 1
Head 0: R
Head 1: O
Head 2: O
Head 3: O
Captures: 0
Releases: 0
Turnouts: 0
Voltage: 12.0
RSSI: -92
LED Errors: 0
Version: 3
Revision: 0

2024-11-03 17:53:32.037525
Sender: 1
Head 0: R
Head 1: O
Head 2: O
Head 3: O
Captures: 0
Releases: 0
Turnouts: 0
Voltage: 12.0
RSSI: -92
LED Errors: 0
Version: 3
Revision: 0

2024-11-03 17:53:32.305560
Sender: 2
Head 0: G
Head 1: O
Head 2: O
Head 3: O
Captures: 0
Releases: 0
Turnouts: 0
Voltage: 12.0
RSSI: -92
LED Errors: 0
Version: 3
Revision: 0

2024-11-03 17:53:33.055312
Sender: 1
Head 0: R
Head 1: O
Head 2: O
Head 3: O
Captures: 0
Releases: 0
Turnouts: 0
Voltage: 12.0
RSSI: -92
LED Errors: 0
Version: 3
Revision: 0

2024-11-03 17:53:44.935900
Sender: 2
Head 0: G
Head 1: O
Head 2: O
Head 3: O
Captures: 0
Releases: 0
Turnouts: 0
Voltage: 12.0
RSSI: -92
LED Errors: 0
Version: 3
Revision: 0

2024-11-03 17:53:45.864258
Sender: 1
Head 0: G
Head 1: O
Head 2: O
Head 3: O
Captures: 0
Releases: 0
Turnouts: 0
Voltage: 12.1
RSSI: -89
LED Errors: 0
Version: 3
Revision: 0

2024-11-03 17:53:46.854022
Sender: 1
Head 0: G
Head 1: O
Head 2: O
Head 3: O
Captures: 0
Releases: 0
Turnouts: 0
Voltage: 12.1
RSSI: -89
LED Errors: 0
Version: 3
Revision: 0

2024-11-03 17:53:47.860165
Sender: 1
Head 0: G
Head 1: O
Head 2: O
Head 3: O
Captures: 0
Releases: 0
Turnouts: 0
Voltage: 12.1
RSSI: -89
LED Errors: 0
Version: 3
Revision: 0

2024-11-03 17:53:48.866262
Sender: 1
Head 0: G
Head 1: O
Head 2: O
Head 3: O
Captures: 0
Releases: 0
Turnouts: 0
Voltage: 12.1
RSSI: -89
LED Errors: 0
Version: 3
Revision: 0

2024-11-03 17:53:49.873638
Sender: 1
Head 0: G
Head 1: O
Head 2: O
Head 3: O
Captures: 0
Releases: 0
Turnouts: 0
Voltage: 12.0
RSSI: -89
LED Errors: 0
Version: 3
Revision: 0

2024-11-03 17:53:50.878052
Sender: 1
Head 0: G
Head 1: O
Head 2: O
Head 3: O
Captures: 0
Releases: 0
Turnouts: 0
Voltage: 12.1
RSSI: -89
LED Errors: 0
Version: 3
Revision: 0

2024-11-03 17:53:51.884278
Sender: 1
Head 0: G
Head 1: O
Head 2: O
Head 3: O
Captures: 0
Releases: 0
Turnouts: 0
Voltage: 12.1
RSSI: -89
LED Errors: 0
Version: 3
Revision: 0

2024-11-03 17:53:52.889976
Sender: 1
Head 0: G
Head 1: O
Head 2: O
Head 3: O
Captures: 0
Releases: 0
Turnouts: 0
Voltage: 12.1
RSSI: -89
LED Errors: 0
Version: 3
Revision: 0

2024-11-03 17:53:53.896355
Sender: 1
Head 0: G
Head 1: O
Head 2: O
Head 3: O
Captures: 0
Releases: 0
Turnouts: 0
Voltage: 12.1
RSSI: -89
LED Errors: 0
Version: 3
Revision: 0

2024-11-03 17:53:54.901408
Sender: 1
Head 0: G
Head 1: O
Head 2: O
Head 3: O
Captures: 0
Releases: 0
Turnouts: 0
Voltage: 12.1
RSSI: -89
LED Errors: 0
Version: 3
Revision: 0

2024-11-03 17:53:55.906562
Sender: 1
Head 0: G
Head 1: O
Head 2: O
Head 3: O
Captures: 0
Releases: 0
Turnouts: 0
Voltage: 12.1
RSSI: -89
LED Errors: 0
Version: 3
Revision: 0

2024-11-03 17:57:06.103934
Sender: 1
Head 0: G
Head 1: O
Head 2: O
Head 3: O
Captures: 0
Releases: 0
Turnouts: 0
Voltage: 12.1
RSSI: -89
LED Errors: 0
Version: 3
Revision: 0

2024-11-03 17:57:07.090323
Sender: 1
Head 0: G
Head 1: O
Head 2: O
Head 3: O
Captures: 0
Releases: 0
Turnouts: 0
Voltage: 12.1
RSSI: -89
LED Errors: 0
Version: 3
Revision: 0

2024-11-03 17:57:08.095750
Sender: 1
Head 0: G
Head 1: O
Head 2: O
Head 3: O
Captures: 0
Releases: 0
Turnouts: 0
Voltage: 12.1
RSSI: -89
LED Errors: 0
Version: 3
Revision: 0

2024-11-03 17:57:09.102348
Sender: 1
Head 0: G
Head 1: O
Head 2: O
Head 3: O
Captures: 0
Releases: 0
Turnouts: 0
Voltage: 12.1
RSSI: -89
LED Errors: 0
Version: 3
Revision: 0

2024-11-03 17:57:10.108282
Sender: 1
Head 0: G
Head 1: O
Head 2: O
Head 3: O
Captures: 0
Releases: 0
Turnouts: 0
Voltage: 12.1
RSSI: -89
LED Errors: 0
Version: 3
Revision: 0

2024-11-03 17:57:11.113865
Sender: 1
Head 0: G
Head 1: O
Head 2: O
Head 3: O
Captures: 0
Releases: 0
Turnouts: 0
Voltage: 12.1
RSSI: -89
LED Errors: 0
Version: 3
Revision: 0

2024-11-03 17:57:12.120370
Sender: 1
Head 0: G
Head 1: O
Head 2: O
Head 3: O
Captures: 0
Releases: 0
Turnouts: 0
Voltage: 12.1
RSSI: -89
LED Errors: 0
Version: 3
Revision: 0

2024-11-03 17:57:13.125485
Sender: 1
Head 0: G
Head 1: O
Head 2: O
Head 3: O
Captures: 0
Releases: 0
Turnouts: 0
Voltage: 12.1
RSSI: -89
LED Errors: 0
Version: 3
Revision: 0

2024-11-03 17:57:14.129614
Sender: 1
Head 0: G
Head 1: O
Head 2: O
Head 3: O
Captures: 0
Releases: 0
Turnouts: 0
Voltage: 12.1
RSSI: -89
LED Errors: 0
Version: 3
Revision: 0

2024-11-03 17:57:15.135342
Sender: 1
Head 0: G
Head 1: O
Head 2: O
Head 3: O
Captures: 0
Releases: 0
Turnouts: 0
Voltage: 12.1
RSSI: -89
LED Errors: 0
Version: 3
Revision: 0

2024-11-03 17:57:16.139823
Sender: 1
Head 0: G
Head 1: O
Head 2: O
Head 3: O
Captures: 0
Releases: 0
Turnouts: 0
Voltage: 12.1
RSSI: -89
LED Errors: 0
Version: 3
Revision: 0

2024-11-03 17:59:49.686138
Sender: 2
Head 0: G
Head 1: O
Head 2: O
Head 3: O
Captures: 0
Releases: 0
Turnouts: 0
Voltage: 12.0
RSSI: -92
LED Errors: 0
Version: 3
Revision: 0

2024-11-03 18:03:20.091205
Sender: 1
Head 0: G
Head 1: O
Head 2: O
Head 3: O
Captures: 0
Releases: 0
Turnouts: 0
Voltage: 12.1
RSSI: -89
LED Errors: 0
Version: 3
Revision: 0

2024-11-03 18:03:21.087502
Sender: 1
Head 0: G
Head 1: O
Head 2: O
Head 3: O
Captures: 0
Releases: 0
Turnouts: 0
Voltage: 12.1
RSSI: -89
LED Errors: 0
Version: 3
Revision: 0

2024-11-03 18:03:22.092518
Sender: 1
Head 0: G
Head 1: O
Head 2: O
Head 3: O
Captures: 0
Releases: 0
Turnouts: 0
Voltage: 12.1
RSSI: -89
LED Errors: 0
Version: 3
Revision: 0

2024-11-03 18:03:23.099238
Sender: 1
Head 0: G
Head 1: O
Head 2: O
Head 3: O
Captures: 0
Releases: 0
Turnouts: 0
Voltage: 12.1
RSSI: -89
LED Errors: 0
Version: 3
Revision: 0

2024-11-03 18:03:24.105555
Sender: 1
Head 0: G
Head 1: O
Head 2: O
Head 3: O
Captures: 0
Releases: 0
Turnouts: 0
Voltage: 12.1
RSSI: -89
LED Errors: 0
Version: 3
Revision: 0

2024-11-03 18:03:25.110922
Sender: 1
Head 0: G
Head 1: O
Head 2: O
Head 3: O
Captures: 0
Releases: 0
Turnouts: 0
Voltage: 12.1
RSSI: -89
LED Errors: 0
Version: 3
Revision: 0

2024-11-03 18:03:26.116576
Sender: 1
Head 0: G
Head 1: O
Head 2: O
Head 3: O
Captures: 0
Releases: 0
Turnouts: 0
Voltage: 12.1
RSSI: -89
LED Errors: 0
Version: 3
Revision: 0

2024-11-03 18:03:27.123033
Sender: 1
Head 0: G
Head 1: O
Head 2: O
Head 3: O
Captures: 0
Releases: 0
Turnouts: 0
Voltage: 12.1
RSSI: -89
LED Errors: 0
Version: 3
Revision: 0

2024-11-03 18:03:28.128919
Sender: 1
Head 0: G
Head 1: O
Head 2: O
Head 3: O
Captures: 0
Releases: 0
Turnouts: 0
Voltage: 12.1
RSSI: -89
LED Errors: 0
Version: 3
Revision: 0

2024-11-03 18:03:29.135511
Sender: 1
Head 0: G
Head 1: O
Head 2: O
Head 3: O
Captures: 0
Releases: 0
Turnouts: 0
Voltage: 12.1
RSSI: -89
LED Errors: 0
Version: 3
Revision: 0

2024-11-03 18:03:30.141183
Sender: 1
Head 0: G
Head 1: O
Head 2: O
Head 3: O
Captures: 0
Releases: 0
Turnouts: 0
Voltage: 12.1
RSSI: -89
LED Errors: 0
Version: 3
Revision: 0

2024-11-03 18:04:07.598738
Sender: 1
Head 0: R
Head 1: O
Head 2: O
Head 3: O
Captures: 0
Releases: 0
Turnouts: 0
Voltage: 12.1
RSSI: -89
LED Errors: 0
Version: 3
Revision: 0

2024-11-03 18:04:07.782414
Sender: 2
Head 0: A
Head 1: O
Head 2: O
Head 3: O
Captures: 1
Releases: 0
Turnouts: 0
Voltage: 12.0
RSSI: -92
LED Errors: 0
Version: 3
Revision: 0

2024-11-03 18:04:09.761814
Sender: 2
Head 0: A
Head 1: O
Head 2: O
Head 3: O
Captures: 0
Releases: 0
Turnouts: 0
Voltage: 12.0
RSSI: -92
LED Errors: 0
Version: 3
Revision: 0

2024-11-03 18:10:10.991144
Sender: 1
Head 0: R
Head 1: O
Head 2: O
Head 3: O
Captures: 0
Releases: 0
Turnouts: 0
Voltage: 12.1
RSSI: -89
LED Errors: 0
Version: 3
Revision: 0

2024-11-03 18:10:11.153107
Sender: 2
Head 0: A
Head 1: O
Head 2: O
Head 3: O
Captures: 0
Releases: 0
Turnouts: 0
Voltage: 12.0
RSSI: -92
LED Errors: 0
Version: 3
Revision: 0

2024-11-03 18:11:07.898523
Sender: 1
Head 0: G
Head 1: O
Head 2: O
Head 3: O
Captures: 0
Releases: 0
Turnouts: 0
Voltage: 12.1
RSSI: -89
LED Errors: 0
Version: 3
Revision: 0

2024-11-03 18:11:08.556641
Sender: 2
Head 0: G
Head 1: O
Head 2: O
Head 3: O
Captures: 0
Releases: 0
Turnouts: 0
Voltage: 12.0
RSSI: -92
LED Errors: 0
Version: 3
Revision: 0

2024-11-03 18:16:14.748603
Sender: 1
Head 0: R
Head 1: O
Head 2: O
Head 3: O
Captures: 0
Releases: 0
Turnouts: 0
Voltage: 12.1
RSSI: -89
LED Errors: 0
Version: 3
Revision: 0

2024-11-03 18:16:14.921837
Sender: 2
Head 0: A
Head 1: O
Head 2: O
Head 3: O
Captures: 1
Releases: 0
Turnouts: 0
Voltage: 12.0
RSSI: -92
LED Errors: 0
Version: 3
Revision: 0

2024-11-03 18:16:16.901801
Sender: 2
Head 0: A
Head 1: O
Head 2: O
Head 3: O
Captures: 0
Releases: 0
Turnouts: 0
Voltage: 12.0
RSSI: -92
LED Errors: 0
Version: 3
Revision: 0

2024-11-03 18:16:20.569204
Sender: 1
Head 0: G
Head 1: O
Head 2: O
Head 3: O
Captures: 0
Releases: 0
Turnouts: 0
Voltage: 12.1
RSSI: -89
LED Errors: 0
Version: 3
Revision: 0

2024-11-03 18:16:23.249874
Sender: 2
Head 0: R
Head 1: O
Head 2: O
Head 3: O
Captures: 0
Releases: 0
Turnouts: 0
Voltage: 12.0
RSSI: -92
LED Errors: 0
Version: 3
Revision: 0

2024-11-03 18:16:23.534044
Sender: 1
Head 0: A
Head 1: O
Head 2: O
Head 3: O
Captures: 0
Releases: 0
Turnouts: 0
Voltage: 12.1
RSSI: -89
LED Errors: 0
Version: 3
Revision: 0

2024-11-16 17:36:48.585147
Sender: 1
Head 0: O
Head 1: O
Head 2: O
Head 3: O
Captures: 0
Releases: 0
Turnouts: 0
Voltage: 13.0
RSSI: -116
LED Errors: 0
Version: 3
Revision: 0

2024-11-16 17:36:49.284423
Sender: 2
Head 0: O
Head 1: O
Head 2: O
Head 3: O
Captures: 0
Releases: 0
Turnouts: 0
Voltage: 12.8
RSSI: -86
LED Errors: 0
Version: 3
Revision: 0

2024-11-16 17:36:53.463976
Sender: 17
Head 0: O
Head 1: O
Head 2: O
Head 3: O
Captures: 0
Releases: 0
Turnouts: 1
Voltage: 12.2
RSSI: -87
LED Errors: 0
Version: 3
Revision: 0

2024-11-16 17:36:53.782667
Sender: 18
Head 0: O
Head 1: O
Head 2: O
Head 3: O
Captures: 0
Releases: 0
Turnouts: 0
Voltage: 12.1
RSSI: -109
LED Errors: 0
Version: 3
Revision: 0

2024-11-16 17:36:54.088166
Sender: 19
Head 0: O
Head 1: O
Head 2: O
Head 3: O
Captures: 0
Releases: 0
Turnouts: 0
Voltage: 12.2
RSSI: -85
LED Errors: 0
Version: 3
Revision: 0

2024-11-16 17:36:54.613409
Sender: 21
Head 0: O
Head 1: O
Head 2: O
Head 3: O
Captures: 0
Releases: 0
Turnouts: 0
Voltage: 12.1
RSSI: -109
LED Errors: 0
Version: 3
Revision: 0

2024-11-16 17:36:55.605329
Sender: 21
Head 0: O
Head 1: O
Head 2: O
Head 3: O
Captures: 0
Releases: 0
Turnouts: 0
Voltage: 12.1
RSSI: -109
LED Errors: 0
Version: 3
Revision: 0

2024-11-16 17:37:08.245858
Sender: 2
Head 0: O
Head 1: O
Head 2: O
Head 3: O
Captures: 0
Releases: 0
Turnouts: 0
Voltage: 12.8
RSSI: -86
LED Errors: 0
Version: 3
Revision: 0

2024-11-16 17:37:25.233260
Sender: 2
Head 0: G
Head 1: O
Head 2: O
Head 3: O
Captures: 0
Releases: 0
Turnouts: 0
Voltage: 12.8
RSSI: -86
LED Errors: 0
Version: 3
Revision: 0

2024-11-16 17:37:49.464321
Sender: 1
Head 0: O
Head 1: O
Head 2: O
Head 3: O
Captures: 0
Releases: 0
Turnouts: 0
Voltage: 12.9
RSSI: -116
LED Errors: 0
Version: 3
Revision: 0

2024-11-16 17:38:03.532380
Sender: 1
Head 0: O
Head 1: O
Head 2: O
Head 3: O
Captures: 0
Releases: 0
Turnouts: 0
Voltage: 13.0
RSSI: -116
LED Errors: 0
Version: 3
Revision: 0

2024-11-16 17:38:10.307191
Sender: 1
Head 0: R
Head 1: O
Head 2: O
Head 3: O
Captures: 0
Releases: 0
Turnouts: 0
Voltage: 13.0
RSSI: -116
LED Errors: 0
Version: 3
Revision: 0

2024-11-16 17:38:10.502748
Sender: 2
Head 0: A
Head 1: O
Head 2: O
Head 3: O
Captures: 0
Releases: 0
Turnouts: 0
Voltage: 12.7
RSSI: -86
LED Errors: 0
Version: 3
Revision: 0

2024-11-16 17:38:30.926715
Sender: 17
Head 0: G
Head 1: G
Head 2: O
Head 3: O
Captures: 0
Releases: 0
Turnouts: 1
Voltage: 12.0
RSSI: -87
LED Errors: 0
Version: 3
Revision: 0

2024-11-16 17:38:36.973794
Sender: 1
Head 0: G
Head 1: O
Head 2: O
Head 3: O
Captures: 0
Releases: 0
Turnouts: 0
Voltage: 12.7
RSSI: -116
LED Errors: 0
Version: 3
Revision: 0

2024-11-16 17:38:40.854486
Sender: 2
Head 0: R
Head 1: O
Head 2: O
Head 3: O
Captures: 0
Releases: 0
Turnouts: 0
Voltage: 12.7
RSSI: -86
LED Errors: 0
Version: 3
Revision: 0

2024-11-16 17:39:07.902949
Sender: 2
Head 0: G
Head 1: O
Head 2: O
Head 3: O
Captures: 0
Releases: 0
Turnouts: 0
Voltage: 12.7
RSSI: -86
LED Errors: 0
Version: 3
Revision: 0

2024-11-16 17:39:09.362402
Sender: 21
Head 0: G
Head 1: O
Head 2: O
Head 3: O
Captures: 0
Releases: 0
Turnouts: 0
Voltage: 12.1
RSSI: -109
LED Errors: 0
Version: 3
Revision: 0

2024-11-16 17:39:11.576532
Sender: 19
Head 0: G
Head 1: O
Head 2: O
Head 3: O
Captures: 0
Releases: 0
Turnouts: 0
Voltage: 12.1
RSSI: -85
LED Errors: 0
Version: 3
Revision: 0

2024-11-16 17:39:16.996949
Sender: 1
Head 0: G
Head 1: O
Head 2: O
Head 3: O
Captures: 0
Releases: 0
Turnouts: 0
Voltage: 12.7
RSSI: -116
LED Errors: 0
Version: 3
Revision: 0

2024-11-16 17:39:23.805824
Sender: 2
Head 0: R
Head 1: O
Head 2: O
Head 3: O
Captures: 0
Releases: 0
Turnouts: 0
Voltage: 12.7
RSSI: -86
LED Errors: 0
Version: 3
Revision: 0

2024-11-16 17:39:30.628926
Sender: 2
Head 0: G
Head 1: O
Head 2: O
Head 3: O
Captures: 0
Releases: 0
Turnouts: 0
Voltage: 12.7
RSSI: -86
LED Errors: 0
Version: 3
Revision: 0

2024-11-16 17:39:40.595627
Sender: 1
Head 0: G
Head 1: O
Head 2: O
Head 3: O
Captures: 0
Releases: 0
Turnouts: 0
Voltage: 12.7
RSSI: -116
LED Errors: 0
Version: 3
Revision: 0

2025-03-22 00:33:05.795842
Sender: 18
Head 0: G
Head 1: O
Head 2: O
Head 3: O
Captures: 0
Releases: 0
Turnouts: 0
Voltage: 11.6
RSSI: -109
LED Errors: 0
Version: 3
Revision: 0

2025-03-22 00:33:06.173699
Sender: 1
Head 0: G
Head 1: O
Head 2: O
Head 3: O
Captures: 0
Releases: 0
Turnouts: 0
Voltage: 12.8
RSSI: -99
LED Errors: 0
Version: 3
Revision: 0

2025-03-22 00:33:06.558947
Sender: 2
Head 0: G
Head 1: O
Head 2: O
Head 3: O
Captures: 0
Releases: 0
Turnouts: 0
Voltage: 12.6
RSSI: -97
LED Errors: 0
Version: 3
Revision: 0

2025-03-22 00:33:07.045764
Sender: 18
Head 0: G
Head 1: O
Head 2: O
Head 3: O
Captures: 0
Releases: 0
Turnouts: 0
Voltage: 11.6
RSSI: -109
LED Errors: 0
Version: 3
Revision: 0

2025-03-22 00:33:07.429239
Sender: 5
Head 0: G
Head 1: O
Head 2: O
Head 3: O
Captures: 0
Releases: 0
Turnouts: 0
Voltage: 12.6
RSSI: 0
LED Errors: 0
Version: 3
Revision: 1

2025-03-22 00:33:07.918537
Sender: 18
Head 0: G
Head 1: O
Head 2: O
Head 3: O
Captures: 0
Releases: 0
Turnouts: 0
Voltage: 11.6
RSSI: -109
LED Errors: 0
Version: 3
Revision: 0

2025-03-22 00:33:08.916267
Sender: 18
Head 0: G
Head 1: O
Head 2: O
Head 3: O
Captures: 0
Releases: 0
Turnouts: 0
Voltage: 11.6
RSSI: -109
LED Errors: 0
Version: 3
Revision: 0

2025-03-22 00:33:10.897847
Sender: 17
Head 0: G
Head 1: G
Head 2: O
Head 3: O
Captures: 0
Releases: 0
Turnouts: 0
Voltage: 12.0
RSSI: -97
LED Errors: 8704
Version: 3
Revision: 0

2025-03-22 00:33:11.517675
Sender: 19
Head 0: G
Head 1: O
Head 2: O
Head 3: O
Captures: 0
Releases: 0
Turnouts: 0
Voltage: 11.8
RSSI: -92
LED Errors: 0
Version: 3
Revision: 0

2025-03-22 00:33:12.137350
Sender: 21
Head 0: G
Head 1: O
Head 2: O
Head 3: O
Captures: 0
Releases: 0
Turnouts: 0
Voltage: 12.0
RSSI: -101
LED Errors: 0
Version: 3
Revision: 0

2025-03-22 00:33:12.248421
Sender: 18
Head 0: G
Head 1: O
Head 2: O
Head 3: O
Captures: 0
Releases: 0
Turnouts: 0
Voltage: 11.7
RSSI: -109
LED Errors: 0
Version: 3
Revision: 0

2025-03-22 00:33:13.176863
Sender: 18
Head 0: G
Head 1: O
Head 2: O
Head 3: O
Captures: 0
Releases: 0
Turnouts: 0
Voltage: 11.7
RSSI: -109
LED Errors: 0
Version: 3
Revision: 0

2025-03-22 00:33:16.193258
Sender: 18
Head 0: G
Head 1: O
Head 2: O
Head 3: O
Captures: 0
Releases: 0
Turnouts: 0
Voltage: 11.7
RSSI: -109
LED Errors: 0
Version: 3
Revision: 0

2025-03-22 00:33:18.201609
Sender: 18
Head 0: G
Head 1: O
Head 2: O
Head 3: O
Captures: 0
Releases: 0
Turnouts: 0
Voltage: 11.7
RSSI: -109
LED Errors: 0
Version: 3
Revision: 0

2025-03-22 00:33:19.206729
Sender: 18
Head 0: G
Head 1: O
Head 2: O
Head 3: O
Captures: 0
Releases: 0
Turnouts: 0
Voltage: 11.7
RSSI: -109
LED Errors: 0
Version: 3
Revision: 0

2025-03-22 00:33:20.212226
Sender: 18
Head 0: G
Head 1: O
Head 2: O
Head 3: O
Captures: 0
Releases: 0
Turnouts: 0
Voltage: 11.7
RSSI: -109
LED Errors: 0
Version: 3
Revision: 0

2025-03-22 00:33:21.217039
Sender: 18
Head 0: G
Head 1: O
Head 2: O
Head 3: O
Captures: 0
Releases: 0
Turnouts: 0
Voltage: 11.7
RSSI: -109
LED Errors: 0
Version: 3
Revision: 0

2025-03-22 00:33:22.221739
Sender: 18
Head 0: G
Head 1: O
Head 2: O
Head 3: O
Captures: 0
Releases: 0
Turnouts: 0
Voltage: 11.6
RSSI: -109
LED Errors: 0
Version: 3
Revision: 0

2025-03-22 00:33:23.226501
Sender: 18
Head 0: G
Head 1: O
Head 2: O
Head 3: O
Captures: 0
Releases: 0
Turnouts: 0
Voltage: 11.7
RSSI: -109
LED Errors: 0
Version: 3
Revision: 0

2025-03-22 00:33:24.566519
Sender: 18
Head 0: G
Head 1: O
Head 2: O
Head 3: O
Captures: 0
Releases: 0
Turnouts: 0
Voltage: 11.6
RSSI: -109
LED Errors: 0
Version: 3
Revision: 0

2025-03-22 00:33:25.557245
Sender: 18
Head 0: G
Head 1: O
Head 2: O
Head 3: O
Captures: 0
Releases: 0
Turnouts: 0
Voltage: 11.6
RSSI: -109
LED Errors: 0
Version: 3
Revision: 0

2025-03-22 00:33:26.561539
Sender: 18
Head 0: G
Head 1: O
Head 2: O
Head 3: O
Captures: 0
Releases: 0
Turnouts: 0
Voltage: 11.6
RSSI: -109
LED Errors: 0
Version: 3
Revision: 0

2025-03-22 00:33:27.892621
Sender: 18
Head 0: G
Head 1: O
Head 2: O
Head 3: O
Captures: 0
Releases: 0
Turnouts: 0
Voltage: 11.6
RSSI: -109
LED Errors: 0
Version: 3
Revision: 0

2025-03-22 00:33:28.882395
Sender: 18
Head 0: G
Head 1: O
Head 2: O
Head 3: O
Captures: 0
Releases: 0
Turnouts: 0
Voltage: 11.6
RSSI: -109
LED Errors: 0
Version: 3
Revision: 0

2025-03-22 00:33:29.888983
Sender: 18
Head 0: G
Head 1: O
Head 2: O
Head 3: O
Captures: 0
Releases: 0
Turnouts: 0
Voltage: 11.6
RSSI: -109
LED Errors: 0
Version: 3
Revision: 0

2025-03-22 00:33:30.937344
Sender: 18
Head 0: G
Head 1: O
Head 2: O
Head 3: O
Captures: 0
Releases: 0
Turnouts: 0
Voltage: 11.5
RSSI: -109
LED Errors: 0
Version: 3
Revision: 0

2025-03-22 00:33:31.929170
Sender: 18
Head 0: G
Head 1: O
Head 2: O
Head 3: O
Captures: 0
Releases: 0
Turnouts: 0
Voltage: 11.5
RSSI: -109
LED Errors: 0
Version: 3
Revision: 0

2025-03-22 00:33:32.934083
Sender: 18
Head 0: G
Head 1: O
Head 2: O
Head 3: O
Captures: 0
Releases: 0
Turnouts: 0
Voltage: 11.5
RSSI: -109
LED Errors: 0
Version: 3
Revision: 0

2025-03-22 00:33:33.939279
Sender: 18
Head 0: G
Head 1: O
Head 2: O
Head 3: O
Captures: 0
Releases: 0
Turnouts: 0
Voltage: 11.5
RSSI: -109
LED Errors: 0
Version: 3
Revision: 0

2025-03-22 00:33:35.949493
Sender: 18
Head 0: G
Head 1: O
Head 2: O
Head 3: O
Captures: 0
Releases: 0
Turnouts: 0
Voltage: 11.4
RSSI: -109
LED Errors: 0
Version: 3
Revision: 0

2025-03-22 00:33:36.953763
Sender: 18
Head 0: G
Head 1: O
Head 2: O
Head 3: O
Captures: 0
Releases: 0
Turnouts: 0
Voltage: 11.4
RSSI: -109
LED Errors: 0
Version: 3
Revision: 0

2025-03-22 00:33:37.959233
Sender: 18
Head 0: G
Head 1: O
Head 2: O
Head 3: O
Captures: 0
Releases: 0
Turnouts: 0
Voltage: 11.4
RSSI: -109
LED Errors: 0
Version: 3
Revision: 0

2025-03-22 00:33:38.964213
Sender: 18
Head 0: G
Head 1: O
Head 2: O
Head 3: O
Captures: 0
Releases: 0
Turnouts: 0
Voltage: 11.4
RSSI: -109
LED Errors: 0
Version: 3
Revision: 0

2025-03-22 00:33:39.969074
Sender: 18
Head 0: G
Head 1: O
Head 2: O
Head 3: O
Captures: 0
Releases: 0
Turnouts: 0
Voltage: 11.4
RSSI: -109
LED Errors: 0
Version: 3
Revision: 0

2025-03-22 00:33:40.974188
Sender: 18
Head 0: G
Head 1: O
Head 2: O
Head 3: O
Captures: 0
Releases: 0
Turnouts: 0
Voltage: 11.4
RSSI: -109
LED Errors: 0
Version: 3
Revision: 0

2025-03-22 00:33:41.978505
Sender: 18
Head 0: G
Head 1: O
Head 2: O
Head 3: O
Captures: 0
Releases: 0
Turnouts: 0
Voltage: 11.4
RSSI: -109
LED Errors: 0
Version: 3
Revision: 0

2025-03-22 00:33:42.983990
Sender: 18
Head 0: G
Head 1: O
Head 2: O
Head 3: O
Captures: 0
Releases: 0
Turnouts: 0
Voltage: 11.4
RSSI: -109
LED Errors: 0
Version: 3
Revision: 0

2025-03-22 00:33:44.322608
Sender: 18
Head 0: G
Head 1: O
Head 2: O
Head 3: O
Captures: 0
Releases: 0
Turnouts: 0
Voltage: 11.4
RSSI: -109
LED Errors: 0
Version: 3
Revision: 0

2025-03-22 00:33:45.310167
Sender: 18
Head 0: G
Head 1: O
Head 2: O
Head 3: O
Captures: 0
Releases: 0
Turnouts: 0
Voltage: 11.4
RSSI: -109
LED Errors: 0
Version: 3
Revision: 0

2025-03-22 00:33:46.315278
Sender: 18
Head 0: G
Head 1: O
Head 2: O
Head 3: O
Captures: 0
Releases: 0
Turnouts: 0
Voltage: 11.4
RSSI: -109
LED Errors: 0
Version: 3
Revision: 0

2025-03-22 00:33:47.370761
Sender: 18
Head 0: G
Head 1: O
Head 2: O
Head 3: O
Captures: 0
Releases: 0
Turnouts: 0
Voltage: 11.4
RSSI: -109
LED Errors: 0
Version: 3
Revision: 0

2025-03-22 00:33:48.356981
Sender: 18
Head 0: G
Head 1: O
Head 2: O
Head 3: O
Captures: 0
Releases: 0
Turnouts: 0
Voltage: 11.4
RSSI: -109
LED Errors: 0
Version: 3
Revision: 0

2025-03-22 00:33:49.361763
Sender: 18
Head 0: G
Head 1: O
Head 2: O
Head 3: O
Captures: 0
Releases: 0
Turnouts: 0
Voltage: 11.4
RSSI: -109
LED Errors: 0
Version: 3
Revision: 0

2025-03-22 00:33:50.699484
Sender: 18
Head 0: G
Head 1: O
Head 2: O
Head 3: O
Captures: 0
Releases: 0
Turnouts: 0
Voltage: 11.4
RSSI: -109
LED Errors: 0
Version: 3
Revision: 0

2025-03-22 00:33:51.683931
Sender: 18
Head 0: G
Head 1: O
Head 2: O
Head 3: O
Captures: 0
Releases: 0
Turnouts: 0
Voltage: 11.4
RSSI: -109
LED Errors: 0
Version: 3
Revision: 0

2025-03-22 00:33:52.688929
Sender: 18
Head 0: G
Head 1: O
Head 2: O
Head 3: O
Captures: 0
Releases: 0
Turnouts: 0
Voltage: 11.4
RSSI: -109
LED Errors: 0
Version: 3
Revision: 0

2025-03-22 00:33:53.742892
Sender: 18
Head 0: G
Head 1: O
Head 2: O
Head 3: O
Captures: 0
Releases: 0
Turnouts: 0
Voltage: 11.4
RSSI: -109
LED Errors: 0
Version: 3
Revision: 0

2025-03-22 00:33:54.730880
Sender: 18
Head 0: G
Head 1: O
Head 2: O
Head 3: O
Captures: 0
Releases: 0
Turnouts: 0
Voltage: 11.4
RSSI: -109
LED Errors: 0
Version: 3
Revision: 0

2025-03-22 00:33:55.735973
Sender: 18
Head 0: G
Head 1: O
Head 2: O
Head 3: O
Captures: 0
Releases: 0
Turnouts: 0
Voltage: 11.4
RSSI: -109
LED Errors: 0
Version: 3
Revision: 0

2025-03-22 00:33:56.790185
Sender: 18
Head 0: G
Head 1: O
Head 2: O
Head 3: O
Captures: 0
Releases: 0
Turnouts: 0
Voltage: 11.4
RSSI: -109
LED Errors: 0
Version: 3
Revision: 0

2025-03-22 00:33:57.778398
Sender: 18
Head 0: G
Head 1: O
Head 2: O
Head 3: O
Captures: 0
Releases: 0
Turnouts: 0
Voltage: 11.4
RSSI: -109
LED Errors: 0
Version: 3
Revision: 0

2025-03-22 00:33:58.783452
Sender: 18
Head 0: G
Head 1: O
Head 2: O
Head 3: O
Captures: 0
Releases: 0
Turnouts: 0
Voltage: 11.4
RSSI: -109
LED Errors: 0
Version: 3
Revision: 0

2025-03-22 00:34:00.121426
Sender: 18
Head 0: G
Head 1: O
Head 2: O
Head 3: O
Captures: 0
Releases: 0
Turnouts: 0
Voltage: 11.4
RSSI: -109
LED Errors: 0
Version: 3
Revision: 0

2025-03-22 00:34:01.106052
Sender: 18
Head 0: G
Head 1: O
Head 2: O
Head 3: O
Captures: 0
Releases: 0
Turnouts: 0
Voltage: 11.4
RSSI: -109
LED Errors: 0
Version: 3
Revision: 0

2025-03-22 00:34:02.111253
Sender: 18
Head 0: G
Head 1: O
Head 2: O
Head 3: O
Captures: 0
Releases: 0
Turnouts: 0
Voltage: 11.4
RSSI: -109
LED Errors: 0
Version: 3
Revision: 0

2025-03-22 00:34:03.168688
Sender: 18
Head 0: G
Head 1: O
Head 2: O
Head 3: O
Captures: 0
Releases: 0
Turnouts: 0
Voltage: 11.4
RSSI: -109
LED Errors: 0
Version: 3
Revision: 0

2025-03-22 00:34:04.152719
Sender: 18
Head 0: G
Head 1: O
Head 2: O
Head 3: O
Captures: 0
Releases: 0
Turnouts: 0
Voltage: 11.4
RSSI: -109
LED Errors: 0
Version: 3
Revision: 0

2025-03-22 00:34:05.157832
Sender: 18
Head 0: G
Head 1: O
Head 2: O
Head 3: O
Captures: 0
Releases: 0
Turnouts: 0
Voltage: 11.4
RSSI: -109
LED Errors: 0
Version: 3
Revision: 0

2025-03-22 00:34:06.216184
Sender: 18
Head 0: G
Head 1: O
Head 2: O
Head 3: O
Captures: 0
Releases: 0
Turnouts: 0
Voltage: 11.4
RSSI: -109
LED Errors: 0
Version: 3
Revision: 0

2025-03-22 00:34:07.199283
Sender: 18
Head 0: G
Head 1: O
Head 2: O
Head 3: O
Captures: 0
Releases: 0
Turnouts: 0
Voltage: 11.4
RSSI: -109
LED Errors: 0
Version: 3
Revision: 0

2025-03-22 00:34:08.204550
Sender: 18
Head 0: G
Head 1: O
Head 2: O
Head 3: O
Captures: 0
Releases: 0
Turnouts: 0
Voltage: 11.4
RSSI: -109
LED Errors: 0
Version: 3
Revision: 0

2025-03-22 00:34:09.543718
Sender: 18
Head 0: G
Head 1: O
Head 2: O
Head 3: O
Captures: 0
Releases: 0
Turnouts: 0
Voltage: 11.4
RSSI: -109
LED Errors: 0
Version: 3
Revision: 0

2025-03-22 00:34:10.527787
Sender: 18
Head 0: G
Head 1: O
Head 2: O
Head 3: O
Captures: 0
Releases: 0
Turnouts: 0
Voltage: 11.4
RSSI: -109
LED Errors: 0
Version: 3
Revision: 0

2025-03-22 00:34:11.532698
Sender: 18
Head 0: G
Head 1: O
Head 2: O
Head 3: O
Captures: 0
Releases: 0
Turnouts: 0
Voltage: 11.4
RSSI: -109
LED Errors: 0
Version: 3
Revision: 0

2025-03-22 00:34:12.586961
Sender: 18
Head 0: G
Head 1: O
Head 2: O
Head 3: O
Captures: 0
Releases: 0
Turnouts: 0
Voltage: 11.4
RSSI: -109
LED Errors: 0
Version: 3
Revision: 0

2025-03-22 00:34:13.697418
Sender: 18
Head 0: G
Head 1: O
Head 2: O
Head 3: O
Captures: 0
Releases: 0
Turnouts: 0
Voltage: 11.4
RSSI: -109
LED Errors: 0
Version: 3
Revision: 0

2025-03-22 00:34:15.639483
Sender: 18
Head 0: G
Head 1: O
Head 2: O
Head 3: O
Captures: 0
Releases: 0
Turnouts: 0
Voltage: 11.4
RSSI: -109
LED Errors: 0
Version: 3
Revision: 0

2025-03-22 00:34:16.644519
Sender: 18
Head 0: G
Head 1: O
Head 2: O
Head 3: O
Captures: 0
Releases: 0
Turnouts: 0
Voltage: 11.4
RSSI: -109
LED Errors: 0
Version: 3
Revision: 0

2025-03-22 00:34:17.649351
Sender: 18
Head 0: G
Head 1: O
Head 2: O
Head 3: O
Captures: 0
Releases: 0
Turnouts: 0
Voltage: 11.4
RSSI: -109
LED Errors: 0
Version: 3
Revision: 0

2025-03-22 00:34:19.659846
Sender: 18
Head 0: G
Head 1: O
Head 2: O
Head 3: O
Captures: 0
Releases: 0
Turnouts: 0
Voltage: 11.4
RSSI: -109
LED Errors: 0
Version: 3
Revision: 0

2025-03-22 00:34:20.664620
Sender: 18
Head 0: G
Head 1: O
Head 2: O
Head 3: O
Captures: 0
Releases: 0
Turnouts: 0
Voltage: 11.4
RSSI: -109
LED Errors: 0
Version: 3
Revision: 0

2025-03-22 00:34:22.023309
Sender: 18
Head 0: G
Head 1: O
Head 2: O
Head 3: O
Captures: 0
Releases: 0
Turnouts: 0
Voltage: 11.4
RSSI: -109
LED Errors: 0
Version: 3
Revision: 0

2025-03-22 00:34:23.011553
Sender: 18
Head 0: G
Head 1: O
Head 2: O
Head 3: O
Captures: 0
Releases: 0
Turnouts: 0
Voltage: 11.4
RSSI: -109
LED Errors: 0
Version: 3
Revision: 0

2025-03-22 00:34:24.016698
Sender: 18
Head 0: G
Head 1: O
Head 2: O
Head 3: O
Captures: 0
Releases: 0
Turnouts: 0
Voltage: 11.3
RSSI: -109
LED Errors: 0
Version: 3
Revision: 0

2025-03-22 00:34:36.021416
Sender: 18
Head 0: G
Head 1: O
Head 2: O
Head 3: O
Captures: 0
Releases: 0
Turnouts: 0
Voltage: 11.7
RSSI: -109
LED Errors: 0
Version: 3
Revision: 0

2025-03-22 00:39:07.251008
Sender: 1
Head 0: G
Head 1: O
Head 2: O
Head 3: O
Captures: 0
Releases: 0
Turnouts: 0
Voltage: 12.8
RSSI: -99
LED Errors: 0
Version: 3
Revision: 0

2025-03-22 00:39:07.669182
Sender: 5
Head 0: G
Head 1: O
Head 2: O
Head 3: O
Captures: 0
Releases: 0
Turnouts: 0
Voltage: 12.6
RSSI: 0
LED Errors: 0
Version: 3
Revision: 1

2025-03-22 00:39:08.880267
Sender: 2
Head 0: G
Head 1: O
Head 2: O
Head 3: O
Captures: 0
Releases: 0
Turnouts: 0
Voltage: 12.6
RSSI: -97
LED Errors: 0
Version: 3
Revision: 0

2025-03-22 00:39:12.890639
Sender: 2
Head 0: G
Head 1: O
Head 2: O
Head 3: O
Captures: 0
Releases: 0
Turnouts: 0
Voltage: 12.6
RSSI: -97
LED Errors: 0
Version: 3
Revision: 0

2025-03-22 00:39:13.600078
Sender: 17
Head 0: G
Head 1: G
Head 2: O
Head 3: O
Captures: 0
Releases: 0
Turnouts: 0
Voltage: 12.0
RSSI: -97
LED Errors: 8704
Version: 3
Revision: 0

2025-03-22 00:39:13.708417
Sender: 21
Head 0: G
Head 1: O
Head 2: O
Head 3: O
Captures: 0
Releases: 0
Turnouts: 0
Voltage: 11.9
RSSI: -101
LED Errors: 0
Version: 3
Revision: 0

2025-03-22 00:39:14.244107
Sender: 18
Head 0: G
Head 1: O
Head 2: O
Head 3: O
Captures: 0
Releases: 0
Turnouts: 0
Voltage: 11.7
RSSI: -109
LED Errors: 0
Version: 3
Revision: 0

2025-03-22 00:39:14.568645
Sender: 19
Head 0: G
Head 1: O
Head 2: O
Head 3: O
Captures: 0
Releases: 0
Turnouts: 0
Voltage: 11.7
RSSI: -92
LED Errors: 0
Version: 3
Revision: 0

2025-03-22 00:39:18.728976
Sender: 2
Head 0: G
Head 1: O
Head 2: O
Head 3: O
Captures: 0
Releases: 0
Turnouts: 0
Voltage: 12.5
RSSI: -97
LED Errors: 0
Version: 3
Revision: 0

2025-03-22 00:39:19.074850
Sender: 17
Head 0: G
Head 1: G
Head 2: O
Head 3: O
Captures: 0
Releases: 0
Turnouts: 0
Voltage: 12.0
RSSI: -97
LED Errors: 8704
Version: 3
Revision: 0

2025-03-22 00:39:24.084644
Sender: 2
Head 0: G
Head 1: O
Head 2: O
Head 3: O
Captures: 0
Releases: 0
Turnouts: 0
Voltage: 12.6
RSSI: -97
LED Errors: 0
Version: 3
Revision: 0

2025-03-22 00:39:29.297501
Sender: 2
Head 0: G
Head 1: O
Head 2: O
Head 3: O
Captures: 0
Releases: 0
Turnouts: 0
Voltage: 12.6
RSSI: -97
LED Errors: 0
Version: 3
Revision: 0

2025-03-22 00:39:34.543845
Sender: 2
Head 0: G
Head 1: O
Head 2: O
Head 3: O
Captures: 0
Releases: 0
Turnouts: 0
Voltage: 12.6
RSSI: -97
LED Errors: 0
Version: 3
Revision: 0

2025-03-22 00:39:39.652723
Sender: 2
Head 0: G
Head 1: O
Head 2: O
Head 3: O
Captures: 0
Releases: 0
Turnouts: 0
Voltage: 12.6
RSSI: -97
LED Errors: 0
Version: 3
Revision: 0

2025-03-22 00:39:44.946952
Sender: 2
Head 0: G
Head 1: O
Head 2: O
Head 3: O
Captures: 0
Releases: 0
Turnouts: 0
Voltage: 12.6
RSSI: -97
LED Errors: 0
Version: 3
Revision: 0

2025-03-22 00:39:50.059849
Sender: 2
Head 0: G
Head 1: O
Head 2: O
Head 3: O
Captures: 0
Releases: 0
Turnouts: 0
Voltage: 12.6
RSSI: -97
LED Errors: 0
Version: 3
Revision: 0

2025-03-22 00:39:55.272023
Sender: 2
Head 0: G
Head 1: O
Head 2: O
Head 3: O
Captures: 0
Releases: 0
Turnouts: 0
Voltage: 12.5
RSSI: -97
LED Errors: 0
Version: 3
Revision: 0

2025-03-22 00:40:00.485492
Sender: 2
Head 0: G
Head 1: O
Head 2: O
Head 3: O
Captures: 0
Releases: 0
Turnouts: 0
Voltage: 12.6
RSSI: -97
LED Errors: 0
Version: 3
Revision: 0

2025-03-22 00:40:05.692797
Sender: 2
Head 0: G
Head 1: O
Head 2: O
Head 3: O
Captures: 0
Releases: 0
Turnouts: 0
Voltage: 12.6
RSSI: -97
LED Errors: 0
Version: 3
Revision: 0

2025-03-22 00:40:10.907382
Sender: 2
Head 0: G
Head 1: O
Head 2: O
Head 3: O
Captures: 0
Releases: 0
Turnouts: 0
Voltage: 12.6
RSSI: -97
LED Errors: 0
Version: 3
Revision: 0

2025-03-22 00:40:16.118372
Sender: 2
Head 0: G
Head 1: O
Head 2: O
Head 3: O
Captures: 0
Releases: 0
Turnouts: 0
Voltage: 12.6
RSSI: -97
LED Errors: 0
Version: 3
Revision: 0

2025-03-22 00:40:21.331738
Sender: 2
Head 0: G
Head 1: O
Head 2: O
Head 3: O
Captures: 0
Releases: 0
Turnouts: 0
Voltage: 12.6
RSSI: -97
LED Errors: 0
Version: 3
Revision: 0

2025-03-22 00:40:26.548287
Sender: 2
Head 0: G
Head 1: O
Head 2: O
Head 3: O
Captures: 0
Releases: 0
Turnouts: 0
Voltage: 12.6
RSSI: -97
LED Errors: 0
Version: 3
Revision: 0

2025-03-22 00:40:31.666602
Sender: 2
Head 0: G
Head 1: O
Head 2: O
Head 3: O
Captures: 0
Releases: 0
Turnouts: 0
Voltage: 12.6
RSSI: -97
LED Errors: 0
Version: 3
Revision: 0

2025-03-22 00:40:36.851711
Sender: 2
Head 0: G
Head 1: O
Head 2: O
Head 3: O
Captures: 0
Releases: 0
Turnouts: 0
Voltage: 12.5
RSSI: -97
LED Errors: 0
Version: 3
Revision: 0

2025-03-22 00:40:42.062675
Sender: 2
Head 0: G
Head 1: O
Head 2: O
Head 3: O
Captures: 0
Releases: 0
Turnouts: 0
Voltage: 12.5
RSSI: -97
LED Errors: 0
Version: 3
Revision: 0

2025-03-22 00:40:47.279036
Sender: 2
Head 0: G
Head 1: O
Head 2: O
Head 3: O
Captures: 0
Releases: 0
Turnouts: 0
Voltage: 12.6
RSSI: -97
LED Errors: 0
Version: 3
Revision: 0

2025-03-22 00:40:52.490312
Sender: 2
Head 0: G
Head 1: O
Head 2: O
Head 3: O
Captures: 0
Releases: 0
Turnouts: 0
Voltage: 12.5
RSSI: -97
LED Errors: 0
Version: 3
Revision: 0

2025-03-22 00:40:57.708449
Sender: 2
Head 0: G
Head 1: O
Head 2: O
Head 3: O
Captures: 0
Releases: 0
Turnouts: 0
Voltage: 12.5
RSSI: -97
LED Errors: 0
Version: 3
Revision: 0

2025-03-22 00:41:02.921330
Sender: 2
Head 0: G
Head 1: O
Head 2: O
Head 3: O
Captures: 0
Releases: 0
Turnouts: 0
Voltage: 12.6
RSSI: -97
LED Errors: 0
Version: 3
Revision: 0

2025-03-22 00:41:08.135305
Sender: 2
Head 0: G
Head 1: O
Head 2: O
Head 3: O
Captures: 0
Releases: 0
Turnouts: 0
Voltage: 12.6
RSSI: -97
LED Errors: 0
Version: 3
Revision: 0

2025-03-22 00:41:13.346233
Sender: 2
Head 0: G
Head 1: O
Head 2: O
Head 3: O
Captures: 0
Releases: 0
Turnouts: 0
Voltage: 12.5
RSSI: -97
LED Errors: 0
Version: 3
Revision: 0

2025-03-22 00:41:18.455459
Sender: 2
Head 0: G
Head 1: O
Head 2: O
Head 3: O
Captures: 0
Releases: 0
Turnouts: 0
Voltage: 12.5
RSSI: -97
LED Errors: 0
Version: 3
Revision: 0

2025-03-22 00:41:23.671946
Sender: 2
Head 0: G
Head 1: O
Head 2: O
Head 3: O
Captures: 0
Releases: 0
Turnouts: 0
Voltage: 12.6
RSSI: -97
LED Errors: 0
Version: 3
Revision: 0

2025-03-22 00:41:28.881186
Sender: 2
Head 0: G
Head 1: O
Head 2: O
Head 3: O
Captures: 0
Releases: 0
Turnouts: 0
Voltage: 12.6
RSSI: -97
LED Errors: 0
Version: 3
Revision: 0

2025-03-22 00:41:34.058106
Sender: 2
Head 0: G
Head 1: O
Head 2: O
Head 3: O
Captures: 0
Releases: 0
Turnouts: 0
Voltage: 12.5
RSSI: -97
LED Errors: 0
Version: 3
Revision: 0

2025-03-22 00:41:39.271136
Sender: 2
Head 0: G
Head 1: O
Head 2: O
Head 3: O
Captures: 0
Releases: 0
Turnouts: 0
Voltage: 12.5
RSSI: -97
LED Errors: 0
Version: 3
Revision: 0

2025-03-22 00:41:44.478500
Sender: 2
Head 0: G
Head 1: O
Head 2: O
Head 3: O
Captures: 0
Releases: 0
Turnouts: 0
Voltage: 12.6
RSSI: -97
LED Errors: 0
Version: 3
Revision: 0

2025-03-22 00:41:49.691168
Sender: 2
Head 0: G
Head 1: O
Head 2: O
Head 3: O
Captures: 0
Releases: 0
Turnouts: 0
Voltage: 12.5
RSSI: -97
LED Errors: 0
Version: 3
Revision: 0

2025-03-22 00:41:54.903645
Sender: 2
Head 0: G
Head 1: O
Head 2: O
Head 3: O
Captures: 0
Releases: 0
Turnouts: 0
Voltage: 12.6
RSSI: -97
LED Errors: 0
Version: 3
Revision: 0

2025-03-22 00:42:00.116727
Sender: 2
Head 0: G
Head 1: O
Head 2: O
Head 3: O
Captures: 0
Releases: 0
Turnouts: 0
Voltage: 12.6
RSSI: -97
LED Errors: 0
Version: 3
Revision: 0

2025-03-22 00:42:05.332837
Sender: 2
Head 0: G
Head 1: O
Head 2: O
Head 3: O
Captures: 0
Releases: 0
Turnouts: 0
Voltage: 12.6
RSSI: -97
LED Errors: 0
Version: 3
Revision: 0

2025-03-22 00:42:10.546178
Sender: 2
Head 0: G
Head 1: O
Head 2: O
Head 3: O
Captures: 0
Releases: 0
Turnouts: 0
Voltage: 12.6
RSSI: -97
LED Errors: 0
Version: 3
Revision: 0

2025-03-22 00:42:15.684740
Sender: 2
Head 0: G
Head 1: O
Head 2: O
Head 3: O
Captures: 0
Releases: 0
Turnouts: 0
Voltage: 12.5
RSSI: -97
LED Errors: 0
Version: 3
Revision: 0

2025-03-22 00:42:20.891317
Sender: 2
Head 0: G
Head 1: O
Head 2: O
Head 3: O
Captures: 0
Releases: 0
Turnouts: 0
Voltage: 12.5
RSSI: -97
LED Errors: 0
Version: 3
Revision: 0

2025-03-22 00:42:26.106008
Sender: 2
Head 0: G
Head 1: O
Head 2: O
Head 3: O
Captures: 0
Releases: 0
Turnouts: 0
Voltage: 12.6
RSSI: -97
LED Errors: 0
Version: 3
Revision: 0

2025-03-22 00:42:31.319767
Sender: 2
Head 0: G
Head 1: O
Head 2: O
Head 3: O
Captures: 0
Releases: 0
Turnouts: 0
Voltage: 12.6
RSSI: -97
LED Errors: 0
Version: 3
Revision: 0

2025-03-22 00:42:36.516421
Sender: 2
Head 0: G
Head 1: O
Head 2: O
Head 3: O
Captures: 0
Releases: 0
Turnouts: 0
Voltage: 12.6
RSSI: -97
LED Errors: 0
Version: 3
Revision: 0

2025-03-22 00:42:41.726676
Sender: 2
Head 0: G
Head 1: O
Head 2: O
Head 3: O
Captures: 0
Releases: 0
Turnouts: 0
Voltage: 12.6
RSSI: -97
LED Errors: 0
Version: 3
Revision: 0

2025-03-22 00:42:46.942485
Sender: 2
Head 0: G
Head 1: O
Head 2: O
Head 3: O
Captures: 0
Releases: 0
Turnouts: 0
Voltage: 12.6
RSSI: -97
LED Errors: 0
Version: 3
Revision: 0

2025-03-22 00:42:52.148937
Sender: 2
Head 0: G
Head 1: O
Head 2: O
Head 3: O
Captures: 0
Releases: 0
Turnouts: 0
Voltage: 12.6
RSSI: -97
LED Errors: 0
Version: 3
Revision: 0

2025-03-22 00:42:57.270077
Sender: 2
Head 0: G
Head 1: O
Head 2: O
Head 3: O
Captures: 0
Releases: 0
Turnouts: 0
Voltage: 12.6
RSSI: -97
LED Errors: 0
Version: 3
Revision: 0

2025-03-22 00:43:00.054804
Sender: 1
Head 0: O
Head 1: O
Head 2: O
Head 3: O
Captures: 0
Releases: 0
Turnouts: 0
Voltage: 12.8
RSSI: -99
LED Errors: 0
Version: 3
Revision: 0

2025-03-22 00:43:02.490094
Sender: 2
Head 0: G
Head 1: O
Head 2: O
Head 3: O
Captures: 0
Releases: 0
Turnouts: 0
Voltage: 12.6
RSSI: -97
LED Errors: 0
Version: 3
Revision: 0

2025-03-22 00:43:07.699635
Sender: 2
Head 0: G
Head 1: O
Head 2: O
Head 3: O
Captures: 0
Releases: 0
Turnouts: 0
Voltage: 12.6
RSSI: -97
LED Errors: 0
Version: 3
Revision: 0

2025-03-22 00:43:09.807903
Sender: 2
Head 0: O
Head 1: O
Head 2: O
Head 3: O
Captures: 0
Releases: 0
Turnouts: 0
Voltage: 12.6
RSSI: -97
LED Errors: 0
Version: 3
Revision: 0

2025-03-22 00:45:07.948418
Sender: 5
Head 0: G
Head 1: O
Head 2: O
Head 3: O
Captures: 0
Releases: 0
Turnouts: 0
Voltage: 12.6
RSSI: 0
LED Errors: 0
Version: 3
Revision: 1

2025-03-22 00:45:13.155857
Sender: 5
Head 0: G
Head 1: O
Head 2: O
Head 3: O
Captures: 0
Releases: 0
Turnouts: 0
Voltage: 12.6
RSSI: 0
LED Errors: 0
Version: 3
Revision: 1

2025-03-22 00:45:14.733336
Sender: 18
Head 0: G
Head 1: O
Head 2: O
Head 3: O
Captures: 0
Releases: 0
Turnouts: 0
Voltage: 11.8
RSSI: -109
LED Errors: 0
Version: 3
Revision: 0

2025-03-22 00:45:15.150360
Sender: 19
Head 0: G
Head 1: O
Head 2: O
Head 3: O
Captures: 0
Releases: 0
Turnouts: 0
Voltage: 11.9
RSSI: -92
LED Errors: 0
Version: 3
Revision: 0

2025-03-22 00:45:15.440524
Sender: 21
Head 0: G
Head 1: O
Head 2: O
Head 3: O
Captures: 0
Releases: 0
Turnouts: 0
Voltage: 12.0
RSSI: -101
LED Errors: 0
Version: 3
Revision: 0

2025-03-22 00:45:18.266247
Sender: 5
Head 0: G
Head 1: O
Head 2: O
Head 3: O
Captures: 0
Releases: 0
Turnouts: 0
Voltage: 12.6
RSSI: 0
LED Errors: 0
Version: 3
Revision: 1

2025-03-22 00:45:20.395481
Sender: 17
Head 0: G
Head 1: G
Head 2: O
Head 3: O
Captures: 0
Releases: 0
Turnouts: 0
Voltage: 12.0
RSSI: -97
LED Errors: 8704
Version: 3
Revision: 0

2025-03-22 00:45:23.462321
Sender: 5
Head 0: G
Head 1: O
Head 2: O
Head 3: O
Captures: 0
Releases: 0
Turnouts: 0
Voltage: 12.6
RSSI: 0
LED Errors: 0
Version: 3
Revision: 1

2025-03-22 00:45:28.756299
Sender: 5
Head 0: G
Head 1: O
Head 2: O
Head 3: O
Captures: 0
Releases: 0
Turnouts: 0
Voltage: 12.6
RSSI: 0
LED Errors: 0
Version: 3
Revision: 1

2025-03-22 00:45:33.869516
Sender: 5
Head 0: G
Head 1: O
Head 2: O
Head 3: O
Captures: 0
Releases: 0
Turnouts: 0
Voltage: 12.6
RSSI: 0
LED Errors: 0
Version: 3
Revision: 1

2025-03-22 00:45:39.075881
Sender: 5
Head 0: G
Head 1: O
Head 2: O
Head 3: O
Captures: 0
Releases: 0
Turnouts: 0
Voltage: 12.6
RSSI: 0
LED Errors: 0
Version: 3
Revision: 1

2025-03-22 00:45:44.294433
Sender: 5
Head 0: G
Head 1: O
Head 2: O
Head 3: O
Captures: 0
Releases: 0
Turnouts: 0
Voltage: 12.6
RSSI: 0
LED Errors: 0
Version: 3
Revision: 1

2025-03-22 00:45:49.508255
Sender: 5
Head 0: G
Head 1: O
Head 2: O
Head 3: O
Captures: 0
Releases: 0
Turnouts: 0
Voltage: 12.6
RSSI: 0
LED Errors: 0
Version: 3
Revision: 1

2025-03-22 00:45:54.719982
Sender: 5
Head 0: G
Head 1: O
Head 2: O
Head 3: O
Captures: 0
Releases: 0
Turnouts: 0
Voltage: 12.6
RSSI: 0
LED Errors: 0
Version: 3
Revision: 1

2025-03-22 00:45:59.930640
Sender: 5
Head 0: G
Head 1: O
Head 2: O
Head 3: O
Captures: 0
Releases: 0
Turnouts: 0
Voltage: 12.6
RSSI: 0
LED Errors: 0
Version: 3
Revision: 1

2025-03-22 00:46:05.147210
Sender: 5
Head 0: G
Head 1: O
Head 2: O
Head 3: O
Captures: 0
Releases: 0
Turnouts: 0
Voltage: 12.6
RSSI: 0
LED Errors: 0
Version: 3
Revision: 1

2025-03-22 00:46:10.354516
Sender: 5
Head 0: G
Head 1: O
Head 2: O
Head 3: O
Captures: 0
Releases: 0
Turnouts: 0
Voltage: 12.6
RSSI: 0
LED Errors: 0
Version: 3
Revision: 1

2025-03-22 00:46:15.474656
Sender: 5
Head 0: G
Head 1: O
Head 2: O
Head 3: O
Captures: 0
Releases: 0
Turnouts: 0
Voltage: 12.6
RSSI: 0
LED Errors: 0
Version: 3
Revision: 1

2025-03-22 00:46:16.348487
Sender: 5
Head 0: G
Head 1: O
Head 2: O
Head 3: O
Captures: 0
Releases: 0
Turnouts: 0
Voltage: 12.6
RSSI: 0
LED Errors: 0
Version: 3
Revision: 1

2025-03-22 00:51:15.681007
Sender: 19
Head 0: G
Head 1: O
Head 2: O
Head 3: O
Captures: 0
Releases: 0
Turnouts: 0
Voltage: 11.9
RSSI: -92
LED Errors: 0
Version: 3
Revision: 0

2025-03-22 00:51:16.116836
Sender: 21
Head 0: G
Head 1: O
Head 2: O
Head 3: O
Captures: 0
Releases: 0
Turnouts: 0
Voltage: 12.0
RSSI: -101
LED Errors: 0
Version: 3
Revision: 0

2025-03-22 00:51:21.121360
Sender: 17
Head 0: G
Head 1: G
Head 2: O
Head 3: O
Captures: 0
Releases: 0
Turnouts: 0
Voltage: 12.0
RSSI: -97
LED Errors: 8704
Version: 3
Revision: 0

2025-03-22 00:51:22.123313
Sender: 18
Head 0: G
Head 1: O
Head 2: O
Head 3: O
Captures: 0
Releases: 0
Turnouts: 0
Voltage: 11.9
RSSI: -109
LED Errors: 0
Version: 3
Revision: 0

2025-03-22 00:52:16.623133
Sender: 18
Head 0: G
Head 1: O
Head 2: O
Head 3: O
Captures: 0
Releases: 0
Turnouts: 0
Voltage: 11.8
RSSI: -109
LED Errors: 0
Version: 3
Revision: 0

2025-03-22 00:52:17.104692
Sender: 5
Head 0: G
Head 1: O
Head 2: O
Head 3: O
Captures: 0
Releases: 0
Turnouts: 0
Voltage: 12.6
RSSI: 0
LED Errors: 0
Version: 3
Revision: 1

2025-03-22 00:53:38.165759
Sender: 18
Head 0: G
Head 1: O
Head 2: O
Head 3: O
Captures: 0
Releases: 0
Turnouts: 0
Voltage: 11.9
RSSI: -109
LED Errors: 0
Version: 3
Revision: 0

2025-03-22 00:53:38.545703
Sender: 1
Head 0: O
Head 1: O
Head 2: O
Head 3: O
Captures: 0
Releases: 0
Turnouts: 0
Voltage: 12.9
RSSI: -99
LED Errors: 0
Version: 3
Revision: 0

2025-03-22 00:53:38.926023
Sender: 2
Head 0: O
Head 1: O
Head 2: O
Head 3: O
Captures: 0
Releases: 0
Turnouts: 0
Voltage: 12.6
RSSI: -97
LED Errors: 0
Version: 3
Revision: 0

2025-03-22 00:53:39.406190
Sender: 18
Head 0: G
Head 1: O
Head 2: O
Head 3: O
Captures: 0
Releases: 0
Turnouts: 0
Voltage: 11.9
RSSI: -109
LED Errors: 0
Version: 3
Revision: 0

2025-03-22 00:53:39.789302
Sender: 5
Head 0: G
Head 1: O
Head 2: O
Head 3: O
Captures: 0
Releases: 0
Turnouts: 0
Voltage: 12.6
RSSI: 0
LED Errors: 0
Version: 3
Revision: 1

2025-03-22 00:53:40.281115
Sender: 18
Head 0: G
Head 1: O
Head 2: O
Head 3: O
Captures: 0
Releases: 0
Turnouts: 0
Voltage: 11.8
RSSI: -109
LED Errors: 0
Version: 3
Revision: 0

2025-03-22 00:53:41.286355
Sender: 18
Head 0: G
Head 1: O
Head 2: O
Head 3: O
Captures: 0
Releases: 0
Turnouts: 0
Voltage: 11.9
RSSI: -109
LED Errors: 0
Version: 3
Revision: 0

2025-03-22 00:53:43.296092
Sender: 17
Head 0: G
Head 1: G
Head 2: O
Head 3: O
Captures: 0
Releases: 0
Turnouts: 0
Voltage: 12.0
RSSI: -97
LED Errors: 8704
Version: 3
Revision: 0

2025-03-22 00:53:43.508686
Sender: 18
Head 0: G
Head 1: O
Head 2: O
Head 3: O
Captures: 0
Releases: 0
Turnouts: 0
Voltage: 11.9
RSSI: -109
LED Errors: 0
Version: 3
Revision: 0

2025-03-22 00:53:43.992194
Sender: 19
Head 0: G
Head 1: O
Head 2: O
Head 3: O
Captures: 0
Releases: 0
Turnouts: 0
Voltage: 11.9
RSSI: -92
LED Errors: 0
Version: 3
Revision: 0

2025-03-22 00:53:44.910772
Sender: 21
Head 0: G
Head 1: O
Head 2: O
Head 3: O
Captures: 0
Releases: 0
Turnouts: 0
Voltage: 12.0
RSSI: -101
LED Errors: 0
Version: 3
Revision: 0

2025-03-22 00:53:45.461926
Sender: 18
Head 0: G
Head 1: O
Head 2: O
Head 3: O
Captures: 0
Releases: 0
Turnouts: 0
Voltage: 11.9
RSSI: -109
LED Errors: 0
Version: 3
Revision: 0

2025-03-22 00:53:46.467145
Sender: 18
Head 0: G
Head 1: O
Head 2: O
Head 3: O
Captures: 0
Releases: 0
Turnouts: 0
Voltage: 11.9
RSSI: -109
LED Errors: 0
Version: 3
Revision: 0

2025-03-22 00:53:48.477092
Sender: 18
Head 0: G
Head 1: O
Head 2: O
Head 3: O
Captures: 0
Releases: 0
Turnouts: 0
Voltage: 11.8
RSSI: -109
LED Errors: 0
Version: 3
Revision: 0

2025-03-22 00:53:49.482052
Sender: 18
Head 0: G
Head 1: O
Head 2: O
Head 3: O
Captures: 0
Releases: 0
Turnouts: 0
Voltage: 11.8
RSSI: -109
LED Errors: 0
Version: 3
Revision: 0

2025-03-22 00:53:50.537103
Sender: 18
Head 0: G
Head 1: O
Head 2: O
Head 3: O
Captures: 0
Releases: 0
Turnouts: 0
Voltage: 11.8
RSSI: -109
LED Errors: 0
Version: 3
Revision: 0

2025-03-22 00:53:51.525018
Sender: 18
Head 0: G
Head 1: O
Head 2: O
Head 3: O
Captures: 0
Releases: 0
Turnouts: 0
Voltage: 11.8
RSSI: -109
LED Errors: 0
Version: 3
Revision: 0

2025-03-22 00:53:52.530239
Sender: 18
Head 0: G
Head 1: O
Head 2: O
Head 3: O
Captures: 0
Releases: 0
Turnouts: 0
Voltage: 11.8
RSSI: -109
LED Errors: 0
Version: 3
Revision: 0

2025-03-22 00:55:43.772550
Sender: 18
Head 0: G
Head 1: O
Head 2: O
Head 3: O
Captures: 0
Releases: 0
Turnouts: 0
Voltage: 11.9
RSSI: -109
LED Errors: 0
Version: 3
Revision: 0

2025-03-22 00:55:44.467199
Sender: 1
Head 0: O
Head 1: O
Head 2: O
Head 3: O
Captures: 0
Releases: 0
Turnouts: 0
Voltage: 12.9
RSSI: -99
LED Errors: 0
Version: 3
Revision: 0

2025-03-22 00:55:44.793088
Sender: 2
Head 0: O
Head 1: O
Head 2: O
Head 3: O
Captures: 0
Releases: 0
Turnouts: 0
Voltage: 12.6
RSSI: -97
LED Errors: 0
Version: 3
Revision: 0

2025-03-22 00:55:45.174890
Sender: 18
Head 0: G
Head 1: O
Head 2: O
Head 3: O
Captures: 0
Releases: 0
Turnouts: 0
Voltage: 11.9
RSSI: -109
LED Errors: 0
Version: 3
Revision: 0

2025-03-22 00:55:45.666847
Sender: 5
Head 0: G
Head 1: O
Head 2: O
Head 3: O
Captures: 0
Releases: 0
Turnouts: 0
Voltage: 12.6
RSSI: 0
LED Errors: 0
Version: 3
Revision: 1

2025-03-22 00:55:46.050379
Sender: 18
Head 0: G
Head 1: O
Head 2: O
Head 3: O
Captures: 0
Releases: 0
Turnouts: 0
Voltage: 11.9
RSSI: -109
LED Errors: 0
Version: 3
Revision: 0

2025-03-22 00:55:46.994330
Sender: 18
Head 0: G
Head 1: O
Head 2: O
Head 3: O
Captures: 0
Releases: 0
Turnouts: 0
Voltage: 11.8
RSSI: -109
LED Errors: 0
Version: 3
Revision: 0

2025-03-22 00:55:48.005846
Sender: 18
Head 0: G
Head 1: O
Head 2: O
Head 3: O
Captures: 0
Releases: 0
Turnouts: 0
Voltage: 11.8
RSSI: -109
LED Errors: 0
Version: 3
Revision: 0

2025-03-22 00:55:48.936438
Sender: 17
Head 0: G
Head 1: G
Head 2: O
Head 3: O
Captures: 0
Releases: 0
Turnouts: 0
Voltage: 12.0
RSSI: -97
LED Errors: 8704
Version: 3
Revision: 0

2025-03-22 00:55:49.048382
Sender: 18
Head 0: G
Head 1: O
Head 2: O
Head 3: O
Captures: 0
Releases: 0
Turnouts: 0
Voltage: 11.8
RSSI: -109
LED Errors: 0
Version: 3
Revision: 0

2025-03-22 00:55:49.647987
Sender: 19
Head 0: G
Head 1: O
Head 2: O
Head 3: O
Captures: 0
Releases: 0
Turnouts: 0
Voltage: 11.9
RSSI: -92
LED Errors: 0
Version: 3
Revision: 0

2025-03-22 00:55:50.030523
Sender: 18
Head 0: G
Head 1: O
Head 2: O
Head 3: O
Captures: 0
Releases: 0
Turnouts: 0
Voltage: 11.8
RSSI: -109
LED Errors: 0
Version: 3
Revision: 0

2025-03-22 00:55:50.357354
Sender: 21
Head 0: G
Head 1: O
Head 2: O
Head 3: O
Captures: 0
Releases: 0
Turnouts: 0
Voltage: 12.0
RSSI: -101
LED Errors: 0
Version: 3
Revision: 0

2025-03-22 00:55:51.027948
Sender: 18
Head 0: G
Head 1: O
Head 2: O
Head 3: O
Captures: 0
Releases: 0
Turnouts: 0
Voltage: 11.7
RSSI: -109
LED Errors: 0
Version: 3
Revision: 0

2025-03-22 00:55:52.020072
Sender: 18
Head 0: G
Head 1: O
Head 2: O
Head 3: O
Captures: 0
Releases: 0
Turnouts: 0
Voltage: 11.7
RSSI: -109
LED Errors: 0
Version: 3
Revision: 0

2025-03-22 00:55:53.025132
Sender: 18
Head 0: G
Head 1: O
Head 2: O
Head 3: O
Captures: 0
Releases: 0
Turnouts: 0
Voltage: 11.7
RSSI: -109
LED Errors: 0
Version: 3
Revision: 0

2025-03-22 00:55:54.041600
Sender: 18
Head 0: G
Head 1: O
Head 2: O
Head 3: O
Captures: 0
Releases: 0
Turnouts: 0
Voltage: 11.6
RSSI: -109
LED Errors: 0
Version: 3
Revision: 0

2025-03-22 00:55:55.034888
Sender: 18
Head 0: G
Head 1: O
Head 2: O
Head 3: O
Captures: 0
Releases: 0
Turnouts: 0
Voltage: 11.6
RSSI: -109
LED Errors: 0
Version: 3
Revision: 0

2025-03-22 00:55:56.039570
Sender: 18
Head 0: G
Head 1: O
Head 2: O
Head 3: O
Captures: 0
Releases: 0
Turnouts: 0
Voltage: 11.6
RSSI: -109
LED Errors: 0
Version: 3
Revision: 0

2025-03-22 00:55:57.398210
Sender: 18
Head 0: G
Head 1: O
Head 2: O
Head 3: O
Captures: 0
Releases: 0
Turnouts: 0
Voltage: 11.6
RSSI: -109
LED Errors: 0
Version: 3
Revision: 0

2025-03-22 00:55:58.382183
Sender: 18
Head 0: G
Head 1: O
Head 2: O
Head 3: O
Captures: 0
Releases: 0
Turnouts: 0
Voltage: 11.6
RSSI: -109
LED Errors: 0
Version: 3
Revision: 0

2025-03-22 00:55:59.388021
Sender: 18
Head 0: G
Head 1: O
Head 2: O
Head 3: O
Captures: 0
Releases: 0
Turnouts: 0
Voltage: 11.6
RSSI: -109
LED Errors: 0
Version: 3
Revision: 0

2025-03-22 00:56:00.749629
Sender: 18
Head 0: G
Head 1: O
Head 2: O
Head 3: O
Captures: 0
Releases: 0
Turnouts: 0
Voltage: 11.6
RSSI: -109
LED Errors: 0
Version: 3
Revision: 0

2025-03-22 00:56:01.733940
Sender: 18
Head 0: G
Head 1: O
Head 2: O
Head 3: O
Captures: 0
Releases: 0
Turnouts: 0
Voltage: 11.6
RSSI: -109
LED Errors: 0
Version: 3
Revision: 0

2025-03-22 00:56:02.739075
Sender: 18
Head 0: G
Head 1: O
Head 2: O
Head 3: O
Captures: 0
Releases: 0
Turnouts: 0
Voltage: 11.6
RSSI: -109
LED Errors: 0
Version: 3
Revision: 0

2025-03-22 00:56:04.072979
Sender: 18
Head 0: G
Head 1: O
Head 2: O
Head 3: O
Captures: 0
Releases: 0
Turnouts: 0
Voltage: 11.6
RSSI: -109
LED Errors: 0
Version: 3
Revision: 0

2025-03-22 00:56:05.058021
Sender: 18
Head 0: G
Head 1: O
Head 2: O
Head 3: O
Captures: 0
Releases: 0
Turnouts: 0
Voltage: 11.6
RSSI: -109
LED Errors: 0
Version: 3
Revision: 0

2025-03-22 00:56:06.061997
Sender: 18
Head 0: G
Head 1: O
Head 2: O
Head 3: O
Captures: 0
Releases: 0
Turnouts: 0
Voltage: 11.6
RSSI: -109
LED Errors: 0
Version: 3
Revision: 0

2025-03-22 00:56:07.066925
Sender: 18
Head 0: G
Head 1: O
Head 2: O
Head 3: O
Captures: 0
Releases: 0
Turnouts: 0
Voltage: 11.6
RSSI: -109
LED Errors: 0
Version: 3
Revision: 0

2025-03-22 00:56:08.071238
Sender: 18
Head 0: G
Head 1: O
Head 2: O
Head 3: O
Captures: 0
Releases: 0
Turnouts: 0
Voltage: 11.6
RSSI: -109
LED Errors: 0
Version: 3
Revision: 0

2025-03-22 00:56:09.076773
Sender: 18
Head 0: G
Head 1: O
Head 2: O
Head 3: O
Captures: 0
Releases: 0
Turnouts: 0
Voltage: 11.6
RSSI: -109
LED Errors: 0
Version: 3
Revision: 0

2025-03-22 00:56:10.081757
Sender: 18
Head 0: G
Head 1: O
Head 2: O
Head 3: O
Captures: 0
Releases: 0
Turnouts: 0
Voltage: 11.6
RSSI: -109
LED Errors: 0
Version: 3
Revision: 0

2025-03-22 00:56:11.086736
Sender: 18
Head 0: G
Head 1: O
Head 2: O
Head 3: O
Captures: 0
Releases: 0
Turnouts: 0
Voltage: 11.6
RSSI: -109
LED Errors: 0
Version: 3
Revision: 0

2025-03-22 00:56:12.091715
Sender: 18
Head 0: G
Head 1: O
Head 2: O
Head 3: O
Captures: 0
Releases: 0
Turnouts: 0
Voltage: 11.6
RSSI: -109
LED Errors: 0
Version: 3
Revision: 0

2025-03-22 00:56:13.096490
Sender: 18
Head 0: G
Head 1: O
Head 2: O
Head 3: O
Captures: 0
Releases: 0
Turnouts: 0
Voltage: 11.6
RSSI: -109
LED Errors: 0
Version: 3
Revision: 0

2025-03-22 00:56:14.101671
Sender: 18
Head 0: G
Head 1: O
Head 2: O
Head 3: O
Captures: 0
Releases: 0
Turnouts: 0
Voltage: 11.6
RSSI: -109
LED Errors: 0
Version: 3
Revision: 0

2025-03-22 00:56:15.106542
Sender: 18
Head 0: G
Head 1: O
Head 2: O
Head 3: O
Captures: 0
Releases: 0
Turnouts: 0
Voltage: 11.6
RSSI: -109
LED Errors: 0
Version: 3
Revision: 0

2025-03-22 00:56:16.111638
Sender: 18
Head 0: G
Head 1: O
Head 2: O
Head 3: O
Captures: 0
Releases: 0
Turnouts: 0
Voltage: 11.6
RSSI: -109
LED Errors: 0
Version: 3
Revision: 0

2025-03-22 00:56:18.121854
Sender: 18
Head 0: G
Head 1: O
Head 2: O
Head 3: O
Captures: 0
Releases: 0
Turnouts: 0
Voltage: 11.6
RSSI: -109
LED Errors: 0
Version: 3
Revision: 0

2025-03-22 00:56:19.126628
Sender: 18
Head 0: G
Head 1: O
Head 2: O
Head 3: O
Captures: 0
Releases: 0
Turnouts: 0
Voltage: 11.6
RSSI: -109
LED Errors: 0
Version: 3
Revision: 0

2025-03-22 00:56:21.136475
Sender: 18
Head 0: G
Head 1: O
Head 2: O
Head 3: O
Captures: 0
Releases: 0
Turnouts: 0
Voltage: 11.6
RSSI: -109
LED Errors: 0
Version: 3
Revision: 0

2025-03-22 00:56:22.141636
Sender: 18
Head 0: G
Head 1: O
Head 2: O
Head 3: O
Captures: 0
Releases: 0
Turnouts: 0
Voltage: 11.6
RSSI: -109
LED Errors: 0
Version: 3
Revision: 0

2025-03-22 00:56:23.146349
Sender: 18
Head 0: G
Head 1: O
Head 2: O
Head 3: O
Captures: 0
Releases: 0
Turnouts: 0
Voltage: 11.6
RSSI: -109
LED Errors: 0
Version: 3
Revision: 0

2025-03-22 00:56:24.151439
Sender: 18
Head 0: G
Head 1: O
Head 2: O
Head 3: O
Captures: 0
Releases: 0
Turnouts: 0
Voltage: 11.6
RSSI: -109
LED Errors: 0
Version: 3
Revision: 0

2025-03-22 00:56:25.156452
Sender: 18
Head 0: G
Head 1: O
Head 2: O
Head 3: O
Captures: 0
Releases: 0
Turnouts: 0
Voltage: 11.6
RSSI: -109
LED Errors: 0
Version: 3
Revision: 0

2025-03-22 00:56:26.161391
Sender: 18
Head 0: G
Head 1: O
Head 2: O
Head 3: O
Captures: 0
Releases: 0
Turnouts: 0
Voltage: 11.6
RSSI: -109
LED Errors: 0
Version: 3
Revision: 0

2025-03-22 00:56:27.176828
Sender: 18
Head 0: G
Head 1: O
Head 2: O
Head 3: O
Captures: 0
Releases: 0
Turnouts: 0
Voltage: 11.6
RSSI: -109
LED Errors: 0
Version: 3
Revision: 0

2025-03-22 00:56:28.171561
Sender: 18
Head 0: G
Head 1: O
Head 2: O
Head 3: O
Captures: 0
Releases: 0
Turnouts: 0
Voltage: 11.6
RSSI: -109
LED Errors: 0
Version: 3
Revision: 0

2025-03-22 00:56:29.176856
Sender: 18
Head 0: G
Head 1: O
Head 2: O
Head 3: O
Captures: 0
Releases: 0
Turnouts: 0
Voltage: 11.6
RSSI: -109
LED Errors: 0
Version: 3
Revision: 0

2025-03-22 00:56:30.528192
Sender: 18
Head 0: G
Head 1: O
Head 2: O
Head 3: O
Captures: 0
Releases: 0
Turnouts: 0
Voltage: 11.6
RSSI: -109
LED Errors: 0
Version: 3
Revision: 0

2025-03-22 00:56:31.513620
Sender: 18
Head 0: G
Head 1: O
Head 2: O
Head 3: O
Captures: 0
Releases: 0
Turnouts: 0
Voltage: 11.6
RSSI: -109
LED Errors: 0
Version: 3
Revision: 0

2025-03-22 00:56:32.519293
Sender: 18
Head 0: G
Head 1: O
Head 2: O
Head 3: O
Captures: 0
Releases: 0
Turnouts: 0
Voltage: 11.6
RSSI: -109
LED Errors: 0
Version: 3
Revision: 0

2025-03-22 00:56:33.576662
Sender: 18
Head 0: G
Head 1: O
Head 2: O
Head 3: O
Captures: 0
Releases: 0
Turnouts: 0
Voltage: 11.6
RSSI: -109
LED Errors: 0
Version: 3
Revision: 0

2025-03-22 00:56:34.561352
Sender: 18
Head 0: G
Head 1: O
Head 2: O
Head 3: O
Captures: 0
Releases: 0
Turnouts: 0
Voltage: 11.6
RSSI: -109
LED Errors: 0
Version: 3
Revision: 0

2025-03-22 00:56:35.566376
Sender: 18
Head 0: G
Head 1: O
Head 2: O
Head 3: O
Captures: 0
Releases: 0
Turnouts: 0
Voltage: 11.6
RSSI: -109
LED Errors: 0
Version: 3
Revision: 0

2025-03-22 00:56:36.571894
Sender: 18
Head 0: G
Head 1: O
Head 2: O
Head 3: O
Captures: 0
Releases: 0
Turnouts: 0
Voltage: 11.6
RSSI: -109
LED Errors: 0
Version: 3
Revision: 0

2025-03-22 00:56:37.576270
Sender: 18
Head 0: G
Head 1: O
Head 2: O
Head 3: O
Captures: 0
Releases: 0
Turnouts: 0
Voltage: 11.6
RSSI: -109
LED Errors: 0
Version: 3
Revision: 0

2025-03-22 00:56:38.581292
Sender: 18
Head 0: G
Head 1: O
Head 2: O
Head 3: O
Captures: 0
Releases: 0
Turnouts: 0
Voltage: 11.6
RSSI: -109
LED Errors: 0
Version: 3
Revision: 0

2025-03-22 00:56:40.591198
Sender: 18
Head 0: G
Head 1: O
Head 2: O
Head 3: O
Captures: 0
Releases: 0
Turnouts: 0
Voltage: 11.6
RSSI: -109
LED Errors: 0
Version: 3
Revision: 0

2025-03-22 00:56:41.596405
Sender: 18
Head 0: G
Head 1: O
Head 2: O
Head 3: O
Captures: 0
Releases: 0
Turnouts: 0
Voltage: 11.6
RSSI: -109
LED Errors: 0
Version: 3
Revision: 0

2025-03-22 00:56:42.601208
Sender: 18
Head 0: G
Head 1: O
Head 2: O
Head 3: O
Captures: 0
Releases: 0
Turnouts: 0
Voltage: 11.6
RSSI: -109
LED Errors: 0
Version: 3
Revision: 0

2025-03-22 00:56:43.611126
Sender: 18
Head 0: G
Head 1: O
Head 2: O
Head 3: O
Captures: 0
Releases: 0
Turnouts: 0
Voltage: 11.6
RSSI: -109
LED Errors: 0
Version: 3
Revision: 0

2025-03-22 00:56:44.611164
Sender: 18
Head 0: G
Head 1: O
Head 2: O
Head 3: O
Captures: 0
Releases: 0
Turnouts: 0
Voltage: 11.6
RSSI: -109
LED Errors: 0
Version: 3
Revision: 0

2025-03-22 00:56:45.615957
Sender: 18
Head 0: G
Head 1: O
Head 2: O
Head 3: O
Captures: 0
Releases: 0
Turnouts: 0
Voltage: 11.6
RSSI: -109
LED Errors: 0
Version: 3
Revision: 0

2025-03-22 00:56:46.961472
Sender: 18
Head 0: G
Head 1: O
Head 2: O
Head 3: O
Captures: 0
Releases: 0
Turnouts: 0
Voltage: 11.6
RSSI: -109
LED Errors: 0
Version: 3
Revision: 0

2025-03-22 00:56:47.952107
Sender: 18
Head 0: G
Head 1: O
Head 2: O
Head 3: O
Captures: 0
Releases: 0
Turnouts: 0
Voltage: 11.6
RSSI: -109
LED Errors: 0
Version: 3
Revision: 0

2025-03-22 00:56:48.956859
Sender: 18
Head 0: G
Head 1: O
Head 2: O
Head 3: O
Captures: 0
Releases: 0
Turnouts: 0
Voltage: 11.6
RSSI: -109
LED Errors: 0
Version: 3
Revision: 0

2025-03-22 00:56:50.291695
Sender: 18
Head 0: G
Head 1: O
Head 2: O
Head 3: O
Captures: 0
Releases: 0
Turnouts: 0
Voltage: 11.6
RSSI: -109
LED Errors: 0
Version: 3
Revision: 0

2025-03-22 00:56:51.277045
Sender: 18
Head 0: G
Head 1: O
Head 2: O
Head 3: O
Captures: 0
Releases: 0
Turnouts: 0
Voltage: 11.6
RSSI: -109
LED Errors: 0
Version: 3
Revision: 0

2025-03-22 00:56:52.281443
Sender: 18
Head 0: G
Head 1: O
Head 2: O
Head 3: O
Captures: 0
Releases: 0
Turnouts: 0
Voltage: 11.6
RSSI: -109
LED Errors: 0
Version: 3
Revision: 0

2025-03-22 00:56:54.292101
Sender: 18
Head 0: G
Head 1: O
Head 2: O
Head 3: O
Captures: 0
Releases: 0
Turnouts: 0
Voltage: 11.6
RSSI: -109
LED Errors: 0
Version: 3
Revision: 0

2025-03-22 00:56:55.297248
Sender: 18
Head 0: G
Head 1: O
Head 2: O
Head 3: O
Captures: 0
Releases: 0
Turnouts: 0
Voltage: 11.6
RSSI: -109
LED Errors: 0
Version: 3
Revision: 0

2025-03-22 00:56:57.306322
Sender: 18
Head 0: G
Head 1: O
Head 2: O
Head 3: O
Captures: 0
Releases: 0
Turnouts: 0
Voltage: 11.7
RSSI: -109
LED Errors: 0
Version: 3
Revision: 0

2025-03-22 00:56:58.311959
Sender: 18
Head 0: G
Head 1: O
Head 2: O
Head 3: O
Captures: 0
Releases: 0
Turnouts: 0
Voltage: 11.7
RSSI: -109
LED Errors: 0
Version: 3
Revision: 0

2025-03-22 00:56:59.316805
Sender: 18
Head 0: G
Head 1: O
Head 2: O
Head 3: O
Captures: 0
Releases: 0
Turnouts: 0
Voltage: 11.7
RSSI: -109
LED Errors: 0
Version: 3
Revision: 0

2025-03-22 00:57:00.321904
Sender: 18
Head 0: G
Head 1: O
Head 2: O
Head 3: O
Captures: 0
Releases: 0
Turnouts: 0
Voltage: 11.7
RSSI: -109
LED Errors: 0
Version: 3
Revision: 0

2025-03-22 00:57:01.327016
Sender: 18
Head 0: G
Head 1: O
Head 2: O
Head 3: O
Captures: 0
Releases: 0
Turnouts: 0
Voltage: 11.6
RSSI: -109
LED Errors: 0
Version: 3
Revision: 0

2025-03-22 00:57:13.258971
Sender: 2
Head 0: O
Head 1: O
Head 2: O
Head 3: O
Captures: 0
Releases: 0
Turnouts: 0
Voltage: 12.6
RSSI: -97
LED Errors: 0
Version: 3
Revision: 0

2025-03-22 00:57:18.272007
Sender: 1
Head 0: O
Head 1: O
Head 2: O
Head 3: O
Captures: 0
Releases: 0
Turnouts: 0
Voltage: 12.8
RSSI: -99
LED Errors: 0
Version: 3
Revision: 0

2025-03-22 00:57:22.085564
Sender: 19
Head 0: G
Head 1: O
Head 2: O
Head 3: O
Captures: 0
Releases: 0
Turnouts: 0
Voltage: 12.0
RSSI: -92
LED Errors: 0
Version: 3
Revision: 0

2025-03-22 00:59:37.916640
Sender: 18
Head 0: G
Head 1: O
Head 2: O
Head 3: O
Captures: 0
Releases: 0
Turnouts: 0
Voltage: 11.8
RSSI: -109
LED Errors: 0
Version: 3
Revision: 0

2025-03-22 01:01:46.302573
Sender: 5
Head 0: G
Head 1: O
Head 2: O
Head 3: O
Captures: 0
Releases: 0
Turnouts: 0
Voltage: 12.6
RSSI: 0
LED Errors: 0
Version: 3
Revision: 1

2025-03-22 01:01:46.818888
Sender: 1
Head 0: O
Head 1: O
Head 2: O
Head 3: O
Captures: 0
Releases: 0
Turnouts: 0
Voltage: 12.9
RSSI: -99
LED Errors: 0
Version: 3
Revision: 0

2025-03-22 01:01:51.489005
Sender: 5
Head 0: G
Head 1: O
Head 2: O
Head 3: O
Captures: 0
Releases: 0
Turnouts: 0
Voltage: 12.6
RSSI: 0
LED Errors: 0
Version: 3
Revision: 1

2025-03-22 01:01:51.918970
Sender: 21
Head 0: G
Head 1: O
Head 2: O
Head 3: O
Captures: 0
Releases: 0
Turnouts: 0
Voltage: 12.0
RSSI: -101
LED Errors: 0
Version: 3
Revision: 0

2025-03-22 01:01:52.025631
Sender: 17
Head 0: G
Head 1: G
Head 2: O
Head 3: O
Captures: 0
Releases: 0
Turnouts: 0
Voltage: 12.0
RSSI: -97
LED Errors: 8704
Version: 3
Revision: 0

2025-03-22 01:01:52.912217
Sender: 21
Head 0: G
Head 1: O
Head 2: O
Head 3: O
Captures: 0
Releases: 0
Turnouts: 0
Voltage: 12.0
RSSI: -101
LED Errors: 0
Version: 3
Revision: 0

2025-03-22 01:01:57.096911
Sender: 5
Head 0: G
Head 1: O
Head 2: O
Head 3: O
Captures: 0
Releases: 0
Turnouts: 0
Voltage: 12.6
RSSI: 0
LED Errors: 0
Version: 3
Revision: 1

2025-03-22 01:01:57.687519
Sender: 17
Head 0: G
Head 1: G
Head 2: O
Head 3: O
Captures: 0
Releases: 0
Turnouts: 0
Voltage: 12.0
RSSI: -97
LED Errors: 8704
Version: 3
Revision: 0

2025-03-22 01:02:02.526744
Sender: 5
Head 0: G
Head 1: O
Head 2: O
Head 3: O
Captures: 0
Releases: 0
Turnouts: 0
Voltage: 12.6
RSSI: 0
LED Errors: 0
Version: 3
Revision: 1

2025-03-22 01:02:07.741632
Sender: 5
Head 0: G
Head 1: O
Head 2: O
Head 3: O
Captures: 0
Releases: 0
Turnouts: 0
Voltage: 12.6
RSSI: 0
LED Errors: 0
Version: 3
Revision: 1

2025-03-22 01:02:12.950926
Sender: 5
Head 0: G
Head 1: O
Head 2: O
Head 3: O
Captures: 0
Releases: 0
Turnouts: 0
Voltage: 12.6
RSSI: 0
LED Errors: 0
Version: 3
Revision: 1

2025-03-22 01:02:18.170392
Sender: 5
Head 0: G
Head 1: O
Head 2: O
Head 3: O
Captures: 0
Releases: 0
Turnouts: 0
Voltage: 12.6
RSSI: 0
LED Errors: 0
Version: 3
Revision: 1

2025-03-22 01:07:23.142479
Sender: 18
Head 0: G
Head 1: O
Head 2: O
Head 3: O
Captures: 0
Releases: 0
Turnouts: 0
Voltage: 11.9
RSSI: -109
LED Errors: 0
Version: 3
Revision: 0

2025-03-22 01:07:23.730413
Sender: 19
Head 0: G
Head 1: O
Head 2: O
Head 3: O
Captures: 0
Releases: 0
Turnouts: 0
Voltage: 12.0
RSSI: -92
LED Errors: 0
Version: 3
Revision: 0

2025-03-22 01:07:53.672549
Sender: 21
Head 0: G
Head 1: O
Head 2: O
Head 3: O
Captures: 0
Releases: 0
Turnouts: 0
Voltage: 12.0
RSSI: -101
LED Errors: 0
Version: 3
Revision: 0

2025-03-22 01:07:54.649339
Sender: 21
Head 0: G
Head 1: O
Head 2: O
Head 3: O
Captures: 0
Releases: 0
Turnouts: 0
Voltage: 12.0
RSSI: -101
LED Errors: 0
Version: 3
Revision: 0

2025-03-22 01:07:58.782353
Sender: 17
Head 0: G
Head 1: G
Head 2: O
Head 3: O
Captures: 0
Releases: 0
Turnouts: 0
Voltage: 12.0
RSSI: -97
LED Errors: 8704
Version: 3
Revision: 0

2025-03-22 01:08:50.897497
Sender: 18
Head 0: G
Head 1: O
Head 2: O
Head 3: O
Captures: 0
Releases: 0
Turnouts: 0
Voltage: 11.9
RSSI: -109
LED Errors: 0
Version: 3
Revision: 0

2025-03-22 01:08:51.417176
Sender: 5
Head 0: G
Head 1: O
Head 2: O
Head 3: O
Captures: 0
Releases: 0
Turnouts: 0
Voltage: 12.6
RSSI: 0
LED Errors: 0
Version: 3
Revision: 1

2025-03-22 01:17:05.951797
Sender: 18
Head 0: G
Head 1: O
Head 2: O
Head 3: O
Captures: 0
Releases: 0
Turnouts: 0
Voltage: 11.9
RSSI: -109
LED Errors: 0
Version: 3
Revision: 0

2025-03-22 01:17:06.473912
Sender: 5
Head 0: G
Head 1: O
Head 2: O
Head 3: O
Captures: 0
Releases: 0
Turnouts: 0
Voltage: 12.6
RSSI: 0
LED Errors: 0
Version: 3
Revision: 1

2025-03-22 01:17:06.872434
Sender: 17
Head 0: G
Head 1: G
Head 2: O
Head 3: O
Captures: 0
Releases: 0
Turnouts: 0
Voltage: 12.0
RSSI: -97
LED Errors: 8704
Version: 3
Revision: 0

2025-03-22 01:17:07.348658
Sender: 18
Head 0: G
Head 1: O
Head 2: O
Head 3: O
Captures: 0
Releases: 0
Turnouts: 0
Voltage: 11.9
RSSI: -109
LED Errors: 0
Version: 3
Revision: 0

2025-03-22 01:17:08.190761
Sender: 18
Head 0: G
Head 1: O
Head 2: O
Head 3: O
Captures: 0
Releases: 0
Turnouts: 0
Voltage: 11.9
RSSI: -109
LED Errors: 0
Version: 3
Revision: 0

2025-03-22 01:17:09.195642
Sender: 18
Head 0: G
Head 1: O
Head 2: O
Head 3: O
Captures: 0
Releases: 0
Turnouts: 0
Voltage: 11.9
RSSI: -109
LED Errors: 0
Version: 3
Revision: 0

2025-03-22 01:17:10.200955
Sender: 18
Head 0: G
Head 1: O
Head 2: O
Head 3: O
Captures: 0
Releases: 0
Turnouts: 0
Voltage: 11.9
RSSI: -109
LED Errors: 0
Version: 3
Revision: 0

2025-03-22 01:17:11.205658
Sender: 18
Head 0: G
Head 1: O
Head 2: O
Head 3: O
Captures: 0
Releases: 0
Turnouts: 0
Voltage: 11.9
RSSI: -109
LED Errors: 0
Version: 3
Revision: 0

2025-03-22 01:17:12.248192
Sender: 19
Head 0: G
Head 1: O
Head 2: O
Head 3: O
Captures: 0
Releases: 0
Turnouts: 0
Voltage: 11.9
RSSI: -92
LED Errors: 0
Version: 3
Revision: 0

2025-03-22 01:17:12.360795
Sender: 18
Head 0: G
Head 1: O
Head 2: O
Head 3: O
Captures: 0
Releases: 0
Turnouts: 0
Voltage: 11.9
RSSI: -109
LED Errors: 0
Version: 3
Revision: 0

2025-03-22 01:17:13.276532
Sender: 18
Head 0: G
Head 1: O
Head 2: O
Head 3: O
Captures: 0
Releases: 0
Turnouts: 0
Voltage: 11.9
RSSI: -109
LED Errors: 0
Version: 3
Revision: 0

2025-03-22 01:17:14.281573
Sender: 18
Head 0: G
Head 1: O
Head 2: O
Head 3: O
Captures: 0
Releases: 0
Turnouts: 0
Voltage: 11.8
RSSI: -109
LED Errors: 0
Version: 3
Revision: 0

2025-03-22 01:17:15.286660
Sender: 18
Head 0: G
Head 1: O
Head 2: O
Head 3: O
Captures: 0
Releases: 0
Turnouts: 0
Voltage: 11.8
RSSI: -109
LED Errors: 0
Version: 3
Revision: 0

2025-03-22 01:17:16.291735
Sender: 18
Head 0: G
Head 1: O
Head 2: O
Head 3: O
Captures: 0
Releases: 0
Turnouts: 0
Voltage: 11.8
RSSI: -109
LED Errors: 0
Version: 3
Revision: 0

2025-03-22 01:17:17.296612
Sender: 18
Head 0: G
Head 1: O
Head 2: O
Head 3: O
Captures: 0
Releases: 0
Turnouts: 0
Voltage: 11.7
RSSI: -109
LED Errors: 0
Version: 3
Revision: 0

2025-03-22 01:17:17.710614
Sender: 21
Head 0: G
Head 1: O
Head 2: O
Head 3: O
Captures: 0
Releases: 0
Turnouts: 0
Voltage: 12.0
RSSI: -101
LED Errors: 0
Version: 3
Revision: 0

2025-03-22 01:17:18.592543
Sender: 18
Head 0: G
Head 1: O
Head 2: O
Head 3: O
Captures: 0
Releases: 0
Turnouts: 0
Voltage: 11.7
RSSI: -109
LED Errors: 0
Version: 3
Revision: 0

2025-03-22 01:17:19.597544
Sender: 18
Head 0: G
Head 1: O
Head 2: O
Head 3: O
Captures: 0
Releases: 0
Turnouts: 0
Voltage: 11.7
RSSI: -109
LED Errors: 0
Version: 3
Revision: 0

2025-03-22 01:17:20.602444
Sender: 18
Head 0: G
Head 1: O
Head 2: O
Head 3: O
Captures: 0
Releases: 0
Turnouts: 0
Voltage: 11.7
RSSI: -109
LED Errors: 0
Version: 3
Revision: 0

2025-03-22 01:17:21.607540
Sender: 18
Head 0: G
Head 1: O
Head 2: O
Head 3: O
Captures: 0
Releases: 0
Turnouts: 0
Voltage: 11.7
RSSI: -109
LED Errors: 0
Version: 3
Revision: 0

2025-03-22 01:17:22.612944
Sender: 18
Head 0: G
Head 1: O
Head 2: O
Head 3: O
Captures: 0
Releases: 0
Turnouts: 0
Voltage: 11.8
RSSI: -109
LED Errors: 0
Version: 3
Revision: 0

2025-03-22 01:17:23.617510
Sender: 18
Head 0: G
Head 1: O
Head 2: O
Head 3: O
Captures: 0
Releases: 0
Turnouts: 0
Voltage: 11.8
RSSI: -109
LED Errors: 0
Version: 3
Revision: 0

2025-03-22 01:17:24.622544
Sender: 18
Head 0: G
Head 1: O
Head 2: O
Head 3: O
Captures: 0
Releases: 0
Turnouts: 0
Voltage: 11.8
RSSI: -109
LED Errors: 0
Version: 3
Revision: 0

2025-03-22 01:17:25.627803
Sender: 18
Head 0: G
Head 1: O
Head 2: O
Head 3: O
Captures: 0
Releases: 0
Turnouts: 0
Voltage: 11.8
RSSI: -109
LED Errors: 0
Version: 3
Revision: 0

2025-03-22 01:17:26.632530
Sender: 18
Head 0: G
Head 1: O
Head 2: O
Head 3: O
Captures: 0
Releases: 0
Turnouts: 0
Voltage: 11.8
RSSI: -109
LED Errors: 0
Version: 3
Revision: 0

2025-03-22 01:17:27.637661
Sender: 18
Head 0: G
Head 1: O
Head 2: O
Head 3: O
Captures: 0
Releases: 0
Turnouts: 0
Voltage: 11.9
RSSI: -109
LED Errors: 0
Version: 3
Revision: 0

2025-03-22 01:23:08.691323
Sender: 18
Head 0: G
Head 1: O
Head 2: O
Head 3: O
Captures: 0
Releases: 0
Turnouts: 0
Voltage: 11.9
RSSI: -109
LED Errors: 0
Version: 3
Revision: 0

2025-03-22 01:23:09.206511
Sender: 5
Head 0: G
Head 1: O
Head 2: O
Head 3: O
Captures: 0
Releases: 0
Turnouts: 0
Voltage: 12.6
RSSI: 0
LED Errors: 0
Version: 3
Revision: 1

2025-03-22 01:23:09.491782
Sender: 17
Head 0: G
Head 1: G
Head 2: O
Head 3: O
Captures: 0
Releases: 0
Turnouts: 0
Voltage: 12.1
RSSI: -97
LED Errors: 8704
Version: 3
Revision: 0

2025-03-22 01:23:09.900488
Sender: 18
Head 0: G
Head 1: O
Head 2: O
Head 3: O
Captures: 0
Releases: 0
Turnouts: 0
Voltage: 11.9
RSSI: -109
LED Errors: 0
Version: 3
Revision: 0

2025-03-22 01:23:10.673313
Sender: 18
Head 0: G
Head 1: O
Head 2: O
Head 3: O
Captures: 0
Releases: 0
Turnouts: 0
Voltage: 11.9
RSSI: -109
LED Errors: 0
Version: 3
Revision: 0

2025-03-22 01:23:11.678314
Sender: 18
Head 0: G
Head 1: O
Head 2: O
Head 3: O
Captures: 0
Releases: 0
Turnouts: 0
Voltage: 11.9
RSSI: -109
LED Errors: 0
Version: 3
Revision: 0

2025-03-22 01:23:12.683539
Sender: 18
Head 0: G
Head 1: O
Head 2: O
Head 3: O
Captures: 0
Releases: 0
Turnouts: 0
Voltage: 11.9
RSSI: -109
LED Errors: 0
Version: 3
Revision: 0

2025-03-22 01:23:13.688611
Sender: 18
Head 0: G
Head 1: O
Head 2: O
Head 3: O
Captures: 0
Releases: 0
Turnouts: 0
Voltage: 11.9
RSSI: -109
LED Errors: 0
Version: 3
Revision: 0

2025-03-22 01:23:14.498925
Sender: 19
Head 0: G
Head 1: O
Head 2: O
Head 3: O
Captures: 0
Releases: 0
Turnouts: 0
Voltage: 12.1
RSSI: -92
LED Errors: 0
Version: 3
Revision: 0

2025-03-22 01:23:14.794933
Sender: 18
Head 0: G
Head 1: O
Head 2: O
Head 3: O
Captures: 0
Releases: 0
Turnouts: 0
Voltage: 11.9
RSSI: -109
LED Errors: 0
Version: 3
Revision: 0

2025-03-22 01:23:15.698273
Sender: 18
Head 0: G
Head 1: O
Head 2: O
Head 3: O
Captures: 0
Releases: 0
Turnouts: 0
Voltage: 11.9
RSSI: -109
LED Errors: 0
Version: 3
Revision: 0

2025-03-22 01:23:16.703159
Sender: 18
Head 0: G
Head 1: O
Head 2: O
Head 3: O
Captures: 0
Releases: 0
Turnouts: 0
Voltage: 11.9
RSSI: -109
LED Errors: 0
Version: 3
Revision: 0

2025-03-22 01:23:17.708427
Sender: 18
Head 0: G
Head 1: O
Head 2: O
Head 3: O
Captures: 0
Releases: 0
Turnouts: 0
Voltage: 11.9
RSSI: -109
LED Errors: 0
Version: 3
Revision: 0

2025-03-22 01:23:18.713313
Sender: 18
Head 0: G
Head 1: O
Head 2: O
Head 3: O
Captures: 0
Releases: 0
Turnouts: 0
Voltage: 11.9
RSSI: -109
LED Errors: 0
Version: 3
Revision: 0

2025-03-22 01:23:19.638383
Sender: 21
Head 0: G
Head 1: O
Head 2: O
Head 3: O
Captures: 0
Releases: 0
Turnouts: 0
Voltage: 12.0
RSSI: -101
LED Errors: 0
Version: 3
Revision: 0

2025-03-22 01:23:19.925799
Sender: 18
Head 0: G
Head 1: O
Head 2: O
Head 3: O
Captures: 0
Releases: 0
Turnouts: 0
Voltage: 11.9
RSSI: -109
LED Errors: 0
Version: 3
Revision: 0

2025-03-22 01:23:20.832133
Sender: 18
Head 0: G
Head 1: O
Head 2: O
Head 3: O
Captures: 0
Releases: 0
Turnouts: 0
Voltage: 11.9
RSSI: -109
LED Errors: 0
Version: 3
Revision: 0

2025-03-22 01:23:21.837248
Sender: 18
Head 0: G
Head 1: O
Head 2: O
Head 3: O
Captures: 0
Releases: 0
Turnouts: 0
Voltage: 11.9
RSSI: -109
LED Errors: 0
Version: 3
Revision: 0

2025-03-22 01:23:23.847063
Sender: 18
Head 0: G
Head 1: O
Head 2: O
Head 3: O
Captures: 0
Releases: 0
Turnouts: 0
Voltage: 11.9
RSSI: -109
LED Errors: 0
Version: 3
Revision: 0

2025-03-22 01:23:24.851471
Sender: 18
Head 0: G
Head 1: O
Head 2: O
Head 3: O
Captures: 0
Releases: 0
Turnouts: 0
Voltage: 11.9
RSSI: -109
LED Errors: 0
Version: 3
Revision: 0

2025-03-22 01:23:25.857224
Sender: 18
Head 0: G
Head 1: O
Head 2: O
Head 3: O
Captures: 0
Releases: 0
Turnouts: 0
Voltage: 11.9
RSSI: -109
LED Errors: 0
Version: 3
Revision: 0

2025-03-22 01:23:26.862199
Sender: 18
Head 0: G
Head 1: O
Head 2: O
Head 3: O
Captures: 0
Releases: 0
Turnouts: 0
Voltage: 11.9
RSSI: -109
LED Errors: 0
Version: 3
Revision: 0

2025-03-22 01:23:27.867138
Sender: 18
Head 0: G
Head 1: O
Head 2: O
Head 3: O
Captures: 0
Releases: 0
Turnouts: 0
Voltage: 11.8
RSSI: -109
LED Errors: 0
Version: 3
Revision: 0

2025-03-22 01:23:28.872195
Sender: 18
Head 0: G
Head 1: O
Head 2: O
Head 3: O
Captures: 0
Releases: 0
Turnouts: 0
Voltage: 11.9
RSSI: -109
LED Errors: 0
Version: 3
Revision: 0

2025-03-22 01:23:29.876547
Sender: 18
Head 0: G
Head 1: O
Head 2: O
Head 3: O
Captures: 0
Releases: 0
Turnouts: 0
Voltage: 11.9
RSSI: -109
LED Errors: 0
Version: 3
Revision: 0

2025-03-22 01:30:15.510658
Sender: 18
Head 0: G
Head 1: O
Head 2: O
Head 3: O
Captures: 0
Releases: 0
Turnouts: 0
Voltage: 11.8
RSSI: -109
LED Errors: 0
Version: 3
Revision: 0

2025-03-22 01:30:16.332163
Sender: 17
Head 0: G
Head 1: G
Head 2: O
Head 3: O
Captures: 0
Releases: 0
Turnouts: 0
Voltage: 12.1
RSSI: -97
LED Errors: 8704
Version: 3
Revision: 0

2025-03-22 01:30:16.797440
Sender: 18
Head 0: G
Head 1: O
Head 2: O
Head 3: O
Captures: 0
Releases: 0
Turnouts: 0
Voltage: 11.8
RSSI: -109
LED Errors: 0
Version: 3
Revision: 0

2025-03-22 01:30:17.035961
Sender: 5
Head 0: G
Head 1: O
Head 2: O
Head 3: O
Captures: 0
Releases: 0
Turnouts: 0
Voltage: 12.6
RSSI: 0
LED Errors: 0
Version: 3
Revision: 1

2025-03-22 01:30:17.682312
Sender: 19
Head 0: G
Head 1: O
Head 2: O
Head 3: O
Captures: 0
Releases: 0
Turnouts: 0
Voltage: 12.0
RSSI: -92
LED Errors: 0
Version: 3
Revision: 0

2025-03-22 01:30:21.803443
Sender: 21
Head 0: G
Head 1: O
Head 2: O
Head 3: O
Captures: 0
Releases: 0
Turnouts: 0
Voltage: 12.0
RSSI: -101
LED Errors: 0
Version: 3
Revision: 0

2025-03-22 01:36:17.810197
Sender: 18
Head 0: G
Head 1: O
Head 2: O
Head 3: O
Captures: 0
Releases: 0
Turnouts: 0
Voltage: 11.8
RSSI: -109
LED Errors: 0
Version: 3
Revision: 0

2025-03-22 01:36:18.324825
Sender: 5
Head 0: G
Head 1: O
Head 2: O
Head 3: O
Captures: 0
Releases: 0
Turnouts: 0
Voltage: 12.6
RSSI: 0
LED Errors: 0
Version: 3
Revision: 1

2025-03-22 01:36:18.734937
Sender: 17
Head 0: G
Head 1: G
Head 2: O
Head 3: O
Captures: 0
Releases: 0
Turnouts: 0
Voltage: 12.1
RSSI: -97
LED Errors: 8704
Version: 3
Revision: 0

2025-03-22 01:36:19.095403
Sender: 19
Head 0: G
Head 1: O
Head 2: O
Head 3: O
Captures: 0
Releases: 0
Turnouts: 0
Voltage: 12.1
RSSI: -92
LED Errors: 0
Version: 3
Revision: 0

2025-03-22 01:36:23.925679
Sender: 21
Head 0: G
Head 1: O
Head 2: O
Head 3: O
Captures: 0
Releases: 0
Turnouts: 0
Voltage: 12.0
RSSI: -101
LED Errors: 0
Version: 3
Revision: 0

2025-03-22 01:42:19.931408
Sender: 18
Head 0: O
Head 1: O
Head 2: O
Head 3: O
Captures: 0
Releases: 0
Turnouts: 0
Voltage: 11.9
RSSI: -109
LED Errors: 0
Version: 3
Revision: 0

2025-03-22 01:42:20.456365
Sender: 5
Head 0: G
Head 1: O
Head 2: O
Head 3: O
Captures: 0
Releases: 0
Turnouts: 0
Voltage: 12.6
RSSI: 0
LED Errors: 0
Version: 3
Revision: 1

2025-03-22 01:42:20.723644
Sender: 17
Head 0: G
Head 1: G
Head 2: O
Head 3: O
Captures: 0
Releases: 0
Turnouts: 0
Voltage: 12.1
RSSI: -97
LED Errors: 8704
Version: 3
Revision: 0

2025-03-22 01:42:21.134248
Sender: 19
Head 0: G
Head 1: O
Head 2: O
Head 3: O
Captures: 0
Releases: 0
Turnouts: 0
Voltage: 12.1
RSSI: -92
LED Errors: 0
Version: 3
Revision: 0

2025-03-22 01:42:21.423478
Sender: 18
Head 0: O
Head 1: O
Head 2: O
Head 3: O
Captures: 0
Releases: 0
Turnouts: 0
Voltage: 11.9
RSSI: -109
LED Errors: 0
Version: 3
Revision: 0

2025-03-22 01:42:25.922441
Sender: 21
Head 0: O
Head 1: O
Head 2: O
Head 3: O
Captures: 0
Releases: 0
Turnouts: 0
Voltage: 12.1
RSSI: -101
LED Errors: 0
Version: 3
Revision: 0

2025-03-22 01:42:26.094461
Sender: 19
Head 0: G
Head 1: O
Head 2: O
Head 3: O
Captures: 0
Releases: 0
Turnouts: 0
Voltage: 12.0
RSSI: -92
LED Errors: 0
Version: 3
Revision: 0

2025-03-22 01:53:07.737794
Sender: 18
Head 0: O
Head 1: O
Head 2: O
Head 3: O
Captures: 0
Releases: 0
Turnouts: 0
Voltage: 11.9
RSSI: -109
LED Errors: 0
Version: 3
Revision: 0

2025-03-22 01:53:08.263089
Sender: 5
Head 0: G
Head 1: O
Head 2: O
Head 3: O
Captures: 0
Releases: 0
Turnouts: 0
Voltage: 12.6
RSSI: 0
LED Errors: 0
Version: 3
Revision: 1

2025-03-22 01:53:08.555319
Sender: 17
Head 0: G
Head 1: G
Head 2: O
Head 3: O
Captures: 0
Releases: 0
Turnouts: 0
Voltage: 12.1
RSSI: -97
LED Errors: 8704
Version: 3
Revision: 0

2025-03-22 01:53:08.966948
Sender: 19
Head 0: G
Head 1: O
Head 2: O
Head 3: O
Captures: 0
Releases: 0
Turnouts: 0
Voltage: 12.1
RSSI: -92
LED Errors: 0
Version: 3
Revision: 0

2025-03-22 01:58:49.934808
Sender: 2
Head 0: O
Head 1: O
Head 2: O
Head 3: O
Captures: 0
Releases: 0
Turnouts: 0
Voltage: 12.6
RSSI: -97
LED Errors: 0
Version: 3
Revision: 0

2025-03-22 01:59:09.832233
Sender: 18
Head 0: O
Head 1: O
Head 2: O
Head 3: O
Captures: 0
Releases: 0
Turnouts: 0
Voltage: 11.9
RSSI: -109
LED Errors: 0
Version: 3
Revision: 0

2025-03-22 01:59:10.363855
Sender: 5
Head 0: G
Head 1: O
Head 2: O
Head 3: O
Captures: 0
Releases: 0
Turnouts: 0
Voltage: 12.6
RSSI: 0
LED Errors: 0
Version: 3
Revision: 1

2025-03-22 01:59:10.781710
Sender: 17
Head 0: G
Head 1: G
Head 2: O
Head 3: O
Captures: 0
Releases: 0
Turnouts: 0
Voltage: 12.1
RSSI: -97
LED Errors: 8704
Version: 3
Revision: 0

2025-03-22 01:59:11.060394
Sender: 19
Head 0: G
Head 1: O
Head 2: O
Head 3: O
Captures: 0
Releases: 0
Turnouts: 0
Voltage: 12.1
RSSI: -92
LED Errors: 0
Version: 3
Revision: 0

2025-03-22 01:59:11.171342
Sender: 18
Head 0: O
Head 1: O
Head 2: O
Head 3: O
Captures: 0
Releases: 0
Turnouts: 0
Voltage: 11.9
RSSI: -109
LED Errors: 0
Version: 3
Revision: 0

2025-03-22 02:04:36.658085
Sender: 1
Head 0: O
Head 1: O
Head 2: O
Head 3: O
Captures: 0
Releases: 0
Turnouts: 0
Voltage: 12.8
RSSI: -99
LED Errors: 0
Version: 3
Revision: 0

2025-03-22 02:05:11.968606
Sender: 18
Head 0: O
Head 1: O
Head 2: O
Head 3: O
Captures: 0
Releases: 0
Turnouts: 0
Voltage: 11.9
RSSI: -109
LED Errors: 0
Version: 3
Revision: 0

2025-03-22 02:05:12.435216
Sender: 5
Head 0: G
Head 1: O
Head 2: O
Head 3: O
Captures: 0
Releases: 0
Turnouts: 0
Voltage: 12.6
RSSI: 0
LED Errors: 0
Version: 3
Revision: 1

2025-03-22 02:05:12.780214
Sender: 17
Head 0: G
Head 1: G
Head 2: O
Head 3: O
Captures: 0
Releases: 0
Turnouts: 0
Voltage: 12.1
RSSI: -97
LED Errors: 8704
Version: 3
Revision: 0

2025-03-22 02:05:13.265639
Sender: 19
Head 0: G
Head 1: O
Head 2: O
Head 3: O
Captures: 0
Releases: 0
Turnouts: 0
Voltage: 12.1
RSSI: -92
LED Errors: 0
Version: 3
Revision: 0

2025-03-22 02:05:13.612077
Sender: 18
Head 0: O
Head 1: O
Head 2: O
Head 3: O
Captures: 0
Releases: 0
Turnouts: 0
Voltage: 11.9
RSSI: -109
LED Errors: 0
Version: 3
Revision: 0

2025-03-22 02:05:17.774053
Sender: 18
Head 0: O
Head 1: O
Head 2: O
Head 3: O
Captures: 0
Releases: 0
Turnouts: 0
Voltage: 11.9
RSSI: -109
LED Errors: 0
Version: 3
Revision: 0

2025-03-22 02:15:59.585125
Sender: 18
Head 0: O
Head 1: O
Head 2: O
Head 3: O
Captures: 0
Releases: 0
Turnouts: 0
Voltage: 11.9
RSSI: -109
LED Errors: 0
Version: 3
Revision: 0

2025-03-22 02:16:00.109763
Sender: 5
Head 0: G
Head 1: O
Head 2: O
Head 3: O
Captures: 0
Releases: 0
Turnouts: 0
Voltage: 12.6
RSSI: 0
LED Errors: 0
Version: 3
Revision: 1

2025-03-22 02:16:00.512766
Sender: 17
Head 0: G
Head 1: G
Head 2: O
Head 3: O
Captures: 0
Releases: 0
Turnouts: 0
Voltage: 12.1
RSSI: -97
LED Errors: 8704
Version: 3
Revision: 0

2025-03-22 02:16:00.870718
Sender: 19
Head 0: G
Head 1: O
Head 2: O
Head 3: O
Captures: 0
Releases: 0
Turnouts: 0
Voltage: 12.1
RSSI: -92
LED Errors: 0
Version: 3
Revision: 0

2025-03-22 02:16:00.986157
Sender: 18
Head 0: O
Head 1: O
Head 2: O
Head 3: O
Captures: 0
Releases: 0
Turnouts: 0
Voltage: 11.9
RSSI: -109
LED Errors: 0
Version: 3
Revision: 0

2025-03-22 02:22:01.457718
Sender: 18
Head 0: O
Head 1: O
Head 2: O
Head 3: O
Captures: 0
Releases: 0
Turnouts: 0
Voltage: 11.9
RSSI: -109
LED Errors: 0
Version: 3
Revision: 0

2025-03-22 02:22:01.973497
Sender: 5
Head 0: G
Head 1: O
Head 2: O
Head 3: O
Captures: 0
Releases: 0
Turnouts: 0
Voltage: 12.6
RSSI: 0
LED Errors: 0
Version: 3
Revision: 1

2025-03-22 02:22:02.385056
Sender: 17
Head 0: O
Head 1: O
Head 2: O
Head 3: O
Captures: 0
Releases: 0
Turnouts: 0
Voltage: 12.2
RSSI: -97
LED Errors: 0
Version: 3
Revision: 0

2025-03-22 02:22:02.681182
Sender: 19
Head 0: O
Head 1: O
Head 2: O
Head 3: O
Captures: 0
Releases: 0
Turnouts: 0
Voltage: 12.1
RSSI: -92
LED Errors: 0
Version: 3
Revision: 0

2025-03-22 02:28:03.379006
Sender: 18
Head 0: O
Head 1: O
Head 2: O
Head 3: O
Captures: 0
Releases: 0
Turnouts: 0
Voltage: 11.9
RSSI: -109
LED Errors: 0
Version: 3
Revision: 0

2025-03-22 02:28:04.207346
Sender: 5
Head 0: G
Head 1: O
Head 2: O
Head 3: O
Captures: 0
Releases: 0
Turnouts: 0
Voltage: 12.6
RSSI: 0
LED Errors: 0
Version: 3
Revision: 1

2025-03-22 02:38:50.984829
Sender: 18
Head 0: O
Head 1: O
Head 2: O
Head 3: O
Captures: 0
Releases: 0
Turnouts: 0
Voltage: 11.9
RSSI: -109
LED Errors: 0
Version: 3
Revision: 0

2025-03-22 02:38:56.220199
Sender: 18
Head 0: O
Head 1: O
Head 2: O
Head 3: O
Captures: 0
Releases: 0
Turnouts: 0
Voltage: 12.0
RSSI: -109
LED Errors: 0
Version: 3
Revision: 0

2025-03-22 02:38:56.920113
Sender: 5
Head 0: G
Head 1: O
Head 2: O
Head 3: O
Captures: 0
Releases: 0
Turnouts: 0
Voltage: 12.6
RSSI: 0
LED Errors: 0
Version: 3
Revision: 1

2025-03-22 02:44:37.580584
Sender: 21
Head 0: O
Head 1: O
Head 2: O
Head 3: O
Captures: 0
Releases: 0
Turnouts: 0
Voltage: 12.1
RSSI: -101
LED Errors: 0
Version: 3
Revision: 0

2025-03-22 02:44:57.789357
Sender: 18
Head 0: O
Head 1: O
Head 2: O
Head 3: O
Captures: 0
Releases: 0
Turnouts: 0
Voltage: 11.9
RSSI: -109
LED Errors: 0
Version: 3
Revision: 0

2025-03-22 02:44:58.308785
Sender: 5
Head 0: G
Head 1: O
Head 2: O
Head 3: O
Captures: 0
Releases: 0
Turnouts: 0
Voltage: 12.6
RSSI: 0
LED Errors: 0
Version: 3
Revision: 1

2025-03-22 02:50:59.224651
Sender: 18
Head 0: O
Head 1: O
Head 2: O
Head 3: O
Captures: 0
Releases: 0
Turnouts: 0
Voltage: 11.9
RSSI: -109
LED Errors: 0
Version: 3
Revision: 0

2025-03-22 02:50:59.674767
Sender: 5
Head 0: G
Head 1: O
Head 2: O
Head 3: O
Captures: 0
Releases: 0
Turnouts: 0
Voltage: 12.6
RSSI: 0
LED Errors: 0
Version: 3
Revision: 1

2025-03-22 03:01:46.073576
Sender: 2
Head 0: O
Head 1: O
Head 2: O
Head 3: O
Captures: 0
Releases: 0
Turnouts: 0
Voltage: 12.6
RSSI: -97
LED Errors: 0
Version: 3
Revision: 0

2025-03-22 03:01:46.726109
Sender: 5
Head 0: G
Head 1: O
Head 2: O
Head 3: O
Captures: 0
Releases: 0
Turnouts: 0
Voltage: 12.6
RSSI: 0
LED Errors: 0
Version: 3
Revision: 1

2025-03-22 03:07:32.543347
Sender: 1
Head 0: O
Head 1: O
Head 2: O
Head 3: O
Captures: 0
Releases: 0
Turnouts: 0
Voltage: 12.8
RSSI: -99
LED Errors: 0
Version: 3
Revision: 0

2025-03-22 03:07:47.748241
Sender: 18
Head 0: O
Head 1: O
Head 2: O
Head 3: O
Captures: 0
Releases: 0
Turnouts: 0
Voltage: 11.9
RSSI: -109
LED Errors: 0
Version: 3
Revision: 0

2025-03-22 03:07:48.264971
Sender: 5
Head 0: G
Head 1: O
Head 2: O
Head 3: O
Captures: 0
Releases: 0
Turnouts: 0
Voltage: 12.6
RSSI: 0
LED Errors: 0
Version: 3
Revision: 1

2025-03-22 03:13:49.215876
Sender: 18
Head 0: O
Head 1: O
Head 2: O
Head 3: O
Captures: 0
Releases: 0
Turnouts: 0
Voltage: 11.9
RSSI: -109
LED Errors: 0
Version: 3
Revision: 0

2025-03-22 03:13:49.734011
Sender: 5
Head 0: G
Head 1: O
Head 2: O
Head 3: O
Captures: 0
Releases: 0
Turnouts: 0
Voltage: 12.6
RSSI: 0
LED Errors: 0
Version: 3
Revision: 1

2025-03-22 03:24:41.462327
Sender: 18
Head 0: O
Head 1: O
Head 2: O
Head 3: O
Captures: 0
Releases: 0
Turnouts: 0
Voltage: 12.0
RSSI: -109
LED Errors: 0
Version: 3
Revision: 0

2025-03-22 03:24:41.986690
Sender: 5
Head 0: G
Head 1: O
Head 2: O
Head 3: O
Captures: 0
Releases: 0
Turnouts: 0
Voltage: 12.6
RSSI: 0
LED Errors: 0
Version: 3
Revision: 1

2025-03-22 03:24:42.270411
Sender: 17
Head 0: O
Head 1: O
Head 2: O
Head 3: O
Captures: 0
Releases: 0
Turnouts: 0
Voltage: 12.2
RSSI: -97
LED Errors: 0
Version: 3
Revision: 0

2025-03-22 03:24:42.736962
Sender: 19
Head 0: O
Head 1: O
Head 2: O
Head 3: O
Captures: 0
Releases: 0
Turnouts: 0
Voltage: 12.1
RSSI: -92
LED Errors: 0
Version: 3
Revision: 0

2025-03-22 03:24:42.857712
Sender: 18
Head 0: O
Head 1: O
Head 2: O
Head 3: O
Captures: 0
Releases: 0
Turnouts: 0
Voltage: 12.0
RSSI: -109
LED Errors: 0
Version: 3
Revision: 0

2025-03-22 03:30:43.287045
Sender: 18
Head 0: O
Head 1: O
Head 2: O
Head 3: O
Captures: 0
Releases: 0
Turnouts: 0
Voltage: 11.9
RSSI: -109
LED Errors: 0
Version: 3
Revision: 0

2025-03-22 03:30:43.991050
Sender: 5
Head 0: G
Head 1: O
Head 2: O
Head 3: O
Captures: 0
Releases: 0
Turnouts: 0
Voltage: 12.6
RSSI: 0
LED Errors: 0
Version: 3
Revision: 1

2025-03-22 03:36:44.448541
Sender: 18
Head 0: O
Head 1: O
Head 2: O
Head 3: O
Captures: 0
Releases: 0
Turnouts: 0
Voltage: 11.9
RSSI: -109
LED Errors: 0
Version: 3
Revision: 0

2025-03-22 03:36:44.978602
Sender: 5
Head 0: G
Head 1: O
Head 2: O
Head 3: O
Captures: 0
Releases: 0
Turnouts: 0
Voltage: 12.6
RSSI: 0
LED Errors: 0
Version: 3
Revision: 1

2025-03-22 03:47:36.901267
Sender: 18
Head 0: O
Head 1: O
Head 2: O
Head 3: O
Captures: 0
Releases: 0
Turnouts: 0
Voltage: 11.9
RSSI: -109
LED Errors: 0
Version: 3
Revision: 0

2025-03-22 03:47:37.408700
Sender: 5
Head 0: G
Head 1: O
Head 2: O
Head 3: O
Captures: 0
Releases: 0
Turnouts: 0
Voltage: 12.6
RSSI: 0
LED Errors: 0
Version: 3
Revision: 1

2025-03-22 03:47:37.829186
Sender: 21
Head 0: O
Head 1: O
Head 2: O
Head 3: O
Captures: 0
Releases: 0
Turnouts: 0
Voltage: 12.0
RSSI: -101
LED Errors: 0
Version: 3
Revision: 0

2025-03-22 03:53:38.597690
Sender: 18
Head 0: O
Head 1: O
Head 2: O
Head 3: O
Captures: 0
Releases: 0
Turnouts: 0
Voltage: 11.9
RSSI: -109
LED Errors: 0
Version: 3
Revision: 0

2025-03-22 03:53:39.117471
Sender: 5
Head 0: G
Head 1: O
Head 2: O
Head 3: O
Captures: 0
Releases: 0
Turnouts: 0
Voltage: 12.6
RSSI: 0
LED Errors: 0
Version: 3
Revision: 1

2025-03-22 03:59:40.752919
Sender: 18
Head 0: O
Head 1: O
Head 2: O
Head 3: O
Captures: 0
Releases: 0
Turnouts: 0
Voltage: 12.0
RSSI: -109
LED Errors: 0
Version: 3
Revision: 0

2025-03-22 03:59:41.286724
Sender: 5
Head 0: G
Head 1: O
Head 2: O
Head 3: O
Captures: 0
Releases: 0
Turnouts: 0
Voltage: 12.6
RSSI: 0
LED Errors: 0
Version: 3
Revision: 1

2025-03-22 04:04:57.110213
Sender: 2
Head 0: O
Head 1: O
Head 2: O
Head 3: O
Captures: 0
Releases: 0
Turnouts: 0
Voltage: 12.6
RSSI: -97
LED Errors: 0
Version: 3
Revision: 0

2025-03-22 04:10:38.115024
Sender: 1
Head 0: O
Head 1: O
Head 2: O
Head 3: O
Captures: 0
Releases: 0
Turnouts: 0
Voltage: 12.8
RSSI: -99
LED Errors: 0
Version: 3
Revision: 0

2025-03-22 04:10:38.782205
Sender: 5
Head 0: G
Head 1: O
Head 2: O
Head 3: O
Captures: 0
Releases: 0
Turnouts: 0
Voltage: 12.6
RSSI: 0
LED Errors: 0
Version: 3
Revision: 1

2025-03-22 04:16:39.795032
Sender: 18
Head 0: O
Head 1: O
Head 2: O
Head 3: O
Captures: 0
Releases: 0
Turnouts: 0
Voltage: 12.0
RSSI: -109
LED Errors: 0
Version: 3
Revision: 0

2025-03-22 04:16:40.474474
Sender: 5
Head 0: G
Head 1: O
Head 2: O
Head 3: O
Captures: 0
Releases: 0
Turnouts: 0
Voltage: 12.6
RSSI: 0
LED Errors: 0
Version: 3
Revision: 1

2025-03-22 04:22:41.317613
Sender: 18
Head 0: O
Head 1: O
Head 2: O
Head 3: O
Captures: 0
Releases: 0
Turnouts: 0
Voltage: 11.9
RSSI: -109
LED Errors: 0
Version: 3
Revision: 0

2025-03-22 04:22:41.833298
Sender: 5
Head 0: G
Head 1: O
Head 2: O
Head 3: O
Captures: 0
Releases: 0
Turnouts: 0
Voltage: 12.6
RSSI: 0
LED Errors: 0
Version: 3
Revision: 1

2025-03-22 04:27:47.479792
Sender: 17
Head 0: O
Head 1: O
Head 2: O
Head 3: O
Captures: 0
Releases: 0
Turnouts: 0
Voltage: 12.2
RSSI: -97
LED Errors: 0
Version: 3
Revision: 0

2025-03-22 04:27:47.885169
Sender: 19
Head 0: O
Head 1: O
Head 2: O
Head 3: O
Captures: 0
Releases: 0
Turnouts: 0
Voltage: 12.1
RSSI: -92
LED Errors: 0
Version: 3
Revision: 0

2025-03-22 04:33:28.771225
Sender: 18
Head 0: O
Head 1: O
Head 2: O
Head 3: O
Captures: 0
Releases: 0
Turnouts: 0
Voltage: 11.9
RSSI: -109
LED Errors: 0
Version: 3
Revision: 0

2025-03-22 04:33:29.298078
Sender: 5
Head 0: G
Head 1: O
Head 2: O
Head 3: O
Captures: 0
Releases: 0
Turnouts: 0
Voltage: 12.6
RSSI: 0
LED Errors: 0
Version: 3
Revision: 1

2025-03-22 04:39:30.182518
Sender: 18
Head 0: O
Head 1: O
Head 2: O
Head 3: O
Captures: 0
Releases: 0
Turnouts: 0
Voltage: 12.0
RSSI: -109
LED Errors: 0
Version: 3
Revision: 0

2025-03-22 04:39:30.888533
Sender: 5
Head 0: G
Head 1: O
Head 2: O
Head 3: O
Captures: 0
Releases: 0
Turnouts: 0
Voltage: 12.6
RSSI: 0
LED Errors: 0
Version: 3
Revision: 1

2025-03-22 04:45:31.344690
Sender: 18
Head 0: O
Head 1: O
Head 2: O
Head 3: O
Captures: 0
Releases: 0
Turnouts: 0
Voltage: 12.0
RSSI: -109
LED Errors: 0
Version: 3
Revision: 0

2025-03-22 04:45:31.867408
Sender: 5
Head 0: G
Head 1: O
Head 2: O
Head 3: O
Captures: 0
Releases: 0
Turnouts: 0
Voltage: 12.6
RSSI: 0
LED Errors: 0
Version: 3
Revision: 1

2025-03-22 04:50:37.381376
Sender: 21
Head 0: O
Head 1: O
Head 2: O
Head 3: O
Captures: 0
Releases: 0
Turnouts: 0
Voltage: 12.0
RSSI: -101
LED Errors: 0
Version: 3
Revision: 0

2025-03-22 04:56:23.387925
Sender: 18
Head 0: O
Head 1: O
Head 2: O
Head 3: O
Captures: 0
Releases: 0
Turnouts: 0
Voltage: 11.9
RSSI: -109
LED Errors: 0
Version: 3
Revision: 0

2025-03-22 04:56:24.188591
Sender: 5
Head 0: G
Head 1: O
Head 2: O
Head 3: O
Captures: 0
Releases: 0
Turnouts: 0
Voltage: 12.6
RSSI: 0
LED Errors: 0
Version: 3
Revision: 1

2025-03-22 05:03:04.910495
Sender: 18
Head 0: O
Head 1: O
Head 2: O
Head 3: O
Captures: 0
Releases: 0
Turnouts: 0
Voltage: 11.9
RSSI: -109
LED Errors: 0
Version: 3
Revision: 0

2025-03-22 05:03:05.427939
Sender: 5
Head 0: G
Head 1: O
Head 2: O
Head 3: O
Captures: 0
Releases: 0
Turnouts: 0
Voltage: 12.6
RSSI: 0
LED Errors: 0
Version: 3
Revision: 1

2025-03-22 05:08:51.376965
Sender: 2
Head 0: O
Head 1: O
Head 2: O
Head 3: O
Captures: 0
Releases: 0
Turnouts: 0
Voltage: 12.6
RSSI: -97
LED Errors: 0
Version: 3
Revision: 0

2025-03-22 05:09:06.637383
Sender: 18
Head 0: O
Head 1: O
Head 2: O
Head 3: O
Captures: 0
Releases: 0
Turnouts: 0
Voltage: 12.0
RSSI: -109
LED Errors: 0
Version: 3
Revision: 0

2025-03-22 05:09:07.140297
Sender: 5
Head 0: G
Head 1: O
Head 2: O
Head 3: O
Captures: 0
Releases: 0
Turnouts: 0
Voltage: 12.6
RSSI: 0
LED Errors: 0
Version: 3
Revision: 1

2025-03-22 05:14:33.053919
Sender: 1
Head 0: O
Head 1: O
Head 2: O
Head 3: O
Captures: 0
Releases: 0
Turnouts: 0
Voltage: 12.8
RSSI: -99
LED Errors: 0
Version: 3
Revision: 0

2025-03-22 05:15:08.261500
Sender: 18
Head 0: O
Head 1: O
Head 2: O
Head 3: O
Captures: 0
Releases: 0
Turnouts: 0
Voltage: 11.9
RSSI: -109
LED Errors: 0
Version: 3
Revision: 0

2025-03-22 05:15:09.317099
Sender: 18
Head 0: O
Head 1: O
Head 2: O
Head 3: O
Captures: 0
Releases: 0
Turnouts: 0
Voltage: 11.9
RSSI: -109
LED Errors: 0
Version: 3
Revision: 0

2025-03-22 05:15:13.898109
Sender: 18
Head 0: O
Head 1: O
Head 2: O
Head 3: O
Captures: 0
Releases: 0
Turnouts: 0
Voltage: 12.0
RSSI: -109
LED Errors: 0
Version: 3
Revision: 0

2025-03-22 05:15:14.425073
Sender: 5
Head 0: G
Head 1: O
Head 2: O
Head 3: O
Captures: 0
Releases: 0
Turnouts: 0
Voltage: 12.6
RSSI: 0
LED Errors: 0
Version: 3
Revision: 1

2025-03-22 05:26:01.135216
Sender: 18
Head 0: O
Head 1: O
Head 2: O
Head 3: O
Captures: 0
Releases: 0
Turnouts: 0
Voltage: 11.9
RSSI: -109
LED Errors: 0
Version: 3
Revision: 0

2025-03-22 05:26:01.659375
Sender: 5
Head 0: G
Head 1: O
Head 2: O
Head 3: O
Captures: 0
Releases: 0
Turnouts: 0
Voltage: 12.6
RSSI: 0
LED Errors: 0
Version: 3
Revision: 1

2025-03-22 05:31:42.367284
Sender: 17
Head 0: O
Head 1: O
Head 2: O
Head 3: O
Captures: 0
Releases: 0
Turnouts: 0
Voltage: 12.2
RSSI: -97
LED Errors: 0
Version: 3
Revision: 0

2025-03-22 05:31:42.773881
Sender: 19
Head 0: O
Head 1: O
Head 2: O
Head 3: O
Captures: 0
Releases: 0
Turnouts: 0
Voltage: 12.1
RSSI: -92
LED Errors: 0
Version: 3
Revision: 0

2025-03-22 05:32:02.815724
Sender: 18
Head 0: O
Head 1: O
Head 2: O
Head 3: O
Captures: 0
Releases: 0
Turnouts: 0
Voltage: 12.0
RSSI: -109
LED Errors: 0
Version: 3
Revision: 0

2025-03-22 05:32:03.345020
Sender: 5
Head 0: G
Head 1: O
Head 2: O
Head 3: O
Captures: 0
Releases: 0
Turnouts: 0
Voltage: 12.6
RSSI: 0
LED Errors: 0
Version: 3
Revision: 1

2025-03-22 05:38:04.056186
Sender: 18
Head 0: O
Head 1: O
Head 2: O
Head 3: O
Captures: 0
Releases: 0
Turnouts: 0
Voltage: 11.9
RSSI: -109
LED Errors: 0
Version: 3
Revision: 0

2025-03-22 05:38:04.932632
Sender: 5
Head 0: G
Head 1: O
Head 2: O
Head 3: O
Captures: 0
Releases: 0
Turnouts: 0
Voltage: 12.6
RSSI: 0
LED Errors: 0
Version: 3
Revision: 1

2025-03-22 05:38:05.228088
Sender: 18
Head 0: O
Head 1: O
Head 2: O
Head 3: O
Captures: 0
Releases: 0
Turnouts: 0
Voltage: 12.0
RSSI: -109
LED Errors: 0
Version: 3
Revision: 0

2025-03-22 05:48:51.002257
Sender: 5
Head 0: G
Head 1: O
Head 2: O
Head 3: O
Captures: 0
Releases: 0
Turnouts: 0
Voltage: 12.6
RSSI: 0
LED Errors: 0
Version: 3
Revision: 1

2025-03-22 05:54:36.788891
Sender: 21
Head 0: O
Head 1: O
Head 2: O
Head 3: O
Captures: 0
Releases: 0
Turnouts: 0
Voltage: 12.0
RSSI: -101
LED Errors: 0
Version: 3
Revision: 0

2025-03-22 05:54:52.018543
Sender: 18
Head 0: O
Head 1: O
Head 2: O
Head 3: O
Captures: 0
Releases: 0
Turnouts: 0
Voltage: 11.9
RSSI: -109
LED Errors: 0
Version: 3
Revision: 0

2025-03-22 05:54:52.699615
Sender: 5
Head 0: G
Head 1: O
Head 2: O
Head 3: O
Captures: 0
Releases: 0
Turnouts: 0
Voltage: 12.6
RSSI: 0
LED Errors: 0
Version: 3
Revision: 1

2025-03-22 06:00:53.556884
Sender: 18
Head 0: O
Head 1: O
Head 2: O
Head 3: O
Captures: 0
Releases: 0
Turnouts: 0
Voltage: 11.9
RSSI: -109
LED Errors: 0
Version: 3
Revision: 0

2025-03-22 06:00:54.085336
Sender: 5
Head 0: G
Head 1: O
Head 2: O
Head 3: O
Captures: 0
Releases: 0
Turnouts: 0
Voltage: 12.6
RSSI: 0
LED Errors: 0
Version: 3
Revision: 1

2025-03-22 06:15:59.911738
Sender: 1
Head 0: O
Head 1: O
Head 2: O
Head 3: O
Captures: 0
Releases: 0
Turnouts: 0
Voltage: 12.8
RSSI: -99
LED Errors: 0
Version: 3
Revision: 0

2025-03-22 06:16:00.299880
Sender: 2
Head 0: O
Head 1: O
Head 2: O
Head 3: O
Captures: 0
Releases: 0
Turnouts: 0
Voltage: 12.6
RSSI: -97
LED Errors: 0
Version: 3
Revision: 0

2025-03-22 06:16:00.938252
Sender: 5
Head 0: G
Head 1: O
Head 2: O
Head 3: O
Captures: 0
Releases: 0
Turnouts: 0
Voltage: 12.6
RSSI: 0
LED Errors: 0
Version: 3
Revision: 1

2025-03-22 06:31:46.329426
Sender: 17
Head 0: O
Head 1: O
Head 2: O
Head 3: O
Captures: 0
Releases: 0
Turnouts: 0
Voltage: 12.2
RSSI: -97
LED Errors: 0
Version: 3
Revision: 0

2025-03-22 06:31:46.963894
Sender: 19
Head 0: O
Head 1: O
Head 2: O
Head 3: O
Captures: 0
Releases: 0
Turnouts: 0
Voltage: 12.1
RSSI: -92
LED Errors: 0
Version: 3
Revision: 0

2025-03-22 06:31:47.074848
Sender: 5
Head 0: G
Head 1: O
Head 2: O
Head 3: O
Captures: 0
Releases: 0
Turnouts: 0
Voltage: 12.6
RSSI: 0
LED Errors: 0
Version: 3
Revision: 1

2025-03-22 06:31:48.335259
Sender: 17
Head 0: O
Head 1: O
Head 2: O
Head 3: O
Captures: 0
Releases: 0
Turnouts: 0
Voltage: 12.2
RSSI: -97
LED Errors: 0
Version: 3
Revision: 0

2025-03-22 06:47:32.988134
Sender: 18
Head 0: O
Head 1: O
Head 2: O
Head 3: O
Captures: 0
Releases: 0
Turnouts: 0
Voltage: 11.9
RSSI: -109
LED Errors: 0
Version: 3
Revision: 0

2025-03-22 06:47:33.511483
Sender: 5
Head 0: G
Head 1: O
Head 2: O
Head 3: O
Captures: 0
Releases: 0
Turnouts: 0
Voltage: 12.6
RSSI: 0
LED Errors: 0
Version: 3
Revision: 1

2025-03-22 07:03:14.336353
Sender: 18
Head 0: O
Head 1: O
Head 2: O
Head 3: O
Captures: 0
Releases: 0
Turnouts: 0
Voltage: 11.9
RSSI: -109
LED Errors: 0
Version: 3
Revision: 0

2025-03-22 07:03:14.859258
Sender: 5
Head 0: G
Head 1: O
Head 2: O
Head 3: O
Captures: 0
Releases: 0
Turnouts: 0
Voltage: 12.6
RSSI: 0
LED Errors: 0
Version: 3
Revision: 1

2025-03-22 07:03:15.259106
Sender: 21
Head 0: O
Head 1: O
Head 2: O
Head 3: O
Captures: 0
Releases: 0
Turnouts: 0
Voltage: 12.0
RSSI: -101
LED Errors: 0
Version: 3
Revision: 0

2025-03-22 07:18:56.039598
Sender: 1
Head 0: O
Head 1: O
Head 2: O
Head 3: O
Captures: 0
Releases: 0
Turnouts: 0
Voltage: 12.8
RSSI: -99
LED Errors: 0
Version: 3
Revision: 0

2025-03-22 07:18:56.450116
Sender: 2
Head 0: O
Head 1: O
Head 2: O
Head 3: O
Captures: 0
Releases: 0
Turnouts: 0
Voltage: 12.6
RSSI: -97
LED Errors: 0
Version: 3
Revision: 0

2025-03-22 07:18:57.080380
Sender: 5
Head 0: G
Head 1: O
Head 2: O
Head 3: O
Captures: 0
Releases: 0
Turnouts: 0
Voltage: 12.6
RSSI: 0
LED Errors: 0
Version: 3
Revision: 1

2025-03-22 07:34:37.828393
Sender: 18
Head 0: O
Head 1: O
Head 2: O
Head 3: O
Captures: 0
Releases: 0
Turnouts: 0
Voltage: 11.9
RSSI: -109
LED Errors: 0
Version: 3
Revision: 0

2025-03-22 07:34:38.356544
Sender: 5
Head 0: G
Head 1: O
Head 2: O
Head 3: O
Captures: 0
Releases: 0
Turnouts: 0
Voltage: 12.5
RSSI: 0
LED Errors: 0
Version: 3
Revision: 1

2025-03-22 07:34:38.750106
Sender: 17
Head 0: O
Head 1: O
Head 2: O
Head 3: O
Captures: 0
Releases: 0
Turnouts: 0
Voltage: 12.2
RSSI: -97
LED Errors: 0
Version: 3
Revision: 0

2025-03-22 07:34:39.051103
Sender: 18
Head 0: O
Head 1: O
Head 2: O
Head 3: O
Captures: 0
Releases: 0
Turnouts: 0
Voltage: 12.0
RSSI: -109
LED Errors: 0
Version: 3
Revision: 0

2025-03-22 07:34:43.945771
Sender: 19
Head 0: O
Head 1: O
Head 2: O
Head 3: O
Captures: 0
Releases: 0
Turnouts: 0
Voltage: 12.1
RSSI: -92
LED Errors: 0
Version: 3
Revision: 0

2025-03-22 07:50:25.127853
Sender: 18
Head 0: O
Head 1: O
Head 2: O
Head 3: O
Captures: 0
Releases: 0
Turnouts: 0
Voltage: 11.9
RSSI: -109
LED Errors: 0
Version: 3
Revision: 0

2025-03-22 07:50:25.514292
Sender: 5
Head 0: G
Head 1: O
Head 2: O
Head 3: O
Captures: 0
Releases: 0
Turnouts: 0
Voltage: 12.6
RSSI: 0
LED Errors: 0
Version: 3
Revision: 1

2025-03-22 08:00:01.287112
Sender: 18
Head 0: O
Head 1: O
Head 2: O
Head 3: O
Captures: 0
Releases: 0
Turnouts: 0
Voltage: 11.9
RSSI: -109
LED Errors: 0
Version: 3
Revision: 0

2025-03-22 08:00:01.805158
Sender: 5
Head 0: G
Head 1: O
Head 2: O
Head 3: O
Captures: 0
Releases: 0
Turnouts: 0
Voltage: 12.6
RSSI: 0
LED Errors: 0
Version: 3
Revision: 1

2025-03-22 08:04:35.131000
Sender: 21
Head 0: O
Head 1: O
Head 2: O
Head 3: O
Captures: 0
Releases: 0
Turnouts: 0
Voltage: 12.0
RSSI: -101
LED Errors: 0
Version: 3
Revision: 0

2025-03-22 08:05:00.746581
Sender: 1
Head 0: O
Head 1: O
Head 2: O
Head 3: O
Captures: 0
Releases: 0
Turnouts: 0
Voltage: 12.8
RSSI: -99
LED Errors: 0
Version: 3
Revision: 0

2025-03-22 08:05:06.856862
Sender: 1
Head 0: O
Head 1: O
Head 2: O
Head 3: O
Captures: 0
Releases: 0
Turnouts: 0
Voltage: 12.8
RSSI: -99
LED Errors: 0
Version: 3
Revision: 0

2025-03-22 08:05:15.381700
Sender: 18
Head 0: G
Head 1: O
Head 2: O
Head 3: O
Captures: 0
Releases: 0
Turnouts: 0
Voltage: 11.9
RSSI: -109
LED Errors: 0
Version: 3
Revision: 0

2025-03-22 08:06:05.265392
Sender: 5
Head 0: G
Head 1: O
Head 2: O
Head 3: O
Captures: 0
Releases: 0
Turnouts: 0
Voltage: 12.5
RSSI: 0
LED Errors: 0
Version: 3
Revision: 1

2025-03-22 08:06:10.480919
Sender: 5
Head 0: G
Head 1: O
Head 2: O
Head 3: O
Captures: 0
Releases: 0
Turnouts: 0
Voltage: 12.5
RSSI: 0
LED Errors: 0
Version: 3
Revision: 1

2025-03-22 08:06:15.593573
Sender: 5
Head 0: G
Head 1: O
Head 2: O
Head 3: O
Captures: 0
Releases: 0
Turnouts: 0
Voltage: 12.6
RSSI: 0
LED Errors: 0
Version: 3
Revision: 1

2025-03-22 08:06:20.806903
Sender: 5
Head 0: G
Head 1: O
Head 2: O
Head 3: O
Captures: 0
Releases: 0
Turnouts: 0
Voltage: 12.6
RSSI: 0
LED Errors: 0
Version: 3
Revision: 1

2025-03-22 08:06:26.019501
Sender: 5
Head 0: G
Head 1: O
Head 2: O
Head 3: O
Captures: 0
Releases: 0
Turnouts: 0
Voltage: 12.6
RSSI: 0
LED Errors: 0
Version: 3
Revision: 1

2025-03-22 08:06:31.232055
Sender: 5
Head 0: G
Head 1: O
Head 2: O
Head 3: O
Captures: 0
Releases: 0
Turnouts: 0
Voltage: 12.6
RSSI: 0
LED Errors: 0
Version: 3
Revision: 1

2025-03-22 08:06:36.445693
Sender: 5
Head 0: G
Head 1: O
Head 2: O
Head 3: O
Captures: 0
Releases: 0
Turnouts: 0
Voltage: 12.5
RSSI: 0
LED Errors: 0
Version: 3
Revision: 1

2025-03-22 08:06:41.657864
Sender: 5
Head 0: G
Head 1: O
Head 2: O
Head 3: O
Captures: 0
Releases: 0
Turnouts: 0
Voltage: 12.5
RSSI: 0
LED Errors: 0
Version: 3
Revision: 1

2025-03-22 08:06:46.873048
Sender: 5
Head 0: G
Head 1: O
Head 2: O
Head 3: O
Captures: 0
Releases: 0
Turnouts: 0
Voltage: 12.5
RSSI: 0
LED Errors: 0
Version: 3
Revision: 1

2025-03-22 08:06:51.985977
Sender: 5
Head 0: G
Head 1: O
Head 2: O
Head 3: O
Captures: 0
Releases: 0
Turnouts: 0
Voltage: 12.6
RSSI: 0
LED Errors: 0
Version: 3
Revision: 1

2025-03-22 08:06:52.865309
Sender: 5
Head 0: G
Head 1: O
Head 2: O
Head 3: O
Captures: 0
Releases: 0
Turnouts: 0
Voltage: 12.6
RSSI: 0
LED Errors: 0
Version: 3
Revision: 1

2025-03-22 08:25:43.985764
Sender: 2
Head 0: O
Head 1: O
Head 2: O
Head 3: O
Captures: 0
Releases: 0
Turnouts: 0
Voltage: 12.6
RSSI: -97
LED Errors: 0
Version: 3
Revision: 0

2025-03-22 08:25:44.609125
Sender: 5
Head 0: G
Head 1: O
Head 2: O
Head 3: O
Captures: 0
Releases: 0
Turnouts: 0
Voltage: 12.6
RSSI: 0
LED Errors: 0
Version: 3
Revision: 1

2025-03-22 08:25:50.003629
Sender: 18
Head 0: G
Head 1: O
Head 2: O
Head 3: O
Captures: 0
Releases: 0
Turnouts: 0
Voltage: 11.7
RSSI: -109
LED Errors: 0
Version: 3
Revision: 0

2025-03-22 08:44:06.685833
Sender: 18
Head 0: G
Head 1: O
Head 2: O
Head 3: O
Captures: 0
Releases: 0
Turnouts: 0
Voltage: 11.6
RSSI: -109
LED Errors: 0
Version: 3
Revision: 0

2025-03-22 08:44:07.411847
Sender: 17
Head 0: O
Head 1: O
Head 2: O
Head 3: O
Captures: 0
Releases: 0
Turnouts: 0
Voltage: 12.1
RSSI: -97
LED Errors: 0
Version: 3
Revision: 0

2025-03-22 08:44:07.532392
Sender: 19
Head 0: O
Head 1: O
Head 2: O
Head 3: O
Captures: 0
Releases: 0
Turnouts: 0
Voltage: 12.1
RSSI: -92
LED Errors: 0
Version: 3
Revision: 0

2025-03-22 08:44:08.048215
Sender: 5
Head 0: G
Head 1: O
Head 2: O
Head 3: O
Captures: 0
Releases: 0
Turnouts: 0
Voltage: 12.6
RSSI: 0
LED Errors: 0
Version: 3
Revision: 1

2025-03-22 08:59:53.214684
Sender: 18
Head 0: G
Head 1: O
Head 2: O
Head 3: O
Captures: 0
Releases: 0
Turnouts: 0
Voltage: 11.7
RSSI: -109
LED Errors: 0
Version: 3
Revision: 0

2025-03-22 08:59:53.690250
Sender: 5
Head 0: G
Head 1: O
Head 2: O
Head 3: O
Captures: 0
Releases: 0
Turnouts: 0
Voltage: 12.5
RSSI: 0
LED Errors: 0
Version: 3
Revision: 1

2025-03-22 09:00:01.573756
Sender: 2
Head 0: G
Head 1: O
Head 2: O
Head 3: O
Captures: 0
Releases: 1
Turnouts: 0
Voltage: 12.5
RSSI: -97
LED Errors: 0
Version: 3
Revision: 0

2025-03-22 09:00:03.579287
Sender: 2
Head 0: G
Head 1: O
Head 2: O
Head 3: O
Captures: 0
Releases: 0
Turnouts: 0
Voltage: 12.5
RSSI: -97
LED Errors: 0
Version: 3
Revision: 0

2025-03-22 09:00:11.571153
Sender: 1
Head 0: G
Head 1: O
Head 2: O
Head 3: O
Captures: 0
Releases: 0
Turnouts: 0
Voltage: 12.7
RSSI: -99
LED Errors: 0
Version: 3
Revision: 0

2025-03-22 09:00:12.996925
Sender: 5
Head 0: G
Head 1: O
Head 2: O
Head 3: O
Captures: 0
Releases: 0
Turnouts: 0
Voltage: 12.6
RSSI: 0
LED Errors: 0
Version: 3
Revision: 1

2025-03-22 09:00:14.001120
Sender: 5
Head 0: R
Head 1: O
Head 2: O
Head 3: O
Captures: 0
Releases: 0
Turnouts: 0
Voltage: 12.6
RSSI: 0
LED Errors: 0
Version: 3
Revision: 1

2025-03-22 09:15:34.613334
Sender: 1
Head 0: G
Head 1: O
Head 2: O
Head 3: O
Captures: 0
Releases: 0
Turnouts: 0
Voltage: 12.8
RSSI: -99
LED Errors: 0
Version: 3
Revision: 0

2025-03-22 09:15:35.012421
Sender: 2
Head 0: G
Head 1: O
Head 2: O
Head 3: O
Captures: 0
Releases: 0
Turnouts: 0
Voltage: 12.6
RSSI: -97
LED Errors: 0
Version: 3
Revision: 0

2025-03-22 09:15:35.652852
Sender: 5
Head 0: G
Head 1: O
Head 2: O
Head 3: O
Captures: 0
Releases: 0
Turnouts: 0
Voltage: 12.6
RSSI: 0
LED Errors: 0
Version: 3
Revision: 1

2025-03-22 09:15:35.945414
Sender: 18
Head 0: G
Head 1: O
Head 2: O
Head 3: O
Captures: 0
Releases: 0
Turnouts: 0
Voltage: 11.7
RSSI: -109
LED Errors: 0
Version: 3
Revision: 0

2025-03-22 09:15:36.366794
Sender: 21
Head 0: G
Head 1: O
Head 2: O
Head 3: O
Captures: 0
Releases: 0
Turnouts: 0
Voltage: 11.9
RSSI: -101
LED Errors: 0
Version: 3
Revision: 0

2025-03-22 09:16:02.735837
Sender: 17
Head 0: G
Head 1: G
Head 2: O
Head 3: O
Captures: 0
Releases: 0
Turnouts: 0
Voltage: 12.0
RSSI: -97
LED Errors: 8704
Version: 3
Revision: 0

2025-03-22 09:21:48.953590
Sender: 1
Head 0: G
Head 1: O
Head 2: O
Head 3: O
Captures: 0
Releases: 0
Turnouts: 0
Voltage: 12.8
RSSI: -99
LED Errors: 0
Version: 3
Revision: 0

2025-03-22 09:21:49.185004
Sender: 2
Head 0: G
Head 1: O
Head 2: O
Head 3: O
Captures: 0
Releases: 0
Turnouts: 0
Voltage: 12.6
RSSI: -97
LED Errors: 0
Version: 3
Revision: 0

2025-03-22 09:21:49.945594
Sender: 5
Head 0: G
Head 1: O
Head 2: O
Head 3: O
Captures: 0
Releases: 0
Turnouts: 0
Voltage: 12.6
RSSI: 0
LED Errors: 0
Version: 3
Revision: 1

2025-03-22 09:21:50.179728
Sender: 18
Head 0: G
Head 1: O
Head 2: O
Head 3: O
Captures: 0
Releases: 0
Turnouts: 0
Voltage: 11.7
RSSI: -109
LED Errors: 0
Version: 3
Revision: 0

2025-03-22 09:21:50.295896
Sender: 18
Head 0: G
Head 1: O
Head 2: O
Head 3: O
Captures: 0
Releases: 0
Turnouts: 0
Voltage: 11.7
RSSI: -109
LED Errors: 0
Version: 3
Revision: 0

2025-03-22 09:21:50.713113
Sender: 21
Head 0: G
Head 1: O
Head 2: O
Head 3: O
Captures: 0
Releases: 0
Turnouts: 0
Voltage: 11.9
RSSI: -101
LED Errors: 0
Version: 3
Revision: 0

2025-03-22 09:22:03.712782
Sender: 17
Head 0: G
Head 1: G
Head 2: O
Head 3: O
Captures: 0
Releases: 0
Turnouts: 0
Voltage: 12.0
RSSI: -97
LED Errors: 8704
Version: 3
Revision: 0

2025-03-22 09:37:31.512439
Sender: 1
Head 0: O
Head 1: O
Head 2: O
Head 3: O
Captures: 0
Releases: 0
Turnouts: 0
Voltage: 12.8
RSSI: -99
LED Errors: 0
Version: 3
Revision: 0

2025-03-22 09:37:31.915613
Sender: 2
Head 0: O
Head 1: O
Head 2: O
Head 3: O
Captures: 0
Releases: 0
Turnouts: 0
Voltage: 12.9
RSSI: -97
LED Errors: 0
Version: 3
Revision: 0

2025-03-22 09:37:32.548240
Sender: 5
Head 0: G
Head 1: O
Head 2: O
Head 3: O
Captures: 0
Releases: 0
Turnouts: 0
Voltage: 12.6
RSSI: 0
LED Errors: 0
Version: 3
Revision: 1

2025-03-22 09:37:32.842971
Sender: 18
Head 0: G
Head 1: O
Head 2: O
Head 3: O
Captures: 0
Releases: 0
Turnouts: 0
Voltage: 11.7
RSSI: -109
LED Errors: 0
Version: 3
Revision: 0

2025-03-22 09:37:33.482703
Sender: 21
Head 0: G
Head 1: O
Head 2: O
Head 3: O
Captures: 0
Releases: 0
Turnouts: 0
Voltage: 12.0
RSSI: -101
LED Errors: 0
Version: 3
Revision: 0

2025-03-22 09:37:38.154203
Sender: 17
Head 0: G
Head 1: G
Head 2: O
Head 3: O
Captures: 0
Releases: 0
Turnouts: 0
Voltage: 12.0
RSSI: -97
LED Errors: 8704
Version: 3
Revision: 0

2025-03-22 09:53:14.577035
Sender: 18
Head 0: G
Head 1: O
Head 2: O
Head 3: O
Captures: 0
Releases: 0
Turnouts: 0
Voltage: 11.6
RSSI: -109
LED Errors: 0
Version: 3
Revision: 0

2025-03-22 09:53:14.970208
Sender: 5
Head 0: G
Head 1: O
Head 2: O
Head 3: O
Captures: 0
Releases: 0
Turnouts: 0
Voltage: 12.6
RSSI: 0
LED Errors: 0
Version: 3
Revision: 1

2025-03-22 09:53:15.240966
Sender: 17
Head 0: G
Head 1: G
Head 2: O
Head 3: O
Captures: 0
Releases: 0
Turnouts: 0
Voltage: 12.0
RSSI: -97
LED Errors: 8704
Version: 3
Revision: 0

2025-03-22 09:53:15.638592
Sender: 19
Head 0: G
Head 1: O
Head 2: O
Head 3: O
Captures: 0
Releases: 0
Turnouts: 0
Voltage: 12.0
RSSI: -92
LED Errors: 0
Version: 3
Revision: 0

2025-03-22 09:53:15.990168
Sender: 21
Head 0: G
Head 1: O
Head 2: O
Head 3: O
Captures: 0
Releases: 0
Turnouts: 0
Voltage: 12.0
RSSI: -101
LED Errors: 0
Version: 3
Revision: 0

2025-03-22 10:09:01.311705
Sender: 18
Head 0: A
Head 1: O
Head 2: O
Head 3: O
Captures: 0
Releases: 0
Turnouts: 0
Voltage: 11.5
RSSI: -109
LED Errors: 0
Version: 3
Revision: 0

2025-03-22 10:09:01.831485
Sender: 5
Head 0: G
Head 1: O
Head 2: O
Head 3: O
Captures: 0
Releases: 0
Turnouts: 0
Voltage: 12.6
RSSI: 0
LED Errors: 0
Version: 3
Revision: 1

2025-03-22 10:09:02.247255
Sender: 17
Head 0: G
Head 1: R
Head 2: O
Head 3: O
Captures: 0
Releases: 0
Turnouts: 0
Voltage: 12.0
RSSI: -97
LED Errors: 8704
Version: 3
Revision: 0

2025-03-22 10:09:02.474270
Sender: 19
Head 0: G
Head 1: O
Head 2: O
Head 3: O
Captures: 0
Releases: 0
Turnouts: 0
Voltage: 12.0
RSSI: -92
LED Errors: 0
Version: 3
Revision: 0

2025-03-22 10:09:02.716416
Sender: 21
Head 0: R
Head 1: O
Head 2: O
Head 3: O
Captures: 0
Releases: 0
Turnouts: 0
Voltage: 12.0
RSSI: -101
LED Errors: 0
Version: 3
Revision: 0

2025-03-22 10:09:14.348976
Sender: 18
Head 0: A
Head 1: O
Head 2: O
Head 3: O
Captures: 0
Releases: 0
Turnouts: 0
Voltage: 11.5
RSSI: -109
LED Errors: 0
Version: 3
Revision: 0

2025-03-22 10:24:43.363886
Sender: 18
Head 0: G
Head 1: O
Head 2: O
Head 3: O
Captures: 0
Releases: 0
Turnouts: 0
Voltage: 11.7
RSSI: -109
LED Errors: 0
Version: 3
Revision: 0

2025-03-22 10:24:43.862835
Sender: 5
Head 0: G
Head 1: O
Head 2: O
Head 3: O
Captures: 0
Releases: 0
Turnouts: 0
Voltage: 12.6
RSSI: 0
LED Errors: 0
Version: 3
Revision: 1

2025-03-22 10:24:44.136210
Sender: 17
Head 0: G
Head 1: G
Head 2: O
Head 3: O
Captures: 0
Releases: 0
Turnouts: 0
Voltage: 12.0
RSSI: -97
LED Errors: 8704
Version: 3
Revision: 0

2025-03-22 10:24:44.705848
Sender: 18
Head 0: G
Head 1: O
Head 2: O
Head 3: O
Captures: 0
Releases: 0
Turnouts: 0
Voltage: 11.6
RSSI: -109
LED Errors: 0
Version: 3
Revision: 0

2025-03-22 10:24:49.626153
Sender: 19
Head 0: G
Head 1: O
Head 2: O
Head 3: O
Captures: 0
Releases: 0
Turnouts: 0
Voltage: 12.0
RSSI: -92
LED Errors: 0
Version: 3
Revision: 0

2025-03-22 10:24:50.018370
Sender: 21
Head 0: G
Head 1: O
Head 2: O
Head 3: O
Captures: 0
Releases: 0
Turnouts: 0
Voltage: 12.0
RSSI: -101
LED Errors: 0
Version: 3
Revision: 0

2025-03-22 10:25:17.595351
Sender: 5
Head 0: G
Head 1: O
Head 2: O
Head 3: O
Captures: 0
Releases: 0
Turnouts: 0
Voltage: 12.6
RSSI: 0
LED Errors: 0
Version: 3
Revision: 1

2025-03-22 10:25:18.600038
Sender: 5
Head 0: A
Head 1: O
Head 2: O
Head 3: O
Captures: 0
Releases: 0
Turnouts: 0
Voltage: 12.6
RSSI: 0
LED Errors: 0
Version: 3
Revision: 1

2025-03-22 10:40:25.854575
Sender: 1
Head 0: R
Head 1: O
Head 2: O
Head 3: O
Captures: 0
Releases: 0
Turnouts: 0
Voltage: 13.0
RSSI: -99
LED Errors: 0
Version: 3
Revision: 0

2025-03-22 10:40:26.260549
Sender: 2
Head 0: A
Head 1: O
Head 2: O
Head 3: O
Captures: 0
Releases: 0
Turnouts: 0
Voltage: 13.6
RSSI: -97
LED Errors: 0
Version: 3
Revision: 0

2025-03-22 10:40:26.895591
Sender: 5
Head 0: R
Head 1: O
Head 2: O
Head 3: O
Captures: 0
Releases: 0
Turnouts: 0
Voltage: 12.6
RSSI: 0
LED Errors: 0
Version: 3
Revision: 1

2025-03-22 10:40:27.196540
Sender: 17
Head 0: G
Head 1: G
Head 2: O
Head 3: O
Captures: 0
Releases: 0
Turnouts: 0
Voltage: 12.0
RSSI: -97
LED Errors: 8704
Version: 3
Revision: 0

2025-03-22 10:40:27.316568
Sender: 18
Head 0: G
Head 1: O
Head 2: O
Head 3: O
Captures: 0
Releases: 0
Turnouts: 0
Voltage: 11.6
RSSI: -109
LED Errors: 0
Version: 3
Revision: 0

2025-03-22 10:40:27.770904
Sender: 19
Head 0: G
Head 1: O
Head 2: O
Head 3: O
Captures: 0
Releases: 0
Turnouts: 0
Voltage: 11.9
RSSI: -92
LED Errors: 0
Version: 3
Revision: 0

2025-03-22 10:40:28.219385
Sender: 21
Head 0: G
Head 1: O
Head 2: O
Head 3: O
Captures: 0
Releases: 0
Turnouts: 0
Voltage: 12.0
RSSI: -101
LED Errors: 0
Version: 3
Revision: 0

2025-03-22 10:41:28.705102
Sender: 1
Head 0: G
Head 1: O
Head 2: O
Head 3: O
Captures: 0
Releases: 1
Turnouts: 0
Voltage: 13.0
RSSI: -99
LED Errors: 0
Version: 3
Revision: 0

2025-03-22 10:41:30.710617
Sender: 1
Head 0: G
Head 1: O
Head 2: O
Head 3: O
Captures: 0
Releases: 0
Turnouts: 0
Voltage: 13.0
RSSI: -99
LED Errors: 0
Version: 3
Revision: 0

2025-03-22 10:41:38.672057
Sender: 2
Head 0: G
Head 1: O
Head 2: O
Head 3: O
Captures: 0
Releases: 0
Turnouts: 0
Voltage: 13.6
RSSI: -97
LED Errors: 0
Version: 3
Revision: 0

2025-03-22 10:41:41.398731
Sender: 5
Head 0: R
Head 1: O
Head 2: O
Head 3: O
Captures: 0
Releases: 0
Turnouts: 0
Voltage: 12.6
RSSI: 0
LED Errors: 0
Version: 3
Revision: 1

2025-03-22 10:41:41.902513
Sender: 5
Head 0: O
Head 1: O
Head 2: O
Head 3: O
Captures: 0
Releases: 0
Turnouts: 0
Voltage: 12.6
RSSI: 0
LED Errors: 0
Version: 3
Revision: 1

2025-03-22 10:41:42.551289
Sender: 5
Head 0: G
Head 1: O
Head 2: O
Head 3: O
Captures: 0
Releases: 0
Turnouts: 0
Voltage: 12.6
RSSI: 0
LED Errors: 0
Version: 3
Revision: 1

2025-03-22 10:41:43.613535
Sender: 19
Head 0: R
Head 1: O
Head 2: O
Head 3: O
Captures: 0
Releases: 0
Turnouts: 0
Voltage: 11.9
RSSI: -92
LED Errors: 0
Version: 3
Revision: 0

2025-03-22 10:41:45.731023
Sender: 17
Head 0: A
Head 1: G
Head 2: O
Head 3: O
Captures: 0
Releases: 0
Turnouts: 0
Voltage: 12.0
RSSI: -97
LED Errors: 8704
Version: 3
Revision: 0

2025-03-22 10:56:48.154177
Sender: 1
Head 0: G
Head 1: O
Head 2: O
Head 3: O
Captures: 0
Releases: 0
Turnouts: 0
Voltage: 13.5
RSSI: -99
LED Errors: 0
Version: 3
Revision: 0

2025-03-22 10:56:48.554110
Sender: 2
Head 0: G
Head 1: O
Head 2: O
Head 3: O
Captures: 0
Releases: 0
Turnouts: 0
Voltage: 13.2
RSSI: -97
LED Errors: 0
Version: 3
Revision: 0

2025-03-22 10:56:49.166179
Sender: 5
Head 0: G
Head 1: O
Head 2: O
Head 3: O
Captures: 0
Releases: 0
Turnouts: 0
Voltage: 12.6
RSSI: 0
LED Errors: 0
Version: 3
Revision: 1

2025-03-22 10:56:49.792459
Sender: 19
Head 0: G
Head 1: O
Head 2: O
Head 3: O
Captures: 0
Releases: 0
Turnouts: 0
Voltage: 11.9
RSSI: -92
LED Errors: 0
Version: 3
Revision: 0

2025-03-22 10:56:50.019642
Sender: 21
Head 0: G
Head 1: O
Head 2: O
Head 3: O
Captures: 0
Releases: 0
Turnouts: 0
Voltage: 12.0
RSSI: -101
LED Errors: 0
Version: 3
Revision: 0

2025-03-22 10:56:50.372639
Sender: 17
Head 0: G
Head 1: G
Head 2: O
Head 3: O
Captures: 0
Releases: 0
Turnouts: 0
Voltage: 12.0
RSSI: -97
LED Errors: 8704
Version: 3
Revision: 0

2025-03-22 10:56:55.069799
Sender: 18
Head 0: G
Head 1: O
Head 2: O
Head 3: O
Captures: 0
Releases: 0
Turnouts: 0
Voltage: 11.7
RSSI: -109
LED Errors: 0
Version: 3
Revision: 0

2025-03-22 11:09:56.676207
Sender: 1
Head 0: R
Head 1: O
Head 2: O
Head 3: O
Captures: 0
Releases: 0
Turnouts: 0
Voltage: 13.2
RSSI: -99
LED Errors: 0
Version: 3
Revision: 0

2025-03-22 11:09:57.609519
Sender: 5
Head 0: G
Head 1: O
Head 2: O
Head 3: O
Captures: 0
Releases: 0
Turnouts: 0
Voltage: 12.7
RSSI: 0
LED Errors: 0
Version: 3
Revision: 1

2025-03-22 11:09:58.075030
Sender: 17
Head 0: G
Head 1: R
Head 2: O
Head 3: O
Captures: 0
Releases: 0
Turnouts: 0
Voltage: 12.0
RSSI: -97
LED Errors: 8704
Version: 3
Revision: 0

2025-03-22 11:09:58.480691
Sender: 19
Head 0: G
Head 1: O
Head 2: O
Head 3: O
Captures: 0
Releases: 0
Turnouts: 0
Voltage: 12.0
RSSI: -92
LED Errors: 0
Version: 3
Revision: 0

2025-03-22 11:09:58.885261
Sender: 2
Head 0: A
Head 1: O
Head 2: O
Head 3: O
Captures: 0
Releases: 0
Turnouts: 0
Voltage: 13.7
RSSI: -97
LED Errors: 0
Version: 3
Revision: 0

2025-03-22 11:09:59.006272
Sender: 21
Head 0: R
Head 1: O
Head 2: O
Head 3: O
Captures: 0
Releases: 0
Turnouts: 0
Voltage: 12.0
RSSI: -101
LED Errors: 0
Version: 3
Revision: 0

2025-03-22 11:10:03.570642
Sender: 18
Head 0: A
Head 1: O
Head 2: O
Head 3: O
Captures: 0
Releases: 0
Turnouts: 0
Voltage: 11.5
RSSI: -109
LED Errors: 0
Version: 3
Revision: 0

2025-03-22 11:10:05.013212
Sender: 17
Head 0: G
Head 1: G
Head 2: O
Head 3: O
Captures: 0
Releases: 0
Turnouts: 0
Voltage: 12.0
RSSI: -97
LED Errors: 8704
Version: 3
Revision: 0

2025-03-22 11:10:13.908203
Sender: 18
Head 0: G
Head 1: O
Head 2: O
Head 3: O
Captures: 0
Releases: 0
Turnouts: 0
Voltage: 11.5
RSSI: -109
LED Errors: 0
Version: 3
Revision: 0

2025-03-22 11:26:30.088082
Sender: 1
Head 0: G
Head 1: O
Head 2: O
Head 3: O
Captures: 0
Releases: 0
Turnouts: 0
Voltage: 13.4
RSSI: -99
LED Errors: 0
Version: 3
Revision: 0

2025-03-22 11:26:30.501537
Sender: 2
Head 0: G
Head 1: O
Head 2: O
Head 3: O
Captures: 0
Releases: 0
Turnouts: 0
Voltage: 13.5
RSSI: -97
LED Errors: 0
Version: 3
Revision: 0

2025-03-22 11:26:31.098941
Sender: 5
Head 0: G
Head 1: O
Head 2: O
Head 3: O
Captures: 0
Releases: 0
Turnouts: 0
Voltage: 12.7
RSSI: 0
LED Errors: 0
Version: 3
Revision: 1

2025-03-22 11:26:31.863144
Sender: 19
Head 0: G
Head 1: O
Head 2: O
Head 3: O
Captures: 0
Releases: 0
Turnouts: 0
Voltage: 12.0
RSSI: -92
LED Errors: 0
Version: 3
Revision: 0

2025-03-22 11:26:31.979964
Sender: 18
Head 0: G
Head 1: O
Head 2: O
Head 3: O
Captures: 0
Releases: 0
Turnouts: 0
Voltage: 11.7
RSSI: -109
LED Errors: 0
Version: 3
Revision: 0

2025-03-22 11:26:36.956245
Sender: 17
Head 0: G
Head 1: G
Head 2: O
Head 3: O
Captures: 0
Releases: 0
Turnouts: 0
Voltage: 12.0
RSSI: -97
LED Errors: 8704
Version: 3
Revision: 0

2025-03-22 11:26:37.358767
Sender: 21
Head 0: G
Head 1: O
Head 2: O
Head 3: O
Captures: 0
Releases: 0
Turnouts: 0
Voltage: 12.0
RSSI: -101
LED Errors: 0
Version: 3
Revision: 0

2025-03-22 11:42:13.098233
Sender: 1
Head 0: G
Head 1: O
Head 2: O
Head 3: O
Captures: 0
Releases: 0
Turnouts: 0
Voltage: 13.4
RSSI: -99
LED Errors: 0
Version: 3
Revision: 0

2025-03-22 11:42:14.036202
Sender: 5
Head 0: G
Head 1: O
Head 2: O
Head 3: O
Captures: 0
Releases: 0
Turnouts: 0
Voltage: 12.8
RSSI: 0
LED Errors: 0
Version: 3
Revision: 1

2025-03-22 11:42:14.446139
Sender: 17
Head 0: G
Head 1: G
Head 2: O
Head 3: O
Captures: 0
Releases: 0
Turnouts: 0
Voltage: 12.0
RSSI: -97
LED Errors: 8704
Version: 3
Revision: 0

2025-03-22 11:42:14.851941
Sender: 19
Head 0: G
Head 1: O
Head 2: O
Head 3: O
Captures: 0
Releases: 0
Turnouts: 0
Voltage: 12.0
RSSI: -92
LED Errors: 0
Version: 3
Revision: 0

2025-03-22 11:42:15.327195
Sender: 21
Head 0: G
Head 1: O
Head 2: O
Head 3: O
Captures: 0
Releases: 0
Turnouts: 0
Voltage: 12.0
RSSI: -101
LED Errors: 0
Version: 3
Revision: 0

2025-03-22 11:42:20.003074
Sender: 2
Head 0: G
Head 1: O
Head 2: O
Head 3: O
Captures: 0
Releases: 0
Turnouts: 0
Voltage: 13.2
RSSI: -97
LED Errors: 0
Version: 3
Revision: 0

2025-03-22 11:42:20.980005
Sender: 18
Head 0: G
Head 1: O
Head 2: O
Head 3: O
Captures: 0
Releases: 0
Turnouts: 0
Voltage: 11.6
RSSI: -109
LED Errors: 0
Version: 3
Revision: 0

2025-03-22 11:58:06.440523
Sender: 1
Head 0: G
Head 1: O
Head 2: O
Head 3: O
Captures: 0
Releases: 0
Turnouts: 0
Voltage: 13.4
RSSI: -99
LED Errors: 0
Version: 3
Revision: 0

2025-03-22 11:58:06.552207
Sender: 18
Head 0: G
Head 1: O
Head 2: O
Head 3: O
Captures: 0
Releases: 0
Turnouts: 0
Voltage: 11.6
RSSI: -109
LED Errors: 0
Version: 3
Revision: 0

2025-03-22 11:58:06.900152
Sender: 2
Head 0: G
Head 1: O
Head 2: O
Head 3: O
Captures: 0
Releases: 0
Turnouts: 0
Voltage: 13.2
RSSI: -97
LED Errors: 0
Version: 3
Revision: 0

2025-03-22 11:58:07.404821
Sender: 5
Head 0: G
Head 1: O
Head 2: O
Head 3: O
Captures: 0
Releases: 0
Turnouts: 0
Voltage: 12.8
RSSI: 0
LED Errors: 0
Version: 3
Revision: 1

2025-03-22 11:58:07.994566
Sender: 17
Head 0: G
Head 1: G
Head 2: O
Head 3: O
Captures: 0
Releases: 0
Turnouts: 0
Voltage: 12.0
RSSI: -97
LED Errors: 8704
Version: 3
Revision: 0

2025-03-22 11:58:08.228670
Sender: 21
Head 0: G
Head 1: O
Head 2: O
Head 3: O
Captures: 0
Releases: 0
Turnouts: 0
Voltage: 12.0
RSSI: -101
LED Errors: 0
Version: 3
Revision: 0

2025-03-22 11:58:08.566691
Sender: 18
Head 0: G
Head 1: O
Head 2: O
Head 3: O
Captures: 0
Releases: 0
Turnouts: 0
Voltage: 11.6
RSSI: -109
LED Errors: 0
Version: 3
Revision: 0

2025-03-22 11:58:09.467501
Sender: 18
Head 0: G
Head 1: O
Head 2: O
Head 3: O
Captures: 0
Releases: 0
Turnouts: 0
Voltage: 11.7
RSSI: -109
LED Errors: 0
Version: 3
Revision: 0

2025-03-22 11:58:10.472197
Sender: 18
Head 0: G
Head 1: O
Head 2: O
Head 3: O
Captures: 0
Releases: 0
Turnouts: 0
Voltage: 11.7
RSSI: -109
LED Errors: 0
Version: 3
Revision: 0

2025-03-22 11:58:11.477144
Sender: 18
Head 0: G
Head 1: O
Head 2: O
Head 3: O
Captures: 0
Releases: 0
Turnouts: 0
Voltage: 11.7
RSSI: -109
LED Errors: 0
Version: 3
Revision: 0

2025-03-22 11:58:12.481801
Sender: 18
Head 0: G
Head 1: O
Head 2: O
Head 3: O
Captures: 0
Releases: 0
Turnouts: 0
Voltage: 11.7
RSSI: -109
LED Errors: 0
Version: 3
Revision: 0

2025-03-22 11:58:13.042260
Sender: 19
Head 0: G
Head 1: O
Head 2: O
Head 3: O
Captures: 0
Releases: 0
Turnouts: 0
Voltage: 11.9
RSSI: -92
LED Errors: 0
Version: 3
Revision: 0

2025-03-22 11:58:13.487184
Sender: 18
Head 0: G
Head 1: O
Head 2: O
Head 3: O
Captures: 0
Releases: 0
Turnouts: 0
Voltage: 11.7
RSSI: -109
LED Errors: 0
Version: 3
Revision: 0

2025-03-22 11:58:14.493283
Sender: 18
Head 0: G
Head 1: O
Head 2: O
Head 3: O
Captures: 0
Releases: 0
Turnouts: 0
Voltage: 11.7
RSSI: -109
LED Errors: 0
Version: 3
Revision: 0

2025-03-22 11:58:15.497581
Sender: 18
Head 0: G
Head 1: O
Head 2: O
Head 3: O
Captures: 0
Releases: 0
Turnouts: 0
Voltage: 11.7
RSSI: -109
LED Errors: 0
Version: 3
Revision: 0

2025-03-22 11:58:16.502429
Sender: 18
Head 0: G
Head 1: O
Head 2: O
Head 3: O
Captures: 0
Releases: 0
Turnouts: 0
Voltage: 11.7
RSSI: -109
LED Errors: 0
Version: 3
Revision: 0

2025-03-22 11:58:17.506565
Sender: 18
Head 0: G
Head 1: O
Head 2: O
Head 3: O
Captures: 0
Releases: 0
Turnouts: 0
Voltage: 11.7
RSSI: -109
LED Errors: 0
Version: 3
Revision: 0

2025-03-22 11:58:18.512596
Sender: 18
Head 0: G
Head 1: O
Head 2: O
Head 3: O
Captures: 0
Releases: 0
Turnouts: 0
Voltage: 11.6
RSSI: -109
LED Errors: 0
Version: 3
Revision: 0

2025-03-22 11:58:19.517411
Sender: 18
Head 0: G
Head 1: O
Head 2: O
Head 3: O
Captures: 0
Releases: 0
Turnouts: 0
Voltage: 11.6
RSSI: -109
LED Errors: 0
Version: 3
Revision: 0

2025-03-22 11:58:20.522311
Sender: 18
Head 0: G
Head 1: O
Head 2: O
Head 3: O
Captures: 0
Releases: 0
Turnouts: 0
Voltage: 11.6
RSSI: -109
LED Errors: 0
Version: 3
Revision: 0

2025-03-22 11:58:21.527457
Sender: 18
Head 0: G
Head 1: O
Head 2: O
Head 3: O
Captures: 0
Releases: 0
Turnouts: 0
Voltage: 11.6
RSSI: -109
LED Errors: 0
Version: 3
Revision: 0

2025-03-22 11:58:22.531648
Sender: 18
Head 0: G
Head 1: O
Head 2: O
Head 3: O
Captures: 0
Releases: 0
Turnouts: 0
Voltage: 11.6
RSSI: -109
LED Errors: 0
Version: 3
Revision: 0

2025-03-22 11:58:48.400397
Sender: 1
Head 0: G
Head 1: O
Head 2: O
Head 3: O
Captures: 0
Releases: 0
Turnouts: 0
Voltage: 13.7
RSSI: -99
LED Errors: 0
Version: 3
Revision: 0

2025-03-22 12:10:56.855020
Sender: 1
Head 0: G
Head 1: O
Head 2: O
Head 3: O
Captures: 0
Releases: 0
Turnouts: 0
Voltage: 14.3
RSSI: -99
LED Errors: 0
Version: 3
Revision: 0

2025-03-22 12:10:57.786008
Sender: 5
Head 0: G
Head 1: O
Head 2: O
Head 3: O
Captures: 0
Releases: 0
Turnouts: 0
Voltage: 12.8
RSSI: 0
LED Errors: 0
Version: 3
Revision: 1

2025-03-22 12:10:58.368091
Sender: 17
Head 0: G
Head 1: G
Head 2: O
Head 3: O
Captures: 0
Releases: 0
Turnouts: 0
Voltage: 12.0
RSSI: -97
LED Errors: 8704
Version: 3
Revision: 0

2025-03-22 12:10:58.599595
Sender: 19
Head 0: G
Head 1: O
Head 2: O
Head 3: O
Captures: 0
Releases: 0
Turnouts: 0
Voltage: 12.0
RSSI: -92
LED Errors: 0
Version: 3
Revision: 0

2025-03-22 12:10:58.982638
Sender: 21
Head 0: G
Head 1: O
Head 2: O
Head 3: O
Captures: 0
Releases: 0
Turnouts: 0
Voltage: 12.0
RSSI: -101
LED Errors: 0
Version: 3
Revision: 0

2025-03-22 12:10:59.518397
Sender: 2
Head 0: G
Head 1: O
Head 2: O
Head 3: O
Captures: 0
Releases: 0
Turnouts: 0
Voltage: 13.2
RSSI: -97
LED Errors: 0
Version: 3
Revision: 0

2025-03-22 12:11:03.768702
Sender: 18
Head 0: G
Head 1: O
Head 2: O
Head 3: O
Captures: 0
Releases: 0
Turnouts: 0
Voltage: 11.6
RSSI: -109
LED Errors: 0
Version: 3
Revision: 0

2025-03-22 12:11:03.877320
Sender: 1
Head 0: G
Head 1: O
Head 2: O
Head 3: O
Captures: 0
Releases: 0
Turnouts: 0
Voltage: 13.8
RSSI: -99
LED Errors: 0
Version: 3
Revision: 0

2025-03-22 12:11:10.837758
Sender: 1
Head 0: G
Head 1: O
Head 2: O
Head 3: O
Captures: 0
Releases: 0
Turnouts: 0
Voltage: 13.4
RSSI: -99
LED Errors: 0
Version: 3
Revision: 0

2025-03-22 12:26:39.675799
Sender: 1
Head 0: G
Head 1: O
Head 2: O
Head 3: O
Captures: 0
Releases: 0
Turnouts: 0
Voltage: 14.3
RSSI: -99
LED Errors: 0
Version: 3
Revision: 0

2025-03-22 12:26:40.088688
Sender: 2
Head 0: G
Head 1: O
Head 2: O
Head 3: O
Captures: 0
Releases: 0
Turnouts: 0
Voltage: 13.1
RSSI: -97
LED Errors: 0
Version: 3
Revision: 0

2025-03-22 12:26:40.730093
Sender: 5
Head 0: G
Head 1: O
Head 2: O
Head 3: O
Captures: 0
Releases: 0
Turnouts: 0
Voltage: 12.7
RSSI: 0
LED Errors: 0
Version: 3
Revision: 1

2025-03-22 12:26:41.027948
Sender: 18
Head 0: G
Head 1: O
Head 2: O
Head 3: O
Captures: 0
Releases: 0
Turnouts: 0
Voltage: 11.7
RSSI: -109
LED Errors: 0
Version: 3
Revision: 0

2025-03-22 12:26:46.629736
Sender: 17
Head 0: G
Head 1: G
Head 2: O
Head 3: O
Captures: 0
Releases: 0
Turnouts: 0
Voltage: 12.0
RSSI: -97
LED Errors: 8704
Version: 3
Revision: 0

2025-03-22 12:26:47.033816
Sender: 19
Head 0: G
Head 1: O
Head 2: O
Head 3: O
Captures: 0
Releases: 0
Turnouts: 0
Voltage: 11.9
RSSI: -92
LED Errors: 0
Version: 3
Revision: 0

2025-03-22 12:26:47.317715
Sender: 21
Head 0: G
Head 1: O
Head 2: O
Head 3: O
Captures: 0
Releases: 0
Turnouts: 0
Voltage: 12.0
RSSI: -101
LED Errors: 0
Version: 3
Revision: 0

2025-03-22 12:27:01.667278
Sender: 1
Head 0: G
Head 1: O
Head 2: O
Head 3: O
Captures: 0
Releases: 0
Turnouts: 0
Voltage: 13.8
RSSI: -99
LED Errors: 0
Version: 3
Revision: 0

2025-03-22 12:27:08.673402
Sender: 1
Head 0: G
Head 1: O
Head 2: O
Head 3: O
Captures: 0
Releases: 0
Turnouts: 0
Voltage: 13.3
RSSI: -99
LED Errors: 0
Version: 3
Revision: 0

2025-03-22 12:27:21.142663
Sender: 21
Head 0: R
Head 1: O
Head 2: O
Head 3: O
Captures: 0
Releases: 0
Turnouts: 0
Voltage: 12.1
RSSI: -101
LED Errors: 0
Version: 3
Revision: 0

2025-03-22 12:42:18.437331
Sender: 1
Head 0: A
Head 1: O
Head 2: O
Head 3: O
Captures: 0
Releases: 0
Turnouts: 0
Voltage: 13.2
RSSI: -99
LED Errors: 0
Version: 3
Revision: 0

2025-03-22 12:42:19.590183
Sender: 17
Head 0: G
Head 1: R
Head 2: O
Head 3: O
Captures: 0
Releases: 0
Turnouts: 0
Voltage: 12.0
RSSI: -97
LED Errors: 8704
Version: 3
Revision: 0

2025-03-22 12:42:19.824281
Sender: 18
Head 0: A
Head 1: O
Head 2: O
Head 3: O
Captures: 0
Releases: 0
Turnouts: 0
Voltage: 11.5
RSSI: -109
LED Errors: 0
Version: 3
Revision: 0

2025-03-22 12:42:19.943215
Sender: 19
Head 0: G
Head 1: O
Head 2: O
Head 3: O
Captures: 0
Releases: 0
Turnouts: 0
Voltage: 12.0
RSSI: -92
LED Errors: 0
Version: 3
Revision: 0

2025-03-22 12:42:20.244142
Sender: 2
Head 0: R
Head 1: O
Head 2: O
Head 3: O
Captures: 0
Releases: 0
Turnouts: 0
Voltage: 13.3
RSSI: -97
LED Errors: 0
Version: 3
Revision: 0

2025-03-22 12:42:20.468576
Sender: 21
Head 0: R
Head 1: O
Head 2: O
Head 3: O
Captures: 0
Releases: 0
Turnouts: 0
Voltage: 12.1
RSSI: -101
LED Errors: 0
Version: 3
Revision: 0

2025-03-22 12:42:21.066177
Sender: 18
Head 0: A
Head 1: O
Head 2: O
Head 3: O
Captures: 0
Releases: 0
Turnouts: 0
Voltage: 11.5
RSSI: -109
LED Errors: 0
Version: 3
Revision: 0

2025-03-22 12:42:21.480487
Sender: 18
Head 0: A
Head 1: O
Head 2: O
Head 3: O
Captures: 0
Releases: 0
Turnouts: 0
Voltage: 11.5
RSSI: -109
LED Errors: 0
Version: 3
Revision: 0

2025-03-22 12:42:23.469182
Sender: 18
Head 0: A
Head 1: O
Head 2: O
Head 3: O
Captures: 0
Releases: 0
Turnouts: 0
Voltage: 11.5
RSSI: -109
LED Errors: 0
Version: 3
Revision: 0

2025-03-22 12:42:24.475205
Sender: 18
Head 0: A
Head 1: O
Head 2: O
Head 3: O
Captures: 0
Releases: 0
Turnouts: 0
Voltage: 11.5
RSSI: -109
LED Errors: 0
Version: 3
Revision: 0

2025-03-22 12:42:25.319508
Sender: 5
Head 0: G
Head 1: O
Head 2: O
Head 3: O
Captures: 0
Releases: 0
Turnouts: 0
Voltage: 13.2
RSSI: 0
LED Errors: 0
Version: 3
Revision: 1

2025-03-22 12:42:27.611548
Sender: 18
Head 0: A
Head 1: O
Head 2: O
Head 3: O
Captures: 0
Releases: 0
Turnouts: 0
Voltage: 11.5
RSSI: -109
LED Errors: 0
Version: 3
Revision: 0

2025-03-22 12:42:28.618654
Sender: 18
Head 0: A
Head 1: O
Head 2: O
Head 3: O
Captures: 0
Releases: 0
Turnouts: 0
Voltage: 11.4
RSSI: -109
LED Errors: 0
Version: 3
Revision: 0

2025-03-22 12:42:29.624901
Sender: 18
Head 0: A
Head 1: O
Head 2: O
Head 3: O
Captures: 0
Releases: 0
Turnouts: 0
Voltage: 11.4
RSSI: -109
LED Errors: 0
Version: 3
Revision: 0

2025-03-22 12:42:30.630466
Sender: 18
Head 0: A
Head 1: O
Head 2: O
Head 3: O
Captures: 0
Releases: 0
Turnouts: 0
Voltage: 11.4
RSSI: -109
LED Errors: 0
Version: 3
Revision: 0

2025-03-22 12:42:31.636456
Sender: 18
Head 0: A
Head 1: O
Head 2: O
Head 3: O
Captures: 0
Releases: 0
Turnouts: 0
Voltage: 11.3
RSSI: -109
LED Errors: 0
Version: 3
Revision: 0

2025-03-22 12:42:32.642479
Sender: 18
Head 0: A
Head 1: O
Head 2: O
Head 3: O
Captures: 0
Releases: 0
Turnouts: 0
Voltage: 11.3
RSSI: -109
LED Errors: 0
Version: 3
Revision: 0

2025-03-22 12:42:33.648727
Sender: 18
Head 0: A
Head 1: O
Head 2: O
Head 3: O
Captures: 0
Releases: 0
Turnouts: 0
Voltage: 11.3
RSSI: -109
LED Errors: 0
Version: 3
Revision: 0

2025-03-22 12:42:34.654554
Sender: 18
Head 0: A
Head 1: O
Head 2: O
Head 3: O
Captures: 0
Releases: 0
Turnouts: 0
Voltage: 11.3
RSSI: -109
LED Errors: 0
Version: 3
Revision: 0

2025-03-22 12:42:35.660481
Sender: 18
Head 0: A
Head 1: O
Head 2: O
Head 3: O
Captures: 0
Releases: 0
Turnouts: 0
Voltage: 11.3
RSSI: -109
LED Errors: 0
Version: 3
Revision: 0

2025-03-22 12:42:36.666538
Sender: 18
Head 0: A
Head 1: O
Head 2: O
Head 3: O
Captures: 0
Releases: 0
Turnouts: 0
Voltage: 11.3
RSSI: -109
LED Errors: 0
Version: 3
Revision: 0

2025-03-22 12:42:57.672468
Sender: 18
Head 0: A
Head 1: O
Head 2: O
Head 3: O
Captures: 0
Releases: 0
Turnouts: 0
Voltage: 11.5
RSSI: -109
LED Errors: 0
Version: 3
Revision: 0

2025-03-22 12:42:58.678301
Sender: 18
Head 0: A
Head 1: O
Head 2: O
Head 3: O
Captures: 0
Releases: 0
Turnouts: 0
Voltage: 11.5
RSSI: -109
LED Errors: 0
Version: 3
Revision: 0

2025-03-22 12:42:59.684244
Sender: 18
Head 0: A
Head 1: O
Head 2: O
Head 3: O
Captures: 0
Releases: 0
Turnouts: 0
Voltage: 11.5
RSSI: -109
LED Errors: 0
Version: 3
Revision: 0

2025-03-22 12:43:01.529201
Sender: 2
Head 0: G
Head 1: O
Head 2: O
Head 3: O
Captures: 0
Releases: 1
Turnouts: 0
Voltage: 13.2
RSSI: -97
LED Errors: 0
Version: 3
Revision: 0

2025-03-22 12:43:01.759086
Sender: 18
Head 0: A
Head 1: O
Head 2: O
Head 3: O
Captures: 0
Releases: 0
Turnouts: 0
Voltage: 11.4
RSSI: -109
LED Errors: 0
Version: 3
Revision: 0

2025-03-22 12:43:03.534653
Sender: 2
Head 0: G
Head 1: O
Head 2: O
Head 3: O
Captures: 0
Releases: 0
Turnouts: 0
Voltage: 13.2
RSSI: -97
LED Errors: 0
Version: 3
Revision: 0

2025-03-22 12:43:03.774345
Sender: 18
Head 0: A
Head 1: O
Head 2: O
Head 3: O
Captures: 0
Releases: 0
Turnouts: 0
Voltage: 11.3
RSSI: -109
LED Errors: 0
Version: 3
Revision: 0

2025-03-22 12:43:04.714255
Sender: 18
Head 0: A
Head 1: O
Head 2: O
Head 3: O
Captures: 0
Releases: 0
Turnouts: 0
Voltage: 11.3
RSSI: -109
LED Errors: 0
Version: 3
Revision: 0

2025-03-22 12:43:05.720187
Sender: 18
Head 0: A
Head 1: O
Head 2: O
Head 3: O
Captures: 0
Releases: 0
Turnouts: 0
Voltage: 11.2
RSSI: -109
LED Errors: 0
Version: 3
Revision: 0

2025-03-22 12:43:06.726127
Sender: 18
Head 0: A
Head 1: O
Head 2: O
Head 3: O
Captures: 0
Releases: 0
Turnouts: 0
Voltage: 11.2
RSSI: -109
LED Errors: 0
Version: 3
Revision: 0

2025-03-22 12:43:07.732185
Sender: 18
Head 0: A
Head 1: O
Head 2: O
Head 3: O
Captures: 0
Releases: 0
Turnouts: 0
Voltage: 11.2
RSSI: -109
LED Errors: 0
Version: 3
Revision: 0

2025-03-22 12:43:11.496291
Sender: 1
Head 0: G
Head 1: O
Head 2: O
Head 3: O
Captures: 0
Releases: 0
Turnouts: 0
Voltage: 13.2
RSSI: -99
LED Errors: 0
Version: 3
Revision: 0

2025-03-22 12:43:13.907535
Sender: 5
Head 0: G
Head 1: O
Head 2: O
Head 3: O
Captures: 0
Releases: 0
Turnouts: 0
Voltage: 13.2
RSSI: 0
LED Errors: 0
Version: 3
Revision: 1

2025-03-22 12:43:14.913172
Sender: 5
Head 0: R
Head 1: O
Head 2: O
Head 3: O
Captures: 0
Releases: 0
Turnouts: 0
Voltage: 13.2
RSSI: 0
LED Errors: 0
Version: 3
Revision: 1

2025-03-22 12:43:18.737269
Sender: 18
Head 0: A
Head 1: O
Head 2: O
Head 3: O
Captures: 0
Releases: 0
Turnouts: 0
Voltage: 11.5
RSSI: -109
LED Errors: 0
Version: 3
Revision: 0

2025-03-22 12:43:19.743946
Sender: 18
Head 0: A
Head 1: O
Head 2: O
Head 3: O
Captures: 0
Releases: 0
Turnouts: 0
Voltage: 11.5
RSSI: -109
LED Errors: 0
Version: 3
Revision: 0

2025-03-22 12:43:20.750395
Sender: 18
Head 0: A
Head 1: O
Head 2: O
Head 3: O
Captures: 0
Releases: 0
Turnouts: 0
Voltage: 11.5
RSSI: -109
LED Errors: 0
Version: 3
Revision: 0

2025-03-22 12:43:21.755935
Sender: 18
Head 0: A
Head 1: O
Head 2: O
Head 3: O
Captures: 0
Releases: 0
Turnouts: 0
Voltage: 11.4
RSSI: -109
LED Errors: 0
Version: 3
Revision: 0

2025-03-22 12:43:22.761691
Sender: 18
Head 0: A
Head 1: O
Head 2: O
Head 3: O
Captures: 0
Releases: 0
Turnouts: 0
Voltage: 11.4
RSSI: -109
LED Errors: 0
Version: 3
Revision: 0

2025-03-22 12:43:23.767093
Sender: 18
Head 0: A
Head 1: O
Head 2: O
Head 3: O
Captures: 0
Releases: 0
Turnouts: 0
Voltage: 11.3
RSSI: -109
LED Errors: 0
Version: 3
Revision: 0

2025-03-22 12:43:24.774080
Sender: 18
Head 0: A
Head 1: O
Head 2: O
Head 3: O
Captures: 0
Releases: 0
Turnouts: 0
Voltage: 11.3
RSSI: -109
LED Errors: 0
Version: 3
Revision: 0

2025-03-22 12:43:25.779904
Sender: 18
Head 0: A
Head 1: O
Head 2: O
Head 3: O
Captures: 0
Releases: 0
Turnouts: 0
Voltage: 11.3
RSSI: -109
LED Errors: 0
Version: 3
Revision: 0

2025-03-22 12:43:26.786313
Sender: 18
Head 0: A
Head 1: O
Head 2: O
Head 3: O
Captures: 0
Releases: 0
Turnouts: 0
Voltage: 11.3
RSSI: -109
LED Errors: 0
Version: 3
Revision: 0

2025-03-22 12:58:26.541831
Sender: 5
Head 0: G
Head 1: O
Head 2: O
Head 3: O
Captures: 0
Releases: 0
Turnouts: 0
Voltage: 13.1
RSSI: 0
LED Errors: 0
Version: 3
Revision: 1

2025-03-22 12:58:27.277485
Sender: 19
Head 0: G
Head 1: O
Head 2: O
Head 3: O
Captures: 0
Releases: 0
Turnouts: 0
Voltage: 12.0
RSSI: -92
LED Errors: 0
Version: 3
Revision: 0

2025-03-22 12:58:28.389875
Sender: 17
Head 0: G
Head 1: R
Head 2: O
Head 3: O
Captures: 0
Releases: 0
Turnouts: 0
Voltage: 12.0
RSSI: -97
LED Errors: 8704
Version: 3
Revision: 0

2025-03-22 12:58:32.618058
Sender: 1
Head 0: G
Head 1: O
Head 2: O
Head 3: O
Captures: 0
Releases: 0
Turnouts: 0
Voltage: 13.2
RSSI: -99
LED Errors: 0
Version: 3
Revision: 0

2025-03-22 12:58:33.262835
Sender: 21
Head 0: R
Head 1: O
Head 2: O
Head 3: O
Captures: 0
Releases: 0
Turnouts: 0
Voltage: 12.0
RSSI: -101
LED Errors: 0
Version: 3
Revision: 0

2025-03-22 12:58:38.392643
Sender: 2
Head 0: G
Head 1: O
Head 2: O
Head 3: O
Captures: 0
Releases: 0
Turnouts: 0
Voltage: 13.9
RSSI: -97
LED Errors: 0
Version: 3
Revision: 0

2025-03-22 12:58:39.380000
Sender: 18
Head 0: A
Head 1: O
Head 2: O
Head 3: O
Captures: 0
Releases: 0
Turnouts: 0
Voltage: 11.5
RSSI: -109
LED Errors: 0
Version: 3
Revision: 0

2025-03-22 12:59:00.547167
Sender: 21
Head 0: G
Head 1: O
Head 2: O
Head 3: O
Captures: 0
Releases: 0
Turnouts: 0
Voltage: 12.0
RSSI: -101
LED Errors: 0
Version: 3
Revision: 0

2025-03-22 12:59:01.458559
Sender: 17
Head 0: G
Head 1: G
Head 2: O
Head 3: O
Captures: 0
Releases: 0
Turnouts: 0
Voltage: 12.0
RSSI: -97
LED Errors: 8704
Version: 3
Revision: 0

2025-03-22 12:59:02.465288
Sender: 17
Head 0: G
Head 1: G
Head 2: O
Head 3: O
Captures: 0
Releases: 0
Turnouts: 0
Voltage: 12.0
RSSI: -97
LED Errors: 8704
Version: 3
Revision: 0

2025-03-22 12:59:03.470584
Sender: 17
Head 0: G
Head 1: G
Head 2: O
Head 3: O
Captures: 0
Releases: 0
Turnouts: 0
Voltage: 12.0
RSSI: -97
LED Errors: 8704
Version: 3
Revision: 0

2025-03-22 12:59:10.351959
Sender: 18
Head 0: G
Head 1: O
Head 2: O
Head 3: O
Captures: 0
Releases: 0
Turnouts: 0
Voltage: 11.5
RSSI: -109
LED Errors: 0
Version: 3
Revision: 0

2025-03-22 13:11:53.153335
Sender: 1
Head 0: G
Head 1: O
Head 2: O
Head 3: O
Captures: 0
Releases: 0
Turnouts: 0
Voltage: 13.2
RSSI: -99
LED Errors: 0
Version: 3
Revision: 0

2025-03-22 13:11:53.560643
Sender: 2
Head 0: G
Head 1: O
Head 2: O
Head 3: O
Captures: 0
Releases: 0
Turnouts: 0
Voltage: 13.8
RSSI: -97
LED Errors: 0
Version: 3
Revision: 0

2025-03-22 13:11:54.152903
Sender: 5
Head 0: G
Head 1: O
Head 2: O
Head 3: O
Captures: 0
Releases: 0
Turnouts: 0
Voltage: 13.3
RSSI: 0
LED Errors: 0
Version: 3
Revision: 1

2025-03-22 13:11:54.438678
Sender: 18
Head 0: G
Head 1: O
Head 2: O
Head 3: O
Captures: 0
Releases: 0
Turnouts: 0
Voltage: 11.7
RSSI: -109
LED Errors: 0
Version: 3
Revision: 0

2025-03-22 13:11:55.190126
Sender: 19
Head 0: R
Head 1: O
Head 2: O
Head 3: O
Captures: 0
Releases: 0
Turnouts: 0
Voltage: 12.0
RSSI: -92
LED Errors: 0
Version: 3
Revision: 0

2025-03-22 13:11:55.310696
Sender: 21
Head 0: G
Head 1: O
Head 2: O
Head 3: O
Captures: 0
Releases: 0
Turnouts: 0
Voltage: 12.1
RSSI: -101
LED Errors: 0
Version: 3
Revision: 0

2025-03-22 13:11:55.422167
Sender: 18
Head 0: G
Head 1: O
Head 2: O
Head 3: O
Captures: 0
Releases: 0
Turnouts: 0
Voltage: 11.7
RSSI: -109
LED Errors: 0
Version: 3
Revision: 0

2025-03-22 13:12:00.053970
Sender: 17
Head 0: A
Head 1: G
Head 2: O
Head 3: O
Captures: 0
Releases: 0
Turnouts: 0
Voltage: 12.0
RSSI: -97
LED Errors: 8704
Version: 3
Revision: 0

2025-03-22 13:27:36.059223
Sender: 1
Head 0: A
Head 1: O
Head 2: O
Head 3: O
Captures: 0
Releases: 0
Turnouts: 0
Voltage: 14.3
RSSI: -99
LED Errors: 0
Version: 3
Revision: 0

2025-03-22 13:27:36.457594
Sender: 2
Head 0: R
Head 1: O
Head 2: O
Head 3: O
Captures: 0
Releases: 0
Turnouts: 0
Voltage: 13.8
RSSI: -97
LED Errors: 0
Version: 3
Revision: 0

2025-03-22 13:27:37.041738
Sender: 5
Head 0: A
Head 1: O
Head 2: O
Head 3: O
Captures: 0
Releases: 0
Turnouts: 0
Voltage: 13.4
RSSI: 0
LED Errors: 0
Version: 3
Revision: 1

2025-03-22 13:27:37.282625
Sender: 17
Head 0: G
Head 1: R
Head 2: O
Head 3: O
Captures: 0
Releases: 0
Turnouts: 0
Voltage: 12.0
RSSI: -97
LED Errors: 8704
Version: 3
Revision: 0

2025-03-22 13:27:37.509903
Sender: 18
Head 0: R
Head 1: O
Head 2: O
Head 3: O
Captures: 0
Releases: 0
Turnouts: 0
Voltage: 11.6
RSSI: -109
LED Errors: 0
Version: 3
Revision: 0

2025-03-22 13:27:37.911961
Sender: 18
Head 0: R
Head 1: O
Head 2: O
Head 3: O
Captures: 0
Releases: 0
Turnouts: 0
Voltage: 11.6
RSSI: -109
LED Errors: 0
Version: 3
Revision: 0

2025-03-22 13:27:38.132171
Sender: 19
Head 0: G
Head 1: O
Head 2: O
Head 3: O
Captures: 0
Releases: 0
Turnouts: 0
Voltage: 12.0
RSSI: -92
LED Errors: 0
Version: 3
Revision: 0

2025-03-22 13:27:38.542261
Sender: 21
Head 0: A
Head 1: O
Head 2: O
Head 3: O
Captures: 0
Releases: 0
Turnouts: 0
Voltage: 12.0
RSSI: -101
LED Errors: 0
Version: 3
Revision: 0

2025-03-22 13:28:02.596305
Sender: 2
Head 0: G
Head 1: O
Head 2: O
Head 3: O
Captures: 0
Releases: 1
Turnouts: 0
Voltage: 13.8
RSSI: -97
LED Errors: 0
Version: 3
Revision: 0

2025-03-22 13:28:04.602095
Sender: 2
Head 0: G
Head 1: O
Head 2: O
Head 3: O
Captures: 0
Releases: 0
Turnouts: 0
Voltage: 13.8
RSSI: -97
LED Errors: 0
Version: 3
Revision: 0

2025-03-22 13:28:13.104751
Sender: 1
Head 0: G
Head 1: O
Head 2: O
Head 3: O
Captures: 0
Releases: 0
Turnouts: 0
Voltage: 13.5
RSSI: -99
LED Errors: 0
Version: 3
Revision: 0

2025-03-22 13:28:18.232758
Sender: 17
Head 0: G
Head 1: G
Head 2: O
Head 3: O
Captures: 0
Releases: 0
Turnouts: 0
Voltage: 12.0
RSSI: -97
LED Errors: 8704
Version: 3
Revision: 0

2025-03-22 13:43:18.801672
Sender: 1
Head 0: G
Head 1: O
Head 2: O
Head 3: O
Captures: 0
Releases: 0
Turnouts: 0
Voltage: 13.3
RSSI: -99
LED Errors: 0
Version: 3
Revision: 0

2025-03-22 13:43:19.201854
Sender: 2
Head 0: G
Head 1: O
Head 2: O
Head 3: O
Captures: 0
Releases: 0
Turnouts: 0
Voltage: 13.6
RSSI: -97
LED Errors: 0
Version: 3
Revision: 0

2025-03-22 13:43:19.841631
Sender: 5
Head 0: G
Head 1: O
Head 2: O
Head 3: O
Captures: 0
Releases: 0
Turnouts: 0
Voltage: 13.5
RSSI: 0
LED Errors: 0
Version: 3
Revision: 1

2025-03-22 13:43:20.134004
Sender: 17
Head 0: G
Head 1: G
Head 2: O
Head 3: O
Captures: 0
Releases: 0
Turnouts: 0
Voltage: 12.1
RSSI: -97
LED Errors: 8704
Version: 3
Revision: 0

2025-03-22 13:43:20.894847
Sender: 5
Head 0: G
Head 1: O
Head 2: O
Head 3: O
Captures: 0
Releases: 0
Turnouts: 0
Voltage: 13.5
RSSI: 0
LED Errors: 0
Version: 3
Revision: 1

2025-03-22 13:43:21.016108
Sender: 21
Head 0: G
Head 1: O
Head 2: O
Head 3: O
Captures: 0
Releases: 0
Turnouts: 0
Voltage: 12.0
RSSI: -101
LED Errors: 0
Version: 3
Revision: 0

2025-03-22 13:43:21.297243
Sender: 5
Head 0: G
Head 1: O
Head 2: O
Head 3: O
Captures: 0
Releases: 0
Turnouts: 0
Voltage: 13.5
RSSI: 0
LED Errors: 0
Version: 3
Revision: 1

2025-03-22 13:43:21.709047
Sender: 19
Head 0: G
Head 1: O
Head 2: O
Head 3: O
Captures: 0
Releases: 0
Turnouts: 0
Voltage: 12.0
RSSI: -92
LED Errors: 0
Version: 3
Revision: 0

2025-03-22 13:43:21.888454
Sender: 5
Head 0: G
Head 1: O
Head 2: O
Head 3: O
Captures: 0
Releases: 0
Turnouts: 0
Voltage: 13.5
RSSI: 0
LED Errors: 0
Version: 3
Revision: 1

2025-03-22 13:43:22.297968
Sender: 5
Head 0: G
Head 1: O
Head 2: O
Head 3: O
Captures: 0
Releases: 0
Turnouts: 0
Voltage: 13.5
RSSI: 0
LED Errors: 0
Version: 3
Revision: 1

2025-03-22 13:43:22.598037
Sender: 5
Head 0: G
Head 1: O
Head 2: O
Head 3: O
Captures: 0
Releases: 0
Turnouts: 0
Voltage: 13.5
RSSI: 0
LED Errors: 0
Version: 3
Revision: 1

2025-03-22 13:43:23.102730
Sender: 5
Head 0: G
Head 1: O
Head 2: O
Head 3: O
Captures: 0
Releases: 0
Turnouts: 0
Voltage: 13.5
RSSI: 0
LED Errors: 0
Version: 3
Revision: 1

2025-03-22 13:43:23.607063
Sender: 5
Head 0: G
Head 1: O
Head 2: O
Head 3: O
Captures: 0
Releases: 0
Turnouts: 0
Voltage: 13.5
RSSI: 0
LED Errors: 0
Version: 3
Revision: 1

2025-03-22 13:43:24.111937
Sender: 5
Head 0: G
Head 1: O
Head 2: O
Head 3: O
Captures: 0
Releases: 0
Turnouts: 0
Voltage: 13.5
RSSI: 0
LED Errors: 0
Version: 3
Revision: 1

2025-03-22 13:43:24.617152
Sender: 5
Head 0: G
Head 1: O
Head 2: O
Head 3: O
Captures: 0
Releases: 0
Turnouts: 0
Voltage: 13.5
RSSI: 0
LED Errors: 0
Version: 3
Revision: 1

2025-03-22 13:43:25.586762
Sender: 18
Head 0: G
Head 1: O
Head 2: O
Head 3: O
Captures: 0
Releases: 0
Turnouts: 0
Voltage: 11.6
RSSI: -109
LED Errors: 0
Version: 3
Revision: 0

2025-03-22 13:44:02.412535
Sender: 21
Head 0: R
Head 1: O
Head 2: O
Head 3: O
Captures: 0
Releases: 0
Turnouts: 0
Voltage: 12.0
RSSI: -101
LED Errors: 0
Version: 3
Revision: 0

2025-03-22 13:44:03.389018
Sender: 17
Head 0: G
Head 1: R
Head 2: O
Head 3: O
Captures: 0
Releases: 0
Turnouts: 0
Voltage: 12.0
RSSI: -97
LED Errors: 8704
Version: 3
Revision: 0

2025-03-22 13:59:04.152574
Sender: 2
Head 0: R
Head 1: O
Head 2: O
Head 3: O
Captures: 0
Releases: 0
Turnouts: 0
Voltage: 13.1
RSSI: -97
LED Errors: 0
Version: 3
Revision: 0

2025-03-22 13:59:04.324232
Sender: 1
Head 0: A
Head 1: O
Head 2: O
Head 3: O
Captures: 1
Releases: 0
Turnouts: 0
Voltage: 13.3
RSSI: -99
LED Errors: 0
Version: 3
Revision: 0

2025-03-22 13:59:06.027376
Sender: 1
Head 0: A
Head 1: O
Head 2: O
Head 3: O
Captures: 0
Releases: 0
Turnouts: 0
Voltage: 13.2
RSSI: -99
LED Errors: 0
Version: 3
Revision: 0

2025-03-22 13:59:06.436964
Sender: 18
Head 0: G
Head 1: O
Head 2: O
Head 3: O
Captures: 0
Releases: 0
Turnouts: 0
Voltage: 11.6
RSSI: -109
LED Errors: 0
Version: 3
Revision: 0

2025-03-22 13:59:06.950952
Sender: 5
Head 0: A
Head 1: O
Head 2: O
Head 3: O
Captures: 0
Releases: 0
Turnouts: 0
Voltage: 13.3
RSSI: 0
LED Errors: 0
Version: 3
Revision: 1

2025-03-22 13:59:07.249277
Sender: 17
Head 0: A
Head 1: G
Head 2: O
Head 3: O
Captures: 0
Releases: 0
Turnouts: 0
Voltage: 12.0
RSSI: -97
LED Errors: 8704
Version: 3
Revision: 0

2025-03-22 13:59:07.656348
Sender: 19
Head 0: R
Head 1: O
Head 2: O
Head 3: O
Captures: 0
Releases: 0
Turnouts: 0
Voltage: 12.0
RSSI: -92
LED Errors: 0
Version: 3
Revision: 0

2025-03-22 13:59:07.929351
Sender: 21
Head 0: G
Head 1: O
Head 2: O
Head 3: O
Captures: 0
Releases: 0
Turnouts: 0
Voltage: 12.0
RSSI: -101
LED Errors: 0
Version: 3
Revision: 0

2025-03-22 14:12:48.345601
Sender: 1
Head 0: G
Head 1: O
Head 2: O
Head 3: O
Captures: 0
Releases: 0
Turnouts: 0
Voltage: 13.2
RSSI: -99
LED Errors: 0
Version: 3
Revision: 0

2025-03-22 14:12:48.759750
Sender: 2
Head 0: G
Head 1: O
Head 2: O
Head 3: O
Captures: 0
Releases: 0
Turnouts: 0
Voltage: 13.4
RSSI: -97
LED Errors: 0
Version: 3
Revision: 0

2025-03-22 14:12:49.392186
Sender: 5
Head 0: G
Head 1: O
Head 2: O
Head 3: O
Captures: 0
Releases: 0
Turnouts: 0
Voltage: 13.4
RSSI: 0
LED Errors: 0
Version: 3
Revision: 1

2025-03-22 14:12:49.692132
Sender: 18
Head 0: G
Head 1: O
Head 2: O
Head 3: O
Captures: 0
Releases: 0
Turnouts: 0
Voltage: 11.6
RSSI: -109
LED Errors: 0
Version: 3
Revision: 0

2025-03-22 14:12:55.223650
Sender: 17
Head 0: G
Head 1: G
Head 2: O
Head 3: O
Captures: 0
Releases: 0
Turnouts: 0
Voltage: 12.0
RSSI: -97
LED Errors: 8704
Version: 3
Revision: 0

2025-03-22 14:12:55.619853
Sender: 19
Head 0: G
Head 1: O
Head 2: O
Head 3: O
Captures: 0
Releases: 0
Turnouts: 0
Voltage: 12.0
RSSI: -92
LED Errors: 0
Version: 3
Revision: 0

2025-03-22 14:12:55.903522
Sender: 21
Head 0: G
Head 1: O
Head 2: O
Head 3: O
Captures: 0
Releases: 0
Turnouts: 0
Voltage: 12.0
RSSI: -101
LED Errors: 0
Version: 3
Revision: 0

2025-03-22 14:28:31.685252
Sender: 1
Head 0: G
Head 1: O
Head 2: O
Head 3: O
Captures: 0
Releases: 0
Turnouts: 0
Voltage: 13.2
RSSI: -99
LED Errors: 0
Version: 3
Revision: 0

2025-03-22 14:28:32.073545
Sender: 2
Head 0: G
Head 1: O
Head 2: O
Head 3: O
Captures: 0
Releases: 0
Turnouts: 0
Voltage: 13.3
RSSI: -97
LED Errors: 0
Version: 3
Revision: 0

2025-03-22 14:28:32.751079
Sender: 5
Head 0: G
Head 1: O
Head 2: O
Head 3: O
Captures: 0
Releases: 0
Turnouts: 0
Voltage: 13.1
RSSI: 0
LED Errors: 0
Version: 3
Revision: 1

2025-03-22 14:28:33.053056
Sender: 17
Head 0: A
Head 1: R
Head 2: O
Head 3: O
Captures: 0
Releases: 0
Turnouts: 0
Voltage: 12.1
RSSI: -97
LED Errors: 8704
Version: 3
Revision: 0

2025-03-22 14:28:33.638965
Sender: 19
Head 0: R
Head 1: O
Head 2: O
Head 3: O
Captures: 0
Releases: 0
Turnouts: 0
Voltage: 12.0
RSSI: -92
LED Errors: 0
Version: 3
Revision: 0

2025-03-22 14:28:33.873142
Sender: 21
Head 0: R
Head 1: O
Head 2: O
Head 3: O
Captures: 0
Releases: 0
Turnouts: 0
Voltage: 12.0
RSSI: -101
LED Errors: 0
Version: 3
Revision: 0

2025-03-22 14:28:38.561238
Sender: 18
Head 0: A
Head 1: O
Head 2: O
Head 3: O
Captures: 0
Releases: 0
Turnouts: 0
Voltage: 11.5
RSSI: -109
LED Errors: 0
Version: 3
Revision: 0

2025-03-22 14:44:14.530401
Sender: 1
Head 0: A
Head 1: O
Head 2: O
Head 3: O
Captures: 0
Releases: 0
Turnouts: 0
Voltage: 13.5
RSSI: -99
LED Errors: 0
Version: 3
Revision: 0

2025-03-22 14:44:15.461818
Sender: 5
Head 0: R
Head 1: O
Head 2: O
Head 3: O
Captures: 0
Releases: 0
Turnouts: 0
Voltage: 13.4
RSSI: 0
LED Errors: 0
Version: 3
Revision: 1

2025-03-22 14:44:15.873425
Sender: 17
Head 0: A
Head 1: G
Head 2: O
Head 3: O
Captures: 0
Releases: 0
Turnouts: 0
Voltage: 12.0
RSSI: -97
LED Errors: 8704
Version: 3
Revision: 0

2025-03-22 14:44:16.105708
Sender: 18
Head 0: G
Head 1: O
Head 2: O
Head 3: O
Captures: 0
Releases: 0
Turnouts: 0
Voltage: 11.8
RSSI: -109
LED Errors: 0
Version: 3
Revision: 0

2025-03-22 14:44:16.341861
Sender: 19
Head 0: R
Head 1: O
Head 2: O
Head 3: O
Captures: 0
Releases: 0
Turnouts: 0
Voltage: 12.0
RSSI: -92
LED Errors: 0
Version: 3
Revision: 0

2025-03-22 14:44:16.807175
Sender: 2
Head 0: G
Head 1: O
Head 2: O
Head 3: O
Captures: 0
Releases: 0
Turnouts: 0
Voltage: 13.2
RSSI: -97
LED Errors: 0
Version: 3
Revision: 0

2025-03-22 14:44:21.416133
Sender: 21
Head 0: G
Head 1: O
Head 2: O
Head 3: O
Captures: 0
Releases: 0
Turnouts: 0
Voltage: 12.0
RSSI: -101
LED Errors: 0
Version: 3
Revision: 0

2025-03-22 14:44:25.077687
Sender: 1
Head 0: G
Head 1: O
Head 2: O
Head 3: O
Captures: 0
Releases: 0
Turnouts: 0
Voltage: 13.5
RSSI: -99
LED Errors: 0
Version: 3
Revision: 0

2025-03-22 14:44:26.083714
Sender: 1
Head 0: G
Head 1: O
Head 2: O
Head 3: O
Captures: 0
Releases: 0
Turnouts: 0
Voltage: 13.5
RSSI: -99
LED Errors: 0
Version: 3
Revision: 0

2025-03-22 14:44:28.916971
Sender: 2
Head 0: R
Head 1: O
Head 2: O
Head 3: O
Captures: 0
Releases: 0
Turnouts: 0
Voltage: 13.3
RSSI: -97
LED Errors: 0
Version: 3
Revision: 0

2025-03-22 14:44:29.201111
Sender: 1
Head 0: A
Head 1: O
Head 2: O
Head 3: O
Captures: 1
Releases: 0
Turnouts: 0
Voltage: 13.5
RSSI: -99
LED Errors: 0
Version: 3
Revision: 0

2025-03-22 14:44:29.922720
Sender: 2
Head 0: R
Head 1: O
Head 2: O
Head 3: O
Captures: 0
Releases: 0
Turnouts: 0
Voltage: 13.3
RSSI: -97
LED Errors: 0
Version: 3
Revision: 0

2025-03-22 14:44:30.928653
Sender: 2
Head 0: R
Head 1: O
Head 2: O
Head 3: O
Captures: 0
Releases: 0
Turnouts: 0
Voltage: 13.3
RSSI: -97
LED Errors: 0
Version: 3
Revision: 0

2025-03-22 14:44:33.729402
Sender: 5
Head 0: R
Head 1: O
Head 2: O
Head 3: O
Captures: 0
Releases: 0
Turnouts: 0
Voltage: 13.4
RSSI: 0
LED Errors: 0
Version: 3
Revision: 1

2025-03-22 14:44:34.233669
Sender: 5
Head 0: R
Head 1: O
Head 2: O
Head 3: O
Captures: 0
Releases: 0
Turnouts: 0
Voltage: 13.4
RSSI: 0
LED Errors: 0
Version: 3
Revision: 1

2025-03-22 14:44:34.740149
Sender: 5
Head 0: G
Head 1: O
Head 2: O
Head 3: O
Captures: 0
Releases: 0
Turnouts: 0
Voltage: 13.4
RSSI: 0
LED Errors: 0
Version: 3
Revision: 1

2025-03-22 14:44:35.244191
Sender: 5
Head 0: G
Head 1: O
Head 2: O
Head 3: O
Captures: 0
Releases: 0
Turnouts: 0
Voltage: 13.4
RSSI: 0
LED Errors: 0
Version: 3
Revision: 1

2025-03-22 14:44:35.748700
Sender: 5
Head 0: G
Head 1: O
Head 2: O
Head 3: O
Captures: 0
Releases: 0
Turnouts: 0
Voltage: 13.4
RSSI: 0
LED Errors: 0
Version: 3
Revision: 1

2025-03-22 14:44:36.254207
Sender: 5
Head 0: G
Head 1: O
Head 2: O
Head 3: O
Captures: 0
Releases: 0
Turnouts: 0
Voltage: 13.4
RSSI: 0
LED Errors: 0
Version: 3
Revision: 1

2025-03-22 14:44:36.759108
Sender: 5
Head 0: A
Head 1: O
Head 2: O
Head 3: O
Captures: 0
Releases: 0
Turnouts: 0
Voltage: 13.4
RSSI: 0
LED Errors: 0
Version: 3
Revision: 1

2025-03-22 14:44:37.264186
Sender: 5
Head 0: A
Head 1: O
Head 2: O
Head 3: O
Captures: 0
Releases: 0
Turnouts: 0
Voltage: 13.4
RSSI: 0
LED Errors: 0
Version: 3
Revision: 1

2025-03-22 14:44:37.769271
Sender: 5
Head 0: A
Head 1: O
Head 2: O
Head 3: O
Captures: 0
Releases: 0
Turnouts: 0
Voltage: 13.4
RSSI: 0
LED Errors: 0
Version: 3
Revision: 1

2025-03-22 14:59:57.437329
Sender: 1
Head 0: A
Head 1: O
Head 2: O
Head 3: O
Captures: 0
Releases: 0
Turnouts: 0
Voltage: 13.2
RSSI: -99
LED Errors: 0
Version: 3
Revision: 0

2025-03-22 14:59:58.387778
Sender: 5
Head 0: G
Head 1: O
Head 2: O
Head 3: O
Captures: 0
Releases: 0
Turnouts: 0
Voltage: 13.7
RSSI: 0
LED Errors: 0
Version: 3
Revision: 1

2025-03-22 14:59:58.673173
Sender: 17
Head 0: G
Head 1: G
Head 2: O
Head 3: O
Captures: 0
Releases: 0
Turnouts: 0
Voltage: 12.0
RSSI: -97
LED Errors: 8704
Version: 3
Revision: 0

2025-03-22 14:59:59.030333
Sender: 18
Head 0: G
Head 1: O
Head 2: O
Head 3: O
Captures: 0
Releases: 0
Turnouts: 0
Voltage: 11.7
RSSI: -109
LED Errors: 0
Version: 3
Revision: 0

2025-03-22 14:59:59.442804
Sender: 19
Head 0: G
Head 1: O
Head 2: O
Head 3: O
Captures: 0
Releases: 0
Turnouts: 0
Voltage: 12.0
RSSI: -92
LED Errors: 0
Version: 3
Revision: 0

2025-03-22 14:59:59.713751
Sender: 21
Head 0: G
Head 1: O
Head 2: O
Head 3: O
Captures: 0
Releases: 0
Turnouts: 0
Voltage: 12.0
RSSI: -101
LED Errors: 0
Version: 3
Revision: 0

2025-03-22 15:00:00.244332
Sender: 2
Head 0: R
Head 1: O
Head 2: O
Head 3: O
Captures: 0
Releases: 0
Turnouts: 0
Voltage: 13.4
RSSI: -97
LED Errors: 0
Version: 3
Revision: 0

2025-03-22 15:13:45.016940
Sender: 1
Head 0: G
Head 1: O
Head 2: O
Head 3: O
Captures: 0
Releases: 0
Turnouts: 0
Voltage: 14.3
RSSI: -99
LED Errors: 0
Version: 3
Revision: 0

2025-03-22 15:13:45.424688
Sender: 2
Head 0: G
Head 1: O
Head 2: O
Head 3: O
Captures: 0
Releases: 0
Turnouts: 0
Voltage: 13.5
RSSI: -97
LED Errors: 0
Version: 3
Revision: 0

2025-03-22 15:13:46.073137
Sender: 5
Head 0: A
Head 1: O
Head 2: O
Head 3: O
Captures: 0
Releases: 0
Turnouts: 0
Voltage: 13.1
RSSI: 0
LED Errors: 0
Version: 3
Revision: 1

2025-03-22 15:13:46.714039
Sender: 19
Head 0: G
Head 1: O
Head 2: O
Head 3: O
Captures: 0
Releases: 0
Turnouts: 0
Voltage: 12.0
RSSI: -92
LED Errors: 0
Version: 3
Revision: 0

2025-03-22 15:13:47.005653
Sender: 21
Head 0: R
Head 1: O
Head 2: O
Head 3: O
Captures: 0
Releases: 0
Turnouts: 0
Voltage: 12.0
RSSI: -101
LED Errors: 0
Version: 3
Revision: 0

2025-03-22 15:13:51.946497
Sender: 17
Head 0: G
Head 1: R
Head 2: O
Head 3: O
Captures: 0
Releases: 0
Turnouts: 0
Voltage: 12.1
RSSI: -97
LED Errors: 8704
Version: 3
Revision: 0

2025-03-22 15:13:52.927937
Sender: 18
Head 0: A
Head 1: O
Head 2: O
Head 3: O
Captures: 0
Releases: 0
Turnouts: 0
Voltage: 11.6
RSSI: -109
LED Errors: 0
Version: 3
Revision: 0

2025-03-22 15:14:06.434816
Sender: 5
Head 0: A
Head 1: O
Head 2: O
Head 3: O
Captures: 0
Releases: 0
Turnouts: 0
Voltage: 13.1
RSSI: 0
LED Errors: 0
Version: 3
Revision: 1

2025-03-22 15:14:06.939675
Sender: 5
Head 0: G
Head 1: O
Head 2: O
Head 3: O
Captures: 0
Releases: 0
Turnouts: 0
Voltage: 13.1
RSSI: 0
LED Errors: 0
Version: 3
Revision: 1

2025-03-22 15:14:16.053664
Sender: 1
Head 0: R
Head 1: O
Head 2: O
Head 3: O
Captures: 0
Releases: 0
Turnouts: 0
Voltage: 14.0
RSSI: -99
LED Errors: 0
Version: 3
Revision: 0

2025-03-22 15:14:17.152089
Sender: 2
Head 0: A
Head 1: O
Head 2: O
Head 3: O
Captures: 0
Releases: 0
Turnouts: 0
Voltage: 13.4
RSSI: -97
LED Errors: 0
Version: 3
Revision: 0

2025-03-22 15:14:18.158124
Sender: 2
Head 0: A
Head 1: O
Head 2: O
Head 3: O
Captures: 0
Releases: 0
Turnouts: 0
Voltage: 13.4
RSSI: -97
LED Errors: 0
Version: 3
Revision: 0

2025-03-22 15:14:23.059683
Sender: 1
Head 0: R
Head 1: O
Head 2: O
Head 3: O
Captures: 0
Releases: 0
Turnouts: 0
Voltage: 13.4
RSSI: -99
LED Errors: 0
Version: 3
Revision: 0

2025-03-22 15:29:28.072408
Sender: 1
Head 0: G
Head 1: O
Head 2: O
Head 3: O
Captures: 0
Releases: 0
Turnouts: 0
Voltage: 13.3
RSSI: -99
LED Errors: 0
Version: 3
Revision: 0

2025-03-22 15:29:28.465653
Sender: 2
Head 0: G
Head 1: O
Head 2: O
Head 3: O
Captures: 0
Releases: 0
Turnouts: 0
Voltage: 13.4
RSSI: -97
LED Errors: 0
Version: 3
Revision: 0

2025-03-22 15:29:29.097505
Sender: 5
Head 0: A
Head 1: O
Head 2: O
Head 3: O
Captures: 0
Releases: 0
Turnouts: 0
Voltage: 13.3
RSSI: 0
LED Errors: 0
Version: 3
Revision: 1

2025-03-22 15:29:29.745696
Sender: 19
Head 0: R
Head 1: O
Head 2: O
Head 3: O
Captures: 0
Releases: 0
Turnouts: 0
Voltage: 12.0
RSSI: -92
LED Errors: 0
Version: 3
Revision: 0

2025-03-22 15:29:29.969361
Sender: 21
Head 0: G
Head 1: O
Head 2: O
Head 3: O
Captures: 0
Releases: 0
Turnouts: 0
Voltage: 12.0
RSSI: -101
LED Errors: 0
Version: 3
Revision: 0

2025-03-22 15:29:30.380551
Sender: 17
Head 0: A
Head 1: G
Head 2: O
Head 3: O
Captures: 0
Releases: 0
Turnouts: 0
Voltage: 12.1
RSSI: -97
LED Errors: 8704
Version: 3
Revision: 0

2025-03-22 15:29:35.054391
Sender: 18
Head 0: G
Head 1: O
Head 2: O
Head 3: O
Captures: 0
Releases: 0
Turnouts: 0
Voltage: 11.8
RSSI: -109
LED Errors: 0
Version: 3
Revision: 0

2025-03-22 15:29:50.066717
Sender: 1
Head 0: G
Head 1: O
Head 2: O
Head 3: O
Captures: 0
Releases: 0
Turnouts: 0
Voltage: 13.7
RSSI: -99
LED Errors: 0
Version: 3
Revision: 0

2025-03-22 15:30:02.073386
Sender: 1
Head 0: G
Head 1: O
Head 2: O
Head 3: O
Captures: 0
Releases: 0
Turnouts: 0
Voltage: 14.2
RSSI: -99
LED Errors: 0
Version: 3
Revision: 0

2025-03-22 15:45:12.293466
Sender: 5
Head 0: R
Head 1: O
Head 2: O
Head 3: O
Captures: 0
Releases: 0
Turnouts: 0
Voltage: 13.1
RSSI: 0
LED Errors: 0
Version: 3
Revision: 1

2025-03-22 15:45:15.011448
Sender: 1
Head 0: G
Head 1: O
Head 2: O
Head 3: O
Captures: 0
Releases: 0
Turnouts: 0
Voltage: 13.3
RSSI: -99
LED Errors: 0
Version: 3
Revision: 0

2025-03-22 15:45:15.241162
Sender: 2
Head 0: G
Head 1: O
Head 2: O
Head 3: O
Captures: 0
Releases: 0
Turnouts: 0
Voltage: 13.3
RSSI: -97
LED Errors: 0
Version: 3
Revision: 0

2025-03-22 15:45:15.627450
Sender: 17
Head 0: G
Head 1: G
Head 2: O
Head 3: O
Captures: 0
Releases: 0
Turnouts: 0
Voltage: 12.1
RSSI: -97
LED Errors: 8704
Version: 3
Revision: 0

2025-03-22 15:45:16.257186
Sender: 19
Head 0: G
Head 1: O
Head 2: O
Head 3: O
Captures: 0
Releases: 0
Turnouts: 0
Voltage: 12.0
RSSI: -92
LED Errors: 0
Version: 3
Revision: 0

2025-03-22 15:45:16.549380
Sender: 21
Head 0: G
Head 1: O
Head 2: O
Head 3: O
Captures: 0
Releases: 0
Turnouts: 0
Voltage: 12.1
RSSI: -101
LED Errors: 0
Version: 3
Revision: 0

2025-03-22 15:45:16.718834
Sender: 18
Head 0: G
Head 1: O
Head 2: O
Head 3: O
Captures: 0
Releases: 0
Turnouts: 0
Voltage: 11.7
RSSI: -109
LED Errors: 0
Version: 3
Revision: 0

2025-03-22 15:45:41.994707
Sender: 1
Head 0: G
Head 1: O
Head 2: O
Head 3: O
Captures: 0
Releases: 0
Turnouts: 0
Voltage: 13.8
RSSI: -99
LED Errors: 0
Version: 3
Revision: 0

2025-03-22 15:45:47.317146
Sender: 17
Head 0: G
Head 1: G
Head 2: O
Head 3: O
Captures: 0
Releases: 0
Turnouts: 0
Voltage: 12.1
RSSI: -97
LED Errors: 8704
Version: 3
Revision: 0

2025-03-22 15:45:49.322710
Sender: 17
Head 0: G
Head 1: G
Head 2: O
Head 3: O
Captures: 0
Releases: 0
Turnouts: 0
Voltage: 12.1
RSSI: -97
LED Errors: 8704
Version: 3
Revision: 0

2025-03-22 15:45:53.999412
Sender: 1
Head 0: G
Head 1: O
Head 2: O
Head 3: O
Captures: 0
Releases: 0
Turnouts: 0
Voltage: 14.2
RSSI: -99
LED Errors: 0
Version: 3
Revision: 0

2025-03-22 16:00:57.013359
Sender: 1
Head 0: G
Head 1: O
Head 2: O
Head 3: O
Captures: 0
Releases: 0
Turnouts: 0
Voltage: 13.2
RSSI: -99
LED Errors: 0
Version: 3
Revision: 0

2025-03-22 16:00:57.413155
Sender: 2
Head 0: G
Head 1: O
Head 2: O
Head 3: O
Captures: 0
Releases: 0
Turnouts: 0
Voltage: 13.1
RSSI: -97
LED Errors: 0
Version: 3
Revision: 0

2025-03-22 16:00:58.083219
Sender: 5
Head 0: G
Head 1: O
Head 2: O
Head 3: O
Captures: 0
Releases: 0
Turnouts: 0
Voltage: 13.1
RSSI: 0
LED Errors: 0
Version: 3
Revision: 1

2025-03-22 16:00:58.567264
Sender: 18
Head 0: G
Head 1: O
Head 2: O
Head 3: O
Captures: 0
Releases: 0
Turnouts: 0
Voltage: 11.7
RSSI: -109
LED Errors: 0
Version: 3
Revision: 0

2025-03-22 16:00:58.861737
Sender: 19
Head 0: G
Head 1: O
Head 2: O
Head 3: O
Captures: 0
Releases: 0
Turnouts: 0
Voltage: 12.0
RSSI: -92
LED Errors: 0
Version: 3
Revision: 0

2025-03-22 16:00:59.257763
Sender: 21
Head 0: G
Head 1: O
Head 2: O
Head 3: O
Captures: 0
Releases: 0
Turnouts: 0
Voltage: 12.0
RSSI: -101
LED Errors: 0
Version: 3
Revision: 0

2025-03-22 16:01:03.956963
Sender: 17
Head 0: G
Head 1: G
Head 2: O
Head 3: O
Captures: 0
Releases: 0
Turnouts: 1
Voltage: 12.0
RSSI: -97
LED Errors: 8704
Version: 3
Revision: 0

2025-03-22 16:01:23.068149
Sender: 17
Head 0: G
Head 1: G
Head 2: O
Head 3: O
Captures: 0
Releases: 0
Turnouts: 1
Voltage: 12.1
RSSI: -97
LED Errors: 8704
Version: 3
Revision: 0

2025-03-22 16:01:28.257895
Sender: 17
Head 0: G
Head 1: G
Head 2: O
Head 3: O
Captures: 0
Releases: 0
Turnouts: 1
Voltage: 12.0
RSSI: -97
LED Errors: 8704
Version: 3
Revision: 0

2025-03-22 16:01:29.257508
Sender: 17
Head 0: G
Head 1: G
Head 2: O
Head 3: O
Captures: 0
Releases: 0
Turnouts: 1
Voltage: 12.0
RSSI: -97
LED Errors: 8704
Version: 3
Revision: 0

2025-03-22 16:14:42.557845
Sender: 19
Head 0: R
Head 1: O
Head 2: O
Head 3: O
Captures: 0
Releases: 0
Turnouts: 0
Voltage: 12.0
RSSI: -92
LED Errors: 0
Version: 3
Revision: 0

2025-03-22 16:14:42.783733
Sender: 17
Head 0: A
Head 1: A
Head 2: O
Head 3: O
Captures: 1
Releases: 0
Turnouts: 0
Voltage: 12.0
RSSI: -97
LED Errors: 8704
Version: 3
Revision: 0

2025-03-22 16:14:43.112302
Sender: 1
Head 0: G
Head 1: O
Head 2: O
Head 3: O
Captures: 0
Releases: 0
Turnouts: 0
Voltage: 13.3
RSSI: -99
LED Errors: 0
Version: 3
Revision: 0

2025-03-22 16:14:44.226388
Sender: 21
Head 0: G
Head 1: O
Head 2: O
Head 3: O
Captures: 0
Releases: 0
Turnouts: 0
Voltage: 12.0
RSSI: -101
LED Errors: 0
Version: 3
Revision: 0

2025-03-22 16:14:44.520185
Sender: 5
Head 0: A
Head 1: O
Head 2: O
Head 3: O
Captures: 0
Releases: 0
Turnouts: 0
Voltage: 13.1
RSSI: 0
LED Errors: 0
Version: 3
Revision: 1

2025-03-22 16:14:44.684084
Sender: 2
Head 0: G
Head 1: O
Head 2: O
Head 3: O
Captures: 0
Releases: 0
Turnouts: 0
Voltage: 13.0
RSSI: -97
LED Errors: 0
Version: 3
Revision: 0

2025-03-22 16:14:44.919433
Sender: 17
Head 0: A
Head 1: A
Head 2: O
Head 3: O
Captures: 0
Releases: 0
Turnouts: 0
Voltage: 12.0
RSSI: -97
LED Errors: 8704
Version: 3
Revision: 0

2025-03-22 16:14:45.670764
Sender: 17
Head 0: A
Head 1: A
Head 2: O
Head 3: O
Captures: 0
Releases: 0
Turnouts: 0
Voltage: 12.0
RSSI: -97
LED Errors: 8704
Version: 3
Revision: 0

2025-03-22 16:14:46.921081
Sender: 17
Head 0: A
Head 1: G
Head 2: O
Head 3: O
Captures: 0
Releases: 0
Turnouts: 0
Voltage: 12.0
RSSI: -97
LED Errors: 8704
Version: 3
Revision: 0

2025-03-22 16:14:49.458854
Sender: 18
Head 0: G
Head 1: O
Head 2: O
Head 3: O
Captures: 0
Releases: 0
Turnouts: 0
Voltage: 11.7
RSSI: -109
LED Errors: 0
Version: 3
Revision: 0

2025-03-22 16:15:24.519854
Sender: 5
Head 0: A
Head 1: O
Head 2: O
Head 3: O
Captures: 0
Releases: 0
Turnouts: 0
Voltage: 13.0
RSSI: 0
LED Errors: 0
Version: 3
Revision: 1

2025-03-22 16:15:25.025181
Sender: 5
Head 0: A
Head 1: O
Head 2: O
Head 3: O
Captures: 0
Releases: 0
Turnouts: 0
Voltage: 13.0
RSSI: 0
LED Errors: 0
Version: 3
Revision: 1

2025-03-22 16:15:25.529255
Sender: 5
Head 0: G
Head 1: O
Head 2: O
Head 3: O
Captures: 0
Releases: 0
Turnouts: 0
Voltage: 13.0
RSSI: 0
LED Errors: 0
Version: 3
Revision: 1

2025-03-22 16:30:25.366844
Sender: 1
Head 0: R
Head 1: O
Head 2: O
Head 3: O
Captures: 0
Releases: 0
Turnouts: 0
Voltage: 13.5
RSSI: -99
LED Errors: 0
Version: 3
Revision: 0

2025-03-22 16:30:25.764617
Sender: 2
Head 0: A
Head 1: O
Head 2: O
Head 3: O
Captures: 0
Releases: 0
Turnouts: 0
Voltage: 12.9
RSSI: -97
LED Errors: 0
Version: 3
Revision: 0

2025-03-22 16:30:26.413290
Sender: 5
Head 0: A
Head 1: O
Head 2: O
Head 3: O
Captures: 0
Releases: 0
Turnouts: 0
Voltage: 13.1
RSSI: 0
LED Errors: 0
Version: 3
Revision: 1

2025-03-22 16:30:26.694521
Sender: 17
Head 0: G
Head 1: G
Head 2: O
Head 3: O
Captures: 0
Releases: 0
Turnouts: 0
Voltage: 12.0
RSSI: -97
LED Errors: 0
Version: 3
Revision: 0

2025-03-22 16:30:27.329966
Sender: 19
Head 0: G
Head 1: O
Head 2: O
Head 3: O
Captures: 0
Releases: 0
Turnouts: 0
Voltage: 12.0
RSSI: -92
LED Errors: 0
Version: 3
Revision: 0

2025-03-22 16:30:27.556919
Sender: 21
Head 0: G
Head 1: O
Head 2: O
Head 3: O
Captures: 0
Releases: 0
Turnouts: 0
Voltage: 12.1
RSSI: -101
LED Errors: 0
Version: 3
Revision: 0

2025-03-22 16:30:32.338330
Sender: 18
Head 0: G
Head 1: O
Head 2: O
Head 3: O
Captures: 0
Releases: 0
Turnouts: 0
Voltage: 11.7
RSSI: -109
LED Errors: 0
Version: 3
Revision: 0

2025-03-22 16:30:50.142931
Sender: 5
Head 0: A
Head 1: O
Head 2: O
Head 3: O
Captures: 0
Releases: 0
Turnouts: 0
Voltage: 13.1
RSSI: 0
LED Errors: 0
Version: 3
Revision: 1

2025-03-22 16:30:50.647855
Sender: 5
Head 0: A
Head 1: O
Head 2: O
Head 3: O
Captures: 0
Releases: 0
Turnouts: 0
Voltage: 13.1
RSSI: 0
LED Errors: 0
Version: 3
Revision: 1

2025-03-22 16:31:00.066032
Sender: 1
Head 0: G
Head 1: O
Head 2: O
Head 3: O
Captures: 0
Releases: 1
Turnouts: 0
Voltage: 13.5
RSSI: -99
LED Errors: 0
Version: 3
Revision: 0

2025-03-22 16:31:02.072385
Sender: 1
Head 0: G
Head 1: O
Head 2: O
Head 3: O
Captures: 0
Releases: 0
Turnouts: 0
Voltage: 13.5
RSSI: -99
LED Errors: 0
Version: 3
Revision: 0

2025-03-22 16:31:10.032645
Sender: 2
Head 0: G
Head 1: O
Head 2: O
Head 3: O
Captures: 0
Releases: 0
Turnouts: 0
Voltage: 12.9
RSSI: -97
LED Errors: 0
Version: 3
Revision: 0

2025-03-22 16:46:08.314157
Sender: 1
Head 0: G
Head 1: O
Head 2: O
Head 3: O
Captures: 0
Releases: 0
Turnouts: 0
Voltage: 13.5
RSSI: -99
LED Errors: 0
Version: 3
Revision: 0

2025-03-22 16:46:08.729584
Sender: 2
Head 0: G
Head 1: O
Head 2: O
Head 3: O
Captures: 0
Releases: 0
Turnouts: 0
Voltage: 12.9
RSSI: -97
LED Errors: 0
Version: 3
Revision: 0

2025-03-22 16:46:09.371982
Sender: 5
Head 0: G
Head 1: O
Head 2: O
Head 3: O
Captures: 0
Releases: 0
Turnouts: 0
Voltage: 13.0
RSSI: 0
LED Errors: 0
Version: 3
Revision: 1

2025-03-22 16:46:09.673069
Sender: 18
Head 0: G
Head 1: O
Head 2: O
Head 3: O
Captures: 0
Releases: 0
Turnouts: 0
Voltage: 11.7
RSSI: -109
LED Errors: 0
Version: 3
Revision: 0

2025-03-22 16:46:10.182945
Sender: 19
Head 0: R
Head 1: O
Head 2: O
Head 3: O
Captures: 0
Releases: 0
Turnouts: 0
Voltage: 12.0
RSSI: -92
LED Errors: 0
Version: 3
Revision: 0

2025-03-22 16:46:10.627572
Sender: 21
Head 0: G
Head 1: O
Head 2: O
Head 3: O
Captures: 0
Releases: 0
Turnouts: 0
Voltage: 12.1
RSSI: -101
LED Errors: 0
Version: 3
Revision: 0

2025-03-22 16:46:11.362454
Sender: 17
Head 0: A
Head 1: G
Head 2: O
Head 3: O
Captures: 0
Releases: 0
Turnouts: 0
Voltage: 12.0
RSSI: -97
LED Errors: 8704
Version: 3
Revision: 0

2025-03-22 17:01:50.996292
Sender: 1
Head 0: G
Head 1: O
Head 2: O
Head 3: O
Captures: 0
Releases: 0
Turnouts: 0
Voltage: 13.4
RSSI: -99
LED Errors: 0
Version: 3
Revision: 0

2025-03-22 17:01:51.399618
Sender: 2
Head 0: G
Head 1: O
Head 2: O
Head 3: O
Captures: 0
Releases: 0
Turnouts: 0
Voltage: 12.8
RSSI: -97
LED Errors: 0
Version: 3
Revision: 0

2025-03-22 17:01:51.967336
Sender: 5
Head 0: G
Head 1: O
Head 2: O
Head 3: O
Captures: 0
Releases: 0
Turnouts: 0
Voltage: 13.0
RSSI: 0
LED Errors: 0
Version: 3
Revision: 1

2025-03-22 17:01:52.257036
Sender: 17
Head 0: G
Head 1: R
Head 2: O
Head 3: O
Captures: 0
Releases: 0
Turnouts: 0
Voltage: 12.1
RSSI: -97
LED Errors: 8704
Version: 3
Revision: 0

2025-03-22 17:01:52.896945
Sender: 19
Head 0: G
Head 1: O
Head 2: O
Head 3: O
Captures: 0
Releases: 0
Turnouts: 0
Voltage: 12.0
RSSI: -92
LED Errors: 0
Version: 3
Revision: 0

2025-03-22 17:01:53.134424
Sender: 21
Head 0: A
Head 1: O
Head 2: O
Head 3: O
Captures: 0
Releases: 0
Turnouts: 0
Voltage: 12.0
RSSI: -101
LED Errors: 0
Version: 3
Revision: 0

2025-03-22 17:02:07.990161
Sender: 17
Head 0: G
Head 1: G
Head 2: O
Head 3: O
Captures: 0
Releases: 0
Turnouts: 0
Voltage: 12.0
RSSI: -97
LED Errors: 8704
Version: 3
Revision: 0

2025-03-22 17:02:08.864352
Sender: 18
Head 0: G
Head 1: O
Head 2: O
Head 3: O
Captures: 0
Releases: 0
Turnouts: 0
Voltage: 11.6
RSSI: -109
LED Errors: 0
Version: 3
Revision: 0

2025-03-22 17:02:09.688915
Sender: 21
Head 0: R
Head 1: O
Head 2: O
Head 3: O
Captures: 0
Releases: 0
Turnouts: 0
Voltage: 12.0
RSSI: -101
LED Errors: 0
Version: 3
Revision: 0

2025-03-22 17:02:10.871109
Sender: 18
Head 0: A
Head 1: O
Head 2: O
Head 3: O
Captures: 0
Releases: 0
Turnouts: 0
Voltage: 11.6
RSSI: -109
LED Errors: 0
Version: 3
Revision: 0

2025-03-22 17:15:39.243918
Sender: 1
Head 0: R
Head 1: O
Head 2: O
Head 3: O
Captures: 0
Releases: 0
Turnouts: 0
Voltage: 13.6
RSSI: -99
LED Errors: 0
Version: 3
Revision: 0

2025-03-22 17:15:39.640580
Sender: 2
Head 0: A
Head 1: O
Head 2: O
Head 3: O
Captures: 0
Releases: 0
Turnouts: 0
Voltage: 12.8
RSSI: -97
LED Errors: 0
Version: 3
Revision: 0

2025-03-22 17:15:40.282803
Sender: 5
Head 0: G
Head 1: O
Head 2: O
Head 3: O
Captures: 0
Releases: 0
Turnouts: 0
Voltage: 13.0
RSSI: 0
LED Errors: 0
Version: 3
Revision: 1

2025-03-22 17:15:40.584285
Sender: 17
Head 0: G
Head 1: G
Head 2: O
Head 3: O
Captures: 0
Releases: 0
Turnouts: 0
Voltage: 12.0
RSSI: -97
LED Errors: 8704
Version: 3
Revision: 0

2025-03-22 17:15:40.699890
Sender: 18
Head 0: G
Head 1: O
Head 2: O
Head 3: O
Captures: 0
Releases: 0
Turnouts: 0
Voltage: 11.6
RSSI: -109
LED Errors: 0
Version: 3
Revision: 0

2025-03-22 17:15:41.565042
Sender: 21
Head 0: G
Head 1: O
Head 2: O
Head 3: O
Captures: 0
Releases: 0
Turnouts: 0
Voltage: 12.1
RSSI: -101
LED Errors: 0
Version: 3
Revision: 0

2025-03-22 17:15:41.913011
Sender: 19
Head 0: G
Head 1: O
Head 2: O
Head 3: O
Captures: 0
Releases: 0
Turnouts: 0
Voltage: 12.0
RSSI: -92
LED Errors: 0
Version: 3
Revision: 0

2025-03-22 17:16:22.756103
Sender: 1
Head 0: G
Head 1: O
Head 2: O
Head 3: O
Captures: 0
Releases: 1
Turnouts: 0
Voltage: 13.6
RSSI: -99
LED Errors: 0
Version: 3
Revision: 0

2025-03-22 17:31:21.905835
Sender: 1
Head 0: G
Head 1: O
Head 2: O
Head 3: O
Captures: 0
Releases: 0
Turnouts: 0
Voltage: 13.6
RSSI: -99
LED Errors: 0
Version: 3
Revision: 0

2025-03-22 17:31:22.293674
Sender: 2
Head 0: G
Head 1: O
Head 2: O
Head 3: O
Captures: 0
Releases: 0
Turnouts: 0
Voltage: 12.8
RSSI: -97
LED Errors: 0
Version: 3
Revision: 0

2025-03-22 17:31:22.925953
Sender: 5
Head 0: G
Head 1: O
Head 2: O
Head 3: O
Captures: 0
Releases: 0
Turnouts: 0
Voltage: 13.0
RSSI: 0
LED Errors: 0
Version: 3
Revision: 1

2025-03-22 17:31:23.562787
Sender: 19
Head 0: G
Head 1: O
Head 2: O
Head 3: O
Captures: 0
Releases: 0
Turnouts: 0
Voltage: 12.0
RSSI: -92
LED Errors: 0
Version: 3
Revision: 0

2025-03-22 17:31:23.831889
Sender: 21
Head 0: G
Head 1: O
Head 2: O
Head 3: O
Captures: 0
Releases: 0
Turnouts: 0
Voltage: 12.0
RSSI: -101
LED Errors: 0
Version: 3
Revision: 0

2025-03-22 17:31:28.818809
Sender: 17
Head 0: G
Head 1: G
Head 2: O
Head 3: O
Captures: 0
Releases: 0
Turnouts: 0
Voltage: 12.0
RSSI: -97
LED Errors: 8704
Version: 3
Revision: 0

2025-03-22 17:31:29.805627
Sender: 18
Head 0: G
Head 1: O
Head 2: O
Head 3: O
Captures: 0
Releases: 0
Turnouts: 0
Voltage: 11.6
RSSI: -109
LED Errors: 0
Version: 3
Revision: 0

2025-03-22 17:31:49.273750
Sender: 21
Head 0: R
Head 1: O
Head 2: O
Head 3: O
Captures: 0
Releases: 0
Turnouts: 0
Voltage: 12.1
RSSI: -101
LED Errors: 0
Version: 3
Revision: 0

2025-03-22 17:31:50.236608
Sender: 17
Head 0: G
Head 1: R
Head 2: O
Head 3: O
Captures: 0
Releases: 0
Turnouts: 0
Voltage: 12.0
RSSI: -97
LED Errors: 8704
Version: 3
Revision: 0

2025-03-22 17:35:09.926911
Sender: 5
Head 0: R
Head 1: O
Head 2: O
Head 3: O
Captures: 0
Releases: 0
Turnouts: 0
Voltage: 13.1
RSSI: 0
LED Errors: 0
Version: 3
Revision: 1

2025-03-22 17:35:10.432034
Sender: 5
Head 0: R
Head 1: O
Head 2: O
Head 3: O
Captures: 0
Releases: 0
Turnouts: 0
Voltage: 13.1
RSSI: 0
LED Errors: 0
Version: 3
Revision: 1

2025-03-22 17:35:10.936792
Sender: 5
Head 0: G
Head 1: O
Head 2: O
Head 3: O
Captures: 0
Releases: 0
Turnouts: 0
Voltage: 13.0
RSSI: 0
LED Errors: 0
Version: 3
Revision: 1

2025-03-22 17:50:52.973325
Sender: 1
Head 0: A
Head 1: O
Head 2: O
Head 3: O
Captures: 0
Releases: 0
Turnouts: 0
Voltage: 13.4
RSSI: -99
LED Errors: 0
Version: 3
Revision: 0

2025-03-22 17:50:53.379400
Sender: 2
Head 0: R
Head 1: O
Head 2: O
Head 3: O
Captures: 0
Releases: 0
Turnouts: 0
Voltage: 12.7
RSSI: -97
LED Errors: 0
Version: 3
Revision: 0

2025-03-22 17:50:54.026905
Sender: 5
Head 0: G
Head 1: O
Head 2: O
Head 3: O
Captures: 0
Releases: 0
Turnouts: 0
Voltage: 13.0
RSSI: 0
LED Errors: 0
Version: 3
Revision: 1

2025-03-22 17:50:54.323497
Sender: 18
Head 0: A
Head 1: O
Head 2: O
Head 3: O
Captures: 0
Releases: 0
Turnouts: 0
Voltage: 11.5
RSSI: -109
LED Errors: 0
Version: 3
Revision: 0

2025-03-22 17:50:56.365676
Sender: 21
Head 0: G
Head 1: O
Head 2: O
Head 3: O
Captures: 0
Releases: 0
Turnouts: 0
Voltage: 12.0
RSSI: -101
LED Errors: 0
Version: 3
Revision: 0

2025-03-22 17:50:57.274974
Sender: 17
Head 0: A
Head 1: G
Head 2: O
Head 3: O
Captures: 0
Releases: 0
Turnouts: 0
Voltage: 12.0
RSSI: -97
LED Errors: 8704
Version: 3
Revision: 0

2025-03-22 17:50:59.895530
Sender: 19
Head 0: R
Head 1: O
Head 2: O
Head 3: O
Captures: 0
Releases: 0
Turnouts: 0
Voltage: 12.0
RSSI: -92
LED Errors: 0
Version: 3
Revision: 0

2025-03-22 17:51:06.168821
Sender: 18
Head 0: G
Head 1: O
Head 2: O
Head 3: O
Captures: 0
Releases: 0
Turnouts: 0
Voltage: 11.5
RSSI: -109
LED Errors: 0
Version: 3
Revision: 0

2025-03-22 17:51:19.558792
Sender: 2
Head 0: G
Head 1: O
Head 2: O
Head 3: O
Captures: 0
Releases: 1
Turnouts: 0
Voltage: 12.7
RSSI: -97
LED Errors: 0
Version: 3
Revision: 0

2025-03-22 17:51:21.563902
Sender: 2
Head 0: G
Head 1: O
Head 2: O
Head 3: O
Captures: 0
Releases: 0
Turnouts: 0
Voltage: 12.7
RSSI: -97
LED Errors: 0
Version: 3
Revision: 0

2025-03-22 17:51:26.908544
Sender: 1
Head 0: R
Head 1: O
Head 2: O
Head 3: O
Captures: 0
Releases: 0
Turnouts: 0
Voltage: 13.3
RSSI: -99
LED Errors: 0
Version: 3
Revision: 0

2025-03-22 17:51:27.131807
Sender: 2
Head 0: A
Head 1: O
Head 2: O
Head 3: O
Captures: 1
Releases: 0
Turnouts: 0
Voltage: 12.7
RSSI: -97
LED Errors: 0
Version: 3
Revision: 0

2025-03-22 17:51:29.007185
Sender: 2
Head 0: A
Head 1: O
Head 2: O
Head 3: O
Captures: 0
Releases: 0
Turnouts: 0
Voltage: 12.7
RSSI: -97
LED Errors: 0
Version: 3
Revision: 0

2025-03-22 17:51:32.974921
Sender: 5
Head 0: G
Head 1: O
Head 2: O
Head 3: O
Captures: 0
Releases: 0
Turnouts: 0
Voltage: 13.0
RSSI: 0
LED Errors: 0
Version: 3
Revision: 1

2025-03-22 17:51:33.979801
Sender: 5
Head 0: R
Head 1: O
Head 2: O
Head 3: O
Captures: 0
Releases: 0
Turnouts: 0
Voltage: 13.0
RSSI: 0
LED Errors: 0
Version: 3
Revision: 1

2025-03-22 18:06:35.955232
Sender: 1
Head 0: R
Head 1: O
Head 2: O
Head 3: O
Captures: 0
Releases: 0
Turnouts: 0
Voltage: 13.3
RSSI: -99
LED Errors: 0
Version: 3
Revision: 0

2025-03-22 18:06:36.361543
Sender: 2
Head 0: A
Head 1: O
Head 2: O
Head 3: O
Captures: 0
Releases: 0
Turnouts: 0
Voltage: 12.7
RSSI: -97
LED Errors: 0
Version: 3
Revision: 0

2025-03-22 18:06:36.987729
Sender: 5
Head 0: G
Head 1: O
Head 2: O
Head 3: O
Captures: 0
Releases: 0
Turnouts: 0
Voltage: 13.0
RSSI: 0
LED Errors: 0
Version: 3
Revision: 1

2025-03-22 18:06:37.228847
Sender: 17
Head 0: G
Head 1: G
Head 2: O
Head 3: O
Captures: 0
Releases: 0
Turnouts: 0
Voltage: 12.1
RSSI: -97
LED Errors: 8704
Version: 3
Revision: 0

2025-03-22 18:06:37.344482
Sender: 18
Head 0: G
Head 1: O
Head 2: O
Head 3: O
Captures: 0
Releases: 0
Turnouts: 0
Voltage: 11.6
RSSI: -109
LED Errors: 0
Version: 3
Revision: 0

2025-03-22 18:06:37.913272
Sender: 19
Head 0: G
Head 1: O
Head 2: O
Head 3: O
Captures: 0
Releases: 0
Turnouts: 0
Voltage: 12.0
RSSI: -92
LED Errors: 0
Version: 3
Revision: 0

2025-03-22 18:06:38.254443
Sender: 21
Head 0: G
Head 1: O
Head 2: O
Head 3: O
Captures: 0
Releases: 0
Turnouts: 0
Voltage: 12.0
RSSI: -101
LED Errors: 0
Version: 3
Revision: 0

2025-03-22 18:07:19.408178
Sender: 19
Head 0: G
Head 1: O
Head 2: O
Head 3: O
Captures: 0
Releases: 0
Turnouts: 0
Voltage: 12.0
RSSI: -92
LED Errors: 0
Version: 3
Revision: 0

2025-03-22 18:16:36.901142
Sender: 2
Head 0: G
Head 1: O
Head 2: O
Head 3: O
Captures: 0
Releases: 0
Turnouts: 0
Voltage: 12.7
RSSI: -97
LED Errors: 0
Version: 3
Revision: 0

2025-03-22 18:16:37.547500
Sender: 5
Head 0: A
Head 1: O
Head 2: O
Head 3: O
Captures: 0
Releases: 0
Turnouts: 0
Voltage: 12.9
RSSI: 0
LED Errors: 0
Version: 3
Revision: 1

2025-03-22 18:16:38.500210
Sender: 19
Head 0: G
Head 1: O
Head 2: O
Head 3: O
Captures: 0
Releases: 0
Turnouts: 0
Voltage: 12.0
RSSI: -92
LED Errors: 0
Version: 3
Revision: 0

2025-03-22 18:16:38.736992
Sender: 18
Head 0: G
Head 1: O
Head 2: O
Head 3: O
Captures: 0
Releases: 0
Turnouts: 0
Voltage: 11.6
RSSI: -109
LED Errors: 0
Version: 3
Revision: 0

2025-03-22 18:16:39.037850
Sender: 17
Head 0: G
Head 1: G
Head 2: O
Head 3: O
Captures: 0
Releases: 0
Turnouts: 0
Voltage: 12.0
RSSI: -97
LED Errors: 8704
Version: 3
Revision: 0

2025-03-22 18:16:39.549003
Sender: 21
Head 0: G
Head 1: O
Head 2: O
Head 3: O
Captures: 0
Releases: 0
Turnouts: 0
Voltage: 12.0
RSSI: -101
LED Errors: 0
Version: 3
Revision: 0

2025-03-22 18:16:39.662693
Sender: 18
Head 0: G
Head 1: O
Head 2: O
Head 3: O
Captures: 0
Releases: 0
Turnouts: 0
Voltage: 11.6
RSSI: -109
LED Errors: 0
Version: 3
Revision: 0

2025-03-22 18:16:40.609897
Sender: 18
Head 0: G
Head 1: O
Head 2: O
Head 3: O
Captures: 0
Releases: 0
Turnouts: 0
Voltage: 11.6
RSSI: -109
LED Errors: 0
Version: 3
Revision: 0

2025-03-22 18:16:41.614710
Sender: 18
Head 0: G
Head 1: O
Head 2: O
Head 3: O
Captures: 0
Releases: 0
Turnouts: 0
Voltage: 11.6
RSSI: -109
LED Errors: 0
Version: 3
Revision: 0

2025-03-22 18:16:42.620007
Sender: 18
Head 0: G
Head 1: O
Head 2: O
Head 3: O
Captures: 0
Releases: 0
Turnouts: 0
Voltage: 11.6
RSSI: -109
LED Errors: 0
Version: 3
Revision: 0

2025-03-22 18:16:43.467418
Sender: 1
Head 0: G
Head 1: O
Head 2: O
Head 3: O
Captures: 0
Releases: 0
Turnouts: 0
Voltage: 13.2
RSSI: -99
LED Errors: 0
Version: 3
Revision: 0

2025-03-22 18:16:46.759999
Sender: 18
Head 0: G
Head 1: O
Head 2: O
Head 3: O
Captures: 0
Releases: 0
Turnouts: 0
Voltage: 11.6
RSSI: -109
LED Errors: 0
Version: 3
Revision: 0

2025-03-22 18:16:47.764902
Sender: 18
Head 0: G
Head 1: O
Head 2: O
Head 3: O
Captures: 0
Releases: 0
Turnouts: 0
Voltage: 11.6
RSSI: -109
LED Errors: 0
Version: 3
Revision: 0

2025-03-22 18:16:48.770747
Sender: 18
Head 0: G
Head 1: O
Head 2: O
Head 3: O
Captures: 0
Releases: 0
Turnouts: 0
Voltage: 11.6
RSSI: -109
LED Errors: 0
Version: 3
Revision: 0

2025-03-22 18:16:50.779719
Sender: 18
Head 0: G
Head 1: O
Head 2: O
Head 3: O
Captures: 0
Releases: 0
Turnouts: 0
Voltage: 11.5
RSSI: -109
LED Errors: 0
Version: 3
Revision: 0

2025-03-22 18:16:58.411959
Sender: 5
Head 0: A
Head 1: O
Head 2: O
Head 3: O
Captures: 0
Releases: 0
Turnouts: 0
Voltage: 12.9
RSSI: 0
LED Errors: 0
Version: 3
Revision: 1

2025-03-22 18:16:58.955492
Sender: 5
Head 0: G
Head 1: O
Head 2: O
Head 3: O
Captures: 0
Releases: 0
Turnouts: 0
Voltage: 12.9
RSSI: 0
LED Errors: 0
Version: 3
Revision: 1

2025-03-22 18:16:59.958037
Sender: 5
Head 0: A
Head 1: O
Head 2: O
Head 3: O
Captures: 0
Releases: 0
Turnouts: 0
Voltage: 12.9
RSSI: 0
LED Errors: 0
Version: 3
Revision: 1

2025-03-22 18:17:12.731984
Sender: 1
Head 0: R
Head 1: O
Head 2: O
Head 3: O
Captures: 0
Releases: 0
Turnouts: 0
Voltage: 13.2
RSSI: -99
LED Errors: 0
Version: 3
Revision: 0

2025-03-22 18:17:12.956540
Sender: 2
Head 0: A
Head 1: O
Head 2: O
Head 3: O
Captures: 1
Releases: 0
Turnouts: 0
Voltage: 12.7
RSSI: -97
LED Errors: 0
Version: 3
Revision: 0

2025-03-22 18:17:14.875406
Sender: 2
Head 0: A
Head 1: O
Head 2: O
Head 3: O
Captures: 0
Releases: 0
Turnouts: 0
Voltage: 12.7
RSSI: -97
LED Errors: 0
Version: 3
Revision: 0

2025-03-22 18:32:18.513685
Sender: 1
Head 0: G
Head 1: O
Head 2: O
Head 3: O
Captures: 0
Releases: 0
Turnouts: 0
Voltage: 13.2
RSSI: -99
LED Errors: 0
Version: 3
Revision: 0

2025-03-22 18:32:19.438165
Sender: 5
Head 0: G
Head 1: O
Head 2: O
Head 3: O
Captures: 0
Releases: 0
Turnouts: 0
Voltage: 12.9
RSSI: 0
LED Errors: 0
Version: 3
Revision: 1

2025-03-22 18:32:19.850568
Sender: 18
Head 0: G
Head 1: O
Head 2: O
Head 3: O
Captures: 0
Releases: 0
Turnouts: 0
Voltage: 11.6
RSSI: -109
LED Errors: 0
Version: 3
Revision: 0

2025-03-22 18:32:20.089017
Sender: 18
Head 0: G
Head 1: O
Head 2: O
Head 3: O
Captures: 0
Releases: 0
Turnouts: 0
Voltage: 11.6
RSSI: -109
LED Errors: 0
Version: 3
Revision: 0

2025-03-22 18:32:20.207847
Sender: 17
Head 0: G
Head 1: G
Head 2: O
Head 3: O
Captures: 0
Releases: 0
Turnouts: 0
Voltage: 12.0
RSSI: -97
LED Errors: 8704
Version: 3
Revision: 0

2025-03-22 18:32:25.435939
Sender: 2
Head 0: G
Head 1: O
Head 2: O
Head 3: O
Captures: 0
Releases: 0
Turnouts: 0
Voltage: 12.7
RSSI: -97
LED Errors: 0
Version: 3
Revision: 0

2025-03-22 18:32:25.824214
Sender: 19
Head 0: G
Head 1: O
Head 2: O
Head 3: O
Captures: 0
Releases: 0
Turnouts: 0
Voltage: 12.0
RSSI: -92
LED Errors: 0
Version: 3
Revision: 0

2025-03-22 18:32:26.177281
Sender: 21
Head 0: G
Head 1: O
Head 2: O
Head 3: O
Captures: 0
Releases: 0
Turnouts: 0
Voltage: 12.0
RSSI: -101
LED Errors: 0
Version: 3
Revision: 0

2025-03-22 18:48:00.858665
Sender: 17
Head 0: G
Head 1: G
Head 2: O
Head 3: O
Captures: 0
Releases: 0
Turnouts: 0
Voltage: 12.0
RSSI: -97
LED Errors: 8704
Version: 3
Revision: 0

2025-03-22 18:48:01.320208
Sender: 1
Head 0: G
Head 1: O
Head 2: O
Head 3: O
Captures: 0
Releases: 0
Turnouts: 0
Voltage: 13.4
RSSI: -99
LED Errors: 0
Version: 3
Revision: 0

2025-03-22 18:48:01.910606
Sender: 5
Head 0: G
Head 1: O
Head 2: O
Head 3: O
Captures: 0
Releases: 0
Turnouts: 0
Voltage: 12.9
RSSI: 0
LED Errors: 0
Version: 3
Revision: 1

2025-03-22 18:48:02.319669
Sender: 19
Head 0: G
Head 1: O
Head 2: O
Head 3: O
Captures: 0
Releases: 0
Turnouts: 0
Voltage: 12.0
RSSI: -92
LED Errors: 0
Version: 3
Revision: 0

2025-03-22 18:48:02.554320
Sender: 2
Head 0: G
Head 1: O
Head 2: O
Head 3: O
Captures: 0
Releases: 0
Turnouts: 0
Voltage: 12.6
RSSI: -97
LED Errors: 0
Version: 3
Revision: 0

2025-03-22 18:48:02.823797
Sender: 21
Head 0: A
Head 1: O
Head 2: O
Head 3: O
Captures: 0
Releases: 0
Turnouts: 0
Voltage: 11.9
RSSI: -101
LED Errors: 0
Version: 3
Revision: 0

2025-03-22 18:48:03.230855
Sender: 5
Head 0: G
Head 1: O
Head 2: O
Head 3: O
Captures: 0
Releases: 0
Turnouts: 0
Voltage: 12.9
RSSI: 0
LED Errors: 0
Version: 3
Revision: 1

2025-03-22 18:48:07.495965
Sender: 18
Head 0: G
Head 1: O
Head 2: O
Head 3: O
Captures: 0
Releases: 0
Turnouts: 0
Voltage: 11.6
RSSI: -109
LED Errors: 0
Version: 3
Revision: 0

2025-03-22 18:48:10.871653
Sender: 21
Head 0: G
Head 1: O
Head 2: O
Head 3: O
Captures: 0
Releases: 0
Turnouts: 0
Voltage: 12.0
RSSI: -101
LED Errors: 0
Version: 3
Revision: 0

2025-03-22 19:03:42.517355
Sender: 1
Head 0: G
Head 1: O
Head 2: O
Head 3: O
Captures: 0
Releases: 0
Turnouts: 0
Voltage: 13.4
RSSI: -99
LED Errors: 0
Version: 3
Revision: 0

2025-03-22 19:03:43.439822
Sender: 5
Head 0: G
Head 1: O
Head 2: O
Head 3: O
Captures: 0
Releases: 0
Turnouts: 0
Voltage: 12.8
RSSI: 0
LED Errors: 0
Version: 3
Revision: 1

2025-03-22 19:03:44.138341
Sender: 18
Head 0: G
Head 1: O
Head 2: O
Head 3: O
Captures: 0
Releases: 0
Turnouts: 0
Voltage: 11.7
RSSI: -109
LED Errors: 0
Version: 3
Revision: 0

2025-03-22 19:03:44.254318
Sender: 19
Head 0: G
Head 1: O
Head 2: O
Head 3: O
Captures: 0
Releases: 0
Turnouts: 0
Voltage: 12.0
RSSI: -92
LED Errors: 0
Version: 3
Revision: 0

2025-03-22 19:03:44.664516
Sender: 2
Head 0: G
Head 1: O
Head 2: O
Head 3: O
Captures: 0
Releases: 0
Turnouts: 0
Voltage: 12.7
RSSI: -97
LED Errors: 0
Version: 3
Revision: 0

2025-03-22 19:03:45.066384
Sender: 17
Head 0: G
Head 1: G
Head 2: O
Head 3: O
Captures: 0
Releases: 0
Turnouts: 0
Voltage: 12.0
RSSI: -97
LED Errors: 8704
Version: 3
Revision: 0

2025-03-22 19:03:49.384467
Sender: 21
Head 0: G
Head 1: O
Head 2: O
Head 3: O
Captures: 0
Releases: 0
Turnouts: 0
Voltage: 12.0
RSSI: -101
LED Errors: 0
Version: 3
Revision: 0

2025-03-22 19:03:50.376962
Sender: 21
Head 0: G
Head 1: O
Head 2: O
Head 3: O
Captures: 0
Releases: 0
Turnouts: 0
Voltage: 12.0
RSSI: -101
LED Errors: 0
Version: 3
Revision: 0

2025-03-22 19:17:33.374872
Sender: 1
Head 0: G
Head 1: O
Head 2: O
Head 3: O
Captures: 0
Releases: 0
Turnouts: 0
Voltage: 13.2
RSSI: -99
LED Errors: 0
Version: 3
Revision: 0

2025-03-22 19:17:33.790233
Sender: 2
Head 0: G
Head 1: O
Head 2: O
Head 3: O
Captures: 0
Releases: 0
Turnouts: 0
Voltage: 12.7
RSSI: -97
LED Errors: 0
Version: 3
Revision: 0

2025-03-22 19:17:34.449250
Sender: 5
Head 0: G
Head 1: O
Head 2: O
Head 3: O
Captures: 0
Releases: 0
Turnouts: 0
Voltage: 12.9
RSSI: 0
LED Errors: 0
Version: 3
Revision: 1

2025-03-22 19:17:34.748297
Sender: 18
Head 0: G
Head 1: O
Head 2: O
Head 3: O
Captures: 0
Releases: 0
Turnouts: 0
Voltage: 11.7
RSSI: -109
LED Errors: 0
Version: 3
Revision: 0

2025-03-22 19:17:34.866971
Sender: 17
Head 0: G
Head 1: G
Head 2: O
Head 3: O
Captures: 0
Releases: 0
Turnouts: 0
Voltage: 12.0
RSSI: -97
LED Errors: 8704
Version: 3
Revision: 0

2025-03-22 19:17:35.327729
Sender: 18
Head 0: G
Head 1: O
Head 2: O
Head 3: O
Captures: 0
Releases: 0
Turnouts: 0
Voltage: 11.7
RSSI: -109
LED Errors: 0
Version: 3
Revision: 0

2025-03-22 19:17:35.683570
Sender: 19
Head 0: G
Head 1: O
Head 2: O
Head 3: O
Captures: 0
Releases: 0
Turnouts: 0
Voltage: 12.0
RSSI: -92
LED Errors: 0
Version: 3
Revision: 0

2025-03-22 19:17:35.910986
Sender: 18
Head 0: G
Head 1: O
Head 2: O
Head 3: O
Captures: 0
Releases: 0
Turnouts: 0
Voltage: 11.7
RSSI: -109
LED Errors: 0
Version: 3
Revision: 0

2025-03-22 19:17:36.273555
Sender: 18
Head 0: G
Head 1: O
Head 2: O
Head 3: O
Captures: 0
Releases: 0
Turnouts: 0
Voltage: 11.7
RSSI: -109
LED Errors: 0
Version: 3
Revision: 0

2025-03-22 19:17:40.316284
Sender: 21
Head 0: G
Head 1: O
Head 2: O
Head 3: O
Captures: 0
Releases: 0
Turnouts: 0
Voltage: 12.0
RSSI: -101
LED Errors: 0
Version: 3
Revision: 0

2025-03-22 19:33:15.311200
Sender: 1
Head 0: O
Head 1: O
Head 2: O
Head 3: O
Captures: 0
Releases: 0
Turnouts: 0
Voltage: 13.2
RSSI: -99
LED Errors: 0
Version: 3
Revision: 0

2025-03-22 19:33:15.697404
Sender: 2
Head 0: O
Head 1: O
Head 2: O
Head 3: O
Captures: 0
Releases: 0
Turnouts: 0
Voltage: 12.8
RSSI: -97
LED Errors: 0
Version: 3
Revision: 0

2025-03-22 19:33:16.353421
Sender: 5
Head 0: G
Head 1: O
Head 2: O
Head 3: O
Captures: 0
Releases: 0
Turnouts: 0
Voltage: 12.8
RSSI: 0
LED Errors: 0
Version: 3
Revision: 1

2025-03-22 19:33:16.655172
Sender: 17
Head 0: G
Head 1: G
Head 2: O
Head 3: O
Captures: 0
Releases: 0
Turnouts: 0
Voltage: 12.1
RSSI: -97
LED Errors: 8704
Version: 3
Revision: 0

2025-03-22 19:33:16.771229
Sender: 18
Head 0: G
Head 1: O
Head 2: O
Head 3: O
Captures: 0
Releases: 0
Turnouts: 0
Voltage: 11.7
RSSI: -109
LED Errors: 0
Version: 3
Revision: 0

2025-03-22 19:33:22.146467
Sender: 19
Head 0: G
Head 1: O
Head 2: O
Head 3: O
Captures: 0
Releases: 0
Turnouts: 0
Voltage: 12.1
RSSI: -92
LED Errors: 0
Version: 3
Revision: 0

2025-03-22 19:33:22.563678
Sender: 21
Head 0: G
Head 1: O
Head 2: O
Head 3: O
Captures: 0
Releases: 0
Turnouts: 0
Voltage: 12.0
RSSI: -101
LED Errors: 0
Version: 3
Revision: 0

2025-03-22 19:48:57.809376
Sender: 5
Head 0: G
Head 1: O
Head 2: O
Head 3: O
Captures: 0
Releases: 0
Turnouts: 0
Voltage: 12.8
RSSI: 0
LED Errors: 0
Version: 3
Revision: 1

2025-03-22 19:48:58.624111
Sender: 19
Head 0: G
Head 1: O
Head 2: O
Head 3: O
Captures: 0
Releases: 0
Turnouts: 0
Voltage: 12.0
RSSI: -92
LED Errors: 0
Version: 3
Revision: 0

2025-03-22 19:48:58.851370
Sender: 17
Head 0: G
Head 1: G
Head 2: O
Head 3: O
Captures: 0
Releases: 0
Turnouts: 0
Voltage: 12.0
RSSI: -97
LED Errors: 8704
Version: 3
Revision: 0

2025-03-22 19:48:59.093303
Sender: 5
Head 0: G
Head 1: O
Head 2: O
Head 3: O
Captures: 0
Releases: 0
Turnouts: 0
Voltage: 12.8
RSSI: 0
LED Errors: 0
Version: 3
Revision: 1

2025-03-22 19:49:03.856534
Sender: 18
Head 0: G
Head 1: O
Head 2: O
Head 3: O
Captures: 0
Releases: 0
Turnouts: 0
Voltage: 11.6
RSSI: -109
LED Errors: 0
Version: 3
Revision: 0

2025-03-22 19:49:04.248902
Sender: 21
Head 0: G
Head 1: O
Head 2: O
Head 3: O
Captures: 0
Releases: 0
Turnouts: 0
Voltage: 12.0
RSSI: -101
LED Errors: 0
Version: 3
Revision: 0

2025-03-22 19:49:13.671148
Sender: 21
Head 0: R
Head 1: O
Head 2: O
Head 3: O
Captures: 0
Releases: 0
Turnouts: 0
Voltage: 12.0
RSSI: -101
LED Errors: 0
Version: 3
Revision: 0

2025-03-22 19:49:14.648843
Sender: 17
Head 0: G
Head 1: R
Head 2: O
Head 3: O
Captures: 0
Releases: 0
Turnouts: 0
Voltage: 12.0
RSSI: -97
LED Errors: 8704
Version: 3
Revision: 0

2025-03-22 20:04:39.088892
Sender: 18
Head 0: R
Head 1: O
Head 2: O
Head 3: O
Captures: 0
Releases: 0
Turnouts: 0
Voltage: 11.6
RSSI: -109
LED Errors: 0
Version: 3
Revision: 0

2025-03-22 20:04:39.592161
Sender: 5
Head 0: G
Head 1: O
Head 2: O
Head 3: O
Captures: 0
Releases: 0
Turnouts: 0
Voltage: 12.8
RSSI: 0
LED Errors: 0
Version: 3
Revision: 1

2025-03-22 20:04:39.996922
Sender: 17
Head 0: G
Head 1: A
Head 2: O
Head 3: O
Captures: 0
Releases: 0
Turnouts: 1
Voltage: 12.0
RSSI: -97
LED Errors: 8704
Version: 3
Revision: 0

2025-03-22 20:04:40.228262
Sender: 19
Head 0: G
Head 1: O
Head 2: O
Head 3: O
Captures: 0
Releases: 0
Turnouts: 0
Voltage: 12.0
RSSI: -92
LED Errors: 0
Version: 3
Revision: 0

2025-03-22 20:04:40.462675
Sender: 21
Head 0: R
Head 1: O
Head 2: O
Head 3: O
Captures: 0
Releases: 0
Turnouts: 0
Voltage: 12.1
RSSI: -101
LED Errors: 0
Version: 3
Revision: 0

2025-03-22 20:18:29.218032
Sender: 18
Head 0: G
Head 1: O
Head 2: O
Head 3: O
Captures: 0
Releases: 0
Turnouts: 0
Voltage: 11.6
RSSI: -109
LED Errors: 0
Version: 3
Revision: 0

2025-03-22 20:18:29.793871
Sender: 17
Head 0: A
Head 1: G
Head 2: O
Head 3: O
Captures: 0
Releases: 0
Turnouts: 0
Voltage: 12.0
RSSI: -97
LED Errors: 8704
Version: 3
Revision: 0

2025-03-22 20:18:30.182310
Sender: 19
Head 0: R
Head 1: O
Head 2: O
Head 3: O
Captures: 0
Releases: 0
Turnouts: 0
Voltage: 12.0
RSSI: -92
LED Errors: 0
Version: 3
Revision: 0

2025-03-22 20:18:30.484134
Sender: 21
Head 0: G
Head 1: O
Head 2: O
Head 3: O
Captures: 0
Releases: 0
Turnouts: 0
Voltage: 12.0
RSSI: -101
LED Errors: 0
Version: 3
Revision: 0

2025-03-22 20:18:35.448581
Sender: 18
Head 0: G
Head 1: O
Head 2: O
Head 3: O
Captures: 0
Releases: 0
Turnouts: 0
Voltage: 11.6
RSSI: -109
LED Errors: 0
Version: 3
Revision: 0

2025-03-22 20:18:35.957947
Sender: 5
Head 0: G
Head 1: O
Head 2: O
Head 3: O
Captures: 0
Releases: 0
Turnouts: 0
Voltage: 12.8
RSSI: 0
LED Errors: 0
Version: 3
Revision: 1

2025-03-22 20:34:10.897141
Sender: 1
Head 0: G
Head 1: O
Head 2: O
Head 3: O
Captures: 0
Releases: 0
Turnouts: 0
Voltage: 13.0
RSSI: -99
LED Errors: 0
Version: 3
Revision: 0

2025-03-22 20:34:11.300883
Sender: 2
Head 0: G
Head 1: O
Head 2: O
Head 3: O
Captures: 0
Releases: 0
Turnouts: 0
Voltage: 12.7
RSSI: -97
LED Errors: 0
Version: 3
Revision: 0

2025-03-22 20:34:11.914004
Sender: 5
Head 0: G
Head 1: O
Head 2: O
Head 3: O
Captures: 0
Releases: 0
Turnouts: 0
Voltage: 12.8
RSSI: 0
LED Errors: 0
Version: 3
Revision: 1

2025-03-22 20:34:12.571003
Sender: 19
Head 0: G
Head 1: O
Head 2: O
Head 3: O
Captures: 0
Releases: 0
Turnouts: 0
Voltage: 12.0
RSSI: -92
LED Errors: 0
Version: 3
Revision: 0

2025-03-22 20:34:12.796625
Sender: 21
Head 0: G
Head 1: O
Head 2: O
Head 3: O
Captures: 0
Releases: 0
Turnouts: 0
Voltage: 12.0
RSSI: -101
LED Errors: 0
Version: 3
Revision: 0

2025-03-22 20:34:17.772394
Sender: 17
Head 0: G
Head 1: G
Head 2: O
Head 3: O
Captures: 0
Releases: 0
Turnouts: 0
Voltage: 12.0
RSSI: -97
LED Errors: 8704
Version: 3
Revision: 0

2025-03-22 20:34:18.754079
Sender: 18
Head 0: G
Head 1: O
Head 2: O
Head 3: O
Captures: 0
Releases: 0
Turnouts: 0
Voltage: 11.6
RSSI: -109
LED Errors: 0
Version: 3
Revision: 0

2025-03-22 20:34:38.018098
Sender: 17
Head 0: G
Head 1: G
Head 2: O
Head 3: O
Captures: 0
Releases: 0
Turnouts: 0
Voltage: 12.0
RSSI: -97
LED Errors: 8704
Version: 3
Revision: 0

2025-03-22 20:49:53.044716
Sender: 1
Head 0: O
Head 1: O
Head 2: O
Head 3: O
Captures: 0
Releases: 0
Turnouts: 0
Voltage: 13.0
RSSI: -99
LED Errors: 0
Version: 3
Revision: 0

2025-03-22 20:49:53.958355
Sender: 5
Head 0: G
Head 1: O
Head 2: O
Head 3: O
Captures: 0
Releases: 0
Turnouts: 0
Voltage: 12.8
RSSI: 0
LED Errors: 0
Version: 3
Revision: 1

2025-03-22 20:49:54.537658
Sender: 18
Head 0: G
Head 1: O
Head 2: O
Head 3: O
Captures: 0
Releases: 0
Turnouts: 0
Voltage: 11.7
RSSI: -109
LED Errors: 0
Version: 3
Revision: 0

2025-03-22 20:49:54.822731
Sender: 19
Head 0: G
Head 1: O
Head 2: O
Head 3: O
Captures: 0
Releases: 0
Turnouts: 0
Voltage: 12.0
RSSI: -92
LED Errors: 0
Version: 3
Revision: 0

2025-03-22 20:49:55.221108
Sender: 21
Head 0: G
Head 1: O
Head 2: O
Head 3: O
Captures: 0
Releases: 0
Turnouts: 0
Voltage: 12.1
RSSI: -101
LED Errors: 0
Version: 3
Revision: 0

2025-03-22 20:49:55.695415
Sender: 2
Head 0: O
Head 1: O
Head 2: O
Head 3: O
Captures: 0
Releases: 0
Turnouts: 0
Voltage: 12.7
RSSI: -97
LED Errors: 0
Version: 3
Revision: 0

2025-03-22 20:49:59.848923
Sender: 17
Head 0: G
Head 1: G
Head 2: O
Head 3: O
Captures: 0
Releases: 0
Turnouts: 0
Voltage: 12.0
RSSI: -97
LED Errors: 8704
Version: 3
Revision: 0

2025-03-22 21:05:34.918613
Sender: 18
Head 0: G
Head 1: O
Head 2: O
Head 3: O
Captures: 0
Releases: 0
Turnouts: 0
Voltage: 11.6
RSSI: -109
LED Errors: 0
Version: 3
Revision: 0

2025-03-22 21:05:35.445018
Sender: 5
Head 0: R
Head 1: O
Head 2: O
Head 3: O
Captures: 0
Releases: 0
Turnouts: 0
Voltage: 12.8
RSSI: 0
LED Errors: 0
Version: 3
Revision: 1

2025-03-22 21:05:36.307334
Sender: 21
Head 0: G
Head 1: O
Head 2: O
Head 3: O
Captures: 0
Releases: 0
Turnouts: 0
Voltage: 12.0
RSSI: -101
LED Errors: 0
Version: 3
Revision: 0

2025-03-22 21:05:36.864980
Sender: 17
Head 0: G
Head 1: G
Head 2: O
Head 3: O
Captures: 0
Releases: 0
Turnouts: 0
Voltage: 12.0
RSSI: -97
LED Errors: 8704
Version: 3
Revision: 0

2025-03-22 21:05:41.155370
Sender: 19
Head 0: G
Head 1: O
Head 2: O
Head 3: O
Captures: 0
Releases: 0
Turnouts: 0
Voltage: 12.0
RSSI: -92
LED Errors: 0
Version: 3
Revision: 0

2025-03-22 21:19:30.160430
Sender: 18
Head 0: G
Head 1: O
Head 2: O
Head 3: O
Captures: 0
Releases: 0
Turnouts: 0
Voltage: 11.6
RSSI: -109
LED Errors: 0
Version: 3
Revision: 0

2025-03-22 21:19:30.677792
Sender: 5
Head 0: G
Head 1: O
Head 2: O
Head 3: O
Captures: 0
Releases: 0
Turnouts: 0
Voltage: 12.8
RSSI: 0
LED Errors: 0
Version: 3
Revision: 1

2025-03-22 21:19:31.188201
Sender: 19
Head 0: G
Head 1: O
Head 2: O
Head 3: O
Captures: 0
Releases: 0
Turnouts: 0
Voltage: 12.0
RSSI: -92
LED Errors: 0
Version: 3
Revision: 0

2025-03-22 21:19:31.419983
Sender: 21
Head 0: G
Head 1: O
Head 2: O
Head 3: O
Captures: 0
Releases: 0
Turnouts: 0
Voltage: 12.0
RSSI: -101
LED Errors: 0
Version: 3
Revision: 0

2025-03-22 21:19:31.541395
Sender: 18
Head 0: G
Head 1: O
Head 2: O
Head 3: O
Captures: 0
Releases: 0
Turnouts: 0
Voltage: 11.6
RSSI: -109
LED Errors: 0
Version: 3
Revision: 0

2025-03-22 21:19:32.043974
Sender: 17
Head 0: G
Head 1: G
Head 2: O
Head 3: O
Captures: 0
Releases: 0
Turnouts: 0
Voltage: 12.0
RSSI: -97
LED Errors: 8704
Version: 3
Revision: 0

2025-03-22 21:37:26.407878
Sender: 18
Head 0: G
Head 1: O
Head 2: O
Head 3: O
Captures: 0
Releases: 0
Turnouts: 0
Voltage: 11.6
RSSI: -109
LED Errors: 0
Version: 3
Revision: 0

2025-03-22 21:37:26.926550
Sender: 5
Head 0: G
Head 1: O
Head 2: O
Head 3: O
Captures: 0
Releases: 0
Turnouts: 0
Voltage: 12.8
RSSI: 0
LED Errors: 0
Version: 3
Revision: 1

2025-03-22 21:37:27.331427
Sender: 17
Head 0: G
Head 1: G
Head 2: O
Head 3: O
Captures: 0
Releases: 0
Turnouts: 0
Voltage: 12.0
RSSI: -97
LED Errors: 8704
Version: 3
Revision: 0

2025-03-22 21:37:27.629618
Sender: 19
Head 0: G
Head 1: O
Head 2: O
Head 3: O
Captures: 0
Releases: 0
Turnouts: 0
Voltage: 12.0
RSSI: -92
LED Errors: 0
Version: 3
Revision: 0

2025-03-22 21:37:27.750086
Sender: 18
Head 0: G
Head 1: O
Head 2: O
Head 3: O
Captures: 0
Releases: 0
Turnouts: 0
Voltage: 11.6
RSSI: -109
LED Errors: 0
Version: 3
Revision: 0

2025-03-22 21:37:28.204056
Sender: 21
Head 0: G
Head 1: O
Head 2: O
Head 3: O
Captures: 0
Releases: 0
Turnouts: 0
Voltage: 12.0
RSSI: -101
LED Errors: 0
Version: 3
Revision: 0

2025-03-22 21:40:31.434740
Sender: 1
Head 0: G
Head 1: O
Head 2: O
Head 3: O
Captures: 0
Releases: 0
Turnouts: 0
Voltage: 13.0
RSSI: -99
LED Errors: 0
Version: 3
Revision: 0

2025-03-22 21:40:41.643297
Sender: 2
Head 0: G
Head 1: O
Head 2: O
Head 3: O
Captures: 0
Releases: 0
Turnouts: 0
Voltage: 12.7
RSSI: -97
LED Errors: 0
Version: 3
Revision: 0

2025-03-22 21:40:46.832813
Sender: 2
Head 0: G
Head 1: O
Head 2: O
Head 3: O
Captures: 0
Releases: 0
Turnouts: 0
Voltage: 12.7
RSSI: -97
LED Errors: 0
Version: 3
Revision: 0

2025-03-22 21:40:52.046307
Sender: 2
Head 0: G
Head 1: O
Head 2: O
Head 3: O
Captures: 0
Releases: 0
Turnouts: 0
Voltage: 12.7
RSSI: -97
LED Errors: 0
Version: 3
Revision: 0

2025-03-22 21:40:57.239578
Sender: 2
Head 0: G
Head 1: O
Head 2: O
Head 3: O
Captures: 0
Releases: 0
Turnouts: 0
Voltage: 12.7
RSSI: -97
LED Errors: 0
Version: 3
Revision: 0

2025-03-22 21:41:02.447066
Sender: 2
Head 0: G
Head 1: O
Head 2: O
Head 3: O
Captures: 0
Releases: 0
Turnouts: 0
Voltage: 12.7
RSSI: -97
LED Errors: 0
Version: 3
Revision: 0

2025-03-22 21:41:07.664123
Sender: 2
Head 0: G
Head 1: O
Head 2: O
Head 3: O
Captures: 0
Releases: 0
Turnouts: 0
Voltage: 12.7
RSSI: -97
LED Errors: 0
Version: 3
Revision: 0

2025-03-22 21:41:12.871910
Sender: 2
Head 0: G
Head 1: O
Head 2: O
Head 3: O
Captures: 0
Releases: 0
Turnouts: 0
Voltage: 12.7
RSSI: -97
LED Errors: 0
Version: 3
Revision: 0

2025-03-22 21:41:18.091559
Sender: 2
Head 0: G
Head 1: O
Head 2: O
Head 3: O
Captures: 0
Releases: 0
Turnouts: 0
Voltage: 12.7
RSSI: -97
LED Errors: 0
Version: 3
Revision: 0

2025-03-22 21:41:19.684604
Sender: 21
Head 0: R
Head 1: O
Head 2: O
Head 3: O
Captures: 0
Releases: 0
Turnouts: 0
Voltage: 12.0
RSSI: -101
LED Errors: 0
Version: 3
Revision: 0

2025-03-22 21:41:20.658529
Sender: 17
Head 0: G
Head 1: R
Head 2: O
Head 3: O
Captures: 0
Releases: 0
Turnouts: 0
Voltage: 12.0
RSSI: -97
LED Errors: 8704
Version: 3
Revision: 0

2025-03-22 21:41:23.214986
Sender: 2
Head 0: G
Head 1: O
Head 2: O
Head 3: O
Captures: 0
Releases: 0
Turnouts: 0
Voltage: 12.6
RSSI: -97
LED Errors: 0
Version: 3
Revision: 0

2025-03-22 21:41:28.432733
Sender: 2
Head 0: G
Head 1: O
Head 2: O
Head 3: O
Captures: 0
Releases: 0
Turnouts: 0
Voltage: 12.6
RSSI: -97
LED Errors: 0
Version: 3
Revision: 0

2025-03-22 21:41:33.642242
Sender: 2
Head 0: G
Head 1: O
Head 2: O
Head 3: O
Captures: 0
Releases: 0
Turnouts: 0
Voltage: 12.6
RSSI: -97
LED Errors: 0
Version: 3
Revision: 0

2025-03-22 21:41:38.856715
Sender: 2
Head 0: G
Head 1: O
Head 2: O
Head 3: O
Captures: 0
Releases: 0
Turnouts: 0
Voltage: 12.5
RSSI: -97
LED Errors: 0
Version: 3
Revision: 0

2025-03-22 21:41:44.073370
Sender: 2
Head 0: G
Head 1: O
Head 2: O
Head 3: O
Captures: 0
Releases: 0
Turnouts: 0
Voltage: 12.6
RSSI: -97
LED Errors: 0
Version: 3
Revision: 0

2025-03-22 21:41:49.278913
Sender: 2
Head 0: G
Head 1: O
Head 2: O
Head 3: O
Captures: 0
Releases: 0
Turnouts: 0
Voltage: 12.6
RSSI: -97
LED Errors: 0
Version: 3
Revision: 0

2025-03-22 21:41:54.494252
Sender: 2
Head 0: G
Head 1: O
Head 2: O
Head 3: O
Captures: 0
Releases: 0
Turnouts: 0
Voltage: 12.6
RSSI: -97
LED Errors: 0
Version: 3
Revision: 0

2025-03-22 21:41:59.711297
Sender: 2
Head 0: G
Head 1: O
Head 2: O
Head 3: O
Captures: 0
Releases: 0
Turnouts: 0
Voltage: 12.6
RSSI: -97
LED Errors: 0
Version: 3
Revision: 0

2025-03-22 21:42:04.821532
Sender: 2
Head 0: G
Head 1: O
Head 2: O
Head 3: O
Captures: 0
Releases: 0
Turnouts: 0
Voltage: 12.5
RSSI: -97
LED Errors: 0
Version: 3
Revision: 0

2025-03-22 21:42:10.031934
Sender: 2
Head 0: G
Head 1: O
Head 2: O
Head 3: O
Captures: 0
Releases: 0
Turnouts: 0
Voltage: 12.6
RSSI: -97
LED Errors: 0
Version: 3
Revision: 0

2025-03-22 21:42:15.245114
Sender: 2
Head 0: G
Head 1: O
Head 2: O
Head 3: O
Captures: 0
Releases: 0
Turnouts: 0
Voltage: 12.6
RSSI: -97
LED Errors: 0
Version: 3
Revision: 0

2025-03-22 21:42:17.875411
Sender: 21
Head 0: G
Head 1: O
Head 2: O
Head 3: O
Captures: 0
Releases: 0
Turnouts: 0
Voltage: 12.0
RSSI: -101
LED Errors: 0
Version: 3
Revision: 0

2025-03-22 21:42:18.772398
Sender: 17
Head 0: G
Head 1: G
Head 2: O
Head 3: O
Captures: 0
Releases: 0
Turnouts: 0
Voltage: 12.0
RSSI: -97
LED Errors: 8704
Version: 3
Revision: 0

2025-03-22 21:42:20.476493
Sender: 2
Head 0: G
Head 1: O
Head 2: O
Head 3: O
Captures: 0
Releases: 0
Turnouts: 0
Voltage: 12.6
RSSI: -97
LED Errors: 0
Version: 3
Revision: 0

2025-03-22 21:42:25.661042
Sender: 2
Head 0: G
Head 1: O
Head 2: O
Head 3: O
Captures: 0
Releases: 0
Turnouts: 0
Voltage: 12.6
RSSI: -97
LED Errors: 0
Version: 3
Revision: 0

2025-03-22 21:42:27.666403
Sender: 18
Head 0: G
Head 1: O
Head 2: O
Head 3: O
Captures: 0
Releases: 0
Turnouts: 0
Voltage: 11.5
RSSI: -109
LED Errors: 0
Version: 3
Revision: 0

2025-03-22 21:42:30.858744
Sender: 2
Head 0: G
Head 1: O
Head 2: O
Head 3: O
Captures: 0
Releases: 0
Turnouts: 0
Voltage: 12.6
RSSI: -97
LED Errors: 0
Version: 3
Revision: 0

2025-03-22 21:42:36.077537
Sender: 2
Head 0: G
Head 1: O
Head 2: O
Head 3: O
Captures: 0
Releases: 0
Turnouts: 0
Voltage: 12.5
RSSI: -97
LED Errors: 0
Version: 3
Revision: 0

2025-03-22 21:42:37.333035
Sender: 2
Head 0: R
Head 1: O
Head 2: O
Head 3: O
Captures: 0
Releases: 0
Turnouts: 0
Voltage: 12.5
RSSI: -97
LED Errors: 0
Version: 3
Revision: 0

2025-03-22 21:42:37.564219
Sender: 1
Head 0: A
Head 1: O
Head 2: O
Head 3: O
Captures: 1
Releases: 0
Turnouts: 0
Voltage: 12.9
RSSI: -99
LED Errors: 0
Version: 3
Revision: 0

2025-03-22 21:42:39.459521
Sender: 1
Head 0: A
Head 1: O
Head 2: O
Head 3: O
Captures: 0
Releases: 0
Turnouts: 0
Voltage: 12.9
RSSI: -99
LED Errors: 0
Version: 3
Revision: 0

2025-03-22 21:43:28.076391
Sender: 18
Head 0: G
Head 1: O
Head 2: O
Head 3: O
Captures: 0
Releases: 0
Turnouts: 0
Voltage: 11.6
RSSI: -109
LED Errors: 0
Version: 3
Revision: 0

2025-03-22 21:43:28.578442
Sender: 5
Head 0: G
Head 1: O
Head 2: O
Head 3: O
Captures: 0
Releases: 0
Turnouts: 0
Voltage: 12.8
RSSI: 0
LED Errors: 0
Version: 3
Revision: 1

2025-03-22 21:43:28.926442
Sender: 19
Head 0: G
Head 1: O
Head 2: O
Head 3: O
Captures: 0
Releases: 0
Turnouts: 0
Voltage: 12.0
RSSI: -92
LED Errors: 0
Version: 3
Revision: 0

2025-03-22 21:43:31.276999
Sender: 5
Head 0: G
Head 1: O
Head 2: O
Head 3: O
Captures: 0
Releases: 0
Turnouts: 0
Voltage: 12.8
RSSI: 0
LED Errors: 0
Version: 3
Revision: 1

2025-03-22 21:43:36.489582
Sender: 5
Head 0: G
Head 1: O
Head 2: O
Head 3: O
Captures: 0
Releases: 0
Turnouts: 0
Voltage: 12.8
RSSI: 0
LED Errors: 0
Version: 3
Revision: 1

2025-03-22 21:43:41.683068
Sender: 5
Head 0: G
Head 1: O
Head 2: O
Head 3: O
Captures: 0
Releases: 0
Turnouts: 0
Voltage: 12.8
RSSI: 0
LED Errors: 0
Version: 3
Revision: 1

2025-03-22 21:43:46.896181
Sender: 5
Head 0: G
Head 1: O
Head 2: O
Head 3: O
Captures: 0
Releases: 0
Turnouts: 0
Voltage: 12.8
RSSI: 0
LED Errors: 0
Version: 3
Revision: 1

2025-03-22 21:43:52.082615
Sender: 5
Head 0: G
Head 1: O
Head 2: O
Head 3: O
Captures: 0
Releases: 0
Turnouts: 0
Voltage: 12.8
RSSI: 0
LED Errors: 0
Version: 3
Revision: 1

2025-03-22 21:43:57.290863
Sender: 5
Head 0: G
Head 1: O
Head 2: O
Head 3: O
Captures: 0
Releases: 0
Turnouts: 0
Voltage: 12.8
RSSI: 0
LED Errors: 0
Version: 3
Revision: 1

2025-03-22 21:44:02.485613
Sender: 5
Head 0: G
Head 1: O
Head 2: O
Head 3: O
Captures: 0
Releases: 0
Turnouts: 0
Voltage: 12.8
RSSI: 0
LED Errors: 0
Version: 3
Revision: 1

2025-03-22 21:44:07.698623
Sender: 5
Head 0: G
Head 1: O
Head 2: O
Head 3: O
Captures: 0
Releases: 0
Turnouts: 0
Voltage: 12.8
RSSI: 0
LED Errors: 0
Version: 3
Revision: 1

2025-03-22 21:44:12.911605
Sender: 5
Head 0: G
Head 1: O
Head 2: O
Head 3: O
Captures: 0
Releases: 0
Turnouts: 0
Voltage: 12.8
RSSI: 0
LED Errors: 0
Version: 3
Revision: 1

2025-03-22 21:44:18.122359
Sender: 5
Head 0: G
Head 1: O
Head 2: O
Head 3: O
Captures: 0
Releases: 0
Turnouts: 0
Voltage: 12.8
RSSI: 0
LED Errors: 0
Version: 3
Revision: 1

2025-03-22 21:44:23.236138
Sender: 5
Head 0: G
Head 1: O
Head 2: O
Head 3: O
Captures: 0
Releases: 0
Turnouts: 0
Voltage: 12.8
RSSI: 0
LED Errors: 0
Version: 3
Revision: 1

2025-03-22 21:44:28.446232
Sender: 5
Head 0: G
Head 1: O
Head 2: O
Head 3: O
Captures: 0
Releases: 0
Turnouts: 0
Voltage: 12.8
RSSI: 0
LED Errors: 0
Version: 3
Revision: 1

2025-03-22 21:44:33.658362
Sender: 5
Head 0: G
Head 1: O
Head 2: O
Head 3: O
Captures: 0
Releases: 0
Turnouts: 0
Voltage: 12.8
RSSI: 0
LED Errors: 0
Version: 3
Revision: 1

2025-03-22 21:44:38.869533
Sender: 5
Head 0: G
Head 1: O
Head 2: O
Head 3: O
Captures: 0
Releases: 0
Turnouts: 0
Voltage: 12.8
RSSI: 0
LED Errors: 0
Version: 3
Revision: 1

2025-03-22 21:44:39.555027
Sender: 2
Head 0: G
Head 1: O
Head 2: O
Head 3: O
Captures: 0
Releases: 1
Turnouts: 0
Voltage: 12.5
RSSI: -97
LED Errors: 0
Version: 3
Revision: 0

2025-03-22 21:44:41.560816
Sender: 2
Head 0: G
Head 1: O
Head 2: O
Head 3: O
Captures: 0
Releases: 0
Turnouts: 0
Voltage: 12.6
RSSI: -97
LED Errors: 0
Version: 3
Revision: 0

2025-03-22 21:44:44.098852
Sender: 5
Head 0: G
Head 1: O
Head 2: O
Head 3: O
Captures: 0
Releases: 0
Turnouts: 0
Voltage: 12.8
RSSI: 0
LED Errors: 0
Version: 3
Revision: 1

2025-03-22 21:44:49.521945
Sender: 1
Head 0: G
Head 1: O
Head 2: O
Head 3: O
Captures: 0
Releases: 0
Turnouts: 0
Voltage: 12.9
RSSI: -99
LED Errors: 0
Version: 3
Revision: 0

2025-03-22 21:44:53.281801
Sender: 21
Head 0: R
Head 1: O
Head 2: O
Head 3: O
Captures: 0
Releases: 0
Turnouts: 0
Voltage: 12.0
RSSI: -101
LED Errors: 0
Version: 3
Revision: 0

2025-03-22 21:44:53.915707
Sender: 5
Head 0: R
Head 1: O
Head 2: O
Head 3: O
Captures: 0
Releases: 0
Turnouts: 0
Voltage: 12.8
RSSI: 0
LED Errors: 0
Version: 3
Revision: 1

2025-03-22 21:44:54.249240
Sender: 17
Head 0: G
Head 1: R
Head 2: O
Head 3: O
Captures: 0
Releases: 0
Turnouts: 0
Voltage: 12.0
RSSI: -97
LED Errors: 8704
Version: 3
Revision: 0

2025-03-22 21:46:11.686489
Sender: 5
Head 0: R
Head 1: O
Head 2: O
Head 3: O
Captures: 0
Releases: 0
Turnouts: 0
Voltage: 12.8
RSSI: 0
LED Errors: 0
Version: 3
Revision: 1

2025-03-22 21:46:12.190643
Sender: 5
Head 0: O
Head 1: O
Head 2: O
Head 3: O
Captures: 0
Releases: 0
Turnouts: 0
Voltage: 12.8
RSSI: 0
LED Errors: 0
Version: 3
Revision: 1

2025-03-22 21:46:12.878294
Sender: 5
Head 0: G
Head 1: O
Head 2: O
Head 3: O
Captures: 0
Releases: 0
Turnouts: 0
Voltage: 12.8
RSSI: 0
LED Errors: 0
Version: 3
Revision: 1

2025-03-22 21:46:14.190993
Sender: 21
Head 0: G
Head 1: O
Head 2: O
Head 3: O
Captures: 0
Releases: 0
Turnouts: 0
Voltage: 12.0
RSSI: -101
LED Errors: 0
Version: 3
Revision: 0

2025-03-22 21:46:15.110998
Sender: 17
Head 0: G
Head 1: G
Head 2: O
Head 3: O
Captures: 0
Releases: 0
Turnouts: 0
Voltage: 12.0
RSSI: -97
LED Errors: 8704
Version: 3
Revision: 0

2025-03-22 21:46:24.005839
Sender: 18
Head 0: G
Head 1: O
Head 2: O
Head 3: O
Captures: 0
Releases: 0
Turnouts: 0
Voltage: 11.5
RSSI: -109
LED Errors: 0
Version: 3
Revision: 0

2025-03-22 21:46:45.560992
Sender: 2
Head 0: R
Head 1: O
Head 2: O
Head 3: O
Captures: 0
Releases: 0
Turnouts: 0
Voltage: 12.6
RSSI: -97
LED Errors: 0
Version: 3
Revision: 0

2025-03-22 21:46:47.680004
Sender: 1
Head 0: A
Head 1: O
Head 2: O
Head 3: O
Captures: 0
Releases: 0
Turnouts: 0
Voltage: 12.9
RSSI: -99
LED Errors: 0
Version: 3
Revision: 0

2025-03-22 21:48:27.132987
Sender: 21
Head 0: R
Head 1: O
Head 2: O
Head 3: O
Captures: 0
Releases: 0
Turnouts: 0
Voltage: 12.0
RSSI: -101
LED Errors: 0
Version: 3
Revision: 0

2025-03-22 21:48:28.110901
Sender: 17
Head 0: G
Head 1: R
Head 2: O
Head 3: O
Captures: 0
Releases: 0
Turnouts: 0
Voltage: 12.0
RSSI: -97
LED Errors: 8704
Version: 3
Revision: 0

2025-03-22 21:48:29.116562
Sender: 17
Head 0: G
Head 1: R
Head 2: O
Head 3: O
Captures: 0
Releases: 0
Turnouts: 0
Voltage: 12.0
RSSI: -97
LED Errors: 8704
Version: 3
Revision: 0

2025-03-22 21:48:30.122610
Sender: 17
Head 0: G
Head 1: R
Head 2: O
Head 3: O
Captures: 0
Releases: 0
Turnouts: 0
Voltage: 12.0
RSSI: -97
LED Errors: 8704
Version: 3
Revision: 0

2025-03-22 21:48:31.128563
Sender: 17
Head 0: G
Head 1: R
Head 2: O
Head 3: O
Captures: 0
Releases: 0
Turnouts: 0
Voltage: 12.0
RSSI: -97
LED Errors: 8704
Version: 3
Revision: 0

2025-03-22 21:48:32.134935
Sender: 17
Head 0: G
Head 1: R
Head 2: O
Head 3: O
Captures: 0
Releases: 0
Turnouts: 0
Voltage: 12.0
RSSI: -97
LED Errors: 8704
Version: 3
Revision: 0

2025-03-22 21:48:33.140983
Sender: 17
Head 0: G
Head 1: R
Head 2: O
Head 3: O
Captures: 0
Releases: 0
Turnouts: 0
Voltage: 12.0
RSSI: -97
LED Errors: 8704
Version: 3
Revision: 0

2025-03-22 21:48:34.146518
Sender: 17
Head 0: G
Head 1: R
Head 2: O
Head 3: O
Captures: 0
Releases: 0
Turnouts: 0
Voltage: 12.0
RSSI: -97
LED Errors: 8704
Version: 3
Revision: 0

2025-03-22 21:48:35.153735
Sender: 17
Head 0: G
Head 1: R
Head 2: O
Head 3: O
Captures: 0
Releases: 0
Turnouts: 0
Voltage: 12.0
RSSI: -97
LED Errors: 8704
Version: 3
Revision: 0

2025-03-22 21:48:36.158625
Sender: 17
Head 0: G
Head 1: R
Head 2: O
Head 3: O
Captures: 0
Releases: 0
Turnouts: 0
Voltage: 12.0
RSSI: -97
LED Errors: 8704
Version: 3
Revision: 0

2025-03-22 21:48:37.164573
Sender: 17
Head 0: G
Head 1: R
Head 2: O
Head 3: O
Captures: 0
Releases: 0
Turnouts: 0
Voltage: 12.0
RSSI: -97
LED Errors: 8704
Version: 3
Revision: 0

2025-03-22 21:49:16.020403
Sender: 21
Head 0: G
Head 1: O
Head 2: O
Head 3: O
Captures: 0
Releases: 0
Turnouts: 0
Voltage: 12.0
RSSI: -101
LED Errors: 0
Version: 3
Revision: 0

2025-03-22 21:49:16.926863
Sender: 17
Head 0: G
Head 1: G
Head 2: O
Head 3: O
Captures: 0
Releases: 0
Turnouts: 0
Voltage: 12.0
RSSI: -97
LED Errors: 8704
Version: 3
Revision: 0

2025-03-22 21:49:25.821980
Sender: 18
Head 0: G
Head 1: O
Head 2: O
Head 3: O
Captures: 0
Releases: 0
Turnouts: 0
Voltage: 11.6
RSSI: -109
LED Errors: 0
Version: 3
Revision: 0

2025-03-22 21:49:29.248176
Sender: 19
Head 0: G
Head 1: O
Head 2: O
Head 3: O
Captures: 0
Releases: 0
Turnouts: 0
Voltage: 12.0
RSSI: -92
LED Errors: 0
Version: 3
Revision: 0

2025-03-22 21:49:33.965161
Sender: 2
Head 0: G
Head 1: O
Head 2: O
Head 3: O
Captures: 0
Releases: 1
Turnouts: 0
Voltage: 12.5
RSSI: -97
LED Errors: 0
Version: 3
Revision: 0

2025-03-22 21:49:35.970775
Sender: 2
Head 0: G
Head 1: O
Head 2: O
Head 3: O
Captures: 0
Releases: 0
Turnouts: 0
Voltage: 12.5
RSSI: -97
LED Errors: 0
Version: 3
Revision: 0

2025-03-22 21:49:36.976225
Sender: 2
Head 0: G
Head 1: O
Head 2: O
Head 3: O
Captures: 0
Releases: 0
Turnouts: 0
Voltage: 12.5
RSSI: -97
LED Errors: 0
Version: 3
Revision: 0

2025-03-22 21:49:37.982464
Sender: 2
Head 0: G
Head 1: O
Head 2: O
Head 3: O
Captures: 0
Releases: 0
Turnouts: 0
Voltage: 12.5
RSSI: -97
LED Errors: 0
Version: 3
Revision: 0

2025-03-22 21:49:38.989110
Sender: 2
Head 0: G
Head 1: O
Head 2: O
Head 3: O
Captures: 0
Releases: 0
Turnouts: 0
Voltage: 12.5
RSSI: -97
LED Errors: 0
Version: 3
Revision: 0

2025-03-22 21:49:43.932753
Sender: 1
Head 0: G
Head 1: O
Head 2: O
Head 3: O
Captures: 0
Releases: 0
Turnouts: 0
Voltage: 12.9
RSSI: -99
LED Errors: 0
Version: 3
Revision: 0

2025-03-22 21:49:56.586799
Sender: 5
Head 0: G
Head 1: O
Head 2: O
Head 3: O
Captures: 0
Releases: 0
Turnouts: 0
Voltage: 12.8
RSSI: 0
LED Errors: 0
Version: 3
Revision: 1

2025-03-22 21:49:57.091329
Sender: 5
Head 0: R
Head 1: O
Head 2: O
Head 3: O
Captures: 0
Releases: 0
Turnouts: 0
Voltage: 12.8
RSSI: 0
LED Errors: 0
Version: 3
Revision: 1

2025-03-22 21:49:59.461162
Sender: 2
Head 0: R
Head 1: O
Head 2: O
Head 3: O
Captures: 0
Releases: 0
Turnouts: 0
Voltage: 12.5
RSSI: -97
LED Errors: 0
Version: 3
Revision: 0

2025-03-22 21:50:00.466149
Sender: 2
Head 0: R
Head 1: O
Head 2: O
Head 3: O
Captures: 0
Releases: 0
Turnouts: 0
Voltage: 12.5
RSSI: -97
LED Errors: 0
Version: 3
Revision: 0

2025-03-22 21:50:01.842678
Sender: 1
Head 0: A
Head 1: O
Head 2: O
Head 3: O
Captures: 0
Releases: 0
Turnouts: 0
Voltage: 12.9
RSSI: -99
LED Errors: 0
Version: 3
Revision: 0

2025-03-22 21:50:02.848460
Sender: 1
Head 0: A
Head 1: O
Head 2: O
Head 3: O
Captures: 0
Releases: 0
Turnouts: 0
Voltage: 12.9
RSSI: -99
LED Errors: 0
Version: 3
Revision: 0

2025-03-22 21:50:03.854694
Sender: 1
Head 0: A
Head 1: O
Head 2: O
Head 3: O
Captures: 0
Releases: 0
Turnouts: 0
Voltage: 12.9
RSSI: -99
LED Errors: 0
Version: 3
Revision: 0

2025-03-22 21:50:04.860373
Sender: 1
Head 0: A
Head 1: O
Head 2: O
Head 3: O
Captures: 0
Releases: 0
Turnouts: 0
Voltage: 12.9
RSSI: -99
LED Errors: 0
Version: 3
Revision: 0

2025-03-22 21:50:05.866314
Sender: 1
Head 0: A
Head 1: O
Head 2: O
Head 3: O
Captures: 0
Releases: 0
Turnouts: 0
Voltage: 12.9
RSSI: -99
LED Errors: 0
Version: 3
Revision: 0

2025-03-22 21:50:06.873161
Sender: 1
Head 0: A
Head 1: O
Head 2: O
Head 3: O
Captures: 0
Releases: 0
Turnouts: 0
Voltage: 12.9
RSSI: -99
LED Errors: 0
Version: 3
Revision: 0

2025-03-22 21:50:07.878899
Sender: 1
Head 0: A
Head 1: O
Head 2: O
Head 3: O
Captures: 0
Releases: 0
Turnouts: 0
Voltage: 12.9
RSSI: -99
LED Errors: 0
Version: 3
Revision: 0

2025-03-22 21:50:08.884392
Sender: 1
Head 0: A
Head 1: O
Head 2: O
Head 3: O
Captures: 0
Releases: 0
Turnouts: 0
Voltage: 12.9
RSSI: -99
LED Errors: 0
Version: 3
Revision: 0

2025-03-22 21:50:09.890495
Sender: 1
Head 0: A
Head 1: O
Head 2: O
Head 3: O
Captures: 0
Releases: 0
Turnouts: 0
Voltage: 12.9
RSSI: -99
LED Errors: 0
Version: 3
Revision: 0

2025-03-22 21:52:07.683695
Sender: 2
Head 0: G
Head 1: O
Head 2: O
Head 3: O
Captures: 0
Releases: 1
Turnouts: 0
Voltage: 12.6
RSSI: -97
LED Errors: 0
Version: 3
Revision: 0

2025-03-22 21:52:09.688600
Sender: 2
Head 0: G
Head 1: O
Head 2: O
Head 3: O
Captures: 0
Releases: 0
Turnouts: 0
Voltage: 12.6
RSSI: -97
LED Errors: 0
Version: 3
Revision: 0

2025-03-22 21:52:17.650231
Sender: 1
Head 0: G
Head 1: O
Head 2: O
Head 3: O
Captures: 0
Releases: 0
Turnouts: 0
Voltage: 12.9
RSSI: -99
LED Errors: 0
Version: 3
Revision: 0

2025-03-22 21:52:18.656938
Sender: 1
Head 0: G
Head 1: O
Head 2: O
Head 3: O
Captures: 0
Releases: 0
Turnouts: 0
Voltage: 12.9
RSSI: -99
LED Errors: 0
Version: 3
Revision: 0

2025-03-22 21:52:19.638004
Sender: 5
Head 0: R
Head 1: O
Head 2: O
Head 3: O
Captures: 0
Releases: 0
Turnouts: 0
Voltage: 12.8
RSSI: 0
LED Errors: 0
Version: 3
Revision: 1

2025-03-22 21:52:20.142481
Sender: 5
Head 0: O
Head 1: O
Head 2: O
Head 3: O
Captures: 0
Releases: 0
Turnouts: 0
Voltage: 12.8
RSSI: 0
LED Errors: 0
Version: 3
Revision: 1

2025-03-22 21:52:20.765919
Sender: 1
Head 0: G
Head 1: O
Head 2: O
Head 3: O
Captures: 0
Releases: 0
Turnouts: 0
Voltage: 12.9
RSSI: -99
LED Errors: 0
Version: 3
Revision: 0

2025-03-22 21:52:21.771922
Sender: 1
Head 0: G
Head 1: O
Head 2: O
Head 3: O
Captures: 0
Releases: 0
Turnouts: 0
Voltage: 12.9
RSSI: -99
LED Errors: 0
Version: 3
Revision: 0

2025-03-22 21:52:22.778255
Sender: 1
Head 0: G
Head 1: O
Head 2: O
Head 3: O
Captures: 0
Releases: 0
Turnouts: 0
Voltage: 12.9
RSSI: -99
LED Errors: 0
Version: 3
Revision: 0

2025-03-22 21:52:23.783397
Sender: 1
Head 0: G
Head 1: O
Head 2: O
Head 3: O
Captures: 0
Releases: 0
Turnouts: 0
Voltage: 12.9
RSSI: -99
LED Errors: 0
Version: 3
Revision: 0

2025-03-22 21:52:24.789928
Sender: 1
Head 0: G
Head 1: O
Head 2: O
Head 3: O
Captures: 0
Releases: 0
Turnouts: 0
Voltage: 12.9
RSSI: -99
LED Errors: 0
Version: 3
Revision: 0

2025-03-22 21:52:25.795915
Sender: 1
Head 0: G
Head 1: O
Head 2: O
Head 3: O
Captures: 0
Releases: 0
Turnouts: 0
Voltage: 12.9
RSSI: -99
LED Errors: 0
Version: 3
Revision: 0

2025-03-22 21:52:26.802196
Sender: 1
Head 0: G
Head 1: O
Head 2: O
Head 3: O
Captures: 0
Releases: 0
Turnouts: 0
Voltage: 12.9
RSSI: -99
LED Errors: 0
Version: 3
Revision: 0

2025-03-22 21:52:27.551014
Sender: 5
Head 0: G
Head 1: O
Head 2: O
Head 3: O
Captures: 0
Releases: 0
Turnouts: 0
Voltage: 12.8
RSSI: 0
LED Errors: 0
Version: 3
Revision: 1

2025-03-22 21:52:27.807972
Sender: 1
Head 0: G
Head 1: O
Head 2: O
Head 3: O
Captures: 0
Releases: 0
Turnouts: 0
Voltage: 12.9
RSSI: -99
LED Errors: 0
Version: 3
Revision: 0

2025-03-22 21:53:56.820373
Sender: 5
Head 0: R
Head 1: O
Head 2: O
Head 3: O
Captures: 0
Releases: 0
Turnouts: 0
Voltage: 12.8
RSSI: 0
LED Errors: 0
Version: 3
Revision: 1

2025-03-22 21:53:57.700226
Sender: 5
Head 0: O
Head 1: O
Head 2: O
Head 3: O
Captures: 0
Releases: 0
Turnouts: 0
Voltage: 12.8
RSSI: 0
LED Errors: 0
Version: 3
Revision: 1

2025-03-22 21:53:58.205063
Sender: 5
Head 0: G
Head 1: O
Head 2: O
Head 3: O
Captures: 0
Releases: 0
Turnouts: 0
Voltage: 12.7
RSSI: 0
LED Errors: 0
Version: 3
Revision: 1

2025-03-22 21:55:19.491707
Sender: 17
Head 0: G
Head 1: G
Head 2: O
Head 3: O
Captures: 0
Releases: 0
Turnouts: 0
Voltage: 12.0
RSSI: -97
LED Errors: 8704
Version: 3
Revision: 0

2025-03-22 21:55:19.822305
Sender: 21
Head 0: G
Head 1: O
Head 2: O
Head 3: O
Captures: 0
Releases: 0
Turnouts: 0
Voltage: 12.0
RSSI: -101
LED Errors: 0
Version: 3
Revision: 0

2025-03-22 21:55:24.921948
Sender: 17
Head 0: G
Head 1: G
Head 2: O
Head 3: O
Captures: 0
Releases: 0
Turnouts: 0
Voltage: 12.0
RSSI: -97
LED Errors: 8704
Version: 3
Revision: 0

2025-03-22 21:55:30.007948
Sender: 18
Head 0: G
Head 1: O
Head 2: O
Head 3: O
Captures: 0
Releases: 0
Turnouts: 0
Voltage: 11.6
RSSI: -109
LED Errors: 0
Version: 3
Revision: 0

2025-03-22 21:55:30.300303
Sender: 17
Head 0: G
Head 1: G
Head 2: O
Head 3: O
Captures: 0
Releases: 0
Turnouts: 0
Voltage: 12.0
RSSI: -97
LED Errors: 8704
Version: 3
Revision: 0

2025-03-22 21:55:30.760255
Sender: 19
Head 0: G
Head 1: O
Head 2: O
Head 3: O
Captures: 0
Releases: 0
Turnouts: 0
Voltage: 12.0
RSSI: -92
LED Errors: 0
Version: 3
Revision: 0

2025-03-22 21:58:11.538554
Sender: 2
Head 0: G
Head 1: O
Head 2: O
Head 3: O
Captures: 0
Releases: 0
Turnouts: 0
Voltage: 12.6
RSSI: -97
LED Errors: 0
Version: 3
Revision: 0

2025-03-22 21:58:15.653198
Sender: 2
Head 0: G
Head 1: O
Head 2: O
Head 3: O
Captures: 0
Releases: 0
Turnouts: 0
Voltage: 12.6
RSSI: -97
LED Errors: 0
Version: 3
Revision: 0

2025-03-22 21:58:20.867965
Sender: 2
Head 0: G
Head 1: O
Head 2: O
Head 3: O
Captures: 0
Releases: 0
Turnouts: 0
Voltage: 12.6
RSSI: -97
LED Errors: 0
Version: 3
Revision: 0

2025-03-22 21:58:26.086856
Sender: 2
Head 0: G
Head 1: O
Head 2: O
Head 3: O
Captures: 0
Releases: 0
Turnouts: 0
Voltage: 12.6
RSSI: -97
LED Errors: 0
Version: 3
Revision: 0

2025-03-22 21:58:30.839927
Sender: 1
Head 0: G
Head 1: O
Head 2: O
Head 3: O
Captures: 0
Releases: 0
Turnouts: 0
Voltage: 12.9
RSSI: -99
LED Errors: 0
Version: 3
Revision: 0

2025-03-22 21:58:31.268054
Sender: 2
Head 0: G
Head 1: O
Head 2: O
Head 3: O
Captures: 0
Releases: 0
Turnouts: 0
Voltage: 12.7
RSSI: -97
LED Errors: 0
Version: 3
Revision: 0

2025-03-22 21:58:31.827266
Sender: 1
Head 0: G
Head 1: O
Head 2: O
Head 3: O
Captures: 0
Releases: 0
Turnouts: 0
Voltage: 13.0
RSSI: -99
LED Errors: 0
Version: 3
Revision: 0

2025-03-22 21:58:32.833443
Sender: 1
Head 0: G
Head 1: O
Head 2: O
Head 3: O
Captures: 0
Releases: 0
Turnouts: 0
Voltage: 13.0
RSSI: -99
LED Errors: 0
Version: 3
Revision: 0

2025-03-22 21:58:33.839503
Sender: 1
Head 0: G
Head 1: O
Head 2: O
Head 3: O
Captures: 0
Releases: 0
Turnouts: 0
Voltage: 13.0
RSSI: -99
LED Errors: 0
Version: 3
Revision: 0

2025-03-22 21:58:34.845656
Sender: 1
Head 0: G
Head 1: O
Head 2: O
Head 3: O
Captures: 0
Releases: 0
Turnouts: 0
Voltage: 13.0
RSSI: -99
LED Errors: 0
Version: 3
Revision: 0

2025-03-22 21:58:35.850728
Sender: 1
Head 0: G
Head 1: O
Head 2: O
Head 3: O
Captures: 0
Releases: 0
Turnouts: 0
Voltage: 12.9
RSSI: -99
LED Errors: 0
Version: 3
Revision: 0

2025-03-22 21:58:36.855197
Sender: 1
Head 0: G
Head 1: O
Head 2: O
Head 3: O
Captures: 0
Releases: 0
Turnouts: 0
Voltage: 13.0
RSSI: -99
LED Errors: 0
Version: 3
Revision: 0

2025-03-22 21:58:37.860145
Sender: 1
Head 0: G
Head 1: O
Head 2: O
Head 3: O
Captures: 0
Releases: 0
Turnouts: 0
Voltage: 13.0
RSSI: -99
LED Errors: 0
Version: 3
Revision: 0

2025-03-22 21:58:38.865180
Sender: 1
Head 0: G
Head 1: O
Head 2: O
Head 3: O
Captures: 0
Releases: 0
Turnouts: 0
Voltage: 12.9
RSSI: -99
LED Errors: 0
Version: 3
Revision: 0

2025-03-22 21:58:39.870330
Sender: 1
Head 0: G
Head 1: O
Head 2: O
Head 3: O
Captures: 0
Releases: 0
Turnouts: 0
Voltage: 13.0
RSSI: -99
LED Errors: 0
Version: 3
Revision: 0

2025-03-22 21:58:40.875009
Sender: 1
Head 0: G
Head 1: O
Head 2: O
Head 3: O
Captures: 0
Releases: 0
Turnouts: 0
Voltage: 13.0
RSSI: -99
LED Errors: 0
Version: 3
Revision: 0

2025-03-22 22:00:01.356760
Sender: 18
Head 0: G
Head 1: O
Head 2: O
Head 3: O
Captures: 0
Releases: 0
Turnouts: 0
Voltage: 11.7
RSSI: -109
LED Errors: 0
Version: 3
Revision: 0

2025-03-22 22:00:01.643411
Sender: 5
Head 0: G
Head 1: O
Head 2: O
Head 3: O
Captures: 0
Releases: 0
Turnouts: 0
Voltage: 12.8
RSSI: 0
LED Errors: 0
Version: 3
Revision: 1

2025-03-22 22:01:21.737027
Sender: 21
Head 0: G
Head 1: O
Head 2: O
Head 3: O
Captures: 0
Releases: 0
Turnouts: 0
Voltage: 12.0
RSSI: -101
LED Errors: 0
Version: 3
Revision: 0

2025-03-22 22:01:31.961200
Sender: 17
Head 0: G
Head 1: G
Head 2: O
Head 3: O
Captures: 0
Releases: 0
Turnouts: 0
Voltage: 12.0
RSSI: -97
LED Errors: 8704
Version: 3
Revision: 0

2025-03-22 22:01:32.252608
Sender: 19
Head 0: G
Head 1: O
Head 2: O
Head 3: O
Captures: 0
Releases: 0
Turnouts: 0
Voltage: 12.0
RSSI: -92
LED Errors: 0
Version: 3
Revision: 0

2025-03-22 22:01:37.314750
Sender: 17
Head 0: G
Head 1: G
Head 2: O
Head 3: O
Captures: 0
Releases: 0
Turnouts: 0
Voltage: 12.0
RSSI: -97
LED Errors: 8704
Version: 3
Revision: 0

2025-03-22 22:01:42.906951
Sender: 17
Head 0: G
Head 1: G
Head 2: O
Head 3: O
Captures: 0
Releases: 0
Turnouts: 0
Voltage: 12.0
RSSI: -97
LED Errors: 8704
Version: 3
Revision: 0

2025-03-22 22:01:47.717448
Sender: 17
Head 0: G
Head 1: G
Head 2: O
Head 3: O
Captures: 0
Releases: 0
Turnouts: 0
Voltage: 12.0
RSSI: -97
LED Errors: 8704
Version: 3
Revision: 0

2025-03-22 22:01:52.931603
Sender: 17
Head 0: G
Head 1: G
Head 2: O
Head 3: O
Captures: 0
Releases: 0
Turnouts: 0
Voltage: 12.0
RSSI: -97
LED Errors: 8704
Version: 3
Revision: 0

2025-03-22 22:01:58.151321
Sender: 17
Head 0: G
Head 1: G
Head 2: O
Head 3: O
Captures: 0
Releases: 0
Turnouts: 0
Voltage: 12.0
RSSI: -97
LED Errors: 8704
Version: 3
Revision: 0

2025-03-22 22:02:03.267089
Sender: 17
Head 0: G
Head 1: G
Head 2: O
Head 3: O
Captures: 0
Releases: 0
Turnouts: 0
Voltage: 12.0
RSSI: -97
LED Errors: 8704
Version: 3
Revision: 0

2025-03-22 22:02:08.476189
Sender: 17
Head 0: G
Head 1: G
Head 2: O
Head 3: O
Captures: 0
Releases: 0
Turnouts: 0
Voltage: 12.0
RSSI: -97
LED Errors: 8704
Version: 3
Revision: 0

2025-03-22 22:02:13.686743
Sender: 17
Head 0: G
Head 1: G
Head 2: O
Head 3: O
Captures: 0
Releases: 0
Turnouts: 0
Voltage: 12.0
RSSI: -97
LED Errors: 8704
Version: 3
Revision: 0

2025-03-22 22:02:18.906369
Sender: 17
Head 0: G
Head 1: G
Head 2: O
Head 3: O
Captures: 0
Releases: 0
Turnouts: 0
Voltage: 12.0
RSSI: -97
LED Errors: 8704
Version: 3
Revision: 0

2025-03-22 22:02:24.121558
Sender: 17
Head 0: G
Head 1: G
Head 2: O
Head 3: O
Captures: 0
Releases: 0
Turnouts: 0
Voltage: 12.0
RSSI: -97
LED Errors: 8704
Version: 3
Revision: 0

2025-03-22 22:02:30.335426
Sender: 17
Head 0: G
Head 1: G
Head 2: O
Head 3: O
Captures: 0
Releases: 0
Turnouts: 0
Voltage: 12.0
RSSI: -97
LED Errors: 8704
Version: 3
Revision: 0

2025-03-22 22:04:32.559157
Sender: 2
Head 0: G
Head 1: O
Head 2: O
Head 3: O
Captures: 0
Releases: 0
Turnouts: 0
Voltage: 12.7
RSSI: -97
LED Errors: 0
Version: 3
Revision: 0

2025-03-22 22:04:34.459788
Sender: 2
Head 0: G
Head 1: O
Head 2: O
Head 3: O
Captures: 0
Releases: 0
Turnouts: 0
Voltage: 12.6
RSSI: -97
LED Errors: 0
Version: 3
Revision: 0

2025-03-22 22:04:39.697059
Sender: 2
Head 0: G
Head 1: O
Head 2: O
Head 3: O
Captures: 0
Releases: 0
Turnouts: 0
Voltage: 12.6
RSSI: -97
LED Errors: 0
Version: 3
Revision: 0

2025-03-22 22:04:42.792040
Sender: 1
Head 0: G
Head 1: O
Head 2: O
Head 3: O
Captures: 0
Releases: 0
Turnouts: 0
Voltage: 13.0
RSSI: -99
LED Errors: 0
Version: 3
Revision: 0

2025-03-22 22:04:44.920314
Sender: 2
Head 0: G
Head 1: O
Head 2: O
Head 3: O
Captures: 0
Releases: 0
Turnouts: 0
Voltage: 12.7
RSSI: -97
LED Errors: 0
Version: 3
Revision: 0

2025-03-22 22:04:50.135817
Sender: 2
Head 0: G
Head 1: O
Head 2: O
Head 3: O
Captures: 0
Releases: 0
Turnouts: 0
Voltage: 12.7
RSSI: -97
LED Errors: 0
Version: 3
Revision: 0

2025-03-22 22:06:03.111922
Sender: 18
Head 0: G
Head 1: O
Head 2: O
Head 3: O
Captures: 0
Releases: 0
Turnouts: 0
Voltage: 11.6
RSSI: -109
LED Errors: 0
Version: 3
Revision: 0

2025-03-22 22:06:03.612615
Sender: 5
Head 0: G
Head 1: O
Head 2: O
Head 3: O
Captures: 0
Releases: 0
Turnouts: 0
Voltage: 12.8
RSSI: 0
LED Errors: 0
Version: 3
Revision: 1

2025-03-22 22:07:23.775061
Sender: 21
Head 0: G
Head 1: O
Head 2: O
Head 3: O
Captures: 0
Releases: 0
Turnouts: 0
Voltage: 12.0
RSSI: -101
LED Errors: 0
Version: 3
Revision: 0

2025-03-22 22:07:33.989901
Sender: 19
Head 0: G
Head 1: O
Head 2: O
Head 3: O
Captures: 0
Releases: 0
Turnouts: 0
Voltage: 12.0
RSSI: -92
LED Errors: 0
Version: 3
Revision: 0

2025-03-22 22:08:34.274023
Sender: 17
Head 0: G
Head 1: G
Head 2: O
Head 3: O
Captures: 0
Releases: 0
Turnouts: 0
Voltage: 12.0
RSSI: -97
LED Errors: 8704
Version: 3
Revision: 0

2025-03-22 22:08:35.270932
Sender: 17
Head 0: G
Head 1: G
Head 2: O
Head 3: O
Captures: 0
Releases: 0
Turnouts: 0
Voltage: 12.0
RSSI: -97
LED Errors: 8704
Version: 3
Revision: 0

2025-03-22 22:08:40.466271
Sender: 17
Head 0: G
Head 1: G
Head 2: O
Head 3: O
Captures: 0
Releases: 0
Turnouts: 0
Voltage: 12.0
RSSI: -97
LED Errors: 8704
Version: 3
Revision: 0

2025-03-22 22:08:45.675276
Sender: 17
Head 0: G
Head 1: G
Head 2: O
Head 3: O
Captures: 0
Releases: 0
Turnouts: 0
Voltage: 12.0
RSSI: -97
LED Errors: 8704
Version: 3
Revision: 0

2025-03-22 22:08:50.892216
Sender: 17
Head 0: G
Head 1: G
Head 2: O
Head 3: O
Captures: 0
Releases: 0
Turnouts: 0
Voltage: 12.0
RSSI: -97
LED Errors: 8704
Version: 3
Revision: 0

2025-03-22 22:08:56.108557
Sender: 17
Head 0: G
Head 1: G
Head 2: O
Head 3: O
Captures: 0
Releases: 0
Turnouts: 0
Voltage: 12.0
RSSI: -97
LED Errors: 8704
Version: 3
Revision: 0

2025-03-22 22:09:01.317947
Sender: 17
Head 0: G
Head 1: G
Head 2: O
Head 3: O
Captures: 0
Releases: 0
Turnouts: 0
Voltage: 12.0
RSSI: -97
LED Errors: 8704
Version: 3
Revision: 0

2025-03-22 22:09:06.529605
Sender: 17
Head 0: G
Head 1: G
Head 2: O
Head 3: O
Captures: 0
Releases: 0
Turnouts: 0
Voltage: 12.0
RSSI: -97
LED Errors: 8704
Version: 3
Revision: 0

2025-03-22 22:09:11.744671
Sender: 17
Head 0: G
Head 1: G
Head 2: O
Head 3: O
Captures: 0
Releases: 0
Turnouts: 0
Voltage: 12.0
RSSI: -97
LED Errors: 8704
Version: 3
Revision: 0

2025-03-22 22:09:16.963951
Sender: 17
Head 0: G
Head 1: G
Head 2: O
Head 3: O
Captures: 0
Releases: 0
Turnouts: 0
Voltage: 12.0
RSSI: -97
LED Errors: 8704
Version: 3
Revision: 0

2025-03-22 22:09:22.076675
Sender: 17
Head 0: G
Head 1: G
Head 2: O
Head 3: O
Captures: 0
Releases: 0
Turnouts: 0
Voltage: 12.0
RSSI: -97
LED Errors: 8704
Version: 3
Revision: 0

2025-03-22 22:09:27.285368
Sender: 17
Head 0: G
Head 1: G
Head 2: O
Head 3: O
Captures: 0
Releases: 0
Turnouts: 0
Voltage: 12.0
RSSI: -97
LED Errors: 8704
Version: 3
Revision: 0

2025-03-22 22:09:32.498874
Sender: 17
Head 0: G
Head 1: G
Head 2: O
Head 3: O
Captures: 0
Releases: 0
Turnouts: 0
Voltage: 12.0
RSSI: -97
LED Errors: 8704
Version: 3
Revision: 0

2025-03-22 22:09:37.694451
Sender: 17
Head 0: G
Head 1: G
Head 2: O
Head 3: O
Captures: 0
Releases: 0
Turnouts: 0
Voltage: 12.0
RSSI: -97
LED Errors: 8704
Version: 3
Revision: 0

2025-03-22 22:09:38.693779
Sender: 17
Head 0: G
Head 1: G
Head 2: O
Head 3: O
Captures: 0
Releases: 0
Turnouts: 0
Voltage: 12.0
RSSI: -97
LED Errors: 8704
Version: 3
Revision: 0

2025-03-22 22:09:39.699540
Sender: 17
Head 0: G
Head 1: G
Head 2: O
Head 3: O
Captures: 0
Releases: 0
Turnouts: 0
Voltage: 12.0
RSSI: -97
LED Errors: 8704
Version: 3
Revision: 0

2025-03-22 22:09:40.705536
Sender: 17
Head 0: G
Head 1: G
Head 2: O
Head 3: O
Captures: 0
Releases: 0
Turnouts: 0
Voltage: 12.0
RSSI: -97
LED Errors: 8704
Version: 3
Revision: 0

2025-03-22 22:09:41.711497
Sender: 17
Head 0: G
Head 1: G
Head 2: O
Head 3: O
Captures: 0
Releases: 0
Turnouts: 0
Voltage: 12.0
RSSI: -97
LED Errors: 8704
Version: 3
Revision: 0

2025-03-22 22:09:42.717421
Sender: 17
Head 0: G
Head 1: G
Head 2: O
Head 3: O
Captures: 0
Releases: 0
Turnouts: 0
Voltage: 12.0
RSSI: -97
LED Errors: 8704
Version: 3
Revision: 0

2025-03-22 22:09:43.723832
Sender: 17
Head 0: G
Head 1: G
Head 2: O
Head 3: O
Captures: 0
Releases: 0
Turnouts: 0
Voltage: 12.0
RSSI: -97
LED Errors: 8704
Version: 3
Revision: 0

2025-03-22 22:09:44.729459
Sender: 17
Head 0: G
Head 1: G
Head 2: O
Head 3: O
Captures: 0
Releases: 0
Turnouts: 0
Voltage: 12.0
RSSI: -97
LED Errors: 8704
Version: 3
Revision: 0

2025-03-22 22:09:45.735357
Sender: 17
Head 0: G
Head 1: G
Head 2: O
Head 3: O
Captures: 0
Releases: 0
Turnouts: 0
Voltage: 12.0
RSSI: -97
LED Errors: 8704
Version: 3
Revision: 0

2025-03-22 22:09:46.741423
Sender: 17
Head 0: G
Head 1: G
Head 2: O
Head 3: O
Captures: 0
Releases: 0
Turnouts: 0
Voltage: 12.0
RSSI: -97
LED Errors: 8704
Version: 3
Revision: 0

2025-03-22 22:09:57.141279
Sender: 5
Head 0: G
Head 1: O
Head 2: O
Head 3: O
Captures: 0
Releases: 0
Turnouts: 0
Voltage: 12.8
RSSI: 0
LED Errors: 0
Version: 3
Revision: 1

2025-03-22 22:09:57.991171
Sender: 5
Head 0: A
Head 1: O
Head 2: O
Head 3: O
Captures: 0
Releases: 0
Turnouts: 0
Voltage: 12.8
RSSI: 0
LED Errors: 0
Version: 3
Revision: 1

2025-03-22 22:10:42.882515
Sender: 1
Head 0: G
Head 1: O
Head 2: O
Head 3: O
Captures: 0
Releases: 0
Turnouts: 0
Voltage: 12.9
RSSI: -99
LED Errors: 0
Version: 3
Revision: 0

2025-03-22 22:10:53.095554
Sender: 2
Head 0: G
Head 1: O
Head 2: O
Head 3: O
Captures: 0
Releases: 0
Turnouts: 0
Voltage: 12.6
RSSI: -97
LED Errors: 0
Version: 3
Revision: 0

2025-03-22 22:10:58.315591
Sender: 2
Head 0: G
Head 1: O
Head 2: O
Head 3: O
Captures: 0
Releases: 0
Turnouts: 0
Voltage: 12.5
RSSI: -97
LED Errors: 0
Version: 3
Revision: 0

2025-03-22 22:11:03.530119
Sender: 2
Head 0: G
Head 1: O
Head 2: O
Head 3: O
Captures: 0
Releases: 0
Turnouts: 0
Voltage: 12.5
RSSI: -97
LED Errors: 0
Version: 3
Revision: 0

2025-03-22 22:11:08.737031
Sender: 2
Head 0: G
Head 1: O
Head 2: O
Head 3: O
Captures: 0
Releases: 0
Turnouts: 0
Voltage: 12.6
RSSI: -97
LED Errors: 0
Version: 3
Revision: 0

2025-03-22 22:11:13.955551
Sender: 2
Head 0: G
Head 1: O
Head 2: O
Head 3: O
Captures: 0
Releases: 0
Turnouts: 0
Voltage: 12.6
RSSI: -97
LED Errors: 0
Version: 3
Revision: 0

2025-03-22 22:11:19.162211
Sender: 2
Head 0: G
Head 1: O
Head 2: O
Head 3: O
Captures: 0
Releases: 0
Turnouts: 0
Voltage: 12.5
RSSI: -97
LED Errors: 0
Version: 3
Revision: 0

2025-03-22 22:11:24.276672
Sender: 2
Head 0: G
Head 1: O
Head 2: O
Head 3: O
Captures: 0
Releases: 0
Turnouts: 0
Voltage: 12.5
RSSI: -97
LED Errors: 0
Version: 3
Revision: 0

2025-03-22 22:11:28.466543
Sender: 5
Head 0: A
Head 1: O
Head 2: O
Head 3: O
Captures: 0
Releases: 0
Turnouts: 0
Voltage: 12.8
RSSI: 0
LED Errors: 0
Version: 3
Revision: 1

2025-03-22 22:11:28.987271
Sender: 5
Head 0: G
Head 1: O
Head 2: O
Head 3: O
Captures: 0
Releases: 0
Turnouts: 0
Voltage: 12.8
RSSI: 0
LED Errors: 0
Version: 3
Revision: 1

2025-03-22 22:11:29.508940
Sender: 2
Head 0: G
Head 1: O
Head 2: O
Head 3: O
Captures: 0
Releases: 0
Turnouts: 0
Voltage: 12.5
RSSI: -97
LED Errors: 0
Version: 3
Revision: 0

2025-03-22 22:11:34.683534
Sender: 2
Head 0: G
Head 1: O
Head 2: O
Head 3: O
Captures: 0
Releases: 0
Turnouts: 0
Voltage: 12.6
RSSI: -97
LED Errors: 0
Version: 3
Revision: 0

2025-03-22 22:11:39.899658
Sender: 2
Head 0: G
Head 1: O
Head 2: O
Head 3: O
Captures: 0
Releases: 0
Turnouts: 0
Voltage: 12.5
RSSI: -97
LED Errors: 0
Version: 3
Revision: 0

2025-03-22 22:11:40.897661
Sender: 2
Head 0: A
Head 1: O
Head 2: O
Head 3: O
Captures: 1
Releases: 0
Turnouts: 0
Voltage: 12.5
RSSI: -97
LED Errors: 0
Version: 3
Revision: 0

2025-03-22 22:11:41.576646
Sender: 1
Head 0: R
Head 1: O
Head 2: O
Head 3: O
Captures: 0
Releases: 0
Turnouts: 0
Voltage: 12.9
RSSI: -99
LED Errors: 0
Version: 3
Revision: 0

2025-03-22 22:11:41.902676
Sender: 2
Head 0: A
Head 1: O
Head 2: O
Head 3: O
Captures: 0
Releases: 0
Turnouts: 0
Voltage: 12.5
RSSI: -97
LED Errors: 0
Version: 3
Revision: 0

2025-03-22 22:12:10.005235
Sender: 18
Head 0: G
Head 1: O
Head 2: O
Head 3: O
Captures: 0
Releases: 0
Turnouts: 0
Voltage: 11.7
RSSI: -109
LED Errors: 0
Version: 3
Revision: 0

2025-03-22 22:13:25.091507
Sender: 21
Head 0: G
Head 1: O
Head 2: O
Head 3: O
Captures: 0
Releases: 0
Turnouts: 0
Voltage: 12.0
RSSI: -101
LED Errors: 0
Version: 3
Revision: 0

2025-03-22 22:13:35.325150
Sender: 19
Head 0: G
Head 1: O
Head 2: O
Head 3: O
Captures: 0
Releases: 0
Turnouts: 0
Voltage: 12.0
RSSI: -92
LED Errors: 0
Version: 3
Revision: 0

2025-03-22 22:13:43.580435
Sender: 1
Head 0: G
Head 1: O
Head 2: O
Head 3: O
Captures: 0
Releases: 0
Turnouts: 0
Voltage: 12.9
RSSI: -99
LED Errors: 0
Version: 3
Revision: 0

2025-03-22 22:13:52.703941
Sender: 2
Head 0: G
Head 1: O
Head 2: O
Head 3: O
Captures: 0
Releases: 0
Turnouts: 0
Voltage: 12.5
RSSI: -97
LED Errors: 0
Version: 3
Revision: 0

2025-03-22 22:13:55.330362
Sender: 17
Head 0: A
Head 1: G
Head 2: O
Head 3: O
Captures: 1
Releases: 0
Turnouts: 0
Voltage: 12.0
RSSI: -97
LED Errors: 8704
Version: 3
Revision: 0

2025-03-22 22:13:55.439266
Sender: 19
Head 0: R
Head 1: O
Head 2: O
Head 3: O
Captures: 0
Releases: 0
Turnouts: 0
Voltage: 12.0
RSSI: -92
LED Errors: 0
Version: 3
Revision: 0

2025-03-22 22:13:57.336650
Sender: 17
Head 0: A
Head 1: G
Head 2: O
Head 3: O
Captures: 0
Releases: 0
Turnouts: 0
Voltage: 12.0
RSSI: -97
LED Errors: 8704
Version: 3
Revision: 0

2025-03-22 22:15:49.085701
Sender: 21
Head 0: R
Head 1: O
Head 2: O
Head 3: O
Captures: 0
Releases: 0
Turnouts: 0
Voltage: 12.0
RSSI: -101
LED Errors: 0
Version: 3
Revision: 0

2025-03-22 22:15:50.053600
Sender: 17
Head 0: A
Head 1: R
Head 2: O
Head 3: O
Captures: 0
Releases: 0
Turnouts: 0
Voltage: 12.0
RSSI: -97
LED Errors: 8704
Version: 3
Revision: 0

2025-03-22 22:16:34.893224
Sender: 21
Head 0: G
Head 1: O
Head 2: O
Head 3: O
Captures: 0
Releases: 0
Turnouts: 0
Voltage: 12.0
RSSI: -101
LED Errors: 0
Version: 3
Revision: 0

2025-03-22 22:16:35.800365
Sender: 17
Head 0: A
Head 1: G
Head 2: O
Head 3: O
Captures: 0
Releases: 0
Turnouts: 0
Voltage: 12.0
RSSI: -97
LED Errors: 8704
Version: 3
Revision: 0

2025-03-22 22:16:44.695186
Sender: 18
Head 0: G
Head 1: O
Head 2: O
Head 3: O
Captures: 0
Releases: 0
Turnouts: 0
Voltage: 11.6
RSSI: -109
LED Errors: 0
Version: 3
Revision: 0

2025-03-22 22:17:30.519000
Sender: 5
Head 0: G
Head 1: O
Head 2: O
Head 3: O
Captures: 0
Releases: 0
Turnouts: 0
Voltage: 12.8
RSSI: 0
LED Errors: 0
Version: 3
Revision: 1

2025-03-22 22:17:35.735213
Sender: 5
Head 0: G
Head 1: O
Head 2: O
Head 3: O
Captures: 0
Releases: 0
Turnouts: 0
Voltage: 12.8
RSSI: 0
LED Errors: 0
Version: 3
Revision: 1

2025-03-22 22:17:40.948373
Sender: 5
Head 0: G
Head 1: O
Head 2: O
Head 3: O
Captures: 0
Releases: 0
Turnouts: 0
Voltage: 12.8
RSSI: 0
LED Errors: 0
Version: 3
Revision: 1

2025-03-22 22:17:46.155849
Sender: 5
Head 0: G
Head 1: O
Head 2: O
Head 3: O
Captures: 0
Releases: 0
Turnouts: 0
Voltage: 12.7
RSSI: 0
LED Errors: 0
Version: 3
Revision: 1

2025-03-22 22:17:51.374966
Sender: 5
Head 0: G
Head 1: O
Head 2: O
Head 3: O
Captures: 0
Releases: 0
Turnouts: 0
Voltage: 12.7
RSSI: 0
LED Errors: 0
Version: 3
Revision: 1

2025-03-22 22:17:56.481778
Sender: 5
Head 0: G
Head 1: O
Head 2: O
Head 3: O
Captures: 0
Releases: 0
Turnouts: 0
Voltage: 12.8
RSSI: 0
LED Errors: 0
Version: 3
Revision: 1

2025-03-22 22:18:01.771099
Sender: 5
Head 0: G
Head 1: O
Head 2: O
Head 3: O
Captures: 0
Releases: 0
Turnouts: 0
Voltage: 12.7
RSSI: 0
LED Errors: 0
Version: 3
Revision: 1

2025-03-22 22:18:06.883021
Sender: 5
Head 0: G
Head 1: O
Head 2: O
Head 3: O
Captures: 0
Releases: 0
Turnouts: 0
Voltage: 12.7
RSSI: 0
LED Errors: 0
Version: 3
Revision: 1

2025-03-22 22:18:11.772820
Sender: 5
Head 0: G
Head 1: O
Head 2: O
Head 3: O
Captures: 0
Releases: 0
Turnouts: 0
Voltage: 12.8
RSSI: 0
LED Errors: 0
Version: 3
Revision: 1

2025-03-22 22:18:12.276915
Sender: 5
Head 0: A
Head 1: O
Head 2: O
Head 3: O
Captures: 0
Releases: 0
Turnouts: 0
Voltage: 12.8
RSSI: 0
LED Errors: 0
Version: 3
Revision: 1

2025-03-22 22:19:45.934392
Sender: 1
Head 0: G
Head 1: O
Head 2: O
Head 3: O
Captures: 0
Releases: 0
Turnouts: 0
Voltage: 12.9
RSSI: -99
LED Errors: 0
Version: 3
Revision: 0

2025-03-22 22:19:56.145120
Sender: 2
Head 0: G
Head 1: O
Head 2: O
Head 3: O
Captures: 0
Releases: 0
Turnouts: 0
Voltage: 12.6
RSSI: -97
LED Errors: 0
Version: 3
Revision: 0

2025-03-22 22:19:56.480737
Sender: 19
Head 0: R
Head 1: O
Head 2: O
Head 3: O
Captures: 0
Releases: 0
Turnouts: 0
Voltage: 12.0
RSSI: -92
LED Errors: 0
Version: 3
Revision: 0

2025-03-22 22:19:57.134293
Sender: 2
Head 0: G
Head 1: O
Head 2: O
Head 3: O
Captures: 0
Releases: 0
Turnouts: 0
Voltage: 12.6
RSSI: -97
LED Errors: 0
Version: 3
Revision: 0

2025-03-22 22:19:58.134465
Sender: 2
Head 0: G
Head 1: O
Head 2: O
Head 3: O
Captures: 0
Releases: 0
Turnouts: 0
Voltage: 12.6
RSSI: -97
LED Errors: 0
Version: 3
Revision: 0

2025-03-22 22:20:56.268524
Sender: 19
Head 0: G
Head 1: O
Head 2: O
Head 3: O
Captures: 0
Releases: 0
Turnouts: 0
Voltage: 12.0
RSSI: -92
LED Errors: 0
Version: 3
Revision: 0

2025-03-22 22:20:56.495206
Sender: 17
Head 0: G
Head 1: G
Head 2: O
Head 3: O
Captures: 0
Releases: 0
Turnouts: 0
Voltage: 12.0
RSSI: -97
LED Errors: 8704
Version: 3
Revision: 0

2025-03-22 22:22:36.879441
Sender: 21
Head 0: G
Head 1: O
Head 2: O
Head 3: O
Captures: 0
Releases: 0
Turnouts: 0
Voltage: 12.0
RSSI: -101
LED Errors: 0
Version: 3
Revision: 0

2025-03-22 22:22:47.038211
Sender: 18
Head 0: G
Head 1: O
Head 2: O
Head 3: O
Captures: 0
Releases: 0
Turnouts: 0
Voltage: 11.6
RSSI: -109
LED Errors: 0
Version: 3
Revision: 0

2025-03-22 22:23:05.168750
Sender: 5
Head 0: A
Head 1: O
Head 2: O
Head 3: O
Captures: 0
Releases: 0
Turnouts: 0
Voltage: 12.7
RSSI: 0
LED Errors: 0
Version: 3
Revision: 1

2025-03-22 22:23:05.673795
Sender: 5
Head 0: A
Head 1: O
Head 2: O
Head 3: O
Captures: 0
Releases: 0
Turnouts: 0
Voltage: 12.7
RSSI: 0
LED Errors: 0
Version: 3
Revision: 1

2025-03-22 22:23:06.178746
Sender: 5
Head 0: G
Head 1: O
Head 2: O
Head 3: O
Captures: 0
Releases: 0
Turnouts: 0
Voltage: 12.7
RSSI: 0
LED Errors: 0
Version: 3
Revision: 1

2025-03-22 22:23:24.165201
Sender: 1
Head 0: R
Head 1: O
Head 2: O
Head 3: O
Captures: 0
Releases: 0
Turnouts: 0
Voltage: 12.9
RSSI: -99
LED Errors: 0
Version: 3
Revision: 0

2025-03-22 22:23:24.385835
Sender: 2
Head 0: A
Head 1: O
Head 2: O
Head 3: O
Captures: 1
Releases: 0
Turnouts: 0
Voltage: 12.6
RSSI: -97
LED Errors: 0
Version: 3
Revision: 0

2025-03-22 22:23:26.326569
Sender: 2
Head 0: A
Head 1: O
Head 2: O
Head 3: O
Captures: 0
Releases: 0
Turnouts: 0
Voltage: 12.6
RSSI: -97
LED Errors: 0
Version: 3
Revision: 0

2025-03-22 22:26:20.734650
Sender: 1
Head 0: G
Head 1: O
Head 2: O
Head 3: O
Captures: 0
Releases: 1
Turnouts: 0
Voltage: 12.9
RSSI: -99
LED Errors: 0
Version: 3
Revision: 0

2025-03-22 22:26:22.741134
Sender: 1
Head 0: G
Head 1: O
Head 2: O
Head 3: O
Captures: 0
Releases: 0
Turnouts: 0
Voltage: 12.9
RSSI: -99
LED Errors: 0
Version: 3
Revision: 0

2025-03-22 22:26:30.463724
Sender: 2
Head 0: G
Head 1: O
Head 2: O
Head 3: O
Captures: 0
Releases: 0
Turnouts: 0
Voltage: 12.5
RSSI: -97
LED Errors: 0
Version: 3
Revision: 0

2025-03-22 22:26:40.665157
Sender: 21
Head 0: R
Head 1: O
Head 2: O
Head 3: O
Captures: 0
Releases: 0
Turnouts: 0
Voltage: 12.0
RSSI: -101
LED Errors: 0
Version: 3
Revision: 0

2025-03-22 22:26:41.651585
Sender: 17
Head 0: G
Head 1: R
Head 2: O
Head 3: O
Captures: 0
Releases: 0
Turnouts: 0
Voltage: 12.0
RSSI: -97
LED Errors: 8704
Version: 3
Revision: 0

2025-03-22 22:26:43.600818
Sender: 19
Head 0: R
Head 1: O
Head 2: O
Head 3: O
Captures: 0
Releases: 0
Turnouts: 0
Voltage: 12.0
RSSI: -92
LED Errors: 0
Version: 3
Revision: 0

2025-03-22 22:26:43.818706
Sender: 17
Head 0: A
Head 1: R
Head 2: O
Head 3: O
Captures: 1
Releases: 0
Turnouts: 0
Voltage: 12.0
RSSI: -97
LED Errors: 8704
Version: 3
Revision: 0

2025-03-22 22:26:45.755894
Sender: 17
Head 0: A
Head 1: R
Head 2: O
Head 3: O
Captures: 0
Releases: 0
Turnouts: 0
Voltage: 12.0
RSSI: -97
LED Errors: 8704
Version: 3
Revision: 0

2025-03-22 22:27:32.113067
Sender: 21
Head 0: G
Head 1: O
Head 2: O
Head 3: O
Captures: 0
Releases: 0
Turnouts: 0
Voltage: 12.0
RSSI: -101
LED Errors: 0
Version: 3
Revision: 0

2025-03-22 22:27:32.760543
Sender: 17
Head 0: A
Head 1: G
Head 2: O
Head 3: O
Captures: 0
Releases: 0
Turnouts: 0
Voltage: 12.0
RSSI: -97
LED Errors: 8704
Version: 3
Revision: 0

2025-03-22 22:27:41.812907
Sender: 18
Head 0: G
Head 1: O
Head 2: O
Head 3: O
Captures: 0
Releases: 0
Turnouts: 0
Voltage: 11.5
RSSI: -109
LED Errors: 0
Version: 3
Revision: 0

2025-03-22 22:27:53.528576
Sender: 2
Head 0: R
Head 1: O
Head 2: O
Head 3: O
Captures: 0
Releases: 0
Turnouts: 0
Voltage: 12.5
RSSI: -97
LED Errors: 0
Version: 3
Revision: 0

2025-03-22 22:27:53.798790
Sender: 1
Head 0: A
Head 1: O
Head 2: O
Head 3: O
Captures: 1
Releases: 0
Turnouts: 0
Voltage: 12.9
RSSI: -99
LED Errors: 0
Version: 3
Revision: 0

2025-03-22 22:27:55.668663
Sender: 1
Head 0: A
Head 1: O
Head 2: O
Head 3: O
Captures: 0
Releases: 0
Turnouts: 0
Voltage: 12.9
RSSI: -99
LED Errors: 0
Version: 3
Revision: 0

2025-03-22 22:27:56.675365
Sender: 1
Head 0: A
Head 1: O
Head 2: O
Head 3: O
Captures: 0
Releases: 0
Turnouts: 0
Voltage: 12.9
RSSI: -99
LED Errors: 0
Version: 3
Revision: 0

2025-03-22 22:29:07.608564
Sender: 5
Head 0: G
Head 1: O
Head 2: O
Head 3: O
Captures: 0
Releases: 0
Turnouts: 0
Voltage: 12.8
RSSI: 0
LED Errors: 0
Version: 3
Revision: 1

2025-03-22 22:29:12.706465
Sender: 5
Head 0: G
Head 1: O
Head 2: O
Head 3: O
Captures: 0
Releases: 0
Turnouts: 0
Voltage: 12.8
RSSI: 0
LED Errors: 0
Version: 3
Revision: 1

2025-03-22 22:29:17.924593
Sender: 5
Head 0: G
Head 1: O
Head 2: O
Head 3: O
Captures: 0
Releases: 0
Turnouts: 0
Voltage: 12.8
RSSI: 0
LED Errors: 0
Version: 3
Revision: 1

2025-03-22 22:29:23.131126
Sender: 5
Head 0: G
Head 1: O
Head 2: O
Head 3: O
Captures: 0
Releases: 0
Turnouts: 0
Voltage: 12.8
RSSI: 0
LED Errors: 0
Version: 3
Revision: 1

2025-03-22 22:29:23.529171
Sender: 19
Head 0: G
Head 1: O
Head 2: O
Head 3: O
Captures: 0
Releases: 1
Turnouts: 0
Voltage: 12.0
RSSI: -92
LED Errors: 0
Version: 3
Revision: 0

2025-03-22 22:29:25.700496
Sender: 19
Head 0: G
Head 1: O
Head 2: O
Head 3: O
Captures: 0
Releases: 0
Turnouts: 0
Voltage: 12.0
RSSI: -92
LED Errors: 0
Version: 3
Revision: 0

2025-03-22 22:29:28.359483
Sender: 5
Head 0: G
Head 1: O
Head 2: O
Head 3: O
Captures: 0
Releases: 0
Turnouts: 0
Voltage: 12.8
RSSI: 0
LED Errors: 0
Version: 3
Revision: 1

2025-03-22 22:29:28.742197
Sender: 2
Head 0: G
Head 1: O
Head 2: O
Head 3: O
Captures: 0
Releases: 1
Turnouts: 0
Voltage: 12.5
RSSI: -97
LED Errors: 0
Version: 3
Revision: 0

2025-03-22 22:29:30.653365
Sender: 2
Head 0: G
Head 1: O
Head 2: O
Head 3: O
Captures: 0
Releases: 0
Turnouts: 0
Voltage: 12.5
RSSI: -97
LED Errors: 0
Version: 3
Revision: 0

2025-03-22 22:29:33.412374
Sender: 17
Head 0: G
Head 1: G
Head 2: O
Head 3: O
Captures: 0
Releases: 0
Turnouts: 0
Voltage: 12.0
RSSI: -97
LED Errors: 8704
Version: 3
Revision: 0

2025-03-22 22:29:33.764148
Sender: 18
Head 0: G
Head 1: O
Head 2: O
Head 3: O
Captures: 0
Releases: 0
Turnouts: 0
Voltage: 11.6
RSSI: -109
LED Errors: 0
Version: 3
Revision: 0

2025-03-22 22:29:34.047244
Sender: 5
Head 0: G
Head 1: O
Head 2: O
Head 3: O
Captures: 0
Releases: 0
Turnouts: 0
Voltage: 12.8
RSSI: 0
LED Errors: 0
Version: 3
Revision: 1

2025-03-22 22:29:38.614788
Sender: 1
Head 0: G
Head 1: O
Head 2: O
Head 3: O
Captures: 0
Releases: 0
Turnouts: 0
Voltage: 12.9
RSSI: -99
LED Errors: 0
Version: 3
Revision: 0

2025-03-22 22:29:49.661191
Sender: 5
Head 0: G
Head 1: O
Head 2: O
Head 3: O
Captures: 0
Releases: 0
Turnouts: 0
Voltage: 12.8
RSSI: 0
LED Errors: 0
Version: 3
Revision: 1

2025-03-22 22:29:50.165866
Sender: 5
Head 0: R
Head 1: O
Head 2: O
Head 3: O
Captures: 0
Releases: 0
Turnouts: 0
Voltage: 12.7
RSSI: 0
LED Errors: 0
Version: 3
Revision: 1

2025-03-22 22:29:51.176572
Sender: 5
Head 0: R
Head 1: O
Head 2: O
Head 3: O
Captures: 0
Releases: 0
Turnouts: 0
Voltage: 12.7
RSSI: 0
LED Errors: 0
Version: 3
Revision: 1

2025-03-22 22:31:12.413467
Sender: 5
Head 0: R
Head 1: O
Head 2: O
Head 3: O
Captures: 0
Releases: 0
Turnouts: 0
Voltage: 12.7
RSSI: 0
LED Errors: 0
Version: 3
Revision: 1

2025-03-22 22:31:13.412121
Sender: 5
Head 0: G
Head 1: O
Head 2: O
Head 3: O
Captures: 0
Releases: 0
Turnouts: 0
Voltage: 12.7
RSSI: 0
LED Errors: 0
Version: 3
Revision: 1

2025-03-22 22:32:05.479059
Sender: 5
Head 0: G
Head 1: O
Head 2: O
Head 3: O
Captures: 0
Releases: 0
Turnouts: 0
Voltage: 12.7
RSSI: 0
LED Errors: 0
Version: 3
Revision: 1

2025-03-22 22:32:06.013175
Sender: 5
Head 0: A
Head 1: O
Head 2: O
Head 3: O
Captures: 0
Releases: 0
Turnouts: 0
Voltage: 12.7
RSSI: 0
LED Errors: 0
Version: 3
Revision: 1

2025-03-22 22:33:23.389217
Sender: 5
Head 0: A
Head 1: O
Head 2: O
Head 3: O
Captures: 0
Releases: 0
Turnouts: 0
Voltage: 12.8
RSSI: 0
LED Errors: 0
Version: 3
Revision: 1

2025-03-22 22:33:24.268965
Sender: 5
Head 0: A
Head 1: O
Head 2: O
Head 3: O
Captures: 0
Releases: 0
Turnouts: 0
Voltage: 12.8
RSSI: 0
LED Errors: 0
Version: 3
Revision: 1

2025-03-22 22:33:33.143326
Sender: 21
Head 0: G
Head 1: O
Head 2: O
Head 3: O
Captures: 0
Releases: 0
Turnouts: 0
Voltage: 12.0
RSSI: -101
LED Errors: 0
Version: 3
Revision: 0

2025-03-22 22:33:37.097508
Sender: 1
Head 0: R
Head 1: O
Head 2: O
Head 3: O
Captures: 0
Releases: 0
Turnouts: 0
Voltage: 12.9
RSSI: -99
LED Errors: 0
Version: 3
Revision: 0

2025-03-22 22:33:37.314112
Sender: 2
Head 0: A
Head 1: O
Head 2: O
Head 3: O
Captures: 1
Releases: 0
Turnouts: 0
Voltage: 12.5
RSSI: -97
LED Errors: 0
Version: 3
Revision: 0

2025-03-22 22:33:39.229882
Sender: 2
Head 0: A
Head 1: O
Head 2: O
Head 3: O
Captures: 0
Releases: 0
Turnouts: 0
Voltage: 12.5
RSSI: -97
LED Errors: 0
Version: 3
Revision: 0

2025-03-22 22:35:16.063051
Sender: 1
Head 0: G
Head 1: O
Head 2: O
Head 3: O
Captures: 0
Releases: 1
Turnouts: 0
Voltage: 12.9
RSSI: -99
LED Errors: 0
Version: 3
Revision: 0

2025-03-22 22:35:18.068437
Sender: 1
Head 0: G
Head 1: O
Head 2: O
Head 3: O
Captures: 0
Releases: 0
Turnouts: 0
Voltage: 12.9
RSSI: -99
LED Errors: 0
Version: 3
Revision: 0

2025-03-22 22:35:26.030055
Sender: 2
Head 0: G
Head 1: O
Head 2: O
Head 3: O
Captures: 0
Releases: 0
Turnouts: 0
Voltage: 12.5
RSSI: -97
LED Errors: 0
Version: 3
Revision: 0

2025-03-22 22:35:28.080440
Sender: 19
Head 0: R
Head 1: O
Head 2: O
Head 3: O
Captures: 0
Releases: 0
Turnouts: 0
Voltage: 12.0
RSSI: -92
LED Errors: 0
Version: 3
Revision: 0

2025-03-22 22:35:28.364808
Sender: 17
Head 0: A
Head 1: G
Head 2: O
Head 3: O
Captures: 1
Releases: 0
Turnouts: 0
Voltage: 12.0
RSSI: -97
LED Errors: 8704
Version: 3
Revision: 0

2025-03-22 22:35:30.371359
Sender: 17
Head 0: A
Head 1: G
Head 2: O
Head 3: O
Captures: 0
Releases: 0
Turnouts: 0
Voltage: 12.0
RSSI: -97
LED Errors: 8704
Version: 3
Revision: 0

2025-03-22 22:35:38.507702
Sender: 18
Head 0: G
Head 1: O
Head 2: O
Head 3: O
Captures: 0
Releases: 0
Turnouts: 0
Voltage: 11.7
RSSI: -109
LED Errors: 0
Version: 3
Revision: 0

2025-03-22 22:37:14.576170
Sender: 21
Head 0: R
Head 1: O
Head 2: O
Head 3: O
Captures: 0
Releases: 0
Turnouts: 0
Voltage: 12.0
RSSI: -101
LED Errors: 0
Version: 3
Revision: 0

2025-03-22 22:37:15.560530
Sender: 17
Head 0: A
Head 1: R
Head 2: O
Head 3: O
Captures: 0
Releases: 0
Turnouts: 0
Voltage: 12.0
RSSI: -97
LED Errors: 8704
Version: 3
Revision: 0

2025-03-22 22:52:24.194319
Sender: 2
Head 0: A
Head 1: O
Head 2: O
Head 3: O
Captures: 0
Releases: 0
Turnouts: 0
Voltage: 12.5
RSSI: -97
LED Errors: 0
Version: 3
Revision: 0

2025-03-22 22:52:24.882144
Sender: 17
Head 0: G
Head 1: G
Head 2: O
Head 3: O
Captures: 0
Releases: 0
Turnouts: 0
Voltage: 12.0
RSSI: -97
LED Errors: 8704
Version: 3
Revision: 0

2025-03-22 22:52:25.163842
Sender: 19
Head 0: G
Head 1: O
Head 2: O
Head 3: O
Captures: 0
Releases: 0
Turnouts: 0
Voltage: 12.0
RSSI: -92
LED Errors: 0
Version: 3
Revision: 0

2025-03-22 22:52:25.401161
Sender: 5
Head 0: G
Head 1: O
Head 2: O
Head 3: O
Captures: 0
Releases: 0
Turnouts: 0
Voltage: 12.7
RSSI: 0
LED Errors: 0
Version: 3
Revision: 1

2025-03-22 22:52:25.890300
Sender: 5
Head 0: G
Head 1: O
Head 2: O
Head 3: O
Captures: 0
Releases: 0
Turnouts: 0
Voltage: 12.7
RSSI: 0
LED Errors: 0
Version: 3
Revision: 1

2025-03-22 22:52:30.361068
Sender: 1
Head 0: R
Head 1: O
Head 2: O
Head 3: O
Captures: 0
Releases: 0
Turnouts: 0
Voltage: 12.9
RSSI: -99
LED Errors: 0
Version: 3
Revision: 0

2025-03-22 22:52:30.877810
Sender: 21
Head 0: G
Head 1: O
Head 2: O
Head 3: O
Captures: 0
Releases: 0
Turnouts: 0
Voltage: 12.0
RSSI: -101
LED Errors: 0
Version: 3
Revision: 0

2025-03-22 22:52:36.024774
Sender: 18
Head 0: G
Head 1: O
Head 2: O
Head 3: O
Captures: 0
Releases: 0
Turnouts: 0
Voltage: 11.6
RSSI: -109
LED Errors: 0
Version: 3
Revision: 0

2025-03-22 22:53:23.897502
Sender: 1
Head 0: G
Head 1: O
Head 2: O
Head 3: O
Captures: 0
Releases: 1
Turnouts: 0
Voltage: 12.9
RSSI: -99
LED Errors: 0
Version: 3
Revision: 0

2025-03-22 22:53:25.903062
Sender: 1
Head 0: G
Head 1: O
Head 2: O
Head 3: O
Captures: 0
Releases: 0
Turnouts: 0
Voltage: 12.9
RSSI: -99
LED Errors: 0
Version: 3
Revision: 0

2025-03-22 23:08:45.933935
Sender: 1
Head 0: G
Head 1: O
Head 2: O
Head 3: O
Captures: 0
Releases: 0
Turnouts: 0
Voltage: 13.0
RSSI: -99
LED Errors: 0
Version: 3
Revision: 0

2025-03-22 23:08:46.877381
Sender: 5
Head 0: G
Head 1: O
Head 2: O
Head 3: O
Captures: 0
Releases: 0
Turnouts: 0
Voltage: 12.7
RSSI: 0
LED Errors: 0
Version: 3
Revision: 1

2025-03-22 23:08:47.171734
Sender: 17
Head 0: G
Head 1: G
Head 2: O
Head 3: O
Captures: 0
Releases: 0
Turnouts: 0
Voltage: 12.0
RSSI: -97
LED Errors: 8704
Version: 3
Revision: 0

2025-03-22 23:08:47.584643
Sender: 18
Head 0: G
Head 1: O
Head 2: O
Head 3: O
Captures: 0
Releases: 0
Turnouts: 0
Voltage: 11.6
RSSI: -109
LED Errors: 0
Version: 3
Revision: 0

2025-03-22 23:08:47.993326
Sender: 19
Head 0: G
Head 1: O
Head 2: O
Head 3: O
Captures: 0
Releases: 0
Turnouts: 0
Voltage: 12.0
RSSI: -92
LED Errors: 0
Version: 3
Revision: 0

2025-03-22 23:08:48.232295
Sender: 21
Head 0: G
Head 1: O
Head 2: O
Head 3: O
Captures: 0
Releases: 0
Turnouts: 0
Voltage: 12.0
RSSI: -101
LED Errors: 0
Version: 3
Revision: 0

2025-03-22 23:08:48.748528
Sender: 2
Head 0: G
Head 1: O
Head 2: O
Head 3: O
Captures: 0
Releases: 0
Turnouts: 0
Voltage: 12.6
RSSI: -97
LED Errors: 0
Version: 3
Revision: 0

2025-03-22 23:20:22.857613
Sender: 1
Head 0: G
Head 1: O
Head 2: O
Head 3: O
Captures: 0
Releases: 0
Turnouts: 0
Voltage: 12.9
RSSI: -99
LED Errors: 0
Version: 3
Revision: 0

2025-03-22 23:20:22.972124
Sender: 18
Head 0: G
Head 1: O
Head 2: O
Head 3: O
Captures: 0
Releases: 0
Turnouts: 0
Voltage: 11.7
RSSI: -109
LED Errors: 0
Version: 3
Revision: 0

2025-03-22 23:20:23.252391
Sender: 2
Head 0: G
Head 1: O
Head 2: O
Head 3: O
Captures: 0
Releases: 0
Turnouts: 0
Voltage: 12.5
RSSI: -97
LED Errors: 0
Version: 3
Revision: 0

2025-03-22 23:20:24.222499
Sender: 5
Head 0: G
Head 1: O
Head 2: O
Head 3: O
Captures: 0
Releases: 0
Turnouts: 0
Voltage: 12.7
RSSI: 0
LED Errors: 0
Version: 3
Revision: 1

2025-03-22 23:20:24.339985
Sender: 19
Head 0: G
Head 1: O
Head 2: O
Head 3: O
Captures: 0
Releases: 0
Turnouts: 0
Voltage: 12.0
RSSI: -92
LED Errors: 0
Version: 3
Revision: 0

2025-03-22 23:20:24.622021
Sender: 21
Head 0: G
Head 1: O
Head 2: O
Head 3: O
Captures: 0
Releases: 0
Turnouts: 0
Voltage: 12.0
RSSI: -101
LED Errors: 0
Version: 3
Revision: 0

2025-03-22 23:20:29.237823
Sender: 17
Head 0: G
Head 1: G
Head 2: O
Head 3: O
Captures: 0
Releases: 0
Turnouts: 0
Voltage: 12.0
RSSI: -97
LED Errors: 8704
Version: 3
Revision: 0

2025-03-22 23:36:09.236146
Sender: 1
Head 0: G
Head 1: O
Head 2: O
Head 3: O
Captures: 0
Releases: 0
Turnouts: 0
Voltage: 12.9
RSSI: -99
LED Errors: 0
Version: 3
Revision: 0

2025-03-22 23:36:09.639280
Sender: 2
Head 0: G
Head 1: O
Head 2: O
Head 3: O
Captures: 0
Releases: 0
Turnouts: 0
Voltage: 12.6
RSSI: -97
LED Errors: 0
Version: 3
Revision: 0

2025-03-22 23:36:10.306477
Sender: 5
Head 0: G
Head 1: O
Head 2: O
Head 3: O
Captures: 0
Releases: 0
Turnouts: 0
Voltage: 12.7
RSSI: 0
LED Errors: 0
Version: 3
Revision: 1

2025-03-22 23:36:10.772180
Sender: 17
Head 0: G
Head 1: G
Head 2: O
Head 3: O
Captures: 0
Releases: 0
Turnouts: 0
Voltage: 12.0
RSSI: -97
LED Errors: 8704
Version: 3
Revision: 0

2025-03-22 23:36:11.007829
Sender: 19
Head 0: G
Head 1: O
Head 2: O
Head 3: O
Captures: 0
Releases: 0
Turnouts: 0
Voltage: 12.0
RSSI: -92
LED Errors: 0
Version: 3
Revision: 0

2025-03-22 23:36:11.409192
Sender: 21
Head 0: G
Head 1: O
Head 2: O
Head 3: O
Captures: 0
Releases: 0
Turnouts: 0
Voltage: 12.0
RSSI: -101
LED Errors: 0
Version: 3
Revision: 0

2025-03-22 23:36:16.176587
Sender: 18
Head 0: G
Head 1: O
Head 2: O
Head 3: O
Captures: 0
Releases: 0
Turnouts: 0
Voltage: 11.6
RSSI: -109
LED Errors: 0
Version: 3
Revision: 0

2025-03-22 23:51:51.153297
Sender: 1
Head 0: G
Head 1: O
Head 2: O
Head 3: O
Captures: 0
Releases: 0
Turnouts: 0
Voltage: 12.9
RSSI: -99
LED Errors: 0
Version: 3
Revision: 0

2025-03-22 23:51:51.550532
Sender: 2
Head 0: G
Head 1: O
Head 2: O
Head 3: O
Captures: 0
Releases: 0
Turnouts: 0
Voltage: 12.5
RSSI: -97
LED Errors: 0
Version: 3
Revision: 0

2025-03-22 23:51:52.199328
Sender: 5
Head 0: R
Head 1: O
Head 2: O
Head 3: O
Captures: 0
Releases: 0
Turnouts: 0
Voltage: 12.7
RSSI: 0
LED Errors: 0
Version: 3
Revision: 1

2025-03-22 23:51:52.486474
Sender: 17
Head 0: G
Head 1: G
Head 2: O
Head 3: O
Captures: 0
Releases: 0
Turnouts: 0
Voltage: 12.0
RSSI: -97
LED Errors: 8704
Version: 3
Revision: 0

2025-03-22 23:51:53.084700
Sender: 19
Head 0: G
Head 1: O
Head 2: O
Head 3: O
Captures: 0
Releases: 0
Turnouts: 0
Voltage: 12.0
RSSI: -92
LED Errors: 0
Version: 3
Revision: 0

2025-03-22 23:51:53.380528
Sender: 21
Head 0: G
Head 1: O
Head 2: O
Head 3: O
Captures: 0
Releases: 0
Turnouts: 0
Voltage: 12.0
RSSI: -101
LED Errors: 0
Version: 3
Revision: 0

2025-03-22 23:51:58.168967
Sender: 18
Head 0: G
Head 1: O
Head 2: O
Head 3: O
Captures: 0
Releases: 0
Turnouts: 0
Voltage: 11.6
RSSI: -109
LED Errors: 0
Version: 3
Revision: 0

2025-03-22 23:52:33.282947
Sender: 5
Head 0: R
Head 1: O
Head 2: O
Head 3: O
Captures: 0
Releases: 0
Turnouts: 0
Voltage: 12.7
RSSI: 0
LED Errors: 0
Version: 3
Revision: 1

2025-03-23 00:07:33.027185
Sender: 1
Head 0: G
Head 1: O
Head 2: O
Head 3: O
Captures: 0
Releases: 0
Turnouts: 0
Voltage: 12.9
RSSI: -99
LED Errors: 0
Version: 3
Revision: 0

2025-03-23 00:07:33.434128
Sender: 2
Head 0: G
Head 1: O
Head 2: O
Head 3: O
Captures: 0
Releases: 0
Turnouts: 0
Voltage: 12.6
RSSI: -97
LED Errors: 0
Version: 3
Revision: 0

2025-03-23 00:07:34.091576
Sender: 5
Head 0: G
Head 1: O
Head 2: O
Head 3: O
Captures: 0
Releases: 0
Turnouts: 0
Voltage: 12.7
RSSI: 0
LED Errors: 0
Version: 3
Revision: 1

2025-03-23 00:07:34.374254
Sender: 18
Head 0: G
Head 1: O
Head 2: O
Head 3: O
Captures: 0
Releases: 0
Turnouts: 0
Voltage: 11.7
RSSI: -109
LED Errors: 0
Version: 3
Revision: 0

2025-03-23 00:07:34.492445
Sender: 17
Head 0: G
Head 1: G
Head 2: O
Head 3: O
Captures: 0
Releases: 0
Turnouts: 0
Voltage: 12.0
RSSI: -97
LED Errors: 8704
Version: 3
Revision: 0

2025-03-23 00:07:35.192830
Sender: 19
Head 0: G
Head 1: O
Head 2: O
Head 3: O
Captures: 0
Releases: 0
Turnouts: 0
Voltage: 12.0
RSSI: -92
LED Errors: 0
Version: 3
Revision: 0

2025-03-23 00:07:35.539444
Sender: 21
Head 0: G
Head 1: O
Head 2: O
Head 3: O
Captures: 0
Releases: 0
Turnouts: 0
Voltage: 12.0
RSSI: -101
LED Errors: 0
Version: 3
Revision: 0

2025-03-23 00:21:23.482244
Sender: 17
Head 0: G
Head 1: G
Head 2: O
Head 3: O
Captures: 0
Releases: 0
Turnouts: 0
Voltage: 12.0
RSSI: -97
LED Errors: 8704
Version: 3
Revision: 0

2025-03-23 00:21:23.828715
Sender: 1
Head 0: G
Head 1: O
Head 2: O
Head 3: O
Captures: 0
Releases: 0
Turnouts: 0
Voltage: 12.9
RSSI: -99
LED Errors: 0
Version: 3
Revision: 0

2025-03-23 00:21:24.245370
Sender: 2
Head 0: G
Head 1: O
Head 2: O
Head 3: O
Captures: 0
Releases: 0
Turnouts: 0
Voltage: 12.6
RSSI: -97
LED Errors: 0
Version: 3
Revision: 0

2025-03-23 00:21:24.886203
Sender: 5
Head 0: G
Head 1: O
Head 2: O
Head 3: O
Captures: 0
Releases: 0
Turnouts: 0
Voltage: 12.7
RSSI: 0
LED Errors: 0
Version: 3
Revision: 1

2025-03-23 00:21:28.766697
Sender: 17
Head 0: G
Head 1: G
Head 2: O
Head 3: O
Captures: 0
Releases: 0
Turnouts: 0
Voltage: 12.0
RSSI: -97
LED Errors: 8704
Version: 3
Revision: 0

2025-03-23 00:21:30.429712
Sender: 18
Head 0: G
Head 1: O
Head 2: O
Head 3: O
Captures: 0
Releases: 0
Turnouts: 0
Voltage: 11.6
RSSI: -109
LED Errors: 0
Version: 3
Revision: 0

2025-03-23 00:21:30.843401
Sender: 19
Head 0: G
Head 1: O
Head 2: O
Head 3: O
Captures: 0
Releases: 0
Turnouts: 0
Voltage: 12.0
RSSI: -92
LED Errors: 0
Version: 3
Revision: 0

2025-03-23 00:21:31.260817
Sender: 21
Head 0: G
Head 1: O
Head 2: O
Head 3: O
Captures: 0
Releases: 0
Turnouts: 0
Voltage: 12.0
RSSI: -101
LED Errors: 0
Version: 3
Revision: 0

2025-03-23 00:21:34.318167
Sender: 17
Head 0: G
Head 1: G
Head 2: O
Head 3: O
Captures: 0
Releases: 0
Turnouts: 0
Voltage: 12.0
RSSI: -97
LED Errors: 8704
Version: 3
Revision: 0

2025-03-23 00:21:39.129076
Sender: 17
Head 0: G
Head 1: G
Head 2: O
Head 3: O
Captures: 0
Releases: 0
Turnouts: 0
Voltage: 12.0
RSSI: -97
LED Errors: 8704
Version: 3
Revision: 0

2025-03-23 00:21:44.335989
Sender: 17
Head 0: G
Head 1: G
Head 2: O
Head 3: O
Captures: 0
Releases: 0
Turnouts: 0
Voltage: 12.0
RSSI: -97
LED Errors: 8704
Version: 3
Revision: 0

2025-03-23 00:37:15.618623
Sender: 1
Head 0: G
Head 1: O
Head 2: O
Head 3: O
Captures: 0
Releases: 0
Turnouts: 0
Voltage: 12.9
RSSI: -99
LED Errors: 0
Version: 3
Revision: 0

2025-03-23 00:37:16.551654
Sender: 5
Head 0: G
Head 1: O
Head 2: O
Head 3: O
Captures: 0
Releases: 0
Turnouts: 0
Voltage: 12.7
RSSI: 0
LED Errors: 0
Version: 3
Revision: 1

2025-03-23 00:37:16.834909
Sender: 17
Head 0: G
Head 1: G
Head 2: O
Head 3: O
Captures: 0
Releases: 0
Turnouts: 0
Voltage: 12.0
RSSI: -97
LED Errors: 8704
Version: 3
Revision: 0

2025-03-23 00:37:17.532846
Sender: 5
Head 0: G
Head 1: O
Head 2: O
Head 3: O
Captures: 0
Releases: 0
Turnouts: 0
Voltage: 12.7
RSSI: 0
LED Errors: 0
Version: 3
Revision: 1

2025-03-23 00:37:17.654084
Sender: 21
Head 0: G
Head 1: O
Head 2: O
Head 3: O
Captures: 0
Releases: 0
Turnouts: 0
Voltage: 12.0
RSSI: -101
LED Errors: 0
Version: 3
Revision: 0

2025-03-23 00:37:17.763829
Sender: 2
Head 0: G
Head 1: O
Head 2: O
Head 3: O
Captures: 0
Releases: 0
Turnouts: 0
Voltage: 12.6
RSSI: -97
LED Errors: 0
Version: 3
Revision: 0

2025-03-23 00:37:18.352424
Sender: 21
Head 0: G
Head 1: O
Head 2: O
Head 3: O
Captures: 0
Releases: 0
Turnouts: 0
Voltage: 12.0
RSSI: -101
LED Errors: 0
Version: 3
Revision: 0

2025-03-23 00:37:22.400187
Sender: 18
Head 0: G
Head 1: O
Head 2: O
Head 3: O
Captures: 0
Releases: 0
Turnouts: 0
Voltage: 11.7
RSSI: -109
LED Errors: 0
Version: 3
Revision: 0

2025-03-23 00:37:23.001436
Sender: 19
Head 0: G
Head 1: O
Head 2: O
Head 3: O
Captures: 0
Releases: 0
Turnouts: 0
Voltage: 12.0
RSSI: -92
LED Errors: 0
Version: 3
Revision: 0

2025-07-31 21:18:37.186885
Sender: 1
Head 0: G
Head 1: O
Head 2: O
Head 3: O
Captures: 0
Releases: 0
Turnouts: 0
Voltage: 3.9
RSSI: 0
LED Errors: 0
Version: 3
Revision: 3

2025-08-22 15:40:19.617777
Sender: 1
Head 0: O
Head 1: O
Head 2: O
Head 3: O
Captures: 0
Releases: 0
Turnouts: 0
Voltage: 12.7
RSSI: -103
LED Errors: 0
Version: 3
Revision: 3

2025-08-22 15:40:19.997533
Sender: 2
Head 0: O
Head 1: O
Head 2: O
Head 3: O
Captures: 0
Releases: 0
Turnouts: 0
Voltage: 12.4
RSSI: -112
LED Errors: 0
Version: 3
Revision: 3

2025-08-22 15:40:20.943727
Sender: 2
Head 0: O
Head 1: O
Head 2: O
Head 3: O
Captures: 0
Releases: 0
Turnouts: 0
Voltage: 12.4
RSSI: -112
LED Errors: 0
Version: 3
Revision: 3

2025-08-22 15:40:24.538663
Sender: 17
Head 0: G
Head 1: G
Head 2: O
Head 3: O
Captures: 0
Releases: 0
Turnouts: 0
Voltage: 12.1
RSSI: -89
LED Errors: 4
Version: 3
Revision: 3

2025-08-22 15:40:24.910550
Sender: 18
Head 0: G
Head 1: O
Head 2: O
Head 3: O
Captures: 0
Releases: 0
Turnouts: 0
Voltage: 12.0
RSSI: -106
LED Errors: 0
Version: 3
Revision: 1

2025-08-22 15:40:25.290704
Sender: 19
Head 0: O
Head 1: O
Head 2: O
Head 3: O
Captures: 0
Releases: 0
Turnouts: 0
Voltage: 12.2
RSSI: -97
LED Errors: 0
Version: 3
Revision: 0

2025-08-22 15:40:25.766476
Sender: 21
Head 0: G
Head 1: O
Head 2: O
Head 3: O
Captures: 0
Releases: 0
Turnouts: 0
Voltage: 12.2
RSSI: -113
LED Errors: 0
Version: 3
Revision: 3

2025-08-22 15:40:26.311172
Sender: 21
Head 0: G
Head 1: O
Head 2: O
Head 3: O
Captures: 0
Releases: 0
Turnouts: 0
Voltage: 12.2
RSSI: -113
LED Errors: 0
Version: 3
Revision: 3

2025-08-22 15:40:26.770730
Sender: 21
Head 0: G
Head 1: O
Head 2: O
Head 3: O
Captures: 0
Releases: 0
Turnouts: 0
Voltage: 12.2
RSSI: -113
LED Errors: 0
Version: 3
Revision: 3

2025-08-22 15:40:28.298623
Sender: 21
Head 0: G
Head 1: O
Head 2: O
Head 3: O
Captures: 0
Releases: 0
Turnouts: 0
Voltage: 12.2
RSSI: -113
LED Errors: 0
Version: 3
Revision: 3

2025-08-22 15:40:28.804594
Sender: 21
Head 0: G
Head 1: O
Head 2: O
Head 3: O
Captures: 0
Releases: 0
Turnouts: 0
Voltage: 12.2
RSSI: -113
LED Errors: 0
Version: 3
Revision: 3

2025-08-22 15:40:29.666534
Sender: 21
Head 0: G
Head 1: O
Head 2: O
Head 3: O
Captures: 0
Releases: 0
Turnouts: 0
Voltage: 12.2
RSSI: -113
LED Errors: 0
Version: 3
Revision: 3

2025-08-22 15:40:30.072388
Sender: 21
Head 0: G
Head 1: O
Head 2: O
Head 3: O
Captures: 0
Releases: 0
Turnouts: 0
Voltage: 12.2
RSSI: -113
LED Errors: 0
Version: 3
Revision: 3

2025-08-22 15:40:30.830427
Sender: 21
Head 0: G
Head 1: O
Head 2: O
Head 3: O
Captures: 0
Releases: 0
Turnouts: 0
Voltage: 12.2
RSSI: -113
LED Errors: 0
Version: 3
Revision: 3

2025-08-22 15:40:31.339717
Sender: 21
Head 0: G
Head 1: O
Head 2: O
Head 3: O
Captures: 0
Releases: 0
Turnouts: 0
Voltage: 12.2
RSSI: -113
LED Errors: 0
Version: 3
Revision: 3

2025-08-22 15:40:41.654953
Sender: 19
Head 0: G
Head 1: O
Head 2: O
Head 3: O
Captures: 0
Releases: 0
Turnouts: 0
Voltage: 12.1
RSSI: -97
LED Errors: 0
Version: 3
Revision: 0

2025-08-22 15:40:44.392844
Sender: 1
Head 0: G
Head 1: O
Head 2: O
Head 3: O
Captures: 0
Releases: 0
Turnouts: 0
Voltage: 12.7
RSSI: -103
LED Errors: 8704
Version: 3
Revision: 3

2025-08-22 15:40:53.386528
Sender: 2
Head 0: G
Head 1: O
Head 2: O
Head 3: O
Captures: 0
Releases: 0
Turnouts: 0
Voltage: 12.4
RSSI: -112
LED Errors: 0
Version: 3
Revision: 3

2025-08-23 10:51:29.310623
Sender: 1
Head 0: O
Head 1: O
Head 2: O
Head 3: O
Captures: 0
Releases: 0
Turnouts: 0
Voltage: 12.6
RSSI: -97
LED Errors: 0
Version: 3
Revision: 3

2025-08-23 10:51:30.318419
Sender: 1
Head 0: O
Head 1: O
Head 2: O
Head 3: O
Captures: 0
Releases: 0
Turnouts: 0
Voltage: 12.6
RSSI: -97
LED Errors: 0
Version: 3
Revision: 3

2025-08-23 10:51:30.825756
Sender: 1
Head 0: O
Head 1: O
Head 2: O
Head 3: O
Captures: 0
Releases: 0
Turnouts: 0
Voltage: 12.6
RSSI: -97
LED Errors: 0
Version: 3
Revision: 3

2025-08-23 10:51:34.234918
Sender: 17
Head 0: O
Head 1: O
Head 2: O
Head 3: O
Captures: 0
Releases: 0
Turnouts: 1
Voltage: 12.1
RSSI: -89
LED Errors: 0
Version: 3
Revision: 3

2025-08-23 10:51:34.615174
Sender: 18
Head 0: G
Head 1: O
Head 2: O
Head 3: O
Captures: 0
Releases: 0
Turnouts: 0
Voltage: 12.1
RSSI: -106
LED Errors: 0
Version: 3
Revision: 1

2025-08-23 10:51:35.003497
Sender: 19
Head 0: G
Head 1: O
Head 2: O
Head 3: O
Captures: 0
Releases: 0
Turnouts: 0
Voltage: 12.1
RSSI: -97
LED Errors: 0
Version: 3
Revision: 0

2025-08-23 10:51:35.491229
Sender: 21
Head 0: G
Head 1: O
Head 2: O
Head 3: O
Captures: 0
Releases: 0
Turnouts: 0
Voltage: 12.2
RSSI: -113
LED Errors: 0
Version: 3
Revision: 3

2025-08-23 10:51:39.143588
Sender: 5
Head 0: G
Head 1: O
Head 2: O
Head 3: O
Captures: 0
Releases: 0
Turnouts: 0
Voltage: 12.4
RSSI: 0
LED Errors: 0
Version: 3
Revision: 1

2025-08-23 10:51:58.611532
Sender: 2
Head 0: O
Head 1: O
Head 2: O
Head 3: O
Captures: 0
Releases: 0
Turnouts: 0
Voltage: 12.4
RSSI: -112
LED Errors: 0
Version: 3
Revision: 3

2025-08-23 10:57:37.022995
Sender: 18
Head 0: G
Head 1: O
Head 2: O
Head 3: O
Captures: 0
Releases: 0
Turnouts: 0
Voltage: 12.1
RSSI: -106
LED Errors: 0
Version: 3
Revision: 1

2025-08-23 10:57:37.548001
Sender: 21
Head 0: G
Head 1: O
Head 2: O
Head 3: O
Captures: 0
Releases: 0
Turnouts: 0
Voltage: 12.2
RSSI: -113
LED Errors: 0
Version: 3
Revision: 3

2025-08-23 10:57:38.147168
Sender: 19
Head 0: G
Head 1: O
Head 2: O
Head 3: O
Captures: 0
Releases: 0
Turnouts: 0
Voltage: 12.1
RSSI: -97
LED Errors: 0
Version: 3
Revision: 0

2025-08-23 10:57:43.012425
Sender: 5
Head 0: G
Head 1: O
Head 2: O
Head 3: O
Captures: 0
Releases: 0
Turnouts: 0
Voltage: 12.4
RSSI: 0
LED Errors: 0
Version: 3
Revision: 1

2025-08-23 10:59:33.643936
Sender: 2
Head 0: O
Head 1: O
Head 2: O
Head 3: O
Captures: 0
Releases: 0
Turnouts: 0
Voltage: 12.4
RSSI: -112
LED Errors: 0
Version: 3
Revision: 3

2025-08-23 11:03:38.663175
Sender: 18
Head 0: G
Head 1: O
Head 2: O
Head 3: O
Captures: 0
Releases: 0
Turnouts: 0
Voltage: 12.1
RSSI: -106
LED Errors: 0
Version: 3
Revision: 1

2025-08-23 11:03:39.048021
Sender: 19
Head 0: G
Head 1: O
Head 2: O
Head 3: O
Captures: 0
Releases: 0
Turnouts: 0
Voltage: 12.1
RSSI: -97
LED Errors: 0
Version: 3
Revision: 0

2025-08-23 11:03:39.489255
Sender: 21
Head 0: G
Head 1: O
Head 2: O
Head 3: O
Captures: 0
Releases: 0
Turnouts: 0
Voltage: 12.2
RSSI: -113
LED Errors: 0
Version: 3
Revision: 3

2025-08-23 11:08:59.664579
Sender: 5
Head 0: G
Head 1: O
Head 2: O
Head 3: O
Captures: 0
Releases: 0
Turnouts: 0
Voltage: 12.4
RSSI: 0
LED Errors: 0
Version: 3
Revision: 1

2025-08-23 11:09:39.853928
Sender: 18
Head 0: G
Head 1: O
Head 2: O
Head 3: O
Captures: 0
Releases: 0
Turnouts: 0
Voltage: 12.1
RSSI: -106
LED Errors: 0
Version: 3
Revision: 1

2025-08-23 11:09:40.210171
Sender: 19
Head 0: G
Head 1: O
Head 2: O
Head 3: O
Captures: 0
Releases: 0
Turnouts: 0
Voltage: 12.1
RSSI: -97
LED Errors: 0
Version: 3
Revision: 0

2025-08-23 11:09:40.511274
Sender: 21
Head 0: G
Head 1: O
Head 2: O
Head 3: O
Captures: 0
Releases: 0
Turnouts: 0
Voltage: 12.2
RSSI: -113
LED Errors: 0
Version: 3
Revision: 3

2025-08-23 11:09:45.624214
Sender: 18
Head 0: G
Head 1: O
Head 2: O
Head 3: O
Captures: 0
Releases: 0
Turnouts: 0
Voltage: 12.1
RSSI: -106
LED Errors: 0
Version: 3
Revision: 1

2025-08-23 11:09:50.832831
Sender: 18
Head 0: G
Head 1: O
Head 2: O
Head 3: O
Captures: 0
Releases: 0
Turnouts: 0
Voltage: 12.1
RSSI: -106
LED Errors: 0
Version: 3
Revision: 1

2025-08-23 11:15:18.267625
Sender: 5
Head 0: G
Head 1: O
Head 2: O
Head 3: O
Captures: 0
Releases: 0
Turnouts: 0
Voltage: 12.4
RSSI: 0
LED Errors: 0
Version: 3
Revision: 1

2025-08-23 11:15:41.604283
Sender: 19
Head 0: G
Head 1: O
Head 2: O
Head 3: O
Captures: 0
Releases: 0
Turnouts: 0
Voltage: 12.2
RSSI: -97
LED Errors: 0
Version: 3
Revision: 0

2025-08-23 11:15:41.953010
Sender: 21
Head 0: G
Head 1: O
Head 2: O
Head 3: O
Captures: 0
Releases: 0
Turnouts: 0
Voltage: 12.2
RSSI: -113
LED Errors: 0
Version: 3
Revision: 3

2025-08-23 11:15:52.039542
Sender: 18
Head 0: G
Head 1: O
Head 2: O
Head 3: O
Captures: 0
Releases: 0
Turnouts: 0
Voltage: 12.1
RSSI: -106
LED Errors: 0
Version: 3
Revision: 1

2025-08-23 11:21:25.077485
Sender: 5
Head 0: G
Head 1: O
Head 2: O
Head 3: O
Captures: 0
Releases: 0
Turnouts: 0
Voltage: 12.4
RSSI: 0
LED Errors: 0
Version: 3
Revision: 1

2025-08-23 11:21:42.297220
Sender: 19
Head 0: G
Head 1: O
Head 2: O
Head 3: O
Captures: 0
Releases: 0
Turnouts: 0
Voltage: 12.1
RSSI: -97
LED Errors: 0
Version: 3
Revision: 0

2025-08-23 11:21:42.890523
Sender: 21
Head 0: G
Head 1: O
Head 2: O
Head 3: O
Captures: 0
Releases: 0
Turnouts: 0
Voltage: 12.2
RSSI: -113
LED Errors: 0
Version: 3
Revision: 3

2025-08-23 11:21:52.644430
Sender: 18
Head 0: G
Head 1: O
Head 2: O
Head 3: O
Captures: 0
Releases: 0
Turnouts: 0
Voltage: 12.0
RSSI: -106
LED Errors: 0
Version: 3
Revision: 1

2025-08-23 11:27:26.250056
Sender: 5
Head 0: G
Head 1: O
Head 2: O
Head 3: O
Captures: 0
Releases: 0
Turnouts: 0
Voltage: 12.4
RSSI: 0
LED Errors: 0
Version: 3
Revision: 1

2025-08-23 11:27:42.875480
Sender: 19
Head 0: G
Head 1: O
Head 2: O
Head 3: O
Captures: 0
Releases: 0
Turnouts: 0
Voltage: 12.1
RSSI: -97
LED Errors: 0
Version: 3
Revision: 0

2025-08-23 11:27:43.237826
Sender: 21
Head 0: G
Head 1: O
Head 2: O
Head 3: O
Captures: 0
Releases: 0
Turnouts: 0
Voltage: 12.2
RSSI: -113
LED Errors: 0
Version: 3
Revision: 3

2025-08-23 11:27:53.319505
Sender: 18
Head 0: G
Head 1: O
Head 2: O
Head 3: O
Captures: 0
Releases: 0
Turnouts: 0
Voltage: 12.1
RSSI: -106
LED Errors: 0
Version: 3
Revision: 1

2025-08-23 11:30:26.836240
Sender: 18
Head 0: R
Head 1: O
Head 2: O
Head 3: O
Captures: 0
Releases: 0
Turnouts: 0
Voltage: 12.1
RSSI: -106
LED Errors: 0
Version: 3
Revision: 1

2025-08-23 11:30:27.244097
Sender: 17
Head 0: G
Head 1: R
Head 2: O
Head 3: O
Captures: 0
Releases: 0
Turnouts: 1
Voltage: 12.1
RSSI: -89
LED Errors: 8708
Version: 3
Revision: 3

2025-08-23 11:30:27.834734
Sender: 21
Head 0: A
Head 1: O
Head 2: O
Head 3: O
Captures: 0
Releases: 0
Turnouts: 0
Voltage: 12.2
RSSI: -113
LED Errors: 0
Version: 3
Revision: 3

2025-08-23 11:30:42.767616
Sender: 18
Head 0: G
Head 1: O
Head 2: O
Head 3: O
Captures: 0
Releases: 0
Turnouts: 0
Voltage: 12.0
RSSI: -106
LED Errors: 0
Version: 3
Revision: 1

2025-08-23 11:30:43.128335
Sender: 17
Head 0: G
Head 1: G
Head 2: O
Head 3: O
Captures: 0
Releases: 0
Turnouts: 1
Voltage: 12.1
RSSI: -89
LED Errors: 8708
Version: 3
Revision: 3

2025-08-23 11:30:43.764444
Sender: 21
Head 0: G
Head 1: O
Head 2: O
Head 3: O
Captures: 0
Releases: 0
Turnouts: 0
Voltage: 12.2
RSSI: -113
LED Errors: 0
Version: 3
Revision: 3

2025-08-23 11:30:44.273182
Sender: 21
Head 0: G
Head 1: O
Head 2: O
Head 3: O
Captures: 0
Releases: 0
Turnouts: 0
Voltage: 12.2
RSSI: -113
LED Errors: 0
Version: 3
Revision: 3

2025-08-23 11:48:35.956712
Sender: 5
Head 0: G
Head 1: O
Head 2: O
Head 3: O
Captures: 0
Releases: 0
Turnouts: 0
Voltage: 12.4
RSSI: 0
LED Errors: 0
Version: 3
Revision: 1

2025-08-23 11:48:36.185821
Sender: 17
Head 0: G
Head 1: G
Head 2: O
Head 3: O
Captures: 0
Releases: 0
Turnouts: 1
Voltage: 12.1
RSSI: -89
LED Errors: 8708
Version: 3
Revision: 3

2025-08-23 11:48:36.776097
Sender: 19
Head 0: G
Head 1: O
Head 2: O
Head 3: O
Captures: 0
Releases: 0
Turnouts: 0
Voltage: 12.1
RSSI: -97
LED Errors: 0
Version: 3
Revision: 0

2025-08-23 11:48:37.015536
Sender: 21
Head 0: G
Head 1: O
Head 2: O
Head 3: O
Captures: 0
Releases: 0
Turnouts: 0
Voltage: 12.2
RSSI: -113
LED Errors: 0
Version: 3
Revision: 3

2025-08-23 11:48:37.130929
Sender: 18
Head 0: G
Head 1: O
Head 2: O
Head 3: O
Captures: 0
Releases: 0
Turnouts: 0
Voltage: 11.9
RSSI: -106
LED Errors: 0
Version: 3
Revision: 1

2025-08-23 12:03:53.785434
Sender: 1
Head 0: G
Head 1: O
Head 2: O
Head 3: O
Captures: 0
Releases: 0
Turnouts: 0
Voltage: 12.7
RSSI: -100
LED Errors: 0
Version: 3
Revision: 3

2025-08-23 12:03:54.561726
Sender: 5
Head 0: G
Head 1: O
Head 2: O
Head 3: O
Captures: 0
Releases: 0
Turnouts: 0
Voltage: 12.4
RSSI: 0
LED Errors: 0
Version: 3
Revision: 1

2025-08-23 12:03:55.052308
Sender: 18
Head 0: G
Head 1: O
Head 2: O
Head 3: O
Captures: 0
Releases: 0
Turnouts: 0
Voltage: 12.0
RSSI: -106
LED Errors: 0
Version: 3
Revision: 1

2025-08-23 12:03:55.438927
Sender: 19
Head 0: R
Head 1: O
Head 2: O
Head 3: O
Captures: 0
Releases: 0
Turnouts: 0
Voltage: 12.1
RSSI: -97
LED Errors: 0
Version: 3
Revision: 0

2025-08-23 12:03:55.653398
Sender: 21
Head 0: G
Head 1: O
Head 2: O
Head 3: O
Captures: 0
Releases: 0
Turnouts: 0
Voltage: 12.2
RSSI: -113
LED Errors: 0
Version: 3
Revision: 3

2025-08-23 12:04:00.604942
Sender: 17
Head 0: G
Head 1: G
Head 2: O
Head 3: O
Captures: 0
Releases: 0
Turnouts: 0
Voltage: 12.1
RSSI: -89
LED Errors: 8708
Version: 3
Revision: 3

2025-08-23 12:07:19.409897
Sender: 19
Head 0: G
Head 1: O
Head 2: O
Head 3: O
Captures: 0
Releases: 0
Turnouts: 0
Voltage: 12.1
RSSI: -97
LED Errors: 0
Version: 3
Revision: 0

2025-08-23 12:08:55.821466
Sender: 2
Head 0: G
Head 1: O
Head 2: O
Head 3: O
Captures: 0
Releases: 0
Turnouts: 0
Voltage: 12.4
RSSI: -112
LED Errors: 0
Version: 3
Revision: 3

2025-08-23 12:09:54.311767
Sender: 1
Head 0: G
Head 1: O
Head 2: O
Head 3: O
Captures: 0
Releases: 0
Turnouts: 0
Voltage: 12.7
RSSI: -100
LED Errors: 0
Version: 3
Revision: 3

2025-08-23 12:09:56.570397
Sender: 18
Head 0: G
Head 1: O
Head 2: O
Head 3: O
Captures: 0
Releases: 0
Turnouts: 0
Voltage: 12.0
RSSI: -106
LED Errors: 0
Version: 3
Revision: 1

2025-08-23 12:09:57.035509
Sender: 21
Head 0: G
Head 1: O
Head 2: O
Head 3: O
Captures: 0
Releases: 0
Turnouts: 0
Voltage: 12.2
RSSI: -113
LED Errors: 0
Version: 3
Revision: 3

2025-08-23 12:09:59.902785
Sender: 5
Head 0: G
Head 1: O
Head 2: O
Head 3: O
Captures: 0
Releases: 0
Turnouts: 0
Voltage: 12.4
RSSI: 0
LED Errors: 0
Version: 3
Revision: 1

2025-08-23 12:10:02.049328
Sender: 17
Head 0: G
Head 1: G
Head 2: O
Head 3: O
Captures: 0
Releases: 0
Turnouts: 0
Voltage: 12.1
RSSI: -89
LED Errors: 8708
Version: 3
Revision: 3

2025-08-23 12:12:39.728909
Sender: 1
Head 0: O
Head 1: O
Head 2: O
Head 3: O
Captures: 0
Releases: 0
Turnouts: 0
Voltage: 12.7
RSSI: -100
LED Errors: 0
Version: 3
Revision: 3

2025-08-23 12:13:20.337797
Sender: 19
Head 0: G
Head 1: O
Head 2: O
Head 3: O
Captures: 0
Releases: 0
Turnouts: 0
Voltage: 12.1
RSSI: -97
LED Errors: 0
Version: 3
Revision: 0

2025-08-23 12:14:57.185611
Sender: 2
Head 0: G
Head 1: O
Head 2: O
Head 3: O
Captures: 0
Releases: 0
Turnouts: 0
Voltage: 12.4
RSSI: -112
LED Errors: 0
Version: 3
Revision: 3

2025-08-23 12:15:57.398866
Sender: 18
Head 0: G
Head 1: O
Head 2: O
Head 3: O
Captures: 0
Releases: 0
Turnouts: 0
Voltage: 12.0
RSSI: -106
LED Errors: 0
Version: 3
Revision: 1

2025-08-23 12:15:57.723963
Sender: 21
Head 0: G
Head 1: O
Head 2: O
Head 3: O
Captures: 0
Releases: 0
Turnouts: 0
Voltage: 12.2
RSSI: -113
LED Errors: 0
Version: 3
Revision: 3

2025-08-23 12:16:01.006157
Sender: 5
Head 0: G
Head 1: O
Head 2: O
Head 3: O
Captures: 0
Releases: 0
Turnouts: 0
Voltage: 12.4
RSSI: 0
LED Errors: 0
Version: 3
Revision: 1

2025-08-23 12:16:02.841778
Sender: 17
Head 0: G
Head 1: G
Head 2: O
Head 3: O
Captures: 0
Releases: 0
Turnouts: 0
Voltage: 12.1
RSSI: -89
LED Errors: 8708
Version: 3
Revision: 3

2025-08-23 12:16:03.167086
Sender: 21
Head 0: G
Head 1: O
Head 2: O
Head 3: O
Captures: 0
Releases: 0
Turnouts: 0
Voltage: 12.2
RSSI: -113
LED Errors: 0
Version: 3
Revision: 3

2025-08-23 12:16:32.642948
Sender: 2
Head 0: G
Head 1: O
Head 2: O
Head 3: O
Captures: 0
Releases: 0
Turnouts: 0
Voltage: 12.4
RSSI: -112
LED Errors: 0
Version: 3
Revision: 3

2025-08-23 12:16:36.185974
Sender: 1
Head 0: O
Head 1: O
Head 2: O
Head 3: O
Captures: 0
Releases: 0
Turnouts: 0
Voltage: 12.7
RSSI: -100
LED Errors: 0
Version: 3
Revision: 3

2025-08-23 12:16:39.481139
Sender: 2
Head 0: G
Head 1: O
Head 2: O
Head 3: O
Captures: 0
Releases: 0
Turnouts: 0
Voltage: 12.4
RSSI: -112
LED Errors: 0
Version: 3
Revision: 3

2025-08-23 12:17:04.540431
Sender: 2
Head 0: G
Head 1: O
Head 2: O
Head 3: O
Captures: 0
Releases: 0
Turnouts: 0
Voltage: 12.4
RSSI: -112
LED Errors: 0
Version: 3
Revision: 3

2025-08-23 12:17:09.433160
Sender: 1
Head 0: O
Head 1: O
Head 2: O
Head 3: O
Captures: 0
Releases: 0
Turnouts: 0
Voltage: 12.7
RSSI: -100
LED Errors: 0
Version: 3
Revision: 3

2025-08-23 12:17:13.025045
Sender: 17
Head 0: G
Head 1: G
Head 2: O
Head 3: O
Captures: 0
Releases: 0
Turnouts: 0
Voltage: 12.1
RSSI: -89
LED Errors: 8708
Version: 3
Revision: 3

2025-08-23 12:19:21.351440
Sender: 19
Head 0: G
Head 1: O
Head 2: O
Head 3: O
Captures: 0
Releases: 0
Turnouts: 0
Voltage: 12.1
RSSI: -97
LED Errors: 0
Version: 3
Revision: 0

2025-08-23 12:21:58.241388
Sender: 18
Head 0: G
Head 1: O
Head 2: O
Head 3: O
Captures: 0
Releases: 0
Turnouts: 0
Voltage: 11.9
RSSI: -106
LED Errors: 0
Version: 3
Revision: 1

2025-08-23 12:22:03.480080
Sender: 21
Head 0: G
Head 1: O
Head 2: O
Head 3: O
Captures: 0
Releases: 0
Turnouts: 0
Voltage: 12.2
RSSI: -113
LED Errors: 0
Version: 3
Revision: 3

2025-08-23 12:22:35.747280
Sender: 5
Head 0: G
Head 1: O
Head 2: O
Head 3: O
Captures: 0
Releases: 0
Turnouts: 0
Voltage: 12.4
RSSI: 0
LED Errors: 0
Version: 3
Revision: 1

2025-08-23 12:23:05.966281
Sender: 2
Head 0: G
Head 1: O
Head 2: O
Head 3: O
Captures: 0
Releases: 0
Turnouts: 0
Voltage: 12.4
RSSI: -112
LED Errors: 0
Version: 3
Revision: 3

2025-08-23 12:23:13.661471
Sender: 17
Head 0: G
Head 1: G
Head 2: O
Head 3: O
Captures: 0
Releases: 0
Turnouts: 0
Voltage: 12.1
RSSI: -89
LED Errors: 8708
Version: 3
Revision: 3

2025-08-23 12:25:23.874927
Sender: 19
Head 0: G
Head 1: O
Head 2: O
Head 3: O
Captures: 0
Releases: 0
Turnouts: 0
Voltage: 12.1
RSSI: -97
LED Errors: 0
Version: 3
Revision: 0

2025-08-23 12:27:48.452589
Sender: 2
Head 0: O
Head 1: O
Head 2: O
Head 3: O
Captures: 0
Releases: 0
Turnouts: 0
Voltage: 12.4
RSSI: -112
LED Errors: 0
Version: 3
Revision: 3

2025-08-23 12:27:59.081113
Sender: 18
Head 0: G
Head 1: O
Head 2: O
Head 3: O
Captures: 0
Releases: 0
Turnouts: 0
Voltage: 12.0
RSSI: -106
LED Errors: 0
Version: 3
Revision: 1

2025-08-23 12:28:04.203712
Sender: 21
Head 0: G
Head 1: O
Head 2: O
Head 3: O
Captures: 0
Releases: 0
Turnouts: 0
Voltage: 12.2
RSSI: -113
LED Errors: 0
Version: 3
Revision: 3

2025-08-23 12:28:36.818926
Sender: 5
Head 0: G
Head 1: O
Head 2: O
Head 3: O
Captures: 0
Releases: 0
Turnouts: 0
Voltage: 12.4
RSSI: 0
LED Errors: 0
Version: 3
Revision: 1

2025-08-23 12:29:14.434069
Sender: 17
Head 0: G
Head 1: G
Head 2: O
Head 3: O
Captures: 0
Releases: 0
Turnouts: 0
Voltage: 12.1
RSSI: -89
LED Errors: 8708
Version: 3
Revision: 3

2025-08-23 12:30:27.750511
Sender: 2
Head 0: O
Head 1: O
Head 2: O
Head 3: O
Captures: 0
Releases: 0
Turnouts: 0
Voltage: 12.4
RSSI: -112
LED Errors: 0
Version: 3
Revision: 3

2025-08-23 12:30:31.763655
Sender: 2
Head 0: O
Head 1: O
Head 2: O
Head 3: O
Captures: 0
Releases: 0
Turnouts: 0
Voltage: 12.4
RSSI: -112
LED Errors: 0
Version: 3
Revision: 3

2025-08-23 12:31:24.664017
Sender: 19
Head 0: G
Head 1: O
Head 2: O
Head 3: O
Captures: 0
Releases: 0
Turnouts: 0
Voltage: 12.1
RSSI: -97
LED Errors: 0
Version: 3
Revision: 0

2025-08-23 12:33:59.884108
Sender: 18
Head 0: G
Head 1: O
Head 2: O
Head 3: O
Captures: 0
Releases: 0
Turnouts: 0
Voltage: 12.0
RSSI: -106
LED Errors: 0
Version: 3
Revision: 1

2025-08-23 12:34:05.105905
Sender: 21
Head 0: G
Head 1: O
Head 2: O
Head 3: O
Captures: 0
Releases: 0
Turnouts: 0
Voltage: 12.2
RSSI: -113
LED Errors: 0
Version: 3
Revision: 3

2025-08-23 12:35:00.131738
Sender: 5
Head 0: G
Head 1: O
Head 2: O
Head 3: O
Captures: 0
Releases: 0
Turnouts: 0
Voltage: 12.4
RSSI: 0
LED Errors: 0
Version: 3
Revision: 1

2025-08-23 12:35:15.238925
Sender: 17
Head 0: G
Head 1: G
Head 2: O
Head 3: O
Captures: 0
Releases: 0
Turnouts: 0
Voltage: 12.1
RSSI: -89
LED Errors: 8708
Version: 3
Revision: 3

2025-08-23 12:35:15.747774
Sender: 17
Head 0: G
Head 1: G
Head 2: O
Head 3: O
Captures: 0
Releases: 0
Turnouts: 0
Voltage: 12.1
RSSI: -89
LED Errors: 8708
Version: 3
Revision: 3

2025-08-23 12:37:25.466101
Sender: 19
Head 0: G
Head 1: O
Head 2: O
Head 3: O
Captures: 0
Releases: 0
Turnouts: 0
Voltage: 12.1
RSSI: -97
LED Errors: 0
Version: 3
Revision: 0

2025-08-23 12:40:00.680436
Sender: 18
Head 0: G
Head 1: O
Head 2: O
Head 3: O
Captures: 0
Releases: 0
Turnouts: 0
Voltage: 12.0
RSSI: -106
LED Errors: 0
Version: 3
Revision: 1

2025-08-23 12:40:06.117589
Sender: 21
Head 0: G
Head 1: O
Head 2: O
Head 3: O
Captures: 0
Releases: 0
Turnouts: 0
Voltage: 12.2
RSSI: -113
LED Errors: 0
Version: 3
Revision: 3

2025-08-23 12:41:07.238982
Sender: 5
Head 0: G
Head 1: O
Head 2: O
Head 3: O
Captures: 0
Releases: 0
Turnouts: 0
Voltage: 12.4
RSSI: 0
LED Errors: 0
Version: 3
Revision: 1

2025-08-23 12:41:16.673782
Sender: 17
Head 0: G
Head 1: G
Head 2: O
Head 3: O
Captures: 0
Releases: 0
Turnouts: 0
Voltage: 12.1
RSSI: -89
LED Errors: 8708
Version: 3
Revision: 3

2025-08-23 12:43:26.889560
Sender: 19
Head 0: G
Head 1: O
Head 2: O
Head 3: O
Captures: 0
Releases: 0
Turnouts: 0
Voltage: 12.1
RSSI: -97
LED Errors: 0
Version: 3
Revision: 0

2025-08-23 12:46:02.111236
Sender: 18
Head 0: G
Head 1: O
Head 2: O
Head 3: O
Captures: 0
Releases: 0
Turnouts: 0
Voltage: 12.1
RSSI: -106
LED Errors: 0
Version: 3
Revision: 1

2025-08-23 12:46:07.332647
Sender: 21
Head 0: G
Head 1: O
Head 2: O
Head 3: O
Captures: 0
Releases: 0
Turnouts: 0
Voltage: 12.2
RSSI: -113
LED Errors: 0
Version: 3
Revision: 3

2025-08-23 12:47:13.775302
Sender: 5
Head 0: G
Head 1: O
Head 2: O
Head 3: O
Captures: 0
Releases: 0
Turnouts: 0
Voltage: 12.4
RSSI: 0
LED Errors: 0
Version: 3
Revision: 1

2025-08-23 12:47:18.100768
Sender: 17
Head 0: G
Head 1: G
Head 2: O
Head 3: O
Captures: 0
Releases: 0
Turnouts: 0
Voltage: 12.1
RSSI: -89
LED Errors: 8708
Version: 3
Revision: 3

2025-08-23 12:49:28.317328
Sender: 19
Head 0: G
Head 1: O
Head 2: O
Head 3: O
Captures: 0
Releases: 0
Turnouts: 0
Voltage: 12.1
RSSI: -97
LED Errors: 0
Version: 3
Revision: 0

2025-08-23 12:52:03.536198
Sender: 18
Head 0: G
Head 1: O
Head 2: O
Head 3: O
Captures: 0
Releases: 0
Turnouts: 0
Voltage: 12.1
RSSI: -106
LED Errors: 0
Version: 3
Revision: 1

2025-08-23 12:52:04.538809
Sender: 18
Head 0: G
Head 1: O
Head 2: O
Head 3: O
Captures: 0
Releases: 0
Turnouts: 0
Voltage: 12.1
RSSI: -106
LED Errors: 0
Version: 3
Revision: 1

2025-08-23 12:52:08.668264
Sender: 21
Head 0: G
Head 1: O
Head 2: O
Head 3: O
Captures: 0
Releases: 0
Turnouts: 0
Voltage: 12.2
RSSI: -113
LED Errors: 0
Version: 3
Revision: 3

2025-08-23 12:53:14.303650
Sender: 5
Head 0: G
Head 1: O
Head 2: O
Head 3: O
Captures: 0
Releases: 0
Turnouts: 0
Voltage: 12.4
RSSI: 0
LED Errors: 0
Version: 3
Revision: 1

2025-08-23 12:53:19.522404
Sender: 17
Head 0: G
Head 1: G
Head 2: O
Head 3: O
Captures: 0
Releases: 0
Turnouts: 0
Voltage: 12.1
RSSI: -89
LED Errors: 8708
Version: 3
Revision: 3

2025-08-23 12:53:20.283290
Sender: 17
Head 0: G
Head 1: G
Head 2: O
Head 3: O
Captures: 0
Releases: 0
Turnouts: 0
Voltage: 12.1
RSSI: -89
LED Errors: 8708
Version: 3
Revision: 3

2025-08-23 12:55:29.747455
Sender: 19
Head 0: G
Head 1: O
Head 2: O
Head 3: O
Captures: 0
Releases: 0
Turnouts: 0
Voltage: 12.1
RSSI: -97
LED Errors: 0
Version: 3
Revision: 0

2025-08-23 12:58:04.894932
Sender: 18
Head 0: G
Head 1: O
Head 2: O
Head 3: O
Captures: 0
Releases: 0
Turnouts: 0
Voltage: 12.1
RSSI: -106
LED Errors: 0
Version: 3
Revision: 1

2025-08-23 12:58:10.626050
Sender: 21
Head 0: G
Head 1: O
Head 2: O
Head 3: O
Captures: 0
Releases: 0
Turnouts: 0
Voltage: 12.2
RSSI: -113
LED Errors: 0
Version: 3
Revision: 3

2025-08-23 12:59:20.980470
Sender: 17
Head 0: G
Head 1: G
Head 2: O
Head 3: O
Captures: 0
Releases: 0
Turnouts: 0
Voltage: 12.1
RSSI: -89
LED Errors: 8708
Version: 3
Revision: 3

2025-08-23 12:59:21.625614
Sender: 5
Head 0: G
Head 1: O
Head 2: O
Head 3: O
Captures: 0
Releases: 0
Turnouts: 0
Voltage: 12.4
RSSI: 0
LED Errors: 0
Version: 3
Revision: 1

2025-08-23 13:01:31.106152
Sender: 19
Head 0: G
Head 1: O
Head 2: O
Head 3: O
Captures: 0
Releases: 0
Turnouts: 0
Voltage: 12.1
RSSI: -97
LED Errors: 0
Version: 3
Revision: 0

2025-08-23 13:01:56.409084
Sender: 17
Head 0: O
Head 1: O
Head 2: O
Head 3: O
Captures: 0
Releases: 0
Turnouts: 0
Voltage: 12.1
RSSI: -89
LED Errors: 0
Version: 3
Revision: 3

2025-08-23 13:04:06.371541
Sender: 18
Head 0: G
Head 1: O
Head 2: O
Head 3: O
Captures: 0
Releases: 0
Turnouts: 0
Voltage: 12.1
RSSI: -106
LED Errors: 0
Version: 3
Revision: 1

2025-08-23 13:04:11.593056
Sender: 21
Head 0: G
Head 1: O
Head 2: O
Head 3: O
Captures: 0
Releases: 0
Turnouts: 0
Voltage: 12.2
RSSI: -113
LED Errors: 0
Version: 3
Revision: 3

2025-08-23 13:05:33.966957
Sender: 5
Head 0: G
Head 1: O
Head 2: O
Head 3: O
Captures: 0
Releases: 0
Turnouts: 0
Voltage: 12.4
RSSI: 0
LED Errors: 0
Version: 3
Revision: 1

2025-08-23 13:07:32.378080
Sender: 19
Head 0: G
Head 1: O
Head 2: O
Head 3: O
Captures: 0
Releases: 0
Turnouts: 0
Voltage: 12.2
RSSI: -97
LED Errors: 0
Version: 3
Revision: 0

2025-08-23 13:10:07.594974
Sender: 18
Head 0: G
Head 1: O
Head 2: O
Head 3: O
Captures: 0
Releases: 0
Turnouts: 0
Voltage: 12.1
RSSI: -106
LED Errors: 0
Version: 3
Revision: 1

2025-08-23 13:10:13.091875
Sender: 21
Head 0: G
Head 1: O
Head 2: O
Head 3: O
Captures: 0
Releases: 0
Turnouts: 0
Voltage: 12.2
RSSI: -113
LED Errors: 0
Version: 3
Revision: 3

2025-08-23 13:26:19.518823
Sender: 1
Head 0: O
Head 1: O
Head 2: O
Head 3: O
Captures: 0
Releases: 0
Turnouts: 0
Voltage: 12.7
RSSI: -100
LED Errors: 0
Version: 3
Revision: 3

2025-08-23 13:26:20.733108
Sender: 21
Head 0: G
Head 1: O
Head 2: O
Head 3: O
Captures: 0
Releases: 0
Turnouts: 0
Voltage: 12.2
RSSI: -113
LED Errors: 0
Version: 3
Revision: 3

2025-08-23 13:26:26.793914
Sender: 19
Head 0: G
Head 1: O
Head 2: O
Head 3: O
Captures: 0
Releases: 0
Turnouts: 0
Voltage: 12.2
RSSI: -97
LED Errors: 0
Version: 3
Revision: 0

2025-08-23 13:26:32.640211
Sender: 18
Head 0: G
Head 1: O
Head 2: O
Head 3: O
Captures: 0
Releases: 0
Turnouts: 0
Voltage: 12.1
RSSI: -106
LED Errors: 0
Version: 3
Revision: 1

2025-08-23 14:00:39.401471
Sender: 19
Head 0: G
Head 1: O
Head 2: O
Head 3: O
Captures: 0
Releases: 0
Turnouts: 0
Voltage: 12.1
RSSI: -97
LED Errors: 0
Version: 3
Revision: 0

2025-08-23 14:00:39.573616
Sender: 18
Head 0: O
Head 1: O
Head 2: O
Head 3: O
Captures: 0
Releases: 0
Turnouts: 0
Voltage: 12.1
RSSI: -106
LED Errors: 0
Version: 3
Revision: 1

2025-08-23 14:16:23.826351
Sender: 17
Head 0: O
Head 1: O
Head 2: O
Head 3: O
Captures: 0
Releases: 0
Turnouts: 0
Voltage: 12.1
RSSI: -89
LED Errors: 0
Version: 3
Revision: 3

2025-08-23 14:16:24.243298
Sender: 19
Head 0: O
Head 1: O
Head 2: O
Head 3: O
Captures: 0
Releases: 0
Turnouts: 0
Voltage: 12.2
RSSI: -97
LED Errors: 0
Version: 3
Revision: 0

2025-08-23 14:16:24.480355
Sender: 21
Head 0: O
Head 1: O
Head 2: O
Head 3: O
Captures: 0
Releases: 0
Turnouts: 0
Voltage: 12.2
RSSI: -113
LED Errors: 0
Version: 3
Revision: 3

2025-08-23 14:31:29.197564
Sender: 1
Head 0: O
Head 1: O
Head 2: O
Head 3: O
Captures: 0
Releases: 0
Turnouts: 0
Voltage: 12.7
RSSI: -100
LED Errors: 0
Version: 3
Revision: 3

2025-08-23 15:18:26.599323
Sender: 17
Head 0: O
Head 1: O
Head 2: O
Head 3: O
Captures: 0
Releases: 0
Turnouts: 0
Voltage: 12.1
RSSI: -89
LED Errors: 0
Version: 3
Revision: 3

2025-08-23 15:18:27.000237
Sender: 18
Head 0: O
Head 1: O
Head 2: O
Head 3: O
Captures: 0
Releases: 0
Turnouts: 0
Voltage: 12.1
RSSI: -106
LED Errors: 0
Version: 3
Revision: 1

2025-08-23 15:18:27.240026
Sender: 19
Head 0: O
Head 1: O
Head 2: O
Head 3: O
Captures: 0
Releases: 0
Turnouts: 0
Voltage: 12.2
RSSI: -97
LED Errors: 0
Version: 3
Revision: 0

2025-08-23 15:18:27.589889
Sender: 21
Head 0: O
Head 1: O
Head 2: O
Head 3: O
Captures: 0
Releases: 0
Turnouts: 0
Voltage: 12.2
RSSI: -113
LED Errors: 0
Version: 3
Revision: 3

2025-08-23 15:18:28.004191
Sender: 19
Head 0: O
Head 1: O
Head 2: O
Head 3: O
Captures: 0
Releases: 0
Turnouts: 0
Voltage: 12.2
RSSI: -97
LED Errors: 0
Version: 3
Revision: 0

2025-08-23 15:33:37.126433
Sender: 1
Head 0: O
Head 1: O
Head 2: O
Head 3: O
Captures: 0
Releases: 0
Turnouts: 0
Voltage: 12.7
RSSI: -100
LED Errors: 0
Version: 3
Revision: 3

2025-08-23 15:47:50.927351
Sender: 17
Head 0: G
Head 1: G
Head 2: O
Head 3: O
Captures: 0
Releases: 0
Turnouts: 0
Voltage: 12.1
RSSI: -89
LED Errors: 8708
Version: 3
Revision: 3

2025-08-23 16:04:29.432239
Sender: 17
Head 0: G
Head 1: G
Head 2: O
Head 3: O
Captures: 0
Releases: 0
Turnouts: 0
Voltage: 12.1
RSSI: -89
LED Errors: 8708
Version: 3
Revision: 3

2025-08-23 16:19:53.449382
Sender: 17
Head 0: G
Head 1: G
Head 2: O
Head 3: O
Captures: 0
Releases: 0
Turnouts: 0
Voltage: 12.1
RSSI: -89
LED Errors: 8708
Version: 3
Revision: 3

2025-08-23 16:19:54.282525
Sender: 19
Head 0: O
Head 1: O
Head 2: O
Head 3: O
Captures: 0
Releases: 0
Turnouts: 0
Voltage: 12.2
RSSI: -97
LED Errors: 0
Version: 3
Revision: 0

2025-08-23 16:37:49.053212
Sender: 1
Head 0: O
Head 1: O
Head 2: O
Head 3: O
Captures: 0
Releases: 0
Turnouts: 0
Voltage: 12.7
RSSI: -100
LED Errors: 0
Version: 3
Revision: 3

2025-08-23 16:37:49.583346
Sender: 18
Head 0: O
Head 1: O
Head 2: O
Head 3: O
Captures: 0
Releases: 0
Turnouts: 0
Voltage: 12.1
RSSI: -106
LED Errors: 0
Version: 3
Revision: 1

2025-08-23 16:37:49.693568
Sender: 17
Head 0: G
Head 1: G
Head 2: O
Head 3: O
Captures: 0
Releases: 0
Turnouts: 0
Voltage: 12.1
RSSI: -89
LED Errors: 8708
Version: 3
Revision: 3

2025-08-23 16:37:56.921947
Sender: 21
Head 0: G
Head 1: O
Head 2: O
Head 3: O
Captures: 0
Releases: 0
Turnouts: 0
Voltage: 12.2
RSSI: -113
LED Errors: 0
Version: 3
Revision: 3

2025-08-23 16:48:52.221309
Sender: 17
Head 0: O
Head 1: O
Head 2: O
Head 3: O
Captures: 0
Releases: 0
Turnouts: 0
Voltage: 12.1
RSSI: -89
LED Errors: 0
Version: 3
Revision: 3

2025-08-23 16:48:52.638451
Sender: 21
Head 0: G
Head 1: O
Head 2: O
Head 3: O
Captures: 0
Releases: 0
Turnouts: 0
Voltage: 12.2
RSSI: -113
LED Errors: 0
Version: 3
Revision: 3

2025-08-23 17:05:17.487479
Sender: 21
Head 0: G
Head 1: O
Head 2: O
Head 3: O
Captures: 0
Releases: 0
Turnouts: 0
Voltage: 12.2
RSSI: -113
LED Errors: 0
Version: 3
Revision: 3

2025-08-23 17:22:08.403138
Sender: 19
Head 0: O
Head 1: O
Head 2: O
Head 3: O
Captures: 0
Releases: 0
Turnouts: 0
Voltage: 12.2
RSSI: -97
LED Errors: 0
Version: 3
Revision: 0

2025-08-23 17:38:00.994080
Sender: 21
Head 0: G
Head 1: O
Head 2: O
Head 3: O
Captures: 0
Releases: 0
Turnouts: 0
Voltage: 12.2
RSSI: -113
LED Errors: 0
Version: 3
Revision: 3

2025-08-23 17:38:05.657923
Sender: 1
Head 0: O
Head 1: O
Head 2: O
Head 3: O
Captures: 0
Releases: 0
Turnouts: 0
Voltage: 12.7
RSSI: -100
LED Errors: 0
Version: 3
Revision: 3

2025-08-23 17:49:51.061399
Sender: 21
Head 0: O
Head 1: O
Head 2: O
Head 3: O
Captures: 0
Releases: 0
Turnouts: 0
Voltage: 12.2
RSSI: -113
LED Errors: 0
Version: 3
Revision: 3

2025-08-23 17:49:55.969360
Sender: 17
Head 0: O
Head 1: O
Head 2: O
Head 3: O
Captures: 0
Releases: 0
Turnouts: 0
Voltage: 12.1
RSSI: -89
LED Errors: 0
Version: 3
Revision: 3

2025-08-23 17:50:07.605926
Sender: 18
Head 0: G
Head 1: O
Head 2: O
Head 3: O
Captures: 0
Releases: 0
Turnouts: 0
Voltage: 11.9
RSSI: -106
LED Errors: 0
Version: 3
Revision: 1

2025-08-23 18:06:58.522369
Sender: 1
Head 0: G
Head 1: O
Head 2: O
Head 3: O
Captures: 0
Releases: 0
Turnouts: 0
Voltage: 12.7
RSSI: -100
LED Errors: 0
Version: 3
Revision: 3

2025-08-23 18:06:59.814585
Sender: 18
Head 0: G
Head 1: O
Head 2: O
Head 3: O
Captures: 0
Releases: 0
Turnouts: 0
Voltage: 11.9
RSSI: -106
LED Errors: 0
Version: 3
Revision: 1

2025-08-23 18:22:28.809443
Sender: 1
Head 0: G
Head 1: O
Head 2: O
Head 3: O
Captures: 0
Releases: 0
Turnouts: 0
Voltage: 12.7
RSSI: -100
LED Errors: 0
Version: 3
Revision: 3

2025-08-23 18:22:29.207624
Sender: 18
Head 0: G
Head 1: O
Head 2: O
Head 3: O
Captures: 0
Releases: 0
Turnouts: 0
Voltage: 12.0
RSSI: -106
LED Errors: 0
Version: 3
Revision: 1

2025-08-23 18:40:12.204108
Sender: 1
Head 0: R
Head 1: O
Head 2: O
Head 3: O
Captures: 0
Releases: 0
Turnouts: 0
Voltage: 12.7
RSSI: -100
LED Errors: 0
Version: 3
Revision: 3

2025-08-23 18:40:12.919400
Sender: 19
Head 0: G
Head 1: O
Head 2: O
Head 3: O
Captures: 0
Releases: 0
Turnouts: 0
Voltage: 12.1
RSSI: -97
LED Errors: 0
Version: 3
Revision: 0

2025-08-23 18:40:13.523873
Sender: 18
Head 0: G
Head 1: O
Head 2: O
Head 3: O
Captures: 0
Releases: 0
Turnouts: 0
Voltage: 11.9
RSSI: -106
LED Errors: 0
Version: 3
Revision: 1

2025-08-23 18:45:01.931413
Sender: 17
Head 0: G
Head 1: G
Head 2: O
Head 3: O
Captures: 0
Releases: 0
Turnouts: 0
Voltage: 12.1
RSSI: -89
LED Errors: 8708
Version: 3
Revision: 3

2025-08-23 18:47:36.986994
Sender: 1
Head 0: G
Head 1: O
Head 2: O
Head 3: O
Captures: 0
Releases: 0
Turnouts: 0
Voltage: 12.7
RSSI: -100
LED Errors: 0
Version: 3
Revision: 3

2025-08-23 18:47:37.696248
Sender: 19
Head 0: R
Head 1: O
Head 2: O
Head 3: O
Captures: 0
Releases: 0
Turnouts: 0
Voltage: 12.1
RSSI: -97
LED Errors: 0
Version: 3
Revision: 0

2025-08-23 18:47:37.964948
Sender: 18
Head 0: G
Head 1: O
Head 2: O
Head 3: O
Captures: 0
Releases: 0
Turnouts: 0
Voltage: 12.0
RSSI: -106
LED Errors: 0
Version: 3
Revision: 1

2025-08-23 18:48:01.489716
Sender: 19
Head 0: G
Head 1: O
Head 2: O
Head 3: O
Captures: 0
Releases: 0
Turnouts: 0
Voltage: 12.1
RSSI: -97
LED Errors: 0
Version: 3
Revision: 0

2025-08-23 18:48:20.477495
Sender: 2
Head 0: G
Head 1: O
Head 2: O
Head 3: O
Captures: 0
Releases: 0
Turnouts: 0
Voltage: 12.4
RSSI: -112
LED Errors: 0
Version: 3
Revision: 3

2025-08-23 18:48:47.833147
Sender: 1
Head 0: G
Head 1: O
Head 2: O
Head 3: O
Captures: 0
Releases: 0
Turnouts: 0
Voltage: 12.7
RSSI: -100
LED Errors: 0
Version: 3
Revision: 3

2025-08-23 18:48:50.649226
Sender: 2
Head 0: G
Head 1: O
Head 2: O
Head 3: O
Captures: 0
Releases: 0
Turnouts: 0
Voltage: 12.4
RSSI: -112
LED Errors: 0
Version: 3
Revision: 3

2025-08-23 18:49:52.261770
Sender: 21
Head 0: G
Head 1: O
Head 2: O
Head 3: O
Captures: 0
Releases: 0
Turnouts: 0
Voltage: 12.2
RSSI: -113
LED Errors: 0
Version: 3
Revision: 3

2025-08-23 18:51:02.552109
Sender: 17
Head 0: G
Head 1: G
Head 2: O
Head 3: O
Captures: 0
Releases: 0
Turnouts: 0
Voltage: 12.1
RSSI: -89
LED Errors: 8708
Version: 3
Revision: 3

2025-08-23 18:51:03.382511
Sender: 5
Head 0: G
Head 1: O
Head 2: O
Head 3: O
Captures: 0
Releases: 0
Turnouts: 0
Voltage: 12.4
RSSI: 0
LED Errors: 0
Version: 3
Revision: 1

2025-08-23 18:53:38.597498
Sender: 18
Head 0: G
Head 1: O
Head 2: O
Head 3: O
Captures: 0
Releases: 0
Turnouts: 0
Voltage: 12.1
RSSI: -106
LED Errors: 0
Version: 3
Revision: 1

2025-08-23 18:54:02.891283
Sender: 19
Head 0: G
Head 1: O
Head 2: O
Head 3: O
Captures: 0
Releases: 0
Turnouts: 0
Voltage: 12.1
RSSI: -97
LED Errors: 0
Version: 3
Revision: 0

2025-08-23 18:54:48.109902
Sender: 1
Head 0: G
Head 1: O
Head 2: O
Head 3: O
Captures: 0
Releases: 0
Turnouts: 0
Voltage: 12.7
RSSI: -100
LED Errors: 0
Version: 3
Revision: 3

2025-08-23 18:54:48.729375
Sender: 1
Head 0: G
Head 1: O
Head 2: O
Head 3: O
Captures: 0
Releases: 0
Turnouts: 0
Voltage: 12.7
RSSI: -100
LED Errors: 0
Version: 3
Revision: 3

2025-08-23 18:54:53.337908
Sender: 2
Head 0: G
Head 1: O
Head 2: O
Head 3: O
Captures: 0
Releases: 0
Turnouts: 0
Voltage: 12.4
RSSI: -112
LED Errors: 0
Version: 3
Revision: 3

2025-08-23 18:55:53.556287
Sender: 21
Head 0: G
Head 1: O
Head 2: O
Head 3: O
Captures: 0
Releases: 0
Turnouts: 0
Voltage: 12.2
RSSI: -113
LED Errors: 0
Version: 3
Revision: 3

2025-08-23 18:56:42.366527
Sender: 1
Head 0: O
Head 1: O
Head 2: O
Head 3: O
Captures: 0
Releases: 0
Turnouts: 0
Voltage: 12.7
RSSI: -100
LED Errors: 0
Version: 3
Revision: 3

2025-08-23 18:57:04.282054
Sender: 5
Head 0: G
Head 1: O
Head 2: O
Head 3: O
Captures: 0
Releases: 0
Turnouts: 0
Voltage: 12.4
RSSI: 0
LED Errors: 0
Version: 3
Revision: 1

2025-08-23 18:57:09.658118
Sender: 17
Head 0: G
Head 1: G
Head 2: O
Head 3: O
Captures: 0
Releases: 0
Turnouts: 0
Voltage: 12.1
RSSI: -89
LED Errors: 8708
Version: 3
Revision: 3

2025-08-23 18:59:39.766979
Sender: 18
Head 0: G
Head 1: O
Head 2: O
Head 3: O
Captures: 0
Releases: 0
Turnouts: 0
Voltage: 12.0
RSSI: -106
LED Errors: 0
Version: 3
Revision: 1

2025-08-23 19:00:05.966489
Sender: 19
Head 0: G
Head 1: O
Head 2: O
Head 3: O
Captures: 0
Releases: 0
Turnouts: 0
Voltage: 12.1
RSSI: -97
LED Errors: 0
Version: 3
Revision: 0

2025-08-23 19:00:22.536354
Sender: 1
Head 0: O
Head 1: O
Head 2: O
Head 3: O
Captures: 0
Releases: 0
Turnouts: 0
Voltage: 12.7
RSSI: -100
LED Errors: 0
Version: 3
Revision: 3

2025-08-23 19:00:25.553082
Sender: 2
Head 0: G
Head 1: O
Head 2: O
Head 3: O
Captures: 0
Releases: 0
Turnouts: 0
Voltage: 12.4
RSSI: -112
LED Errors: 0
Version: 3
Revision: 3

2025-08-23 19:01:55.708241
Sender: 21
Head 0: G
Head 1: O
Head 2: O
Head 3: O
Captures: 0
Releases: 0
Turnouts: 0
Voltage: 12.2
RSSI: -113
LED Errors: 0
Version: 3
Revision: 3

2025-08-23 19:03:05.745547
Sender: 5
Head 0: G
Head 1: O
Head 2: O
Head 3: O
Captures: 0
Releases: 0
Turnouts: 0
Voltage: 12.4
RSSI: 0
LED Errors: 0
Version: 3
Revision: 1

2025-08-23 19:03:10.967783
Sender: 17
Head 0: G
Head 1: G
Head 2: O
Head 3: O
Captures: 0
Releases: 0
Turnouts: 0
Voltage: 12.1
RSSI: -89
LED Errors: 8708
Version: 3
Revision: 3

2025-08-23 19:05:41.177162
Sender: 18
Head 0: G
Head 1: O
Head 2: O
Head 3: O
Captures: 0
Releases: 0
Turnouts: 0
Voltage: 12.0
RSSI: -106
LED Errors: 0
Version: 3
Revision: 1

2025-08-23 19:06:07.399352
Sender: 19
Head 0: G
Head 1: O
Head 2: O
Head 3: O
Captures: 0
Releases: 0
Turnouts: 0
Voltage: 12.1
RSSI: -97
LED Errors: 0
Version: 3
Revision: 0

2025-08-23 19:06:26.879613
Sender: 2
Head 0: G
Head 1: O
Head 2: O
Head 3: O
Captures: 0
Releases: 0
Turnouts: 0
Voltage: 12.4
RSSI: -112
LED Errors: 0
Version: 3
Revision: 3

2025-08-23 19:07:56.744799
Sender: 21
Head 0: G
Head 1: O
Head 2: O
Head 3: O
Captures: 0
Releases: 0
Turnouts: 0
Voltage: 12.2
RSSI: -113
LED Errors: 0
Version: 3
Revision: 3

2025-08-23 19:07:57.753754
Sender: 21
Head 0: G
Head 1: O
Head 2: O
Head 3: O
Captures: 0
Releases: 0
Turnouts: 0
Voltage: 12.2
RSSI: -113
LED Errors: 0
Version: 3
Revision: 3

2025-08-23 19:09:07.889372
Sender: 5
Head 0: G
Head 1: O
Head 2: O
Head 3: O
Captures: 0
Releases: 0
Turnouts: 0
Voltage: 12.4
RSSI: 0
LED Errors: 0
Version: 3
Revision: 1

2025-08-23 19:09:12.726646
Sender: 17
Head 0: G
Head 1: G
Head 2: O
Head 3: O
Captures: 0
Releases: 0
Turnouts: 0
Voltage: 12.1
RSSI: -89
LED Errors: 8708
Version: 3
Revision: 3

2025-08-23 19:11:42.826785
Sender: 18
Head 0: G
Head 1: O
Head 2: O
Head 3: O
Captures: 0
Releases: 0
Turnouts: 0
Voltage: 12.0
RSSI: -106
LED Errors: 0
Version: 3
Revision: 1

2025-08-23 19:11:52.007334
Sender: 2
Head 0: O
Head 1: O
Head 2: O
Head 3: O
Captures: 0
Releases: 0
Turnouts: 0
Voltage: 12.4
RSSI: -112
LED Errors: 0
Version: 3
Revision: 3

2025-08-23 19:12:07.957413
Sender: 19
Head 0: G
Head 1: O
Head 2: O
Head 3: O
Captures: 0
Releases: 0
Turnouts: 0
Voltage: 12.1
RSSI: -97
LED Errors: 0
Version: 3
Revision: 0

2025-08-23 19:14:03.510039
Sender: 21
Head 0: G
Head 1: O
Head 2: O
Head 3: O
Captures: 0
Releases: 0
Turnouts: 0
Voltage: 12.2
RSSI: -113
LED Errors: 0
Version: 3
Revision: 3

2025-08-23 19:14:13.886723
Sender: 5
Head 0: G
Head 1: O
Head 2: O
Head 3: O
Captures: 0
Releases: 0
Turnouts: 0
Voltage: 12.4
RSSI: 0
LED Errors: 0
Version: 3
Revision: 1

2025-08-23 19:15:13.422309
Sender: 17
Head 0: G
Head 1: G
Head 2: O
Head 3: O
Captures: 0
Releases: 0
Turnouts: 0
Voltage: 12.1
RSSI: -89
LED Errors: 8708
Version: 3
Revision: 3

2025-08-23 19:17:43.638181
Sender: 18
Head 0: G
Head 1: O
Head 2: O
Head 3: O
Captures: 0
Releases: 0
Turnouts: 0
Voltage: 12.0
RSSI: -106
LED Errors: 0
Version: 3
Revision: 1

2025-08-23 19:18:08.856807
Sender: 19
Head 0: G
Head 1: O
Head 2: O
Head 3: O
Captures: 0
Releases: 0
Turnouts: 0
Voltage: 12.1
RSSI: -97
LED Errors: 0
Version: 3
Revision: 0

2025-08-23 19:20:02.513910
Sender: 21
Head 0: G
Head 1: O
Head 2: O
Head 3: O
Captures: 0
Releases: 0
Turnouts: 0
Voltage: 12.2
RSSI: -113
LED Errors: 0
Version: 3
Revision: 3

2025-08-23 19:20:13.178002
Sender: 5
Head 0: G
Head 1: O
Head 2: O
Head 3: O
Captures: 0
Releases: 0
Turnouts: 0
Voltage: 12.4
RSSI: 0
LED Errors: 0
Version: 3
Revision: 1

2025-08-23 19:21:13.398437
Sender: 17
Head 0: G
Head 1: G
Head 2: O
Head 3: O
Captures: 0
Releases: 0
Turnouts: 0
Voltage: 12.1
RSSI: -89
LED Errors: 8708
Version: 3
Revision: 3

2025-08-23 19:23:43.507740
Sender: 18
Head 0: G
Head 1: O
Head 2: O
Head 3: O
Captures: 0
Releases: 0
Turnouts: 0
Voltage: 12.0
RSSI: -106
LED Errors: 0
Version: 3
Revision: 1

2025-08-23 19:23:44.009921
Sender: 18
Head 0: G
Head 1: O
Head 2: O
Head 3: O
Captures: 0
Releases: 0
Turnouts: 0
Voltage: 12.0
RSSI: -106
LED Errors: 0
Version: 3
Revision: 1

2025-08-23 19:24:08.764363
Sender: 19
Head 0: G
Head 1: O
Head 2: O
Head 3: O
Captures: 0
Releases: 0
Turnouts: 0
Voltage: 12.1
RSSI: -97
LED Errors: 0
Version: 3
Revision: 0

2025-08-23 19:26:03.448358
Sender: 21
Head 0: G
Head 1: O
Head 2: O
Head 3: O
Captures: 0
Releases: 0
Turnouts: 0
Voltage: 12.2
RSSI: -113
LED Errors: 0
Version: 3
Revision: 3

2025-08-23 19:26:14.112590
Sender: 5
Head 0: G
Head 1: O
Head 2: O
Head 3: O
Captures: 0
Releases: 0
Turnouts: 0
Voltage: 12.4
RSSI: 0
LED Errors: 0
Version: 3
Revision: 1

2025-08-23 19:27:14.851709
Sender: 17
Head 0: G
Head 1: G
Head 2: O
Head 3: O
Captures: 0
Releases: 0
Turnouts: 0
Voltage: 12.1
RSSI: -89
LED Errors: 8708
Version: 3
Revision: 3

2025-08-23 19:28:15.064121
Sender: 5
Head 0: G
Head 1: O
Head 2: O
Head 3: O
Captures: 0
Releases: 0
Turnouts: 0
Voltage: 12.4
RSSI: 0
LED Errors: 0
Version: 3
Revision: 1

2025-08-23 19:29:44.563268
Sender: 18
Head 0: G
Head 1: O
Head 2: O
Head 3: O
Captures: 0
Releases: 0
Turnouts: 0
Voltage: 12.0
RSSI: -106
LED Errors: 0
Version: 3
Revision: 1

2025-08-23 19:30:09.780624
Sender: 19
Head 0: G
Head 1: O
Head 2: O
Head 3: O
Captures: 0
Releases: 0
Turnouts: 0
Voltage: 12.1
RSSI: -97
LED Errors: 0
Version: 3
Revision: 0

2025-08-23 19:32:04.993771
Sender: 21
Head 0: G
Head 1: O
Head 2: O
Head 3: O
Captures: 0
Releases: 0
Turnouts: 0
Voltage: 12.2
RSSI: -113
LED Errors: 0
Version: 3
Revision: 3

2025-08-23 19:44:07.733457
Sender: 5
Head 0: G
Head 1: O
Head 2: O
Head 3: O
Captures: 0
Releases: 0
Turnouts: 0
Voltage: 12.4
RSSI: 0
LED Errors: 0
Version: 3
Revision: 1

2025-08-23 19:44:08.084977
Sender: 17
Head 0: G
Head 1: G
Head 2: O
Head 3: O
Captures: 0
Releases: 0
Turnouts: 0
Voltage: 12.1
RSSI: -89
LED Errors: 8708
Version: 3
Revision: 3

2025-08-23 19:44:08.314059
Sender: 21
Head 0: G
Head 1: O
Head 2: O
Head 3: O
Captures: 0
Releases: 0
Turnouts: 0
Voltage: 12.2
RSSI: -113
LED Errors: 0
Version: 3
Revision: 3

2025-08-23 19:44:08.720665
Sender: 19
Head 0: G
Head 1: O
Head 2: O
Head 3: O
Captures: 0
Releases: 0
Turnouts: 0
Voltage: 12.1
RSSI: -97
LED Errors: 0
Version: 3
Revision: 0

2025-08-23 19:44:08.962065
Sender: 18
Head 0: G
Head 1: O
Head 2: O
Head 3: O
Captures: 0
Releases: 0
Turnouts: 0
Voltage: 12.1
RSSI: -106
LED Errors: 0
Version: 3
Revision: 1

2025-08-23 19:59:21.016433
Sender: 17
Head 0: O
Head 1: O
Head 2: O
Head 3: O
Captures: 0
Releases: 0
Turnouts: 0
Voltage: 12.1
RSSI: -89
LED Errors: 0
Version: 3
Revision: 3

2025-08-23 19:59:21.420755
Sender: 19
Head 0: G
Head 1: O
Head 2: O
Head 3: O
Captures: 0
Releases: 0
Turnouts: 0
Voltage: 12.2
RSSI: -97
LED Errors: 0
Version: 3
Revision: 0

2025-08-23 19:59:21.538684
Sender: 21
Head 0: G
Head 1: O
Head 2: O
Head 3: O
Captures: 0
Releases: 0
Turnouts: 0
Voltage: 12.2
RSSI: -113
LED Errors: 0
Version: 3
Revision: 3

2025-08-23 19:59:22.174490
Sender: 18
Head 0: G
Head 1: O
Head 2: O
Head 3: O
Captures: 0
Releases: 0
Turnouts: 0
Voltage: 12.1
RSSI: -106
LED Errors: 0
Version: 3
Revision: 1

2025-08-23 19:59:32.424765
Sender: 5
Head 0: G
Head 1: O
Head 2: O
Head 3: O
Captures: 0
Releases: 0
Turnouts: 0
Voltage: 12.4
RSSI: 0
LED Errors: 0
Version: 3
Revision: 1

2025-08-23 20:15:57.288153
Sender: 1
Head 0: O
Head 1: O
Head 2: O
Head 3: O
Captures: 0
Releases: 0
Turnouts: 0
Voltage: 12.7
RSSI: -100
LED Errors: 0
Version: 3
Revision: 3

2025-08-23 20:15:57.810726
Sender: 2
Head 0: O
Head 1: O
Head 2: O
Head 3: O
Captures: 0
Releases: 0
Turnouts: 0
Voltage: 12.4
RSSI: -112
LED Errors: 0
Version: 3
Revision: 3

2025-08-23 20:15:58.454810
Sender: 18
Head 0: G
Head 1: O
Head 2: O
Head 3: O
Captures: 0
Releases: 0
Turnouts: 0
Voltage: 12.1
RSSI: -106
LED Errors: 0
Version: 3
Revision: 1

2025-08-23 20:15:59.020392
Sender: 21
Head 0: O
Head 1: O
Head 2: O
Head 3: O
Captures: 0
Releases: 0
Turnouts: 0
Voltage: 12.2
RSSI: -113
LED Errors: 0
Version: 3
Revision: 3

2025-08-23 20:31:58.014745
Sender: 5
Head 0: G
Head 1: O
Head 2: O
Head 3: O
Captures: 0
Releases: 0
Turnouts: 0
Voltage: 12.4
RSSI: 0
LED Errors: 0
Version: 3
Revision: 1

2025-08-23 20:31:58.414084
Sender: 18
Head 0: G
Head 1: O
Head 2: O
Head 3: O
Captures: 0
Releases: 0
Turnouts: 0
Voltage: 12.1
RSSI: -106
LED Errors: 0
Version: 3
Revision: 1

2025-08-23 21:04:42.876404
Sender: 17
Head 0: O
Head 1: O
Head 2: O
Head 3: O
Captures: 0
Releases: 0
Turnouts: 0
Voltage: 12.1
RSSI: -89
LED Errors: 0
Version: 3
Revision: 3

2025-08-23 21:04:43.099322
Sender: 18
Head 0: O
Head 1: O
Head 2: O
Head 3: O
Captures: 0
Releases: 0
Turnouts: 0
Voltage: 12.1
RSSI: -106
LED Errors: 0
Version: 3
Revision: 1

2025-08-23 21:04:43.507759
Sender: 19
Head 0: O
Head 1: O
Head 2: O
Head 3: O
Captures: 0
Releases: 0
Turnouts: 0
Voltage: 12.2
RSSI: -97
LED Errors: 0
Version: 3
Revision: 0

2025-08-23 21:04:43.906494
Sender: 5
Head 0: G
Head 1: O
Head 2: O
Head 3: O
Captures: 0
Releases: 0
Turnouts: 0
Voltage: 12.4
RSSI: 0
LED Errors: 0
Version: 3
Revision: 1

2025-08-23 21:04:44.087445
Sender: 17
Head 0: O
Head 1: O
Head 2: O
Head 3: O
Captures: 0
Releases: 0
Turnouts: 0
Voltage: 12.1
RSSI: -89
LED Errors: 0
Version: 3
Revision: 3

2025-08-23 21:23:58.715389
Sender: 1
Head 0: O
Head 1: O
Head 2: O
Head 3: O
Captures: 0
Releases: 0
Turnouts: 0
Voltage: 12.7
RSSI: -100
LED Errors: 0
Version: 3
Revision: 3

2025-08-23 21:23:59.123277
Sender: 2
Head 0: O
Head 1: O
Head 2: O
Head 3: O
Captures: 0
Releases: 0
Turnouts: 0
Voltage: 12.4
RSSI: -112
LED Errors: 0
Version: 3
Revision: 3

2025-08-23 21:23:59.957662
Sender: 21
Head 0: O
Head 1: O
Head 2: O
Head 3: O
Captures: 0
Releases: 0
Turnouts: 0
Voltage: 12.2
RSSI: -113
LED Errors: 0
Version: 3
Revision: 3

2025-08-23 21:40:40.631737
Sender: 5
Head 0: G
Head 1: O
Head 2: O
Head 3: O
Captures: 0
Releases: 0
Turnouts: 0
Voltage: 12.4
RSSI: 0
LED Errors: 0
Version: 3
Revision: 1

2025-08-23 21:42:31.510248
Sender: 21
Head 0: R
Head 1: O
Head 2: O
Head 3: O
Captures: 0
Releases: 0
Turnouts: 0
Voltage: 12.2
RSSI: -113
LED Errors: 0
Version: 3
Revision: 3

2025-08-23 21:42:31.902811
Sender: 18
Head 0: A
Head 1: O
Head 2: O
Head 3: O
Captures: 0
Releases: 0
Turnouts: 0
Voltage: 12.1
RSSI: -106
LED Errors: 0
Version: 3
Revision: 1

2025-08-23 21:42:32.176110
Sender: 17
Head 0: G
Head 1: R
Head 2: O
Head 3: O
Captures: 0
Releases: 0
Turnouts: 0
Voltage: 12.1
RSSI: -89
LED Errors: 8708
Version: 3
Revision: 3

2025-08-23 21:42:32.498026
Sender: 21
Head 0: R
Head 1: O
Head 2: O
Head 3: O
Captures: 0
Releases: 0
Turnouts: 0
Voltage: 12.2
RSSI: -113
LED Errors: 1
Version: 3
Revision: 3

2025-08-23 21:42:46.609571
Sender: 5
Head 0: G
Head 1: O
Head 2: O
Head 3: O
Captures: 0
Releases: 0
Turnouts: 0
Voltage: 12.4
RSSI: 0
LED Errors: 0
Version: 3
Revision: 1

2025-08-23 21:43:12.484737
Sender: 1
Head 0: G
Head 1: O
Head 2: O
Head 3: O
Captures: 0
Releases: 0
Turnouts: 0
Voltage: 12.7
RSSI: -100
LED Errors: 0
Version: 3
Revision: 3

2025-08-23 21:43:18.316672
Sender: 17
Head 0: G
Head 1: G
Head 2: O
Head 3: O
Captures: 0
Releases: 2
Turnouts: 0
Voltage: 12.1
RSSI: -89
LED Errors: 8708
Version: 3
Revision: 3

2025-08-23 21:43:18.422746
Sender: 21
Head 0: G
Head 1: O
Head 2: O
Head 3: O
Captures: 0
Releases: 1
Turnouts: 0
Voltage: 12.2
RSSI: -113
LED Errors: 0
Version: 3
Revision: 3

2025-08-23 21:43:19.285063
Sender: 17
Head 0: G
Head 1: G
Head 2: O
Head 3: O
Captures: 0
Releases: 0
Turnouts: 0
Voltage: 12.1
RSSI: -89
LED Errors: 8708
Version: 3
Revision: 3

2025-08-23 21:43:19.624726
Sender: 21
Head 0: G
Head 1: O
Head 2: O
Head 3: O
Captures: 0
Releases: 0
Turnouts: 0
Voltage: 12.2
RSSI: -113
LED Errors: 0
Version: 3
Revision: 3

2025-08-23 21:43:20.644176
Sender: 21
Head 0: G
Head 1: O
Head 2: O
Head 3: O
Captures: 0
Releases: 0
Turnouts: 0
Voltage: 12.2
RSSI: -113
LED Errors: 0
Version: 3
Revision: 3

2025-08-23 21:43:25.434273
Sender: 1
Head 0: G
Head 1: O
Head 2: O
Head 3: O
Captures: 0
Releases: 0
Turnouts: 0
Voltage: 12.7
RSSI: -100
LED Errors: 0
Version: 3
Revision: 3

2025-08-23 21:43:27.825145
Sender: 18
Head 0: G
Head 1: O
Head 2: O
Head 3: O
Captures: 0
Releases: 0
Turnouts: 0
Voltage: 12.0
RSSI: -106
LED Errors: 0
Version: 3
Revision: 1

2025-08-23 21:43:36.695733
Sender: 1
Head 0: G
Head 1: O
Head 2: O
Head 3: O
Captures: 0
Releases: 0
Turnouts: 0
Voltage: 12.7
RSSI: -100
LED Errors: 0
Version: 3
Revision: 3

2025-08-23 21:43:37.673998
Sender: 2
Head 0: R
Head 1: O
Head 2: O
Head 3: O
Captures: 0
Releases: 0
Turnouts: 0
Voltage: 12.4
RSSI: -112
LED Errors: 0
Version: 3
Revision: 3

2025-08-23 21:43:37.889972
Sender: 1
Head 0: A
Head 1: O
Head 2: O
Head 3: O
Captures: 1
Releases: 0
Turnouts: 0
Voltage: 12.7
RSSI: -100
LED Errors: 0
Version: 3
Revision: 3

2025-08-23 21:43:38.807827
Sender: 1
Head 0: A
Head 1: O
Head 2: O
Head 3: O
Captures: 0
Releases: 0
Turnouts: 0
Voltage: 12.7
RSSI: -100
LED Errors: 0
Version: 3
Revision: 3

2025-08-23 21:45:03.857263
Sender: 2
Head 0: G
Head 1: O
Head 2: O
Head 3: O
Captures: 0
Releases: 1
Turnouts: 0
Voltage: 12.4
RSSI: -112
LED Errors: 0
Version: 3
Revision: 3

2025-08-23 21:45:04.865540
Sender: 2
Head 0: G
Head 1: O
Head 2: O
Head 3: O
Captures: 0
Releases: 0
Turnouts: 0
Voltage: 12.4
RSSI: -112
LED Errors: 0
Version: 3
Revision: 3

2025-08-23 21:45:13.821244
Sender: 1
Head 0: G
Head 1: O
Head 2: O
Head 3: O
Captures: 0
Releases: 0
Turnouts: 0
Voltage: 12.7
RSSI: -100
LED Errors: 0
Version: 3
Revision: 3

2025-08-23 21:45:15.715210
Sender: 5
Head 0: G
Head 1: O
Head 2: O
Head 3: O
Captures: 0
Releases: 0
Turnouts: 0
Voltage: 12.4
RSSI: 0
LED Errors: 0
Version: 3
Revision: 1

2025-08-23 21:45:16.459414
Sender: 5
Head 0: R
Head 1: O
Head 2: O
Head 3: O
Captures: 0
Releases: 0
Turnouts: 0
Voltage: 12.4
RSSI: 0
LED Errors: 0
Version: 3
Revision: 1

2025-08-23 21:46:26.115538
Sender: 5
Head 0: R
Head 1: O
Head 2: O
Head 3: O
Captures: 0
Releases: 0
Turnouts: 0
Voltage: 12.4
RSSI: 0
LED Errors: 0
Version: 3
Revision: 1

2025-08-23 21:46:26.619609
Sender: 5
Head 0: O
Head 1: O
Head 2: O
Head 3: O
Captures: 0
Releases: 0
Turnouts: 0
Voltage: 12.4
RSSI: 0
LED Errors: 0
Version: 3
Revision: 1

2025-08-23 21:46:27.461439
Sender: 5
Head 0: G
Head 1: O
Head 2: O
Head 3: O
Captures: 0
Releases: 0
Turnouts: 0
Voltage: 12.4
RSSI: 0
LED Errors: 0
Version: 3
Revision: 1

2025-08-23 21:49:20.342698
Sender: 17
Head 0: G
Head 1: G
Head 2: O
Head 3: O
Captures: 0
Releases: 0
Turnouts: 0
Voltage: 12.1
RSSI: -89
LED Errors: 8708
Version: 3
Revision: 3

2025-08-23 21:49:21.220760
Sender: 21
Head 0: G
Head 1: O
Head 2: O
Head 3: O
Captures: 0
Releases: 0
Turnouts: 0
Voltage: 12.2
RSSI: -113
LED Errors: 0
Version: 3
Revision: 3

2025-08-23 21:49:30.465195
Sender: 18
Head 0: G
Head 1: O
Head 2: O
Head 3: O
Captures: 0
Releases: 0
Turnouts: 0
Voltage: 12.0
RSSI: -106
LED Errors: 0
Version: 3
Revision: 1

2025-08-23 21:51:05.683121
Sender: 2
Head 0: G
Head 1: O
Head 2: O
Head 3: O
Captures: 0
Releases: 0
Turnouts: 0
Voltage: 12.4
RSSI: -112
LED Errors: 0
Version: 3
Revision: 3

2025-08-23 21:51:15.901094
Sender: 1
Head 0: G
Head 1: O
Head 2: O
Head 3: O
Captures: 0
Releases: 0
Turnouts: 0
Voltage: 12.7
RSSI: -100
LED Errors: 0
Version: 3
Revision: 3

2025-08-23 21:52:31.532074
Sender: 5
Head 0: G
Head 1: O
Head 2: O
Head 3: O
Captures: 0
Releases: 0
Turnouts: 0
Voltage: 12.4
RSSI: 0
LED Errors: 0
Version: 3
Revision: 1

2025-08-23 21:55:21.742488
Sender: 17
Head 0: G
Head 1: G
Head 2: O
Head 3: O
Captures: 0
Releases: 0
Turnouts: 0
Voltage: 12.1
RSSI: -89
LED Errors: 8708
Version: 3
Revision: 3

2025-08-23 21:55:22.610349
Sender: 21
Head 0: G
Head 1: O
Head 2: O
Head 3: O
Captures: 0
Releases: 0
Turnouts: 0
Voltage: 12.2
RSSI: -113
LED Errors: 0
Version: 3
Revision: 3

2025-08-23 21:55:32.581980
Sender: 18
Head 0: G
Head 1: O
Head 2: O
Head 3: O
Captures: 0
Releases: 0
Turnouts: 0
Voltage: 12.0
RSSI: -106
LED Errors: 0
Version: 3
Revision: 1

2025-08-23 21:57:07.303936
Sender: 2
Head 0: G
Head 1: O
Head 2: O
Head 3: O
Captures: 0
Releases: 0
Turnouts: 0
Voltage: 12.4
RSSI: -112
LED Errors: 0
Version: 3
Revision: 3

2025-08-23 21:57:18.031983
Sender: 1
Head 0: G
Head 1: O
Head 2: O
Head 3: O
Captures: 0
Releases: 0
Turnouts: 0
Voltage: 12.7
RSSI: -100
LED Errors: 0
Version: 3
Revision: 3

2025-08-23 21:58:33.101656
Sender: 5
Head 0: G
Head 1: O
Head 2: O
Head 3: O
Captures: 0
Releases: 0
Turnouts: 0
Voltage: 12.4
RSSI: 0
LED Errors: 0
Version: 3
Revision: 1

2025-08-23 22:00:29.061023
Sender: 5
Head 0: G
Head 1: O
Head 2: O
Head 3: O
Captures: 0
Releases: 0
Turnouts: 0
Voltage: 12.4
RSSI: 0
LED Errors: 0
Version: 3
Revision: 1

2025-08-23 22:01:13.412628
Sender: 1
Head 0: O
Head 1: O
Head 2: O
Head 3: O
Captures: 0
Releases: 0
Turnouts: 0
Voltage: 12.7
RSSI: -100
LED Errors: 0
Version: 3
Revision: 3

2025-08-23 22:01:23.274871
Sender: 17
Head 0: G
Head 1: G
Head 2: O
Head 3: O
Captures: 0
Releases: 0
Turnouts: 0
Voltage: 12.1
RSSI: -89
LED Errors: 8708
Version: 3
Revision: 3

2025-08-23 22:01:23.614330
Sender: 21
Head 0: G
Head 1: O
Head 2: O
Head 3: O
Captures: 0
Releases: 0
Turnouts: 0
Voltage: 12.2
RSSI: -113
LED Errors: 0
Version: 3
Revision: 3

2025-08-23 22:01:33.713593
Sender: 18
Head 0: G
Head 1: O
Head 2: O
Head 3: O
Captures: 0
Releases: 0
Turnouts: 0
Voltage: 12.0
RSSI: -106
LED Errors: 0
Version: 3
Revision: 1

2025-08-23 22:01:34.470298
Sender: 18
Head 0: G
Head 1: O
Head 2: O
Head 3: O
Captures: 0
Releases: 0
Turnouts: 0
Voltage: 12.0
RSSI: -106
LED Errors: 0
Version: 3
Revision: 1

2025-08-23 22:03:08.937019
Sender: 2
Head 0: G
Head 1: O
Head 2: O
Head 3: O
Captures: 0
Releases: 0
Turnouts: 0
Voltage: 12.4
RSSI: -112
LED Errors: 0
Version: 3
Revision: 3

2025-08-23 22:04:44.053800
Sender: 19
Head 0: G
Head 1: O
Head 2: O
Head 3: O
Captures: 0
Releases: 0
Turnouts: 0
Voltage: 12.1
RSSI: -97
LED Errors: 0
Version: 3
Revision: 0

2025-08-23 22:07:24.845330
Sender: 17
Head 0: G
Head 1: G
Head 2: O
Head 3: O
Captures: 0
Releases: 0
Turnouts: 0
Voltage: 12.1
RSSI: -89
LED Errors: 8708
Version: 3
Revision: 3

2025-08-23 22:07:25.311016
Sender: 21
Head 0: G
Head 1: O
Head 2: O
Head 3: O
Captures: 0
Releases: 0
Turnouts: 0
Voltage: 12.2
RSSI: -113
LED Errors: 0
Version: 3
Revision: 3

2025-08-23 22:07:35.300628
Sender: 18
Head 0: G
Head 1: O
Head 2: O
Head 3: O
Captures: 0
Releases: 0
Turnouts: 0
Voltage: 12.0
RSSI: -106
LED Errors: 0
Version: 3
Revision: 1

2025-08-23 22:09:10.494572
Sender: 2
Head 0: G
Head 1: O
Head 2: O
Head 3: O
Captures: 0
Releases: 0
Turnouts: 0
Voltage: 12.4
RSSI: -112
LED Errors: 0
Version: 3
Revision: 3

2025-08-23 22:09:35.795758
Sender: 5
Head 0: G
Head 1: O
Head 2: O
Head 3: O
Captures: 0
Releases: 0
Turnouts: 0
Voltage: 12.4
RSSI: 0
LED Errors: 0
Version: 3
Revision: 1

2025-08-23 22:10:45.641931
Sender: 19
Head 0: G
Head 1: O
Head 2: O
Head 3: O
Captures: 0
Releases: 0
Turnouts: 0
Voltage: 12.1
RSSI: -97
LED Errors: 0
Version: 3
Revision: 0

2025-08-23 22:13:25.858752
Sender: 17
Head 0: G
Head 1: G
Head 2: O
Head 3: O
Captures: 0
Releases: 0
Turnouts: 0
Voltage: 12.1
RSSI: -89
LED Errors: 8708
Version: 3
Revision: 3

2025-08-23 22:13:26.338322
Sender: 21
Head 0: G
Head 1: O
Head 2: O
Head 3: O
Captures: 0
Releases: 0
Turnouts: 0
Voltage: 12.2
RSSI: -113
LED Errors: 0
Version: 3
Revision: 3

2025-08-23 22:13:36.292373
Sender: 18
Head 0: G
Head 1: O
Head 2: O
Head 3: O
Captures: 0
Releases: 0
Turnouts: 0
Voltage: 12.0
RSSI: -106
LED Errors: 0
Version: 3
Revision: 1

2025-08-23 22:31:44.707816
Sender: 2
Head 0: O
Head 1: O
Head 2: O
Head 3: O
Captures: 0
Releases: 0
Turnouts: 0
Voltage: 12.4
RSSI: -112
LED Errors: 0
Version: 3
Revision: 3

2025-08-23 22:31:45.367660
Sender: 5
Head 0: G
Head 1: O
Head 2: O
Head 3: O
Captures: 0
Releases: 0
Turnouts: 0
Voltage: 12.4
RSSI: 0
LED Errors: 0
Version: 3
Revision: 1

2025-08-23 22:31:46.205598
Sender: 17
Head 0: G
Head 1: G
Head 2: O
Head 3: O
Captures: 0
Releases: 0
Turnouts: 0
Voltage: 12.1
RSSI: -89
LED Errors: 8708
Version: 3
Revision: 3

2025-08-23 22:31:46.444139
Sender: 21
Head 0: G
Head 1: O
Head 2: O
Head 3: O
Captures: 0
Releases: 0
Turnouts: 0
Voltage: 12.2
RSSI: -113
LED Errors: 0
Version: 3
Revision: 3

2025-08-23 22:31:47.015034
Sender: 18
Head 0: G
Head 1: O
Head 2: O
Head 3: O
Captures: 0
Releases: 0
Turnouts: 0
Voltage: 12.0
RSSI: -106
LED Errors: 0
Version: 3
Revision: 1

2025-08-23 22:31:47.295994
Sender: 19
Head 0: G
Head 1: O
Head 2: O
Head 3: O
Captures: 0
Releases: 0
Turnouts: 0
Voltage: 12.1
RSSI: -97
LED Errors: 0
Version: 3
Revision: 0

2025-08-23 22:49:37.387132
Sender: 17
Head 0: O
Head 1: O
Head 2: O
Head 3: O
Captures: 0
Releases: 0
Turnouts: 0
Voltage: 12.1
RSSI: -89
LED Errors: 0
Version: 3
Revision: 3

2025-08-23 22:49:37.806856
Sender: 18
Head 0: G
Head 1: O
Head 2: O
Head 3: O
Captures: 0
Releases: 0
Turnouts: 0
Voltage: 12.1
RSSI: -106
LED Errors: 0
Version: 3
Revision: 1

2025-08-23 22:49:38.103747
Sender: 19
Head 0: G
Head 1: O
Head 2: O
Head 3: O
Captures: 0
Releases: 0
Turnouts: 0
Voltage: 12.1
RSSI: -97
LED Errors: 0
Version: 3
Revision: 0

2025-08-23 22:49:38.457755
Sender: 21
Head 0: G
Head 1: O
Head 2: O
Head 3: O
Captures: 0
Releases: 0
Turnouts: 0
Voltage: 12.2
RSSI: -113
LED Errors: 0
Version: 3
Revision: 3

2025-08-23 22:49:38.757305
Sender: 21
Head 0: G
Head 1: O
Head 2: O
Head 3: O
Captures: 0
Releases: 0
Turnouts: 0
Voltage: 12.2
RSSI: -113
LED Errors: 0
Version: 3
Revision: 3

2025-08-23 23:06:10.953619
Sender: 1
Head 0: O
Head 1: O
Head 2: O
Head 3: O
Captures: 0
Releases: 0
Turnouts: 0
Voltage: 12.7
RSSI: -100
LED Errors: 0
Version: 3
Revision: 3

2025-08-23 23:06:12.206095
Sender: 19
Head 0: G
Head 1: O
Head 2: O
Head 3: O
Captures: 0
Releases: 0
Turnouts: 0
Voltage: 12.1
RSSI: -97
LED Errors: 0
Version: 3
Revision: 0

2025-08-23 23:06:12.482958
Sender: 18
Head 0: G
Head 1: O
Head 2: O
Head 3: O
Captures: 0
Releases: 0
Turnouts: 0
Voltage: 12.1
RSSI: -106
LED Errors: 0
Version: 3
Revision: 1

2025-08-23 23:21:45.719482
Sender: 18
Head 0: G
Head 1: O
Head 2: O
Head 3: O
Captures: 0
Releases: 0
Turnouts: 0
Voltage: 12.1
RSSI: -106
LED Errors: 0
Version: 3
Revision: 1

2025-08-23 23:21:46.068230
Sender: 19
Head 0: G
Head 1: O
Head 2: O
Head 3: O
Captures: 0
Releases: 0
Turnouts: 0
Voltage: 12.1
RSSI: -97
LED Errors: 0
Version: 3
Revision: 0

2025-08-23 23:21:46.363043
Sender: 21
Head 0: G
Head 1: O
Head 2: O
Head 3: O
Captures: 0
Releases: 0
Turnouts: 0
Voltage: 12.2
RSSI: -113
LED Errors: 0
Version: 3
Revision: 3

2025-08-23 23:31:13.444693
Sender: 18
Head 0: G
Head 1: O
Head 2: O
Head 3: O
Captures: 0
Releases: 0
Turnouts: 0
Voltage: 12.1
RSSI: -106
LED Errors: 0
Version: 3
Revision: 1

2025-08-23 23:31:13.826734
Sender: 19
Head 0: G
Head 1: O
Head 2: O
Head 3: O
Captures: 0
Releases: 0
Turnouts: 0
Voltage: 12.1
RSSI: -97
LED Errors: 0
Version: 3
Revision: 0

2025-08-23 23:31:14.041263
Sender: 21
Head 0: G
Head 1: O
Head 2: O
Head 3: O
Captures: 0
Releases: 0
Turnouts: 0
Voltage: 12.2
RSSI: -113
LED Errors: 0
Version: 3
Revision: 3

2025-08-23 23:31:19.398712
Sender: 5
Head 0: G
Head 1: O
Head 2: O
Head 3: O
Captures: 0
Releases: 0
Turnouts: 0
Voltage: 12.4
RSSI: 0
LED Errors: 0
Version: 3
Revision: 1

2025-08-23 23:31:45.898369
Sender: 2
Head 0: O
Head 1: O
Head 2: O
Head 3: O
Captures: 0
Releases: 0
Turnouts: 0
Voltage: 12.4
RSSI: -112
LED Errors: 0
Version: 3
Revision: 3

2025-08-23 23:35:25.905982
Sender: 1
Head 0: O
Head 1: O
Head 2: O
Head 3: O
Captures: 0
Releases: 0
Turnouts: 0
Voltage: 12.7
RSSI: -100
LED Errors: 0
Version: 3
Revision: 3

2025-08-23 23:35:30.527002
Sender: 1
Head 0: O
Head 1: O
Head 2: O
Head 3: O
Captures: 0
Releases: 0
Turnouts: 0
Voltage: 12.7
RSSI: -100
LED Errors: 0
Version: 3
Revision: 3

2025-08-23 23:35:34.245866
Sender: 2
Head 0: O
Head 1: O
Head 2: O
Head 3: O
Captures: 0
Releases: 0
Turnouts: 0
Voltage: 12.4
RSSI: -112
LED Errors: 0
Version: 3
Revision: 3

2025-08-23 23:37:14.861152
Sender: 18
Head 0: G
Head 1: O
Head 2: O
Head 3: O
Captures: 0
Releases: 0
Turnouts: 0
Voltage: 12.1
RSSI: -106
LED Errors: 0
Version: 3
Revision: 1

2025-08-23 23:37:15.754848
Sender: 21
Head 0: G
Head 1: O
Head 2: O
Head 3: O
Captures: 0
Releases: 0
Turnouts: 0
Voltage: 12.2
RSSI: -113
LED Errors: 0
Version: 3
Revision: 3

2025-08-23 23:37:16.466334
Sender: 19
Head 0: G
Head 1: O
Head 2: O
Head 3: O
Captures: 0
Releases: 0
Turnouts: 0
Voltage: 12.1
RSSI: -97
LED Errors: 0
Version: 3
Revision: 0

2025-08-23 23:37:26.488046
Sender: 5
Head 0: G
Head 1: O
Head 2: O
Head 3: O
Captures: 0
Releases: 0
Turnouts: 0
Voltage: 12.4
RSSI: 0
LED Errors: 0
Version: 3
Revision: 1

2025-08-24 09:10:40.939426
Sender: 1
Head 0: O
Head 1: O
Head 2: O
Head 3: O
Captures: 0
Releases: 0
Turnouts: 0
Voltage: 12.7
RSSI: -100
LED Errors: 0
Version: 3
Revision: 3

2025-08-24 09:10:41.322353
Sender: 2
Head 0: O
Head 1: O
Head 2: O
Head 3: O
Captures: 0
Releases: 0
Turnouts: 0
Voltage: 12.4
RSSI: -112
LED Errors: 0
Version: 3
Revision: 3

2025-08-24 09:10:42.120167
Sender: 5
Head 0: G
Head 1: O
Head 2: O
Head 3: O
Captures: 0
Releases: 0
Turnouts: 0
Voltage: 12.3
RSSI: 0
LED Errors: 0
Version: 3
Revision: 1

2025-08-24 09:10:45.751003
Sender: 17
Head 0: O
Head 1: O
Head 2: O
Head 3: O
Captures: 0
Releases: 0
Turnouts: 0
Voltage: 12.1
RSSI: -89
LED Errors: 0
Version: 3
Revision: 3

2025-08-24 09:10:46.133560
Sender: 18
Head 0: O
Head 1: O
Head 2: O
Head 3: O
Captures: 0
Releases: 0
Turnouts: 0
Voltage: 12.1
RSSI: -106
LED Errors: 0
Version: 3
Revision: 1

2025-08-24 09:10:46.520351
Sender: 19
Head 0: O
Head 1: O
Head 2: O
Head 3: O
Captures: 0
Releases: 0
Turnouts: 0
Voltage: 12.2
RSSI: -97
LED Errors: 0
Version: 3
Revision: 0

2025-08-24 09:10:47.044844
Sender: 21
Head 0: O
Head 1: O
Head 2: O
Head 3: O
Captures: 0
Releases: 0
Turnouts: 0
Voltage: 12.2
RSSI: -113
LED Errors: 0
Version: 3
Revision: 3

2025-08-24 09:11:14.415996
Sender: 1
Head 0: O
Head 1: O
Head 2: O
Head 3: O
Captures: 0
Releases: 0
Turnouts: 0
Voltage: 12.7
RSSI: -100
LED Errors: 0
Version: 3
Revision: 3

2025-08-24 09:11:30.282718
Sender: 2
Head 0: O
Head 1: O
Head 2: O
Head 3: O
Captures: 0
Releases: 0
Turnouts: 0
Voltage: 12.4
RSSI: -112
LED Errors: 0
Version: 3
Revision: 3

2025-08-24 09:11:51.159295
Sender: 19
Head 0: O
Head 1: O
Head 2: O
Head 3: O
Captures: 0
Releases: 0
Turnouts: 0
Voltage: 12.2
RSSI: -97
LED Errors: 0
Version: 3
Revision: 0

2025-08-24 09:12:10.690326
Sender: 1
Head 0: O
Head 1: O
Head 2: O
Head 3: O
Captures: 0
Releases: 0
Turnouts: 0
Voltage: 12.7
RSSI: -100
LED Errors: 0
Version: 3
Revision: 3

2025-08-24 09:12:14.808010
Sender: 2
Head 0: O
Head 1: O
Head 2: O
Head 3: O
Captures: 0
Releases: 0
Turnouts: 0
Voltage: 12.4
RSSI: -112
LED Errors: 0
Version: 3
Revision: 3

2025-08-24 09:12:15.307305
Sender: 2
Head 0: O
Head 1: O
Head 2: O
Head 3: O
Captures: 0
Releases: 0
Turnouts: 0
Voltage: 12.4
RSSI: -112
LED Errors: 0
Version: 3
Revision: 3

2025-08-24 09:12:44.235979
Sender: 2
Head 0: O
Head 1: O
Head 2: O
Head 3: O
Captures: 0
Releases: 0
Turnouts: 0
Voltage: 12.4
RSSI: -112
LED Errors: 0
Version: 3
Revision: 3

2025-08-24 09:12:59.529740
Sender: 17
Head 0: O
Head 1: O
Head 2: O
Head 3: O
Captures: 0
Releases: 0
Turnouts: 0
Voltage: 12.1
RSSI: -89
LED Errors: 0
Version: 3
Revision: 3

2025-08-24 09:22:23.763299
Sender: 1
Head 0: G
Head 1: O
Head 2: O
Head 3: O
Captures: 0
Releases: 0
Turnouts: 0
Voltage: 12.6
RSSI: -99
LED Errors: 0
Version: 3
Revision: 3

2025-08-24 09:22:24.519690
Sender: 2
Head 0: G
Head 1: O
Head 2: O
Head 3: O
Captures: 0
Releases: 0
Turnouts: 0
Voltage: 12.4
RSSI: -99
LED Errors: 0
Version: 3
Revision: 3

2025-08-24 09:22:24.850842
Sender: 1
Head 0: G
Head 1: O
Head 2: O
Head 3: O
Captures: 0
Releases: 0
Turnouts: 0
Voltage: 12.6
RSSI: -99
LED Errors: 0
Version: 3
Revision: 3

2025-08-24 09:22:25.231021
Sender: 2
Head 0: G
Head 1: O
Head 2: O
Head 3: O
Captures: 0
Releases: 0
Turnouts: 0
Voltage: 12.4
RSSI: -99
LED Errors: 0
Version: 3
Revision: 3

2025-08-24 09:22:25.613309
Sender: 1
Head 0: G
Head 1: O
Head 2: O
Head 3: O
Captures: 0
Releases: 0
Turnouts: 0
Voltage: 12.6
RSSI: -99
LED Errors: 0
Version: 3
Revision: 3

2025-08-24 09:22:26.271963
Sender: 2
Head 0: G
Head 1: O
Head 2: O
Head 3: O
Captures: 0
Releases: 0
Turnouts: 0
Voltage: 12.4
RSSI: -99
LED Errors: 0
Version: 3
Revision: 3

2025-08-24 09:22:26.547856
Sender: 1
Head 0: G
Head 1: O
Head 2: O
Head 3: O
Captures: 0
Releases: 0
Turnouts: 0
Voltage: 12.6
RSSI: -99
LED Errors: 0
Version: 3
Revision: 3

2025-08-24 09:22:26.878713
Sender: 2
Head 0: G
Head 1: O
Head 2: O
Head 3: O
Captures: 0
Releases: 0
Turnouts: 0
Voltage: 12.4
RSSI: -99
LED Errors: 0
Version: 3
Revision: 3

2025-08-24 09:22:28.165543
Sender: 2
Head 0: G
Head 1: O
Head 2: O
Head 3: O
Captures: 0
Releases: 0
Turnouts: 0
Voltage: 12.4
RSSI: -99
LED Errors: 0
Version: 3
Revision: 3

2025-08-24 09:22:28.864224
Sender: 17
Head 0: O
Head 1: O
Head 2: O
Head 3: O
Captures: 0
Releases: 0
Turnouts: 0
Voltage: 12.1
RSSI: -89
LED Errors: 0
Version: 3
Revision: 3

2025-08-24 09:22:29.415528
Sender: 1
Head 0: G
Head 1: O
Head 2: O
Head 3: O
Captures: 0
Releases: 0
Turnouts: 0
Voltage: 12.6
RSSI: -99
LED Errors: 0
Version: 3
Revision: 3

2025-08-24 09:22:29.796192
Sender: 2
Head 0: G
Head 1: O
Head 2: O
Head 3: O
Captures: 0
Releases: 0
Turnouts: 0
Voltage: 12.4
RSSI: -99
LED Errors: 0
Version: 3
Revision: 3

2025-08-24 09:23:44.498056
Sender: 17
Head 0: O
Head 1: O
Head 2: O
Head 3: O
Captures: 0
Releases: 0
Turnouts: 0
Voltage: 12.1
RSSI: -89
LED Errors: 0
Version: 3
Revision: 3

2025-08-24 09:23:47.011927
Sender: 21
Head 0: O
Head 1: O
Head 2: O
Head 3: O
Captures: 0
Releases: 0
Turnouts: 0
Voltage: 12.2
RSSI: -113
LED Errors: 0
Version: 3
Revision: 3

2025-08-24 09:23:54.718165
Sender: 18
Head 0: O
Head 1: O
Head 2: O
Head 3: O
Captures: 0
Releases: 0
Turnouts: 0
Voltage: 12.1
RSSI: -106
LED Errors: 0
Version: 3
Revision: 1

2025-08-24 09:23:58.315115
Sender: 19
Head 0: O
Head 1: O
Head 2: O
Head 3: O
Captures: 0
Releases: 0
Turnouts: 0
Voltage: 12.2
RSSI: -97
LED Errors: 0
Version: 3
Revision: 0

2025-08-24 09:24:44.677202
Sender: 2
Head 0: G
Head 1: O
Head 2: O
Head 3: O
Captures: 0
Releases: 0
Turnouts: 0
Voltage: 12.4
RSSI: -99
LED Errors: 0
Version: 3
Revision: 3

2025-08-24 09:24:57.709010
Sender: 1
Head 0: R
Head 1: O
Head 2: O
Head 3: O
Captures: 0
Releases: 0
Turnouts: 0
Voltage: 12.6
RSSI: -99
LED Errors: 0
Version: 3
Revision: 3

2025-08-24 09:25:05.391078
Sender: 2
Head 0: A
Head 1: O
Head 2: O
Head 3: O
Captures: 0
Releases: 0
Turnouts: 0
Voltage: 12.4
RSSI: -99
LED Errors: 0
Version: 3
Revision: 3

2025-08-24 09:25:09.383231
Sender: 17
Head 0: G
Head 1: G
Head 2: O
Head 3: O
Captures: 0
Releases: 0
Turnouts: 0
Voltage: 12.1
RSSI: -89
LED Errors: 8708
Version: 3
Revision: 3

2025-08-24 09:25:12.476726
Sender: 21
Head 0: G
Head 1: O
Head 2: O
Head 3: O
Captures: 0
Releases: 0
Turnouts: 0
Voltage: 12.2
RSSI: -113
LED Errors: 0
Version: 3
Revision: 3

2025-08-24 09:25:17.761603
Sender: 1
Head 0: G
Head 1: O
Head 2: O
Head 3: O
Captures: 0
Releases: 0
Turnouts: 0
Voltage: 12.6
RSSI: -99
LED Errors: 0
Version: 3
Revision: 3

2025-08-24 09:25:18.030155
Sender: 2
Head 0: G
Head 1: O
Head 2: O
Head 3: O
Captures: 0
Releases: 0
Turnouts: 0
Voltage: 12.4
RSSI: -99
LED Errors: 0
Version: 3
Revision: 3

2025-08-24 09:25:18.303999
Sender: 1
Head 0: G
Head 1: O
Head 2: O
Head 3: O
Captures: 0
Releases: 0
Turnouts: 0
Voltage: 12.6
RSSI: -99
LED Errors: 0
Version: 3
Revision: 3

2025-09-12 18:51:07.943971
Sender: 1
Head 0: G
Head 1: O
Head 2: O
Head 3: O
Captures: 0
Releases: 0
Turnouts: 0
Voltage: 13.1
RSSI: -111
LED Errors: 0
Version: 3
Revision: 3

2025-09-12 18:51:08.949485
Sender: 1
Head 0: G
Head 1: O
Head 2: O
Head 3: O
Captures: 0
Releases: 0
Turnouts: 0
Voltage: 13.1
RSSI: -111
LED Errors: 0
Version: 3
Revision: 3

2025-09-12 18:51:09.388283
Sender: 5
Head 0: G
Head 1: O
Head 2: O
Head 3: O
Captures: 0
Releases: 0
Turnouts: 0
Voltage: 12.2
RSSI: 0
LED Errors: 0
Version: 3
Revision: 1

2025-09-12 18:51:09.495444
Sender: 2
Head 0: G
Head 1: O
Head 2: O
Head 3: O
Captures: 0
Releases: 0
Turnouts: 0
Voltage: 12.3
RSSI: -112
LED Errors: 0
Version: 3
Revision: 3

2025-09-12 18:51:10.153830
Sender: 2
Head 0: G
Head 1: O
Head 2: O
Head 3: O
Captures: 0
Releases: 0
Turnouts: 0
Voltage: 12.3
RSSI: -112
LED Errors: 0
Version: 3
Revision: 3

2025-09-12 18:51:10.265723
Sender: 1
Head 0: G
Head 1: O
Head 2: O
Head 3: O
Captures: 0
Releases: 0
Turnouts: 0
Voltage: 13.1
RSSI: -111
LED Errors: 0
Version: 3
Revision: 3

2025-09-12 18:51:11.087215
Sender: 2
Head 0: G
Head 1: O
Head 2: O
Head 3: O
Captures: 0
Releases: 0
Turnouts: 0
Voltage: 12.3
RSSI: -112
LED Errors: 0
Version: 3
Revision: 3

2025-09-12 18:51:11.744038
Sender: 1
Head 0: G
Head 1: O
Head 2: O
Head 3: O
Captures: 0
Releases: 0
Turnouts: 0
Voltage: 13.1
RSSI: -111
LED Errors: 0
Version: 3
Revision: 3

2025-09-12 18:51:12.128774
Sender: 2
Head 0: G
Head 1: O
Head 2: O
Head 3: O
Captures: 0
Releases: 0
Turnouts: 0
Voltage: 12.3
RSSI: -112
LED Errors: 0
Version: 3
Revision: 3

2025-09-12 18:51:12.520838
Sender: 1
Head 0: G
Head 1: O
Head 2: O
Head 3: O
Captures: 0
Releases: 0
Turnouts: 0
Voltage: 13.1
RSSI: -111
LED Errors: 0
Version: 3
Revision: 3

2025-09-12 18:51:13.026620
Sender: 17
Head 0: G
Head 1: G
Head 2: O
Head 3: O
Captures: 0
Releases: 0
Turnouts: 0
Voltage: 12.1
RSSI: -109
LED Errors: 4
Version: 3
Revision: 3

2025-09-12 18:51:13.409529
Sender: 2
Head 0: G
Head 1: O
Head 2: O
Head 3: O
Captures: 0
Releases: 0
Turnouts: 0
Voltage: 12.3
RSSI: -112
LED Errors: 0
Version: 3
Revision: 3

2025-09-12 18:51:14.121599
Sender: 18
Head 0: G
Head 1: O
Head 2: O
Head 3: O
Captures: 0
Releases: 0
Turnouts: 0
Voltage: 12.0
RSSI: -108
LED Errors: 0
Version: 3
Revision: 1

2025-09-12 18:51:15.043458
Sender: 21
Head 0: G
Head 1: O
Head 2: O
Head 3: O
Captures: 0
Releases: 0
Turnouts: 0
Voltage: 12.1
RSSI: -104
LED Errors: 0
Version: 3
Revision: 3

2025-09-12 18:51:15.921786
Sender: 19
Head 0: G
Head 1: O
Head 2: O
Head 3: O
Captures: 0
Releases: 0
Turnouts: 0
Voltage: 12.1
RSSI: -95
LED Errors: 0
Version: 3
Revision: 0

2025-09-12 18:52:41.441852
Sender: 1
Head 0: G
Head 1: O
Head 2: O
Head 3: O
Captures: 0
Releases: 0
Turnouts: 0
Voltage: 13.1
RSSI: -111
LED Errors: 0
Version: 3
Revision: 3

2025-09-12 18:52:41.822523
Sender: 2
Head 0: G
Head 1: O
Head 2: O
Head 3: O
Captures: 0
Releases: 0
Turnouts: 0
Voltage: 12.3
RSSI: -112
LED Errors: 0
Version: 3
Revision: 3

2025-09-12 18:52:46.321639
Sender: 17
Head 0: G
Head 1: G
Head 2: O
Head 3: O
Captures: 0
Releases: 0
Turnouts: 0
Voltage: 12.1
RSSI: -109
LED Errors: 4
Version: 3
Revision: 3

2025-09-12 18:52:46.703223
Sender: 18
Head 0: G
Head 1: O
Head 2: O
Head 3: O
Captures: 0
Releases: 0
Turnouts: 0
Voltage: 11.9
RSSI: -108
LED Errors: 0
Version: 3
Revision: 1

2025-09-12 18:52:47.085963
Sender: 19
Head 0: G
Head 1: O
Head 2: O
Head 3: O
Captures: 0
Releases: 0
Turnouts: 0
Voltage: 12.1
RSSI: -95
LED Errors: 0
Version: 3
Revision: 0

2025-09-12 18:52:47.579943
Sender: 21
Head 0: G
Head 1: O
Head 2: O
Head 3: O
Captures: 0
Releases: 0
Turnouts: 0
Voltage: 12.1
RSSI: -104
LED Errors: 0
Version: 3
Revision: 3

2025-09-12 18:58:42.426937
Sender: 1
Head 0: G
Head 1: O
Head 2: O
Head 3: O
Captures: 0
Releases: 0
Turnouts: 0
Voltage: 13.1
RSSI: -111
LED Errors: 0
Version: 3
Revision: 3

2025-09-12 18:58:42.894196
Sender: 2
Head 0: G
Head 1: O
Head 2: O
Head 3: O
Captures: 0
Releases: 0
Turnouts: 0
Voltage: 12.3
RSSI: -112
LED Errors: 0
Version: 3
Revision: 3

2025-09-12 18:58:43.301904
Sender: 5
Head 0: G
Head 1: O
Head 2: O
Head 3: O
Captures: 0
Releases: 0
Turnouts: 0
Voltage: 12.2
RSSI: 0
LED Errors: 0
Version: 3
Revision: 1

2025-09-12 18:58:48.524830
Sender: 17
Head 0: G
Head 1: G
Head 2: O
Head 3: O
Captures: 0
Releases: 0
Turnouts: 0
Voltage: 12.1
RSSI: -109
LED Errors: 4
Version: 3
Revision: 3

2025-09-12 18:58:48.947944
Sender: 19
Head 0: G
Head 1: O
Head 2: O
Head 3: O
Captures: 0
Releases: 0
Turnouts: 0
Voltage: 12.1
RSSI: -95
LED Errors: 0
Version: 3
Revision: 0

2025-09-12 18:58:49.416641
Sender: 21
Head 0: G
Head 1: O
Head 2: O
Head 3: O
Captures: 0
Releases: 0
Turnouts: 0
Voltage: 12.1
RSSI: -104
LED Errors: 0
Version: 3
Revision: 3

2025-09-12 18:58:50.000805
Sender: 18
Head 0: G
Head 1: O
Head 2: O
Head 3: O
Captures: 0
Releases: 0
Turnouts: 0
Voltage: 12.1
RSSI: -108
LED Errors: 0
Version: 3
Revision: 1

2025-09-12 19:00:09.072830
Sender: 2
Head 0: O
Head 1: O
Head 2: O
Head 3: O
Captures: 0
Releases: 0
Turnouts: 0
Voltage: 12.3
RSSI: -112
LED Errors: 0
Version: 3
Revision: 3

2025-09-12 19:00:09.435678
Sender: 1
Head 0: O
Head 1: O
Head 2: O
Head 3: O
Captures: 0
Releases: 0
Turnouts: 0
Voltage: 13.1
RSSI: -111
LED Errors: 0
Version: 3
Revision: 3

2025-09-12 19:01:55.231067
Sender: 1
Head 0: O
Head 1: O
Head 2: O
Head 3: O
Captures: 0
Releases: 0
Turnouts: 0
Voltage: 13.1
RSSI: -111
LED Errors: 0
Version: 3
Revision: 3

2025-09-12 19:04:44.687093
Sender: 5
Head 0: G
Head 1: O
Head 2: O
Head 3: O
Captures: 0
Releases: 0
Turnouts: 0
Voltage: 12.2
RSSI: 0
LED Errors: 0
Version: 3
Revision: 1

2025-09-12 19:04:49.909726
Sender: 17
Head 0: G
Head 1: G
Head 2: O
Head 3: O
Captures: 0
Releases: 0
Turnouts: 0
Voltage: 12.1
RSSI: -109
LED Errors: 516
Version: 3
Revision: 3

2025-09-12 19:04:50.296339
Sender: 19
Head 0: G
Head 1: O
Head 2: O
Head 3: O
Captures: 0
Releases: 0
Turnouts: 0
Voltage: 12.1
RSSI: -95
LED Errors: 0
Version: 3
Revision: 0

2025-09-12 19:04:50.516626
Sender: 21
Head 0: G
Head 1: O
Head 2: O
Head 3: O
Captures: 0
Releases: 0
Turnouts: 0
Voltage: 12.1
RSSI: -104
LED Errors: 0
Version: 3
Revision: 3

2025-09-12 19:04:55.476388
Sender: 18
Head 0: G
Head 1: O
Head 2: O
Head 3: O
Captures: 0
Releases: 0
Turnouts: 0
Voltage: 12.0
RSSI: -108
LED Errors: 0
Version: 3
Revision: 1

2025-09-12 19:04:55.945033
Sender: 21
Head 0: G
Head 1: O
Head 2: O
Head 3: O
Captures: 0
Releases: 0
Turnouts: 0
Voltage: 12.1
RSSI: -104
LED Errors: 0
Version: 3
Revision: 3

2025-09-12 19:04:56.536071
Sender: 18
Head 0: G
Head 1: O
Head 2: O
Head 3: O
Captures: 0
Releases: 0
Turnouts: 0
Voltage: 12.0
RSSI: -108
LED Errors: 0
Version: 3
Revision: 1

2025-09-12 19:10:46.394224
Sender: 5
Head 0: G
Head 1: O
Head 2: O
Head 3: O
Captures: 0
Releases: 0
Turnouts: 0
Voltage: 12.2
RSSI: 0
LED Errors: 0
Version: 3
Revision: 1

2025-09-12 19:10:51.692256
Sender: 17
Head 0: G
Head 1: G
Head 2: O
Head 3: O
Captures: 0
Releases: 0
Turnouts: 0
Voltage: 12.1
RSSI: -109
LED Errors: 516
Version: 3
Revision: 3

2025-09-12 19:10:51.993178
Sender: 19
Head 0: G
Head 1: O
Head 2: O
Head 3: O
Captures: 0
Releases: 0
Turnouts: 0
Voltage: 12.1
RSSI: -95
LED Errors: 0
Version: 3
Revision: 0

2025-09-12 19:10:56.916551
Sender: 18
Head 0: G
Head 1: O
Head 2: O
Head 3: O
Captures: 0
Releases: 0
Turnouts: 0
Voltage: 12.0
RSSI: -108
LED Errors: 0
Version: 3
Revision: 1

2025-09-12 19:10:57.337449
Sender: 21
Head 0: G
Head 1: O
Head 2: O
Head 3: O
Captures: 0
Releases: 0
Turnouts: 0
Voltage: 12.1
RSSI: -104
LED Errors: 0
Version: 3
Revision: 3

2025-09-12 19:16:48.273657
Sender: 5
Head 0: G
Head 1: O
Head 2: O
Head 3: O
Captures: 0
Releases: 0
Turnouts: 0
Voltage: 12.2
RSSI: 0
LED Errors: 0
Version: 3
Revision: 1

2025-09-12 19:16:53.002915
Sender: 17
Head 0: G
Head 1: G
Head 2: O
Head 3: O
Captures: 0
Releases: 0
Turnouts: 0
Voltage: 12.1
RSSI: -109
LED Errors: 516
Version: 3
Revision: 3

2025-09-12 19:16:53.345333
Sender: 19
Head 0: G
Head 1: O
Head 2: O
Head 3: O
Captures: 0
Releases: 0
Turnouts: 0
Voltage: 12.1
RSSI: -95
LED Errors: 0
Version: 3
Revision: 0

2025-09-12 19:16:58.410813
Sender: 18
Head 0: G
Head 1: O
Head 2: O
Head 3: O
Captures: 0
Releases: 0
Turnouts: 0
Voltage: 12.0
RSSI: -108
LED Errors: 0
Version: 3
Revision: 1

2025-09-12 19:16:58.745434
Sender: 21
Head 0: G
Head 1: O
Head 2: O
Head 3: O
Captures: 0
Releases: 0
Turnouts: 0
Voltage: 12.1
RSSI: -104
LED Errors: 0
Version: 3
Revision: 3

2025-09-12 19:17:03.746200
Sender: 21
Head 0: G
Head 1: O
Head 2: O
Head 3: O
Captures: 0
Releases: 0
Turnouts: 0
Voltage: 12.1
RSSI: -104
LED Errors: 0
Version: 3
Revision: 3

2025-09-12 19:20:47.504186
Sender: 17
Head 0: O
Head 1: O
Head 2: O
Head 3: O
Captures: 0
Releases: 0
Turnouts: 0
Voltage: 12.1
RSSI: -109
LED Errors: 0
Version: 3
Revision: 3

2025-09-12 19:22:49.424086
Sender: 5
Head 0: G
Head 1: O
Head 2: O
Head 3: O
Captures: 0
Releases: 0
Turnouts: 0
Voltage: 12.2
RSSI: 0
LED Errors: 0
Version: 3
Revision: 1

2025-09-12 19:22:54.680726
Sender: 19
Head 0: G
Head 1: O
Head 2: O
Head 3: O
Captures: 0
Releases: 0
Turnouts: 0
Voltage: 12.1
RSSI: -95
LED Errors: 0
Version: 3
Revision: 0

2025-09-12 19:23:00.265763
Sender: 18
Head 0: G
Head 1: O
Head 2: O
Head 3: O
Captures: 0
Releases: 0
Turnouts: 0
Voltage: 12.1
RSSI: -108
LED Errors: 0
Version: 3
Revision: 1

2025-09-12 19:23:04.997625
Sender: 21
Head 0: G
Head 1: O
Head 2: O
Head 3: O
Captures: 0
Releases: 0
Turnouts: 0
Voltage: 12.1
RSSI: -104
LED Errors: 0
Version: 3
Revision: 3

2025-09-12 19:23:05.759427
Sender: 21
Head 0: G
Head 1: O
Head 2: O
Head 3: O
Captures: 0
Releases: 0
Turnouts: 0
Voltage: 12.1
RSSI: -104
LED Errors: 0
Version: 3
Revision: 3

2025-09-12 19:28:50.645014
Sender: 5
Head 0: G
Head 1: O
Head 2: O
Head 3: O
Captures: 0
Releases: 0
Turnouts: 0
Voltage: 12.2
RSSI: 0
LED Errors: 0
Version: 3
Revision: 1

2025-09-12 19:29:00.972697
Sender: 18
Head 0: G
Head 1: O
Head 2: O
Head 3: O
Captures: 0
Releases: 0
Turnouts: 0
Voltage: 12.1
RSSI: -108
LED Errors: 0
Version: 3
Revision: 1

2025-09-12 19:29:02.193162
Sender: 19
Head 0: G
Head 1: O
Head 2: O
Head 3: O
Captures: 0
Releases: 0
Turnouts: 0
Voltage: 12.2
RSSI: -95
LED Errors: 0
Version: 3
Revision: 0

2025-09-12 19:29:06.451767
Sender: 21
Head 0: G
Head 1: O
Head 2: O
Head 3: O
Captures: 0
Releases: 0
Turnouts: 0
Voltage: 12.1
RSSI: -104
LED Errors: 0
Version: 3
Revision: 3

2025-09-12 19:47:20.898361
Sender: 5
Head 0: G
Head 1: O
Head 2: O
Head 3: O
Captures: 0
Releases: 0
Turnouts: 0
Voltage: 12.2
RSSI: 0
LED Errors: 0
Version: 3
Revision: 1

2025-09-12 19:47:21.400940
Sender: 19
Head 0: G
Head 1: O
Head 2: O
Head 3: O
Captures: 0
Releases: 0
Turnouts: 0
Voltage: 12.2
RSSI: -95
LED Errors: 0
Version: 3
Revision: 0

2025-09-12 19:47:21.679434
Sender: 21
Head 0: G
Head 1: O
Head 2: O
Head 3: O
Captures: 0
Releases: 0
Turnouts: 0
Voltage: 12.1
RSSI: -104
LED Errors: 0
Version: 3
Revision: 3

2025-09-12 19:47:21.971649
Sender: 18
Head 0: G
Head 1: O
Head 2: O
Head 3: O
Captures: 0
Releases: 0
Turnouts: 0
Voltage: 12.1
RSSI: -108
LED Errors: 0
Version: 3
Revision: 1

2025-09-12 20:05:22.115703
Sender: 1
Head 0: O
Head 1: O
Head 2: O
Head 3: O
Captures: 0
Releases: 0
Turnouts: 0
Voltage: 13.1
RSSI: -111
LED Errors: 0
Version: 3
Revision: 3

2025-09-12 20:05:22.526509
Sender: 2
Head 0: O
Head 1: O
Head 2: O
Head 3: O
Captures: 0
Releases: 0
Turnouts: 0
Voltage: 12.3
RSSI: -112
LED Errors: 0
Version: 3
Revision: 3

2025-09-12 20:05:23.195532
Sender: 5
Head 0: G
Head 1: O
Head 2: O
Head 3: O
Captures: 0
Releases: 0
Turnouts: 0
Voltage: 12.2
RSSI: 0
LED Errors: 0
Version: 3
Revision: 1

2025-09-12 20:21:15.248110
Sender: 18
Head 0: G
Head 1: O
Head 2: O
Head 3: O
Captures: 0
Releases: 0
Turnouts: 0
Voltage: 12.1
RSSI: -108
LED Errors: 0
Version: 3
Revision: 1

2025-09-12 20:21:15.648763
Sender: 19
Head 0: G
Head 1: O
Head 2: O
Head 3: O
Captures: 0
Releases: 0
Turnouts: 0
Voltage: 12.1
RSSI: -95
LED Errors: 0
Version: 3
Revision: 0

2025-09-12 20:21:16.118930
Sender: 21
Head 0: O
Head 1: O
Head 2: O
Head 3: O
Captures: 0
Releases: 0
Turnouts: 0
Voltage: 12.1
RSSI: -104
LED Errors: 0
Version: 3
Revision: 3

2025-09-12 20:21:16.957594
Sender: 21
Head 0: O
Head 1: O
Head 2: O
Head 3: O
Captures: 0
Releases: 0
Turnouts: 0
Voltage: 12.1
RSSI: -104
LED Errors: 0
Version: 3
Revision: 3

2025-09-12 20:37:34.921806
Sender: 5
Head 0: G
Head 1: O
Head 2: O
Head 3: O
Captures: 0
Releases: 0
Turnouts: 0
Voltage: 12.2
RSSI: 0
LED Errors: 0
Version: 3
Revision: 1

2025-09-12 20:37:35.429691
Sender: 18
Head 0: O
Head 1: O
Head 2: O
Head 3: O
Captures: 0
Releases: 0
Turnouts: 0
Voltage: 12.1
RSSI: -108
LED Errors: 0
Version: 3
Revision: 1

2025-09-12 20:37:35.724834
Sender: 19
Head 0: O
Head 1: O
Head 2: O
Head 3: O
Captures: 0
Releases: 0
Turnouts: 0
Voltage: 12.2
RSSI: -95
LED Errors: 0
Version: 3
Revision: 0

2025-09-12 20:37:35.954193
Sender: 17
Head 0: O
Head 1: O
Head 2: O
Head 3: O
Captures: 0
Releases: 0
Turnouts: 0
Voltage: 12.1
RSSI: -109
LED Errors: 0
Version: 3
Revision: 3

2025-09-12 20:44:48.551882
Sender: 5
Head 0: G
Head 1: O
Head 2: O
Head 3: O
Captures: 0
Releases: 0
Turnouts: 0
Voltage: 12.2
RSSI: 0
LED Errors: 0
Version: 3
Revision: 1

2025-09-13 20:45:25.811986
Sender: 2
Head 0: G
Head 1: O
Head 2: O
Head 3: O
Captures: 0
Releases: 0
Turnouts: 0
Voltage: 12.2
RSSI: -108
LED Errors: 8192
Version: 3
Revision: 3

2025-09-13 20:45:27.685080
Sender: 1
Head 0: G
Head 1: O
Head 2: O
Head 3: O
Captures: 0
Releases: 0
Turnouts: 0
Voltage: 13.0
RSSI: -107
LED Errors: 8704
Version: 3
Revision: 3

2025-09-13 20:45:28.565819
Sender: 5
Head 0: G
Head 1: O
Head 2: O
Head 3: O
Captures: 0
Releases: 0
Turnouts: 0
Voltage: 12.1
RSSI: 0
LED Errors: 0
Version: 3
Revision: 1

2025-09-13 20:45:29.096212
Sender: 13
Head 0: G
Head 1: G
Head 2: O
Head 3: O
Captures: 0
Releases: 0
Turnouts: 0
Voltage: 13.5
RSSI: -105
LED Errors: 0
Version: 3
Revision: 4

2025-09-13 20:45:29.479955
Sender: 14
Head 0: G
Head 1: O
Head 2: O
Head 3: O
Captures: 0
Releases: 0
Turnouts: 0
Voltage: 12.3
RSSI: -86
LED Errors: 0
Version: 3
Revision: 3

2025-09-13 20:45:29.853313
Sender: 15
Head 0: G
Head 1: G
Head 2: G
Head 3: O
Captures: 0
Releases: 3
Turnouts: 0
Voltage: 12.2
RSSI: -113
LED Errors: 0
Version: 3
Revision: 4

2025-09-13 20:45:30.292463
Sender: 17
Head 0: G
Head 1: G
Head 2: O
Head 3: O
Captures: 0
Releases: 0
Turnouts: 0
Voltage: 12.1
RSSI: -109
LED Errors: 8708
Version: 3
Revision: 3

2025-09-13 20:45:30.680601
Sender: 18
Head 0: G
Head 1: O
Head 2: O
Head 3: O
Captures: 0
Releases: 0
Turnouts: 0
Voltage: 12.0
RSSI: -108
LED Errors: 0
Version: 3
Revision: 1

2025-09-13 20:45:31.065304
Sender: 19
Head 0: R
Head 1: O
Head 2: O
Head 3: O
Captures: 0
Releases: 0
Turnouts: 0
Voltage: 12.1
RSSI: -95
LED Errors: 0
Version: 3
Revision: 0

2025-09-13 20:45:31.591807
Sender: 21
Head 0: G
Head 1: O
Head 2: O
Head 3: O
Captures: 0
Releases: 0
Turnouts: 0
Voltage: 12.2
RSSI: -104
LED Errors: 0
Version: 3
Revision: 3

2025-09-13 20:45:37.351668
Sender: 17
Head 0: G
Head 1: G
Head 2: O
Head 3: O
Captures: 0
Releases: 0
Turnouts: 0
Voltage: 12.1
RSSI: -109
LED Errors: 8708
Version: 3
Revision: 3

2025-09-13 20:45:37.512937
Sender: 19
Head 0: G
Head 1: O
Head 2: O
Head 3: O
Captures: 0
Releases: 0
Turnouts: 0
Voltage: 12.1
RSSI: -95
LED Errors: 0
Version: 3
Revision: 0

2025-09-13 20:45:41.998597
Sender: 15
Head 0: G
Head 1: G
Head 2: G
Head 3: O
Captures: 0
Releases: 3
Turnouts: 0
Voltage: 12.2
RSSI: -113
LED Errors: 0
Version: 3
Revision: 4

2025-09-13 20:45:48.006687
Sender: 15
Head 0: G
Head 1: G
Head 2: G
Head 3: O
Captures: 0
Releases: 3
Turnouts: 0
Voltage: 12.2
RSSI: -113
LED Errors: 0
Version: 3
Revision: 4

2025-09-13 20:45:55.534061
Sender: 15
Head 0: G
Head 1: G
Head 2: G
Head 3: O
Captures: 0
Releases: 3
Turnouts: 0
Voltage: 12.2
RSSI: -113
LED Errors: 0
Version: 3
Revision: 4

2025-09-13 20:45:59.569856
Sender: 15
Head 0: G
Head 1: G
Head 2: G
Head 3: O
Captures: 0
Releases: 3
Turnouts: 0
Voltage: 12.2
RSSI: -113
LED Errors: 0
Version: 3
Revision: 4

2025-09-13 20:46:00.578835
Sender: 15
Head 0: G
Head 1: G
Head 2: G
Head 3: O
Captures: 0
Releases: 3
Turnouts: 0
Voltage: 12.2
RSSI: -113
LED Errors: 0
Version: 3
Revision: 4

2025-09-13 20:46:06.598950
Sender: 15
Head 0: G
Head 1: G
Head 2: G
Head 3: O
Captures: 0
Releases: 3
Turnouts: 0
Voltage: 12.2
RSSI: -113
LED Errors: 0
Version: 3
Revision: 4

2025-09-13 20:46:07.608684
Sender: 15
Head 0: G
Head 1: G
Head 2: G
Head 3: O
Captures: 0
Releases: 3
Turnouts: 0
Voltage: 12.2
RSSI: -113
LED Errors: 0
Version: 3
Revision: 4

2025-09-13 20:46:13.617926
Sender: 15
Head 0: G
Head 1: G
Head 2: G
Head 3: O
Captures: 0
Releases: 3
Turnouts: 0
Voltage: 12.2
RSSI: -113
LED Errors: 0
Version: 3
Revision: 4

2025-09-13 20:46:15.635453
Sender: 15
Head 0: G
Head 1: G
Head 2: G
Head 3: O
Captures: 0
Releases: 3
Turnouts: 0
Voltage: 12.2
RSSI: -113
LED Errors: 0
Version: 3
Revision: 4

2025-09-13 20:46:19.058307
Sender: 17
Head 0: G
Head 1: R
Head 2: O
Head 3: O
Captures: 0
Releases: 0
Turnouts: 0
Voltage: 12.1
RSSI: -109
LED Errors: 8708
Version: 3
Revision: 3

2025-09-13 20:46:19.551741
Sender: 18
Head 0: A
Head 1: O
Head 2: O
Head 3: O
Captures: 1
Releases: 0
Turnouts: 0
Voltage: 12.0
RSSI: -108
LED Errors: 0
Version: 3
Revision: 1

2025-09-13 20:46:23.261295
Sender: 15
Head 0: G
Head 1: G
Head 2: G
Head 3: O
Captures: 0
Releases: 3
Turnouts: 0
Voltage: 12.2
RSSI: -113
LED Errors: 0
Version: 3
Revision: 4

2025-09-13 20:46:24.162936
Sender: 15
Head 0: G
Head 1: G
Head 2: G
Head 3: O
Captures: 0
Releases: 3
Turnouts: 0
Voltage: 12.2
RSSI: -113
LED Errors: 0
Version: 3
Revision: 4

2025-09-13 20:46:25.172678
Sender: 15
Head 0: G
Head 1: G
Head 2: G
Head 3: O
Captures: 0
Releases: 3
Turnouts: 0
Voltage: 12.2
RSSI: -113
LED Errors: 0
Version: 3
Revision: 4

2025-09-13 20:46:29.217099
Sender: 21
Head 0: R
Head 1: O
Head 2: O
Head 3: O
Captures: 0
Releases: 0
Turnouts: 0
Voltage: 12.2
RSSI: -104
LED Errors: 0
Version: 3
Revision: 3

2025-09-13 20:46:31.180996
Sender: 15
Head 0: G
Head 1: G
Head 2: G
Head 3: O
Captures: 0
Releases: 3
Turnouts: 0
Voltage: 12.2
RSSI: -113
LED Errors: 0
Version: 3
Revision: 4

2025-09-13 20:46:38.717041
Sender: 15
Head 0: G
Head 1: G
Head 2: G
Head 3: O
Captures: 0
Releases: 3
Turnouts: 0
Voltage: 12.2
RSSI: -113
LED Errors: 0
Version: 3
Revision: 4

2025-09-13 20:46:39.726091
Sender: 15
Head 0: G
Head 1: G
Head 2: G
Head 3: O
Captures: 0
Releases: 3
Turnouts: 0
Voltage: 12.2
RSSI: -113
LED Errors: 0
Version: 3
Revision: 4

2025-09-13 20:46:46.744345
Sender: 15
Head 0: G
Head 1: G
Head 2: G
Head 3: O
Captures: 0
Releases: 3
Turnouts: 0
Voltage: 12.2
RSSI: -113
LED Errors: 0
Version: 3
Revision: 4

2025-09-13 20:46:47.752002
Sender: 15
Head 0: G
Head 1: G
Head 2: G
Head 3: O
Captures: 0
Releases: 3
Turnouts: 0
Voltage: 12.2
RSSI: -113
LED Errors: 0
Version: 3
Revision: 4

2025-09-13 20:46:48.762661
Sender: 15
Head 0: G
Head 1: G
Head 2: G
Head 3: O
Captures: 0
Releases: 3
Turnouts: 0
Voltage: 12.2
RSSI: -113
LED Errors: 0
Version: 3
Revision: 4

2025-09-13 20:46:49.771242
Sender: 15
Head 0: G
Head 1: G
Head 2: G
Head 3: O
Captures: 0
Releases: 3
Turnouts: 0
Voltage: 12.2
RSSI: -113
LED Errors: 0
Version: 3
Revision: 4

2025-09-13 20:46:55.780484
Sender: 15
Head 0: G
Head 1: G
Head 2: G
Head 3: O
Captures: 0
Releases: 3
Turnouts: 0
Voltage: 12.2
RSSI: -113
LED Errors: 0
Version: 3
Revision: 4

2025-09-13 20:50:36.891237
Sender: 1
Head 0: G
Head 1: O
Head 2: O
Head 3: O
Captures: 0
Releases: 0
Turnouts: 0
Voltage: 13.0
RSSI: -107
LED Errors: 8704
Version: 3
Revision: 3

2025-09-13 20:50:37.273652
Sender: 2
Head 0: G
Head 1: O
Head 2: O
Head 3: O
Captures: 0
Releases: 0
Turnouts: 0
Voltage: 12.1
RSSI: -108
LED Errors: 8192
Version: 3
Revision: 3

2025-09-13 20:50:38.155406
Sender: 5
Head 0: R
Head 1: O
Head 2: O
Head 3: O
Captures: 0
Releases: 0
Turnouts: 0
Voltage: 12.1
RSSI: 0
LED Errors: 0
Version: 3
Revision: 1

2025-09-13 20:50:40.069908
Sender: 5
Head 0: R
Head 1: O
Head 2: O
Head 3: O
Captures: 0
Releases: 0
Turnouts: 0
Voltage: 12.1
RSSI: 0
LED Errors: 0
Version: 3
Revision: 1

2025-09-13 20:50:40.574662
Sender: 13
Head 0: G
Head 1: G
Head 2: O
Head 3: O
Captures: 0
Releases: 0
Turnouts: 0
Voltage: 13.5
RSSI: -105
LED Errors: 0
Version: 3
Revision: 4

2025-09-13 20:50:40.902495
Sender: 14
Head 0: G
Head 1: O
Head 2: O
Head 3: O
Captures: 0
Releases: 0
Turnouts: 0
Voltage: 12.3
RSSI: -86
LED Errors: 0
Version: 3
Revision: 3

2025-09-13 20:50:41.284283
Sender: 15
Head 0: G
Head 1: G
Head 2: G
Head 3: O
Captures: 0
Releases: 3
Turnouts: 0
Voltage: 12.2
RSSI: -113
LED Errors: 0
Version: 3
Revision: 4

2025-09-13 20:50:41.802301
Sender: 17
Head 0: G
Head 1: G
Head 2: O
Head 3: O
Captures: 0
Releases: 0
Turnouts: 0
Voltage: 12.1
RSSI: -109
LED Errors: 8708
Version: 3
Revision: 3

2025-09-13 20:50:42.433466
Sender: 19
Head 0: G
Head 1: O
Head 2: O
Head 3: O
Captures: 0
Releases: 0
Turnouts: 0
Voltage: 12.1
RSSI: -95
LED Errors: 0
Version: 3
Revision: 0

2025-09-13 20:50:42.656728
Sender: 15
Head 0: G
Head 1: G
Head 2: G
Head 3: O
Captures: 0
Releases: 3
Turnouts: 0
Voltage: 12.2
RSSI: -113
LED Errors: 0
Version: 3
Revision: 4

2025-09-13 20:50:43.158123
Sender: 21
Head 0: G
Head 1: O
Head 2: O
Head 3: O
Captures: 0
Releases: 0
Turnouts: 0
Voltage: 12.2
RSSI: -104
LED Errors: 0
Version: 3
Revision: 3

2025-09-13 20:50:46.195335
Sender: 5
Head 0: R
Head 1: O
Head 2: O
Head 3: O
Captures: 0
Releases: 0
Turnouts: 0
Voltage: 12.1
RSSI: 0
LED Errors: 0
Version: 3
Revision: 1

2025-09-13 20:50:48.666376
Sender: 15
Head 0: G
Head 1: G
Head 2: G
Head 3: O
Captures: 0
Releases: 3
Turnouts: 0
Voltage: 12.2
RSSI: -113
LED Errors: 0
Version: 3
Revision: 4

2025-09-13 20:50:51.396109
Sender: 5
Head 0: R
Head 1: O
Head 2: O
Head 3: O
Captures: 0
Releases: 0
Turnouts: 0
Voltage: 12.1
RSSI: 0
LED Errors: 0
Version: 3
Revision: 1

2025-09-13 20:50:53.510946
Sender: 5
Head 0: R
Head 1: O
Head 2: O
Head 3: O
Captures: 0
Releases: 0
Turnouts: 0
Voltage: 12.1
RSSI: 0
LED Errors: 0
Version: 3
Revision: 1

2025-09-13 20:50:54.015252
Sender: 5
Head 0: O
Head 1: O
Head 2: O
Head 3: O
Captures: 0
Releases: 0
Turnouts: 0
Voltage: 12.1
RSSI: 0
LED Errors: 0
Version: 3
Revision: 1

2025-09-13 20:50:54.675310
Sender: 15
Head 0: G
Head 1: G
Head 2: G
Head 3: O
Captures: 0
Releases: 3
Turnouts: 0
Voltage: 12.2
RSSI: -113
LED Errors: 0
Version: 3
Revision: 4

2025-09-13 20:50:55.201463
Sender: 5
Head 0: G
Head 1: O
Head 2: O
Head 3: O
Captures: 0
Releases: 0
Turnouts: 0
Voltage: 12.1
RSSI: 0
LED Errors: 0
Version: 3
Revision: 1

2025-09-13 20:50:57.023115
Sender: 5
Head 0: G
Head 1: O
Head 2: O
Head 3: O
Captures: 0
Releases: 0
Turnouts: 0
Voltage: 12.1
RSSI: 0
LED Errors: 0
Version: 3
Revision: 1

2025-09-13 20:51:00.684540
Sender: 15
Head 0: G
Head 1: G
Head 2: G
Head 3: O
Captures: 0
Releases: 3
Turnouts: 0
Voltage: 12.2
RSSI: -113
LED Errors: 0
Version: 3
Revision: 4

2025-09-13 20:51:01.694193
Sender: 15
Head 0: G
Head 1: G
Head 2: G
Head 3: O
Captures: 0
Releases: 3
Turnouts: 0
Voltage: 12.2
RSSI: -113
LED Errors: 0
Version: 3
Revision: 4

2025-09-13 20:51:07.702538
Sender: 15
Head 0: G
Head 1: G
Head 2: G
Head 3: O
Captures: 0
Releases: 3
Turnouts: 0
Voltage: 12.2
RSSI: -113
LED Errors: 0
Version: 3
Revision: 4

2025-09-13 20:51:08.711604
Sender: 15
Head 0: G
Head 1: G
Head 2: G
Head 3: O
Captures: 0
Releases: 3
Turnouts: 0
Voltage: 12.2
RSSI: -113
LED Errors: 0
Version: 3
Revision: 4

2025-09-13 20:51:14.720802
Sender: 15
Head 0: G
Head 1: G
Head 2: G
Head 3: O
Captures: 0
Releases: 3
Turnouts: 0
Voltage: 12.2
RSSI: -113
LED Errors: 0
Version: 3
Revision: 4

2025-09-13 20:51:20.729626
Sender: 15
Head 0: G
Head 1: G
Head 2: G
Head 3: O
Captures: 0
Releases: 3
Turnouts: 0
Voltage: 12.2
RSSI: -113
LED Errors: 0
Version: 3
Revision: 4

2025-09-13 20:51:29.515858
Sender: 15
Head 0: G
Head 1: G
Head 2: G
Head 3: O
Captures: 0
Releases: 3
Turnouts: 0
Voltage: 12.2
RSSI: -113
LED Errors: 0
Version: 3
Revision: 4

2025-09-13 20:51:30.524852
Sender: 15
Head 0: G
Head 1: G
Head 2: G
Head 3: O
Captures: 0
Releases: 3
Turnouts: 0
Voltage: 12.2
RSSI: -113
LED Errors: 0
Version: 3
Revision: 4

2025-09-13 20:51:37.792518
Sender: 15
Head 0: G
Head 1: G
Head 2: G
Head 3: O
Captures: 0
Releases: 3
Turnouts: 0
Voltage: 12.2
RSSI: -113
LED Errors: 0
Version: 3
Revision: 4

2025-09-13 20:51:38.802086
Sender: 15
Head 0: G
Head 1: G
Head 2: G
Head 3: O
Captures: 0
Releases: 3
Turnouts: 0
Voltage: 12.2
RSSI: -113
LED Errors: 0
Version: 3
Revision: 4

2025-09-13 20:51:44.812165
Sender: 15
Head 0: G
Head 1: G
Head 2: G
Head 3: O
Captures: 0
Releases: 3
Turnouts: 0
Voltage: 12.2
RSSI: -113
LED Errors: 0
Version: 3
Revision: 4

2025-09-13 20:51:45.820101
Sender: 15
Head 0: G
Head 1: G
Head 2: G
Head 3: O
Captures: 0
Releases: 3
Turnouts: 0
Voltage: 12.2
RSSI: -113
LED Errors: 0
Version: 3
Revision: 4

2025-09-13 20:51:56.790828
Sender: 18
Head 0: G
Head 1: O
Head 2: O
Head 3: O
Captures: 0
Releases: 0
Turnouts: 0
Voltage: 11.9
RSSI: -108
LED Errors: 0
Version: 3
Revision: 1

2025-09-13 20:51:58.846859
Sender: 15
Head 0: G
Head 1: G
Head 2: G
Head 3: O
Captures: 0
Releases: 3
Turnouts: 0
Voltage: 12.2
RSSI: -113
LED Errors: 0
Version: 3
Revision: 4

2025-09-13 20:51:59.606061
Sender: 15
Head 0: G
Head 1: G
Head 2: G
Head 3: O
Captures: 0
Releases: 3
Turnouts: 0
Voltage: 12.2
RSSI: -113
LED Errors: 0
Version: 3
Revision: 4

2025-09-13 20:52:05.613721
Sender: 15
Head 0: G
Head 1: G
Head 2: G
Head 3: O
Captures: 0
Releases: 3
Turnouts: 0
Voltage: 12.2
RSSI: -113
LED Errors: 0
Version: 3
Revision: 4

2025-09-13 20:52:06.622835
Sender: 15
Head 0: G
Head 1: G
Head 2: G
Head 3: O
Captures: 0
Releases: 3
Turnouts: 0
Voltage: 12.2
RSSI: -113
LED Errors: 0
Version: 3
Revision: 4

2025-09-13 20:52:07.632799
Sender: 15
Head 0: G
Head 1: G
Head 2: G
Head 3: O
Captures: 0
Releases: 3
Turnouts: 0
Voltage: 12.2
RSSI: -113
LED Errors: 0
Version: 3
Revision: 4

2025-09-13 20:52:13.641895
Sender: 15
Head 0: G
Head 1: G
Head 2: G
Head 3: O
Captures: 0
Releases: 3
Turnouts: 0
Voltage: 12.2
RSSI: -113
LED Errors: 0
Version: 3
Revision: 4

2025-09-13 20:52:19.651108
Sender: 15
Head 0: G
Head 1: G
Head 2: G
Head 3: O
Captures: 0
Releases: 3
Turnouts: 0
Voltage: 12.2
RSSI: -113
LED Errors: 0
Version: 3
Revision: 4

2025-09-13 20:52:25.660230
Sender: 15
Head 0: G
Head 1: G
Head 2: G
Head 3: O
Captures: 0
Releases: 3
Turnouts: 0
Voltage: 12.2
RSSI: -113
LED Errors: 0
Version: 3
Revision: 4

2025-09-13 20:52:26.668973
Sender: 15
Head 0: G
Head 1: G
Head 2: G
Head 3: O
Captures: 0
Releases: 3
Turnouts: 0
Voltage: 12.2
RSSI: -113
LED Errors: 0
Version: 3
Revision: 4

2025-09-13 20:52:27.677930
Sender: 15
Head 0: G
Head 1: G
Head 2: G
Head 3: O
Captures: 0
Releases: 3
Turnouts: 0
Voltage: 12.2
RSSI: -113
LED Errors: 0
Version: 3
Revision: 4

2025-09-13 20:52:33.687145
Sender: 15
Head 0: G
Head 1: G
Head 2: G
Head 3: O
Captures: 0
Releases: 3
Turnouts: 0
Voltage: 12.2
RSSI: -113
LED Errors: 0
Version: 3
Revision: 4

2025-09-13 20:52:34.696234
Sender: 15
Head 0: G
Head 1: G
Head 2: G
Head 3: O
Captures: 0
Releases: 3
Turnouts: 0
Voltage: 12.2
RSSI: -113
LED Errors: 0
Version: 3
Revision: 4

2025-09-13 20:52:35.705317
Sender: 15
Head 0: G
Head 1: G
Head 2: G
Head 3: O
Captures: 0
Releases: 3
Turnouts: 0
Voltage: 12.2
RSSI: -113
LED Errors: 0
Version: 3
Revision: 4

2025-09-13 20:52:36.712700
Sender: 15
Head 0: G
Head 1: G
Head 2: G
Head 3: O
Captures: 0
Releases: 3
Turnouts: 0
Voltage: 12.2
RSSI: -113
LED Errors: 0
Version: 3
Revision: 4

2025-09-13 20:52:38.732125
Sender: 15
Head 0: G
Head 1: G
Head 2: G
Head 3: O
Captures: 0
Releases: 3
Turnouts: 0
Voltage: 12.2
RSSI: -113
LED Errors: 0
Version: 3
Revision: 4

2025-09-13 20:52:39.741338
Sender: 15
Head 0: G
Head 1: G
Head 2: G
Head 3: O
Captures: 0
Releases: 3
Turnouts: 0
Voltage: 12.2
RSSI: -113
LED Errors: 0
Version: 3
Revision: 4

2025-09-13 20:52:40.750066
Sender: 15
Head 0: G
Head 1: G
Head 2: G
Head 3: O
Captures: 0
Releases: 3
Turnouts: 0
Voltage: 12.2
RSSI: -113
LED Errors: 0
Version: 3
Revision: 4

2025-09-13 20:52:41.757651
Sender: 15
Head 0: G
Head 1: G
Head 2: G
Head 3: O
Captures: 0
Releases: 3
Turnouts: 0
Voltage: 12.2
RSSI: -113
LED Errors: 0
Version: 3
Revision: 4

2025-09-13 20:52:42.768281
Sender: 15
Head 0: G
Head 1: G
Head 2: G
Head 3: O
Captures: 0
Releases: 3
Turnouts: 0
Voltage: 12.2
RSSI: -113
LED Errors: 0
Version: 3
Revision: 4

2025-09-13 20:52:43.776937
Sender: 15
Head 0: G
Head 1: G
Head 2: G
Head 3: O
Captures: 0
Releases: 3
Turnouts: 0
Voltage: 12.2
RSSI: -113
LED Errors: 0
Version: 3
Revision: 4

2025-09-13 20:52:49.786269
Sender: 15
Head 0: G
Head 1: G
Head 2: G
Head 3: O
Captures: 0
Releases: 3
Turnouts: 0
Voltage: 12.2
RSSI: -113
LED Errors: 0
Version: 3
Revision: 4

2025-09-13 20:52:55.795598
Sender: 15
Head 0: G
Head 1: G
Head 2: G
Head 3: O
Captures: 0
Releases: 3
Turnouts: 0
Voltage: 12.2
RSSI: -113
LED Errors: 0
Version: 3
Revision: 4

2025-09-13 20:52:56.803819
Sender: 15
Head 0: G
Head 1: G
Head 2: G
Head 3: O
Captures: 0
Releases: 3
Turnouts: 0
Voltage: 12.2
RSSI: -113
LED Errors: 0
Version: 3
Revision: 4

2025-09-13 20:52:57.813741
Sender: 15
Head 0: G
Head 1: G
Head 2: G
Head 3: O
Captures: 0
Releases: 3
Turnouts: 0
Voltage: 12.2
RSSI: -113
LED Errors: 0
Version: 3
Revision: 4

2025-09-13 20:53:03.821538
Sender: 15
Head 0: G
Head 1: G
Head 2: G
Head 3: O
Captures: 0
Releases: 3
Turnouts: 0
Voltage: 12.2
RSSI: -113
LED Errors: 0
Version: 3
Revision: 4

2025-09-13 20:53:04.829832
Sender: 15
Head 0: G
Head 1: G
Head 2: G
Head 3: O
Captures: 0
Releases: 3
Turnouts: 0
Voltage: 12.2
RSSI: -113
LED Errors: 0
Version: 3
Revision: 4

2025-09-13 20:53:05.838989
Sender: 15
Head 0: G
Head 1: G
Head 2: G
Head 3: O
Captures: 0
Releases: 3
Turnouts: 0
Voltage: 12.2
RSSI: -113
LED Errors: 0
Version: 3
Revision: 4

2025-09-13 20:53:11.551613
Sender: 15
Head 0: G
Head 1: G
Head 2: G
Head 3: O
Captures: 0
Releases: 3
Turnouts: 0
Voltage: 12.2
RSSI: -113
LED Errors: 0
Version: 3
Revision: 4

2025-09-13 20:53:12.561107
Sender: 15
Head 0: G
Head 1: G
Head 2: G
Head 3: O
Captures: 0
Releases: 3
Turnouts: 0
Voltage: 12.2
RSSI: -113
LED Errors: 0
Version: 3
Revision: 4

2025-09-13 20:53:13.570235
Sender: 15
Head 0: G
Head 1: G
Head 2: G
Head 3: O
Captures: 0
Releases: 3
Turnouts: 0
Voltage: 12.2
RSSI: -113
LED Errors: 0
Version: 3
Revision: 4

2025-09-13 20:53:19.579191
Sender: 15
Head 0: G
Head 1: G
Head 2: G
Head 3: O
Captures: 0
Releases: 3
Turnouts: 0
Voltage: 12.2
RSSI: -113
LED Errors: 0
Version: 3
Revision: 4

2025-09-13 20:53:20.588085
Sender: 15
Head 0: G
Head 1: G
Head 2: G
Head 3: O
Captures: 0
Releases: 3
Turnouts: 0
Voltage: 12.2
RSSI: -113
LED Errors: 0
Version: 3
Revision: 4

2025-09-13 20:53:21.596383
Sender: 15
Head 0: G
Head 1: G
Head 2: G
Head 3: O
Captures: 0
Releases: 3
Turnouts: 0
Voltage: 12.2
RSSI: -113
LED Errors: 0
Version: 3
Revision: 4

2025-09-13 20:53:22.605978
Sender: 15
Head 0: G
Head 1: G
Head 2: G
Head 3: O
Captures: 0
Releases: 3
Turnouts: 0
Voltage: 12.2
RSSI: -113
LED Errors: 0
Version: 3
Revision: 4

2025-09-13 20:53:23.615411
Sender: 15
Head 0: G
Head 1: G
Head 2: G
Head 3: O
Captures: 0
Releases: 3
Turnouts: 0
Voltage: 12.2
RSSI: -113
LED Errors: 0
Version: 3
Revision: 4

2025-09-13 20:53:24.624268
Sender: 15
Head 0: G
Head 1: G
Head 2: G
Head 3: O
Captures: 0
Releases: 3
Turnouts: 0
Voltage: 12.2
RSSI: -113
LED Errors: 0
Version: 3
Revision: 4

2025-09-13 20:53:25.632853
Sender: 15
Head 0: G
Head 1: G
Head 2: G
Head 3: O
Captures: 0
Releases: 3
Turnouts: 0
Voltage: 12.2
RSSI: -113
LED Errors: 0
Version: 3
Revision: 4

2025-09-13 20:53:31.641316
Sender: 15
Head 0: G
Head 1: G
Head 2: G
Head 3: O
Captures: 0
Releases: 3
Turnouts: 0
Voltage: 12.2
RSSI: -113
LED Errors: 0
Version: 3
Revision: 4

2025-09-13 20:53:37.651671
Sender: 15
Head 0: G
Head 1: G
Head 2: G
Head 3: O
Captures: 0
Releases: 3
Turnouts: 0
Voltage: 12.2
RSSI: -113
LED Errors: 0
Version: 3
Revision: 4

2025-09-13 20:53:43.661600
Sender: 15
Head 0: G
Head 1: G
Head 2: G
Head 3: O
Captures: 0
Releases: 3
Turnouts: 0
Voltage: 12.2
RSSI: -113
LED Errors: 0
Version: 3
Revision: 4

2025-09-13 20:53:44.669281
Sender: 15
Head 0: G
Head 1: G
Head 2: G
Head 3: O
Captures: 0
Releases: 3
Turnouts: 0
Voltage: 12.2
RSSI: -113
LED Errors: 0
Version: 3
Revision: 4

2025-09-13 20:53:50.678312
Sender: 15
Head 0: G
Head 1: G
Head 2: G
Head 3: O
Captures: 0
Releases: 3
Turnouts: 0
Voltage: 12.2
RSSI: -113
LED Errors: 0
Version: 3
Revision: 4

2025-09-13 20:53:51.686542
Sender: 15
Head 0: G
Head 1: G
Head 2: G
Head 3: O
Captures: 0
Releases: 3
Turnouts: 0
Voltage: 12.2
RSSI: -113
LED Errors: 0
Version: 3
Revision: 4

2025-09-13 20:53:52.696434
Sender: 15
Head 0: G
Head 1: G
Head 2: G
Head 3: O
Captures: 0
Releases: 3
Turnouts: 0
Voltage: 12.2
RSSI: -113
LED Errors: 0
Version: 3
Revision: 4

2025-09-13 20:53:53.706007
Sender: 15
Head 0: G
Head 1: G
Head 2: G
Head 3: O
Captures: 0
Releases: 3
Turnouts: 0
Voltage: 12.2
RSSI: -113
LED Errors: 0
Version: 3
Revision: 4

2025-09-13 20:53:54.714850
Sender: 15
Head 0: G
Head 1: G
Head 2: G
Head 3: O
Captures: 0
Releases: 3
Turnouts: 0
Voltage: 12.2
RSSI: -113
LED Errors: 0
Version: 3
Revision: 4

2025-09-13 20:54:00.723971
Sender: 15
Head 0: G
Head 1: G
Head 2: G
Head 3: O
Captures: 0
Releases: 3
Turnouts: 0
Voltage: 12.2
RSSI: -113
LED Errors: 0
Version: 3
Revision: 4

2025-09-13 20:54:01.732386
Sender: 15
Head 0: G
Head 1: G
Head 2: G
Head 3: O
Captures: 0
Releases: 3
Turnouts: 0
Voltage: 12.2
RSSI: -113
LED Errors: 0
Version: 3
Revision: 4

2025-09-13 20:54:02.741995
Sender: 15
Head 0: G
Head 1: G
Head 2: G
Head 3: O
Captures: 0
Releases: 3
Turnouts: 0
Voltage: 12.2
RSSI: -113
LED Errors: 0
Version: 3
Revision: 4

2025-09-13 20:54:09.299459
Sender: 15
Head 0: G
Head 1: G
Head 2: G
Head 3: O
Captures: 0
Releases: 3
Turnouts: 0
Voltage: 12.2
RSSI: -113
LED Errors: 0
Version: 3
Revision: 4

2025-09-13 20:54:10.769332
Sender: 15
Head 0: G
Head 1: G
Head 2: G
Head 3: O
Captures: 0
Releases: 3
Turnouts: 0
Voltage: 12.2
RSSI: -113
LED Errors: 0
Version: 3
Revision: 4

2025-09-13 20:54:16.776385
Sender: 15
Head 0: G
Head 1: G
Head 2: G
Head 3: O
Captures: 0
Releases: 3
Turnouts: 0
Voltage: 12.2
RSSI: -113
LED Errors: 0
Version: 3
Revision: 4

2025-09-13 20:54:17.786756
Sender: 15
Head 0: G
Head 1: G
Head 2: G
Head 3: O
Captures: 0
Releases: 3
Turnouts: 0
Voltage: 12.2
RSSI: -113
LED Errors: 0
Version: 3
Revision: 4

2025-09-13 20:54:18.795727
Sender: 15
Head 0: G
Head 1: G
Head 2: G
Head 3: O
Captures: 0
Releases: 3
Turnouts: 0
Voltage: 12.2
RSSI: -113
LED Errors: 0
Version: 3
Revision: 4

2025-09-13 20:54:24.804841
Sender: 15
Head 0: G
Head 1: G
Head 2: G
Head 3: O
Captures: 0
Releases: 3
Turnouts: 0
Voltage: 12.2
RSSI: -113
LED Errors: 0
Version: 3
Revision: 4

2025-09-13 20:54:25.813662
Sender: 15
Head 0: G
Head 1: G
Head 2: G
Head 3: O
Captures: 0
Releases: 3
Turnouts: 0
Voltage: 12.2
RSSI: -113
LED Errors: 0
Version: 3
Revision: 4

2025-09-13 20:54:26.821340
Sender: 15
Head 0: G
Head 1: G
Head 2: G
Head 3: O
Captures: 0
Releases: 3
Turnouts: 0
Voltage: 12.2
RSSI: -113
LED Errors: 0
Version: 3
Revision: 4

2025-09-13 20:54:33.385236
Sender: 15
Head 0: G
Head 1: G
Head 2: G
Head 3: O
Captures: 0
Releases: 3
Turnouts: 0
Voltage: 12.2
RSSI: -113
LED Errors: 0
Version: 3
Revision: 4

2025-09-13 20:54:34.340947
Sender: 15
Head 0: G
Head 1: G
Head 2: G
Head 3: O
Captures: 0
Releases: 3
Turnouts: 0
Voltage: 12.2
RSSI: -113
LED Errors: 0
Version: 3
Revision: 4

2025-09-13 20:54:40.349288
Sender: 15
Head 0: G
Head 1: G
Head 2: G
Head 3: O
Captures: 0
Releases: 3
Turnouts: 0
Voltage: 12.2
RSSI: -113
LED Errors: 0
Version: 3
Revision: 4

2025-09-13 20:54:41.358307
Sender: 15
Head 0: G
Head 1: G
Head 2: G
Head 3: O
Captures: 0
Releases: 3
Turnouts: 0
Voltage: 12.2
RSSI: -113
LED Errors: 0
Version: 3
Revision: 4

2025-09-13 20:54:42.367517
Sender: 15
Head 0: G
Head 1: G
Head 2: G
Head 3: O
Captures: 0
Releases: 3
Turnouts: 0
Voltage: 12.2
RSSI: -113
LED Errors: 0
Version: 3
Revision: 4

2025-09-13 20:54:43.377409
Sender: 15
Head 0: G
Head 1: G
Head 2: G
Head 3: O
Captures: 0
Releases: 3
Turnouts: 0
Voltage: 12.2
RSSI: -113
LED Errors: 0
Version: 3
Revision: 4

2025-09-13 20:54:44.388505
Sender: 15
Head 0: G
Head 1: G
Head 2: G
Head 3: O
Captures: 0
Releases: 3
Turnouts: 0
Voltage: 12.2
RSSI: -113
LED Errors: 0
Version: 3
Revision: 4

2025-09-13 20:54:50.393757
Sender: 15
Head 0: G
Head 1: G
Head 2: G
Head 3: O
Captures: 0
Releases: 3
Turnouts: 0
Voltage: 12.2
RSSI: -113
LED Errors: 0
Version: 3
Revision: 4

2025-09-13 20:54:51.406396
Sender: 15
Head 0: G
Head 1: G
Head 2: G
Head 3: O
Captures: 0
Releases: 3
Turnouts: 0
Voltage: 12.2
RSSI: -113
LED Errors: 0
Version: 3
Revision: 4

2025-09-13 20:54:57.412020
Sender: 15
Head 0: G
Head 1: G
Head 2: G
Head 3: O
Captures: 0
Releases: 3
Turnouts: 0
Voltage: 12.2
RSSI: -113
LED Errors: 0
Version: 3
Revision: 4

2025-09-13 20:54:58.421654
Sender: 15
Head 0: G
Head 1: G
Head 2: G
Head 3: O
Captures: 0
Releases: 3
Turnouts: 0
Voltage: 12.2
RSSI: -113
LED Errors: 0
Version: 3
Revision: 4

2025-09-13 20:54:59.430203
Sender: 15
Head 0: G
Head 1: G
Head 2: G
Head 3: O
Captures: 0
Releases: 3
Turnouts: 0
Voltage: 12.2
RSSI: -113
LED Errors: 0
Version: 3
Revision: 4

2025-09-13 20:55:00.938361
Sender: 15
Head 0: G
Head 1: G
Head 2: G
Head 3: O
Captures: 0
Releases: 3
Turnouts: 0
Voltage: 12.2
RSSI: -113
LED Errors: 0
Version: 3
Revision: 4

2025-09-13 20:55:02.447931
Sender: 15
Head 0: G
Head 1: G
Head 2: G
Head 3: O
Captures: 0
Releases: 3
Turnouts: 0
Voltage: 12.2
RSSI: -113
LED Errors: 0
Version: 3
Revision: 4

2025-09-13 20:55:08.458043
Sender: 15
Head 0: G
Head 1: G
Head 2: G
Head 3: O
Captures: 0
Releases: 3
Turnouts: 0
Voltage: 12.2
RSSI: -113
LED Errors: 0
Version: 3
Revision: 4

2025-09-13 20:55:14.466006
Sender: 15
Head 0: G
Head 1: G
Head 2: G
Head 3: O
Captures: 0
Releases: 3
Turnouts: 0
Voltage: 12.2
RSSI: -113
LED Errors: 0
Version: 3
Revision: 4

2025-09-13 20:55:15.475830
Sender: 15
Head 0: G
Head 1: G
Head 2: G
Head 3: O
Captures: 0
Releases: 3
Turnouts: 0
Voltage: 12.2
RSSI: -113
LED Errors: 0
Version: 3
Revision: 4

2025-09-13 20:55:16.834491
Sender: 2
Head 0: G
Head 1: O
Head 2: O
Head 3: O
Captures: 0
Releases: 0
Turnouts: 0
Voltage: 12.1
RSSI: -108
LED Errors: 8192
Version: 3
Revision: 3

2025-09-13 20:55:21.484268
Sender: 15
Head 0: G
Head 1: G
Head 2: G
Head 3: O
Captures: 0
Releases: 3
Turnouts: 0
Voltage: 12.2
RSSI: -113
LED Errors: 0
Version: 3
Revision: 4

2025-09-13 20:55:22.493593
Sender: 15
Head 0: G
Head 1: G
Head 2: G
Head 3: O
Captures: 0
Releases: 3
Turnouts: 0
Voltage: 12.2
RSSI: -113
LED Errors: 0
Version: 3
Revision: 4

2025-09-13 20:55:23.502602
Sender: 15
Head 0: G
Head 1: G
Head 2: G
Head 3: O
Captures: 0
Releases: 3
Turnouts: 0
Voltage: 12.2
RSSI: -113
LED Errors: 0
Version: 3
Revision: 4

2025-09-13 20:55:24.511720
Sender: 15
Head 0: G
Head 1: G
Head 2: G
Head 3: O
Captures: 0
Releases: 3
Turnouts: 0
Voltage: 12.2
RSSI: -113
LED Errors: 0
Version: 3
Revision: 4

2025-09-13 20:55:25.520246
Sender: 15
Head 0: G
Head 1: G
Head 2: G
Head 3: O
Captures: 0
Releases: 3
Turnouts: 0
Voltage: 12.2
RSSI: -113
LED Errors: 0
Version: 3
Revision: 4

2025-09-13 20:55:26.529330
Sender: 15
Head 0: G
Head 1: G
Head 2: G
Head 3: O
Captures: 0
Releases: 3
Turnouts: 0
Voltage: 12.2
RSSI: -113
LED Errors: 0
Version: 3
Revision: 4

2025-09-13 20:55:32.538405
Sender: 15
Head 0: G
Head 1: G
Head 2: G
Head 3: O
Captures: 0
Releases: 3
Turnouts: 0
Voltage: 12.2
RSSI: -113
LED Errors: 0
Version: 3
Revision: 4

2025-09-13 20:55:33.548042
Sender: 15
Head 0: G
Head 1: G
Head 2: G
Head 3: O
Captures: 0
Releases: 3
Turnouts: 0
Voltage: 12.2
RSSI: -113
LED Errors: 0
Version: 3
Revision: 4

2025-09-13 20:55:34.556660
Sender: 15
Head 0: G
Head 1: G
Head 2: G
Head 3: O
Captures: 0
Releases: 3
Turnouts: 0
Voltage: 12.2
RSSI: -113
LED Errors: 0
Version: 3
Revision: 4

2025-09-13 20:55:35.565293
Sender: 15
Head 0: G
Head 1: G
Head 2: G
Head 3: O
Captures: 0
Releases: 3
Turnouts: 0
Voltage: 12.2
RSSI: -113
LED Errors: 0
Version: 3
Revision: 4

2025-09-13 20:55:41.574338
Sender: 15
Head 0: G
Head 1: G
Head 2: G
Head 3: O
Captures: 0
Releases: 3
Turnouts: 0
Voltage: 12.2
RSSI: -113
LED Errors: 0
Version: 3
Revision: 4

2025-09-13 20:55:47.582279
Sender: 15
Head 0: G
Head 1: G
Head 2: G
Head 3: O
Captures: 0
Releases: 3
Turnouts: 0
Voltage: 12.2
RSSI: -113
LED Errors: 0
Version: 3
Revision: 4

2025-09-13 20:55:48.591347
Sender: 15
Head 0: G
Head 1: G
Head 2: G
Head 3: O
Captures: 0
Releases: 3
Turnouts: 0
Voltage: 12.2
RSSI: -113
LED Errors: 0
Version: 3
Revision: 4

2025-09-13 20:55:49.601787
Sender: 15
Head 0: G
Head 1: G
Head 2: G
Head 3: O
Captures: 0
Releases: 3
Turnouts: 0
Voltage: 12.2
RSSI: -113
LED Errors: 0
Version: 3
Revision: 4

2025-09-13 20:55:50.109015
Sender: 15
Head 0: G
Head 1: G
Head 2: G
Head 3: O
Captures: 0
Releases: 3
Turnouts: 0
Voltage: 12.2
RSSI: -113
LED Errors: 0
Version: 3
Revision: 4

2025-09-13 20:55:56.118675
Sender: 15
Head 0: G
Head 1: G
Head 2: G
Head 3: O
Captures: 0
Releases: 3
Turnouts: 0
Voltage: 12.2
RSSI: -113
LED Errors: 0
Version: 3
Revision: 4

2025-09-13 20:55:57.128410
Sender: 15
Head 0: G
Head 1: G
Head 2: G
Head 3: O
Captures: 0
Releases: 3
Turnouts: 0
Voltage: 12.2
RSSI: -113
LED Errors: 0
Version: 3
Revision: 4

2025-09-13 20:56:03.137396
Sender: 15
Head 0: G
Head 1: G
Head 2: G
Head 3: O
Captures: 0
Releases: 3
Turnouts: 0
Voltage: 12.2
RSSI: -113
LED Errors: 0
Version: 3
Revision: 4

2025-09-13 20:56:09.146205
Sender: 15
Head 0: G
Head 1: G
Head 2: G
Head 3: O
Captures: 0
Releases: 3
Turnouts: 0
Voltage: 12.2
RSSI: -113
LED Errors: 0
Version: 3
Revision: 4

2025-09-13 20:56:09.655237
Sender: 15
Head 0: G
Head 1: G
Head 2: G
Head 3: O
Captures: 0
Releases: 3
Turnouts: 0
Voltage: 12.2
RSSI: -113
LED Errors: 0
Version: 3
Revision: 4

2025-09-13 20:56:10.664298
Sender: 15
Head 0: G
Head 1: G
Head 2: G
Head 3: O
Captures: 0
Releases: 3
Turnouts: 0
Voltage: 12.2
RSSI: -113
LED Errors: 0
Version: 3
Revision: 4

2025-09-13 20:56:11.173510
Sender: 15
Head 0: G
Head 1: G
Head 2: G
Head 3: O
Captures: 0
Releases: 3
Turnouts: 0
Voltage: 12.2
RSSI: -113
LED Errors: 0
Version: 3
Revision: 4

2025-09-13 20:56:11.681260
Sender: 15
Head 0: G
Head 1: G
Head 2: G
Head 3: O
Captures: 0
Releases: 3
Turnouts: 0
Voltage: 12.2
RSSI: -113
LED Errors: 0
Version: 3
Revision: 4

2025-09-13 20:56:12.691082
Sender: 15
Head 0: G
Head 1: G
Head 2: G
Head 3: O
Captures: 0
Releases: 3
Turnouts: 0
Voltage: 12.2
RSSI: -113
LED Errors: 0
Version: 3
Revision: 4

2025-09-13 20:56:26.726678
Sender: 15
Head 0: G
Head 1: G
Head 2: G
Head 3: O
Captures: 0
Releases: 3
Turnouts: 0
Voltage: 12.2
RSSI: -113
LED Errors: 0
Version: 3
Revision: 4

2025-09-13 20:56:28.236695
Sender: 15
Head 0: G
Head 1: G
Head 2: G
Head 3: O
Captures: 0
Releases: 3
Turnouts: 0
Voltage: 12.2
RSSI: -113
LED Errors: 0
Version: 3
Revision: 4

2025-09-13 20:56:34.245432
Sender: 15
Head 0: G
Head 1: G
Head 2: G
Head 3: O
Captures: 0
Releases: 3
Turnouts: 0
Voltage: 12.2
RSSI: -113
LED Errors: 0
Version: 3
Revision: 4

2025-09-13 20:56:37.090934
Sender: 1
Head 0: G
Head 1: O
Head 2: O
Head 3: O
Captures: 0
Releases: 0
Turnouts: 0
Voltage: 13.0
RSSI: -107
LED Errors: 8704
Version: 3
Revision: 3

2025-09-13 20:56:40.254181
Sender: 15
Head 0: G
Head 1: G
Head 2: G
Head 3: O
Captures: 0
Releases: 3
Turnouts: 0
Voltage: 12.2
RSSI: -113
LED Errors: 0
Version: 3
Revision: 4

2025-09-13 20:56:42.294124
Sender: 13
Head 0: G
Head 1: G
Head 2: O
Head 3: O
Captures: 0
Releases: 0
Turnouts: 0
Voltage: 13.5
RSSI: -105
LED Errors: 0
Version: 3
Revision: 4

2025-09-13 20:56:42.567138
Sender: 17
Head 0: G
Head 1: G
Head 2: O
Head 3: O
Captures: 0
Releases: 0
Turnouts: 0
Voltage: 12.1
RSSI: -109
LED Errors: 8708
Version: 3
Revision: 3

2025-09-13 20:56:43.212355
Sender: 19
Head 0: G
Head 1: O
Head 2: O
Head 3: O
Captures: 0
Releases: 0
Turnouts: 0
Voltage: 12.1
RSSI: -95
LED Errors: 0
Version: 3
Revision: 0

2025-09-13 20:56:43.432610
Sender: 21
Head 0: G
Head 1: O
Head 2: O
Head 3: O
Captures: 0
Releases: 0
Turnouts: 0
Voltage: 12.2
RSSI: -104
LED Errors: 0
Version: 3
Revision: 3

2025-09-13 20:56:44.457367
Sender: 14
Head 0: G
Head 1: O
Head 2: O
Head 3: O
Captures: 0
Releases: 0
Turnouts: 0
Voltage: 12.3
RSSI: -86
LED Errors: 0
Version: 3
Revision: 3

2025-09-13 20:56:46.263152
Sender: 15
Head 0: G
Head 1: G
Head 2: G
Head 3: O
Captures: 0
Releases: 3
Turnouts: 0
Voltage: 12.2
RSSI: -113
LED Errors: 0
Version: 3
Revision: 4

2025-09-13 20:56:47.272312
Sender: 15
Head 0: G
Head 1: G
Head 2: G
Head 3: O
Captures: 0
Releases: 3
Turnouts: 0
Voltage: 12.2
RSSI: -113
LED Errors: 0
Version: 3
Revision: 4

2025-09-13 20:56:48.282236
Sender: 15
Head 0: G
Head 1: G
Head 2: G
Head 3: O
Captures: 0
Releases: 3
Turnouts: 0
Voltage: 12.2
RSSI: -113
LED Errors: 0
Version: 3
Revision: 4

2025-09-13 20:56:48.555708
Sender: 19
Head 0: G
Head 1: O
Head 2: O
Head 3: O
Captures: 0
Releases: 0
Turnouts: 0
Voltage: 12.1
RSSI: -95
LED Errors: 0
Version: 3
Revision: 0

2025-09-13 20:56:54.290354
Sender: 15
Head 0: G
Head 1: G
Head 2: G
Head 3: O
Captures: 0
Releases: 3
Turnouts: 0
Voltage: 12.2
RSSI: -113
LED Errors: 0
Version: 3
Revision: 4

2025-09-13 20:56:56.708964
Sender: 14
Head 0: R
Head 1: O
Head 2: O
Head 3: O
Captures: 0
Releases: 0
Turnouts: 0
Voltage: 12.3
RSSI: -86
LED Errors: 0
Version: 3
Revision: 3

2025-09-13 20:56:56.928903
Sender: 13
Head 0: A
Head 1: G
Head 2: O
Head 3: O
Captures: 1
Releases: 0
Turnouts: 0
Voltage: 13.5
RSSI: -105
LED Errors: 0
Version: 3
Revision: 4

2025-09-13 20:56:57.825417
Sender: 13
Head 0: A
Head 1: G
Head 2: O
Head 3: O
Captures: 0
Releases: 0
Turnouts: 0
Voltage: 13.5
RSSI: -105
LED Errors: 0
Version: 3
Revision: 4

2025-09-13 20:56:58.972288
Sender: 5
Head 0: G
Head 1: O
Head 2: O
Head 3: O
Captures: 0
Releases: 0
Turnouts: 0
Voltage: 12.1
RSSI: 0
LED Errors: 0
Version: 3
Revision: 1

2025-09-13 20:57:00.299456
Sender: 15
Head 0: G
Head 1: G
Head 2: G
Head 3: O
Captures: 0
Releases: 3
Turnouts: 0
Voltage: 12.2
RSSI: -113
LED Errors: 0
Version: 3
Revision: 4

2025-09-13 20:57:01.308151
Sender: 15
Head 0: G
Head 1: G
Head 2: G
Head 3: O
Captures: 0
Releases: 3
Turnouts: 0
Voltage: 12.2
RSSI: -113
LED Errors: 0
Version: 3
Revision: 4

2025-09-13 20:57:02.317116
Sender: 15
Head 0: G
Head 1: G
Head 2: G
Head 3: O
Captures: 0
Releases: 3
Turnouts: 0
Voltage: 12.2
RSSI: -113
LED Errors: 0
Version: 3
Revision: 4

2025-09-13 20:57:04.607575
Sender: 5
Head 0: G
Head 1: O
Head 2: O
Head 3: O
Captures: 0
Releases: 0
Turnouts: 0
Voltage: 12.1
RSSI: 0
LED Errors: 0
Version: 3
Revision: 1

2025-09-13 20:57:08.326039
Sender: 15
Head 0: G
Head 1: G
Head 2: G
Head 3: O
Captures: 0
Releases: 3
Turnouts: 0
Voltage: 12.2
RSSI: -113
LED Errors: 0
Version: 3
Revision: 4

2025-09-13 20:57:10.221269
Sender: 5
Head 0: G
Head 1: O
Head 2: O
Head 3: O
Captures: 0
Releases: 0
Turnouts: 0
Voltage: 12.1
RSSI: 0
LED Errors: 0
Version: 3
Revision: 1

2025-09-13 20:57:14.835184
Sender: 15
Head 0: G
Head 1: G
Head 2: G
Head 3: O
Captures: 0
Releases: 3
Turnouts: 0
Voltage: 12.2
RSSI: -113
LED Errors: 0
Version: 3
Revision: 4

2025-09-13 20:57:15.756879
Sender: 5
Head 0: G
Head 1: O
Head 2: O
Head 3: O
Captures: 0
Releases: 0
Turnouts: 0
Voltage: 12.1
RSSI: 0
LED Errors: 0
Version: 3
Revision: 1

2025-09-13 20:57:21.394031
Sender: 5
Head 0: G
Head 1: O
Head 2: O
Head 3: O
Captures: 0
Releases: 0
Turnouts: 0
Voltage: 12.1
RSSI: 0
LED Errors: 0
Version: 3
Revision: 1

2025-09-13 20:57:21.853290
Sender: 15
Head 0: G
Head 1: G
Head 2: G
Head 3: O
Captures: 0
Releases: 3
Turnouts: 0
Voltage: 12.2
RSSI: -113
LED Errors: 0
Version: 3
Revision: 4

2025-09-13 20:57:27.030164
Sender: 5
Head 0: G
Head 1: O
Head 2: O
Head 3: O
Captures: 0
Releases: 0
Turnouts: 0
Voltage: 12.1
RSSI: 0
LED Errors: 0
Version: 3
Revision: 1

2025-09-13 20:57:28.361900
Sender: 15
Head 0: G
Head 1: G
Head 2: G
Head 3: O
Captures: 0
Releases: 3
Turnouts: 0
Voltage: 12.2
RSSI: -113
LED Errors: 0
Version: 3
Revision: 4

2025-09-13 20:57:29.371130
Sender: 15
Head 0: G
Head 1: G
Head 2: G
Head 3: O
Captures: 0
Releases: 3
Turnouts: 0
Voltage: 12.2
RSSI: -113
LED Errors: 0
Version: 3
Revision: 4

2025-09-13 20:57:32.557244
Sender: 5
Head 0: G
Head 1: O
Head 2: O
Head 3: O
Captures: 0
Releases: 0
Turnouts: 0
Voltage: 12.1
RSSI: 0
LED Errors: 0
Version: 3
Revision: 1

2025-09-13 20:57:35.380070
Sender: 15
Head 0: G
Head 1: G
Head 2: G
Head 3: O
Captures: 0
Releases: 3
Turnouts: 0
Voltage: 12.2
RSSI: -113
LED Errors: 0
Version: 3
Revision: 4

2025-09-13 20:57:41.389061
Sender: 15
Head 0: G
Head 1: G
Head 2: G
Head 3: O
Captures: 0
Releases: 3
Turnouts: 0
Voltage: 12.2
RSSI: -113
LED Errors: 0
Version: 3
Revision: 4

2025-09-13 20:57:42.397925
Sender: 15
Head 0: G
Head 1: G
Head 2: G
Head 3: O
Captures: 0
Releases: 3
Turnouts: 0
Voltage: 12.2
RSSI: -113
LED Errors: 0
Version: 3
Revision: 4

2025-09-13 20:57:43.406888
Sender: 15
Head 0: G
Head 1: G
Head 2: G
Head 3: O
Captures: 0
Releases: 3
Turnouts: 0
Voltage: 12.2
RSSI: -113
LED Errors: 0
Version: 3
Revision: 4

2025-09-13 20:57:43.830951
Sender: 5
Head 0: G
Head 1: O
Head 2: O
Head 3: O
Captures: 0
Releases: 0
Turnouts: 0
Voltage: 12.1
RSSI: 0
LED Errors: 0
Version: 3
Revision: 1

2025-09-13 20:57:49.416234
Sender: 15
Head 0: G
Head 1: G
Head 2: G
Head 3: O
Captures: 0
Releases: 3
Turnouts: 0
Voltage: 12.2
RSSI: -113
LED Errors: 0
Version: 3
Revision: 4

2025-09-13 20:57:50.424990
Sender: 15
Head 0: G
Head 1: G
Head 2: G
Head 3: O
Captures: 0
Releases: 3
Turnouts: 0
Voltage: 12.2
RSSI: -113
LED Errors: 0
Version: 3
Revision: 4

2025-09-13 20:57:54.991844
Sender: 5
Head 0: G
Head 1: O
Head 2: O
Head 3: O
Captures: 0
Releases: 0
Turnouts: 0
Voltage: 12.1
RSSI: 0
LED Errors: 0
Version: 3
Revision: 1

2025-09-13 20:57:56.434030
Sender: 15
Head 0: G
Head 1: G
Head 2: G
Head 3: O
Captures: 0
Releases: 3
Turnouts: 0
Voltage: 12.2
RSSI: -113
LED Errors: 0
Version: 3
Revision: 4

2025-09-13 20:57:57.443016
Sender: 15
Head 0: G
Head 1: G
Head 2: G
Head 3: O
Captures: 0
Releases: 3
Turnouts: 0
Voltage: 12.2
RSSI: -113
LED Errors: 0
Version: 3
Revision: 4

2025-09-13 20:57:58.451939
Sender: 15
Head 0: G
Head 1: G
Head 2: G
Head 3: O
Captures: 0
Releases: 3
Turnouts: 0
Voltage: 12.2
RSSI: -113
LED Errors: 0
Version: 3
Revision: 4

2025-09-13 20:57:59.461168
Sender: 15
Head 0: G
Head 1: G
Head 2: G
Head 3: O
Captures: 0
Releases: 3
Turnouts: 0
Voltage: 12.2
RSSI: -113
LED Errors: 0
Version: 3
Revision: 4

2025-09-13 20:57:59.842844
Sender: 18
Head 0: G
Head 1: O
Head 2: O
Head 3: O
Captures: 0
Releases: 0
Turnouts: 0
Voltage: 12.0
RSSI: -108
LED Errors: 0
Version: 3
Revision: 1

2025-09-13 20:58:00.570523
Sender: 5
Head 0: G
Head 1: O
Head 2: O
Head 3: O
Captures: 0
Releases: 0
Turnouts: 0
Voltage: 12.1
RSSI: 0
LED Errors: 0
Version: 3
Revision: 1

2025-09-13 20:58:05.469810
Sender: 15
Head 0: G
Head 1: G
Head 2: G
Head 3: O
Captures: 0
Releases: 3
Turnouts: 0
Voltage: 12.2
RSSI: -113
LED Errors: 0
Version: 3
Revision: 4

2025-09-13 20:58:06.430310
Sender: 5
Head 0: G
Head 1: O
Head 2: O
Head 3: O
Captures: 0
Releases: 0
Turnouts: 0
Voltage: 12.1
RSSI: 0
LED Errors: 0
Version: 3
Revision: 1

2025-09-13 20:58:11.478976
Sender: 15
Head 0: G
Head 1: G
Head 2: G
Head 3: O
Captures: 0
Releases: 3
Turnouts: 0
Voltage: 12.2
RSSI: -113
LED Errors: 0
Version: 3
Revision: 4

2025-09-13 20:58:12.487731
Sender: 15
Head 0: G
Head 1: G
Head 2: G
Head 3: O
Captures: 0
Releases: 3
Turnouts: 0
Voltage: 12.2
RSSI: -113
LED Errors: 0
Version: 3
Revision: 4

2025-09-13 20:58:17.364110
Sender: 5
Head 0: G
Head 1: O
Head 2: O
Head 3: O
Captures: 0
Releases: 0
Turnouts: 0
Voltage: 12.1
RSSI: 0
LED Errors: 0
Version: 3
Revision: 1

2025-09-13 20:58:18.496964
Sender: 15
Head 0: G
Head 1: G
Head 2: G
Head 3: O
Captures: 0
Releases: 3
Turnouts: 0
Voltage: 12.2
RSSI: -113
LED Errors: 0
Version: 3
Revision: 4

2025-09-13 20:58:19.505977
Sender: 15
Head 0: G
Head 1: G
Head 2: G
Head 3: O
Captures: 0
Releases: 3
Turnouts: 0
Voltage: 12.2
RSSI: -113
LED Errors: 0
Version: 3
Revision: 4

2025-09-13 20:58:23.007875
Sender: 5
Head 0: G
Head 1: O
Head 2: O
Head 3: O
Captures: 0
Releases: 0
Turnouts: 0
Voltage: 12.1
RSSI: 0
LED Errors: 0
Version: 3
Revision: 1

2025-09-13 20:58:25.514642
Sender: 15
Head 0: G
Head 1: G
Head 2: G
Head 3: O
Captures: 0
Releases: 3
Turnouts: 0
Voltage: 12.2
RSSI: -113
LED Errors: 0
Version: 3
Revision: 4

2025-09-13 20:58:28.643962
Sender: 5
Head 0: G
Head 1: O
Head 2: O
Head 3: O
Captures: 0
Releases: 0
Turnouts: 0
Voltage: 12.1
RSSI: 0
LED Errors: 0
Version: 3
Revision: 1

2025-09-13 20:58:31.523767
Sender: 15
Head 0: G
Head 1: G
Head 2: G
Head 3: O
Captures: 0
Releases: 3
Turnouts: 0
Voltage: 12.2
RSSI: -113
LED Errors: 0
Version: 3
Revision: 4

2025-09-13 20:58:34.557515
Sender: 5
Head 0: G
Head 1: O
Head 2: O
Head 3: O
Captures: 0
Releases: 0
Turnouts: 0
Voltage: 12.1
RSSI: 0
LED Errors: 0
Version: 3
Revision: 1

2025-09-13 20:58:37.533102
Sender: 15
Head 0: G
Head 1: G
Head 2: G
Head 3: O
Captures: 0
Releases: 3
Turnouts: 0
Voltage: 12.2
RSSI: -113
LED Errors: 0
Version: 3
Revision: 4

2025-09-13 20:58:39.794115
Sender: 5
Head 0: G
Head 1: O
Head 2: O
Head 3: O
Captures: 0
Releases: 0
Turnouts: 0
Voltage: 12.1
RSSI: 0
LED Errors: 0
Version: 3
Revision: 1

2025-09-13 20:58:43.542115
Sender: 15
Head 0: G
Head 1: G
Head 2: G
Head 3: O
Captures: 0
Releases: 3
Turnouts: 0
Voltage: 12.2
RSSI: -113
LED Errors: 0
Version: 3
Revision: 4

2025-09-13 20:58:49.550545
Sender: 15
Head 0: G
Head 1: G
Head 2: G
Head 3: O
Captures: 0
Releases: 3
Turnouts: 0
Voltage: 12.2
RSSI: -113
LED Errors: 0
Version: 3
Revision: 4

2025-09-13 20:58:51.021199
Sender: 5
Head 0: G
Head 1: O
Head 2: O
Head 3: O
Captures: 0
Releases: 0
Turnouts: 0
Voltage: 12.1
RSSI: 0
LED Errors: 0
Version: 3
Revision: 1

2025-09-13 20:58:52.710828
Sender: 14
Head 0: G
Head 1: O
Head 2: O
Head 3: O
Captures: 0
Releases: 1
Turnouts: 0
Voltage: 12.3
RSSI: -86
LED Errors: 0
Version: 3
Revision: 3

2025-09-13 20:58:54.229480
Sender: 14
Head 0: G
Head 1: O
Head 2: O
Head 3: O
Captures: 0
Releases: 0
Turnouts: 0
Voltage: 12.3
RSSI: -86
LED Errors: 0
Version: 3
Revision: 3

2025-09-13 20:58:56.059373
Sender: 15
Head 0: G
Head 1: G
Head 2: G
Head 3: O
Captures: 0
Releases: 3
Turnouts: 0
Voltage: 12.2
RSSI: -113
LED Errors: 0
Version: 3
Revision: 4

2025-09-13 20:59:02.318475
Sender: 15
Head 0: G
Head 1: G
Head 2: G
Head 3: O
Captures: 0
Releases: 3
Turnouts: 0
Voltage: 12.2
RSSI: -113
LED Errors: 0
Version: 3
Revision: 4

2025-09-13 20:59:02.591534
Sender: 5
Head 0: G
Head 1: O
Head 2: O
Head 3: O
Captures: 0
Releases: 0
Turnouts: 0
Voltage: 12.1
RSSI: 0
LED Errors: 0
Version: 3
Revision: 1

2025-09-13 20:59:03.327850
Sender: 15
Head 0: G
Head 1: G
Head 2: G
Head 3: O
Captures: 0
Releases: 3
Turnouts: 0
Voltage: 12.2
RSSI: -113
LED Errors: 0
Version: 3
Revision: 4

2025-09-13 20:59:08.047731
Sender: 5
Head 0: G
Head 1: O
Head 2: O
Head 3: O
Captures: 0
Releases: 0
Turnouts: 0
Voltage: 12.1
RSSI: 0
LED Errors: 0
Version: 3
Revision: 1

2025-09-13 20:59:09.336467
Sender: 15
Head 0: G
Head 1: G
Head 2: G
Head 3: O
Captures: 0
Releases: 3
Turnouts: 0
Voltage: 12.2
RSSI: -113
LED Errors: 0
Version: 3
Revision: 4

2025-09-13 20:59:12.767017
Sender: 13
Head 0: G
Head 1: R
Head 2: O
Head 3: O
Captures: 0
Releases: 0
Turnouts: 0
Voltage: 13.5
RSSI: -105
LED Errors: 0
Version: 3
Revision: 4

2025-09-13 20:59:12.981603
Sender: 15
Head 0: A
Head 1: R
Head 2: R
Head 3: O
Captures: 1
Releases: 3
Turnouts: 0
Voltage: 12.2
RSSI: -113
LED Errors: 0
Version: 3
Revision: 4

2025-09-13 20:59:13.709076
Sender: 5
Head 0: G
Head 1: O
Head 2: O
Head 3: O
Captures: 0
Releases: 0
Turnouts: 0
Voltage: 12.1
RSSI: 0
LED Errors: 0
Version: 3
Revision: 1

2025-09-13 20:59:13.942344
Sender: 15
Head 0: A
Head 1: R
Head 2: R
Head 3: O
Captures: 0
Releases: 3
Turnouts: 0
Voltage: 12.2
RSSI: -113
LED Errors: 0
Version: 3
Revision: 4

2025-09-13 20:59:19.222464
Sender: 5
Head 0: G
Head 1: O
Head 2: O
Head 3: O
Captures: 0
Releases: 0
Turnouts: 0
Voltage: 12.1
RSSI: 0
LED Errors: 0
Version: 3
Revision: 1

2025-09-13 20:59:20.507195
Sender: 15
Head 0: A
Head 1: R
Head 2: R
Head 3: O
Captures: 0
Releases: 3
Turnouts: 0
Voltage: 12.2
RSSI: -113
LED Errors: 0
Version: 3
Revision: 4

2025-09-13 20:59:24.833763
Sender: 5
Head 0: G
Head 1: O
Head 2: O
Head 3: O
Captures: 0
Releases: 0
Turnouts: 0
Voltage: 12.1
RSSI: 0
LED Errors: 0
Version: 3
Revision: 1

2025-09-13 20:59:26.461540
Sender: 15
Head 0: A
Head 1: R
Head 2: R
Head 3: O
Captures: 0
Releases: 3
Turnouts: 0
Voltage: 12.2
RSSI: -113
LED Errors: 0
Version: 3
Revision: 4

2025-09-13 20:59:27.470596
Sender: 15
Head 0: A
Head 1: R
Head 2: R
Head 3: O
Captures: 0
Releases: 3
Turnouts: 0
Voltage: 12.2
RSSI: -113
LED Errors: 0
Version: 3
Revision: 4

2025-09-13 20:59:30.481659
Sender: 5
Head 0: G
Head 1: O
Head 2: O
Head 3: O
Captures: 0
Releases: 0
Turnouts: 0
Voltage: 12.1
RSSI: 0
LED Errors: 0
Version: 3
Revision: 1

2025-09-13 20:59:33.478146
Sender: 15
Head 0: A
Head 1: R
Head 2: R
Head 3: O
Captures: 0
Releases: 3
Turnouts: 0
Voltage: 12.2
RSSI: -113
LED Errors: 0
Version: 3
Revision: 4

2025-09-13 20:59:36.118766
Sender: 5
Head 0: G
Head 1: O
Head 2: O
Head 3: O
Captures: 0
Releases: 0
Turnouts: 0
Voltage: 12.1
RSSI: 0
LED Errors: 0
Version: 3
Revision: 1

2025-09-13 20:59:39.512996
Sender: 15
Head 0: A
Head 1: R
Head 2: R
Head 3: O
Captures: 0
Releases: 3
Turnouts: 0
Voltage: 12.2
RSSI: -113
LED Errors: 0
Version: 3
Revision: 4

2025-09-13 20:59:41.656040
Sender: 5
Head 0: G
Head 1: O
Head 2: O
Head 3: O
Captures: 0
Releases: 0
Turnouts: 0
Voltage: 12.1
RSSI: 0
LED Errors: 0
Version: 3
Revision: 1

2025-09-13 20:59:45.497598
Sender: 15
Head 0: A
Head 1: R
Head 2: R
Head 3: O
Captures: 0
Releases: 3
Turnouts: 0
Voltage: 12.2
RSSI: -113
LED Errors: 0
Version: 3
Revision: 4

2025-09-13 20:59:46.506636
Sender: 15
Head 0: A
Head 1: R
Head 2: R
Head 3: O
Captures: 0
Releases: 3
Turnouts: 0
Voltage: 12.2
RSSI: -113
LED Errors: 0
Version: 3
Revision: 4

2025-09-13 20:59:47.301195
Sender: 5
Head 0: G
Head 1: O
Head 2: O
Head 3: O
Captures: 0
Releases: 0
Turnouts: 0
Voltage: 12.1
RSSI: 0
LED Errors: 0
Version: 3
Revision: 1

2025-09-13 20:59:47.523979
Sender: 15
Head 0: A
Head 1: R
Head 2: R
Head 3: O
Captures: 0
Releases: 3
Turnouts: 0
Voltage: 12.2
RSSI: -113
LED Errors: 0
Version: 3
Revision: 4

2025-09-13 20:59:48.523296
Sender: 15
Head 0: A
Head 1: R
Head 2: R
Head 3: O
Captures: 0
Releases: 3
Turnouts: 0
Voltage: 12.2
RSSI: -113
LED Errors: 0
Version: 3
Revision: 4

2025-09-13 20:59:52.854130
Sender: 5
Head 0: G
Head 1: O
Head 2: O
Head 3: O
Captures: 0
Releases: 0
Turnouts: 0
Voltage: 12.1
RSSI: 0
LED Errors: 0
Version: 3
Revision: 1

2025-09-13 20:59:54.533470
Sender: 15
Head 0: A
Head 1: R
Head 2: R
Head 3: O
Captures: 0
Releases: 3
Turnouts: 0
Voltage: 12.2
RSSI: -113
LED Errors: 0
Version: 3
Revision: 4

2025-09-13 20:59:58.491273
Sender: 5
Head 0: G
Head 1: O
Head 2: O
Head 3: O
Captures: 0
Releases: 0
Turnouts: 0
Voltage: 12.1
RSSI: 0
LED Errors: 0
Version: 3
Revision: 1

2025-09-13 21:00:00.542662
Sender: 15
Head 0: A
Head 1: R
Head 2: R
Head 3: O
Captures: 0
Releases: 3
Turnouts: 0
Voltage: 12.2
RSSI: -113
LED Errors: 0
Version: 3
Revision: 4

2025-09-13 21:00:04.104944
Sender: 5
Head 0: G
Head 1: O
Head 2: O
Head 3: O
Captures: 0
Releases: 0
Turnouts: 0
Voltage: 12.1
RSSI: 0
LED Errors: 0
Version: 3
Revision: 1

2025-09-13 21:00:06.551486
Sender: 15
Head 0: A
Head 1: R
Head 2: R
Head 3: O
Captures: 0
Releases: 3
Turnouts: 0
Voltage: 12.2
RSSI: -113
LED Errors: 0
Version: 3
Revision: 4

2025-09-13 21:00:07.560434
Sender: 15
Head 0: A
Head 1: R
Head 2: R
Head 3: O
Captures: 0
Releases: 3
Turnouts: 0
Voltage: 12.2
RSSI: -113
LED Errors: 0
Version: 3
Revision: 4

2025-09-13 21:00:09.632732
Sender: 5
Head 0: G
Head 1: O
Head 2: O
Head 3: O
Captures: 0
Releases: 0
Turnouts: 0
Voltage: 12.1
RSSI: 0
LED Errors: 0
Version: 3
Revision: 1

2025-09-13 21:00:13.568230
Sender: 15
Head 0: A
Head 1: R
Head 2: R
Head 3: O
Captures: 0
Releases: 3
Turnouts: 0
Voltage: 12.2
RSSI: -113
LED Errors: 0
Version: 3
Revision: 4

2025-09-13 21:00:15.268732
Sender: 5
Head 0: G
Head 1: O
Head 2: O
Head 3: O
Captures: 0
Releases: 0
Turnouts: 0
Voltage: 12.1
RSSI: 0
LED Errors: 0
Version: 3
Revision: 1

2025-09-13 21:00:19.578499
Sender: 15
Head 0: A
Head 1: R
Head 2: R
Head 3: O
Captures: 0
Releases: 3
Turnouts: 0
Voltage: 12.2
RSSI: -113
LED Errors: 0
Version: 3
Revision: 4

2025-09-13 21:00:20.587303
Sender: 15
Head 0: A
Head 1: R
Head 2: R
Head 3: O
Captures: 0
Releases: 3
Turnouts: 0
Voltage: 12.2
RSSI: -113
LED Errors: 0
Version: 3
Revision: 4

2025-09-13 21:00:21.219363
Sender: 5
Head 0: G
Head 1: O
Head 2: O
Head 3: O
Captures: 0
Releases: 0
Turnouts: 0
Voltage: 12.1
RSSI: 0
LED Errors: 0
Version: 3
Revision: 1

2025-09-13 21:00:26.471117
Sender: 5
Head 0: G
Head 1: O
Head 2: O
Head 3: O
Captures: 0
Releases: 0
Turnouts: 0
Voltage: 12.1
RSSI: 0
LED Errors: 0
Version: 3
Revision: 1

2025-09-13 21:00:26.693668
Sender: 15
Head 0: A
Head 1: R
Head 2: R
Head 3: O
Captures: 0
Releases: 3
Turnouts: 0
Voltage: 12.2
RSSI: -113
LED Errors: 0
Version: 3
Revision: 4

2025-09-13 21:00:32.099828
Sender: 5
Head 0: G
Head 1: O
Head 2: O
Head 3: O
Captures: 0
Releases: 0
Turnouts: 0
Voltage: 12.1
RSSI: 0
LED Errors: 0
Version: 3
Revision: 1

2025-09-13 21:00:32.608342
Sender: 15
Head 0: A
Head 1: R
Head 2: R
Head 3: O
Captures: 0
Releases: 3
Turnouts: 0
Voltage: 12.2
RSSI: -113
LED Errors: 0
Version: 3
Revision: 4

2025-09-13 21:00:37.639989
Sender: 5
Head 0: G
Head 1: O
Head 2: O
Head 3: O
Captures: 0
Releases: 0
Turnouts: 0
Voltage: 12.1
RSSI: 0
LED Errors: 0
Version: 3
Revision: 1

2025-09-13 21:00:38.617761
Sender: 15
Head 0: A
Head 1: R
Head 2: R
Head 3: O
Captures: 0
Releases: 3
Turnouts: 0
Voltage: 12.2
RSSI: -113
LED Errors: 0
Version: 3
Revision: 4

2025-09-13 21:00:43.253724
Sender: 5
Head 0: G
Head 1: O
Head 2: O
Head 3: O
Captures: 0
Releases: 0
Turnouts: 0
Voltage: 12.1
RSSI: 0
LED Errors: 0
Version: 3
Revision: 1

2025-09-13 21:00:44.626234
Sender: 15
Head 0: A
Head 1: R
Head 2: R
Head 3: O
Captures: 0
Releases: 3
Turnouts: 0
Voltage: 12.2
RSSI: -113
LED Errors: 0
Version: 3
Revision: 4

2025-09-13 21:00:48.866818
Sender: 5
Head 0: G
Head 1: O
Head 2: O
Head 3: O
Captures: 0
Releases: 0
Turnouts: 0
Voltage: 12.1
RSSI: 0
LED Errors: 0
Version: 3
Revision: 1

2025-09-13 21:00:50.635525
Sender: 15
Head 0: A
Head 1: R
Head 2: R
Head 3: O
Captures: 0
Releases: 3
Turnouts: 0
Voltage: 12.2
RSSI: -113
LED Errors: 0
Version: 3
Revision: 4

2025-09-13 21:00:51.644539
Sender: 15
Head 0: A
Head 1: R
Head 2: R
Head 3: O
Captures: 0
Releases: 3
Turnouts: 0
Voltage: 12.2
RSSI: -113
LED Errors: 0
Version: 3
Revision: 4

2025-09-13 21:00:54.511349
Sender: 5
Head 0: G
Head 1: O
Head 2: O
Head 3: O
Captures: 0
Releases: 0
Turnouts: 0
Voltage: 12.1
RSSI: 0
LED Errors: 0
Version: 3
Revision: 1

2025-09-13 21:00:57.653365
Sender: 15
Head 0: A
Head 1: R
Head 2: R
Head 3: O
Captures: 0
Releases: 3
Turnouts: 0
Voltage: 12.2
RSSI: -113
LED Errors: 0
Version: 3
Revision: 4

2025-09-13 21:00:59.163650
Sender: 15
Head 0: A
Head 1: R
Head 2: R
Head 3: O
Captures: 0
Releases: 3
Turnouts: 0
Voltage: 12.2
RSSI: -113
LED Errors: 0
Version: 3
Revision: 4

2025-09-13 21:01:00.038000
Sender: 5
Head 0: G
Head 1: O
Head 2: O
Head 3: O
Captures: 0
Releases: 0
Turnouts: 0
Voltage: 12.1
RSSI: 0
LED Errors: 0
Version: 3
Revision: 1

2025-09-13 21:01:01.043508
Sender: 5
Head 0: G
Head 1: O
Head 2: O
Head 3: O
Captures: 0
Releases: 0
Turnouts: 0
Voltage: 12.1
RSSI: 0
LED Errors: 0
Version: 3
Revision: 1

2025-09-13 21:01:01.430028
Sender: 15
Head 0: A
Head 1: R
Head 2: R
Head 3: O
Captures: 0
Releases: 3
Turnouts: 0
Voltage: 12.2
RSSI: -113
LED Errors: 0
Version: 3
Revision: 4

2025-09-13 21:01:05.681602
Sender: 5
Head 0: G
Head 1: O
Head 2: O
Head 3: O
Captures: 0
Releases: 0
Turnouts: 0
Voltage: 12.1
RSSI: 0
LED Errors: 0
Version: 3
Revision: 1

2025-09-13 21:01:07.438222
Sender: 15
Head 0: A
Head 1: R
Head 2: R
Head 3: O
Captures: 0
Releases: 3
Turnouts: 0
Voltage: 12.2
RSSI: -113
LED Errors: 0
Version: 3
Revision: 4

2025-09-13 21:01:08.447121
Sender: 15
Head 0: A
Head 1: R
Head 2: R
Head 3: O
Captures: 0
Releases: 3
Turnouts: 0
Voltage: 12.2
RSSI: -113
LED Errors: 0
Version: 3
Revision: 4

2025-09-13 21:01:09.456892
Sender: 15
Head 0: A
Head 1: R
Head 2: R
Head 3: O
Captures: 0
Releases: 3
Turnouts: 0
Voltage: 12.2
RSSI: -113
LED Errors: 0
Version: 3
Revision: 4

2025-09-13 21:01:10.466474
Sender: 15
Head 0: A
Head 1: R
Head 2: R
Head 3: O
Captures: 0
Releases: 3
Turnouts: 0
Voltage: 12.2
RSSI: -113
LED Errors: 0
Version: 3
Revision: 4

2025-09-13 21:01:11.248579
Sender: 5
Head 0: G
Head 1: O
Head 2: O
Head 3: O
Captures: 0
Releases: 0
Turnouts: 0
Voltage: 12.1
RSSI: 0
LED Errors: 0
Version: 3
Revision: 1

2025-09-13 21:01:16.475164
Sender: 15
Head 0: A
Head 1: R
Head 2: R
Head 3: O
Captures: 0
Releases: 3
Turnouts: 0
Voltage: 12.2
RSSI: -113
LED Errors: 0
Version: 3
Revision: 4

2025-09-13 21:01:16.881140
Sender: 5
Head 0: G
Head 1: O
Head 2: O
Head 3: O
Captures: 0
Releases: 0
Turnouts: 0
Voltage: 12.1
RSSI: 0
LED Errors: 0
Version: 3
Revision: 1

2025-09-13 21:01:17.484561
Sender: 15
Head 0: A
Head 1: R
Head 2: R
Head 3: O
Captures: 0
Releases: 3
Turnouts: 0
Voltage: 12.2
RSSI: -113
LED Errors: 0
Version: 3
Revision: 4

2025-09-13 21:01:18.491699
Sender: 15
Head 0: A
Head 1: R
Head 2: R
Head 3: O
Captures: 0
Releases: 3
Turnouts: 0
Voltage: 12.2
RSSI: -113
LED Errors: 0
Version: 3
Revision: 4

2025-09-13 21:01:20.052833
Sender: 2
Head 0: G
Head 1: O
Head 2: O
Head 3: O
Captures: 0
Releases: 0
Turnouts: 0
Voltage: 12.1
RSSI: -108
LED Errors: 8192
Version: 3
Revision: 3

2025-09-13 21:01:22.515662
Sender: 5
Head 0: G
Head 1: O
Head 2: O
Head 3: O
Captures: 0
Releases: 0
Turnouts: 0
Voltage: 12.1
RSSI: 0
LED Errors: 0
Version: 3
Revision: 1

2025-09-13 21:01:24.502202
Sender: 15
Head 0: A
Head 1: R
Head 2: R
Head 3: O
Captures: 0
Releases: 3
Turnouts: 0
Voltage: 12.2
RSSI: -113
LED Errors: 0
Version: 3
Revision: 4

2025-09-13 21:01:25.512117
Sender: 15
Head 0: A
Head 1: R
Head 2: R
Head 3: O
Captures: 0
Releases: 3
Turnouts: 0
Voltage: 12.2
RSSI: -113
LED Errors: 0
Version: 3
Revision: 4

2025-09-13 21:01:26.520125
Sender: 15
Head 0: A
Head 1: R
Head 2: R
Head 3: O
Captures: 0
Releases: 3
Turnouts: 0
Voltage: 12.2
RSSI: -113
LED Errors: 0
Version: 3
Revision: 4

2025-09-13 21:01:28.572356
Sender: 5
Head 0: G
Head 1: O
Head 2: O
Head 3: O
Captures: 0
Releases: 0
Turnouts: 0
Voltage: 12.1
RSSI: 0
LED Errors: 0
Version: 3
Revision: 1

2025-09-13 21:01:32.528932
Sender: 15
Head 0: A
Head 1: R
Head 2: R
Head 3: O
Captures: 0
Releases: 3
Turnouts: 0
Voltage: 12.2
RSSI: -113
LED Errors: 0
Version: 3
Revision: 4

2025-09-13 21:01:33.712122
Sender: 5
Head 0: G
Head 1: O
Head 2: O
Head 3: O
Captures: 0
Releases: 0
Turnouts: 0
Voltage: 12.1
RSSI: 0
LED Errors: 0
Version: 3
Revision: 1

2025-09-13 21:01:38.537080
Sender: 15
Head 0: A
Head 1: R
Head 2: R
Head 3: O
Captures: 0
Releases: 3
Turnouts: 0
Voltage: 12.2
RSSI: -113
LED Errors: 0
Version: 3
Revision: 4

2025-09-13 21:01:39.248065
Sender: 5
Head 0: G
Head 1: O
Head 2: O
Head 3: O
Captures: 0
Releases: 0
Turnouts: 0
Voltage: 12.1
RSSI: 0
LED Errors: 0
Version: 3
Revision: 1

2025-09-13 21:01:44.547012
Sender: 15
Head 0: A
Head 1: R
Head 2: R
Head 3: O
Captures: 0
Releases: 3
Turnouts: 0
Voltage: 12.2
RSSI: -113
LED Errors: 0
Version: 3
Revision: 4

2025-09-13 21:01:51.036815
Sender: 5
Head 0: G
Head 1: O
Head 2: O
Head 3: O
Captures: 0
Releases: 0
Turnouts: 0
Voltage: 12.1
RSSI: 0
LED Errors: 0
Version: 3
Revision: 1

2025-09-13 21:01:51.305092
Sender: 15
Head 0: A
Head 1: R
Head 2: R
Head 3: O
Captures: 0
Releases: 3
Turnouts: 0
Voltage: 12.2
RSSI: -113
LED Errors: 0
Version: 3
Revision: 4

2025-09-13 21:01:56.047689
Sender: 5
Head 0: G
Head 1: O
Head 2: O
Head 3: O
Captures: 0
Releases: 0
Turnouts: 0
Voltage: 12.1
RSSI: 0
LED Errors: 0
Version: 3
Revision: 1

2025-09-13 21:01:57.341828
Sender: 15
Head 0: A
Head 1: R
Head 2: R
Head 3: O
Captures: 0
Releases: 3
Turnouts: 0
Voltage: 12.2
RSSI: -113
LED Errors: 0
Version: 3
Revision: 4

2025-09-13 21:01:58.323922
Sender: 15
Head 0: A
Head 1: R
Head 2: R
Head 3: O
Captures: 0
Releases: 3
Turnouts: 0
Voltage: 12.2
RSSI: -113
LED Errors: 0
Version: 3
Revision: 4

2025-09-13 21:01:59.833223
Sender: 15
Head 0: A
Head 1: R
Head 2: R
Head 3: O
Captures: 0
Releases: 3
Turnouts: 0
Voltage: 12.2
RSSI: -113
LED Errors: 0
Version: 3
Revision: 4

2025-09-13 21:02:00.842642
Sender: 15
Head 0: A
Head 1: R
Head 2: R
Head 3: O
Captures: 0
Releases: 3
Turnouts: 0
Voltage: 12.2
RSSI: -113
LED Errors: 0
Version: 3
Revision: 4

2025-09-13 21:02:01.667588
Sender: 5
Head 0: G
Head 1: O
Head 2: O
Head 3: O
Captures: 0
Releases: 0
Turnouts: 0
Voltage: 12.1
RSSI: 0
LED Errors: 0
Version: 3
Revision: 1

2025-09-13 21:02:01.910645
Sender: 15
Head 0: A
Head 1: R
Head 2: R
Head 3: O
Captures: 0
Releases: 3
Turnouts: 0
Voltage: 12.2
RSSI: -113
LED Errors: 0
Version: 3
Revision: 4

2025-09-13 21:02:02.860186
Sender: 15
Head 0: A
Head 1: R
Head 2: R
Head 3: O
Captures: 0
Releases: 3
Turnouts: 0
Voltage: 12.2
RSSI: -113
LED Errors: 0
Version: 3
Revision: 4

2025-09-13 21:02:03.869367
Sender: 15
Head 0: A
Head 1: R
Head 2: R
Head 3: O
Captures: 0
Releases: 3
Turnouts: 0
Voltage: 12.2
RSSI: -113
LED Errors: 0
Version: 3
Revision: 4

2025-09-13 21:02:07.292923
Sender: 5
Head 0: G
Head 1: O
Head 2: O
Head 3: O
Captures: 0
Releases: 0
Turnouts: 0
Voltage: 12.1
RSSI: 0
LED Errors: 0
Version: 3
Revision: 1

2025-09-13 21:02:10.387358
Sender: 15
Head 0: A
Head 1: R
Head 2: R
Head 3: O
Captures: 0
Releases: 3
Turnouts: 0
Voltage: 12.2
RSSI: -113
LED Errors: 0
Version: 3
Revision: 4

2025-09-13 21:02:11.905606
Sender: 15
Head 0: A
Head 1: R
Head 2: R
Head 3: O
Captures: 0
Releases: 3
Turnouts: 0
Voltage: 12.2
RSSI: -113
LED Errors: 0
Version: 3
Revision: 4

2025-09-13 21:02:17.914400
Sender: 15
Head 0: A
Head 1: R
Head 2: R
Head 3: O
Captures: 0
Releases: 3
Turnouts: 0
Voltage: 12.2
RSSI: -113
LED Errors: 0
Version: 3
Revision: 4

2025-09-13 21:02:23.922969
Sender: 15
Head 0: A
Head 1: R
Head 2: R
Head 3: O
Captures: 0
Releases: 3
Turnouts: 0
Voltage: 12.2
RSSI: -113
LED Errors: 0
Version: 3
Revision: 4

2025-09-13 21:02:29.931928
Sender: 15
Head 0: A
Head 1: R
Head 2: R
Head 3: O
Captures: 0
Releases: 3
Turnouts: 0
Voltage: 12.2
RSSI: -113
LED Errors: 0
Version: 3
Revision: 4

2025-09-13 21:02:32.890532
Sender: 13
Head 0: G
Head 1: G
Head 2: O
Head 3: O
Captures: 0
Releases: 2
Turnouts: 0
Voltage: 13.5
RSSI: -105
LED Errors: 0
Version: 3
Revision: 4

2025-09-13 21:02:34.400908
Sender: 13
Head 0: G
Head 1: G
Head 2: O
Head 3: O
Captures: 0
Releases: 0
Turnouts: 0
Voltage: 13.5
RSSI: -105
LED Errors: 0
Version: 3
Revision: 4

2025-09-13 21:02:35.941211
Sender: 15
Head 0: A
Head 1: G
Head 2: G
Head 3: O
Captures: 0
Releases: 3
Turnouts: 0
Voltage: 12.2
RSSI: -113
LED Errors: 0
Version: 3
Revision: 4

2025-09-13 21:02:36.950139
Sender: 15
Head 0: A
Head 1: G
Head 2: G
Head 3: O
Captures: 0
Releases: 3
Turnouts: 0
Voltage: 12.2
RSSI: -113
LED Errors: 0
Version: 3
Revision: 4

2025-09-13 21:02:37.476489
Sender: 1
Head 0: G
Head 1: O
Head 2: O
Head 3: O
Captures: 0
Releases: 0
Turnouts: 0
Voltage: 13.0
RSSI: -107
LED Errors: 8704
Version: 3
Revision: 3

2025-09-13 21:02:43.067115
Sender: 15
Head 0: G
Head 1: G
Head 2: G
Head 3: O
Captures: 0
Releases: 3
Turnouts: 0
Voltage: 12.2
RSSI: -113
LED Errors: 0
Version: 3
Revision: 4

2025-09-13 21:02:45.408163
Sender: 17
Head 0: G
Head 1: G
Head 2: O
Head 3: O
Captures: 0
Releases: 0
Turnouts: 0
Voltage: 12.1
RSSI: -109
LED Errors: 8708
Version: 3
Revision: 3

2025-09-13 21:02:46.013699
Sender: 21
Head 0: G
Head 1: O
Head 2: O
Head 3: O
Captures: 0
Releases: 0
Turnouts: 0
Voltage: 12.2
RSSI: -104
LED Errors: 0
Version: 3
Revision: 3

2025-09-13 21:02:49.037049
Sender: 15
Head 0: G
Head 1: G
Head 2: G
Head 3: O
Captures: 0
Releases: 3
Turnouts: 0
Voltage: 12.2
RSSI: -113
LED Errors: 0
Version: 3
Revision: 4

2025-09-13 21:02:50.864696
Sender: 19
Head 0: G
Head 1: O
Head 2: O
Head 3: O
Captures: 0
Releases: 0
Turnouts: 0
Voltage: 12.1
RSSI: -95
LED Errors: 0
Version: 3
Revision: 0

2025-09-13 21:02:52.708191
Sender: 19
Head 0: G
Head 1: O
Head 2: O
Head 3: O
Captures: 0
Releases: 0
Turnouts: 0
Voltage: 12.1
RSSI: -95
LED Errors: 0
Version: 3
Revision: 0

2025-09-13 21:02:55.044867
Sender: 15
Head 0: G
Head 1: G
Head 2: G
Head 3: O
Captures: 0
Releases: 3
Turnouts: 0
Voltage: 12.2
RSSI: -113
LED Errors: 0
Version: 3
Revision: 4

2025-09-13 21:02:56.055014
Sender: 15
Head 0: G
Head 1: G
Head 2: G
Head 3: O
Captures: 0
Releases: 3
Turnouts: 0
Voltage: 12.2
RSSI: -113
LED Errors: 0
Version: 3
Revision: 4

2025-09-13 21:03:02.573197
Sender: 15
Head 0: G
Head 1: G
Head 2: G
Head 3: O
Captures: 0
Releases: 3
Turnouts: 0
Voltage: 12.2
RSSI: -113
LED Errors: 0
Version: 3
Revision: 4

2025-09-13 21:03:08.581898
Sender: 15
Head 0: G
Head 1: G
Head 2: G
Head 3: O
Captures: 0
Releases: 3
Turnouts: 0
Voltage: 12.2
RSSI: -113
LED Errors: 0
Version: 3
Revision: 4

2025-09-13 21:03:14.590891
Sender: 15
Head 0: G
Head 1: G
Head 2: G
Head 3: O
Captures: 0
Releases: 3
Turnouts: 0
Voltage: 12.2
RSSI: -113
LED Errors: 0
Version: 3
Revision: 4

2025-09-13 21:03:20.600365
Sender: 15
Head 0: G
Head 1: G
Head 2: G
Head 3: O
Captures: 0
Releases: 3
Turnouts: 0
Voltage: 12.2
RSSI: -113
LED Errors: 0
Version: 3
Revision: 4

2025-09-13 21:03:26.609013
Sender: 15
Head 0: G
Head 1: G
Head 2: G
Head 3: O
Captures: 0
Releases: 3
Turnouts: 0
Voltage: 12.2
RSSI: -113
LED Errors: 0
Version: 3
Revision: 4

2025-09-13 21:03:45.644161
Sender: 15
Head 0: G
Head 1: G
Head 2: G
Head 3: O
Captures: 0
Releases: 3
Turnouts: 0
Voltage: 12.2
RSSI: -113
LED Errors: 0
Version: 3
Revision: 4

2025-09-13 21:03:51.653888
Sender: 15
Head 0: G
Head 1: G
Head 2: G
Head 3: O
Captures: 0
Releases: 3
Turnouts: 0
Voltage: 12.2
RSSI: -113
LED Errors: 0
Version: 3
Revision: 4

2025-09-13 21:03:57.663065
Sender: 15
Head 0: G
Head 1: G
Head 2: G
Head 3: O
Captures: 0
Releases: 3
Turnouts: 0
Voltage: 12.2
RSSI: -113
LED Errors: 0
Version: 3
Revision: 4

2025-09-13 21:04:01.088797
Sender: 18
Head 0: G
Head 1: O
Head 2: O
Head 3: O
Captures: 0
Releases: 0
Turnouts: 0
Voltage: 12.0
RSSI: -108
LED Errors: 0
Version: 3
Revision: 1

2025-09-13 21:04:03.671528
Sender: 15
Head 0: G
Head 1: G
Head 2: G
Head 3: O
Captures: 0
Releases: 3
Turnouts: 0
Voltage: 12.2
RSSI: -113
LED Errors: 0
Version: 3
Revision: 4

2025-09-13 21:04:10.189855
Sender: 15
Head 0: G
Head 1: G
Head 2: G
Head 3: O
Captures: 0
Releases: 3
Turnouts: 0
Voltage: 12.2
RSSI: -113
LED Errors: 0
Version: 3
Revision: 4

2025-09-13 21:04:16.198602
Sender: 15
Head 0: G
Head 1: G
Head 2: G
Head 3: O
Captures: 0
Releases: 3
Turnouts: 0
Voltage: 12.2
RSSI: -113
LED Errors: 0
Version: 3
Revision: 4

2025-09-13 21:04:17.207368
Sender: 15
Head 0: G
Head 1: G
Head 2: G
Head 3: O
Captures: 0
Releases: 3
Turnouts: 0
Voltage: 12.2
RSSI: -113
LED Errors: 0
Version: 3
Revision: 4

2025-09-13 21:04:23.216489
Sender: 15
Head 0: G
Head 1: G
Head 2: G
Head 3: O
Captures: 0
Releases: 3
Turnouts: 0
Voltage: 12.2
RSSI: -113
LED Errors: 0
Version: 3
Revision: 4

2025-09-13 21:04:29.226827
Sender: 15
Head 0: G
Head 1: G
Head 2: G
Head 3: O
Captures: 0
Releases: 3
Turnouts: 0
Voltage: 12.2
RSSI: -113
LED Errors: 0
Version: 3
Revision: 4

2025-09-13 21:04:30.234414
Sender: 15
Head 0: G
Head 1: G
Head 2: G
Head 3: O
Captures: 0
Releases: 3
Turnouts: 0
Voltage: 12.2
RSSI: -113
LED Errors: 0
Version: 3
Revision: 4

2025-09-13 21:04:31.243631
Sender: 15
Head 0: G
Head 1: G
Head 2: G
Head 3: O
Captures: 0
Releases: 3
Turnouts: 0
Voltage: 12.2
RSSI: -113
LED Errors: 0
Version: 3
Revision: 4

2025-09-13 21:04:32.251859
Sender: 15
Head 0: G
Head 1: G
Head 2: G
Head 3: O
Captures: 0
Releases: 3
Turnouts: 0
Voltage: 12.2
RSSI: -113
LED Errors: 0
Version: 3
Revision: 4

2025-09-13 21:04:33.260703
Sender: 15
Head 0: G
Head 1: G
Head 2: G
Head 3: O
Captures: 0
Releases: 3
Turnouts: 0
Voltage: 12.2
RSSI: -113
LED Errors: 0
Version: 3
Revision: 4

2025-09-13 21:04:39.270325
Sender: 15
Head 0: G
Head 1: G
Head 2: G
Head 3: O
Captures: 0
Releases: 3
Turnouts: 0
Voltage: 12.2
RSSI: -113
LED Errors: 0
Version: 3
Revision: 4

2025-09-13 21:04:45.280043
Sender: 15
Head 0: G
Head 1: G
Head 2: G
Head 3: O
Captures: 0
Releases: 3
Turnouts: 0
Voltage: 12.2
RSSI: -113
LED Errors: 0
Version: 3
Revision: 4

2025-09-13 21:04:51.103117
Sender: 17
Head 0: G
Head 1: G
Head 2: O
Head 3: O
Captures: 0
Releases: 0
Turnouts: 0
Voltage: 12.1
RSSI: -109
LED Errors: 8708
Version: 3
Revision: 3

2025-09-13 21:04:51.326019
Sender: 15
Head 0: G
Head 1: G
Head 2: G
Head 3: O
Captures: 0
Releases: 3
Turnouts: 0
Voltage: 12.2
RSSI: -113
LED Errors: 0
Version: 3
Revision: 4

2025-09-13 21:04:56.339650
Sender: 14
Head 0: G
Head 1: O
Head 2: O
Head 3: O
Captures: 0
Releases: 0
Turnouts: 0
Voltage: 12.3
RSSI: -86
LED Errors: 0
Version: 3
Revision: 3

2025-09-13 21:04:57.297472
Sender: 15
Head 0: G
Head 1: G
Head 2: G
Head 3: O
Captures: 0
Releases: 3
Turnouts: 0
Voltage: 12.2
RSSI: -113
LED Errors: 0
Version: 3
Revision: 4

2025-09-13 21:05:03.305908
Sender: 15
Head 0: G
Head 1: G
Head 2: G
Head 3: O
Captures: 0
Releases: 3
Turnouts: 0
Voltage: 12.2
RSSI: -113
LED Errors: 0
Version: 3
Revision: 4

2025-09-13 21:05:09.315070
Sender: 15
Head 0: G
Head 1: G
Head 2: G
Head 3: O
Captures: 0
Releases: 3
Turnouts: 0
Voltage: 12.2
RSSI: -113
LED Errors: 0
Version: 3
Revision: 4

2025-09-13 21:05:10.324986
Sender: 15
Head 0: G
Head 1: G
Head 2: G
Head 3: O
Captures: 0
Releases: 3
Turnouts: 0
Voltage: 12.2
RSSI: -113
LED Errors: 0
Version: 3
Revision: 4

2025-09-13 21:05:11.332904
Sender: 15
Head 0: G
Head 1: G
Head 2: G
Head 3: O
Captures: 0
Releases: 3
Turnouts: 0
Voltage: 12.2
RSSI: -113
LED Errors: 0
Version: 3
Revision: 4

2025-09-13 21:05:17.342450
Sender: 15
Head 0: G
Head 1: G
Head 2: G
Head 3: O
Captures: 0
Releases: 3
Turnouts: 0
Voltage: 12.2
RSSI: -113
LED Errors: 0
Version: 3
Revision: 4

2025-09-13 21:05:23.352187
Sender: 15
Head 0: G
Head 1: G
Head 2: G
Head 3: O
Captures: 0
Releases: 3
Turnouts: 0
Voltage: 12.2
RSSI: -113
LED Errors: 0
Version: 3
Revision: 4

2025-09-13 21:05:24.359832
Sender: 15
Head 0: G
Head 1: G
Head 2: G
Head 3: O
Captures: 0
Releases: 3
Turnouts: 0
Voltage: 12.2
RSSI: -113
LED Errors: 0
Version: 3
Revision: 4

2025-09-13 21:05:24.869541
Sender: 15
Head 0: G
Head 1: G
Head 2: G
Head 3: O
Captures: 0
Releases: 3
Turnouts: 0
Voltage: 12.2
RSSI: -113
LED Errors: 0
Version: 3
Revision: 4

2025-09-13 21:05:25.877319
Sender: 15
Head 0: G
Head 1: G
Head 2: G
Head 3: O
Captures: 0
Releases: 3
Turnouts: 0
Voltage: 12.2
RSSI: -113
LED Errors: 0
Version: 3
Revision: 4

2025-09-13 21:05:31.887741
Sender: 15
Head 0: G
Head 1: G
Head 2: G
Head 3: O
Captures: 0
Releases: 3
Turnouts: 0
Voltage: 12.2
RSSI: -113
LED Errors: 0
Version: 3
Revision: 4

2025-09-13 21:05:32.896186
Sender: 15
Head 0: G
Head 1: G
Head 2: G
Head 3: O
Captures: 0
Releases: 3
Turnouts: 0
Voltage: 12.2
RSSI: -113
LED Errors: 0
Version: 3
Revision: 4

2025-09-13 21:05:33.905838
Sender: 15
Head 0: G
Head 1: G
Head 2: G
Head 3: O
Captures: 0
Releases: 3
Turnouts: 0
Voltage: 12.2
RSSI: -113
LED Errors: 0
Version: 3
Revision: 4

2025-09-13 21:05:34.915235
Sender: 15
Head 0: G
Head 1: G
Head 2: G
Head 3: O
Captures: 0
Releases: 3
Turnouts: 0
Voltage: 12.2
RSSI: -113
LED Errors: 0
Version: 3
Revision: 4

2025-09-13 21:05:35.923674
Sender: 15
Head 0: G
Head 1: G
Head 2: G
Head 3: O
Captures: 0
Releases: 3
Turnouts: 0
Voltage: 12.2
RSSI: -113
LED Errors: 0
Version: 3
Revision: 4

2025-09-13 21:05:37.941544
Sender: 15
Head 0: G
Head 1: G
Head 2: G
Head 3: O
Captures: 0
Releases: 3
Turnouts: 0
Voltage: 12.2
RSSI: -113
LED Errors: 0
Version: 3
Revision: 4

2025-09-13 21:05:43.950743
Sender: 15
Head 0: G
Head 1: G
Head 2: G
Head 3: O
Captures: 0
Releases: 3
Turnouts: 0
Voltage: 12.2
RSSI: -113
LED Errors: 0
Version: 3
Revision: 4

2025-09-13 21:05:44.959993
Sender: 15
Head 0: G
Head 1: G
Head 2: G
Head 3: O
Captures: 0
Releases: 3
Turnouts: 0
Voltage: 12.2
RSSI: -113
LED Errors: 0
Version: 3
Revision: 4

2025-09-13 21:05:50.968691
Sender: 15
Head 0: G
Head 1: G
Head 2: G
Head 3: O
Captures: 0
Releases: 3
Turnouts: 0
Voltage: 12.2
RSSI: -113
LED Errors: 0
Version: 3
Revision: 4

2025-09-13 21:05:51.977649
Sender: 15
Head 0: G
Head 1: G
Head 2: G
Head 3: O
Captures: 0
Releases: 3
Turnouts: 0
Voltage: 12.2
RSSI: -113
LED Errors: 0
Version: 3
Revision: 4

2025-09-13 21:05:57.986425
Sender: 15
Head 0: G
Head 1: G
Head 2: G
Head 3: O
Captures: 0
Releases: 3
Turnouts: 0
Voltage: 12.2
RSSI: -113
LED Errors: 0
Version: 3
Revision: 4

2025-09-13 21:06:03.995435
Sender: 15
Head 0: G
Head 1: G
Head 2: G
Head 3: O
Captures: 0
Releases: 3
Turnouts: 0
Voltage: 12.2
RSSI: -113
LED Errors: 0
Version: 3
Revision: 4

2025-09-13 21:06:10.004345
Sender: 15
Head 0: G
Head 1: G
Head 2: G
Head 3: O
Captures: 0
Releases: 3
Turnouts: 0
Voltage: 12.2
RSSI: -113
LED Errors: 0
Version: 3
Revision: 4

2025-09-13 21:06:16.013573
Sender: 15
Head 0: G
Head 1: G
Head 2: G
Head 3: O
Captures: 0
Releases: 3
Turnouts: 0
Voltage: 12.2
RSSI: -113
LED Errors: 0
Version: 3
Revision: 4

2025-09-13 21:06:17.022680
Sender: 15
Head 0: G
Head 1: G
Head 2: G
Head 3: O
Captures: 0
Releases: 3
Turnouts: 0
Voltage: 12.2
RSSI: -113
LED Errors: 0
Version: 3
Revision: 4

2025-09-13 21:06:17.531457
Sender: 15
Head 0: G
Head 1: G
Head 2: G
Head 3: O
Captures: 0
Releases: 3
Turnouts: 0
Voltage: 12.2
RSSI: -113
LED Errors: 0
Version: 3
Revision: 4

2025-09-13 21:06:23.540361
Sender: 15
Head 0: G
Head 1: G
Head 2: G
Head 3: O
Captures: 0
Releases: 3
Turnouts: 0
Voltage: 12.2
RSSI: -113
LED Errors: 0
Version: 3
Revision: 4

2025-09-13 21:06:29.549424
Sender: 15
Head 0: G
Head 1: G
Head 2: G
Head 3: O
Captures: 0
Releases: 3
Turnouts: 0
Voltage: 12.2
RSSI: -113
LED Errors: 0
Version: 3
Revision: 4

2025-09-13 21:06:35.558244
Sender: 15
Head 0: G
Head 1: G
Head 2: G
Head 3: O
Captures: 0
Releases: 3
Turnouts: 0
Voltage: 12.2
RSSI: -113
LED Errors: 0
Version: 3
Revision: 4

2025-09-13 21:06:41.570889
Sender: 15
Head 0: G
Head 1: G
Head 2: G
Head 3: O
Captures: 0
Releases: 3
Turnouts: 0
Voltage: 12.2
RSSI: -113
LED Errors: 0
Version: 3
Revision: 4

2025-09-13 21:06:42.576541
Sender: 15
Head 0: G
Head 1: G
Head 2: G
Head 3: O
Captures: 0
Releases: 3
Turnouts: 0
Voltage: 12.2
RSSI: -113
LED Errors: 0
Version: 3
Revision: 4

2025-09-13 21:06:48.587775
Sender: 15
Head 0: G
Head 1: G
Head 2: G
Head 3: O
Captures: 0
Releases: 3
Turnouts: 0
Voltage: 12.2
RSSI: -113
LED Errors: 0
Version: 3
Revision: 4

2025-09-13 21:06:54.594384
Sender: 15
Head 0: G
Head 1: G
Head 2: G
Head 3: O
Captures: 0
Releases: 3
Turnouts: 0
Voltage: 12.2
RSSI: -113
LED Errors: 0
Version: 3
Revision: 4

2025-09-13 21:07:00.603528
Sender: 15
Head 0: G
Head 1: G
Head 2: G
Head 3: O
Captures: 0
Releases: 3
Turnouts: 0
Voltage: 12.2
RSSI: -113
LED Errors: 0
Version: 3
Revision: 4

2025-09-13 21:07:01.612498
Sender: 15
Head 0: G
Head 1: G
Head 2: G
Head 3: O
Captures: 0
Releases: 3
Turnouts: 0
Voltage: 12.2
RSSI: -113
LED Errors: 0
Version: 3
Revision: 4

2025-09-13 21:07:07.620262
Sender: 15
Head 0: G
Head 1: G
Head 2: G
Head 3: O
Captures: 0
Releases: 3
Turnouts: 0
Voltage: 12.2
RSSI: -113
LED Errors: 0
Version: 3
Revision: 4

2025-09-13 21:07:13.630148
Sender: 15
Head 0: G
Head 1: G
Head 2: G
Head 3: O
Captures: 0
Releases: 3
Turnouts: 0
Voltage: 12.2
RSSI: -113
LED Errors: 0
Version: 3
Revision: 4

2025-09-13 21:07:19.639165
Sender: 15
Head 0: G
Head 1: G
Head 2: G
Head 3: O
Captures: 0
Releases: 3
Turnouts: 0
Voltage: 12.2
RSSI: -113
LED Errors: 0
Version: 3
Revision: 4

2025-09-13 21:07:21.667246
Sender: 2
Head 0: G
Head 1: O
Head 2: O
Head 3: O
Captures: 0
Releases: 0
Turnouts: 0
Voltage: 12.1
RSSI: -108
LED Errors: 8192
Version: 3
Revision: 3

2025-09-13 21:07:25.648314
Sender: 15
Head 0: G
Head 1: G
Head 2: G
Head 3: O
Captures: 0
Releases: 3
Turnouts: 0
Voltage: 12.2
RSSI: -113
LED Errors: 0
Version: 3
Revision: 4

2025-09-13 21:07:31.657338
Sender: 15
Head 0: G
Head 1: G
Head 2: G
Head 3: O
Captures: 0
Releases: 3
Turnouts: 0
Voltage: 12.2
RSSI: -113
LED Errors: 0
Version: 3
Revision: 4

2025-09-13 21:07:37.666361
Sender: 15
Head 0: G
Head 1: G
Head 2: G
Head 3: O
Captures: 0
Releases: 3
Turnouts: 0
Voltage: 12.2
RSSI: -113
LED Errors: 0
Version: 3
Revision: 4

2025-09-13 21:07:38.675266
Sender: 15
Head 0: G
Head 1: G
Head 2: G
Head 3: O
Captures: 0
Releases: 3
Turnouts: 0
Voltage: 12.2
RSSI: -113
LED Errors: 0
Version: 3
Revision: 4

2025-09-13 21:07:44.684585
Sender: 15
Head 0: G
Head 1: G
Head 2: G
Head 3: O
Captures: 0
Releases: 3
Turnouts: 0
Voltage: 12.2
RSSI: -113
LED Errors: 0
Version: 3
Revision: 4

2025-09-13 21:07:50.693887
Sender: 15
Head 0: G
Head 1: G
Head 2: G
Head 3: O
Captures: 0
Releases: 3
Turnouts: 0
Voltage: 12.2
RSSI: -113
LED Errors: 0
Version: 3
Revision: 4

2025-09-13 21:07:56.955545
Sender: 1
Head 0: O
Head 1: O
Head 2: O
Head 3: O
Captures: 0
Releases: 0
Turnouts: 0
Voltage: 13.0
RSSI: -107
LED Errors: 0
Version: 3
Revision: 3

2025-09-13 21:07:57.224989
Sender: 15
Head 0: G
Head 1: G
Head 2: G
Head 3: O
Captures: 0
Releases: 3
Turnouts: 0
Voltage: 12.2
RSSI: -113
LED Errors: 0
Version: 3
Revision: 4

2025-09-13 21:07:57.525608
Sender: 2
Head 0: O
Head 1: O
Head 2: O
Head 3: O
Captures: 0
Releases: 0
Turnouts: 0
Voltage: 12.1
RSSI: -108
LED Errors: 0
Version: 3
Revision: 3

2025-09-13 21:08:08.264477
Sender: 5
Head 0: G
Head 1: O
Head 2: O
Head 3: O
Captures: 0
Releases: 0
Turnouts: 0
Voltage: 12.1
RSSI: 0
LED Errors: 0
Version: 3
Revision: 1

2025-09-13 21:08:10.238256
Sender: 15
Head 0: G
Head 1: G
Head 2: G
Head 3: O
Captures: 0
Releases: 3
Turnouts: 0
Voltage: 12.2
RSSI: -113
LED Errors: 0
Version: 3
Revision: 4

2025-09-13 21:08:13.901646
Sender: 5
Head 0: G
Head 1: O
Head 2: O
Head 3: O
Captures: 0
Releases: 0
Turnouts: 0
Voltage: 12.1
RSSI: 0
LED Errors: 0
Version: 3
Revision: 1

2025-09-13 21:08:16.247574
Sender: 15
Head 0: G
Head 1: G
Head 2: G
Head 3: O
Captures: 0
Releases: 3
Turnouts: 0
Voltage: 12.2
RSSI: -113
LED Errors: 0
Version: 3
Revision: 4

2025-09-13 21:08:22.266044
Sender: 15
Head 0: G
Head 1: G
Head 2: G
Head 3: O
Captures: 0
Releases: 3
Turnouts: 0
Voltage: 12.2
RSSI: -113
LED Errors: 0
Version: 3
Revision: 4

2025-09-13 21:09:29.375208
Sender: 1
Head 0: G
Head 1: O
Head 2: O
Head 3: O
Captures: 0
Releases: 0
Turnouts: 0
Voltage: 13.0
RSSI: -107
LED Errors: 8704
Version: 3
Revision: 3

2025-09-13 21:09:30.236052
Sender: 2
Head 0: G
Head 1: O
Head 2: O
Head 3: O
Captures: 0
Releases: 0
Turnouts: 0
Voltage: 12.1
RSSI: -108
LED Errors: 8192
Version: 3
Revision: 3

2025-09-13 21:09:30.452718
Sender: 15
Head 0: G
Head 1: G
Head 2: G
Head 3: O
Captures: 0
Releases: 3
Turnouts: 0
Voltage: 12.2
RSSI: -113
LED Errors: 0
Version: 3
Revision: 4

2025-09-13 21:09:30.951173
Sender: 5
Head 0: A
Head 1: O
Head 2: O
Head 3: O
Captures: 0
Releases: 0
Turnouts: 0
Voltage: 12.1
RSSI: 0
LED Errors: 0
Version: 3
Revision: 1

2025-09-13 21:09:32.995505
Sender: 13
Head 0: G
Head 1: G
Head 2: O
Head 3: O
Captures: 0
Releases: 0
Turnouts: 0
Voltage: 13.5
RSSI: -105
LED Errors: 0
Version: 3
Revision: 4

2025-09-13 21:09:33.382000
Sender: 14
Head 0: G
Head 1: O
Head 2: O
Head 3: O
Captures: 0
Releases: 0
Turnouts: 0
Voltage: 12.3
RSSI: -86
LED Errors: 0
Version: 3
Revision: 3

2025-09-13 21:09:33.765379
Sender: 15
Head 0: G
Head 1: G
Head 2: G
Head 3: O
Captures: 0
Releases: 3
Turnouts: 0
Voltage: 12.2
RSSI: -113
LED Errors: 0
Version: 3
Revision: 4

2025-09-13 21:09:34.253998
Sender: 17
Head 0: G
Head 1: G
Head 2: O
Head 3: O
Captures: 0
Releases: 0
Turnouts: 0
Voltage: 12.1
RSSI: -109
LED Errors: 8708
Version: 3
Revision: 3

2025-09-13 21:09:34.634970
Sender: 18
Head 0: G
Head 1: O
Head 2: O
Head 3: O
Captures: 0
Releases: 0
Turnouts: 0
Voltage: 12.0
RSSI: -108
LED Errors: 0
Version: 3
Revision: 1

2025-09-13 21:09:34.747364
Sender: 15
Head 0: G
Head 1: G
Head 2: G
Head 3: O
Captures: 0
Releases: 3
Turnouts: 0
Voltage: 12.2
RSSI: -113
LED Errors: 0
Version: 3
Revision: 4

2025-09-13 21:09:35.243333
Sender: 19
Head 0: G
Head 1: O
Head 2: O
Head 3: O
Captures: 0
Releases: 0
Turnouts: 0
Voltage: 12.1
RSSI: -95
LED Errors: 0
Version: 3
Revision: 0

2025-09-13 21:09:35.739753
Sender: 21
Head 0: G
Head 1: O
Head 2: O
Head 3: O
Captures: 0
Releases: 0
Turnouts: 0
Voltage: 12.2
RSSI: -104
LED Errors: 0
Version: 3
Revision: 3

2025-09-13 21:09:40.644907
Sender: 15
Head 0: G
Head 1: G
Head 2: G
Head 3: O
Captures: 0
Releases: 3
Turnouts: 0
Voltage: 12.2
RSSI: -113
LED Errors: 0
Version: 3
Revision: 4

2025-09-13 21:09:41.653643
Sender: 15
Head 0: G
Head 1: G
Head 2: G
Head 3: O
Captures: 0
Releases: 3
Turnouts: 0
Voltage: 12.2
RSSI: -113
LED Errors: 0
Version: 3
Revision: 4

2025-09-13 21:09:43.171732
Sender: 15
Head 0: G
Head 1: G
Head 2: G
Head 3: O
Captures: 0
Releases: 3
Turnouts: 0
Voltage: 12.2
RSSI: -113
LED Errors: 0
Version: 3
Revision: 4

2025-09-13 21:09:44.529912
Sender: 15
Head 0: G
Head 1: G
Head 2: G
Head 3: O
Captures: 0
Releases: 3
Turnouts: 0
Voltage: 12.2
RSSI: -113
LED Errors: 0
Version: 3
Revision: 4

2025-09-13 21:09:46.198289
Sender: 15
Head 0: G
Head 1: G
Head 2: G
Head 3: O
Captures: 0
Releases: 3
Turnouts: 0
Voltage: 12.2
RSSI: -113
LED Errors: 0
Version: 3
Revision: 4

2025-09-13 21:09:52.208340
Sender: 15
Head 0: G
Head 1: G
Head 2: G
Head 3: O
Captures: 0
Releases: 3
Turnouts: 0
Voltage: 12.2
RSSI: -113
LED Errors: 0
Version: 3
Revision: 4

2025-09-13 21:09:55.227101
Sender: 5
Head 0: A
Head 1: O
Head 2: O
Head 3: O
Captures: 0
Releases: 0
Turnouts: 0
Voltage: 12.1
RSSI: 0
LED Errors: 0
Version: 3
Revision: 1

2025-09-13 21:09:55.674744
Sender: 5
Head 0: O
Head 1: O
Head 2: O
Head 3: O
Captures: 0
Releases: 0
Turnouts: 0
Voltage: 12.1
RSSI: 0
LED Errors: 0
Version: 3
Revision: 1

2025-09-13 21:09:57.600934
Sender: 5
Head 0: G
Head 1: O
Head 2: O
Head 3: O
Captures: 0
Releases: 0
Turnouts: 0
Voltage: 12.1
RSSI: 0
LED Errors: 0
Version: 3
Revision: 1

2025-09-13 21:09:58.229838
Sender: 15
Head 0: G
Head 1: G
Head 2: G
Head 3: O
Captures: 0
Releases: 3
Turnouts: 0
Voltage: 12.2
RSSI: -113
LED Errors: 0
Version: 3
Revision: 4

2025-09-13 21:09:59.230378
Sender: 15
Head 0: G
Head 1: G
Head 2: G
Head 3: O
Captures: 0
Releases: 3
Turnouts: 0
Voltage: 12.2
RSSI: -113
LED Errors: 0
Version: 3
Revision: 4

2025-09-13 21:10:00.747033
Sender: 15
Head 0: G
Head 1: G
Head 2: G
Head 3: O
Captures: 0
Releases: 3
Turnouts: 0
Voltage: 12.2
RSSI: -113
LED Errors: 0
Version: 3
Revision: 4

2025-09-13 21:10:01.756399
Sender: 15
Head 0: G
Head 1: G
Head 2: G
Head 3: O
Captures: 0
Releases: 3
Turnouts: 0
Voltage: 12.2
RSSI: -113
LED Errors: 0
Version: 3
Revision: 4

2025-09-13 21:10:02.084259
Sender: 18
Head 0: G
Head 1: O
Head 2: O
Head 3: O
Captures: 0
Releases: 0
Turnouts: 0
Voltage: 12.0
RSSI: -108
LED Errors: 0
Version: 3
Revision: 1

2025-09-13 21:10:03.274299
Sender: 15
Head 0: G
Head 1: G
Head 2: G
Head 3: O
Captures: 0
Releases: 3
Turnouts: 0
Voltage: 12.2
RSSI: -113
LED Errors: 0
Version: 3
Revision: 4

2025-09-13 21:10:05.301598
Sender: 15
Head 0: G
Head 1: G
Head 2: G
Head 3: O
Captures: 0
Releases: 3
Turnouts: 0
Voltage: 12.2
RSSI: -113
LED Errors: 0
Version: 3
Revision: 4

2025-09-13 21:10:06.310094
Sender: 15
Head 0: G
Head 1: G
Head 2: G
Head 3: O
Captures: 0
Releases: 3
Turnouts: 0
Voltage: 12.2
RSSI: -113
LED Errors: 0
Version: 3
Revision: 4

2025-09-13 21:10:07.205931
Sender: 2
Head 0: A
Head 1: O
Head 2: O
Head 3: O
Captures: 0
Releases: 0
Turnouts: 0
Voltage: 12.1
RSSI: -108
LED Errors: 8192
Version: 3
Revision: 3

2025-09-13 21:10:07.828316
Sender: 15
Head 0: G
Head 1: G
Head 2: G
Head 3: O
Captures: 0
Releases: 3
Turnouts: 0
Voltage: 12.2
RSSI: -113
LED Errors: 0
Version: 3
Revision: 4

2025-09-13 21:10:13.837780
Sender: 15
Head 0: G
Head 1: G
Head 2: G
Head 3: O
Captures: 0
Releases: 3
Turnouts: 0
Voltage: 12.2
RSSI: -113
LED Errors: 0
Version: 3
Revision: 4

2025-09-13 21:10:14.848428
Sender: 15
Head 0: G
Head 1: G
Head 2: G
Head 3: O
Captures: 0
Releases: 3
Turnouts: 0
Voltage: 12.2
RSSI: -113
LED Errors: 0
Version: 3
Revision: 4

2025-09-13 21:10:15.635567
Sender: 1
Head 0: R
Head 1: O
Head 2: O
Head 3: O
Captures: 0
Releases: 0
Turnouts: 0
Voltage: 13.0
RSSI: -107
LED Errors: 8704
Version: 3
Revision: 3

2025-09-13 21:10:16.022575
Sender: 15
Head 0: G
Head 1: G
Head 2: G
Head 3: O
Captures: 0
Releases: 3
Turnouts: 0
Voltage: 12.2
RSSI: -113
LED Errors: 0
Version: 3
Revision: 4

2025-09-13 21:10:22.377182
Sender: 15
Head 0: G
Head 1: G
Head 2: G
Head 3: O
Captures: 0
Releases: 3
Turnouts: 0
Voltage: 12.2
RSSI: -113
LED Errors: 0
Version: 3
Revision: 4

2025-09-13 21:10:28.386297
Sender: 15
Head 0: G
Head 1: G
Head 2: G
Head 3: O
Captures: 0
Releases: 3
Turnouts: 0
Voltage: 12.2
RSSI: -113
LED Errors: 0
Version: 3
Revision: 4

2025-09-13 21:10:34.903882
Sender: 15
Head 0: G
Head 1: G
Head 2: G
Head 3: O
Captures: 0
Releases: 3
Turnouts: 0
Voltage: 12.2
RSSI: -113
LED Errors: 0
Version: 3
Revision: 4

2025-09-13 21:10:37.174454
Sender: 15
Head 0: G
Head 1: G
Head 2: G
Head 3: O
Captures: 0
Releases: 3
Turnouts: 0
Voltage: 12.2
RSSI: -113
LED Errors: 0
Version: 3
Revision: 4

2025-09-13 21:10:43.182111
Sender: 15
Head 0: G
Head 1: G
Head 2: G
Head 3: O
Captures: 0
Releases: 3
Turnouts: 0
Voltage: 12.2
RSSI: -113
LED Errors: 0
Version: 3
Revision: 4

2025-09-13 21:10:43.690078
Sender: 15
Head 0: G
Head 1: G
Head 2: G
Head 3: O
Captures: 0
Releases: 3
Turnouts: 0
Voltage: 12.2
RSSI: -113
LED Errors: 0
Version: 3
Revision: 4

2025-09-13 21:10:49.748845
Sender: 15
Head 0: G
Head 1: G
Head 2: G
Head 3: O
Captures: 0
Releases: 3
Turnouts: 0
Voltage: 12.2
RSSI: -113
LED Errors: 0
Version: 3
Revision: 4

2025-09-13 21:10:50.708712
Sender: 15
Head 0: G
Head 1: G
Head 2: G
Head 3: O
Captures: 0
Releases: 3
Turnouts: 0
Voltage: 12.2
RSSI: -113
LED Errors: 0
Version: 3
Revision: 4

2025-09-13 21:10:51.717634
Sender: 15
Head 0: G
Head 1: G
Head 2: G
Head 3: O
Captures: 0
Releases: 3
Turnouts: 0
Voltage: 12.2
RSSI: -113
LED Errors: 0
Version: 3
Revision: 4

2025-09-13 21:10:57.726802
Sender: 15
Head 0: G
Head 1: G
Head 2: G
Head 3: O
Captures: 0
Releases: 3
Turnouts: 0
Voltage: 12.2
RSSI: -113
LED Errors: 0
Version: 3
Revision: 4

2025-09-13 21:10:58.735499
Sender: 15
Head 0: G
Head 1: G
Head 2: G
Head 3: O
Captures: 0
Releases: 3
Turnouts: 0
Voltage: 12.2
RSSI: -113
LED Errors: 0
Version: 3
Revision: 4

2025-09-13 21:11:04.744514
Sender: 15
Head 0: G
Head 1: G
Head 2: G
Head 3: O
Captures: 0
Releases: 3
Turnouts: 0
Voltage: 12.2
RSSI: -113
LED Errors: 0
Version: 3
Revision: 4

2025-09-13 21:11:05.753609
Sender: 15
Head 0: G
Head 1: G
Head 2: G
Head 3: O
Captures: 0
Releases: 3
Turnouts: 0
Voltage: 12.2
RSSI: -113
LED Errors: 0
Version: 3
Revision: 4

2025-09-13 21:11:06.762527
Sender: 15
Head 0: G
Head 1: G
Head 2: G
Head 3: O
Captures: 0
Releases: 3
Turnouts: 0
Voltage: 12.2
RSSI: -113
LED Errors: 0
Version: 3
Revision: 4

2025-09-13 21:11:12.772229
Sender: 15
Head 0: G
Head 1: G
Head 2: G
Head 3: O
Captures: 0
Releases: 3
Turnouts: 0
Voltage: 12.2
RSSI: -113
LED Errors: 0
Version: 3
Revision: 4

2025-09-13 21:11:18.780549
Sender: 15
Head 0: G
Head 1: G
Head 2: G
Head 3: O
Captures: 0
Releases: 3
Turnouts: 0
Voltage: 12.2
RSSI: -113
LED Errors: 0
Version: 3
Revision: 4

2025-09-13 21:11:24.789609
Sender: 15
Head 0: G
Head 1: G
Head 2: G
Head 3: O
Captures: 0
Releases: 3
Turnouts: 0
Voltage: 12.2
RSSI: -113
LED Errors: 0
Version: 3
Revision: 4

2025-09-13 21:11:30.901629
Sender: 1
Head 0: G
Head 1: O
Head 2: O
Head 3: O
Captures: 0
Releases: 1
Turnouts: 0
Voltage: 13.0
RSSI: -107
LED Errors: 8704
Version: 3
Revision: 3

2025-09-13 21:11:31.117275
Sender: 15
Head 0: G
Head 1: G
Head 2: G
Head 3: O
Captures: 0
Releases: 3
Turnouts: 0
Voltage: 12.2
RSSI: -113
LED Errors: 0
Version: 3
Revision: 4

2025-09-13 21:11:31.910694
Sender: 1
Head 0: G
Head 1: O
Head 2: O
Head 3: O
Captures: 0
Releases: 0
Turnouts: 0
Voltage: 13.0
RSSI: -107
LED Errors: 8704
Version: 3
Revision: 3

2025-09-13 21:11:37.056248
Sender: 15
Head 0: G
Head 1: G
Head 2: G
Head 3: O
Captures: 0
Releases: 3
Turnouts: 0
Voltage: 12.2
RSSI: -113
LED Errors: 0
Version: 3
Revision: 4

2025-09-13 21:11:40.865611
Sender: 2
Head 0: G
Head 1: O
Head 2: O
Head 3: O
Captures: 0
Releases: 0
Turnouts: 0
Voltage: 12.1
RSSI: -108
LED Errors: 8192
Version: 3
Revision: 3

2025-09-13 21:11:43.066987
Sender: 15
Head 0: G
Head 1: G
Head 2: G
Head 3: O
Captures: 0
Releases: 3
Turnouts: 0
Voltage: 12.2
RSSI: -113
LED Errors: 0
Version: 3
Revision: 4

2025-09-13 21:11:49.075808
Sender: 15
Head 0: G
Head 1: G
Head 2: G
Head 3: O
Captures: 0
Releases: 3
Turnouts: 0
Voltage: 12.2
RSSI: -113
LED Errors: 0
Version: 3
Revision: 4

2025-09-13 21:11:50.084985
Sender: 15
Head 0: G
Head 1: G
Head 2: G
Head 3: O
Captures: 0
Releases: 3
Turnouts: 0
Voltage: 12.2
RSSI: -113
LED Errors: 0
Version: 3
Revision: 4

2025-09-13 21:11:51.093816
Sender: 15
Head 0: G
Head 1: G
Head 2: G
Head 3: O
Captures: 0
Releases: 3
Turnouts: 0
Voltage: 12.2
RSSI: -113
LED Errors: 0
Version: 3
Revision: 4

2025-09-13 21:11:52.101176
Sender: 15
Head 0: G
Head 1: G
Head 2: G
Head 3: O
Captures: 0
Releases: 3
Turnouts: 0
Voltage: 12.2
RSSI: -113
LED Errors: 0
Version: 3
Revision: 4

2025-09-13 21:11:53.111908
Sender: 15
Head 0: G
Head 1: G
Head 2: G
Head 3: O
Captures: 0
Releases: 3
Turnouts: 0
Voltage: 12.2
RSSI: -113
LED Errors: 0
Version: 3
Revision: 4

2025-09-13 21:11:56.601741
Sender: 19
Head 0: R
Head 1: O
Head 2: O
Head 3: O
Captures: 0
Releases: 0
Turnouts: 0
Voltage: 12.1
RSSI: -95
LED Errors: 0
Version: 3
Revision: 0

2025-09-13 21:11:56.820736
Sender: 17
Head 0: A
Head 1: G
Head 2: O
Head 3: O
Captures: 1
Releases: 0
Turnouts: 0
Voltage: 12.1
RSSI: -109
LED Errors: 8708
Version: 3
Revision: 3

2025-09-13 21:11:57.735109
Sender: 17
Head 0: A
Head 1: G
Head 2: O
Head 3: O
Captures: 0
Releases: 0
Turnouts: 0
Voltage: 12.1
RSSI: -109
LED Errors: 8708
Version: 3
Revision: 3

2025-09-13 21:11:59.120472
Sender: 15
Head 0: G
Head 1: G
Head 2: G
Head 3: O
Captures: 0
Releases: 3
Turnouts: 0
Voltage: 12.2
RSSI: -113
LED Errors: 0
Version: 3
Revision: 4

2025-09-13 21:12:05.129772
Sender: 15
Head 0: G
Head 1: G
Head 2: G
Head 3: O
Captures: 0
Releases: 3
Turnouts: 0
Voltage: 12.2
RSSI: -113
LED Errors: 0
Version: 3
Revision: 4

2025-09-13 21:12:11.138683
Sender: 15
Head 0: G
Head 1: G
Head 2: G
Head 3: O
Captures: 0
Releases: 3
Turnouts: 0
Voltage: 12.2
RSSI: -113
LED Errors: 0
Version: 3
Revision: 4

2025-09-13 21:12:12.147160
Sender: 15
Head 0: G
Head 1: G
Head 2: G
Head 3: O
Captures: 0
Releases: 3
Turnouts: 0
Voltage: 12.2
RSSI: -113
LED Errors: 0
Version: 3
Revision: 4

2025-09-13 21:12:13.156891
Sender: 15
Head 0: G
Head 1: G
Head 2: G
Head 3: O
Captures: 0
Releases: 3
Turnouts: 0
Voltage: 12.2
RSSI: -113
LED Errors: 0
Version: 3
Revision: 4

2025-09-13 21:12:19.725572
Sender: 15
Head 0: G
Head 1: G
Head 2: G
Head 3: O
Captures: 0
Releases: 3
Turnouts: 0
Voltage: 12.2
RSSI: -113
LED Errors: 0
Version: 3
Revision: 4

2025-09-13 21:12:20.683782
Sender: 15
Head 0: G
Head 1: G
Head 2: G
Head 3: O
Captures: 0
Releases: 3
Turnouts: 0
Voltage: 12.2
RSSI: -113
LED Errors: 0
Version: 3
Revision: 4

2025-09-13 21:12:27.701475
Sender: 15
Head 0: G
Head 1: G
Head 2: G
Head 3: O
Captures: 0
Releases: 3
Turnouts: 0
Voltage: 12.2
RSSI: -113
LED Errors: 0
Version: 3
Revision: 4

2025-09-13 21:12:28.709565
Sender: 15
Head 0: G
Head 1: G
Head 2: G
Head 3: O
Captures: 0
Releases: 3
Turnouts: 0
Voltage: 12.2
RSSI: -113
LED Errors: 0
Version: 3
Revision: 4

2025-09-13 21:12:29.719859
Sender: 15
Head 0: G
Head 1: G
Head 2: G
Head 3: O
Captures: 0
Releases: 3
Turnouts: 0
Voltage: 12.2
RSSI: -113
LED Errors: 0
Version: 3
Revision: 4

2025-09-13 21:12:30.728908
Sender: 15
Head 0: G
Head 1: G
Head 2: G
Head 3: O
Captures: 0
Releases: 3
Turnouts: 0
Voltage: 12.2
RSSI: -113
LED Errors: 0
Version: 3
Revision: 4

2025-09-13 21:12:36.737893
Sender: 15
Head 0: G
Head 1: G
Head 2: G
Head 3: O
Captures: 0
Releases: 3
Turnouts: 0
Voltage: 12.2
RSSI: -113
LED Errors: 0
Version: 3
Revision: 4

2025-09-13 21:12:42.746562
Sender: 15
Head 0: G
Head 1: G
Head 2: G
Head 3: O
Captures: 0
Releases: 3
Turnouts: 0
Voltage: 12.2
RSSI: -113
LED Errors: 0
Version: 3
Revision: 4

2025-09-13 21:12:49.773820
Sender: 15
Head 0: G
Head 1: G
Head 2: G
Head 3: O
Captures: 0
Releases: 3
Turnouts: 0
Voltage: 12.2
RSSI: -113
LED Errors: 0
Version: 3
Revision: 4

2025-09-13 21:12:54.423521
Sender: 19
Head 0: G
Head 1: O
Head 2: O
Head 3: O
Captures: 0
Releases: 0
Turnouts: 0
Voltage: 12.1
RSSI: -95
LED Errors: 0
Version: 3
Revision: 0

2025-09-13 21:12:55.782540
Sender: 15
Head 0: G
Head 1: G
Head 2: G
Head 3: O
Captures: 0
Releases: 3
Turnouts: 0
Voltage: 12.2
RSSI: -113
LED Errors: 0
Version: 3
Revision: 4

2025-09-13 21:12:57.800869
Sender: 15
Head 0: G
Head 1: G
Head 2: G
Head 3: O
Captures: 0
Releases: 3
Turnouts: 0
Voltage: 12.2
RSSI: -113
LED Errors: 0
Version: 3
Revision: 4

2025-09-13 21:12:58.310317
Sender: 15
Head 0: G
Head 1: G
Head 2: G
Head 3: O
Captures: 0
Releases: 3
Turnouts: 0
Voltage: 12.2
RSSI: -113
LED Errors: 0
Version: 3
Revision: 4

2025-09-14 09:01:01.094887
Sender: 1
Head 0: G
Head 1: O
Head 2: O
Head 3: O
Captures: 0
Releases: 0
Turnouts: 0
Voltage: 13.0
RSSI: -100
LED Errors: 0
Version: 3
Revision: 3

2025-09-14 09:01:01.479068
Sender: 2
Head 0: G
Head 1: O
Head 2: O
Head 3: O
Captures: 0
Releases: 0
Turnouts: 0
Voltage: 12.1
RSSI: -104
LED Errors: 0
Version: 3
Revision: 3

2025-09-14 09:01:02.279856
Sender: 5
Head 0: G
Head 1: O
Head 2: O
Head 3: O
Captures: 0
Releases: 0
Turnouts: 0
Voltage: 12.1
RSSI: 0
LED Errors: 0
Version: 3
Revision: 1

2025-09-14 09:01:02.933830
Sender: 2
Head 0: G
Head 1: O
Head 2: O
Head 3: O
Captures: 0
Releases: 0
Turnouts: 0
Voltage: 12.1
RSSI: -104
LED Errors: 0
Version: 3
Revision: 3

2025-09-14 09:01:04.678844
Sender: 13
Head 0: G
Head 1: G
Head 2: O
Head 3: O
Captures: 0
Releases: 0
Turnouts: 0
Voltage: 13.4
RSSI: -101
LED Errors: 0
Version: 3
Revision: 4

2025-09-14 09:01:05.066486
Sender: 14
Head 0: G
Head 1: O
Head 2: O
Head 3: O
Captures: 0
Releases: 0
Turnouts: 0
Voltage: 12.3
RSSI: -85
LED Errors: 0
Version: 3
Revision: 3

2025-09-14 09:01:05.438788
Sender: 15
Head 0: G
Head 1: G
Head 2: G
Head 3: O
Captures: 0
Releases: 3
Turnouts: 0
Voltage: 12.2
RSSI: -98
LED Errors: 0
Version: 3
Revision: 4

2025-09-14 09:01:05.970330
Sender: 17
Head 0: G
Head 1: G
Head 2: O
Head 3: O
Captures: 0
Releases: 0
Turnouts: 0
Voltage: 12.1
RSSI: -106
LED Errors: 0
Version: 3
Revision: 3

2025-09-14 09:01:06.348653
Sender: 18
Head 0: O
Head 1: O
Head 2: O
Head 3: O
Captures: 0
Releases: 0
Turnouts: 0
Voltage: 12.1
RSSI: -108
LED Errors: 0
Version: 3
Revision: 1

2025-09-14 09:01:06.725110
Sender: 19
Head 0: O
Head 1: O
Head 2: O
Head 3: O
Captures: 0
Releases: 0
Turnouts: 0
Voltage: 12.2
RSSI: -95
LED Errors: 0
Version: 3
Revision: 0

2025-09-14 09:01:07.216364
Sender: 21
Head 0: O
Head 1: O
Head 2: O
Head 3: O
Captures: 0
Releases: 0
Turnouts: 0
Voltage: 12.2
RSSI: -104
LED Errors: 0
Version: 3
Revision: 3

2025-09-14 09:02:43.409645
Sender: 19
Head 0: G
Head 1: O
Head 2: O
Head 3: O
Captures: 0
Releases: 0
Turnouts: 0
Voltage: 12.1
RSSI: -95
LED Errors: 0
Version: 3
Revision: 0

2025-09-14 09:02:45.830678
Sender: 21
Head 0: G
Head 1: O
Head 2: O
Head 3: O
Captures: 0
Releases: 0
Turnouts: 0
Voltage: 12.2
RSSI: -104
LED Errors: 0
Version: 3
Revision: 3

2025-09-14 09:03:08.067080
Sender: 18
Head 0: O
Head 1: O
Head 2: O
Head 3: O
Captures: 0
Releases: 0
Turnouts: 0
Voltage: 12.1
RSSI: -108
LED Errors: 0
Version: 3
Revision: 1

2025-09-14 09:03:14.397649
Sender: 18
Head 0: G
Head 1: O
Head 2: O
Head 3: O
Captures: 0
Releases: 0
Turnouts: 0
Voltage: 12.1
RSSI: -108
LED Errors: 0
Version: 3
Revision: 1

2025-09-14 09:03:57.844998
Sender: 17
Head 0: O
Head 1: O
Head 2: O
Head 3: O
Captures: 0
Releases: 0
Turnouts: 0
Voltage: 12.1
RSSI: -106
LED Errors: 0
Version: 3
Revision: 3

2025-09-14 09:07:03.662765
Sender: 1
Head 0: G
Head 1: O
Head 2: O
Head 3: O
Captures: 0
Releases: 0
Turnouts: 0
Voltage: 13.0
RSSI: -100
LED Errors: 0
Version: 3
Revision: 3

2025-09-14 09:07:04.438971
Sender: 2
Head 0: G
Head 1: O
Head 2: O
Head 3: O
Captures: 0
Releases: 0
Turnouts: 0
Voltage: 12.1
RSSI: -104
LED Errors: 0
Version: 3
Revision: 3

2025-09-14 09:07:04.989622
Sender: 5
Head 0: G
Head 1: O
Head 2: O
Head 3: O
Captures: 0
Releases: 0
Turnouts: 0
Voltage: 12.1
RSSI: 0
LED Errors: 0
Version: 3
Revision: 1

2025-09-14 09:07:09.685618
Sender: 13
Head 0: G
Head 1: G
Head 2: O
Head 3: O
Captures: 0
Releases: 0
Turnouts: 0
Voltage: 13.4
RSSI: -101
LED Errors: 0
Version: 3
Revision: 4

2025-09-14 09:07:10.294458
Sender: 14
Head 0: G
Head 1: O
Head 2: O
Head 3: O
Captures: 0
Releases: 0
Turnouts: 0
Voltage: 12.3
RSSI: -85
LED Errors: 0
Version: 3
Revision: 3

2025-09-14 09:07:10.512047
Sender: 15
Head 0: G
Head 1: G
Head 2: G
Head 3: O
Captures: 0
Releases: 3
Turnouts: 0
Voltage: 12.2
RSSI: -98
LED Errors: 0
Version: 3
Revision: 4

2025-09-14 09:07:15.281127
Sender: 15
Head 0: G
Head 1: G
Head 2: G
Head 3: O
Captures: 0
Releases: 3
Turnouts: 0
Voltage: 12.2
RSSI: -98
LED Errors: 0
Version: 3
Revision: 4

2025-09-14 09:07:30.068549
Sender: 1
Head 0: O
Head 1: O
Head 2: O
Head 3: O
Captures: 0
Releases: 0
Turnouts: 0
Voltage: 13.0
RSSI: -100
LED Errors: 0
Version: 3
Revision: 3

2025-09-14 09:08:01.615976
Sender: 2
Head 0: O
Head 1: O
Head 2: O
Head 3: O
Captures: 0
Releases: 0
Turnouts: 0
Voltage: 12.1
RSSI: -104
LED Errors: 0
Version: 3
Revision: 3

2025-09-14 09:08:46.520115
Sender: 19
Head 0: G
Head 1: O
Head 2: O
Head 3: O
Captures: 0
Releases: 0
Turnouts: 0
Voltage: 12.1
RSSI: -95
LED Errors: 0
Version: 3
Revision: 0

2025-09-14 09:08:50.900160
Sender: 21
Head 0: G
Head 1: O
Head 2: O
Head 3: O
Captures: 0
Releases: 0
Turnouts: 0
Voltage: 12.2
RSSI: -104
LED Errors: 0
Version: 3
Revision: 3

2025-09-14 09:09:16.369820
Sender: 18
Head 0: G
Head 1: O
Head 2: O
Head 3: O
Captures: 0
Releases: 0
Turnouts: 0
Voltage: 12.1
RSSI: -108
LED Errors: 0
Version: 3
Revision: 1

2025-09-14 09:13:06.558759
Sender: 5
Head 0: G
Head 1: O
Head 2: O
Head 3: O
Captures: 0
Releases: 0
Turnouts: 0
Voltage: 12.1
RSSI: 0
LED Errors: 0
Version: 3
Revision: 1

2025-09-14 09:13:11.667828
Sender: 13
Head 0: G
Head 1: G
Head 2: O
Head 3: O
Captures: 0
Releases: 0
Turnouts: 0
Voltage: 13.4
RSSI: -101
LED Errors: 0
Version: 3
Revision: 4

2025-09-14 09:13:12.148101
Sender: 14
Head 0: G
Head 1: O
Head 2: O
Head 3: O
Captures: 0
Releases: 0
Turnouts: 0
Voltage: 12.3
RSSI: -85
LED Errors: 0
Version: 3
Revision: 3

2025-09-14 09:13:17.566479
Sender: 15
Head 0: G
Head 1: G
Head 2: G
Head 3: O
Captures: 0
Releases: 3
Turnouts: 0
Voltage: 12.2
RSSI: -98
LED Errors: 0
Version: 3
Revision: 4

2025-09-14 09:13:22.269451
Sender: 15
Head 0: G
Head 1: G
Head 2: G
Head 3: O
Captures: 0
Releases: 3
Turnouts: 0
Voltage: 12.2
RSSI: -98
LED Errors: 0
Version: 3
Revision: 4

2025-09-14 09:13:27.477962
Sender: 15
Head 0: G
Head 1: G
Head 2: G
Head 3: O
Captures: 0
Releases: 3
Turnouts: 0
Voltage: 12.2
RSSI: -98
LED Errors: 0
Version: 3
Revision: 4

2025-09-14 09:13:32.686227
Sender: 15
Head 0: G
Head 1: G
Head 2: G
Head 3: O
Captures: 0
Releases: 3
Turnouts: 0
Voltage: 12.2
RSSI: -98
LED Errors: 0
Version: 3
Revision: 4

2025-09-14 09:13:37.896695
Sender: 15
Head 0: G
Head 1: G
Head 2: G
Head 3: O
Captures: 0
Releases: 3
Turnouts: 0
Voltage: 12.2
RSSI: -98
LED Errors: 0
Version: 3
Revision: 4

2025-09-14 09:13:43.106054
Sender: 15
Head 0: G
Head 1: G
Head 2: G
Head 3: O
Captures: 0
Releases: 3
Turnouts: 0
Voltage: 12.2
RSSI: -98
LED Errors: 0
Version: 3
Revision: 4

2025-09-14 09:13:48.316762
Sender: 15
Head 0: G
Head 1: G
Head 2: G
Head 3: O
Captures: 0
Releases: 3
Turnouts: 0
Voltage: 12.2
RSSI: -98
LED Errors: 0
Version: 3
Revision: 4

2025-09-14 09:14:47.499293
Sender: 19
Head 0: G
Head 1: O
Head 2: O
Head 3: O
Captures: 0
Releases: 0
Turnouts: 0
Voltage: 12.1
RSSI: -95
LED Errors: 0
Version: 3
Revision: 0

2025-09-14 09:14:52.718099
Sender: 21
Head 0: G
Head 1: O
Head 2: O
Head 3: O
Captures: 0
Releases: 0
Turnouts: 0
Voltage: 12.2
RSSI: -104
LED Errors: 0
Version: 3
Revision: 3

2025-09-14 09:15:17.933356
Sender: 18
Head 0: G
Head 1: O
Head 2: O
Head 3: O
Captures: 0
Releases: 0
Turnouts: 0
Voltage: 12.0
RSSI: -108
LED Errors: 0
Version: 3
Revision: 1

2025-09-14 09:15:31.220752
Sender: 14
Head 0: O
Head 1: O
Head 2: O
Head 3: O
Captures: 0
Releases: 0
Turnouts: 0
Voltage: 12.3
RSSI: -85
LED Errors: 0
Version: 3
Revision: 3

2025-09-14 09:15:31.455542
Sender: 13
Head 0: O
Head 1: O
Head 2: O
Head 3: O
Captures: 0
Releases: 0
Turnouts: 0
Voltage: 13.4
RSSI: -101
LED Errors: 0
Version: 3
Revision: 4

2025-09-14 09:15:31.821368
Sender: 15
Head 0: O
Head 1: O
Head 2: O
Head 3: O
Captures: 0
Releases: 3
Turnouts: 0
Voltage: 12.2
RSSI: -98
LED Errors: 0
Version: 3
Revision: 4

2025-09-14 09:19:08.858522
Sender: 5
Head 0: G
Head 1: O
Head 2: O
Head 3: O
Captures: 0
Releases: 0
Turnouts: 0
Voltage: 12.1
RSSI: 0
LED Errors: 0
Version: 3
Revision: 1

2025-09-14 09:19:09.342141
Sender: 5
Head 0: G
Head 1: O
Head 2: O
Head 3: O
Captures: 0
Releases: 0
Turnouts: 0
Voltage: 12.1
RSSI: 0
LED Errors: 0
Version: 3
Revision: 1

2025-09-14 09:19:49.067216
Sender: 15
Head 0: O
Head 1: O
Head 2: O
Head 3: O
Captures: 0
Releases: 3
Turnouts: 0
Voltage: 12.2
RSSI: -98
LED Errors: 0
Version: 3
Revision: 4

2025-09-14 09:20:49.192687
Sender: 19
Head 0: G
Head 1: O
Head 2: O
Head 3: O
Captures: 0
Releases: 0
Turnouts: 0
Voltage: 12.1
RSSI: -95
LED Errors: 0
Version: 3
Revision: 0

2025-09-14 09:20:54.420164
Sender: 21
Head 0: G
Head 1: O
Head 2: O
Head 3: O
Captures: 0
Releases: 0
Turnouts: 0
Voltage: 12.2
RSSI: -104
LED Errors: 0
Version: 3
Revision: 3

2025-09-14 09:21:20.119809
Sender: 18
Head 0: G
Head 1: O
Head 2: O
Head 3: O
Captures: 0
Releases: 0
Turnouts: 0
Voltage: 12.0
RSSI: -108
LED Errors: 0
Version: 3
Revision: 1

2025-09-14 09:25:10.254016
Sender: 5
Head 0: G
Head 1: O
Head 2: O
Head 3: O
Captures: 0
Releases: 0
Turnouts: 0
Voltage: 12.1
RSSI: 0
LED Errors: 0
Version: 3
Revision: 1

2025-09-14 09:26:50.477690
Sender: 19
Head 0: G
Head 1: O
Head 2: O
Head 3: O
Captures: 0
Releases: 0
Turnouts: 0
Voltage: 12.1
RSSI: -95
LED Errors: 0
Version: 3
Revision: 0

2025-09-14 09:26:55.700369
Sender: 21
Head 0: G
Head 1: O
Head 2: O
Head 3: O
Captures: 0
Releases: 0
Turnouts: 0
Voltage: 12.2
RSSI: -104
LED Errors: 0
Version: 3
Revision: 3

2025-09-14 09:27:20.914839
Sender: 18
Head 0: G
Head 1: O
Head 2: O
Head 3: O
Captures: 0
Releases: 0
Turnouts: 0
Voltage: 12.0
RSSI: -108
LED Errors: 0
Version: 3
Revision: 1

2025-09-14 09:31:12.020759
Sender: 5
Head 0: G
Head 1: O
Head 2: O
Head 3: O
Captures: 0
Releases: 0
Turnouts: 0
Voltage: 12.1
RSSI: 0
LED Errors: 0
Version: 3
Revision: 1

2025-09-14 09:32:52.106974
Sender: 19
Head 0: G
Head 1: O
Head 2: O
Head 3: O
Captures: 0
Releases: 0
Turnouts: 0
Voltage: 12.1
RSSI: -95
LED Errors: 0
Version: 3
Revision: 0

2025-09-14 09:32:56.871051
Sender: 21
Head 0: G
Head 1: O
Head 2: O
Head 3: O
Captures: 0
Releases: 0
Turnouts: 0
Voltage: 12.2
RSSI: -104
LED Errors: 0
Version: 3
Revision: 3

2025-09-14 09:33:22.088280
Sender: 18
Head 0: G
Head 1: O
Head 2: O
Head 3: O
Captures: 0
Releases: 0
Turnouts: 0
Voltage: 11.9
RSSI: -108
LED Errors: 0
Version: 3
Revision: 1

2025-09-14 09:37:13.300911
Sender: 5
Head 0: G
Head 1: O
Head 2: O
Head 3: O
Captures: 0
Releases: 0
Turnouts: 0
Voltage: 12.1
RSSI: 0
LED Errors: 0
Version: 3
Revision: 1

2025-09-14 09:38:53.194605
Sender: 19
Head 0: G
Head 1: O
Head 2: O
Head 3: O
Captures: 0
Releases: 0
Turnouts: 0
Voltage: 12.1
RSSI: -95
LED Errors: 0
Version: 3
Revision: 0

2025-09-14 09:38:58.168759
Sender: 21
Head 0: G
Head 1: O
Head 2: O
Head 3: O
Captures: 0
Releases: 0
Turnouts: 0
Voltage: 12.2
RSSI: -104
LED Errors: 0
Version: 3
Revision: 3

2025-09-14 09:39:23.282301
Sender: 18
Head 0: G
Head 1: O
Head 2: O
Head 3: O
Captures: 0
Releases: 0
Turnouts: 0
Voltage: 12.0
RSSI: -108
LED Errors: 0
Version: 3
Revision: 1

2025-09-14 09:43:13.933601
Sender: 5
Head 0: G
Head 1: O
Head 2: O
Head 3: O
Captures: 0
Releases: 0
Turnouts: 0
Voltage: 12.1
RSSI: 0
LED Errors: 0
Version: 3
Revision: 1

2025-09-17 19:28:46.971551
Sender: 2
Head 0: G
Head 1: O
Head 2: O
Head 3: O
Captures: 0
Releases: 0
Turnouts: 0
Voltage: 12.1
RSSI: -113
LED Errors: 0
Version: 3
Revision: 4

2025-09-17 19:28:48.412912
Sender: 5
Head 0: G
Head 1: O
Head 2: O
Head 3: O
Captures: 0
Releases: 0
Turnouts: 0
Voltage: 12.1
RSSI: 0
LED Errors: 0
Version: 3
Revision: 4

2025-09-17 19:28:49.397429
Sender: 10
Head 0: G
Head 1: O
Head 2: O
Head 3: O
Captures: 0
Releases: 0
Turnouts: 0
Voltage: 12.8
RSSI: -96
LED Errors: 0
Version: 3
Revision: 4

2025-09-17 19:28:49.777841
Sender: 9
Head 0: G
Head 1: O
Head 2: O
Head 3: O
Captures: 0
Releases: 0
Turnouts: 0
Voltage: 12.6
RSSI: -98
LED Errors: 0
Version: 3
Revision: 4

2025-09-17 19:28:50.345469
Sender: 13
Head 0: G
Head 1: R
Head 2: O
Head 3: O
Captures: 0
Releases: 0
Turnouts: 0
Voltage: 13.6
RSSI: -109
LED Errors: 512
Version: 3
Revision: 4

2025-09-17 19:28:51.046737
Sender: 15
Head 0: A
Head 1: R
Head 2: R
Head 3: O
Captures: 0
Releases: 2
Turnouts: 0
Voltage: 12.2
RSSI: -98
LED Errors: 0
Version: 3
Revision: 4

2025-09-17 19:28:51.434133
Sender: 13
Head 0: G
Head 1: R
Head 2: O
Head 3: O
Captures: 0
Releases: 0
Turnouts: 0
Voltage: 13.6
RSSI: -109
LED Errors: 512
Version: 3
Revision: 4

2025-09-17 19:28:52.012505
Sender: 18
Head 0: G
Head 1: O
Head 2: O
Head 3: O
Captures: 0
Releases: 0
Turnouts: 0
Voltage: 12.0
RSSI: -108
LED Errors: 0
Version: 3
Revision: 1

2025-09-17 19:28:52.403249
Sender: 17
Head 0: G
Head 1: G
Head 2: O
Head 3: O
Captures: 0
Releases: 0
Turnouts: 0
Voltage: 12.1
RSSI: -115
LED Errors: 516
Version: 3
Revision: 4

2025-09-17 19:28:52.836490
Sender: 21
Head 0: G
Head 1: O
Head 2: O
Head 3: O
Captures: 0
Releases: 0
Turnouts: 0
Voltage: 12.2
RSSI: -104
LED Errors: 0
Version: 3
Revision: 3

2025-09-17 19:28:53.057802
Sender: 18
Head 0: G
Head 1: O
Head 2: O
Head 3: O
Captures: 0
Releases: 0
Turnouts: 0
Voltage: 12.0
RSSI: -108
LED Errors: 0
Version: 3
Revision: 1

2025-09-17 19:28:53.445012
Sender: 19
Head 0: G
Head 1: O
Head 2: O
Head 3: O
Captures: 0
Releases: 0
Turnouts: 0
Voltage: 12.1
RSSI: -103
LED Errors: 0
Version: 3
Revision: 0

2025-09-17 19:28:55.108067
Sender: 17
Head 0: G
Head 1: G
Head 2: O
Head 3: O
Captures: 0
Releases: 0
Turnouts: 0
Voltage: 12.1
RSSI: -115
LED Errors: 516
Version: 3
Revision: 4

2025-09-17 19:28:56.084649
Sender: 14
Head 0: G
Head 1: O
Head 2: O
Head 3: O
Captures: 0
Releases: 0
Turnouts: 0
Voltage: 12.3
RSSI: -86
LED Errors: 512
Version: 3
Revision: 3

2025-09-17 19:28:56.493221
Sender: 14
Head 0: G
Head 1: O
Head 2: O
Head 3: O
Captures: 0
Releases: 0
Turnouts: 0
Voltage: 12.3
RSSI: -86
LED Errors: 512
Version: 3
Revision: 3

2025-09-17 19:28:57.510136
Sender: 15
Head 0: A
Head 1: R
Head 2: R
Head 3: O
Captures: 0
Releases: 2
Turnouts: 0
Voltage: 12.2
RSSI: -98
LED Errors: 0
Version: 3
Revision: 4

2025-09-17 19:29:19.333234
Sender: 15
Head 0: A
Head 1: R
Head 2: R
Head 3: O
Captures: 0
Releases: 2
Turnouts: 0
Voltage: 12.2
RSSI: -98
LED Errors: 0
Version: 3
Revision: 4

2025-09-17 19:29:20.345205
Sender: 15
Head 0: A
Head 1: R
Head 2: R
Head 3: O
Captures: 0
Releases: 2
Turnouts: 0
Voltage: 12.2
RSSI: -98
LED Errors: 0
Version: 3
Revision: 4

2025-09-17 19:29:26.864130
Sender: 15
Head 0: A
Head 1: R
Head 2: R
Head 3: O
Captures: 0
Releases: 2
Turnouts: 0
Voltage: 12.2
RSSI: -98
LED Errors: 0
Version: 3
Revision: 4

2025-09-17 19:29:27.873408
Sender: 15
Head 0: A
Head 1: R
Head 2: R
Head 3: O
Captures: 0
Releases: 2
Turnouts: 0
Voltage: 12.2
RSSI: -98
LED Errors: 0
Version: 3
Revision: 4

2025-09-17 19:29:30.484504
Sender: 13
Head 0: G
Head 1: G
Head 2: O
Head 3: O
Captures: 0
Releases: 2
Turnouts: 0
Voltage: 13.6
RSSI: -109
LED Errors: 512
Version: 3
Revision: 4

2025-09-17 19:29:31.495528
Sender: 13
Head 0: G
Head 1: G
Head 2: O
Head 3: O
Captures: 0
Releases: 0
Turnouts: 0
Voltage: 13.6
RSSI: -109
LED Errors: 512
Version: 3
Revision: 4

2025-09-17 19:29:33.882363
Sender: 15
Head 0: A
Head 1: G
Head 2: G
Head 3: O
Captures: 0
Releases: 2
Turnouts: 0
Voltage: 12.2
RSSI: -98
LED Errors: 0
Version: 3
Revision: 4

2025-09-17 19:29:41.227363
Sender: 15
Head 0: G
Head 1: G
Head 2: G
Head 3: O
Captures: 0
Releases: 2
Turnouts: 0
Voltage: 12.2
RSSI: -98
LED Errors: 0
Version: 3
Revision: 4

2025-09-17 19:29:42.236142
Sender: 15
Head 0: G
Head 1: G
Head 2: G
Head 3: O
Captures: 0
Releases: 2
Turnouts: 0
Voltage: 12.2
RSSI: -98
LED Errors: 0
Version: 3
Revision: 4

2025-09-17 19:29:44.254368
Sender: 15
Head 0: G
Head 1: G
Head 2: G
Head 3: O
Captures: 0
Releases: 2
Turnouts: 0
Voltage: 12.2
RSSI: -98
LED Errors: 0
Version: 3
Revision: 4

2025-09-17 19:29:51.272323
Sender: 15
Head 0: G
Head 1: G
Head 2: G
Head 3: O
Captures: 0
Releases: 2
Turnouts: 0
Voltage: 12.2
RSSI: -98
LED Errors: 0
Version: 3
Revision: 4

2025-09-17 19:30:00.575781
Sender: 15
Head 0: G
Head 1: G
Head 2: G
Head 3: O
Captures: 0
Releases: 2
Turnouts: 0
Voltage: 12.2
RSSI: -98
LED Errors: 0
Version: 3
Revision: 4

2025-09-17 19:30:01.584738
Sender: 15
Head 0: G
Head 1: G
Head 2: G
Head 3: O
Captures: 0
Releases: 2
Turnouts: 0
Voltage: 12.2
RSSI: -98
LED Errors: 0
Version: 3
Revision: 4

2025-09-17 19:30:04.862021
Sender: 15
Head 0: G
Head 1: G
Head 2: G
Head 3: O
Captures: 0
Releases: 2
Turnouts: 0
Voltage: 12.2
RSSI: -98
LED Errors: 0
Version: 3
Revision: 4

2025-09-17 19:30:10.871231
Sender: 15
Head 0: G
Head 1: G
Head 2: G
Head 3: O
Captures: 0
Releases: 2
Turnouts: 0
Voltage: 12.2
RSSI: -98
LED Errors: 0
Version: 3
Revision: 4

2025-09-17 19:30:11.879932
Sender: 15
Head 0: G
Head 1: G
Head 2: G
Head 3: O
Captures: 0
Releases: 2
Turnouts: 0
Voltage: 12.2
RSSI: -98
LED Errors: 0
Version: 3
Revision: 4

2025-09-17 19:30:17.889292
Sender: 15
Head 0: G
Head 1: G
Head 2: G
Head 3: O
Captures: 0
Releases: 2
Turnouts: 0
Voltage: 12.2
RSSI: -98
LED Errors: 0
Version: 3
Revision: 4

2025-09-17 19:30:23.898351
Sender: 15
Head 0: G
Head 1: G
Head 2: G
Head 3: O
Captures: 0
Releases: 2
Turnouts: 0
Voltage: 12.2
RSSI: -98
LED Errors: 0
Version: 3
Revision: 4

2025-09-17 19:30:24.907108
Sender: 15
Head 0: G
Head 1: G
Head 2: G
Head 3: O
Captures: 0
Releases: 2
Turnouts: 0
Voltage: 12.2
RSSI: -98
LED Errors: 0
Version: 3
Revision: 4

2025-09-17 19:30:25.916157
Sender: 15
Head 0: G
Head 1: G
Head 2: G
Head 3: O
Captures: 0
Releases: 2
Turnouts: 0
Voltage: 12.2
RSSI: -98
LED Errors: 0
Version: 3
Revision: 4

2025-09-17 19:30:26.925414
Sender: 15
Head 0: G
Head 1: G
Head 2: G
Head 3: O
Captures: 0
Releases: 2
Turnouts: 0
Voltage: 12.2
RSSI: -98
LED Errors: 0
Version: 3
Revision: 4

2025-09-17 19:30:27.934224
Sender: 15
Head 0: G
Head 1: G
Head 2: G
Head 3: O
Captures: 0
Releases: 2
Turnouts: 0
Voltage: 12.2
RSSI: -98
LED Errors: 0
Version: 3
Revision: 4

2025-09-17 19:30:33.943314
Sender: 15
Head 0: G
Head 1: G
Head 2: G
Head 3: O
Captures: 0
Releases: 2
Turnouts: 0
Voltage: 12.2
RSSI: -98
LED Errors: 0
Version: 3
Revision: 4

2025-09-17 19:30:43.883888
Sender: 1
Head 0: G
Head 1: O
Head 2: O
Head 3: O
Captures: 0
Releases: 0
Turnouts: 0
Voltage: 12.9
RSSI: -108
LED Errors: 0
Version: 3
Revision: 4

2025-09-17 19:30:44.394605
Sender: 1
Head 0: G
Head 1: O
Head 2: O
Head 3: O
Captures: 0
Releases: 0
Turnouts: 0
Voltage: 12.9
RSSI: -108
LED Errors: 0
Version: 3
Revision: 4

2025-09-17 19:30:44.903452
Sender: 1
Head 0: G
Head 1: O
Head 2: O
Head 3: O
Captures: 0
Releases: 0
Turnouts: 0
Voltage: 12.9
RSSI: -108
LED Errors: 0
Version: 3
Revision: 4

2025-09-17 19:30:51.970241
Sender: 15
Head 0: G
Head 1: G
Head 2: G
Head 3: O
Captures: 0
Releases: 2
Turnouts: 0
Voltage: 12.2
RSSI: -98
LED Errors: 0
Version: 3
Revision: 4

2025-09-17 19:30:53.889599
Sender: 14
Head 0: R
Head 1: O
Head 2: O
Head 3: O
Captures: 0
Releases: 0
Turnouts: 0
Voltage: 12.3
RSSI: -86
LED Errors: 512
Version: 3
Revision: 3

2025-09-17 19:30:54.114606
Sender: 13
Head 0: A
Head 1: G
Head 2: O
Head 3: O
Captures: 1
Releases: 0
Turnouts: 0
Voltage: 13.6
RSSI: -109
LED Errors: 512
Version: 3
Revision: 4

2025-09-17 19:30:55.015941
Sender: 13
Head 0: A
Head 1: G
Head 2: O
Head 3: O
Captures: 0
Releases: 0
Turnouts: 0
Voltage: 13.6
RSSI: -109
LED Errors: 512
Version: 3
Revision: 4

2025-09-17 19:30:57.978728
Sender: 15
Head 0: G
Head 1: G
Head 2: G
Head 3: O
Captures: 0
Releases: 2
Turnouts: 0
Voltage: 12.2
RSSI: -98
LED Errors: 0
Version: 3
Revision: 4

2025-09-17 19:30:59.496250
Sender: 15
Head 0: G
Head 1: G
Head 2: G
Head 3: O
Captures: 0
Releases: 2
Turnouts: 0
Voltage: 12.2
RSSI: -98
LED Errors: 0
Version: 3
Revision: 4

2025-09-17 19:31:05.505778
Sender: 15
Head 0: G
Head 1: G
Head 2: G
Head 3: O
Captures: 0
Releases: 2
Turnouts: 0
Voltage: 12.2
RSSI: -98
LED Errors: 0
Version: 3
Revision: 4

2025-09-17 19:31:11.514732
Sender: 15
Head 0: G
Head 1: G
Head 2: G
Head 3: O
Captures: 0
Releases: 2
Turnouts: 0
Voltage: 12.2
RSSI: -98
LED Errors: 0
Version: 3
Revision: 4

2025-09-17 19:31:44.586351
Sender: 15
Head 0: G
Head 1: G
Head 2: G
Head 3: O
Captures: 0
Releases: 2
Turnouts: 0
Voltage: 12.2
RSSI: -98
LED Errors: 0
Version: 3
Revision: 4

2025-09-17 19:31:51.095450
Sender: 15
Head 0: G
Head 1: G
Head 2: G
Head 3: O
Captures: 0
Releases: 2
Turnouts: 0
Voltage: 12.2
RSSI: -98
LED Errors: 0
Version: 3
Revision: 4

2025-09-17 19:31:52.104507
Sender: 15
Head 0: G
Head 1: G
Head 2: G
Head 3: O
Captures: 0
Releases: 2
Turnouts: 0
Voltage: 12.2
RSSI: -98
LED Errors: 0
Version: 3
Revision: 4

2025-09-17 19:31:53.113729
Sender: 15
Head 0: G
Head 1: G
Head 2: G
Head 3: O
Captures: 0
Releases: 2
Turnouts: 0
Voltage: 12.2
RSSI: -98
LED Errors: 0
Version: 3
Revision: 4

2025-09-17 19:31:54.125253
Sender: 15
Head 0: G
Head 1: G
Head 2: G
Head 3: O
Captures: 0
Releases: 2
Turnouts: 0
Voltage: 12.2
RSSI: -98
LED Errors: 0
Version: 3
Revision: 4

2025-09-17 19:32:00.131776
Sender: 15
Head 0: G
Head 1: G
Head 2: G
Head 3: O
Captures: 0
Releases: 2
Turnouts: 0
Voltage: 12.2
RSSI: -98
LED Errors: 0
Version: 3
Revision: 4

2025-09-17 19:32:01.140859
Sender: 15
Head 0: G
Head 1: G
Head 2: G
Head 3: O
Captures: 0
Releases: 2
Turnouts: 0
Voltage: 12.2
RSSI: -98
LED Errors: 0
Version: 3
Revision: 4

2025-09-17 19:32:02.149289
Sender: 15
Head 0: G
Head 1: G
Head 2: G
Head 3: O
Captures: 0
Releases: 2
Turnouts: 0
Voltage: 12.2
RSSI: -98
LED Errors: 0
Version: 3
Revision: 4

2025-09-17 19:32:08.157061
Sender: 15
Head 0: G
Head 1: G
Head 2: G
Head 3: O
Captures: 0
Releases: 2
Turnouts: 0
Voltage: 12.2
RSSI: -98
LED Errors: 0
Version: 3
Revision: 4

2025-09-17 19:32:09.167728
Sender: 15
Head 0: G
Head 1: G
Head 2: G
Head 3: O
Captures: 0
Releases: 2
Turnouts: 0
Voltage: 12.2
RSSI: -98
LED Errors: 0
Version: 3
Revision: 4

2025-09-17 19:32:15.176569
Sender: 15
Head 0: G
Head 1: G
Head 2: G
Head 3: O
Captures: 0
Releases: 2
Turnouts: 0
Voltage: 12.2
RSSI: -98
LED Errors: 0
Version: 3
Revision: 4

2025-09-17 19:32:17.194298
Sender: 15
Head 0: G
Head 1: G
Head 2: G
Head 3: O
Captures: 0
Releases: 2
Turnouts: 0
Voltage: 12.2
RSSI: -98
LED Errors: 0
Version: 3
Revision: 4

2025-09-17 19:32:18.204476
Sender: 15
Head 0: G
Head 1: G
Head 2: G
Head 3: O
Captures: 0
Releases: 2
Turnouts: 0
Voltage: 12.2
RSSI: -98
LED Errors: 0
Version: 3
Revision: 4

2025-09-17 19:32:23.330399
Sender: 14
Head 0: G
Head 1: O
Head 2: O
Head 3: O
Captures: 0
Releases: 1
Turnouts: 0
Voltage: 12.3
RSSI: -86
LED Errors: 512
Version: 3
Revision: 3

2025-09-17 19:32:24.213395
Sender: 15
Head 0: G
Head 1: G
Head 2: G
Head 3: O
Captures: 0
Releases: 2
Turnouts: 0
Voltage: 12.2
RSSI: -98
LED Errors: 0
Version: 3
Revision: 4

2025-09-17 19:32:25.222655
Sender: 15
Head 0: G
Head 1: G
Head 2: G
Head 3: O
Captures: 0
Releases: 2
Turnouts: 0
Voltage: 12.2
RSSI: -98
LED Errors: 0
Version: 3
Revision: 4

2025-09-17 19:32:28.250880
Sender: 15
Head 0: G
Head 1: G
Head 2: G
Head 3: O
Captures: 0
Releases: 2
Turnouts: 0
Voltage: 12.2
RSSI: -98
LED Errors: 0
Version: 3
Revision: 4

2025-09-17 19:32:29.259044
Sender: 15
Head 0: G
Head 1: G
Head 2: G
Head 3: O
Captures: 0
Releases: 2
Turnouts: 0
Voltage: 12.2
RSSI: -98
LED Errors: 0
Version: 3
Revision: 4

2025-09-17 19:32:30.268039
Sender: 15
Head 0: G
Head 1: G
Head 2: G
Head 3: O
Captures: 0
Releases: 2
Turnouts: 0
Voltage: 12.2
RSSI: -98
LED Errors: 0
Version: 3
Revision: 4

2025-09-17 19:32:30.663359
Sender: 9
Head 0: R
Head 1: O
Head 2: O
Head 3: O
Captures: 0
Releases: 0
Turnouts: 0
Voltage: 12.6
RSSI: -98
LED Errors: 0
Version: 3
Revision: 4

2025-09-17 19:32:31.338824
Sender: 15
Head 0: A
Head 1: R
Head 2: R
Head 3: O
Captures: 1
Releases: 2
Turnouts: 0
Voltage: 12.2
RSSI: -98
LED Errors: 0
Version: 3
Revision: 4

2025-09-17 19:32:32.348987
Sender: 15
Head 0: A
Head 1: R
Head 2: R
Head 3: O
Captures: 0
Releases: 2
Turnouts: 0
Voltage: 12.2
RSSI: -98
LED Errors: 0
Version: 3
Revision: 4

2025-09-17 19:32:33.295290
Sender: 13
Head 0: G
Head 1: R
Head 2: O
Head 3: O
Captures: 0
Releases: 0
Turnouts: 0
Voltage: 13.6
RSSI: -109
LED Errors: 512
Version: 3
Revision: 4

2025-09-17 19:32:33.520889
Sender: 15
Head 0: A
Head 1: R
Head 2: R
Head 3: O
Captures: 0
Releases: 2
Turnouts: 0
Voltage: 12.2
RSSI: -98
LED Errors: 0
Version: 3
Revision: 4

2025-09-17 19:32:33.803358
Sender: 13
Head 0: G
Head 1: R
Head 2: O
Head 3: O
Captures: 0
Releases: 0
Turnouts: 0
Voltage: 13.6
RSSI: -109
LED Errors: 512
Version: 3
Revision: 4

2025-09-17 19:32:34.312563
Sender: 13
Head 0: G
Head 1: R
Head 2: O
Head 3: O
Captures: 0
Releases: 0
Turnouts: 0
Voltage: 13.6
RSSI: -109
LED Errors: 512
Version: 3
Revision: 4

2025-09-17 19:32:39.367387
Sender: 15
Head 0: A
Head 1: R
Head 2: R
Head 3: O
Captures: 0
Releases: 2
Turnouts: 0
Voltage: 12.2
RSSI: -98
LED Errors: 0
Version: 3
Revision: 4

2025-09-17 19:32:40.376472
Sender: 15
Head 0: A
Head 1: R
Head 2: R
Head 3: O
Captures: 0
Releases: 2
Turnouts: 0
Voltage: 12.2
RSSI: -98
LED Errors: 0
Version: 3
Revision: 4

2025-09-17 19:32:46.384011
Sender: 15
Head 0: A
Head 1: R
Head 2: R
Head 3: O
Captures: 0
Releases: 2
Turnouts: 0
Voltage: 12.2
RSSI: -98
LED Errors: 0
Version: 3
Revision: 4

2025-09-17 19:32:47.394015
Sender: 15
Head 0: A
Head 1: R
Head 2: R
Head 3: O
Captures: 0
Releases: 2
Turnouts: 0
Voltage: 12.2
RSSI: -98
LED Errors: 0
Version: 3
Revision: 4

2025-09-17 19:32:48.403062
Sender: 15
Head 0: A
Head 1: R
Head 2: R
Head 3: O
Captures: 0
Releases: 2
Turnouts: 0
Voltage: 12.2
RSSI: -98
LED Errors: 0
Version: 3
Revision: 4

2025-09-17 19:32:49.412028
Sender: 15
Head 0: A
Head 1: R
Head 2: R
Head 3: O
Captures: 0
Releases: 2
Turnouts: 0
Voltage: 12.2
RSSI: -98
LED Errors: 0
Version: 3
Revision: 4

2025-09-17 19:32:50.421350
Sender: 15
Head 0: A
Head 1: R
Head 2: R
Head 3: O
Captures: 0
Releases: 2
Turnouts: 0
Voltage: 12.2
RSSI: -98
LED Errors: 0
Version: 3
Revision: 4

2025-09-17 19:32:51.429116
Sender: 15
Head 0: A
Head 1: R
Head 2: R
Head 3: O
Captures: 0
Releases: 2
Turnouts: 0
Voltage: 12.2
RSSI: -98
LED Errors: 0
Version: 3
Revision: 4

2025-09-17 19:32:52.439136
Sender: 15
Head 0: A
Head 1: R
Head 2: R
Head 3: O
Captures: 0
Releases: 2
Turnouts: 0
Voltage: 12.2
RSSI: -98
LED Errors: 0
Version: 3
Revision: 4

2025-09-17 19:32:53.448233
Sender: 15
Head 0: A
Head 1: R
Head 2: R
Head 3: O
Captures: 0
Releases: 2
Turnouts: 0
Voltage: 12.2
RSSI: -98
LED Errors: 0
Version: 3
Revision: 4

2025-09-17 19:32:54.457092
Sender: 15
Head 0: A
Head 1: R
Head 2: R
Head 3: O
Captures: 0
Releases: 2
Turnouts: 0
Voltage: 12.2
RSSI: -98
LED Errors: 0
Version: 3
Revision: 4

2025-09-17 19:32:55.466176
Sender: 15
Head 0: A
Head 1: R
Head 2: R
Head 3: O
Captures: 0
Releases: 2
Turnouts: 0
Voltage: 12.2
RSSI: -98
LED Errors: 0
Version: 3
Revision: 4

2025-09-17 19:33:01.475078
Sender: 15
Head 0: A
Head 1: R
Head 2: R
Head 3: O
Captures: 0
Releases: 2
Turnouts: 0
Voltage: 12.2
RSSI: -98
LED Errors: 0
Version: 3
Revision: 4

2025-09-17 19:33:02.484316
Sender: 15
Head 0: A
Head 1: R
Head 2: R
Head 3: O
Captures: 0
Releases: 2
Turnouts: 0
Voltage: 12.2
RSSI: -98
LED Errors: 0
Version: 3
Revision: 4

2025-09-17 19:33:03.493620
Sender: 15
Head 0: A
Head 1: R
Head 2: R
Head 3: O
Captures: 0
Releases: 2
Turnouts: 0
Voltage: 12.2
RSSI: -98
LED Errors: 0
Version: 3
Revision: 4

2025-09-17 19:33:15.510857
Sender: 15
Head 0: A
Head 1: R
Head 2: R
Head 3: O
Captures: 0
Releases: 2
Turnouts: 0
Voltage: 12.2
RSSI: -98
LED Errors: 0
Version: 3
Revision: 4

2025-09-17 19:33:21.521815
Sender: 15
Head 0: A
Head 1: R
Head 2: R
Head 3: O
Captures: 0
Releases: 2
Turnouts: 0
Voltage: 12.2
RSSI: -98
LED Errors: 0
Version: 3
Revision: 4

2025-09-17 19:33:23.031050
Sender: 15
Head 0: A
Head 1: R
Head 2: R
Head 3: O
Captures: 0
Releases: 2
Turnouts: 0
Voltage: 12.2
RSSI: -98
LED Errors: 0
Version: 3
Revision: 4

2025-09-17 19:33:29.040936
Sender: 15
Head 0: A
Head 1: R
Head 2: R
Head 3: O
Captures: 0
Releases: 2
Turnouts: 0
Voltage: 12.2
RSSI: -98
LED Errors: 0
Version: 3
Revision: 4

2025-09-17 19:33:30.048815
Sender: 15
Head 0: A
Head 1: R
Head 2: R
Head 3: O
Captures: 0
Releases: 2
Turnouts: 0
Voltage: 12.2
RSSI: -98
LED Errors: 0
Version: 3
Revision: 4

2025-09-17 19:33:31.099779
Sender: 10
Head 0: G
Head 1: O
Head 2: O
Head 3: O
Captures: 0
Releases: 0
Turnouts: 0
Voltage: 12.8
RSSI: -96
LED Errors: 0
Version: 3
Revision: 4

2025-09-17 19:33:36.057686
Sender: 15
Head 0: A
Head 1: R
Head 2: R
Head 3: O
Captures: 0
Releases: 2
Turnouts: 0
Voltage: 12.2
RSSI: -98
LED Errors: 0
Version: 3
Revision: 4

2025-09-17 19:33:37.066801
Sender: 15
Head 0: A
Head 1: R
Head 2: R
Head 3: O
Captures: 0
Releases: 2
Turnouts: 0
Voltage: 12.2
RSSI: -98
LED Errors: 0
Version: 3
Revision: 4

2025-09-17 19:33:38.076032
Sender: 15
Head 0: A
Head 1: R
Head 2: R
Head 3: O
Captures: 0
Releases: 2
Turnouts: 0
Voltage: 12.2
RSSI: -98
LED Errors: 0
Version: 3
Revision: 4

2025-09-17 19:33:52.880443
Sender: 15
Head 0: A
Head 1: R
Head 2: R
Head 3: O
Captures: 0
Releases: 2
Turnouts: 0
Voltage: 12.2
RSSI: -98
LED Errors: 0
Version: 3
Revision: 4

2025-09-17 19:33:54.358790
Sender: 13
Head 0: G
Head 1: G
Head 2: O
Head 3: O
Captures: 0
Releases: 0
Turnouts: 0
Voltage: 13.6
RSSI: -109
LED Errors: 512
Version: 3
Revision: 4

2025-09-17 19:33:58.889399
Sender: 15
Head 0: A
Head 1: G
Head 2: G
Head 3: O
Captures: 0
Releases: 2
Turnouts: 0
Voltage: 12.2
RSSI: -98
LED Errors: 0
Version: 3
Revision: 4

2025-09-17 19:34:03.346383
Sender: 15
Head 0: G
Head 1: G
Head 2: G
Head 3: O
Captures: 0
Releases: 2
Turnouts: 0
Voltage: 12.2
RSSI: -98
LED Errors: 0
Version: 3
Revision: 4

2025-09-17 19:34:03.819660
Sender: 15
Head 0: G
Head 1: G
Head 2: G
Head 3: O
Captures: 0
Releases: 2
Turnouts: 0
Voltage: 12.2
RSSI: -98
LED Errors: 0
Version: 3
Revision: 4

2025-09-17 19:34:05.329643
Sender: 15
Head 0: G
Head 1: G
Head 2: G
Head 3: O
Captures: 0
Releases: 2
Turnouts: 0
Voltage: 12.2
RSSI: -98
LED Errors: 0
Version: 3
Revision: 4

2025-09-17 19:34:06.338079
Sender: 15
Head 0: G
Head 1: G
Head 2: G
Head 3: O
Captures: 0
Releases: 2
Turnouts: 0
Voltage: 12.2
RSSI: -98
LED Errors: 0
Version: 3
Revision: 4

2025-09-17 19:34:06.847438
Sender: 15
Head 0: G
Head 1: G
Head 2: G
Head 3: O
Captures: 0
Releases: 2
Turnouts: 0
Voltage: 12.2
RSSI: -98
LED Errors: 0
Version: 3
Revision: 4

2025-09-17 19:34:12.855553
Sender: 15
Head 0: G
Head 1: G
Head 2: G
Head 3: O
Captures: 0
Releases: 2
Turnouts: 0
Voltage: 12.2
RSSI: -98
LED Errors: 0
Version: 3
Revision: 4

2025-09-17 19:34:13.864843
Sender: 15
Head 0: G
Head 1: G
Head 2: G
Head 3: O
Captures: 0
Releases: 2
Turnouts: 0
Voltage: 12.2
RSSI: -98
LED Errors: 0
Version: 3
Revision: 4

2025-09-17 19:34:14.873082
Sender: 15
Head 0: G
Head 1: G
Head 2: G
Head 3: O
Captures: 0
Releases: 2
Turnouts: 0
Voltage: 12.2
RSSI: -98
LED Errors: 0
Version: 3
Revision: 4

2025-09-17 19:34:35.927638
Sender: 15
Head 0: G
Head 1: G
Head 2: G
Head 3: O
Captures: 0
Releases: 2
Turnouts: 0
Voltage: 12.2
RSSI: -98
LED Errors: 0
Version: 3
Revision: 4

2025-09-17 19:34:41.936259
Sender: 15
Head 0: G
Head 1: G
Head 2: G
Head 3: O
Captures: 0
Releases: 2
Turnouts: 0
Voltage: 12.2
RSSI: -98
LED Errors: 0
Version: 3
Revision: 4

2025-09-17 19:34:42.945718
Sender: 15
Head 0: G
Head 1: G
Head 2: G
Head 3: O
Captures: 0
Releases: 2
Turnouts: 0
Voltage: 12.2
RSSI: -98
LED Errors: 0
Version: 3
Revision: 4

2025-09-17 19:34:48.954994
Sender: 15
Head 0: G
Head 1: G
Head 2: G
Head 3: O
Captures: 0
Releases: 2
Turnouts: 0
Voltage: 12.2
RSSI: -98
LED Errors: 0
Version: 3
Revision: 4

2025-09-17 19:34:50.074569
Sender: 5
Head 0: G
Head 1: O
Head 2: O
Head 3: O
Captures: 0
Releases: 0
Turnouts: 0
Voltage: 12.1
RSSI: 0
LED Errors: 0
Version: 3
Revision: 4

2025-09-17 19:34:51.489778
Sender: 15
Head 0: G
Head 1: G
Head 2: G
Head 3: O
Captures: 0
Releases: 2
Turnouts: 0
Voltage: 12.2
RSSI: -98
LED Errors: 0
Version: 3
Revision: 4

2025-09-17 19:34:54.989298
Sender: 18
Head 0: G
Head 1: O
Head 2: O
Head 3: O
Captures: 0
Releases: 0
Turnouts: 0
Voltage: 12.0
RSSI: -108
LED Errors: 0
Version: 3
Revision: 1

2025-09-17 19:34:55.262425
Sender: 19
Head 0: G
Head 1: O
Head 2: O
Head 3: O
Captures: 0
Releases: 0
Turnouts: 0
Voltage: 12.1
RSSI: -103
LED Errors: 0
Version: 3
Revision: 0

2025-09-17 19:34:58.508587
Sender: 15
Head 0: G
Head 1: G
Head 2: G
Head 3: O
Captures: 0
Releases: 2
Turnouts: 0
Voltage: 12.2
RSSI: -98
LED Errors: 0
Version: 3
Revision: 4

2025-09-17 19:35:00.867416
Sender: 2
Head 0: G
Head 1: O
Head 2: O
Head 3: O
Captures: 0
Releases: 0
Turnouts: 0
Voltage: 12.1
RSSI: -113
LED Errors: 0
Version: 3
Revision: 4

2025-09-17 19:35:01.250099
Sender: 17
Head 0: G
Head 1: G
Head 2: O
Head 3: O
Captures: 0
Releases: 0
Turnouts: 0
Voltage: 12.1
RSSI: -115
LED Errors: 516
Version: 3
Revision: 4

2025-09-17 19:35:01.525432
Sender: 21
Head 0: G
Head 1: O
Head 2: O
Head 3: O
Captures: 0
Releases: 0
Turnouts: 0
Voltage: 12.2
RSSI: -104
LED Errors: 0
Version: 3
Revision: 3

2025-09-17 19:35:05.017425
Sender: 15
Head 0: G
Head 1: G
Head 2: G
Head 3: O
Captures: 0
Releases: 2
Turnouts: 0
Voltage: 12.2
RSSI: -98
LED Errors: 0
Version: 3
Revision: 4

2025-09-17 19:35:11.026208
Sender: 15
Head 0: G
Head 1: G
Head 2: G
Head 3: O
Captures: 0
Releases: 2
Turnouts: 0
Voltage: 12.2
RSSI: -98
LED Errors: 0
Version: 3
Revision: 4

2025-09-17 19:35:17.034779
Sender: 15
Head 0: G
Head 1: G
Head 2: G
Head 3: O
Captures: 0
Releases: 2
Turnouts: 0
Voltage: 12.2
RSSI: -98
LED Errors: 0
Version: 3
Revision: 4

2025-09-17 19:35:18.044140
Sender: 15
Head 0: G
Head 1: G
Head 2: G
Head 3: O
Captures: 0
Releases: 2
Turnouts: 0
Voltage: 12.2
RSSI: -98
LED Errors: 0
Version: 3
Revision: 4

2025-09-17 19:35:22.643295
Sender: 9
Head 0: R
Head 1: O
Head 2: O
Head 3: O
Captures: 0
Releases: 0
Turnouts: 0
Voltage: 12.6
RSSI: -98
LED Errors: 0
Version: 3
Revision: 4

2025-09-17 19:35:23.054137
Sender: 10
Head 0: A
Head 1: O
Head 2: O
Head 3: O
Captures: 0
Releases: 0
Turnouts: 0
Voltage: 12.8
RSSI: -96
LED Errors: 0
Version: 3
Revision: 4

2025-09-17 19:35:24.053428
Sender: 15
Head 0: G
Head 1: G
Head 2: G
Head 3: O
Captures: 0
Releases: 2
Turnouts: 0
Voltage: 12.2
RSSI: -98
LED Errors: 0
Version: 3
Revision: 4

2025-09-17 19:35:30.062346
Sender: 15
Head 0: G
Head 1: G
Head 2: G
Head 3: O
Captures: 0
Releases: 2
Turnouts: 0
Voltage: 12.2
RSSI: -98
LED Errors: 0
Version: 3
Revision: 4

2025-09-17 19:35:36.071017
Sender: 15
Head 0: G
Head 1: G
Head 2: G
Head 3: O
Captures: 0
Releases: 2
Turnouts: 0
Voltage: 12.2
RSSI: -98
LED Errors: 0
Version: 3
Revision: 4

2025-09-17 19:35:42.080148
Sender: 15
Head 0: G
Head 1: G
Head 2: G
Head 3: O
Captures: 0
Releases: 2
Turnouts: 0
Voltage: 12.2
RSSI: -98
LED Errors: 0
Version: 3
Revision: 4

2025-09-17 19:35:43.087801
Sender: 15
Head 0: G
Head 1: G
Head 2: G
Head 3: O
Captures: 0
Releases: 2
Turnouts: 0
Voltage: 12.2
RSSI: -98
LED Errors: 0
Version: 3
Revision: 4

2025-09-17 19:35:44.097854
Sender: 15
Head 0: G
Head 1: G
Head 2: G
Head 3: O
Captures: 0
Releases: 2
Turnouts: 0
Voltage: 12.2
RSSI: -98
LED Errors: 0
Version: 3
Revision: 4

2025-09-17 19:35:50.106838
Sender: 15
Head 0: G
Head 1: G
Head 2: G
Head 3: O
Captures: 0
Releases: 2
Turnouts: 0
Voltage: 12.2
RSSI: -98
LED Errors: 0
Version: 3
Revision: 4

2025-09-17 19:35:56.115867
Sender: 15
Head 0: G
Head 1: G
Head 2: G
Head 3: O
Captures: 0
Releases: 2
Turnouts: 0
Voltage: 12.2
RSSI: -98
LED Errors: 0
Version: 3
Revision: 4

2025-09-17 19:35:59.844759
Sender: 9
Head 0: G
Head 1: O
Head 2: O
Head 3: O
Captures: 0
Releases: 1
Turnouts: 0
Voltage: 12.6
RSSI: -98
LED Errors: 0
Version: 3
Revision: 4

2025-09-17 19:36:00.854671
Sender: 9
Head 0: G
Head 1: O
Head 2: O
Head 3: O
Captures: 0
Releases: 0
Turnouts: 0
Voltage: 12.6
RSSI: -98
LED Errors: 0
Version: 3
Revision: 4

2025-09-17 19:36:03.132899
Sender: 15
Head 0: G
Head 1: G
Head 2: G
Head 3: O
Captures: 0
Releases: 2
Turnouts: 0
Voltage: 12.2
RSSI: -98
LED Errors: 0
Version: 3
Revision: 4

2025-09-17 19:36:03.641591
Sender: 15
Head 0: G
Head 1: G
Head 2: G
Head 3: O
Captures: 0
Releases: 2
Turnouts: 0
Voltage: 12.2
RSSI: -98
LED Errors: 0
Version: 3
Revision: 4

2025-09-17 19:36:04.651730
Sender: 15
Head 0: G
Head 1: G
Head 2: G
Head 3: O
Captures: 0
Releases: 2
Turnouts: 0
Voltage: 12.2
RSSI: -98
LED Errors: 0
Version: 3
Revision: 4

2025-09-17 19:36:05.159974
Sender: 15
Head 0: G
Head 1: G
Head 2: G
Head 3: O
Captures: 0
Releases: 2
Turnouts: 0
Voltage: 12.2
RSSI: -98
LED Errors: 0
Version: 3
Revision: 4

2025-09-17 19:36:05.669795
Sender: 15
Head 0: G
Head 1: G
Head 2: G
Head 3: O
Captures: 0
Releases: 2
Turnouts: 0
Voltage: 12.2
RSSI: -98
LED Errors: 0
Version: 3
Revision: 4

2025-09-17 19:36:09.807769
Sender: 10
Head 0: G
Head 1: O
Head 2: O
Head 3: O
Captures: 0
Releases: 0
Turnouts: 0
Voltage: 12.8
RSSI: -96
LED Errors: 0
Version: 3
Revision: 4

2025-09-17 19:36:19.714591
Sender: 15
Head 0: G
Head 1: G
Head 2: G
Head 3: O
Captures: 0
Releases: 2
Turnouts: 0
Voltage: 12.2
RSSI: -98
LED Errors: 0
Version: 3
Revision: 4

2025-09-17 19:36:21.232761
Sender: 15
Head 0: G
Head 1: G
Head 2: G
Head 3: O
Captures: 0
Releases: 2
Turnouts: 0
Voltage: 12.2
RSSI: -98
LED Errors: 0
Version: 3
Revision: 4

2025-09-17 19:36:31.947708
Sender: 5
Head 0: G
Head 1: O
Head 2: O
Head 3: O
Captures: 0
Releases: 0
Turnouts: 0
Voltage: 12.1
RSSI: 0
LED Errors: 0
Version: 3
Revision: 4

2025-09-17 19:36:32.956598
Sender: 5
Head 0: A
Head 1: O
Head 2: O
Head 3: O
Captures: 0
Releases: 0
Turnouts: 0
Voltage: 12.1
RSSI: 0
LED Errors: 0
Version: 3
Revision: 4

2025-09-17 19:36:33.759545
Sender: 15
Head 0: G
Head 1: G
Head 2: G
Head 3: O
Captures: 0
Releases: 2
Turnouts: 0
Voltage: 12.2
RSSI: -98
LED Errors: 0
Version: 3
Revision: 4

2025-09-17 19:36:39.768597
Sender: 15
Head 0: G
Head 1: G
Head 2: G
Head 3: O
Captures: 0
Releases: 2
Turnouts: 0
Voltage: 12.2
RSSI: -98
LED Errors: 0
Version: 3
Revision: 4

2025-09-17 19:36:45.777188
Sender: 15
Head 0: G
Head 1: G
Head 2: G
Head 3: O
Captures: 0
Releases: 2
Turnouts: 0
Voltage: 12.2
RSSI: -98
LED Errors: 0
Version: 3
Revision: 4

2025-09-17 19:36:46.662193
Sender: 1
Head 0: G
Head 1: O
Head 2: O
Head 3: O
Captures: 0
Releases: 0
Turnouts: 0
Voltage: 12.9
RSSI: -108
LED Errors: 0
Version: 3
Revision: 4

2025-09-17 19:36:47.286699
Sender: 15
Head 0: G
Head 1: G
Head 2: G
Head 3: O
Captures: 0
Releases: 2
Turnouts: 0
Voltage: 12.2
RSSI: -98
LED Errors: 0
Version: 3
Revision: 4

2025-09-17 19:36:53.795493
Sender: 15
Head 0: G
Head 1: G
Head 2: G
Head 3: O
Captures: 0
Releases: 2
Turnouts: 0
Voltage: 12.2
RSSI: -98
LED Errors: 0
Version: 3
Revision: 4

2025-09-17 19:36:55.304717
Sender: 15
Head 0: G
Head 1: G
Head 2: G
Head 3: O
Captures: 0
Releases: 2
Turnouts: 0
Voltage: 12.2
RSSI: -98
LED Errors: 0
Version: 3
Revision: 4

2025-09-17 19:37:01.313387
Sender: 15
Head 0: G
Head 1: G
Head 2: G
Head 3: O
Captures: 0
Releases: 2
Turnouts: 0
Voltage: 12.2
RSSI: -98
LED Errors: 0
Version: 3
Revision: 4

2025-09-17 19:37:02.822542
Sender: 15
Head 0: G
Head 1: G
Head 2: G
Head 3: O
Captures: 0
Releases: 2
Turnouts: 0
Voltage: 12.2
RSSI: -98
LED Errors: 0
Version: 3
Revision: 4

2025-09-17 19:37:04.331650
Sender: 15
Head 0: G
Head 1: G
Head 2: G
Head 3: O
Captures: 0
Releases: 2
Turnouts: 0
Voltage: 12.2
RSSI: -98
LED Errors: 0
Version: 3
Revision: 4

2025-09-17 19:37:10.340289
Sender: 15
Head 0: G
Head 1: G
Head 2: G
Head 3: O
Captures: 0
Releases: 2
Turnouts: 0
Voltage: 12.2
RSSI: -98
LED Errors: 0
Version: 3
Revision: 4

2025-09-17 19:37:16.349662
Sender: 15
Head 0: G
Head 1: G
Head 2: G
Head 3: O
Captures: 0
Releases: 2
Turnouts: 0
Voltage: 12.2
RSSI: -98
LED Errors: 0
Version: 3
Revision: 4

2025-09-17 19:37:22.358765
Sender: 15
Head 0: G
Head 1: G
Head 2: G
Head 3: O
Captures: 0
Releases: 2
Turnouts: 0
Voltage: 12.2
RSSI: -98
LED Errors: 0
Version: 3
Revision: 4

2025-09-17 19:37:23.656793
Sender: 15
Head 0: G
Head 1: G
Head 2: G
Head 3: O
Captures: 0
Releases: 2
Turnouts: 0
Voltage: 12.2
RSSI: -98
LED Errors: 0
Version: 3
Revision: 4

2025-09-17 19:37:30.127379
Sender: 15
Head 0: G
Head 1: G
Head 2: G
Head 3: O
Captures: 0
Releases: 2
Turnouts: 0
Voltage: 12.2
RSSI: -98
LED Errors: 0
Version: 3
Revision: 4

2025-09-17 19:37:36.136280
Sender: 15
Head 0: G
Head 1: G
Head 2: G
Head 3: O
Captures: 0
Releases: 2
Turnouts: 0
Voltage: 12.2
RSSI: -98
LED Errors: 0
Version: 3
Revision: 4

2025-09-17 19:37:42.148903
Sender: 15
Head 0: G
Head 1: G
Head 2: G
Head 3: O
Captures: 0
Releases: 2
Turnouts: 0
Voltage: 12.2
RSSI: -98
LED Errors: 0
Version: 3
Revision: 4

2025-09-17 19:37:48.156976
Sender: 15
Head 0: G
Head 1: G
Head 2: G
Head 3: O
Captures: 0
Releases: 2
Turnouts: 0
Voltage: 12.2
RSSI: -98
LED Errors: 0
Version: 3
Revision: 4

2025-09-17 19:37:54.166723
Sender: 15
Head 0: G
Head 1: G
Head 2: G
Head 3: O
Captures: 0
Releases: 2
Turnouts: 0
Voltage: 12.2
RSSI: -98
LED Errors: 0
Version: 3
Revision: 4

2025-09-17 19:37:55.008916
Sender: 5
Head 0: A
Head 1: O
Head 2: O
Head 3: O
Captures: 0
Releases: 0
Turnouts: 0
Voltage: 12.1
RSSI: 0
LED Errors: 0
Version: 3
Revision: 4

2025-09-17 19:37:55.516512
Sender: 5
Head 0: A
Head 1: O
Head 2: O
Head 3: O
Captures: 0
Releases: 0
Turnouts: 0
Voltage: 12.1
RSSI: 0
LED Errors: 0
Version: 3
Revision: 4

2025-09-17 19:38:00.174940
Sender: 15
Head 0: G
Head 1: G
Head 2: G
Head 3: O
Captures: 0
Releases: 2
Turnouts: 0
Voltage: 12.2
RSSI: -98
LED Errors: 0
Version: 3
Revision: 4

2025-09-17 19:38:06.184067
Sender: 15
Head 0: G
Head 1: G
Head 2: G
Head 3: O
Captures: 0
Releases: 2
Turnouts: 0
Voltage: 12.2
RSSI: -98
LED Errors: 0
Version: 3
Revision: 4

2025-09-17 19:38:07.192536
Sender: 15
Head 0: G
Head 1: G
Head 2: G
Head 3: O
Captures: 0
Releases: 2
Turnouts: 0
Voltage: 12.2
RSSI: -98
LED Errors: 0
Version: 3
Revision: 4

2025-09-17 19:38:07.872541
Sender: 1
Head 0: R
Head 1: O
Head 2: O
Head 3: O
Captures: 0
Releases: 0
Turnouts: 0
Voltage: 12.9
RSSI: -108
LED Errors: 0
Version: 3
Revision: 4

2025-09-17 19:38:08.104425
Sender: 2
Head 0: A
Head 1: O
Head 2: O
Head 3: O
Captures: 1
Releases: 0
Turnouts: 0
Voltage: 12.1
RSSI: -113
LED Errors: 0
Version: 3
Revision: 4

2025-09-17 19:38:08.380300
Sender: 1
Head 0: R
Head 1: O
Head 2: O
Head 3: O
Captures: 0
Releases: 0
Turnouts: 0
Voltage: 12.9
RSSI: -108
LED Errors: 0
Version: 3
Revision: 4

2025-09-17 19:38:08.786792
Sender: 2
Head 0: A
Head 1: O
Head 2: O
Head 3: O
Captures: 1
Releases: 0
Turnouts: 0
Voltage: 12.1
RSSI: -113
LED Errors: 1
Version: 3
Revision: 4

2025-09-17 19:38:09.797861
Sender: 2
Head 0: A
Head 1: O
Head 2: O
Head 3: O
Captures: 0
Releases: 0
Turnouts: 0
Voltage: 12.1
RSSI: -113
LED Errors: 1
Version: 3
Revision: 4

2025-09-17 19:38:19.710779
Sender: 15
Head 0: G
Head 1: G
Head 2: G
Head 3: O
Captures: 0
Releases: 2
Turnouts: 0
Voltage: 12.2
RSSI: -98
LED Errors: 0
Version: 3
Revision: 4

2025-09-17 19:38:31.811745
Sender: 15
Head 0: G
Head 1: G
Head 2: G
Head 3: O
Captures: 0
Releases: 2
Turnouts: 0
Voltage: 12.2
RSSI: -98
LED Errors: 0
Version: 3
Revision: 4

2025-09-17 19:38:32.820625
Sender: 15
Head 0: G
Head 1: G
Head 2: G
Head 3: O
Captures: 0
Releases: 2
Turnouts: 0
Voltage: 12.2
RSSI: -98
LED Errors: 0
Version: 3
Revision: 4

2025-09-17 19:38:37.461960
Sender: 14
Head 0: G
Head 1: O
Head 2: O
Head 3: O
Captures: 0
Releases: 0
Turnouts: 0
Voltage: 12.3
RSSI: -86
LED Errors: 512
Version: 3
Revision: 3

2025-09-17 19:38:44.838117
Sender: 15
Head 0: G
Head 1: G
Head 2: G
Head 3: O
Captures: 0
Releases: 2
Turnouts: 0
Voltage: 12.2
RSSI: -98
LED Errors: 0
Version: 3
Revision: 4

2025-09-17 19:38:50.847859
Sender: 15
Head 0: G
Head 1: G
Head 2: G
Head 3: O
Captures: 0
Releases: 2
Turnouts: 0
Voltage: 12.2
RSSI: -98
LED Errors: 0
Version: 3
Revision: 4

2025-09-17 19:38:51.518459
Sender: 5
Head 0: G
Head 1: O
Head 2: O
Head 3: O
Captures: 0
Releases: 0
Turnouts: 0
Voltage: 12.1
RSSI: 0
LED Errors: 0
Version: 3
Revision: 4

2025-09-17 19:38:56.857197
Sender: 15
Head 0: G
Head 1: G
Head 2: G
Head 3: O
Captures: 0
Releases: 2
Turnouts: 0
Voltage: 12.2
RSSI: -98
LED Errors: 0
Version: 3
Revision: 4

2025-09-17 19:38:58.365573
Sender: 15
Head 0: G
Head 1: G
Head 2: G
Head 3: O
Captures: 0
Releases: 2
Turnouts: 0
Voltage: 12.2
RSSI: -98
LED Errors: 0
Version: 3
Revision: 4

2025-09-17 19:39:04.375133
Sender: 15
Head 0: G
Head 1: G
Head 2: G
Head 3: O
Captures: 0
Releases: 2
Turnouts: 0
Voltage: 12.2
RSSI: -98
LED Errors: 0
Version: 3
Revision: 4

2025-09-17 19:39:05.883724
Sender: 15
Head 0: G
Head 1: G
Head 2: G
Head 3: O
Captures: 0
Releases: 2
Turnouts: 0
Voltage: 12.2
RSSI: -98
LED Errors: 0
Version: 3
Revision: 4

2025-09-17 19:39:06.392022
Sender: 15
Head 0: G
Head 1: G
Head 2: G
Head 3: O
Captures: 0
Releases: 2
Turnouts: 0
Voltage: 12.2
RSSI: -98
LED Errors: 0
Version: 3
Revision: 4

2025-09-17 19:39:08.410693
Sender: 15
Head 0: G
Head 1: G
Head 2: G
Head 3: O
Captures: 0
Releases: 2
Turnouts: 0
Voltage: 12.2
RSSI: -98
LED Errors: 0
Version: 3
Revision: 4

2025-09-17 19:39:14.419761
Sender: 15
Head 0: G
Head 1: G
Head 2: G
Head 3: O
Captures: 0
Releases: 2
Turnouts: 0
Voltage: 12.2
RSSI: -98
LED Errors: 0
Version: 3
Revision: 4

2025-09-17 19:39:20.428681
Sender: 15
Head 0: G
Head 1: G
Head 2: G
Head 3: O
Captures: 0
Releases: 2
Turnouts: 0
Voltage: 12.2
RSSI: -98
LED Errors: 0
Version: 3
Revision: 4

2025-09-17 19:39:21.437854
Sender: 15
Head 0: G
Head 1: G
Head 2: G
Head 3: O
Captures: 0
Releases: 2
Turnouts: 0
Voltage: 12.2
RSSI: -98
LED Errors: 0
Version: 3
Revision: 4

2025-09-17 19:39:36.990764
Sender: 15
Head 0: G
Head 1: G
Head 2: G
Head 3: O
Captures: 0
Releases: 2
Turnouts: 0
Voltage: 12.2
RSSI: -98
LED Errors: 0
Version: 3
Revision: 4

2025-09-17 19:39:38.000921
Sender: 15
Head 0: G
Head 1: G
Head 2: G
Head 3: O
Captures: 0
Releases: 2
Turnouts: 0
Voltage: 12.2
RSSI: -98
LED Errors: 0
Version: 3
Revision: 4

2025-09-17 19:39:39.509845
Sender: 15
Head 0: G
Head 1: G
Head 2: G
Head 3: O
Captures: 0
Releases: 2
Turnouts: 0
Voltage: 12.2
RSSI: -98
LED Errors: 0
Version: 3
Revision: 4

2025-09-17 19:39:41.018438
Sender: 15
Head 0: G
Head 1: G
Head 2: G
Head 3: O
Captures: 0
Releases: 2
Turnouts: 0
Voltage: 12.2
RSSI: -98
LED Errors: 0
Version: 3
Revision: 4

2025-09-17 19:39:42.527153
Sender: 15
Head 0: G
Head 1: G
Head 2: G
Head 3: O
Captures: 0
Releases: 2
Turnouts: 0
Voltage: 12.2
RSSI: -98
LED Errors: 0
Version: 3
Revision: 4

2025-09-17 19:39:48.536436
Sender: 15
Head 0: G
Head 1: G
Head 2: G
Head 3: O
Captures: 0
Releases: 2
Turnouts: 0
Voltage: 12.2
RSSI: -98
LED Errors: 0
Version: 3
Revision: 4

2025-09-17 19:39:54.546151
Sender: 15
Head 0: G
Head 1: G
Head 2: G
Head 3: O
Captures: 0
Releases: 2
Turnouts: 0
Voltage: 12.2
RSSI: -98
LED Errors: 0
Version: 3
Revision: 4

2025-09-17 19:39:55.883619
Sender: 1
Head 0: G
Head 1: O
Head 2: O
Head 3: O
Captures: 0
Releases: 1
Turnouts: 0
Voltage: 12.9
RSSI: -108
LED Errors: 0
Version: 3
Revision: 4

2025-09-17 19:39:55.995683
Sender: 13
Head 0: G
Head 1: G
Head 2: O
Head 3: O
Captures: 0
Releases: 0
Turnouts: 0
Voltage: 13.6
RSSI: -109
LED Errors: 512
Version: 3
Revision: 4

2025-09-17 19:40:02.063683
Sender: 15
Head 0: G
Head 1: G
Head 2: G
Head 3: O
Captures: 0
Releases: 2
Turnouts: 0
Voltage: 12.2
RSSI: -98
LED Errors: 0
Version: 3
Revision: 4

2025-09-17 19:40:03.338633
Sender: 5
Head 0: O
Head 1: O
Head 2: O
Head 3: O
Captures: 0
Releases: 0
Turnouts: 0
Voltage: 12.1
RSSI: 0
LED Errors: 0
Version: 3
Revision: 4

2025-09-17 19:40:04.213391
Sender: 5
Head 0: G
Head 1: O
Head 2: O
Head 3: O
Captures: 0
Releases: 0
Turnouts: 0
Voltage: 12.1
RSSI: 0
LED Errors: 0
Version: 3
Revision: 4

2025-09-17 19:40:05.843208
Sender: 2
Head 0: G
Head 1: O
Head 2: O
Head 3: O
Captures: 0
Releases: 0
Turnouts: 0
Voltage: 12.1
RSSI: -113
LED Errors: 0
Version: 3
Revision: 4

2025-09-17 19:40:08.072445
Sender: 15
Head 0: G
Head 1: G
Head 2: G
Head 3: O
Captures: 0
Releases: 2
Turnouts: 0
Voltage: 12.2
RSSI: -98
LED Errors: 0
Version: 3
Revision: 4

2025-09-17 19:40:09.081170
Sender: 15
Head 0: G
Head 1: G
Head 2: G
Head 3: O
Captures: 0
Releases: 2
Turnouts: 0
Voltage: 12.2
RSSI: -98
LED Errors: 0
Version: 3
Revision: 4

2025-09-17 19:40:10.090447
Sender: 15
Head 0: G
Head 1: G
Head 2: G
Head 3: O
Captures: 0
Releases: 2
Turnouts: 0
Voltage: 12.2
RSSI: -98
LED Errors: 0
Version: 3
Revision: 4

2025-09-17 19:40:12.606587
Sender: 2
Head 0: A
Head 1: O
Head 2: O
Head 3: O
Captures: 1
Releases: 0
Turnouts: 0
Voltage: 12.1
RSSI: -113
LED Errors: 0
Version: 3
Revision: 4

2025-09-17 19:40:12.713820
Sender: 1
Head 0: R
Head 1: O
Head 2: O
Head 3: O
Captures: 0
Releases: 0
Turnouts: 0
Voltage: 12.9
RSSI: -108
LED Errors: 0
Version: 3
Revision: 4

2025-09-17 19:40:13.617306
Sender: 2
Head 0: A
Head 1: O
Head 2: O
Head 3: O
Captures: 0
Releases: 0
Turnouts: 0
Voltage: 12.1
RSSI: -113
LED Errors: 0
Version: 3
Revision: 4

2025-09-17 19:40:16.099205
Sender: 15
Head 0: G
Head 1: G
Head 2: G
Head 3: O
Captures: 0
Releases: 2
Turnouts: 0
Voltage: 12.2
RSSI: -98
LED Errors: 0
Version: 3
Revision: 4

2025-09-17 19:40:24.126462
Sender: 15
Head 0: G
Head 1: G
Head 2: G
Head 3: O
Captures: 0
Releases: 2
Turnouts: 0
Voltage: 12.2
RSSI: -98
LED Errors: 0
Version: 3
Revision: 4

2025-09-17 19:40:30.134962
Sender: 15
Head 0: G
Head 1: G
Head 2: G
Head 3: O
Captures: 0
Releases: 2
Turnouts: 0
Voltage: 12.2
RSSI: -98
LED Errors: 0
Version: 3
Revision: 4

2025-09-17 19:40:31.144350
Sender: 15
Head 0: G
Head 1: G
Head 2: G
Head 3: O
Captures: 0
Releases: 2
Turnouts: 0
Voltage: 12.2
RSSI: -98
LED Errors: 0
Version: 3
Revision: 4

2025-09-17 19:40:32.153292
Sender: 15
Head 0: G
Head 1: G
Head 2: G
Head 3: O
Captures: 0
Releases: 2
Turnouts: 0
Voltage: 12.2
RSSI: -98
LED Errors: 0
Version: 3
Revision: 4

2025-09-17 19:40:38.162028
Sender: 15
Head 0: G
Head 1: G
Head 2: G
Head 3: O
Captures: 0
Releases: 2
Turnouts: 0
Voltage: 12.2
RSSI: -98
LED Errors: 0
Version: 3
Revision: 4

2025-09-17 19:40:39.172394
Sender: 15
Head 0: G
Head 1: G
Head 2: G
Head 3: O
Captures: 0
Releases: 2
Turnouts: 0
Voltage: 12.2
RSSI: -98
LED Errors: 0
Version: 3
Revision: 4

2025-09-17 19:40:45.179459
Sender: 15
Head 0: G
Head 1: G
Head 2: G
Head 3: O
Captures: 0
Releases: 2
Turnouts: 0
Voltage: 12.2
RSSI: -98
LED Errors: 0
Version: 3
Revision: 4

2025-09-17 19:40:46.188422
Sender: 15
Head 0: G
Head 1: G
Head 2: G
Head 3: O
Captures: 0
Releases: 2
Turnouts: 0
Voltage: 12.2
RSSI: -98
LED Errors: 0
Version: 3
Revision: 4

2025-09-17 19:40:52.197952
Sender: 15
Head 0: G
Head 1: G
Head 2: G
Head 3: O
Captures: 0
Releases: 2
Turnouts: 0
Voltage: 12.2
RSSI: -98
LED Errors: 0
Version: 3
Revision: 4

2025-09-17 19:40:53.207019
Sender: 15
Head 0: G
Head 1: G
Head 2: G
Head 3: O
Captures: 0
Releases: 2
Turnouts: 0
Voltage: 12.2
RSSI: -98
LED Errors: 0
Version: 3
Revision: 4

2025-09-17 19:40:54.218019
Sender: 15
Head 0: G
Head 1: G
Head 2: G
Head 3: O
Captures: 0
Releases: 2
Turnouts: 0
Voltage: 12.2
RSSI: -98
LED Errors: 0
Version: 3
Revision: 4

2025-09-17 19:40:56.086335
Sender: 18
Head 0: G
Head 1: O
Head 2: O
Head 3: O
Captures: 0
Releases: 0
Turnouts: 0
Voltage: 12.0
RSSI: -108
LED Errors: 0
Version: 3
Revision: 1

2025-09-17 19:41:01.551704
Sender: 17
Head 0: G
Head 1: G
Head 2: O
Head 3: O
Captures: 0
Releases: 0
Turnouts: 0
Voltage: 12.1
RSSI: -115
LED Errors: 516
Version: 3
Revision: 4

2025-09-17 19:41:02.605658
Sender: 21
Head 0: G
Head 1: O
Head 2: O
Head 3: O
Captures: 0
Releases: 0
Turnouts: 0
Voltage: 12.2
RSSI: -104
LED Errors: 0
Version: 3
Revision: 3

2025-09-17 19:41:02.990722
Sender: 19
Head 0: G
Head 1: O
Head 2: O
Head 3: O
Captures: 0
Releases: 0
Turnouts: 0
Voltage: 12.1
RSSI: -103
LED Errors: 0
Version: 3
Revision: 0

2025-09-17 19:41:04.019901
Sender: 15
Head 0: G
Head 1: G
Head 2: G
Head 3: O
Captures: 0
Releases: 2
Turnouts: 0
Voltage: 12.2
RSSI: -98
LED Errors: 0
Version: 3
Revision: 4

2025-09-17 19:41:10.028796
Sender: 15
Head 0: G
Head 1: G
Head 2: G
Head 3: O
Captures: 0
Releases: 2
Turnouts: 0
Voltage: 12.2
RSSI: -98
LED Errors: 0
Version: 3
Revision: 4

2025-09-17 19:41:15.221205
Sender: 5
Head 0: G
Head 1: O
Head 2: O
Head 3: O
Captures: 0
Releases: 0
Turnouts: 0
Voltage: 12.1
RSSI: 0
LED Errors: 0
Version: 3
Revision: 4

2025-09-17 19:41:17.047042
Sender: 15
Head 0: G
Head 1: G
Head 2: G
Head 3: O
Captures: 0
Releases: 2
Turnouts: 0
Voltage: 12.2
RSSI: -98
LED Errors: 0
Version: 3
Revision: 4

2025-09-17 19:41:18.055620
Sender: 15
Head 0: G
Head 1: G
Head 2: G
Head 3: O
Captures: 0
Releases: 2
Turnouts: 0
Voltage: 12.2
RSSI: -98
LED Errors: 0
Version: 3
Revision: 4

2025-09-17 19:41:24.065121
Sender: 15
Head 0: G
Head 1: G
Head 2: G
Head 3: O
Captures: 0
Releases: 2
Turnouts: 0
Voltage: 12.2
RSSI: -98
LED Errors: 0
Version: 3
Revision: 4

2025-09-17 19:41:25.850519
Sender: 1
Head 0: G
Head 1: O
Head 2: O
Head 3: O
Captures: 0
Releases: 1
Turnouts: 0
Voltage: 12.9
RSSI: -108
LED Errors: 0
Version: 3
Revision: 4

2025-09-17 19:41:26.860137
Sender: 1
Head 0: G
Head 1: O
Head 2: O
Head 3: O
Captures: 0
Releases: 0
Turnouts: 0
Voltage: 12.9
RSSI: -108
LED Errors: 0
Version: 3
Revision: 4

2025-09-17 19:41:30.073856
Sender: 15
Head 0: G
Head 1: G
Head 2: G
Head 3: O
Captures: 0
Releases: 2
Turnouts: 0
Voltage: 12.2
RSSI: -98
LED Errors: 0
Version: 3
Revision: 4

2025-09-17 19:41:31.082817
Sender: 15
Head 0: G
Head 1: G
Head 2: G
Head 3: O
Captures: 0
Releases: 2
Turnouts: 0
Voltage: 12.2
RSSI: -98
LED Errors: 0
Version: 3
Revision: 4

2025-09-17 19:41:32.091954
Sender: 15
Head 0: G
Head 1: G
Head 2: G
Head 3: O
Captures: 0
Releases: 2
Turnouts: 0
Voltage: 12.2
RSSI: -98
LED Errors: 0
Version: 3
Revision: 4

2025-09-17 19:41:33.100558
Sender: 15
Head 0: G
Head 1: G
Head 2: G
Head 3: O
Captures: 0
Releases: 2
Turnouts: 0
Voltage: 12.2
RSSI: -98
LED Errors: 0
Version: 3
Revision: 4

2025-09-17 19:41:35.813050
Sender: 2
Head 0: G
Head 1: O
Head 2: O
Head 3: O
Captures: 0
Releases: 0
Turnouts: 0
Voltage: 12.1
RSSI: -113
LED Errors: 0
Version: 3
Revision: 4

2025-09-17 19:41:39.110211
Sender: 15
Head 0: G
Head 1: G
Head 2: G
Head 3: O
Captures: 0
Releases: 2
Turnouts: 0
Voltage: 12.2
RSSI: -98
LED Errors: 0
Version: 3
Revision: 4

2025-09-17 19:41:39.617765
Sender: 15
Head 0: G
Head 1: G
Head 2: G
Head 3: O
Captures: 0
Releases: 2
Turnouts: 0
Voltage: 12.2
RSSI: -98
LED Errors: 0
Version: 3
Revision: 4

2025-09-17 19:41:45.627981
Sender: 15
Head 0: G
Head 1: G
Head 2: G
Head 3: O
Captures: 0
Releases: 2
Turnouts: 0
Voltage: 12.2
RSSI: -98
LED Errors: 0
Version: 3
Revision: 4

2025-09-17 19:41:46.636246
Sender: 15
Head 0: G
Head 1: G
Head 2: G
Head 3: O
Captures: 0
Releases: 2
Turnouts: 0
Voltage: 12.2
RSSI: -98
LED Errors: 0
Version: 3
Revision: 4

2025-09-17 19:41:47.647459
Sender: 15
Head 0: G
Head 1: G
Head 2: G
Head 3: O
Captures: 0
Releases: 2
Turnouts: 0
Voltage: 12.2
RSSI: -98
LED Errors: 0
Version: 3
Revision: 4

2025-09-17 19:41:48.654543
Sender: 15
Head 0: G
Head 1: G
Head 2: G
Head 3: O
Captures: 0
Releases: 2
Turnouts: 0
Voltage: 12.2
RSSI: -98
LED Errors: 0
Version: 3
Revision: 4

2025-09-17 19:41:54.663605
Sender: 15
Head 0: G
Head 1: G
Head 2: G
Head 3: O
Captures: 0
Releases: 2
Turnouts: 0
Voltage: 12.2
RSSI: -98
LED Errors: 0
Version: 3
Revision: 4

2025-09-17 19:41:55.672937
Sender: 15
Head 0: G
Head 1: G
Head 2: G
Head 3: O
Captures: 0
Releases: 2
Turnouts: 0
Voltage: 12.2
RSSI: -98
LED Errors: 0
Version: 3
Revision: 4

2025-09-17 19:41:56.680466
Sender: 15
Head 0: G
Head 1: G
Head 2: G
Head 3: O
Captures: 0
Releases: 2
Turnouts: 0
Voltage: 12.2
RSSI: -98
LED Errors: 0
Version: 3
Revision: 4

2025-09-17 19:41:57.690017
Sender: 15
Head 0: G
Head 1: G
Head 2: G
Head 3: O
Captures: 0
Releases: 2
Turnouts: 0
Voltage: 12.2
RSSI: -98
LED Errors: 0
Version: 3
Revision: 4

2025-09-17 19:42:01.960880
Sender: 9
Head 0: G
Head 1: O
Head 2: O
Head 3: O
Captures: 0
Releases: 0
Turnouts: 0
Voltage: 12.6
RSSI: -98
LED Errors: 0
Version: 3
Revision: 4

2025-09-17 19:42:05.087287
Sender: 17
Head 0: A
Head 1: G
Head 2: O
Head 3: O
Captures: 0
Releases: 0
Turnouts: 0
Voltage: 12.1
RSSI: -115
LED Errors: 516
Version: 3
Revision: 4

2025-09-17 19:42:09.709513
Sender: 15
Head 0: G
Head 1: G
Head 2: G
Head 3: O
Captures: 0
Releases: 2
Turnouts: 0
Voltage: 12.2
RSSI: -98
LED Errors: 0
Version: 3
Revision: 4

2025-09-17 19:42:12.151340
Sender: 10
Head 0: G
Head 1: O
Head 2: O
Head 3: O
Captures: 0
Releases: 0
Turnouts: 0
Voltage: 12.8
RSSI: -96
LED Errors: 0
Version: 3
Revision: 4

2025-09-17 19:42:15.717194
Sender: 15
Head 0: G
Head 1: G
Head 2: G
Head 3: O
Captures: 0
Releases: 2
Turnouts: 0
Voltage: 12.2
RSSI: -98
LED Errors: 0
Version: 3
Revision: 4

2025-09-17 19:42:16.724949
Sender: 15
Head 0: G
Head 1: G
Head 2: G
Head 3: O
Captures: 0
Releases: 2
Turnouts: 0
Voltage: 12.2
RSSI: -98
LED Errors: 0
Version: 3
Revision: 4

2025-09-17 19:42:17.735525
Sender: 15
Head 0: G
Head 1: G
Head 2: G
Head 3: O
Captures: 0
Releases: 2
Turnouts: 0
Voltage: 12.2
RSSI: -98
LED Errors: 0
Version: 3
Revision: 4

2025-09-17 19:42:18.744765
Sender: 15
Head 0: G
Head 1: G
Head 2: G
Head 3: O
Captures: 0
Releases: 2
Turnouts: 0
Voltage: 12.2
RSSI: -98
LED Errors: 0
Version: 3
Revision: 4

2025-09-17 19:42:25.262745
Sender: 15
Head 0: G
Head 1: G
Head 2: G
Head 3: O
Captures: 0
Releases: 2
Turnouts: 0
Voltage: 12.2
RSSI: -98
LED Errors: 0
Version: 3
Revision: 4

2025-09-17 19:42:26.271717
Sender: 15
Head 0: G
Head 1: G
Head 2: G
Head 3: O
Captures: 0
Releases: 2
Turnouts: 0
Voltage: 12.2
RSSI: -98
LED Errors: 0
Version: 3
Revision: 4

2025-09-17 19:42:27.280271
Sender: 15
Head 0: G
Head 1: G
Head 2: G
Head 3: O
Captures: 0
Releases: 2
Turnouts: 0
Voltage: 12.2
RSSI: -98
LED Errors: 0
Version: 3
Revision: 4

2025-09-17 19:42:33.289485
Sender: 15
Head 0: G
Head 1: G
Head 2: G
Head 3: O
Captures: 0
Releases: 2
Turnouts: 0
Voltage: 12.2
RSSI: -98
LED Errors: 0
Version: 3
Revision: 4

2025-09-17 19:42:34.298588
Sender: 15
Head 0: G
Head 1: G
Head 2: G
Head 3: O
Captures: 0
Releases: 2
Turnouts: 0
Voltage: 12.2
RSSI: -98
LED Errors: 0
Version: 3
Revision: 4

2025-09-17 19:42:34.750420
Sender: 19
Head 0: G
Head 1: O
Head 2: O
Head 3: O
Captures: 0
Releases: 1
Turnouts: 0
Voltage: 12.1
RSSI: -103
LED Errors: 0
Version: 3
Revision: 0

2025-09-17 19:42:35.306406
Sender: 15
Head 0: G
Head 1: G
Head 2: G
Head 3: O
Captures: 0
Releases: 2
Turnouts: 0
Voltage: 12.2
RSSI: -98
LED Errors: 0
Version: 3
Revision: 4

2025-09-17 19:42:36.316375
Sender: 15
Head 0: G
Head 1: G
Head 2: G
Head 3: O
Captures: 0
Releases: 2
Turnouts: 0
Voltage: 12.2
RSSI: -98
LED Errors: 0
Version: 3
Revision: 4

2025-09-17 19:42:41.754517
Sender: 19
Head 0: G
Head 1: O
Head 2: O
Head 3: O
Captures: 0
Releases: 0
Turnouts: 0
Voltage: 12.1
RSSI: -103
LED Errors: 0
Version: 3
Revision: 0

2025-09-17 19:42:44.722588
Sender: 17
Head 0: G
Head 1: G
Head 2: O
Head 3: O
Captures: 0
Releases: 0
Turnouts: 0
Voltage: 12.1
RSSI: -115
LED Errors: 516
Version: 3
Revision: 4

2025-09-17 19:42:48.334405
Sender: 15
Head 0: G
Head 1: G
Head 2: G
Head 3: O
Captures: 0
Releases: 2
Turnouts: 0
Voltage: 12.2
RSSI: -98
LED Errors: 0
Version: 3
Revision: 4

2025-09-17 19:42:49.343027
Sender: 15
Head 0: G
Head 1: G
Head 2: G
Head 3: O
Captures: 0
Releases: 2
Turnouts: 0
Voltage: 12.2
RSSI: -98
LED Errors: 0
Version: 3
Revision: 4

2025-09-17 19:42:50.352297
Sender: 15
Head 0: G
Head 1: G
Head 2: G
Head 3: O
Captures: 0
Releases: 2
Turnouts: 0
Voltage: 12.2
RSSI: -98
LED Errors: 0
Version: 3
Revision: 4

2025-09-17 19:42:56.361413
Sender: 15
Head 0: G
Head 1: G
Head 2: G
Head 3: O
Captures: 0
Releases: 2
Turnouts: 0
Voltage: 12.2
RSSI: -98
LED Errors: 0
Version: 3
Revision: 4

2025-09-17 19:43:02.370093
Sender: 15
Head 0: G
Head 1: G
Head 2: G
Head 3: O
Captures: 0
Releases: 2
Turnouts: 0
Voltage: 12.2
RSSI: -98
LED Errors: 0
Version: 3
Revision: 4

2025-09-17 19:43:03.378925
Sender: 15
Head 0: G
Head 1: G
Head 2: G
Head 3: O
Captures: 0
Releases: 2
Turnouts: 0
Voltage: 12.2
RSSI: -98
LED Errors: 0
Version: 3
Revision: 4

2025-09-17 19:43:04.896550
Sender: 15
Head 0: G
Head 1: G
Head 2: G
Head 3: O
Captures: 0
Releases: 2
Turnouts: 0
Voltage: 12.2
RSSI: -98
LED Errors: 0
Version: 3
Revision: 4

2025-09-17 19:43:05.906001
Sender: 15
Head 0: G
Head 1: G
Head 2: G
Head 3: O
Captures: 0
Releases: 2
Turnouts: 0
Voltage: 12.2
RSSI: -98
LED Errors: 0
Version: 3
Revision: 4

2025-09-17 19:43:11.915104
Sender: 15
Head 0: G
Head 1: G
Head 2: G
Head 3: O
Captures: 0
Releases: 2
Turnouts: 0
Voltage: 12.2
RSSI: -98
LED Errors: 0
Version: 3
Revision: 4

2025-09-17 19:43:17.924916
Sender: 15
Head 0: G
Head 1: G
Head 2: G
Head 3: O
Captures: 0
Releases: 2
Turnouts: 0
Voltage: 12.2
RSSI: -98
LED Errors: 0
Version: 3
Revision: 4

2025-09-17 19:43:18.933133
Sender: 15
Head 0: G
Head 1: G
Head 2: G
Head 3: O
Captures: 0
Releases: 2
Turnouts: 0
Voltage: 12.2
RSSI: -98
LED Errors: 0
Version: 3
Revision: 4

2025-09-17 19:43:20.960184
Sender: 15
Head 0: G
Head 1: G
Head 2: G
Head 3: O
Captures: 0
Releases: 2
Turnouts: 0
Voltage: 12.2
RSSI: -98
LED Errors: 0
Version: 3
Revision: 4

2025-09-17 19:43:28.486545
Sender: 15
Head 0: G
Head 1: G
Head 2: G
Head 3: O
Captures: 0
Releases: 2
Turnouts: 0
Voltage: 12.2
RSSI: -98
LED Errors: 0
Version: 3
Revision: 4

2025-09-17 19:43:29.495562
Sender: 15
Head 0: G
Head 1: G
Head 2: G
Head 3: O
Captures: 0
Releases: 2
Turnouts: 0
Voltage: 12.2
RSSI: -98
LED Errors: 0
Version: 3
Revision: 4

2025-09-17 19:43:35.504718
Sender: 15
Head 0: G
Head 1: G
Head 2: G
Head 3: O
Captures: 0
Releases: 2
Turnouts: 0
Voltage: 12.2
RSSI: -98
LED Errors: 0
Version: 3
Revision: 4

2025-09-17 19:43:41.513802
Sender: 15
Head 0: G
Head 1: G
Head 2: G
Head 3: O
Captures: 0
Releases: 2
Turnouts: 0
Voltage: 12.2
RSSI: -98
LED Errors: 0
Version: 3
Revision: 4

2025-09-17 19:43:47.522866
Sender: 15
Head 0: G
Head 1: G
Head 2: G
Head 3: O
Captures: 0
Releases: 2
Turnouts: 0
Voltage: 12.2
RSSI: -98
LED Errors: 0
Version: 3
Revision: 4

2025-09-17 19:43:53.531882
Sender: 15
Head 0: G
Head 1: G
Head 2: G
Head 3: O
Captures: 0
Releases: 2
Turnouts: 0
Voltage: 12.2
RSSI: -98
LED Errors: 0
Version: 3
Revision: 4

2025-09-17 19:43:54.540815
Sender: 15
Head 0: G
Head 1: G
Head 2: G
Head 3: O
Captures: 0
Releases: 2
Turnouts: 0
Voltage: 12.2
RSSI: -98
LED Errors: 0
Version: 3
Revision: 4

2025-09-17 19:43:55.550295
Sender: 15
Head 0: G
Head 1: G
Head 2: G
Head 3: O
Captures: 0
Releases: 2
Turnouts: 0
Voltage: 12.2
RSSI: -98
LED Errors: 0
Version: 3
Revision: 4

2025-09-17 19:43:56.558870
Sender: 15
Head 0: G
Head 1: G
Head 2: G
Head 3: O
Captures: 0
Releases: 2
Turnouts: 0
Voltage: 12.2
RSSI: -98
LED Errors: 0
Version: 3
Revision: 4

2025-09-17 19:44:00.603873
Sender: 15
Head 0: G
Head 1: G
Head 2: G
Head 3: O
Captures: 0
Releases: 2
Turnouts: 0
Voltage: 12.2
RSSI: -98
LED Errors: 0
Version: 3
Revision: 4

2025-09-17 19:44:01.612900
Sender: 15
Head 0: G
Head 1: G
Head 2: G
Head 3: O
Captures: 0
Releases: 2
Turnouts: 0
Voltage: 12.2
RSSI: -98
LED Errors: 0
Version: 3
Revision: 4

2025-09-17 19:44:02.621966
Sender: 15
Head 0: G
Head 1: G
Head 2: G
Head 3: O
Captures: 0
Releases: 2
Turnouts: 0
Voltage: 12.2
RSSI: -98
LED Errors: 0
Version: 3
Revision: 4

2025-09-17 19:44:08.630996
Sender: 15
Head 0: G
Head 1: G
Head 2: G
Head 3: O
Captures: 0
Releases: 2
Turnouts: 0
Voltage: 12.2
RSSI: -98
LED Errors: 0
Version: 3
Revision: 4

2025-09-17 19:44:09.639658
Sender: 15
Head 0: G
Head 1: G
Head 2: G
Head 3: O
Captures: 0
Releases: 2
Turnouts: 0
Voltage: 12.2
RSSI: -98
LED Errors: 0
Version: 3
Revision: 4

2025-09-17 19:44:10.648702
Sender: 15
Head 0: G
Head 1: G
Head 2: G
Head 3: O
Captures: 0
Releases: 2
Turnouts: 0
Voltage: 12.2
RSSI: -98
LED Errors: 0
Version: 3
Revision: 4

2025-09-17 19:44:18.175603
Sender: 15
Head 0: G
Head 1: G
Head 2: G
Head 3: O
Captures: 0
Releases: 2
Turnouts: 0
Voltage: 12.2
RSSI: -98
LED Errors: 0
Version: 3
Revision: 4

2025-09-17 19:44:19.184849
Sender: 15
Head 0: G
Head 1: G
Head 2: G
Head 3: O
Captures: 0
Releases: 2
Turnouts: 0
Voltage: 12.2
RSSI: -98
LED Errors: 0
Version: 3
Revision: 4

2025-09-17 19:44:25.193767
Sender: 15
Head 0: G
Head 1: G
Head 2: G
Head 3: O
Captures: 0
Releases: 2
Turnouts: 0
Voltage: 12.2
RSSI: -98
LED Errors: 0
Version: 3
Revision: 4

2025-09-17 19:44:26.202741
Sender: 15
Head 0: G
Head 1: G
Head 2: G
Head 3: O
Captures: 0
Releases: 2
Turnouts: 0
Voltage: 12.2
RSSI: -98
LED Errors: 0
Version: 3
Revision: 4

2025-09-17 19:44:27.211615
Sender: 15
Head 0: G
Head 1: G
Head 2: G
Head 3: O
Captures: 0
Releases: 2
Turnouts: 0
Voltage: 12.2
RSSI: -98
LED Errors: 0
Version: 3
Revision: 4

2025-09-17 19:44:28.221073
Sender: 15
Head 0: G
Head 1: G
Head 2: G
Head 3: O
Captures: 0
Releases: 2
Turnouts: 0
Voltage: 12.2
RSSI: -98
LED Errors: 0
Version: 3
Revision: 4

2025-09-17 19:44:30.238621
Sender: 15
Head 0: G
Head 1: G
Head 2: G
Head 3: O
Captures: 0
Releases: 2
Turnouts: 0
Voltage: 12.2
RSSI: -98
LED Errors: 0
Version: 3
Revision: 4

2025-09-17 19:44:31.247576
Sender: 15
Head 0: G
Head 1: G
Head 2: G
Head 3: O
Captures: 0
Releases: 2
Turnouts: 0
Voltage: 12.2
RSSI: -98
LED Errors: 0
Version: 3
Revision: 4

2025-09-17 19:44:32.256559
Sender: 15
Head 0: G
Head 1: G
Head 2: G
Head 3: O
Captures: 0
Releases: 2
Turnouts: 0
Voltage: 12.2
RSSI: -98
LED Errors: 0
Version: 3
Revision: 4

2025-09-17 19:44:33.265442
Sender: 15
Head 0: G
Head 1: G
Head 2: G
Head 3: O
Captures: 0
Releases: 2
Turnouts: 0
Voltage: 12.2
RSSI: -98
LED Errors: 0
Version: 3
Revision: 4

2025-09-17 19:44:38.347219
Sender: 14
Head 0: G
Head 1: O
Head 2: O
Head 3: O
Captures: 0
Releases: 0
Turnouts: 0
Voltage: 12.3
RSSI: -86
LED Errors: 512
Version: 3
Revision: 3

2025-09-17 19:44:39.274651
Sender: 15
Head 0: G
Head 1: G
Head 2: G
Head 3: O
Captures: 0
Releases: 2
Turnouts: 0
Voltage: 12.2
RSSI: -98
LED Errors: 0
Version: 3
Revision: 4

2025-09-17 19:44:40.283670
Sender: 15
Head 0: G
Head 1: G
Head 2: G
Head 3: O
Captures: 0
Releases: 2
Turnouts: 0
Voltage: 12.2
RSSI: -98
LED Errors: 0
Version: 3
Revision: 4

2025-09-17 19:44:46.292495
Sender: 15
Head 0: G
Head 1: G
Head 2: G
Head 3: O
Captures: 0
Releases: 2
Turnouts: 0
Voltage: 12.2
RSSI: -98
LED Errors: 0
Version: 3
Revision: 4

2025-09-17 19:44:47.810594
Sender: 15
Head 0: G
Head 1: G
Head 2: G
Head 3: O
Captures: 0
Releases: 2
Turnouts: 0
Voltage: 12.2
RSSI: -98
LED Errors: 0
Version: 3
Revision: 4

2025-09-17 19:44:53.819612
Sender: 15
Head 0: G
Head 1: G
Head 2: G
Head 3: O
Captures: 0
Releases: 2
Turnouts: 0
Voltage: 12.2
RSSI: -98
LED Errors: 0
Version: 3
Revision: 4

2025-09-17 19:45:00.337570
Sender: 15
Head 0: G
Head 1: G
Head 2: G
Head 3: O
Captures: 0
Releases: 2
Turnouts: 0
Voltage: 12.2
RSSI: -98
LED Errors: 0
Version: 3
Revision: 4

2025-09-17 19:45:02.355715
Sender: 15
Head 0: G
Head 1: G
Head 2: G
Head 3: O
Captures: 0
Releases: 2
Turnouts: 0
Voltage: 12.2
RSSI: -98
LED Errors: 0
Version: 3
Revision: 4

2025-09-17 19:45:08.364163
Sender: 15
Head 0: G
Head 1: G
Head 2: G
Head 3: O
Captures: 0
Releases: 2
Turnouts: 0
Voltage: 12.2
RSSI: -98
LED Errors: 0
Version: 3
Revision: 4

2025-09-17 19:45:11.233545
Sender: 5
Head 0: G
Head 1: O
Head 2: O
Head 3: O
Captures: 0
Releases: 0
Turnouts: 0
Voltage: 12.1
RSSI: 0
LED Errors: 0
Version: 3
Revision: 4

2025-09-17 19:45:14.373377
Sender: 15
Head 0: G
Head 1: G
Head 2: G
Head 3: O
Captures: 0
Releases: 2
Turnouts: 0
Voltage: 12.2
RSSI: -98
LED Errors: 0
Version: 3
Revision: 4

2025-09-17 19:45:15.382305
Sender: 15
Head 0: G
Head 1: G
Head 2: G
Head 3: O
Captures: 0
Releases: 2
Turnouts: 0
Voltage: 12.2
RSSI: -98
LED Errors: 0
Version: 3
Revision: 4

2025-09-17 19:45:21.391362
Sender: 15
Head 0: G
Head 1: G
Head 2: G
Head 3: O
Captures: 0
Releases: 2
Turnouts: 0
Voltage: 12.2
RSSI: -98
LED Errors: 0
Version: 3
Revision: 4

2025-09-17 19:45:27.909390
Sender: 15
Head 0: G
Head 1: G
Head 2: G
Head 3: O
Captures: 0
Releases: 2
Turnouts: 0
Voltage: 12.2
RSSI: -98
LED Errors: 0
Version: 3
Revision: 4

2025-09-17 19:45:28.918246
Sender: 15
Head 0: G
Head 1: G
Head 2: G
Head 3: O
Captures: 0
Releases: 2
Turnouts: 0
Voltage: 12.2
RSSI: -98
LED Errors: 0
Version: 3
Revision: 4

2025-09-17 19:45:33.767271
Sender: 5
Head 0: G
Head 1: O
Head 2: O
Head 3: O
Captures: 0
Releases: 0
Turnouts: 0
Voltage: 12.1
RSSI: 0
LED Errors: 0
Version: 3
Revision: 4

2025-09-17 19:45:34.925852
Sender: 15
Head 0: G
Head 1: G
Head 2: G
Head 3: O
Captures: 0
Releases: 2
Turnouts: 0
Voltage: 12.2
RSSI: -98
LED Errors: 0
Version: 3
Revision: 4

2025-09-17 19:45:40.938593
Sender: 15
Head 0: G
Head 1: G
Head 2: G
Head 3: O
Captures: 0
Releases: 2
Turnouts: 0
Voltage: 12.2
RSSI: -98
LED Errors: 0
Version: 3
Revision: 4

2025-09-17 19:45:46.945324
Sender: 15
Head 0: G
Head 1: G
Head 2: G
Head 3: O
Captures: 0
Releases: 2
Turnouts: 0
Voltage: 12.2
RSSI: -98
LED Errors: 0
Version: 3
Revision: 4

2025-09-17 19:45:52.954394
Sender: 15
Head 0: G
Head 1: G
Head 2: G
Head 3: O
Captures: 0
Releases: 2
Turnouts: 0
Voltage: 12.2
RSSI: -98
LED Errors: 0
Version: 3
Revision: 4

2025-09-17 19:45:57.301763
Sender: 13
Head 0: G
Head 1: G
Head 2: O
Head 3: O
Captures: 0
Releases: 0
Turnouts: 0
Voltage: 13.7
RSSI: -109
LED Errors: 512
Version: 3
Revision: 4

2025-09-17 19:45:59.979739
Sender: 15
Head 0: G
Head 1: G
Head 2: G
Head 3: O
Captures: 0
Releases: 2
Turnouts: 0
Voltage: 12.2
RSSI: -98
LED Errors: 0
Version: 3
Revision: 4

2025-09-17 19:46:07.008064
Sender: 15
Head 0: G
Head 1: G
Head 2: G
Head 3: O
Captures: 0
Releases: 2
Turnouts: 0
Voltage: 12.2
RSSI: -98
LED Errors: 0
Version: 3
Revision: 4

2025-09-17 19:46:08.017038
Sender: 15
Head 0: G
Head 1: G
Head 2: G
Head 3: O
Captures: 0
Releases: 2
Turnouts: 0
Voltage: 12.2
RSSI: -98
LED Errors: 0
Version: 3
Revision: 4

2025-09-17 19:46:14.535117
Sender: 15
Head 0: G
Head 1: G
Head 2: G
Head 3: O
Captures: 0
Releases: 2
Turnouts: 0
Voltage: 12.2
RSSI: -98
LED Errors: 0
Version: 3
Revision: 4

2025-09-17 19:46:15.544208
Sender: 15
Head 0: G
Head 1: G
Head 2: G
Head 3: O
Captures: 0
Releases: 2
Turnouts: 0
Voltage: 12.2
RSSI: -98
LED Errors: 0
Version: 3
Revision: 4

2025-09-17 19:46:16.552813
Sender: 15
Head 0: G
Head 1: G
Head 2: G
Head 3: O
Captures: 0
Releases: 2
Turnouts: 0
Voltage: 12.2
RSSI: -98
LED Errors: 0
Version: 3
Revision: 4

2025-09-17 19:46:17.562232
Sender: 15
Head 0: G
Head 1: G
Head 2: G
Head 3: O
Captures: 0
Releases: 2
Turnouts: 0
Voltage: 12.2
RSSI: -98
LED Errors: 0
Version: 3
Revision: 4

2025-09-17 19:46:29.580109
Sender: 15
Head 0: G
Head 1: G
Head 2: G
Head 3: O
Captures: 0
Releases: 2
Turnouts: 0
Voltage: 12.2
RSSI: -98
LED Errors: 0
Version: 3
Revision: 4

2025-09-17 19:46:30.588115
Sender: 15
Head 0: G
Head 1: G
Head 2: G
Head 3: O
Captures: 0
Releases: 2
Turnouts: 0
Voltage: 12.2
RSSI: -98
LED Errors: 0
Version: 3
Revision: 4

2025-09-17 19:46:31.597855
Sender: 15
Head 0: G
Head 1: G
Head 2: G
Head 3: O
Captures: 0
Releases: 2
Turnouts: 0
Voltage: 12.2
RSSI: -98
LED Errors: 0
Version: 3
Revision: 4

2025-09-17 19:46:32.606878
Sender: 15
Head 0: G
Head 1: G
Head 2: G
Head 3: O
Captures: 0
Releases: 2
Turnouts: 0
Voltage: 12.2
RSSI: -98
LED Errors: 0
Version: 3
Revision: 4

2025-09-17 19:46:33.616126
Sender: 15
Head 0: G
Head 1: G
Head 2: G
Head 3: O
Captures: 0
Releases: 2
Turnouts: 0
Voltage: 12.2
RSSI: -98
LED Errors: 0
Version: 3
Revision: 4

2025-09-17 19:46:34.625054
Sender: 15
Head 0: G
Head 1: G
Head 2: G
Head 3: O
Captures: 0
Releases: 2
Turnouts: 0
Voltage: 12.2
RSSI: -98
LED Errors: 0
Version: 3
Revision: 4

2025-09-17 19:46:40.633013
Sender: 15
Head 0: G
Head 1: G
Head 2: G
Head 3: O
Captures: 0
Releases: 2
Turnouts: 0
Voltage: 12.2
RSSI: -98
LED Errors: 0
Version: 3
Revision: 4

2025-09-17 19:46:41.643710
Sender: 15
Head 0: G
Head 1: G
Head 2: G
Head 3: O
Captures: 0
Releases: 2
Turnouts: 0
Voltage: 12.2
RSSI: -98
LED Errors: 0
Version: 3
Revision: 4

2025-09-17 19:46:47.652747
Sender: 15
Head 0: G
Head 1: G
Head 2: G
Head 3: O
Captures: 0
Releases: 2
Turnouts: 0
Voltage: 12.2
RSSI: -98
LED Errors: 0
Version: 3
Revision: 4

2025-09-17 19:46:49.170818
Sender: 15
Head 0: G
Head 1: G
Head 2: G
Head 3: O
Captures: 0
Releases: 2
Turnouts: 0
Voltage: 12.2
RSSI: -98
LED Errors: 0
Version: 3
Revision: 4

2025-09-17 19:46:55.179975
Sender: 15
Head 0: G
Head 1: G
Head 2: G
Head 3: O
Captures: 0
Releases: 2
Turnouts: 0
Voltage: 12.2
RSSI: -98
LED Errors: 0
Version: 3
Revision: 4

2025-09-17 19:46:56.187588
Sender: 15
Head 0: G
Head 1: G
Head 2: G
Head 3: O
Captures: 0
Releases: 2
Turnouts: 0
Voltage: 12.2
RSSI: -98
LED Errors: 0
Version: 3
Revision: 4

2025-09-17 19:46:57.197650
Sender: 15
Head 0: G
Head 1: G
Head 2: G
Head 3: O
Captures: 0
Releases: 2
Turnouts: 0
Voltage: 12.2
RSSI: -98
LED Errors: 0
Version: 3
Revision: 4

2025-09-17 19:47:02.983573
Sender: 21
Head 0: G
Head 1: O
Head 2: O
Head 3: O
Captures: 0
Releases: 0
Turnouts: 0
Voltage: 12.2
RSSI: -104
LED Errors: 0
Version: 3
Revision: 3

2025-09-17 19:47:03.263184
Sender: 15
Head 0: G
Head 1: G
Head 2: G
Head 3: O
Captures: 0
Releases: 2
Turnouts: 0
Voltage: 12.2
RSSI: -98
LED Errors: 0
Version: 3
Revision: 4

2025-09-17 19:47:05.601744
Sender: 18
Head 0: G
Head 1: O
Head 2: O
Head 3: O
Captures: 0
Releases: 0
Turnouts: 0
Voltage: 11.9
RSSI: -108
LED Errors: 0
Version: 3
Revision: 1

2025-09-17 19:47:09.215690
Sender: 15
Head 0: G
Head 1: G
Head 2: G
Head 3: O
Captures: 0
Releases: 2
Turnouts: 0
Voltage: 12.2
RSSI: -98
LED Errors: 0
Version: 3
Revision: 4

2025-09-17 19:47:15.224716
Sender: 15
Head 0: G
Head 1: G
Head 2: G
Head 3: O
Captures: 0
Releases: 2
Turnouts: 0
Voltage: 12.2
RSSI: -98
LED Errors: 0
Version: 3
Revision: 4

2025-09-17 19:47:21.733597
Sender: 15
Head 0: G
Head 1: G
Head 2: G
Head 3: O
Captures: 0
Releases: 2
Turnouts: 0
Voltage: 12.2
RSSI: -98
LED Errors: 0
Version: 3
Revision: 4

2025-09-17 19:47:27.742644
Sender: 15
Head 0: G
Head 1: G
Head 2: G
Head 3: O
Captures: 0
Releases: 2
Turnouts: 0
Voltage: 12.2
RSSI: -98
LED Errors: 0
Version: 3
Revision: 4

2025-09-17 19:47:28.318557
Sender: 1
Head 0: G
Head 1: O
Head 2: O
Head 3: O
Captures: 0
Releases: 0
Turnouts: 0
Voltage: 12.9
RSSI: -108
LED Errors: 0
Version: 3
Revision: 4

2025-09-17 19:47:34.251535
Sender: 15
Head 0: G
Head 1: G
Head 2: G
Head 3: O
Captures: 0
Releases: 2
Turnouts: 0
Voltage: 12.2
RSSI: -98
LED Errors: 0
Version: 3
Revision: 4

2025-09-17 19:47:38.302795
Sender: 2
Head 0: G
Head 1: O
Head 2: O
Head 3: O
Captures: 0
Releases: 0
Turnouts: 0
Voltage: 12.1
RSSI: -113
LED Errors: 0
Version: 3
Revision: 4

2025-09-17 19:47:40.260574
Sender: 15
Head 0: G
Head 1: G
Head 2: G
Head 3: O
Captures: 0
Releases: 2
Turnouts: 0
Voltage: 12.2
RSSI: -98
LED Errors: 0
Version: 3
Revision: 4

2025-09-17 19:47:46.778704
Sender: 15
Head 0: G
Head 1: G
Head 2: G
Head 3: O
Captures: 0
Releases: 2
Turnouts: 0
Voltage: 12.2
RSSI: -98
LED Errors: 0
Version: 3
Revision: 4

2025-09-17 19:47:47.787675
Sender: 15
Head 0: G
Head 1: G
Head 2: G
Head 3: O
Captures: 0
Releases: 2
Turnouts: 0
Voltage: 12.2
RSSI: -98
LED Errors: 0
Version: 3
Revision: 4

2025-09-17 19:47:48.796225
Sender: 15
Head 0: G
Head 1: G
Head 2: G
Head 3: O
Captures: 0
Releases: 2
Turnouts: 0
Voltage: 12.2
RSSI: -98
LED Errors: 0
Version: 3
Revision: 4

2025-09-17 19:47:54.805450
Sender: 15
Head 0: G
Head 1: G
Head 2: G
Head 3: O
Captures: 0
Releases: 2
Turnouts: 0
Voltage: 12.2
RSSI: -98
LED Errors: 0
Version: 3
Revision: 4

2025-09-17 19:47:55.814523
Sender: 15
Head 0: G
Head 1: G
Head 2: G
Head 3: O
Captures: 0
Releases: 2
Turnouts: 0
Voltage: 12.2
RSSI: -98
LED Errors: 0
Version: 3
Revision: 4

2025-09-17 19:47:56.823580
Sender: 15
Head 0: G
Head 1: G
Head 2: G
Head 3: O
Captures: 0
Releases: 2
Turnouts: 0
Voltage: 12.2
RSSI: -98
LED Errors: 0
Version: 3
Revision: 4

2025-09-17 19:48:02.830921
Sender: 15
Head 0: G
Head 1: G
Head 2: G
Head 3: O
Captures: 0
Releases: 2
Turnouts: 0
Voltage: 12.2
RSSI: -98
LED Errors: 0
Version: 3
Revision: 4

2025-09-17 19:48:03.841304
Sender: 15
Head 0: G
Head 1: G
Head 2: G
Head 3: O
Captures: 0
Releases: 2
Turnouts: 0
Voltage: 12.2
RSSI: -98
LED Errors: 0
Version: 3
Revision: 4

2025-09-17 19:48:04.850616
Sender: 15
Head 0: G
Head 1: G
Head 2: G
Head 3: O
Captures: 0
Releases: 2
Turnouts: 0
Voltage: 12.2
RSSI: -98
LED Errors: 0
Version: 3
Revision: 4

2025-09-17 19:48:05.859238
Sender: 15
Head 0: G
Head 1: G
Head 2: G
Head 3: O
Captures: 0
Releases: 2
Turnouts: 0
Voltage: 12.2
RSSI: -98
LED Errors: 0
Version: 3
Revision: 4

2025-09-17 19:48:06.553420
Sender: 9
Head 0: G
Head 1: O
Head 2: O
Head 3: O
Captures: 0
Releases: 0
Turnouts: 0
Voltage: 12.6
RSSI: -98
LED Errors: 0
Version: 3
Revision: 4

2025-09-17 19:48:06.867973
Sender: 15
Head 0: G
Head 1: G
Head 2: G
Head 3: O
Captures: 0
Releases: 2
Turnouts: 0
Voltage: 12.2
RSSI: -98
LED Errors: 0
Version: 3
Revision: 4

2025-09-17 19:48:13.765983
Sender: 10
Head 0: G
Head 1: O
Head 2: O
Head 3: O
Captures: 0
Releases: 0
Turnouts: 0
Voltage: 12.8
RSSI: -96
LED Errors: 0
Version: 3
Revision: 4

2025-09-17 19:48:15.153965
Sender: 15
Head 0: G
Head 1: G
Head 2: G
Head 3: O
Captures: 0
Releases: 2
Turnouts: 0
Voltage: 12.2
RSSI: -98
LED Errors: 0
Version: 3
Revision: 4

2025-09-17 19:48:21.162268
Sender: 15
Head 0: G
Head 1: G
Head 2: G
Head 3: O
Captures: 0
Releases: 2
Turnouts: 0
Voltage: 12.2
RSSI: -98
LED Errors: 0
Version: 3
Revision: 4

2025-09-17 19:48:27.172261
Sender: 15
Head 0: G
Head 1: G
Head 2: G
Head 3: O
Captures: 0
Releases: 2
Turnouts: 0
Voltage: 12.2
RSSI: -98
LED Errors: 0
Version: 3
Revision: 4

2025-09-17 19:48:33.181417
Sender: 15
Head 0: G
Head 1: G
Head 2: G
Head 3: O
Captures: 0
Releases: 2
Turnouts: 0
Voltage: 12.2
RSSI: -98
LED Errors: 0
Version: 3
Revision: 4

2025-09-17 19:48:39.190008
Sender: 15
Head 0: G
Head 1: G
Head 2: G
Head 3: O
Captures: 0
Releases: 2
Turnouts: 0
Voltage: 12.2
RSSI: -98
LED Errors: 0
Version: 3
Revision: 4

2025-09-17 19:48:43.934501
Sender: 19
Head 0: G
Head 1: O
Head 2: O
Head 3: O
Captures: 0
Releases: 0
Turnouts: 0
Voltage: 12.1
RSSI: -103
LED Errors: 0
Version: 3
Revision: 0

2025-09-17 19:48:45.199282
Sender: 15
Head 0: G
Head 1: G
Head 2: G
Head 3: O
Captures: 0
Releases: 2
Turnouts: 0
Voltage: 12.2
RSSI: -98
LED Errors: 0
Version: 3
Revision: 4

2025-09-17 19:48:46.207984
Sender: 15
Head 0: G
Head 1: G
Head 2: G
Head 3: O
Captures: 0
Releases: 2
Turnouts: 0
Voltage: 12.2
RSSI: -98
LED Errors: 0
Version: 3
Revision: 4

2025-09-17 19:48:47.217177
Sender: 15
Head 0: G
Head 1: G
Head 2: G
Head 3: O
Captures: 0
Releases: 2
Turnouts: 0
Voltage: 12.2
RSSI: -98
LED Errors: 0
Version: 3
Revision: 4

2025-09-17 19:48:48.226238
Sender: 15
Head 0: G
Head 1: G
Head 2: G
Head 3: O
Captures: 0
Releases: 2
Turnouts: 0
Voltage: 12.2
RSSI: -98
LED Errors: 0
Version: 3
Revision: 4

2025-09-17 19:48:49.193174
Sender: 17
Head 0: G
Head 1: G
Head 2: O
Head 3: O
Captures: 0
Releases: 0
Turnouts: 0
Voltage: 12.1
RSSI: -115
LED Errors: 0
Version: 3
Revision: 4

2025-09-17 19:48:49.494092
Sender: 15
Head 0: G
Head 1: G
Head 2: G
Head 3: O
Captures: 0
Releases: 2
Turnouts: 0
Voltage: 12.2
RSSI: -98
LED Errors: 0
Version: 3
Revision: 4

2025-09-17 19:48:55.301079
Sender: 15
Head 0: G
Head 1: G
Head 2: G
Head 3: O
Captures: 0
Releases: 2
Turnouts: 0
Voltage: 12.2
RSSI: -98
LED Errors: 0
Version: 3
Revision: 4

2025-09-17 19:49:01.310089
Sender: 15
Head 0: G
Head 1: G
Head 2: G
Head 3: O
Captures: 0
Releases: 2
Turnouts: 0
Voltage: 12.2
RSSI: -98
LED Errors: 0
Version: 3
Revision: 4

2025-09-17 19:49:02.319154
Sender: 15
Head 0: G
Head 1: G
Head 2: G
Head 3: O
Captures: 0
Releases: 2
Turnouts: 0
Voltage: 12.2
RSSI: -98
LED Errors: 0
Version: 3
Revision: 4

2025-09-17 19:49:08.327852
Sender: 15
Head 0: G
Head 1: G
Head 2: G
Head 3: O
Captures: 0
Releases: 2
Turnouts: 0
Voltage: 12.2
RSSI: -98
LED Errors: 0
Version: 3
Revision: 4

2025-09-17 19:49:09.336818
Sender: 15
Head 0: G
Head 1: G
Head 2: G
Head 3: O
Captures: 0
Releases: 2
Turnouts: 0
Voltage: 12.2
RSSI: -98
LED Errors: 0
Version: 3
Revision: 4

2025-09-17 19:49:10.346589
Sender: 15
Head 0: G
Head 1: G
Head 2: G
Head 3: O
Captures: 0
Releases: 2
Turnouts: 0
Voltage: 12.2
RSSI: -98
LED Errors: 0
Version: 3
Revision: 4

2025-09-17 19:49:16.354968
Sender: 15
Head 0: G
Head 1: G
Head 2: G
Head 3: O
Captures: 0
Releases: 2
Turnouts: 0
Voltage: 12.2
RSSI: -98
LED Errors: 0
Version: 3
Revision: 4

2025-09-17 19:49:17.363716
Sender: 15
Head 0: G
Head 1: G
Head 2: G
Head 3: O
Captures: 0
Releases: 2
Turnouts: 0
Voltage: 12.2
RSSI: -98
LED Errors: 0
Version: 3
Revision: 4

2025-09-17 19:49:18.372855
Sender: 15
Head 0: G
Head 1: G
Head 2: G
Head 3: O
Captures: 0
Releases: 2
Turnouts: 0
Voltage: 12.2
RSSI: -98
LED Errors: 0
Version: 3
Revision: 4

2025-09-17 19:49:19.380616
Sender: 15
Head 0: G
Head 1: G
Head 2: G
Head 3: O
Captures: 0
Releases: 2
Turnouts: 0
Voltage: 12.2
RSSI: -98
LED Errors: 0
Version: 3
Revision: 4

2025-09-17 19:49:21.917909
Sender: 15
Head 0: G
Head 1: G
Head 2: G
Head 3: O
Captures: 0
Releases: 2
Turnouts: 0
Voltage: 12.2
RSSI: -98
LED Errors: 0
Version: 3
Revision: 4

2025-09-17 19:49:22.926935
Sender: 15
Head 0: G
Head 1: G
Head 2: G
Head 3: O
Captures: 0
Releases: 2
Turnouts: 0
Voltage: 12.2
RSSI: -98
LED Errors: 0
Version: 3
Revision: 4

2025-09-17 19:49:23.935984
Sender: 15
Head 0: G
Head 1: G
Head 2: G
Head 3: O
Captures: 0
Releases: 2
Turnouts: 0
Voltage: 12.2
RSSI: -98
LED Errors: 0
Version: 3
Revision: 4

2025-09-17 19:49:24.945029
Sender: 15
Head 0: G
Head 1: G
Head 2: G
Head 3: O
Captures: 0
Releases: 2
Turnouts: 0
Voltage: 12.2
RSSI: -98
LED Errors: 0
Version: 3
Revision: 4

2025-09-17 19:49:30.953926
Sender: 15
Head 0: G
Head 1: G
Head 2: G
Head 3: O
Captures: 0
Releases: 2
Turnouts: 0
Voltage: 12.2
RSSI: -98
LED Errors: 0
Version: 3
Revision: 4

2025-09-17 19:49:32.462594
Sender: 15
Head 0: G
Head 1: G
Head 2: G
Head 3: O
Captures: 0
Releases: 2
Turnouts: 0
Voltage: 12.2
RSSI: -98
LED Errors: 0
Version: 3
Revision: 4

2025-09-17 19:49:38.471559
Sender: 15
Head 0: G
Head 1: G
Head 2: G
Head 3: O
Captures: 0
Releases: 2
Turnouts: 0
Voltage: 12.2
RSSI: -98
LED Errors: 0
Version: 3
Revision: 4

2025-09-17 19:49:38.981423
Sender: 15
Head 0: G
Head 1: G
Head 2: G
Head 3: O
Captures: 0
Releases: 2
Turnouts: 0
Voltage: 12.2
RSSI: -98
LED Errors: 0
Version: 3
Revision: 4

2025-09-17 19:49:44.991266
Sender: 15
Head 0: G
Head 1: G
Head 2: G
Head 3: O
Captures: 0
Releases: 2
Turnouts: 0
Voltage: 12.2
RSSI: -98
LED Errors: 0
Version: 3
Revision: 4

2025-09-17 19:49:45.998603
Sender: 15
Head 0: G
Head 1: G
Head 2: G
Head 3: O
Captures: 0
Releases: 2
Turnouts: 0
Voltage: 12.2
RSSI: -98
LED Errors: 0
Version: 3
Revision: 4

2025-09-17 19:49:52.007520
Sender: 15
Head 0: G
Head 1: G
Head 2: G
Head 3: O
Captures: 0
Releases: 2
Turnouts: 0
Voltage: 12.2
RSSI: -98
LED Errors: 0
Version: 3
Revision: 4

2025-09-17 19:49:53.525684
Sender: 15
Head 0: G
Head 1: G
Head 2: G
Head 3: O
Captures: 0
Releases: 2
Turnouts: 0
Voltage: 12.2
RSSI: -98
LED Errors: 0
Version: 3
Revision: 4

2025-09-17 19:49:54.533237
Sender: 15
Head 0: G
Head 1: G
Head 2: G
Head 3: O
Captures: 0
Releases: 2
Turnouts: 0
Voltage: 12.2
RSSI: -98
LED Errors: 0
Version: 3
Revision: 4

2025-09-17 19:50:00.543685
Sender: 15
Head 0: G
Head 1: G
Head 2: G
Head 3: O
Captures: 0
Releases: 2
Turnouts: 0
Voltage: 12.2
RSSI: -98
LED Errors: 0
Version: 3
Revision: 4

2025-09-17 19:50:06.552659
Sender: 15
Head 0: G
Head 1: G
Head 2: G
Head 3: O
Captures: 0
Releases: 2
Turnouts: 0
Voltage: 12.2
RSSI: -98
LED Errors: 0
Version: 3
Revision: 4

2025-09-17 19:50:12.561611
Sender: 15
Head 0: G
Head 1: G
Head 2: G
Head 3: O
Captures: 0
Releases: 2
Turnouts: 0
Voltage: 12.2
RSSI: -98
LED Errors: 0
Version: 3
Revision: 4

2025-09-17 19:50:13.570845
Sender: 15
Head 0: G
Head 1: G
Head 2: G
Head 3: O
Captures: 0
Releases: 2
Turnouts: 0
Voltage: 12.2
RSSI: -98
LED Errors: 0
Version: 3
Revision: 4

2025-09-17 19:50:22.115714
Sender: 15
Head 0: G
Head 1: G
Head 2: G
Head 3: O
Captures: 0
Releases: 2
Turnouts: 0
Voltage: 12.2
RSSI: -98
LED Errors: 0
Version: 3
Revision: 4

2025-09-17 19:50:23.633767
Sender: 15
Head 0: G
Head 1: G
Head 2: G
Head 3: O
Captures: 0
Releases: 2
Turnouts: 0
Voltage: 12.2
RSSI: -98
LED Errors: 0
Version: 3
Revision: 4

2025-09-17 19:50:24.640975
Sender: 15
Head 0: G
Head 1: G
Head 2: G
Head 3: O
Captures: 0
Releases: 2
Turnouts: 0
Voltage: 12.2
RSSI: -98
LED Errors: 0
Version: 3
Revision: 4

2025-09-17 19:50:30.651263
Sender: 15
Head 0: G
Head 1: G
Head 2: G
Head 3: O
Captures: 0
Releases: 2
Turnouts: 0
Voltage: 12.2
RSSI: -98
LED Errors: 0
Version: 3
Revision: 4

2025-09-17 19:50:36.660781
Sender: 15
Head 0: G
Head 1: G
Head 2: G
Head 3: O
Captures: 0
Releases: 2
Turnouts: 0
Voltage: 12.2
RSSI: -98
LED Errors: 0
Version: 3
Revision: 4

2025-09-17 19:50:42.395893
Sender: 14
Head 0: G
Head 1: O
Head 2: O
Head 3: O
Captures: 0
Releases: 0
Turnouts: 0
Voltage: 12.3
RSSI: -86
LED Errors: 512
Version: 3
Revision: 3

2025-09-17 19:50:42.698253
Sender: 15
Head 0: G
Head 1: G
Head 2: G
Head 3: O
Captures: 0
Releases: 2
Turnouts: 0
Voltage: 12.2
RSSI: -98
LED Errors: 0
Version: 3
Revision: 4

2025-09-17 19:50:55.196415
Sender: 15
Head 0: G
Head 1: G
Head 2: G
Head 3: O
Captures: 0
Releases: 2
Turnouts: 0
Voltage: 12.2
RSSI: -98
LED Errors: 0
Version: 3
Revision: 4

2025-09-17 19:50:56.705415
Sender: 15
Head 0: G
Head 1: G
Head 2: G
Head 3: O
Captures: 0
Releases: 2
Turnouts: 0
Voltage: 12.2
RSSI: -98
LED Errors: 0
Version: 3
Revision: 4

2025-09-17 19:51:02.714112
Sender: 15
Head 0: G
Head 1: G
Head 2: G
Head 3: O
Captures: 0
Releases: 2
Turnouts: 0
Voltage: 12.2
RSSI: -98
LED Errors: 0
Version: 3
Revision: 4

2025-09-17 19:51:03.723292
Sender: 15
Head 0: G
Head 1: G
Head 2: G
Head 3: O
Captures: 0
Releases: 2
Turnouts: 0
Voltage: 12.2
RSSI: -98
LED Errors: 0
Version: 3
Revision: 4

2025-09-17 19:51:04.732423
Sender: 15
Head 0: G
Head 1: G
Head 2: G
Head 3: O
Captures: 0
Releases: 2
Turnouts: 0
Voltage: 12.2
RSSI: -98
LED Errors: 0
Version: 3
Revision: 4

2025-09-17 19:51:05.741416
Sender: 15
Head 0: G
Head 1: G
Head 2: G
Head 3: O
Captures: 0
Releases: 2
Turnouts: 0
Voltage: 12.2
RSSI: -98
LED Errors: 0
Version: 3
Revision: 4

2025-09-17 19:51:06.750972
Sender: 15
Head 0: G
Head 1: G
Head 2: G
Head 3: O
Captures: 0
Releases: 2
Turnouts: 0
Voltage: 12.2
RSSI: -98
LED Errors: 0
Version: 3
Revision: 4

2025-09-17 19:51:07.759030
Sender: 15
Head 0: G
Head 1: G
Head 2: G
Head 3: O
Captures: 0
Releases: 2
Turnouts: 0
Voltage: 12.2
RSSI: -98
LED Errors: 0
Version: 3
Revision: 4

2025-09-17 19:51:13.768189
Sender: 15
Head 0: G
Head 1: G
Head 2: G
Head 3: O
Captures: 0
Releases: 2
Turnouts: 0
Voltage: 12.2
RSSI: -98
LED Errors: 0
Version: 3
Revision: 4

2025-09-17 19:51:14.777262
Sender: 15
Head 0: G
Head 1: G
Head 2: G
Head 3: O
Captures: 0
Releases: 2
Turnouts: 0
Voltage: 12.2
RSSI: -98
LED Errors: 0
Version: 3
Revision: 4

2025-09-17 19:51:15.786334
Sender: 15
Head 0: G
Head 1: G
Head 2: G
Head 3: O
Captures: 0
Releases: 2
Turnouts: 0
Voltage: 12.2
RSSI: -98
LED Errors: 0
Version: 3
Revision: 4

2025-09-17 19:51:16.795433
Sender: 15
Head 0: G
Head 1: G
Head 2: G
Head 3: O
Captures: 0
Releases: 2
Turnouts: 0
Voltage: 12.2
RSSI: -98
LED Errors: 0
Version: 3
Revision: 4

2025-09-17 19:51:23.313036
Sender: 15
Head 0: G
Head 1: G
Head 2: G
Head 3: O
Captures: 0
Releases: 2
Turnouts: 0
Voltage: 12.2
RSSI: -98
LED Errors: 0
Version: 3
Revision: 4

2025-09-17 19:51:32.876077
Sender: 15
Head 0: G
Head 1: G
Head 2: G
Head 3: O
Captures: 0
Releases: 2
Turnouts: 0
Voltage: 12.2
RSSI: -98
LED Errors: 0
Version: 3
Revision: 4

2025-09-17 19:51:35.798308
Sender: 5
Head 0: G
Head 1: O
Head 2: O
Head 3: O
Captures: 0
Releases: 0
Turnouts: 0
Voltage: 12.1
RSSI: 0
LED Errors: 0
Version: 3
Revision: 4

2025-09-17 19:51:38.884159
Sender: 15
Head 0: G
Head 1: G
Head 2: G
Head 3: O
Captures: 0
Releases: 2
Turnouts: 0
Voltage: 12.2
RSSI: -98
LED Errors: 0
Version: 3
Revision: 4

2025-09-17 19:51:39.894362
Sender: 15
Head 0: G
Head 1: G
Head 2: G
Head 3: O
Captures: 0
Releases: 2
Turnouts: 0
Voltage: 12.2
RSSI: -98
LED Errors: 0
Version: 3
Revision: 4

2025-09-17 19:51:40.903406
Sender: 15
Head 0: G
Head 1: G
Head 2: G
Head 3: O
Captures: 0
Releases: 2
Turnouts: 0
Voltage: 12.2
RSSI: -98
LED Errors: 0
Version: 3
Revision: 4

2025-09-17 19:51:41.912639
Sender: 15
Head 0: G
Head 1: G
Head 2: G
Head 3: O
Captures: 0
Releases: 2
Turnouts: 0
Voltage: 12.2
RSSI: -98
LED Errors: 0
Version: 3
Revision: 4

2025-09-17 19:51:48.930050
Sender: 15
Head 0: G
Head 1: G
Head 2: G
Head 3: O
Captures: 0
Releases: 2
Turnouts: 0
Voltage: 12.2
RSSI: -98
LED Errors: 0
Version: 3
Revision: 4

2025-09-17 19:51:54.938940
Sender: 15
Head 0: G
Head 1: G
Head 2: G
Head 3: O
Captures: 0
Releases: 2
Turnouts: 0
Voltage: 12.2
RSSI: -98
LED Errors: 0
Version: 3
Revision: 4

2025-09-17 19:51:55.947905
Sender: 15
Head 0: G
Head 1: G
Head 2: G
Head 3: O
Captures: 0
Releases: 2
Turnouts: 0
Voltage: 12.2
RSSI: -98
LED Errors: 0
Version: 3
Revision: 4

2025-09-17 19:51:56.957436
Sender: 15
Head 0: G
Head 1: G
Head 2: G
Head 3: O
Captures: 0
Releases: 2
Turnouts: 0
Voltage: 12.2
RSSI: -98
LED Errors: 0
Version: 3
Revision: 4

2025-09-17 19:51:57.965972
Sender: 15
Head 0: G
Head 1: G
Head 2: G
Head 3: O
Captures: 0
Releases: 2
Turnouts: 0
Voltage: 12.2
RSSI: -98
LED Errors: 0
Version: 3
Revision: 4

2025-09-17 19:51:58.974755
Sender: 15
Head 0: G
Head 1: G
Head 2: G
Head 3: O
Captures: 0
Releases: 2
Turnouts: 0
Voltage: 12.2
RSSI: -98
LED Errors: 0
Version: 3
Revision: 4

2025-09-17 19:51:59.982518
Sender: 15
Head 0: G
Head 1: G
Head 2: G
Head 3: O
Captures: 0
Releases: 2
Turnouts: 0
Voltage: 12.2
RSSI: -98
LED Errors: 0
Version: 3
Revision: 4

2025-09-17 19:52:00.695800
Sender: 13
Head 0: G
Head 1: G
Head 2: O
Head 3: O
Captures: 0
Releases: 0
Turnouts: 0
Voltage: 13.7
RSSI: -109
LED Errors: 512
Version: 3
Revision: 4

2025-09-17 19:52:02.005447
Sender: 15
Head 0: G
Head 1: G
Head 2: G
Head 3: O
Captures: 0
Releases: 2
Turnouts: 0
Voltage: 12.2
RSSI: -98
LED Errors: 0
Version: 3
Revision: 4

2025-09-17 19:52:03.013258
Sender: 15
Head 0: G
Head 1: G
Head 2: G
Head 3: O
Captures: 0
Releases: 2
Turnouts: 0
Voltage: 12.2
RSSI: -98
LED Errors: 0
Version: 3
Revision: 4

2025-09-17 19:52:04.022085
Sender: 15
Head 0: G
Head 1: G
Head 2: G
Head 3: O
Captures: 0
Releases: 2
Turnouts: 0
Voltage: 12.2
RSSI: -98
LED Errors: 0
Version: 3
Revision: 4

2025-09-17 19:52:10.030301
Sender: 15
Head 0: G
Head 1: G
Head 2: G
Head 3: O
Captures: 0
Releases: 2
Turnouts: 0
Voltage: 12.2
RSSI: -98
LED Errors: 0
Version: 3
Revision: 4

2025-09-17 19:52:13.584737
Sender: 15
Head 0: G
Head 1: G
Head 2: G
Head 3: O
Captures: 0
Releases: 2
Turnouts: 0
Voltage: 12.2
RSSI: -98
LED Errors: 0
Version: 3
Revision: 4

2025-09-17 19:52:20.101847
Sender: 15
Head 0: G
Head 1: G
Head 2: G
Head 3: O
Captures: 0
Releases: 2
Turnouts: 0
Voltage: 12.2
RSSI: -98
LED Errors: 0
Version: 3
Revision: 4

2025-09-17 19:52:32.620586
Sender: 15
Head 0: G
Head 1: G
Head 2: G
Head 3: O
Captures: 0
Releases: 2
Turnouts: 0
Voltage: 12.2
RSSI: -98
LED Errors: 0
Version: 3
Revision: 4

2025-09-17 19:52:33.629728
Sender: 15
Head 0: G
Head 1: G
Head 2: G
Head 3: O
Captures: 0
Releases: 2
Turnouts: 0
Voltage: 12.2
RSSI: -98
LED Errors: 0
Version: 3
Revision: 4

2025-09-17 19:52:39.638806
Sender: 15
Head 0: G
Head 1: G
Head 2: G
Head 3: O
Captures: 0
Releases: 2
Turnouts: 0
Voltage: 12.2
RSSI: -98
LED Errors: 0
Version: 3
Revision: 4

2025-09-17 19:52:40.647747
Sender: 15
Head 0: G
Head 1: G
Head 2: G
Head 3: O
Captures: 0
Releases: 2
Turnouts: 0
Voltage: 12.2
RSSI: -98
LED Errors: 0
Version: 3
Revision: 4

2025-09-17 19:52:48.174467
Sender: 15
Head 0: G
Head 1: G
Head 2: G
Head 3: O
Captures: 0
Releases: 2
Turnouts: 0
Voltage: 12.2
RSSI: -98
LED Errors: 0
Version: 3
Revision: 4

2025-09-17 19:52:49.183590
Sender: 15
Head 0: G
Head 1: G
Head 2: G
Head 3: O
Captures: 0
Releases: 2
Turnouts: 0
Voltage: 12.2
RSSI: -98
LED Errors: 0
Version: 3
Revision: 4

2025-09-17 19:52:50.192613
Sender: 15
Head 0: G
Head 1: G
Head 2: G
Head 3: O
Captures: 0
Releases: 2
Turnouts: 0
Voltage: 12.2
RSSI: -98
LED Errors: 0
Version: 3
Revision: 4

2025-09-17 19:52:51.201518
Sender: 15
Head 0: G
Head 1: G
Head 2: G
Head 3: O
Captures: 0
Releases: 2
Turnouts: 0
Voltage: 12.2
RSSI: -98
LED Errors: 0
Version: 3
Revision: 4

2025-09-17 19:52:52.210508
Sender: 15
Head 0: G
Head 1: G
Head 2: G
Head 3: O
Captures: 0
Releases: 2
Turnouts: 0
Voltage: 12.2
RSSI: -98
LED Errors: 0
Version: 3
Revision: 4

2025-09-17 19:52:58.219492
Sender: 15
Head 0: G
Head 1: G
Head 2: G
Head 3: O
Captures: 0
Releases: 2
Turnouts: 0
Voltage: 12.2
RSSI: -98
LED Errors: 0
Version: 3
Revision: 4

2025-09-17 19:53:04.737995
Sender: 15
Head 0: G
Head 1: G
Head 2: G
Head 3: O
Captures: 0
Releases: 2
Turnouts: 0
Voltage: 12.2
RSSI: -98
LED Errors: 0
Version: 3
Revision: 4

2025-09-17 19:53:05.436393
Sender: 21
Head 0: G
Head 1: O
Head 2: O
Head 3: O
Captures: 0
Releases: 0
Turnouts: 0
Voltage: 12.2
RSSI: -104
LED Errors: 0
Version: 3
Revision: 3

2025-09-17 19:53:05.958124
Sender: 18
Head 0: G
Head 1: O
Head 2: O
Head 3: O
Captures: 0
Releases: 0
Turnouts: 0
Voltage: 12.1
RSSI: -108
LED Errors: 0
Version: 3
Revision: 1

2025-09-17 19:53:06.254935
Sender: 15
Head 0: G
Head 1: G
Head 2: G
Head 3: O
Captures: 0
Releases: 2
Turnouts: 0
Voltage: 12.2
RSSI: -98
LED Errors: 0
Version: 3
Revision: 4

2025-09-17 19:53:07.264435
Sender: 15
Head 0: G
Head 1: G
Head 2: G
Head 3: O
Captures: 0
Releases: 2
Turnouts: 0
Voltage: 12.2
RSSI: -98
LED Errors: 0
Version: 3
Revision: 4

2025-09-17 19:53:08.273476
Sender: 15
Head 0: G
Head 1: G
Head 2: G
Head 3: O
Captures: 0
Releases: 2
Turnouts: 0
Voltage: 12.2
RSSI: -98
LED Errors: 0
Version: 3
Revision: 4

2025-09-17 19:53:14.281207
Sender: 15
Head 0: G
Head 1: G
Head 2: G
Head 3: O
Captures: 0
Releases: 2
Turnouts: 0
Voltage: 12.2
RSSI: -98
LED Errors: 0
Version: 3
Revision: 4

2025-09-17 19:53:15.291547
Sender: 15
Head 0: G
Head 1: G
Head 2: G
Head 3: O
Captures: 0
Releases: 2
Turnouts: 0
Voltage: 12.2
RSSI: -98
LED Errors: 0
Version: 3
Revision: 4

2025-09-17 19:53:16.300546
Sender: 15
Head 0: G
Head 1: G
Head 2: G
Head 3: O
Captures: 0
Releases: 2
Turnouts: 0
Voltage: 12.2
RSSI: -98
LED Errors: 0
Version: 3
Revision: 4

2025-09-17 19:53:22.309394
Sender: 15
Head 0: G
Head 1: G
Head 2: G
Head 3: O
Captures: 0
Releases: 2
Turnouts: 0
Voltage: 12.2
RSSI: -98
LED Errors: 0
Version: 3
Revision: 4

2025-09-17 19:53:23.318467
Sender: 15
Head 0: G
Head 1: G
Head 2: G
Head 3: O
Captures: 0
Releases: 2
Turnouts: 0
Voltage: 12.2
RSSI: -98
LED Errors: 0
Version: 3
Revision: 4

2025-09-17 19:53:24.326079
Sender: 15
Head 0: G
Head 1: G
Head 2: G
Head 3: O
Captures: 0
Releases: 2
Turnouts: 0
Voltage: 12.2
RSSI: -98
LED Errors: 0
Version: 3
Revision: 4

2025-09-17 19:53:30.652069
Sender: 1
Head 0: G
Head 1: O
Head 2: O
Head 3: O
Captures: 0
Releases: 0
Turnouts: 0
Voltage: 12.9
RSSI: -108
LED Errors: 1
Version: 3
Revision: 4

2025-09-17 19:53:30.945805
Sender: 15
Head 0: G
Head 1: G
Head 2: G
Head 3: O
Captures: 0
Releases: 2
Turnouts: 0
Voltage: 12.2
RSSI: -98
LED Errors: 0
Version: 3
Revision: 4

2025-09-17 19:53:37.366377
Sender: 15
Head 0: G
Head 1: G
Head 2: G
Head 3: O
Captures: 0
Releases: 2
Turnouts: 0
Voltage: 12.2
RSSI: -98
LED Errors: 0
Version: 3
Revision: 4

2025-09-17 19:53:38.375410
Sender: 15
Head 0: G
Head 1: G
Head 2: G
Head 3: O
Captures: 0
Releases: 2
Turnouts: 0
Voltage: 12.2
RSSI: -98
LED Errors: 0
Version: 3
Revision: 4

2025-09-17 19:53:40.775664
Sender: 2
Head 0: G
Head 1: O
Head 2: O
Head 3: O
Captures: 0
Releases: 0
Turnouts: 0
Voltage: 12.1
RSSI: -113
LED Errors: 0
Version: 3
Revision: 4

2025-09-17 19:53:45.402473
Sender: 15
Head 0: G
Head 1: G
Head 2: G
Head 3: O
Captures: 0
Releases: 2
Turnouts: 0
Voltage: 12.2
RSSI: -98
LED Errors: 0
Version: 3
Revision: 4

2025-09-17 19:53:51.412104
Sender: 15
Head 0: G
Head 1: G
Head 2: G
Head 3: O
Captures: 0
Releases: 2
Turnouts: 0
Voltage: 12.2
RSSI: -98
LED Errors: 0
Version: 3
Revision: 4

2025-09-17 19:53:52.919958
Sender: 15
Head 0: G
Head 1: G
Head 2: G
Head 3: O
Captures: 0
Releases: 2
Turnouts: 0
Voltage: 12.2
RSSI: -98
LED Errors: 0
Version: 3
Revision: 4

2025-09-17 19:53:53.929216
Sender: 15
Head 0: G
Head 1: G
Head 2: G
Head 3: O
Captures: 0
Releases: 2
Turnouts: 0
Voltage: 12.2
RSSI: -98
LED Errors: 0
Version: 3
Revision: 4

2025-09-17 19:53:59.938435
Sender: 15
Head 0: G
Head 1: G
Head 2: G
Head 3: O
Captures: 0
Releases: 2
Turnouts: 0
Voltage: 12.2
RSSI: -98
LED Errors: 0
Version: 3
Revision: 4

2025-09-17 19:54:05.947110
Sender: 15
Head 0: G
Head 1: G
Head 2: G
Head 3: O
Captures: 0
Releases: 2
Turnouts: 0
Voltage: 12.2
RSSI: -98
LED Errors: 0
Version: 3
Revision: 4

2025-09-17 19:54:06.956151
Sender: 15
Head 0: G
Head 1: G
Head 2: G
Head 3: O
Captures: 0
Releases: 2
Turnouts: 0
Voltage: 12.2
RSSI: -98
LED Errors: 0
Version: 3
Revision: 4

2025-09-17 19:54:07.965210
Sender: 15
Head 0: G
Head 1: G
Head 2: G
Head 3: O
Captures: 0
Releases: 2
Turnouts: 0
Voltage: 12.2
RSSI: -98
LED Errors: 0
Version: 3
Revision: 4

2025-09-17 19:54:13.593869
Sender: 9
Head 0: G
Head 1: O
Head 2: O
Head 3: O
Captures: 0
Releases: 0
Turnouts: 0
Voltage: 12.6
RSSI: -98
LED Errors: 0
Version: 3
Revision: 4

2025-09-17 19:54:13.973927
Sender: 15
Head 0: G
Head 1: G
Head 2: G
Head 3: O
Captures: 0
Releases: 2
Turnouts: 0
Voltage: 12.2
RSSI: -98
LED Errors: 0
Version: 3
Revision: 4

2025-09-17 19:54:16.177955
Sender: 10
Head 0: G
Head 1: O
Head 2: O
Head 3: O
Captures: 0
Releases: 0
Turnouts: 0
Voltage: 12.8
RSSI: -96
LED Errors: 0
Version: 3
Revision: 4

2025-09-17 19:54:19.983515
Sender: 15
Head 0: G
Head 1: G
Head 2: G
Head 3: O
Captures: 0
Releases: 2
Turnouts: 0
Voltage: 12.2
RSSI: -98
LED Errors: 0
Version: 3
Revision: 4

2025-09-17 19:54:20.991931
Sender: 15
Head 0: G
Head 1: G
Head 2: G
Head 3: O
Captures: 0
Releases: 2
Turnouts: 0
Voltage: 12.2
RSSI: -98
LED Errors: 0
Version: 3
Revision: 4

2025-09-17 19:54:22.001118
Sender: 15
Head 0: G
Head 1: G
Head 2: G
Head 3: O
Captures: 0
Releases: 2
Turnouts: 0
Voltage: 12.2
RSSI: -98
LED Errors: 0
Version: 3
Revision: 4

2025-09-17 19:54:30.555157
Sender: 15
Head 0: G
Head 1: G
Head 2: G
Head 3: O
Captures: 0
Releases: 2
Turnouts: 0
Voltage: 12.2
RSSI: -98
LED Errors: 0
Version: 3
Revision: 4

2025-09-17 19:54:32.064163
Sender: 15
Head 0: G
Head 1: G
Head 2: G
Head 3: O
Captures: 0
Releases: 2
Turnouts: 0
Voltage: 12.2
RSSI: -98
LED Errors: 0
Version: 3
Revision: 4

2025-09-17 19:54:38.072774
Sender: 15
Head 0: G
Head 1: G
Head 2: G
Head 3: O
Captures: 0
Releases: 2
Turnouts: 0
Voltage: 12.2
RSSI: -98
LED Errors: 0
Version: 3
Revision: 4

2025-09-17 19:54:39.581908
Sender: 15
Head 0: G
Head 1: G
Head 2: G
Head 3: O
Captures: 0
Releases: 2
Turnouts: 0
Voltage: 12.2
RSSI: -98
LED Errors: 0
Version: 3
Revision: 4

2025-09-17 19:54:45.591156
Sender: 15
Head 0: G
Head 1: G
Head 2: G
Head 3: O
Captures: 0
Releases: 2
Turnouts: 0
Voltage: 12.2
RSSI: -98
LED Errors: 0
Version: 3
Revision: 4

2025-09-17 19:54:46.599866
Sender: 15
Head 0: G
Head 1: G
Head 2: G
Head 3: O
Captures: 0
Releases: 2
Turnouts: 0
Voltage: 12.2
RSSI: -98
LED Errors: 0
Version: 3
Revision: 4

2025-09-17 19:54:47.398326
Sender: 19
Head 0: G
Head 1: O
Head 2: O
Head 3: O
Captures: 0
Releases: 0
Turnouts: 0
Voltage: 12.1
RSSI: -103
LED Errors: 0
Version: 3
Revision: 0

2025-09-17 19:54:47.635879
Sender: 15
Head 0: G
Head 1: G
Head 2: G
Head 3: O
Captures: 0
Releases: 2
Turnouts: 0
Voltage: 12.2
RSSI: -98
LED Errors: 0
Version: 3
Revision: 4

2025-09-17 19:54:48.617889
Sender: 15
Head 0: G
Head 1: G
Head 2: G
Head 3: O
Captures: 0
Releases: 2
Turnouts: 0
Voltage: 12.2
RSSI: -98
LED Errors: 0
Version: 3
Revision: 4

2025-09-17 19:54:49.626942
Sender: 15
Head 0: G
Head 1: G
Head 2: G
Head 3: O
Captures: 0
Releases: 2
Turnouts: 0
Voltage: 12.2
RSSI: -98
LED Errors: 0
Version: 3
Revision: 4

2025-09-17 19:54:51.566417
Sender: 17
Head 0: G
Head 1: G
Head 2: O
Head 3: O
Captures: 0
Releases: 0
Turnouts: 0
Voltage: 12.1
RSSI: -115
LED Errors: 516
Version: 3
Revision: 4

2025-09-17 19:54:52.334072
Sender: 17
Head 0: G
Head 1: G
Head 2: O
Head 3: O
Captures: 0
Releases: 0
Turnouts: 0
Voltage: 12.1
RSSI: -115
LED Errors: 516
Version: 3
Revision: 4

2025-09-17 19:54:55.635962
Sender: 15
Head 0: G
Head 1: G
Head 2: G
Head 3: O
Captures: 0
Releases: 2
Turnouts: 0
Voltage: 12.2
RSSI: -98
LED Errors: 0
Version: 3
Revision: 4

2025-09-17 19:54:56.643839
Sender: 15
Head 0: G
Head 1: G
Head 2: G
Head 3: O
Captures: 0
Releases: 2
Turnouts: 0
Voltage: 12.2
RSSI: -98
LED Errors: 0
Version: 3
Revision: 4

2025-09-17 19:55:03.662820
Sender: 15
Head 0: G
Head 1: G
Head 2: G
Head 3: O
Captures: 0
Releases: 2
Turnouts: 0
Voltage: 12.2
RSSI: -98
LED Errors: 0
Version: 3
Revision: 4

2025-09-17 19:55:09.671811
Sender: 15
Head 0: G
Head 1: G
Head 2: G
Head 3: O
Captures: 0
Releases: 2
Turnouts: 0
Voltage: 12.2
RSSI: -98
LED Errors: 0
Version: 3
Revision: 4

2025-09-17 19:55:11.180927
Sender: 15
Head 0: G
Head 1: G
Head 2: G
Head 3: O
Captures: 0
Releases: 2
Turnouts: 0
Voltage: 12.2
RSSI: -98
LED Errors: 0
Version: 3
Revision: 4

2025-09-17 19:55:17.689497
Sender: 15
Head 0: G
Head 1: G
Head 2: G
Head 3: O
Captures: 0
Releases: 2
Turnouts: 0
Voltage: 12.2
RSSI: -98
LED Errors: 0
Version: 3
Revision: 4

2025-09-17 19:55:18.698575
Sender: 15
Head 0: G
Head 1: G
Head 2: G
Head 3: O
Captures: 0
Releases: 2
Turnouts: 0
Voltage: 12.2
RSSI: -98
LED Errors: 0
Version: 3
Revision: 4

2025-09-17 19:55:19.708039
Sender: 15
Head 0: G
Head 1: G
Head 2: G
Head 3: O
Captures: 0
Releases: 2
Turnouts: 0
Voltage: 12.2
RSSI: -98
LED Errors: 0
Version: 3
Revision: 4

2025-09-17 19:55:25.716725
Sender: 15
Head 0: G
Head 1: G
Head 2: G
Head 3: O
Captures: 0
Releases: 2
Turnouts: 0
Voltage: 12.2
RSSI: -98
LED Errors: 0
Version: 3
Revision: 4

2025-09-17 19:55:28.252612
Sender: 15
Head 0: G
Head 1: G
Head 2: G
Head 3: O
Captures: 0
Releases: 2
Turnouts: 0
Voltage: 12.2
RSSI: -98
LED Errors: 0
Version: 3
Revision: 4

2025-09-17 19:55:35.279743
Sender: 15
Head 0: G
Head 1: G
Head 2: G
Head 3: O
Captures: 0
Releases: 2
Turnouts: 0
Voltage: 12.2
RSSI: -98
LED Errors: 0
Version: 3
Revision: 4

2025-09-17 19:55:41.797612
Sender: 15
Head 0: G
Head 1: G
Head 2: G
Head 3: O
Captures: 0
Releases: 2
Turnouts: 0
Voltage: 12.2
RSSI: -98
LED Errors: 0
Version: 3
Revision: 4

2025-09-17 19:55:42.806582
Sender: 15
Head 0: G
Head 1: G
Head 2: G
Head 3: O
Captures: 0
Releases: 2
Turnouts: 0
Voltage: 12.2
RSSI: -98
LED Errors: 0
Version: 3
Revision: 4

2025-09-17 19:55:43.815979
Sender: 15
Head 0: G
Head 1: G
Head 2: G
Head 3: O
Captures: 0
Releases: 2
Turnouts: 0
Voltage: 12.2
RSSI: -98
LED Errors: 0
Version: 3
Revision: 4

2025-09-17 19:55:44.824768
Sender: 15
Head 0: G
Head 1: G
Head 2: G
Head 3: O
Captures: 0
Releases: 2
Turnouts: 0
Voltage: 12.2
RSSI: -98
LED Errors: 0
Version: 3
Revision: 4

2025-09-17 19:55:46.342478
Sender: 15
Head 0: G
Head 1: G
Head 2: G
Head 3: O
Captures: 0
Releases: 2
Turnouts: 0
Voltage: 12.2
RSSI: -98
LED Errors: 0
Version: 3
Revision: 4

2025-09-17 19:55:47.351463
Sender: 15
Head 0: G
Head 1: G
Head 2: G
Head 3: O
Captures: 0
Releases: 2
Turnouts: 0
Voltage: 12.2
RSSI: -98
LED Errors: 0
Version: 3
Revision: 4

2025-09-17 19:55:52.433340
Sender: 15
Head 0: G
Head 1: G
Head 2: G
Head 3: O
Captures: 0
Releases: 2
Turnouts: 0
Voltage: 12.2
RSSI: -98
LED Errors: 0
Version: 3
Revision: 4

2025-09-17 19:55:58.441460
Sender: 15
Head 0: G
Head 1: G
Head 2: G
Head 3: O
Captures: 0
Releases: 2
Turnouts: 0
Voltage: 12.2
RSSI: -98
LED Errors: 0
Version: 3
Revision: 4

2025-09-17 19:56:04.450531
Sender: 15
Head 0: G
Head 1: G
Head 2: G
Head 3: O
Captures: 0
Releases: 2
Turnouts: 0
Voltage: 12.2
RSSI: -98
LED Errors: 0
Version: 3
Revision: 4

2025-09-17 19:56:05.459584
Sender: 15
Head 0: G
Head 1: G
Head 2: G
Head 3: O
Captures: 0
Releases: 2
Turnouts: 0
Voltage: 12.2
RSSI: -98
LED Errors: 0
Version: 3
Revision: 4

2025-09-17 19:56:06.977546
Sender: 15
Head 0: G
Head 1: G
Head 2: G
Head 3: O
Captures: 0
Releases: 2
Turnouts: 0
Voltage: 12.2
RSSI: -98
LED Errors: 0
Version: 3
Revision: 4

2025-09-17 19:56:07.984969
Sender: 15
Head 0: G
Head 1: G
Head 2: G
Head 3: O
Captures: 0
Releases: 2
Turnouts: 0
Voltage: 12.2
RSSI: -98
LED Errors: 0
Version: 3
Revision: 4

2025-09-17 19:56:08.995508
Sender: 15
Head 0: G
Head 1: G
Head 2: G
Head 3: O
Captures: 0
Releases: 2
Turnouts: 0
Voltage: 12.2
RSSI: -98
LED Errors: 0
Version: 3
Revision: 4

2025-09-17 19:56:16.522208
Sender: 15
Head 0: G
Head 1: G
Head 2: G
Head 3: O
Captures: 0
Releases: 2
Turnouts: 0
Voltage: 12.2
RSSI: -98
LED Errors: 0
Version: 3
Revision: 4

2025-09-17 19:56:17.531301
Sender: 15
Head 0: G
Head 1: G
Head 2: G
Head 3: O
Captures: 0
Releases: 2
Turnouts: 0
Voltage: 12.2
RSSI: -98
LED Errors: 0
Version: 3
Revision: 4

2025-09-17 19:56:18.540253
Sender: 15
Head 0: G
Head 1: G
Head 2: G
Head 3: O
Captures: 0
Releases: 2
Turnouts: 0
Voltage: 12.2
RSSI: -98
LED Errors: 0
Version: 3
Revision: 4

2025-09-17 19:56:19.549446
Sender: 15
Head 0: G
Head 1: G
Head 2: G
Head 3: O
Captures: 0
Releases: 2
Turnouts: 0
Voltage: 12.2
RSSI: -98
LED Errors: 0
Version: 3
Revision: 4

2025-09-17 19:56:25.558556
Sender: 15
Head 0: G
Head 1: G
Head 2: G
Head 3: O
Captures: 0
Releases: 2
Turnouts: 0
Voltage: 12.2
RSSI: -98
LED Errors: 0
Version: 3
Revision: 4

2025-09-17 19:56:26.567168
Sender: 15
Head 0: G
Head 1: G
Head 2: G
Head 3: O
Captures: 0
Releases: 2
Turnouts: 0
Voltage: 12.2
RSSI: -98
LED Errors: 0
Version: 3
Revision: 4

2025-09-17 19:56:32.576201
Sender: 15
Head 0: G
Head 1: G
Head 2: G
Head 3: O
Captures: 0
Releases: 2
Turnouts: 0
Voltage: 12.2
RSSI: -98
LED Errors: 0
Version: 3
Revision: 4

2025-09-17 19:56:39.603635
Sender: 15
Head 0: G
Head 1: G
Head 2: G
Head 3: O
Captures: 0
Releases: 2
Turnouts: 0
Voltage: 12.2
RSSI: -98
LED Errors: 0
Version: 3
Revision: 4

2025-09-17 19:56:45.612354
Sender: 15
Head 0: G
Head 1: G
Head 2: G
Head 3: O
Captures: 0
Releases: 2
Turnouts: 0
Voltage: 12.2
RSSI: -98
LED Errors: 0
Version: 3
Revision: 4

2025-09-17 19:56:46.621460
Sender: 15
Head 0: G
Head 1: G
Head 2: G
Head 3: O
Captures: 0
Releases: 2
Turnouts: 0
Voltage: 12.2
RSSI: -98
LED Errors: 0
Version: 3
Revision: 4

2025-09-17 19:56:46.970677
Sender: 14
Head 0: G
Head 1: O
Head 2: O
Head 3: O
Captures: 0
Releases: 0
Turnouts: 0
Voltage: 12.3
RSSI: -86
LED Errors: 512
Version: 3
Revision: 3

2025-09-17 19:56:52.630217
Sender: 15
Head 0: G
Head 1: G
Head 2: G
Head 3: O
Captures: 0
Releases: 2
Turnouts: 0
Voltage: 12.2
RSSI: -98
LED Errors: 0
Version: 3
Revision: 4

2025-09-17 19:56:53.640690
Sender: 15
Head 0: G
Head 1: G
Head 2: G
Head 3: O
Captures: 0
Releases: 2
Turnouts: 0
Voltage: 12.2
RSSI: -98
LED Errors: 0
Version: 3
Revision: 4

2025-09-17 19:56:54.648263
Sender: 15
Head 0: G
Head 1: G
Head 2: G
Head 3: O
Captures: 0
Releases: 2
Turnouts: 0
Voltage: 12.2
RSSI: -98
LED Errors: 0
Version: 3
Revision: 4

2025-09-17 19:56:55.657208
Sender: 15
Head 0: G
Head 1: G
Head 2: G
Head 3: O
Captures: 0
Releases: 2
Turnouts: 0
Voltage: 12.2
RSSI: -98
LED Errors: 0
Version: 3
Revision: 4

2025-09-17 19:57:02.684144
Sender: 15
Head 0: G
Head 1: G
Head 2: G
Head 3: O
Captures: 0
Releases: 2
Turnouts: 0
Voltage: 12.2
RSSI: -98
LED Errors: 0
Version: 3
Revision: 4

2025-09-17 19:57:03.693392
Sender: 15
Head 0: G
Head 1: G
Head 2: G
Head 3: O
Captures: 0
Releases: 2
Turnouts: 0
Voltage: 12.2
RSSI: -98
LED Errors: 0
Version: 3
Revision: 4

2025-09-17 19:57:04.702651
Sender: 15
Head 0: G
Head 1: G
Head 2: G
Head 3: O
Captures: 0
Releases: 2
Turnouts: 0
Voltage: 12.2
RSSI: -98
LED Errors: 0
Version: 3
Revision: 4

2025-09-17 19:57:06.211098
Sender: 15
Head 0: G
Head 1: G
Head 2: G
Head 3: O
Captures: 0
Releases: 2
Turnouts: 0
Voltage: 12.2
RSSI: -98
LED Errors: 0
Version: 3
Revision: 4

2025-09-17 19:57:07.719884
Sender: 15
Head 0: G
Head 1: G
Head 2: G
Head 3: O
Captures: 0
Releases: 2
Turnouts: 0
Voltage: 12.2
RSSI: -98
LED Errors: 0
Version: 3
Revision: 4

2025-09-17 19:57:08.727806
Sender: 15
Head 0: G
Head 1: G
Head 2: G
Head 3: O
Captures: 0
Releases: 2
Turnouts: 0
Voltage: 12.2
RSSI: -98
LED Errors: 0
Version: 3
Revision: 4

2025-09-17 19:57:09.738258
Sender: 15
Head 0: G
Head 1: G
Head 2: G
Head 3: O
Captures: 0
Releases: 2
Turnouts: 0
Voltage: 12.2
RSSI: -98
LED Errors: 0
Version: 3
Revision: 4

2025-09-17 19:57:10.746818
Sender: 15
Head 0: G
Head 1: G
Head 2: G
Head 3: O
Captures: 0
Releases: 2
Turnouts: 0
Voltage: 12.2
RSSI: -98
LED Errors: 0
Version: 3
Revision: 4

2025-09-17 19:57:11.756099
Sender: 15
Head 0: G
Head 1: G
Head 2: G
Head 3: O
Captures: 0
Releases: 2
Turnouts: 0
Voltage: 12.2
RSSI: -98
LED Errors: 0
Version: 3
Revision: 4

2025-09-17 19:57:12.764835
Sender: 15
Head 0: G
Head 1: G
Head 2: G
Head 3: O
Captures: 0
Releases: 2
Turnouts: 0
Voltage: 12.2
RSSI: -98
LED Errors: 0
Version: 3
Revision: 4

2025-09-17 19:57:14.273892
Sender: 15
Head 0: G
Head 1: G
Head 2: G
Head 3: O
Captures: 0
Releases: 2
Turnouts: 0
Voltage: 12.2
RSSI: -98
LED Errors: 0
Version: 3
Revision: 4

2025-09-17 19:57:15.283308
Sender: 15
Head 0: G
Head 1: G
Head 2: G
Head 3: O
Captures: 0
Releases: 2
Turnouts: 0
Voltage: 12.2
RSSI: -98
LED Errors: 0
Version: 3
Revision: 4

2025-09-17 19:57:16.292426
Sender: 15
Head 0: G
Head 1: G
Head 2: G
Head 3: O
Captures: 0
Releases: 2
Turnouts: 0
Voltage: 12.2
RSSI: -98
LED Errors: 0
Version: 3
Revision: 4

2025-09-17 19:57:17.303257
Sender: 15
Head 0: G
Head 1: G
Head 2: G
Head 3: O
Captures: 0
Releases: 2
Turnouts: 0
Voltage: 12.2
RSSI: -98
LED Errors: 0
Version: 3
Revision: 4

2025-09-17 19:57:18.310093
Sender: 15
Head 0: G
Head 1: G
Head 2: G
Head 3: O
Captures: 0
Releases: 2
Turnouts: 0
Voltage: 12.2
RSSI: -98
LED Errors: 0
Version: 3
Revision: 4

2025-09-17 19:57:24.319557
Sender: 15
Head 0: G
Head 1: G
Head 2: G
Head 3: O
Captures: 0
Releases: 2
Turnouts: 0
Voltage: 12.2
RSSI: -98
LED Errors: 0
Version: 3
Revision: 4

2025-09-17 19:57:27.363911
Sender: 15
Head 0: G
Head 1: G
Head 2: G
Head 3: O
Captures: 0
Releases: 2
Turnouts: 0
Voltage: 12.2
RSSI: -98
LED Errors: 0
Version: 3
Revision: 4

2025-09-17 19:57:28.871426
Sender: 15
Head 0: G
Head 1: G
Head 2: G
Head 3: O
Captures: 0
Releases: 2
Turnouts: 0
Voltage: 12.2
RSSI: -98
LED Errors: 0
Version: 3
Revision: 4

2025-09-17 19:57:30.382103
Sender: 15
Head 0: G
Head 1: G
Head 2: G
Head 3: O
Captures: 0
Releases: 2
Turnouts: 0
Voltage: 12.2
RSSI: -98
LED Errors: 0
Version: 3
Revision: 4

2025-09-17 19:57:36.891004
Sender: 15
Head 0: G
Head 1: G
Head 2: G
Head 3: O
Captures: 0
Releases: 2
Turnouts: 0
Voltage: 12.2
RSSI: -98
LED Errors: 0
Version: 3
Revision: 4

2025-09-17 19:57:37.773724
Sender: 5
Head 0: G
Head 1: O
Head 2: O
Head 3: O
Captures: 0
Releases: 0
Turnouts: 0
Voltage: 12.1
RSSI: 0
LED Errors: 0
Version: 3
Revision: 4

2025-09-17 19:57:40.008079
Sender: 15
Head 0: G
Head 1: G
Head 2: G
Head 3: O
Captures: 0
Releases: 2
Turnouts: 0
Voltage: 12.2
RSSI: -98
LED Errors: 0
Version: 3
Revision: 4

2025-09-17 19:57:46.016924
Sender: 15
Head 0: G
Head 1: G
Head 2: G
Head 3: O
Captures: 0
Releases: 2
Turnouts: 0
Voltage: 12.2
RSSI: -98
LED Errors: 0
Version: 3
Revision: 4

2025-09-17 19:57:47.025773
Sender: 15
Head 0: G
Head 1: G
Head 2: G
Head 3: O
Captures: 0
Releases: 2
Turnouts: 0
Voltage: 12.2
RSSI: -98
LED Errors: 0
Version: 3
Revision: 4

2025-09-17 19:57:48.034703
Sender: 15
Head 0: G
Head 1: G
Head 2: G
Head 3: O
Captures: 0
Releases: 2
Turnouts: 0
Voltage: 12.2
RSSI: -98
LED Errors: 0
Version: 3
Revision: 4

2025-09-17 19:57:55.061954
Sender: 15
Head 0: G
Head 1: G
Head 2: G
Head 3: O
Captures: 0
Releases: 2
Turnouts: 0
Voltage: 12.2
RSSI: -98
LED Errors: 0
Version: 3
Revision: 4

2025-09-17 19:57:56.070897
Sender: 15
Head 0: G
Head 1: G
Head 2: G
Head 3: O
Captures: 0
Releases: 2
Turnouts: 0
Voltage: 12.2
RSSI: -98
LED Errors: 0
Version: 3
Revision: 4

2025-09-17 19:58:02.079883
Sender: 15
Head 0: G
Head 1: G
Head 2: G
Head 3: O
Captures: 0
Releases: 2
Turnouts: 0
Voltage: 12.2
RSSI: -98
LED Errors: 0
Version: 3
Revision: 4

2025-09-17 19:58:02.697843
Sender: 13
Head 0: G
Head 1: G
Head 2: O
Head 3: O
Captures: 0
Releases: 0
Turnouts: 0
Voltage: 13.7
RSSI: -109
LED Errors: 512
Version: 3
Revision: 4

2025-09-17 19:58:08.088767
Sender: 15
Head 0: G
Head 1: G
Head 2: G
Head 3: O
Captures: 0
Releases: 2
Turnouts: 0
Voltage: 12.2
RSSI: -98
LED Errors: 0
Version: 3
Revision: 4

2025-09-17 19:58:14.097778
Sender: 15
Head 0: G
Head 1: G
Head 2: G
Head 3: O
Captures: 0
Releases: 2
Turnouts: 0
Voltage: 12.2
RSSI: -98
LED Errors: 0
Version: 3
Revision: 4

2025-09-17 19:58:15.106164
Sender: 15
Head 0: G
Head 1: G
Head 2: G
Head 3: O
Captures: 0
Releases: 2
Turnouts: 0
Voltage: 12.2
RSSI: -98
LED Errors: 0
Version: 3
Revision: 4

2025-09-17 19:58:16.115626
Sender: 15
Head 0: G
Head 1: G
Head 2: G
Head 3: O
Captures: 0
Releases: 2
Turnouts: 0
Voltage: 12.2
RSSI: -98
LED Errors: 0
Version: 3
Revision: 4

2025-09-17 19:58:22.124426
Sender: 15
Head 0: G
Head 1: G
Head 2: G
Head 3: O
Captures: 0
Releases: 2
Turnouts: 0
Voltage: 12.2
RSSI: -98
LED Errors: 0
Version: 3
Revision: 4

2025-09-17 19:58:23.133384
Sender: 15
Head 0: G
Head 1: G
Head 2: G
Head 3: O
Captures: 0
Releases: 2
Turnouts: 0
Voltage: 12.2
RSSI: -98
LED Errors: 0
Version: 3
Revision: 4

2025-09-17 19:58:32.196513
Sender: 15
Head 0: G
Head 1: G
Head 2: G
Head 3: O
Captures: 0
Releases: 2
Turnouts: 0
Voltage: 12.2
RSSI: -98
LED Errors: 0
Version: 3
Revision: 4

2025-09-17 19:58:38.714695
Sender: 15
Head 0: G
Head 1: G
Head 2: G
Head 3: O
Captures: 0
Releases: 2
Turnouts: 0
Voltage: 12.2
RSSI: -98
LED Errors: 0
Version: 3
Revision: 4

2025-09-17 19:58:39.723614
Sender: 15
Head 0: G
Head 1: G
Head 2: G
Head 3: O
Captures: 0
Releases: 2
Turnouts: 0
Voltage: 12.2
RSSI: -98
LED Errors: 0
Version: 3
Revision: 4

2025-09-17 19:58:40.732708
Sender: 15
Head 0: G
Head 1: G
Head 2: G
Head 3: O
Captures: 0
Releases: 2
Turnouts: 0
Voltage: 12.2
RSSI: -98
LED Errors: 0
Version: 3
Revision: 4

2025-09-17 19:58:41.740349
Sender: 15
Head 0: G
Head 1: G
Head 2: G
Head 3: O
Captures: 0
Releases: 2
Turnouts: 0
Voltage: 12.2
RSSI: -98
LED Errors: 0
Version: 3
Revision: 4

2025-09-17 19:58:47.750272
Sender: 15
Head 0: G
Head 1: G
Head 2: G
Head 3: O
Captures: 0
Releases: 2
Turnouts: 0
Voltage: 12.2
RSSI: -98
LED Errors: 0
Version: 3
Revision: 4

2025-09-17 19:58:53.759430
Sender: 15
Head 0: G
Head 1: G
Head 2: G
Head 3: O
Captures: 0
Releases: 2
Turnouts: 0
Voltage: 12.2
RSSI: -98
LED Errors: 0
Version: 3
Revision: 4

2025-09-17 19:59:01.295423
Sender: 15
Head 0: G
Head 1: G
Head 2: G
Head 3: O
Captures: 0
Releases: 2
Turnouts: 0
Voltage: 12.2
RSSI: -98
LED Errors: 0
Version: 3
Revision: 4

2025-09-17 19:59:02.304416
Sender: 15
Head 0: G
Head 1: G
Head 2: G
Head 3: O
Captures: 0
Releases: 2
Turnouts: 0
Voltage: 12.2
RSSI: -98
LED Errors: 0
Version: 3
Revision: 4

2025-09-17 19:59:03.313423
Sender: 15
Head 0: G
Head 1: G
Head 2: G
Head 3: O
Captures: 0
Releases: 2
Turnouts: 0
Voltage: 12.2
RSSI: -98
LED Errors: 0
Version: 3
Revision: 4

2025-09-17 19:59:04.322637
Sender: 15
Head 0: G
Head 1: G
Head 2: G
Head 3: O
Captures: 0
Releases: 2
Turnouts: 0
Voltage: 12.2
RSSI: -98
LED Errors: 0
Version: 3
Revision: 4

2025-09-17 19:59:05.331774
Sender: 15
Head 0: G
Head 1: G
Head 2: G
Head 3: O
Captures: 0
Releases: 2
Turnouts: 0
Voltage: 12.2
RSSI: -98
LED Errors: 0
Version: 3
Revision: 4

2025-09-17 19:59:06.340236
Sender: 15
Head 0: G
Head 1: G
Head 2: G
Head 3: O
Captures: 0
Releases: 2
Turnouts: 0
Voltage: 12.2
RSSI: -98
LED Errors: 0
Version: 3
Revision: 4

2025-09-17 19:59:07.349313
Sender: 15
Head 0: G
Head 1: G
Head 2: G
Head 3: O
Captures: 0
Releases: 2
Turnouts: 0
Voltage: 12.2
RSSI: -98
LED Errors: 0
Version: 3
Revision: 4

2025-09-17 19:59:07.910501
Sender: 18
Head 0: G
Head 1: O
Head 2: O
Head 3: O
Captures: 0
Releases: 0
Turnouts: 0
Voltage: 12.0
RSSI: -108
LED Errors: 0
Version: 3
Revision: 1

2025-09-17 19:59:13.325494
Sender: 21
Head 0: G
Head 1: O
Head 2: O
Head 3: O
Captures: 0
Releases: 0
Turnouts: 0
Voltage: 12.2
RSSI: -104
LED Errors: 0
Version: 3
Revision: 3

2025-09-17 19:59:13.488541
Sender: 15
Head 0: G
Head 1: G
Head 2: G
Head 3: O
Captures: 0
Releases: 2
Turnouts: 0
Voltage: 12.2
RSSI: -98
LED Errors: 0
Version: 3
Revision: 4

2025-09-17 19:59:19.418883
Sender: 15
Head 0: G
Head 1: G
Head 2: G
Head 3: O
Captures: 0
Releases: 2
Turnouts: 0
Voltage: 12.2
RSSI: -98
LED Errors: 0
Version: 3
Revision: 4

2025-09-17 19:59:20.427368
Sender: 15
Head 0: G
Head 1: G
Head 2: G
Head 3: O
Captures: 0
Releases: 2
Turnouts: 0
Voltage: 12.2
RSSI: -98
LED Errors: 0
Version: 3
Revision: 4

2025-09-17 19:59:21.437510
Sender: 15
Head 0: G
Head 1: G
Head 2: G
Head 3: O
Captures: 0
Releases: 2
Turnouts: 0
Voltage: 12.2
RSSI: -98
LED Errors: 0
Version: 3
Revision: 4

2025-09-17 19:59:22.446159
Sender: 15
Head 0: G
Head 1: G
Head 2: G
Head 3: O
Captures: 0
Releases: 2
Turnouts: 0
Voltage: 12.2
RSSI: -98
LED Errors: 0
Version: 3
Revision: 4

2025-09-17 19:59:23.455316
Sender: 15
Head 0: G
Head 1: G
Head 2: G
Head 3: O
Captures: 0
Releases: 2
Turnouts: 0
Voltage: 12.2
RSSI: -98
LED Errors: 0
Version: 3
Revision: 4

2025-09-17 19:59:24.465065
Sender: 15
Head 0: G
Head 1: G
Head 2: G
Head 3: O
Captures: 0
Releases: 2
Turnouts: 0
Voltage: 12.2
RSSI: -98
LED Errors: 0
Version: 3
Revision: 4

2025-09-17 19:59:25.472108
Sender: 15
Head 0: G
Head 1: G
Head 2: G
Head 3: O
Captures: 0
Releases: 2
Turnouts: 0
Voltage: 12.2
RSSI: -98
LED Errors: 0
Version: 3
Revision: 4

2025-09-17 19:59:26.481461
Sender: 15
Head 0: G
Head 1: G
Head 2: G
Head 3: O
Captures: 0
Releases: 2
Turnouts: 0
Voltage: 12.2
RSSI: -98
LED Errors: 0
Version: 3
Revision: 4

2025-09-17 19:59:27.493165
Sender: 15
Head 0: G
Head 1: G
Head 2: G
Head 3: O
Captures: 0
Releases: 2
Turnouts: 0
Voltage: 12.2
RSSI: -98
LED Errors: 0
Version: 3
Revision: 4

2025-09-17 19:59:28.502324
Sender: 15
Head 0: G
Head 1: G
Head 2: G
Head 3: O
Captures: 0
Releases: 2
Turnouts: 0
Voltage: 12.2
RSSI: -98
LED Errors: 0
Version: 3
Revision: 4

2025-09-17 19:59:29.511373
Sender: 15
Head 0: G
Head 1: G
Head 2: G
Head 3: O
Captures: 0
Releases: 2
Turnouts: 0
Voltage: 12.2
RSSI: -98
LED Errors: 0
Version: 3
Revision: 4

2025-09-17 19:59:31.029274
Sender: 15
Head 0: G
Head 1: G
Head 2: G
Head 3: O
Captures: 0
Releases: 2
Turnouts: 0
Voltage: 12.2
RSSI: -98
LED Errors: 0
Version: 3
Revision: 4

2025-09-17 19:59:32.038981
Sender: 15
Head 0: G
Head 1: G
Head 2: G
Head 3: O
Captures: 0
Releases: 2
Turnouts: 0
Voltage: 12.2
RSSI: -98
LED Errors: 0
Version: 3
Revision: 4

2025-09-17 19:59:33.047033
Sender: 15
Head 0: G
Head 1: G
Head 2: G
Head 3: O
Captures: 0
Releases: 2
Turnouts: 0
Voltage: 12.2
RSSI: -98
LED Errors: 0
Version: 3
Revision: 4

2025-09-17 19:59:33.404285
Sender: 1
Head 0: G
Head 1: O
Head 2: O
Head 3: O
Captures: 0
Releases: 0
Turnouts: 0
Voltage: 12.9
RSSI: -108
LED Errors: 0
Version: 3
Revision: 4

2025-09-17 19:59:34.055991
Sender: 15
Head 0: G
Head 1: G
Head 2: G
Head 3: O
Captures: 0
Releases: 2
Turnouts: 0
Voltage: 12.2
RSSI: -98
LED Errors: 0
Version: 3
Revision: 4

2025-09-17 19:59:41.074078
Sender: 15
Head 0: G
Head 1: G
Head 2: G
Head 3: O
Captures: 0
Releases: 2
Turnouts: 0
Voltage: 12.2
RSSI: -98
LED Errors: 0
Version: 3
Revision: 4

2025-09-17 19:59:42.083089
Sender: 15
Head 0: G
Head 1: G
Head 2: G
Head 3: O
Captures: 0
Releases: 2
Turnouts: 0
Voltage: 12.2
RSSI: -98
LED Errors: 0
Version: 3
Revision: 4

2025-09-17 19:59:43.091800
Sender: 15
Head 0: G
Head 1: G
Head 2: G
Head 3: O
Captures: 0
Releases: 2
Turnouts: 0
Voltage: 12.2
RSSI: -98
LED Errors: 0
Version: 3
Revision: 4

2025-09-17 19:59:43.526293
Sender: 2
Head 0: G
Head 1: O
Head 2: O
Head 3: O
Captures: 0
Releases: 0
Turnouts: 0
Voltage: 12.1
RSSI: -113
LED Errors: 0
Version: 3
Revision: 4

2025-09-17 19:59:50.110058
Sender: 15
Head 0: G
Head 1: G
Head 2: G
Head 3: O
Captures: 0
Releases: 2
Turnouts: 0
Voltage: 12.2
RSSI: -98
LED Errors: 0
Version: 3
Revision: 4

2025-09-17 19:59:51.628171
Sender: 15
Head 0: G
Head 1: G
Head 2: G
Head 3: O
Captures: 0
Releases: 2
Turnouts: 0
Voltage: 12.2
RSSI: -98
LED Errors: 0
Version: 3
Revision: 4

2025-09-17 19:59:52.637076
Sender: 15
Head 0: G
Head 1: G
Head 2: G
Head 3: O
Captures: 0
Releases: 2
Turnouts: 0
Voltage: 12.2
RSSI: -98
LED Errors: 0
Version: 3
Revision: 4

2025-09-17 19:59:58.645844
Sender: 15
Head 0: G
Head 1: G
Head 2: G
Head 3: O
Captures: 0
Releases: 2
Turnouts: 0
Voltage: 12.2
RSSI: -98
LED Errors: 0
Version: 3
Revision: 4

2025-09-17 19:59:59.655023
Sender: 15
Head 0: G
Head 1: G
Head 2: G
Head 3: O
Captures: 0
Releases: 2
Turnouts: 0
Voltage: 12.2
RSSI: -98
LED Errors: 0
Version: 3
Revision: 4

2025-09-17 20:00:00.664235
Sender: 15
Head 0: G
Head 1: G
Head 2: G
Head 3: O
Captures: 0
Releases: 2
Turnouts: 0
Voltage: 12.2
RSSI: -98
LED Errors: 0
Version: 3
Revision: 4

2025-09-17 20:00:01.672925
Sender: 15
Head 0: G
Head 1: G
Head 2: G
Head 3: O
Captures: 0
Releases: 2
Turnouts: 0
Voltage: 12.2
RSSI: -98
LED Errors: 0
Version: 3
Revision: 4

2025-09-17 20:00:02.682030
Sender: 15
Head 0: G
Head 1: G
Head 2: G
Head 3: O
Captures: 0
Releases: 2
Turnouts: 0
Voltage: 12.2
RSSI: -98
LED Errors: 0
Version: 3
Revision: 4

2025-09-17 20:00:08.691061
Sender: 15
Head 0: G
Head 1: G
Head 2: G
Head 3: O
Captures: 0
Releases: 2
Turnouts: 0
Voltage: 12.2
RSSI: -98
LED Errors: 0
Version: 3
Revision: 4

2025-09-17 20:00:09.699724
Sender: 15
Head 0: G
Head 1: G
Head 2: G
Head 3: O
Captures: 0
Releases: 2
Turnouts: 0
Voltage: 12.2
RSSI: -98
LED Errors: 0
Version: 3
Revision: 4

2025-09-17 20:00:10.708985
Sender: 15
Head 0: G
Head 1: G
Head 2: G
Head 3: O
Captures: 0
Releases: 2
Turnouts: 0
Voltage: 12.2
RSSI: -98
LED Errors: 0
Version: 3
Revision: 4

2025-09-17 20:00:11.717774
Sender: 15
Head 0: G
Head 1: G
Head 2: G
Head 3: O
Captures: 0
Releases: 2
Turnouts: 0
Voltage: 12.2
RSSI: -98
LED Errors: 0
Version: 3
Revision: 4

2025-09-17 20:00:12.726914
Sender: 15
Head 0: G
Head 1: G
Head 2: G
Head 3: O
Captures: 0
Releases: 2
Turnouts: 0
Voltage: 12.2
RSSI: -98
LED Errors: 0
Version: 3
Revision: 4

2025-09-17 20:00:13.843168
Sender: 15
Head 0: G
Head 1: G
Head 2: G
Head 3: O
Captures: 0
Releases: 2
Turnouts: 0
Voltage: 12.2
RSSI: -98
LED Errors: 0
Version: 3
Revision: 4

2025-09-17 20:00:14.121378
Sender: 9
Head 0: G
Head 1: O
Head 2: O
Head 3: O
Captures: 0
Releases: 0
Turnouts: 0
Voltage: 12.6
RSSI: -98
LED Errors: 0
Version: 3
Revision: 4

2025-09-17 20:00:19.744830
Sender: 15
Head 0: G
Head 1: G
Head 2: G
Head 3: O
Captures: 0
Releases: 2
Turnouts: 0
Voltage: 12.2
RSSI: -98
LED Errors: 0
Version: 3
Revision: 4

2025-09-17 20:00:22.527115
Sender: 18
Head 0: A
Head 1: O
Head 2: O
Head 3: O
Captures: 1
Releases: 0
Turnouts: 0
Voltage: 12.0
RSSI: -108
LED Errors: 0
Version: 3
Revision: 1

2025-09-17 20:00:23.143689
Sender: 17
Head 0: G
Head 1: R
Head 2: O
Head 3: O
Captures: 0
Releases: 0
Turnouts: 0
Voltage: 12.1
RSSI: -115
LED Errors: 516
Version: 3
Revision: 4

2025-09-17 20:00:23.373064
Sender: 18
Head 0: A
Head 1: O
Head 2: O
Head 3: O
Captures: 0
Releases: 0
Turnouts: 0
Voltage: 12.0
RSSI: -108
LED Errors: 0
Version: 3
Revision: 1

2025-09-17 20:00:24.207878
Sender: 10
Head 0: G
Head 1: O
Head 2: O
Head 3: O
Captures: 0
Releases: 0
Turnouts: 0
Voltage: 12.8
RSSI: -96
LED Errors: 0
Version: 3
Revision: 4

2025-09-17 20:00:33.289892
Sender: 15
Head 0: G
Head 1: G
Head 2: G
Head 3: O
Captures: 0
Releases: 2
Turnouts: 0
Voltage: 12.2
RSSI: -98
LED Errors: 0
Version: 3
Revision: 4

2025-09-17 20:00:34.297503
Sender: 15
Head 0: G
Head 1: G
Head 2: G
Head 3: O
Captures: 0
Releases: 2
Turnouts: 0
Voltage: 12.2
RSSI: -98
LED Errors: 0
Version: 3
Revision: 4

2025-09-17 20:00:35.307879
Sender: 15
Head 0: G
Head 1: G
Head 2: G
Head 3: O
Captures: 0
Releases: 2
Turnouts: 0
Voltage: 12.2
RSSI: -98
LED Errors: 0
Version: 3
Revision: 4

2025-09-17 20:00:36.317526
Sender: 15
Head 0: G
Head 1: G
Head 2: G
Head 3: O
Captures: 0
Releases: 2
Turnouts: 0
Voltage: 12.2
RSSI: -98
LED Errors: 0
Version: 3
Revision: 4

2025-09-17 20:00:42.325942
Sender: 15
Head 0: G
Head 1: G
Head 2: G
Head 3: O
Captures: 0
Releases: 2
Turnouts: 0
Voltage: 12.2
RSSI: -98
LED Errors: 0
Version: 3
Revision: 4

2025-09-17 20:00:43.334800
Sender: 15
Head 0: G
Head 1: G
Head 2: G
Head 3: O
Captures: 0
Releases: 2
Turnouts: 0
Voltage: 12.2
RSSI: -98
LED Errors: 0
Version: 3
Revision: 4

2025-09-17 20:00:44.342290
Sender: 15
Head 0: G
Head 1: G
Head 2: G
Head 3: O
Captures: 0
Releases: 2
Turnouts: 0
Voltage: 12.2
RSSI: -98
LED Errors: 0
Version: 3
Revision: 4

2025-09-17 20:00:49.899577
Sender: 19
Head 0: G
Head 1: O
Head 2: O
Head 3: O
Captures: 0
Releases: 0
Turnouts: 0
Voltage: 12.1
RSSI: -103
LED Errors: 0
Version: 3
Revision: 0

2025-09-17 20:00:50.352798
Sender: 15
Head 0: G
Head 1: G
Head 2: G
Head 3: O
Captures: 0
Releases: 2
Turnouts: 0
Voltage: 12.2
RSSI: -98
LED Errors: 0
Version: 3
Revision: 4

2025-09-17 20:00:51.362244
Sender: 15
Head 0: G
Head 1: G
Head 2: G
Head 3: O
Captures: 0
Releases: 2
Turnouts: 0
Voltage: 12.2
RSSI: -98
LED Errors: 0
Version: 3
Revision: 4

2025-09-17 20:00:52.371072
Sender: 15
Head 0: G
Head 1: G
Head 2: G
Head 3: O
Captures: 0
Releases: 2
Turnouts: 0
Voltage: 12.2
RSSI: -98
LED Errors: 0
Version: 3
Revision: 4

2025-09-17 20:00:58.379423
Sender: 15
Head 0: G
Head 1: G
Head 2: G
Head 3: O
Captures: 0
Releases: 2
Turnouts: 0
Voltage: 12.2
RSSI: -98
LED Errors: 0
Version: 3
Revision: 4

2025-09-17 20:00:59.388717
Sender: 15
Head 0: G
Head 1: G
Head 2: G
Head 3: O
Captures: 0
Releases: 2
Turnouts: 0
Voltage: 12.2
RSSI: -98
LED Errors: 0
Version: 3
Revision: 4

2025-09-17 20:01:00.398201
Sender: 15
Head 0: G
Head 1: G
Head 2: G
Head 3: O
Captures: 0
Releases: 2
Turnouts: 0
Voltage: 12.2
RSSI: -98
LED Errors: 0
Version: 3
Revision: 4

2025-09-17 20:01:02.426345
Sender: 21
Head 0: G
Head 1: O
Head 2: O
Head 3: O
Captures: 0
Releases: 1
Turnouts: 0
Voltage: 12.2
RSSI: -104
LED Errors: 0
Version: 3
Revision: 3

2025-09-17 20:01:06.407218
Sender: 15
Head 0: G
Head 1: G
Head 2: G
Head 3: O
Captures: 0
Releases: 2
Turnouts: 0
Voltage: 12.2
RSSI: -98
LED Errors: 0
Version: 3
Revision: 4

2025-09-17 20:01:07.415489
Sender: 15
Head 0: G
Head 1: G
Head 2: G
Head 3: O
Captures: 0
Releases: 2
Turnouts: 0
Voltage: 12.2
RSSI: -98
LED Errors: 0
Version: 3
Revision: 4

2025-09-17 20:01:11.904922
Sender: 18
Head 0: G
Head 1: O
Head 2: O
Head 3: O
Captures: 0
Releases: 0
Turnouts: 0
Voltage: 12.0
RSSI: -108
LED Errors: 0
Version: 3
Revision: 1

2025-09-17 20:01:13.424421
Sender: 15
Head 0: G
Head 1: G
Head 2: G
Head 3: O
Captures: 0
Releases: 2
Turnouts: 0
Voltage: 12.2
RSSI: -98
LED Errors: 0
Version: 3
Revision: 4

2025-09-17 20:01:14.436196
Sender: 15
Head 0: G
Head 1: G
Head 2: G
Head 3: O
Captures: 0
Releases: 2
Turnouts: 0
Voltage: 12.2
RSSI: -98
LED Errors: 0
Version: 3
Revision: 4

2025-09-17 20:01:14.729298
Sender: 2
Head 0: R
Head 1: O
Head 2: O
Head 3: O
Captures: 0
Releases: 0
Turnouts: 0
Voltage: 12.1
RSSI: -113
LED Errors: 0
Version: 3
Revision: 4

2025-09-17 20:01:15.138486
Sender: 1
Head 0: A
Head 1: O
Head 2: O
Head 3: O
Captures: 1
Releases: 0
Turnouts: 0
Voltage: 12.9
RSSI: -108
LED Errors: 0
Version: 3
Revision: 4

2025-09-17 20:01:15.446479
Sender: 15
Head 0: G
Head 1: G
Head 2: G
Head 3: O
Captures: 0
Releases: 2
Turnouts: 0
Voltage: 12.2
RSSI: -98
LED Errors: 0
Version: 3
Revision: 4

2025-09-17 20:01:15.865699
Sender: 1
Head 0: A
Head 1: O
Head 2: O
Head 3: O
Captures: 0
Releases: 0
Turnouts: 0
Voltage: 12.9
RSSI: -108
LED Errors: 0
Version: 3
Revision: 4

2025-09-17 20:01:21.456349
Sender: 15
Head 0: G
Head 1: G
Head 2: G
Head 3: O
Captures: 0
Releases: 2
Turnouts: 0
Voltage: 12.2
RSSI: -98
LED Errors: 0
Version: 3
Revision: 4

2025-09-17 20:01:26.518865
Sender: 17
Head 0: G
Head 1: G
Head 2: O
Head 3: O
Captures: 0
Releases: 0
Turnouts: 0
Voltage: 12.1
RSSI: -115
LED Errors: 516
Version: 3
Revision: 4

2025-09-17 20:01:28.040466
Sender: 17
Head 0: G
Head 1: G
Head 2: O
Head 3: O
Captures: 0
Releases: 0
Turnouts: 0
Voltage: 12.1
RSSI: -115
LED Errors: 516
Version: 3
Revision: 4

2025-09-17 20:01:28.482627
Sender: 15
Head 0: G
Head 1: G
Head 2: G
Head 3: O
Captures: 0
Releases: 2
Turnouts: 0
Voltage: 12.2
RSSI: -98
LED Errors: 0
Version: 3
Revision: 4

2025-09-17 20:01:29.491147
Sender: 15
Head 0: G
Head 1: G
Head 2: G
Head 3: O
Captures: 0
Releases: 2
Turnouts: 0
Voltage: 12.2
RSSI: -98
LED Errors: 0
Version: 3
Revision: 4

2025-09-17 20:01:35.501687
Sender: 15
Head 0: G
Head 1: G
Head 2: G
Head 3: O
Captures: 0
Releases: 2
Turnouts: 0
Voltage: 12.2
RSSI: -98
LED Errors: 0
Version: 3
Revision: 4

2025-09-17 20:01:36.510673
Sender: 15
Head 0: G
Head 1: G
Head 2: G
Head 3: O
Captures: 0
Releases: 2
Turnouts: 0
Voltage: 12.2
RSSI: -98
LED Errors: 0
Version: 3
Revision: 4

2025-09-17 20:01:37.519437
Sender: 15
Head 0: G
Head 1: G
Head 2: G
Head 3: O
Captures: 0
Releases: 2
Turnouts: 0
Voltage: 12.2
RSSI: -98
LED Errors: 0
Version: 3
Revision: 4

2025-09-17 20:01:43.528281
Sender: 15
Head 0: G
Head 1: G
Head 2: G
Head 3: O
Captures: 0
Releases: 2
Turnouts: 0
Voltage: 12.2
RSSI: -98
LED Errors: 0
Version: 3
Revision: 4

2025-09-17 20:01:44.536917
Sender: 15
Head 0: G
Head 1: G
Head 2: G
Head 3: O
Captures: 0
Releases: 2
Turnouts: 0
Voltage: 12.2
RSSI: -98
LED Errors: 0
Version: 3
Revision: 4

2025-09-17 20:01:45.546612
Sender: 15
Head 0: G
Head 1: G
Head 2: G
Head 3: O
Captures: 0
Releases: 2
Turnouts: 0
Voltage: 12.2
RSSI: -98
LED Errors: 0
Version: 3
Revision: 4

2025-09-17 20:01:51.555250
Sender: 15
Head 0: G
Head 1: G
Head 2: G
Head 3: O
Captures: 0
Releases: 2
Turnouts: 0
Voltage: 12.2
RSSI: -98
LED Errors: 0
Version: 3
Revision: 4

2025-09-17 20:02:17.609348
Sender: 15
Head 0: G
Head 1: G
Head 2: G
Head 3: O
Captures: 0
Releases: 2
Turnouts: 0
Voltage: 12.2
RSSI: -98
LED Errors: 0
Version: 3
Revision: 4

2025-09-17 20:02:18.618288
Sender: 15
Head 0: G
Head 1: G
Head 2: G
Head 3: O
Captures: 0
Releases: 2
Turnouts: 0
Voltage: 12.2
RSSI: -98
LED Errors: 0
Version: 3
Revision: 4

2025-09-17 20:02:20.636326
Sender: 15
Head 0: G
Head 1: G
Head 2: G
Head 3: O
Captures: 0
Releases: 2
Turnouts: 0
Voltage: 12.2
RSSI: -98
LED Errors: 0
Version: 3
Revision: 4

2025-09-17 20:02:20.964907
Sender: 2
Head 0: G
Head 1: O
Head 2: O
Head 3: O
Captures: 0
Releases: 1
Turnouts: 0
Voltage: 12.1
RSSI: -113
LED Errors: 0
Version: 3
Revision: 4

2025-09-17 20:02:26.645364
Sender: 15
Head 0: G
Head 1: G
Head 2: G
Head 3: O
Captures: 0
Releases: 2
Turnouts: 0
Voltage: 12.2
RSSI: -98
LED Errors: 0
Version: 3
Revision: 4

2025-09-17 20:02:27.152951
Sender: 15
Head 0: G
Head 1: G
Head 2: G
Head 3: O
Captures: 0
Releases: 2
Turnouts: 0
Voltage: 12.2
RSSI: -98
LED Errors: 0
Version: 3
Revision: 4

2025-09-17 20:02:27.661640
Sender: 15
Head 0: G
Head 1: G
Head 2: G
Head 3: O
Captures: 0
Releases: 2
Turnouts: 0
Voltage: 12.2
RSSI: -98
LED Errors: 0
Version: 3
Revision: 4

2025-09-17 20:02:28.171118
Sender: 15
Head 0: G
Head 1: G
Head 2: G
Head 3: O
Captures: 0
Releases: 2
Turnouts: 0
Voltage: 12.2
RSSI: -98
LED Errors: 0
Version: 3
Revision: 4

2025-09-17 20:02:30.209223
Sender: 5
Head 0: G
Head 1: O
Head 2: O
Head 3: O
Captures: 0
Releases: 0
Turnouts: 0
Voltage: 12.1
RSSI: 0
LED Errors: 0
Version: 3
Revision: 4

2025-09-17 20:02:30.717611
Sender: 5
Head 0: R
Head 1: O
Head 2: O
Head 3: O
Captures: 0
Releases: 0
Turnouts: 0
Voltage: 12.1
RSSI: 0
LED Errors: 0
Version: 3
Revision: 4

2025-09-17 20:02:30.934162
Sender: 1
Head 0: G
Head 1: O
Head 2: O
Head 3: O
Captures: 0
Releases: 0
Turnouts: 0
Voltage: 12.9
RSSI: -108
LED Errors: 0
Version: 3
Revision: 4

2025-09-17 20:02:34.181098
Sender: 15
Head 0: G
Head 1: G
Head 2: G
Head 3: O
Captures: 0
Releases: 2
Turnouts: 0
Voltage: 12.2
RSSI: -98
LED Errors: 0
Version: 3
Revision: 4

2025-09-17 20:02:35.689981
Sender: 15
Head 0: G
Head 1: G
Head 2: G
Head 3: O
Captures: 0
Releases: 2
Turnouts: 0
Voltage: 12.2
RSSI: -98
LED Errors: 0
Version: 3
Revision: 4

2025-09-17 20:02:41.699159
Sender: 15
Head 0: G
Head 1: G
Head 2: G
Head 3: O
Captures: 0
Releases: 2
Turnouts: 0
Voltage: 12.2
RSSI: -98
LED Errors: 0
Version: 3
Revision: 4

2025-09-17 20:02:42.707786
Sender: 15
Head 0: G
Head 1: G
Head 2: G
Head 3: O
Captures: 0
Releases: 2
Turnouts: 0
Voltage: 12.2
RSSI: -98
LED Errors: 0
Version: 3
Revision: 4

2025-09-17 20:02:43.715327
Sender: 15
Head 0: G
Head 1: G
Head 2: G
Head 3: O
Captures: 0
Releases: 2
Turnouts: 0
Voltage: 12.2
RSSI: -98
LED Errors: 0
Version: 3
Revision: 4

2025-09-17 20:02:44.726226
Sender: 15
Head 0: G
Head 1: G
Head 2: G
Head 3: O
Captures: 0
Releases: 2
Turnouts: 0
Voltage: 12.2
RSSI: -98
LED Errors: 0
Version: 3
Revision: 4

2025-09-17 20:02:49.862940
Sender: 14
Head 0: G
Head 1: O
Head 2: O
Head 3: O
Captures: 0
Releases: 0
Turnouts: 0
Voltage: 12.3
RSSI: -86
LED Errors: 512
Version: 3
Revision: 3

2025-09-17 20:02:50.363324
Sender: 14
Head 0: G
Head 1: O
Head 2: O
Head 3: O
Captures: 0
Releases: 0
Turnouts: 0
Voltage: 12.3
RSSI: -86
LED Errors: 512
Version: 3
Revision: 3

2025-09-17 20:02:50.734803
Sender: 15
Head 0: G
Head 1: G
Head 2: G
Head 3: O
Captures: 0
Releases: 2
Turnouts: 0
Voltage: 12.2
RSSI: -98
LED Errors: 0
Version: 3
Revision: 4

2025-09-17 20:02:51.244240
Sender: 15
Head 0: G
Head 1: G
Head 2: G
Head 3: O
Captures: 0
Releases: 2
Turnouts: 0
Voltage: 12.2
RSSI: -98
LED Errors: 0
Version: 3
Revision: 4

2025-09-17 20:02:57.253375
Sender: 15
Head 0: G
Head 1: G
Head 2: G
Head 3: O
Captures: 0
Releases: 2
Turnouts: 0
Voltage: 12.2
RSSI: -98
LED Errors: 0
Version: 3
Revision: 4

2025-09-17 20:03:03.261702
Sender: 15
Head 0: G
Head 1: G
Head 2: G
Head 3: O
Captures: 0
Releases: 2
Turnouts: 0
Voltage: 12.2
RSSI: -98
LED Errors: 0
Version: 3
Revision: 4

2025-09-17 20:03:09.270788
Sender: 15
Head 0: G
Head 1: G
Head 2: G
Head 3: O
Captures: 0
Releases: 2
Turnouts: 0
Voltage: 12.2
RSSI: -98
LED Errors: 0
Version: 3
Revision: 4

2025-09-17 20:03:15.279838
Sender: 15
Head 0: G
Head 1: G
Head 2: G
Head 3: O
Captures: 0
Releases: 2
Turnouts: 0
Voltage: 12.2
RSSI: -98
LED Errors: 0
Version: 3
Revision: 4

2025-09-17 20:03:21.288900
Sender: 15
Head 0: G
Head 1: G
Head 2: G
Head 3: O
Captures: 0
Releases: 2
Turnouts: 0
Voltage: 12.2
RSSI: -98
LED Errors: 0
Version: 3
Revision: 4

2025-09-17 20:03:22.298087
Sender: 15
Head 0: G
Head 1: G
Head 2: G
Head 3: O
Captures: 0
Releases: 2
Turnouts: 0
Voltage: 12.2
RSSI: -98
LED Errors: 0
Version: 3
Revision: 4

2025-09-17 20:03:28.306565
Sender: 15
Head 0: G
Head 1: G
Head 2: G
Head 3: O
Captures: 0
Releases: 2
Turnouts: 0
Voltage: 12.2
RSSI: -98
LED Errors: 0
Version: 3
Revision: 4

2025-09-17 20:03:29.222827
Sender: 5
Head 0: R
Head 1: O
Head 2: O
Head 3: O
Captures: 0
Releases: 0
Turnouts: 0
Voltage: 12.1
RSSI: 0
LED Errors: 0
Version: 3
Revision: 4

2025-09-17 20:03:29.731541
Sender: 5
Head 0: G
Head 1: O
Head 2: O
Head 3: O
Captures: 0
Releases: 0
Turnouts: 0
Voltage: 12.1
RSSI: 0
LED Errors: 0
Version: 3
Revision: 4

2025-09-17 20:03:57.432563
Sender: 15
Head 0: G
Head 1: G
Head 2: G
Head 3: O
Captures: 0
Releases: 2
Turnouts: 0
Voltage: 12.2
RSSI: -98
LED Errors: 0
Version: 3
Revision: 4

2025-09-17 20:04:05.069910
Sender: 13
Head 0: G
Head 1: G
Head 2: O
Head 3: O
Captures: 0
Releases: 0
Turnouts: 0
Voltage: 13.7
RSSI: -109
LED Errors: 512
Version: 3
Revision: 4

2025-09-17 20:04:05.459395
Sender: 15
Head 0: G
Head 1: G
Head 2: G
Head 3: O
Captures: 0
Releases: 2
Turnouts: 0
Voltage: 12.2
RSSI: -98
LED Errors: 0
Version: 3
Revision: 4

2025-09-17 20:04:11.468450
Sender: 15
Head 0: G
Head 1: G
Head 2: G
Head 3: O
Captures: 0
Releases: 2
Turnouts: 0
Voltage: 12.2
RSSI: -98
LED Errors: 0
Version: 3
Revision: 4

2025-09-17 20:04:32.033158
Sender: 15
Head 0: G
Head 1: G
Head 2: G
Head 3: O
Captures: 0
Releases: 2
Turnouts: 0
Voltage: 12.2
RSSI: -98
LED Errors: 0
Version: 3
Revision: 4

2025-09-17 20:04:38.040386
Sender: 15
Head 0: G
Head 1: G
Head 2: G
Head 3: O
Captures: 0
Releases: 2
Turnouts: 0
Voltage: 12.2
RSSI: -98
LED Errors: 0
Version: 3
Revision: 4

2025-09-17 20:04:39.048337
Sender: 15
Head 0: G
Head 1: G
Head 2: G
Head 3: O
Captures: 0
Releases: 2
Turnouts: 0
Voltage: 12.2
RSSI: -98
LED Errors: 0
Version: 3
Revision: 4

2025-09-17 20:04:40.058426
Sender: 15
Head 0: G
Head 1: G
Head 2: G
Head 3: O
Captures: 0
Releases: 2
Turnouts: 0
Voltage: 12.2
RSSI: -98
LED Errors: 0
Version: 3
Revision: 4

2025-09-17 20:04:41.067565
Sender: 15
Head 0: G
Head 1: G
Head 2: G
Head 3: O
Captures: 0
Releases: 2
Turnouts: 0
Voltage: 12.2
RSSI: -98
LED Errors: 0
Version: 3
Revision: 4

2025-09-17 20:04:50.103352
Sender: 15
Head 0: G
Head 1: G
Head 2: G
Head 3: O
Captures: 0
Releases: 2
Turnouts: 0
Voltage: 12.2
RSSI: -98
LED Errors: 0
Version: 3
Revision: 4

2025-09-17 20:04:56.621320
Sender: 15
Head 0: G
Head 1: G
Head 2: G
Head 3: O
Captures: 0
Releases: 2
Turnouts: 0
Voltage: 12.2
RSSI: -98
LED Errors: 0
Version: 3
Revision: 4

2025-09-17 20:04:57.630178
Sender: 15
Head 0: G
Head 1: G
Head 2: G
Head 3: O
Captures: 0
Releases: 2
Turnouts: 0
Voltage: 12.2
RSSI: -98
LED Errors: 0
Version: 3
Revision: 4

2025-09-17 20:04:58.639577
Sender: 15
Head 0: G
Head 1: G
Head 2: G
Head 3: O
Captures: 0
Releases: 2
Turnouts: 0
Voltage: 12.2
RSSI: -98
LED Errors: 0
Version: 3
Revision: 4

2025-09-17 20:05:04.648306
Sender: 15
Head 0: G
Head 1: G
Head 2: G
Head 3: O
Captures: 0
Releases: 2
Turnouts: 0
Voltage: 12.2
RSSI: -98
LED Errors: 0
Version: 3
Revision: 4

2025-09-17 20:05:10.657264
Sender: 15
Head 0: G
Head 1: G
Head 2: G
Head 3: O
Captures: 0
Releases: 2
Turnouts: 0
Voltage: 12.2
RSSI: -98
LED Errors: 0
Version: 3
Revision: 4

2025-09-17 20:05:16.666022
Sender: 15
Head 0: G
Head 1: G
Head 2: G
Head 3: O
Captures: 0
Releases: 2
Turnouts: 0
Voltage: 12.2
RSSI: -98
LED Errors: 0
Version: 3
Revision: 4

2025-09-17 20:05:22.674913
Sender: 15
Head 0: G
Head 1: G
Head 2: G
Head 3: O
Captures: 0
Releases: 2
Turnouts: 0
Voltage: 12.2
RSSI: -98
LED Errors: 0
Version: 3
Revision: 4

2025-09-17 20:05:28.417283
Sender: 10
Head 0: R
Head 1: O
Head 2: O
Head 3: O
Captures: 0
Releases: 0
Turnouts: 0
Voltage: 12.8
RSSI: -96
LED Errors: 0
Version: 3
Revision: 4

2025-09-17 20:05:29.157909
Sender: 9
Head 0: A
Head 1: O
Head 2: O
Head 3: O
Captures: 0
Releases: 0
Turnouts: 0
Voltage: 12.6
RSSI: -98
LED Errors: 0
Version: 3
Revision: 4

2025-09-17 20:05:29.683775
Sender: 10
Head 0: R
Head 1: O
Head 2: O
Head 3: O
Captures: 0
Releases: 0
Turnouts: 0
Voltage: 12.8
RSSI: -96
LED Errors: 0
Version: 3
Revision: 4

2025-09-17 20:05:30.451962
Sender: 15
Head 0: G
Head 1: G
Head 2: G
Head 3: O
Captures: 0
Releases: 2
Turnouts: 0
Voltage: 12.2
RSSI: -98
LED Errors: 0
Version: 3
Revision: 4

2025-09-17 20:05:36.460956
Sender: 15
Head 0: G
Head 1: G
Head 2: G
Head 3: O
Captures: 0
Releases: 2
Turnouts: 0
Voltage: 12.2
RSSI: -98
LED Errors: 0
Version: 3
Revision: 4

2025-09-17 20:05:37.468873
Sender: 15
Head 0: G
Head 1: G
Head 2: G
Head 3: O
Captures: 0
Releases: 2
Turnouts: 0
Voltage: 12.2
RSSI: -98
LED Errors: 0
Version: 3
Revision: 4

2025-09-17 20:05:38.479076
Sender: 15
Head 0: G
Head 1: G
Head 2: G
Head 3: O
Captures: 0
Releases: 2
Turnouts: 0
Voltage: 12.2
RSSI: -98
LED Errors: 0
Version: 3
Revision: 4

2025-09-17 20:05:48.523916
Sender: 15
Head 0: G
Head 1: G
Head 2: G
Head 3: O
Captures: 0
Releases: 2
Turnouts: 0
Voltage: 12.2
RSSI: -98
LED Errors: 0
Version: 3
Revision: 4

2025-09-17 20:05:54.533416
Sender: 15
Head 0: G
Head 1: G
Head 2: G
Head 3: O
Captures: 0
Releases: 2
Turnouts: 0
Voltage: 12.2
RSSI: -98
LED Errors: 0
Version: 3
Revision: 4

2025-09-17 20:06:00.010696
Sender: 10
Head 0: G
Head 1: O
Head 2: O
Head 3: O
Captures: 0
Releases: 1
Turnouts: 0
Voltage: 12.8
RSSI: -96
LED Errors: 0
Version: 3
Revision: 4

2025-09-17 20:06:00.519471
Sender: 10
Head 0: G
Head 1: O
Head 2: O
Head 3: O
Captures: 0
Releases: 0
Turnouts: 0
Voltage: 12.8
RSSI: -96
LED Errors: 0
Version: 3
Revision: 4

2025-09-17 20:06:01.028576
Sender: 10
Head 0: G
Head 1: O
Head 2: O
Head 3: O
Captures: 0
Releases: 0
Turnouts: 0
Voltage: 12.8
RSSI: -96
LED Errors: 0
Version: 3
Revision: 4

2025-09-17 20:06:02.810658
Sender: 15
Head 0: G
Head 1: G
Head 2: G
Head 3: O
Captures: 0
Releases: 2
Turnouts: 0
Voltage: 12.2
RSSI: -98
LED Errors: 0
Version: 3
Revision: 4

2025-09-17 20:06:09.993339
Sender: 9
Head 0: G
Head 1: O
Head 2: O
Head 3: O
Captures: 0
Releases: 0
Turnouts: 0
Voltage: 12.6
RSSI: -98
LED Errors: 0
Version: 3
Revision: 4

2025-09-17 20:06:18.864732
Sender: 15
Head 0: G
Head 1: G
Head 2: G
Head 3: O
Captures: 0
Releases: 2
Turnouts: 0
Voltage: 12.2
RSSI: -98
LED Errors: 0
Version: 3
Revision: 4

2025-09-17 20:06:34.419005
Sender: 15
Head 0: G
Head 1: G
Head 2: G
Head 3: O
Captures: 0
Releases: 2
Turnouts: 0
Voltage: 12.2
RSSI: -98
LED Errors: 0
Version: 3
Revision: 4

2025-09-17 20:06:42.445833
Sender: 15
Head 0: G
Head 1: G
Head 2: G
Head 3: O
Captures: 0
Releases: 2
Turnouts: 0
Voltage: 12.2
RSSI: -98
LED Errors: 0
Version: 3
Revision: 4

2025-09-17 20:06:43.954953
Sender: 15
Head 0: G
Head 1: G
Head 2: G
Head 3: O
Captures: 0
Releases: 2
Turnouts: 0
Voltage: 12.2
RSSI: -98
LED Errors: 0
Version: 3
Revision: 4

2025-09-17 20:06:44.963901
Sender: 15
Head 0: G
Head 1: G
Head 2: G
Head 3: O
Captures: 0
Releases: 2
Turnouts: 0
Voltage: 12.2
RSSI: -98
LED Errors: 0
Version: 3
Revision: 4

2025-09-17 20:06:50.431684
Sender: 19
Head 0: G
Head 1: O
Head 2: O
Head 3: O
Captures: 0
Releases: 0
Turnouts: 0
Voltage: 12.1
RSSI: -103
LED Errors: 0
Version: 3
Revision: 0

2025-09-17 20:06:50.972653
Sender: 15
Head 0: G
Head 1: G
Head 2: G
Head 3: O
Captures: 0
Releases: 2
Turnouts: 0
Voltage: 12.2
RSSI: -98
LED Errors: 0
Version: 3
Revision: 4

2025-09-17 20:06:56.981534
Sender: 15
Head 0: G
Head 1: G
Head 2: G
Head 3: O
Captures: 0
Releases: 2
Turnouts: 0
Voltage: 12.2
RSSI: -98
LED Errors: 0
Version: 3
Revision: 4

2025-09-17 20:06:58.999724
Sender: 15
Head 0: G
Head 1: G
Head 2: G
Head 3: O
Captures: 0
Releases: 2
Turnouts: 0
Voltage: 12.2
RSSI: -98
LED Errors: 0
Version: 3
Revision: 4

2025-09-17 20:07:00.507213
Sender: 15
Head 0: G
Head 1: G
Head 2: G
Head 3: O
Captures: 0
Releases: 2
Turnouts: 0
Voltage: 12.2
RSSI: -98
LED Errors: 0
Version: 3
Revision: 4

2025-09-17 20:07:01.517470
Sender: 15
Head 0: G
Head 1: G
Head 2: G
Head 3: O
Captures: 0
Releases: 2
Turnouts: 0
Voltage: 12.2
RSSI: -98
LED Errors: 0
Version: 3
Revision: 4

2025-09-17 20:07:04.468085
Sender: 21
Head 0: G
Head 1: O
Head 2: O
Head 3: O
Captures: 0
Releases: 0
Turnouts: 0
Voltage: 12.2
RSSI: -104
LED Errors: 0
Version: 3
Revision: 3

2025-09-17 20:07:07.526613
Sender: 15
Head 0: G
Head 1: G
Head 2: G
Head 3: O
Captures: 0
Releases: 2
Turnouts: 0
Voltage: 12.2
RSSI: -98
LED Errors: 0
Version: 3
Revision: 4

2025-09-17 20:07:11.858777
Sender: 14
Head 0: R
Head 1: O
Head 2: O
Head 3: O
Captures: 0
Releases: 0
Turnouts: 0
Voltage: 12.3
RSSI: -86
LED Errors: 512
Version: 3
Revision: 3

2025-09-17 20:07:12.082262
Sender: 13
Head 0: A
Head 1: G
Head 2: O
Head 3: O
Captures: 1
Releases: 0
Turnouts: 0
Voltage: 13.7
RSSI: -109
LED Errors: 512
Version: 3
Revision: 4

2025-09-17 20:07:12.974353
Sender: 13
Head 0: A
Head 1: G
Head 2: O
Head 3: O
Captures: 0
Releases: 0
Turnouts: 0
Voltage: 13.7
RSSI: -109
LED Errors: 512
Version: 3
Revision: 4

2025-09-17 20:07:14.035713
Sender: 15
Head 0: G
Head 1: G
Head 2: G
Head 3: O
Captures: 0
Releases: 2
Turnouts: 0
Voltage: 12.2
RSSI: -98
LED Errors: 0
Version: 3
Revision: 4

2025-09-17 20:07:14.681541
Sender: 18
Head 0: G
Head 1: O
Head 2: O
Head 3: O
Captures: 0
Releases: 0
Turnouts: 0
Voltage: 12.0
RSSI: -108
LED Errors: 0
Version: 3
Revision: 1

2025-09-17 20:07:15.686189
Sender: 18
Head 0: G
Head 1: O
Head 2: O
Head 3: O
Captures: 0
Releases: 0
Turnouts: 0
Voltage: 12.0
RSSI: -108
LED Errors: 0
Version: 3
Revision: 1

2025-09-17 20:07:20.542980
Sender: 15
Head 0: G
Head 1: G
Head 2: G
Head 3: O
Captures: 0
Releases: 2
Turnouts: 0
Voltage: 12.2
RSSI: -98
LED Errors: 0
Version: 3
Revision: 4

2025-09-17 20:07:27.107376
Sender: 15
Head 0: G
Head 1: G
Head 2: G
Head 3: O
Captures: 0
Releases: 2
Turnouts: 0
Voltage: 12.2
RSSI: -98
LED Errors: 0
Version: 3
Revision: 4

2025-09-17 20:07:28.062524
Sender: 15
Head 0: G
Head 1: G
Head 2: G
Head 3: O
Captures: 0
Releases: 2
Turnouts: 0
Voltage: 12.2
RSSI: -98
LED Errors: 0
Version: 3
Revision: 4

2025-09-17 20:07:29.571456
Sender: 15
Head 0: G
Head 1: G
Head 2: G
Head 3: O
Captures: 0
Releases: 2
Turnouts: 0
Voltage: 12.2
RSSI: -98
LED Errors: 0
Version: 3
Revision: 4

2025-09-17 20:07:30.130719
Sender: 17
Head 0: G
Head 1: G
Head 2: O
Head 3: O
Captures: 0
Releases: 0
Turnouts: 0
Voltage: 12.1
RSSI: -115
LED Errors: 516
Version: 3
Revision: 4

2025-09-17 20:07:35.579235
Sender: 15
Head 0: G
Head 1: G
Head 2: G
Head 3: O
Captures: 0
Releases: 2
Turnouts: 0
Voltage: 12.2
RSSI: -98
LED Errors: 0
Version: 3
Revision: 4

2025-09-17 20:07:41.589318
Sender: 15
Head 0: G
Head 1: G
Head 2: G
Head 3: O
Captures: 0
Releases: 2
Turnouts: 0
Voltage: 12.2
RSSI: -98
LED Errors: 0
Version: 3
Revision: 4

2025-09-17 20:07:50.116177
Sender: 15
Head 0: G
Head 1: G
Head 2: G
Head 3: O
Captures: 0
Releases: 2
Turnouts: 0
Voltage: 12.2
RSSI: -98
LED Errors: 0
Version: 3
Revision: 4

2025-09-17 20:07:56.125028
Sender: 15
Head 0: G
Head 1: G
Head 2: G
Head 3: O
Captures: 0
Releases: 2
Turnouts: 0
Voltage: 12.2
RSSI: -98
LED Errors: 0
Version: 3
Revision: 4

2025-09-17 20:07:57.134275
Sender: 15
Head 0: G
Head 1: G
Head 2: G
Head 3: O
Captures: 0
Releases: 2
Turnouts: 0
Voltage: 12.2
RSSI: -98
LED Errors: 0
Version: 3
Revision: 4

2025-09-17 20:07:58.143292
Sender: 15
Head 0: G
Head 1: G
Head 2: G
Head 3: O
Captures: 0
Releases: 2
Turnouts: 0
Voltage: 12.2
RSSI: -98
LED Errors: 0
Version: 3
Revision: 4

2025-09-17 20:07:59.152449
Sender: 15
Head 0: G
Head 1: G
Head 2: G
Head 3: O
Captures: 0
Releases: 2
Turnouts: 0
Voltage: 12.2
RSSI: -98
LED Errors: 0
Version: 3
Revision: 4

2025-09-17 20:08:05.160972
Sender: 15
Head 0: G
Head 1: G
Head 2: G
Head 3: O
Captures: 0
Releases: 2
Turnouts: 0
Voltage: 12.2
RSSI: -98
LED Errors: 0
Version: 3
Revision: 4

2025-09-17 20:08:06.169601
Sender: 15
Head 0: G
Head 1: G
Head 2: G
Head 3: O
Captures: 0
Releases: 2
Turnouts: 0
Voltage: 12.2
RSSI: -98
LED Errors: 0
Version: 3
Revision: 4

2025-09-17 20:08:06.678651
Sender: 15
Head 0: G
Head 1: G
Head 2: G
Head 3: O
Captures: 0
Releases: 2
Turnouts: 0
Voltage: 12.2
RSSI: -98
LED Errors: 0
Version: 3
Revision: 4

2025-09-17 20:08:12.191082
Sender: 15
Head 0: G
Head 1: G
Head 2: G
Head 3: O
Captures: 0
Releases: 2
Turnouts: 0
Voltage: 12.2
RSSI: -98
LED Errors: 0
Version: 3
Revision: 4

2025-09-17 20:08:12.698861
Sender: 15
Head 0: G
Head 1: G
Head 2: G
Head 3: O
Captures: 0
Releases: 2
Turnouts: 0
Voltage: 12.2
RSSI: -98
LED Errors: 0
Version: 3
Revision: 4

2025-09-17 20:08:13.709457
Sender: 15
Head 0: G
Head 1: G
Head 2: G
Head 3: O
Captures: 0
Releases: 2
Turnouts: 0
Voltage: 12.2
RSSI: -98
LED Errors: 0
Version: 3
Revision: 4

2025-09-17 20:08:19.718199
Sender: 15
Head 0: G
Head 1: G
Head 2: G
Head 3: O
Captures: 0
Releases: 2
Turnouts: 0
Voltage: 12.2
RSSI: -98
LED Errors: 0
Version: 3
Revision: 4

2025-09-17 20:08:25.138815
Sender: 2
Head 0: G
Head 1: O
Head 2: O
Head 3: O
Captures: 0
Releases: 0
Turnouts: 0
Voltage: 12.1
RSSI: -113
LED Errors: 0
Version: 3
Revision: 4

2025-09-17 20:08:25.732145
Sender: 15
Head 0: G
Head 1: G
Head 2: G
Head 3: O
Captures: 0
Releases: 2
Turnouts: 0
Voltage: 12.2
RSSI: -98
LED Errors: 0
Version: 3
Revision: 4

2025-09-17 20:08:28.253823
Sender: 15
Head 0: G
Head 1: G
Head 2: G
Head 3: O
Captures: 0
Releases: 2
Turnouts: 0
Voltage: 12.2
RSSI: -98
LED Errors: 0
Version: 3
Revision: 4

2025-09-17 20:08:29.263094
Sender: 15
Head 0: G
Head 1: G
Head 2: G
Head 3: O
Captures: 0
Releases: 2
Turnouts: 0
Voltage: 12.2
RSSI: -98
LED Errors: 0
Version: 3
Revision: 4

2025-09-17 20:08:29.724258
Sender: 14
Head 0: G
Head 1: O
Head 2: O
Head 3: O
Captures: 0
Releases: 1
Turnouts: 0
Voltage: 12.3
RSSI: -86
LED Errors: 512
Version: 3
Revision: 3

2025-09-17 20:08:30.734916
Sender: 14
Head 0: G
Head 1: O
Head 2: O
Head 3: O
Captures: 0
Releases: 0
Turnouts: 0
Voltage: 12.3
RSSI: -86
LED Errors: 512
Version: 3
Revision: 3

2025-09-17 20:08:31.744192
Sender: 14
Head 0: G
Head 1: O
Head 2: O
Head 3: O
Captures: 0
Releases: 0
Turnouts: 0
Voltage: 12.3
RSSI: -86
LED Errors: 512
Version: 3
Revision: 3

2025-09-17 20:08:35.780726
Sender: 15
Head 0: G
Head 1: G
Head 2: G
Head 3: O
Captures: 0
Releases: 2
Turnouts: 0
Voltage: 12.2
RSSI: -98
LED Errors: 0
Version: 3
Revision: 4

2025-09-17 20:08:39.308057
Sender: 15
Head 0: G
Head 1: G
Head 2: G
Head 3: O
Captures: 0
Releases: 2
Turnouts: 0
Voltage: 12.2
RSSI: -98
LED Errors: 0
Version: 3
Revision: 4

2025-09-17 20:08:40.447118
Sender: 13
Head 0: G
Head 1: G
Head 2: O
Head 3: O
Captures: 0
Releases: 0
Turnouts: 0
Voltage: 13.7
RSSI: -109
LED Errors: 512
Version: 3
Revision: 4

2025-09-17 20:08:45.316853
Sender: 15
Head 0: G
Head 1: G
Head 2: G
Head 3: O
Captures: 0
Releases: 2
Turnouts: 0
Voltage: 12.2
RSSI: -98
LED Errors: 0
Version: 3
Revision: 4

2025-09-17 20:08:46.162165
Sender: 1
Head 0: G
Head 1: O
Head 2: O
Head 3: O
Captures: 0
Releases: 0
Turnouts: 0
Voltage: 12.9
RSSI: -108
LED Errors: 0
Version: 3
Revision: 4

2025-09-17 20:08:46.575798
Sender: 15
Head 0: G
Head 1: G
Head 2: G
Head 3: O
Captures: 0
Releases: 2
Turnouts: 0
Voltage: 12.2
RSSI: -98
LED Errors: 0
Version: 3
Revision: 4

2025-09-17 20:08:52.584949
Sender: 15
Head 0: G
Head 1: G
Head 2: G
Head 3: O
Captures: 0
Releases: 2
Turnouts: 0
Voltage: 12.2
RSSI: -98
LED Errors: 0
Version: 3
Revision: 4

2025-09-17 20:08:53.593975
Sender: 15
Head 0: G
Head 1: G
Head 2: G
Head 3: O
Captures: 0
Releases: 2
Turnouts: 0
Voltage: 12.2
RSSI: -98
LED Errors: 0
Version: 3
Revision: 4

2025-09-17 20:08:54.602965
Sender: 15
Head 0: G
Head 1: G
Head 2: G
Head 3: O
Captures: 0
Releases: 2
Turnouts: 0
Voltage: 12.2
RSSI: -98
LED Errors: 0
Version: 3
Revision: 4

2025-09-17 20:09:00.611964
Sender: 15
Head 0: G
Head 1: G
Head 2: G
Head 3: O
Captures: 0
Releases: 2
Turnouts: 0
Voltage: 12.2
RSSI: -98
LED Errors: 0
Version: 3
Revision: 4

2025-09-17 20:09:01.620920
Sender: 15
Head 0: G
Head 1: G
Head 2: G
Head 3: O
Captures: 0
Releases: 2
Turnouts: 0
Voltage: 12.2
RSSI: -98
LED Errors: 0
Version: 3
Revision: 4

2025-09-17 20:09:07.629687
Sender: 15
Head 0: G
Head 1: G
Head 2: G
Head 3: O
Captures: 0
Releases: 2
Turnouts: 0
Voltage: 12.2
RSSI: -98
LED Errors: 0
Version: 3
Revision: 4

2025-09-17 20:09:08.638715
Sender: 15
Head 0: G
Head 1: G
Head 2: G
Head 3: O
Captures: 0
Releases: 2
Turnouts: 0
Voltage: 12.2
RSSI: -98
LED Errors: 0
Version: 3
Revision: 4

2025-09-17 20:09:09.647776
Sender: 15
Head 0: G
Head 1: G
Head 2: G
Head 3: O
Captures: 0
Releases: 2
Turnouts: 0
Voltage: 12.2
RSSI: -98
LED Errors: 0
Version: 3
Revision: 4

2025-09-17 20:09:15.656807
Sender: 15
Head 0: G
Head 1: G
Head 2: G
Head 3: O
Captures: 0
Releases: 2
Turnouts: 0
Voltage: 12.2
RSSI: -98
LED Errors: 0
Version: 3
Revision: 4

2025-09-17 20:09:16.664873
Sender: 15
Head 0: G
Head 1: G
Head 2: G
Head 3: O
Captures: 0
Releases: 2
Turnouts: 0
Voltage: 12.2
RSSI: -98
LED Errors: 0
Version: 3
Revision: 4

2025-09-17 20:09:22.674611
Sender: 15
Head 0: G
Head 1: G
Head 2: G
Head 3: O
Captures: 0
Releases: 2
Turnouts: 0
Voltage: 12.2
RSSI: -98
LED Errors: 0
Version: 3
Revision: 4

2025-09-17 20:09:28.683553
Sender: 15
Head 0: G
Head 1: G
Head 2: G
Head 3: O
Captures: 0
Releases: 2
Turnouts: 0
Voltage: 12.2
RSSI: -98
LED Errors: 0
Version: 3
Revision: 4

2025-09-17 20:09:29.692428
Sender: 15
Head 0: G
Head 1: G
Head 2: G
Head 3: O
Captures: 0
Releases: 2
Turnouts: 0
Voltage: 12.2
RSSI: -98
LED Errors: 0
Version: 3
Revision: 4

2025-09-17 20:09:30.701870
Sender: 15
Head 0: G
Head 1: G
Head 2: G
Head 3: O
Captures: 0
Releases: 2
Turnouts: 0
Voltage: 12.2
RSSI: -98
LED Errors: 0
Version: 3
Revision: 4

2025-09-17 20:09:32.251714
Sender: 15
Head 0: G
Head 1: G
Head 2: G
Head 3: O
Captures: 0
Releases: 2
Turnouts: 0
Voltage: 12.2
RSSI: -98
LED Errors: 0
Version: 3
Revision: 4

2025-09-17 20:09:33.260646
Sender: 15
Head 0: G
Head 1: G
Head 2: G
Head 3: O
Captures: 0
Releases: 2
Turnouts: 0
Voltage: 12.2
RSSI: -98
LED Errors: 0
Version: 3
Revision: 4

2025-09-17 20:09:37.411644
Sender: 5
Head 0: G
Head 1: O
Head 2: O
Head 3: O
Captures: 0
Releases: 0
Turnouts: 0
Voltage: 12.1
RSSI: 0
LED Errors: 0
Version: 3
Revision: 4

2025-09-17 20:09:45.278661
Sender: 15
Head 0: G
Head 1: G
Head 2: G
Head 3: O
Captures: 0
Releases: 2
Turnouts: 0
Voltage: 12.2
RSSI: -98
LED Errors: 0
Version: 3
Revision: 4

2025-09-17 20:09:52.296661
Sender: 15
Head 0: G
Head 1: G
Head 2: G
Head 3: O
Captures: 0
Releases: 2
Turnouts: 0
Voltage: 12.2
RSSI: -98
LED Errors: 0
Version: 3
Revision: 4

2025-09-17 20:09:57.805345
Sender: 14
Head 0: G
Head 1: O
Head 2: O
Head 3: O
Captures: 0
Releases: 0
Turnouts: 0
Voltage: 12.3
RSSI: -86
LED Errors: 512
Version: 3
Revision: 3

2025-09-17 20:11:59.074977
Sender: 1
Head 0: G
Head 1: O
Head 2: O
Head 3: O
Captures: 0
Releases: 0
Turnouts: 0
Voltage: 12.9
RSSI: -108
LED Errors: 0
Version: 3
Revision: 4

2025-09-17 20:12:00.332489
Sender: 5
Head 0: G
Head 1: O
Head 2: O
Head 3: O
Captures: 0
Releases: 0
Turnouts: 0
Voltage: 12.1
RSSI: 0
LED Errors: 0
Version: 3
Revision: 4

2025-09-17 20:12:00.597482
Sender: 15
Head 0: G
Head 1: G
Head 2: G
Head 3: O
Captures: 0
Releases: 2
Turnouts: 0
Voltage: 12.2
RSSI: -98
LED Errors: 0
Version: 3
Revision: 4

2025-09-17 20:12:01.313117
Sender: 10
Head 0: G
Head 1: O
Head 2: O
Head 3: O
Captures: 0
Releases: 0
Turnouts: 0
Voltage: 12.8
RSSI: -96
LED Errors: 0
Version: 3
Revision: 4

2025-09-17 20:12:01.695750
Sender: 9
Head 0: G
Head 1: O
Head 2: O
Head 3: O
Captures: 0
Releases: 0
Turnouts: 0
Voltage: 12.6
RSSI: -98
LED Errors: 0
Version: 3
Revision: 4

2025-09-17 20:12:02.707292
Sender: 13
Head 0: G
Head 1: G
Head 2: O
Head 3: O
Captures: 0
Releases: 0
Turnouts: 0
Voltage: 13.7
RSSI: -109
LED Errors: 512
Version: 3
Revision: 4

2025-09-17 20:12:03.094859
Sender: 14
Head 0: G
Head 1: O
Head 2: O
Head 3: O
Captures: 0
Releases: 0
Turnouts: 0
Voltage: 12.3
RSSI: -86
LED Errors: 512
Version: 3
Revision: 3

2025-09-17 20:12:03.480562
Sender: 15
Head 0: G
Head 1: G
Head 2: G
Head 3: O
Captures: 0
Releases: 2
Turnouts: 0
Voltage: 12.2
RSSI: -98
LED Errors: 0
Version: 3
Revision: 4

2025-09-17 20:12:04.311254
Sender: 18
Head 0: G
Head 1: O
Head 2: O
Head 3: O
Captures: 0
Releases: 0
Turnouts: 0
Voltage: 12.0
RSSI: -108
LED Errors: 0
Version: 3
Revision: 1

2025-09-17 20:12:04.423812
Sender: 15
Head 0: G
Head 1: G
Head 2: G
Head 3: O
Captures: 0
Releases: 2
Turnouts: 0
Voltage: 12.2
RSSI: -98
LED Errors: 0
Version: 3
Revision: 4

2025-09-17 20:12:04.922696
Sender: 19
Head 0: G
Head 1: O
Head 2: O
Head 3: O
Captures: 0
Releases: 0
Turnouts: 0
Voltage: 12.1
RSSI: -103
LED Errors: 0
Version: 3
Revision: 0

2025-09-17 20:12:05.470933
Sender: 15
Head 0: G
Head 1: G
Head 2: G
Head 3: O
Captures: 0
Releases: 2
Turnouts: 0
Voltage: 12.2
RSSI: -98
LED Errors: 0
Version: 3
Revision: 4

2025-09-17 20:12:06.671878
Sender: 15
Head 0: G
Head 1: G
Head 2: G
Head 3: O
Captures: 0
Releases: 2
Turnouts: 0
Voltage: 12.2
RSSI: -98
LED Errors: 0
Version: 3
Revision: 4

2025-09-17 20:12:12.627614
Sender: 15
Head 0: G
Head 1: G
Head 2: G
Head 3: O
Captures: 0
Releases: 2
Turnouts: 0
Voltage: 12.2
RSSI: -98
LED Errors: 0
Version: 3
Revision: 4

2025-09-17 20:12:18.637455
Sender: 15
Head 0: G
Head 1: G
Head 2: G
Head 3: O
Captures: 0
Releases: 2
Turnouts: 0
Voltage: 12.2
RSSI: -98
LED Errors: 0
Version: 3
Revision: 4

2025-09-17 20:12:24.646237
Sender: 15
Head 0: G
Head 1: G
Head 2: G
Head 3: O
Captures: 0
Releases: 2
Turnouts: 0
Voltage: 12.2
RSSI: -98
LED Errors: 0
Version: 3
Revision: 4

2025-09-17 20:12:25.655479
Sender: 15
Head 0: G
Head 1: G
Head 2: G
Head 3: O
Captures: 0
Releases: 2
Turnouts: 0
Voltage: 12.2
RSSI: -98
LED Errors: 0
Version: 3
Revision: 4

2025-09-17 20:12:31.674931
Sender: 15
Head 0: G
Head 1: G
Head 2: G
Head 3: O
Captures: 0
Releases: 2
Turnouts: 0
Voltage: 12.2
RSSI: -98
LED Errors: 0
Version: 3
Revision: 4

2025-09-17 20:12:38.685124
Sender: 15
Head 0: G
Head 1: G
Head 2: G
Head 3: O
Captures: 0
Releases: 2
Turnouts: 0
Voltage: 12.2
RSSI: -98
LED Errors: 0
Version: 3
Revision: 4

2025-09-17 20:12:40.194162
Sender: 15
Head 0: G
Head 1: G
Head 2: G
Head 3: O
Captures: 0
Releases: 2
Turnouts: 0
Voltage: 12.2
RSSI: -98
LED Errors: 0
Version: 3
Revision: 4

2025-09-17 20:12:46.711980
Sender: 15
Head 0: G
Head 1: G
Head 2: G
Head 3: O
Captures: 0
Releases: 2
Turnouts: 0
Voltage: 12.2
RSSI: -98
LED Errors: 0
Version: 3
Revision: 4

2025-09-17 20:12:50.273144
Sender: 15
Head 0: A
Head 1: R
Head 2: R
Head 3: O
Captures: 0
Releases: 2
Turnouts: 0
Voltage: 12.2
RSSI: -98
LED Errors: 0
Version: 3
Revision: 4

2025-09-17 20:12:50.827368
Sender: 13
Head 0: G
Head 1: R
Head 2: O
Head 3: O
Captures: 0
Releases: 0
Turnouts: 0
Voltage: 13.7
RSSI: -109
LED Errors: 512
Version: 3
Revision: 4

2025-09-17 20:12:51.235262
Sender: 15
Head 0: A
Head 1: R
Head 2: R
Head 3: O
Captures: 0
Releases: 2
Turnouts: 0
Voltage: 12.2
RSSI: -98
LED Errors: 0
Version: 3
Revision: 4

2025-09-17 20:12:58.252869
Sender: 15
Head 0: A
Head 1: R
Head 2: R
Head 3: O
Captures: 0
Releases: 2
Turnouts: 0
Voltage: 12.2
RSSI: -98
LED Errors: 0
Version: 3
Revision: 4

2025-09-17 20:13:04.262040
Sender: 15
Head 0: A
Head 1: R
Head 2: R
Head 3: O
Captures: 0
Releases: 2
Turnouts: 0
Voltage: 12.2
RSSI: -98
LED Errors: 0
Version: 3
Revision: 4

2025-09-17 20:13:05.271171
Sender: 15
Head 0: A
Head 1: R
Head 2: R
Head 3: O
Captures: 0
Releases: 2
Turnouts: 0
Voltage: 12.2
RSSI: -98
LED Errors: 0
Version: 3
Revision: 4

2025-09-17 20:13:06.283647
Sender: 15
Head 0: A
Head 1: R
Head 2: R
Head 3: O
Captures: 0
Releases: 2
Turnouts: 0
Voltage: 12.2
RSSI: -98
LED Errors: 0
Version: 3
Revision: 4

2025-09-17 20:13:07.289195
Sender: 15
Head 0: A
Head 1: R
Head 2: R
Head 3: O
Captures: 0
Releases: 2
Turnouts: 0
Voltage: 12.2
RSSI: -98
LED Errors: 0
Version: 3
Revision: 4

2025-09-17 20:13:13.297986
Sender: 15
Head 0: A
Head 1: R
Head 2: R
Head 3: O
Captures: 0
Releases: 2
Turnouts: 0
Voltage: 12.2
RSSI: -98
LED Errors: 0
Version: 3
Revision: 4

2025-09-17 20:13:40.361202
Sender: 15
Head 0: A
Head 1: R
Head 2: R
Head 3: O
Captures: 0
Releases: 2
Turnouts: 0
Voltage: 12.2
RSSI: -98
LED Errors: 0
Version: 3
Revision: 4

2025-09-17 20:14:09.231400
Sender: 13
Head 0: G
Head 1: G
Head 2: O
Head 3: O
Captures: 0
Releases: 2
Turnouts: 0
Voltage: 13.7
RSSI: -109
LED Errors: 512
Version: 3
Revision: 4

2025-09-17 20:14:10.241063
Sender: 13
Head 0: G
Head 1: G
Head 2: O
Head 3: O
Captures: 0
Releases: 0
Turnouts: 0
Voltage: 13.7
RSSI: -109
LED Errors: 512
Version: 3
Revision: 4

2025-09-17 20:14:11.523842
Sender: 15
Head 0: A
Head 1: G
Head 2: G
Head 3: O
Captures: 0
Releases: 2
Turnouts: 0
Voltage: 12.2
RSSI: -98
LED Errors: 0
Version: 3
Revision: 4

2025-09-17 20:14:17.477258
Sender: 15
Head 0: A
Head 1: G
Head 2: G
Head 3: O
Captures: 0
Releases: 2
Turnouts: 0
Voltage: 12.2
RSSI: -98
LED Errors: 0
Version: 3
Revision: 4

2025-09-17 20:14:18.487321
Sender: 15
Head 0: A
Head 1: G
Head 2: G
Head 3: O
Captures: 0
Releases: 2
Turnouts: 0
Voltage: 12.2
RSSI: -98
LED Errors: 0
Version: 3
Revision: 4

2025-09-17 20:14:19.194453
Sender: 15
Head 0: G
Head 1: G
Head 2: G
Head 3: O
Captures: 0
Releases: 2
Turnouts: 0
Voltage: 12.2
RSSI: -98
LED Errors: 0
Version: 3
Revision: 4

2025-09-17 20:14:25.203881
Sender: 15
Head 0: G
Head 1: G
Head 2: G
Head 3: O
Captures: 0
Releases: 2
Turnouts: 0
Voltage: 12.2
RSSI: -98
LED Errors: 0
Version: 3
Revision: 4

2025-09-17 20:14:27.221655
Sender: 15
Head 0: G
Head 1: G
Head 2: G
Head 3: O
Captures: 0
Releases: 2
Turnouts: 0
Voltage: 12.2
RSSI: -98
LED Errors: 0
Version: 3
Revision: 4

2025-09-17 20:14:35.248903
Sender: 15
Head 0: G
Head 1: G
Head 2: G
Head 3: O
Captures: 0
Releases: 2
Turnouts: 0
Voltage: 12.2
RSSI: -98
LED Errors: 0
Version: 3
Revision: 4

2025-09-17 20:14:41.257855
Sender: 15
Head 0: G
Head 1: G
Head 2: G
Head 3: O
Captures: 0
Releases: 2
Turnouts: 0
Voltage: 12.2
RSSI: -98
LED Errors: 0
Version: 3
Revision: 4

2025-09-17 20:14:42.266855
Sender: 15
Head 0: G
Head 1: G
Head 2: G
Head 3: O
Captures: 0
Releases: 2
Turnouts: 0
Voltage: 12.2
RSSI: -98
LED Errors: 0
Version: 3
Revision: 4

2025-09-17 20:14:43.276160
Sender: 15
Head 0: G
Head 1: G
Head 2: G
Head 3: O
Captures: 0
Releases: 2
Turnouts: 0
Voltage: 12.2
RSSI: -98
LED Errors: 0
Version: 3
Revision: 4

2025-09-17 20:14:44.285227
Sender: 15
Head 0: G
Head 1: G
Head 2: G
Head 3: O
Captures: 0
Releases: 2
Turnouts: 0
Voltage: 12.2
RSSI: -98
LED Errors: 0
Version: 3
Revision: 4

2025-09-17 20:14:50.293669
Sender: 15
Head 0: G
Head 1: G
Head 2: G
Head 3: O
Captures: 0
Releases: 2
Turnouts: 0
Voltage: 12.2
RSSI: -98
LED Errors: 0
Version: 3
Revision: 4

2025-09-17 20:14:51.302523
Sender: 15
Head 0: G
Head 1: G
Head 2: G
Head 3: O
Captures: 0
Releases: 2
Turnouts: 0
Voltage: 12.2
RSSI: -98
LED Errors: 0
Version: 3
Revision: 4

2025-09-17 20:14:52.311558
Sender: 15
Head 0: G
Head 1: G
Head 2: G
Head 3: O
Captures: 0
Releases: 2
Turnouts: 0
Voltage: 12.2
RSSI: -98
LED Errors: 0
Version: 3
Revision: 4

2025-09-17 20:14:53.321075
Sender: 15
Head 0: G
Head 1: G
Head 2: G
Head 3: O
Captures: 0
Releases: 2
Turnouts: 0
Voltage: 12.2
RSSI: -98
LED Errors: 0
Version: 3
Revision: 4

2025-09-17 20:14:55.338891
Sender: 15
Head 0: G
Head 1: G
Head 2: G
Head 3: O
Captures: 0
Releases: 2
Turnouts: 0
Voltage: 12.2
RSSI: -98
LED Errors: 0
Version: 3
Revision: 4

2025-09-17 20:15:01.346359
Sender: 15
Head 0: G
Head 1: G
Head 2: G
Head 3: O
Captures: 0
Releases: 2
Turnouts: 0
Voltage: 12.2
RSSI: -98
LED Errors: 0
Version: 3
Revision: 4

2025-09-17 20:15:02.357210
Sender: 15
Head 0: G
Head 1: G
Head 2: G
Head 3: O
Captures: 0
Releases: 2
Turnouts: 0
Voltage: 12.2
RSSI: -98
LED Errors: 0
Version: 3
Revision: 4

2025-09-17 20:15:03.365878
Sender: 15
Head 0: G
Head 1: G
Head 2: G
Head 3: O
Captures: 0
Releases: 2
Turnouts: 0
Voltage: 12.2
RSSI: -98
LED Errors: 0
Version: 3
Revision: 4

2025-09-17 20:15:04.374695
Sender: 15
Head 0: G
Head 1: G
Head 2: G
Head 3: O
Captures: 0
Releases: 2
Turnouts: 0
Voltage: 12.2
RSSI: -98
LED Errors: 0
Version: 3
Revision: 4

2025-09-17 20:15:05.383701
Sender: 15
Head 0: G
Head 1: G
Head 2: G
Head 3: O
Captures: 0
Releases: 2
Turnouts: 0
Voltage: 12.2
RSSI: -98
LED Errors: 0
Version: 3
Revision: 4

2025-09-17 20:15:11.391090
Sender: 15
Head 0: G
Head 1: G
Head 2: G
Head 3: O
Captures: 0
Releases: 2
Turnouts: 0
Voltage: 12.2
RSSI: -98
LED Errors: 0
Version: 3
Revision: 4

2025-09-17 20:15:17.401746
Sender: 15
Head 0: G
Head 1: G
Head 2: G
Head 3: O
Captures: 0
Releases: 2
Turnouts: 0
Voltage: 12.2
RSSI: -98
LED Errors: 0
Version: 3
Revision: 4

2025-09-17 20:16:09.509599
Sender: 15
Head 0: G
Head 1: G
Head 2: G
Head 3: O
Captures: 0
Releases: 2
Turnouts: 0
Voltage: 12.2
RSSI: -98
LED Errors: 0
Version: 3
Revision: 4

2025-09-17 20:16:10.517904
Sender: 15
Head 0: G
Head 1: G
Head 2: G
Head 3: O
Captures: 0
Releases: 2
Turnouts: 0
Voltage: 12.2
RSSI: -98
LED Errors: 0
Version: 3
Revision: 4

2025-09-17 20:16:11.527390
Sender: 15
Head 0: G
Head 1: G
Head 2: G
Head 3: O
Captures: 0
Releases: 2
Turnouts: 0
Voltage: 12.2
RSSI: -98
LED Errors: 0
Version: 3
Revision: 4

2025-09-17 20:16:12.536251
Sender: 15
Head 0: G
Head 1: G
Head 2: G
Head 3: O
Captures: 0
Releases: 2
Turnouts: 0
Voltage: 12.2
RSSI: -98
LED Errors: 0
Version: 3
Revision: 4

2025-09-17 20:16:16.733751
Sender: 10
Head 0: A
Head 1: O
Head 2: O
Head 3: O
Captures: 1
Releases: 0
Turnouts: 0
Voltage: 12.8
RSSI: -96
LED Errors: 0
Version: 3
Revision: 4

2025-09-17 20:16:17.743337
Sender: 10
Head 0: A
Head 1: O
Head 2: O
Head 3: O
Captures: 0
Releases: 0
Turnouts: 0
Voltage: 12.8
RSSI: -96
LED Errors: 0
Version: 3
Revision: 4

2025-09-17 20:16:18.545203
Sender: 15
Head 0: G
Head 1: G
Head 2: G
Head 3: O
Captures: 0
Releases: 2
Turnouts: 0
Voltage: 12.2
RSSI: -98
LED Errors: 0
Version: 3
Revision: 4

2025-09-17 20:16:24.554376
Sender: 15
Head 0: G
Head 1: G
Head 2: G
Head 3: O
Captures: 0
Releases: 2
Turnouts: 0
Voltage: 12.2
RSSI: -98
LED Errors: 0
Version: 3
Revision: 4

2025-09-17 20:16:33.590231
Sender: 15
Head 0: G
Head 1: G
Head 2: G
Head 3: O
Captures: 0
Releases: 2
Turnouts: 0
Voltage: 12.2
RSSI: -98
LED Errors: 0
Version: 3
Revision: 4

2025-09-17 20:16:39.599119
Sender: 15
Head 0: G
Head 1: G
Head 2: G
Head 3: O
Captures: 0
Releases: 2
Turnouts: 0
Voltage: 12.2
RSSI: -98
LED Errors: 0
Version: 3
Revision: 4

2025-09-17 20:16:40.608098
Sender: 15
Head 0: G
Head 1: G
Head 2: G
Head 3: O
Captures: 0
Releases: 2
Turnouts: 0
Voltage: 12.2
RSSI: -98
LED Errors: 0
Version: 3
Revision: 4

2025-09-17 20:16:41.617332
Sender: 15
Head 0: G
Head 1: G
Head 2: G
Head 3: O
Captures: 0
Releases: 2
Turnouts: 0
Voltage: 12.2
RSSI: -98
LED Errors: 0
Version: 3
Revision: 4

2025-09-17 20:16:42.626320
Sender: 15
Head 0: G
Head 1: G
Head 2: G
Head 3: O
Captures: 0
Releases: 2
Turnouts: 0
Voltage: 12.2
RSSI: -98
LED Errors: 0
Version: 3
Revision: 4

2025-09-17 20:16:43.635348
Sender: 15
Head 0: G
Head 1: G
Head 2: G
Head 3: O
Captures: 0
Releases: 2
Turnouts: 0
Voltage: 12.2
RSSI: -98
LED Errors: 0
Version: 3
Revision: 4

2025-09-17 20:16:49.642639
Sender: 15
Head 0: G
Head 1: G
Head 2: G
Head 3: O
Captures: 0
Releases: 2
Turnouts: 0
Voltage: 12.2
RSSI: -98
LED Errors: 0
Version: 3
Revision: 4

2025-09-17 20:16:50.375322
Sender: 9
Head 0: G
Head 1: O
Head 2: O
Head 3: O
Captures: 0
Releases: 1
Turnouts: 0
Voltage: 12.6
RSSI: -98
LED Errors: 0
Version: 3
Revision: 4

2025-09-17 20:16:50.651853
Sender: 15
Head 0: G
Head 1: G
Head 2: G
Head 3: O
Captures: 0
Releases: 2
Turnouts: 0
Voltage: 12.2
RSSI: -98
LED Errors: 0
Version: 3
Revision: 4

2025-09-17 20:16:51.385539
Sender: 9
Head 0: G
Head 1: O
Head 2: O
Head 3: O
Captures: 0
Releases: 0
Turnouts: 0
Voltage: 12.6
RSSI: -98
LED Errors: 0
Version: 3
Revision: 4

2025-09-17 20:16:56.662321
Sender: 15
Head 0: G
Head 1: G
Head 2: G
Head 3: O
Captures: 0
Releases: 2
Turnouts: 0
Voltage: 12.2
RSSI: -98
LED Errors: 0
Version: 3
Revision: 4

2025-09-17 20:16:57.671277
Sender: 15
Head 0: G
Head 1: G
Head 2: G
Head 3: O
Captures: 0
Releases: 2
Turnouts: 0
Voltage: 12.2
RSSI: -98
LED Errors: 0
Version: 3
Revision: 4

2025-09-17 20:16:58.680280
Sender: 15
Head 0: G
Head 1: G
Head 2: G
Head 3: O
Captures: 0
Releases: 2
Turnouts: 0
Voltage: 12.2
RSSI: -98
LED Errors: 0
Version: 3
Revision: 4

2025-09-17 20:17:00.338618
Sender: 10
Head 0: G
Head 1: O
Head 2: O
Head 3: O
Captures: 0
Releases: 0
Turnouts: 0
Voltage: 12.8
RSSI: -96
LED Errors: 0
Version: 3
Revision: 4

2025-09-17 20:17:04.687578
Sender: 15
Head 0: G
Head 1: G
Head 2: G
Head 3: O
Captures: 0
Releases: 2
Turnouts: 0
Voltage: 12.2
RSSI: -98
LED Errors: 0
Version: 3
Revision: 4

2025-09-17 20:17:10.697945
Sender: 15
Head 0: G
Head 1: G
Head 2: G
Head 3: O
Captures: 0
Releases: 2
Turnouts: 0
Voltage: 12.2
RSSI: -98
LED Errors: 0
Version: 3
Revision: 4

2025-09-17 20:17:16.707015
Sender: 15
Head 0: G
Head 1: G
Head 2: G
Head 3: O
Captures: 0
Releases: 2
Turnouts: 0
Voltage: 12.2
RSSI: -98
LED Errors: 0
Version: 3
Revision: 4

2025-09-17 20:17:17.716139
Sender: 15
Head 0: G
Head 1: G
Head 2: G
Head 3: O
Captures: 0
Releases: 2
Turnouts: 0
Voltage: 12.2
RSSI: -98
LED Errors: 0
Version: 3
Revision: 4

2025-09-17 20:17:24.234353
Sender: 15
Head 0: G
Head 1: G
Head 2: G
Head 3: O
Captures: 0
Releases: 2
Turnouts: 0
Voltage: 12.2
RSSI: -98
LED Errors: 0
Version: 3
Revision: 4

2025-09-17 20:17:30.243073
Sender: 15
Head 0: G
Head 1: G
Head 2: G
Head 3: O
Captures: 0
Releases: 2
Turnouts: 0
Voltage: 12.2
RSSI: -98
LED Errors: 0
Version: 3
Revision: 4

2025-09-17 20:17:31.251786
Sender: 15
Head 0: G
Head 1: G
Head 2: G
Head 3: O
Captures: 0
Releases: 2
Turnouts: 0
Voltage: 12.2
RSSI: -98
LED Errors: 0
Version: 3
Revision: 4

2025-09-17 20:17:37.261208
Sender: 15
Head 0: G
Head 1: G
Head 2: G
Head 3: O
Captures: 0
Releases: 2
Turnouts: 0
Voltage: 12.2
RSSI: -98
LED Errors: 0
Version: 3
Revision: 4

2025-09-17 20:17:43.270024
Sender: 15
Head 0: G
Head 1: G
Head 2: G
Head 3: O
Captures: 0
Releases: 2
Turnouts: 0
Voltage: 12.2
RSSI: -98
LED Errors: 0
Version: 3
Revision: 4

2025-09-17 20:17:49.278780
Sender: 15
Head 0: G
Head 1: G
Head 2: G
Head 3: O
Captures: 0
Releases: 2
Turnouts: 0
Voltage: 12.2
RSSI: -98
LED Errors: 0
Version: 3
Revision: 4

2025-09-17 20:17:55.287700
Sender: 15
Head 0: G
Head 1: G
Head 2: G
Head 3: O
Captures: 0
Releases: 2
Turnouts: 0
Voltage: 12.2
RSSI: -98
LED Errors: 0
Version: 3
Revision: 4

2025-09-17 20:18:01.517493
Sender: 1
Head 0: G
Head 1: O
Head 2: O
Head 3: O
Captures: 0
Releases: 0
Turnouts: 0
Voltage: 12.9
RSSI: -108
LED Errors: 0
Version: 3
Revision: 4

2025-09-17 20:18:01.993560
Sender: 2
Head 0: G
Head 1: O
Head 2: O
Head 3: O
Captures: 0
Releases: 0
Turnouts: 0
Voltage: 12.1
RSSI: -113
LED Errors: 0
Version: 3
Revision: 4

2025-09-17 20:18:02.704500
Sender: 5
Head 0: G
Head 1: O
Head 2: O
Head 3: O
Captures: 0
Releases: 0
Turnouts: 0
Voltage: 12.1
RSSI: 0
LED Errors: 0
Version: 3
Revision: 4

2025-09-17 20:18:07.305760
Sender: 15
Head 0: G
Head 1: G
Head 2: G
Head 3: O
Captures: 0
Releases: 2
Turnouts: 0
Voltage: 12.2
RSSI: -98
LED Errors: 0
Version: 3
Revision: 4

2025-09-17 20:18:07.658782
Sender: 14
Head 0: G
Head 1: O
Head 2: O
Head 3: O
Captures: 0
Releases: 0
Turnouts: 0
Voltage: 12.3
RSSI: -86
LED Errors: 512
Version: 3
Revision: 3

2025-09-17 20:18:07.943905
Sender: 18
Head 0: G
Head 1: O
Head 2: O
Head 3: O
Captures: 0
Releases: 0
Turnouts: 0
Voltage: 12.0
RSSI: -108
LED Errors: 0
Version: 3
Revision: 1

2025-09-17 20:18:08.494075
Sender: 17
Head 0: G
Head 1: G
Head 2: O
Head 3: O
Captures: 0
Releases: 0
Turnouts: 0
Voltage: 12.1
RSSI: -115
LED Errors: 516
Version: 3
Revision: 4

2025-09-17 20:18:08.792143
Sender: 19
Head 0: G
Head 1: O
Head 2: O
Head 3: O
Captures: 0
Releases: 0
Turnouts: 0
Voltage: 12.1
RSSI: -103
LED Errors: 0
Version: 3
Revision: 0

2025-09-17 20:18:08.909337
Sender: 21
Head 0: G
Head 1: O
Head 2: O
Head 3: O
Captures: 0
Releases: 0
Turnouts: 0
Voltage: 12.2
RSSI: -104
LED Errors: 0
Version: 3
Revision: 3

2025-09-17 20:18:09.332652
Sender: 15
Head 0: G
Head 1: G
Head 2: G
Head 3: O
Captures: 0
Releases: 2
Turnouts: 0
Voltage: 12.2
RSSI: -98
LED Errors: 0
Version: 3
Revision: 4

2025-09-17 20:18:13.691748
Sender: 19
Head 0: G
Head 1: O
Head 2: O
Head 3: O
Captures: 0
Releases: 0
Turnouts: 0
Voltage: 12.1
RSSI: -103
LED Errors: 0
Version: 3
Revision: 0

2025-09-17 20:18:15.341587
Sender: 15
Head 0: G
Head 1: G
Head 2: G
Head 3: O
Captures: 0
Releases: 2
Turnouts: 0
Voltage: 12.2
RSSI: -98
LED Errors: 0
Version: 3
Revision: 4

2025-09-17 20:18:21.349401
Sender: 15
Head 0: G
Head 1: G
Head 2: G
Head 3: O
Captures: 0
Releases: 2
Turnouts: 0
Voltage: 12.2
RSSI: -98
LED Errors: 0
Version: 3
Revision: 4

2025-09-17 20:18:22.358891
Sender: 15
Head 0: G
Head 1: G
Head 2: G
Head 3: O
Captures: 0
Releases: 2
Turnouts: 0
Voltage: 12.2
RSSI: -98
LED Errors: 0
Version: 3
Revision: 4

2025-09-17 20:18:31.395817
Sender: 15
Head 0: G
Head 1: G
Head 2: G
Head 3: O
Captures: 0
Releases: 2
Turnouts: 0
Voltage: 12.2
RSSI: -98
LED Errors: 0
Version: 3
Revision: 4

2025-09-17 20:18:37.404753
Sender: 15
Head 0: G
Head 1: G
Head 2: G
Head 3: O
Captures: 0
Releases: 2
Turnouts: 0
Voltage: 12.2
RSSI: -98
LED Errors: 0
Version: 3
Revision: 4

2025-09-17 20:18:43.913651
Sender: 15
Head 0: G
Head 1: G
Head 2: G
Head 3: O
Captures: 0
Releases: 2
Turnouts: 0
Voltage: 12.2
RSSI: -98
LED Errors: 0
Version: 3
Revision: 4

2025-09-17 20:18:55.930494
Sender: 15
Head 0: G
Head 1: G
Head 2: G
Head 3: O
Captures: 0
Releases: 2
Turnouts: 0
Voltage: 12.2
RSSI: -98
LED Errors: 0
Version: 3
Revision: 4

2025-09-17 20:19:01.940364
Sender: 15
Head 0: G
Head 1: G
Head 2: G
Head 3: O
Captures: 0
Releases: 2
Turnouts: 0
Voltage: 12.2
RSSI: -98
LED Errors: 0
Version: 3
Revision: 4

2025-09-17 20:19:02.724942
Sender: 5
Head 0: G
Head 1: O
Head 2: O
Head 3: O
Captures: 0
Releases: 0
Turnouts: 0
Voltage: 12.1
RSSI: 0
LED Errors: 0
Version: 3
Revision: 4

2025-09-17 20:19:03.752995
Sender: 5
Head 0: A
Head 1: O
Head 2: O
Head 3: O
Captures: 0
Releases: 0
Turnouts: 0
Voltage: 12.1
RSSI: 0
LED Errors: 0
Version: 3
Revision: 4

2025-09-17 20:19:14.967493
Sender: 15
Head 0: G
Head 1: G
Head 2: G
Head 3: O
Captures: 0
Releases: 2
Turnouts: 0
Voltage: 12.2
RSSI: -98
LED Errors: 0
Version: 3
Revision: 4

2025-09-17 20:19:15.976704
Sender: 15
Head 0: G
Head 1: G
Head 2: G
Head 3: O
Captures: 0
Releases: 2
Turnouts: 0
Voltage: 12.2
RSSI: -98
LED Errors: 0
Version: 3
Revision: 4

2025-09-17 20:19:21.988621
Sender: 15
Head 0: G
Head 1: G
Head 2: G
Head 3: O
Captures: 0
Releases: 2
Turnouts: 0
Voltage: 12.2
RSSI: -98
LED Errors: 0
Version: 3
Revision: 4

2025-09-17 20:19:22.493028
Sender: 15
Head 0: G
Head 1: G
Head 2: G
Head 3: O
Captures: 0
Releases: 2
Turnouts: 0
Voltage: 12.2
RSSI: -98
LED Errors: 0
Version: 3
Revision: 4

2025-09-17 20:19:23.002076
Sender: 15
Head 0: G
Head 1: G
Head 2: G
Head 3: O
Captures: 0
Releases: 2
Turnouts: 0
Voltage: 12.2
RSSI: -98
LED Errors: 0
Version: 3
Revision: 4

2025-09-17 20:19:23.513168
Sender: 15
Head 0: G
Head 1: G
Head 2: G
Head 3: O
Captures: 0
Releases: 2
Turnouts: 0
Voltage: 12.2
RSSI: -98
LED Errors: 0
Version: 3
Revision: 4

2025-09-17 20:19:24.021480
Sender: 15
Head 0: G
Head 1: G
Head 2: G
Head 3: O
Captures: 0
Releases: 2
Turnouts: 0
Voltage: 12.2
RSSI: -98
LED Errors: 0
Version: 3
Revision: 4

2025-09-17 20:19:25.030527
Sender: 15
Head 0: G
Head 1: G
Head 2: G
Head 3: O
Captures: 0
Releases: 2
Turnouts: 0
Voltage: 12.2
RSSI: -98
LED Errors: 0
Version: 3
Revision: 4

2025-09-17 20:19:31.037644
Sender: 15
Head 0: G
Head 1: G
Head 2: G
Head 3: O
Captures: 0
Releases: 2
Turnouts: 0
Voltage: 12.2
RSSI: -98
LED Errors: 0
Version: 3
Revision: 4

2025-09-17 20:19:37.048433
Sender: 15
Head 0: G
Head 1: G
Head 2: G
Head 3: O
Captures: 0
Releases: 2
Turnouts: 0
Voltage: 12.2
RSSI: -98
LED Errors: 0
Version: 3
Revision: 4

2025-09-17 20:19:43.057300
Sender: 15
Head 0: G
Head 1: G
Head 2: G
Head 3: O
Captures: 0
Releases: 2
Turnouts: 0
Voltage: 12.2
RSSI: -98
LED Errors: 0
Version: 3
Revision: 4

2025-09-17 20:19:44.066469
Sender: 15
Head 0: G
Head 1: G
Head 2: G
Head 3: O
Captures: 0
Releases: 2
Turnouts: 0
Voltage: 12.2
RSSI: -98
LED Errors: 0
Version: 3
Revision: 4

2025-09-17 20:19:50.075071
Sender: 15
Head 0: G
Head 1: G
Head 2: G
Head 3: O
Captures: 0
Releases: 2
Turnouts: 0
Voltage: 12.2
RSSI: -98
LED Errors: 0
Version: 3
Revision: 4

2025-09-17 20:20:03.515520
Sender: 5
Head 0: A
Head 1: O
Head 2: O
Head 3: O
Captures: 0
Releases: 0
Turnouts: 0
Voltage: 12.1
RSSI: 0
LED Errors: 0
Version: 3
Revision: 4

2025-09-17 20:20:04.010192
Sender: 5
Head 0: O
Head 1: O
Head 2: O
Head 3: O
Captures: 0
Releases: 0
Turnouts: 0
Voltage: 12.1
RSSI: 0
LED Errors: 0
Version: 3
Revision: 4

2025-09-17 20:20:12.450735
Sender: 1
Head 0: R
Head 1: O
Head 2: O
Head 3: O
Captures: 0
Releases: 0
Turnouts: 0
Voltage: 12.9
RSSI: -108
LED Errors: 0
Version: 3
Revision: 4

2025-09-17 20:20:13.417056
Sender: 13
Head 0: G
Head 1: G
Head 2: O
Head 3: O
Captures: 0
Releases: 0
Turnouts: 0
Voltage: 13.7
RSSI: -109
LED Errors: 512
Version: 3
Revision: 4

2025-09-17 20:20:13.702145
Sender: 2
Head 0: A
Head 1: O
Head 2: O
Head 3: O
Captures: 0
Releases: 0
Turnouts: 0
Voltage: 12.1
RSSI: -113
LED Errors: 0
Version: 3
Revision: 4

2025-09-17 20:20:14.663612
Sender: 15
Head 0: G
Head 1: G
Head 2: G
Head 3: O
Captures: 0
Releases: 2
Turnouts: 0
Voltage: 12.2
RSSI: -98
LED Errors: 0
Version: 3
Revision: 4

2025-09-17 20:20:15.674737
Sender: 15
Head 0: G
Head 1: G
Head 2: G
Head 3: O
Captures: 0
Releases: 2
Turnouts: 0
Voltage: 12.2
RSSI: -98
LED Errors: 0
Version: 3
Revision: 4

2025-09-17 20:20:21.683057
Sender: 15
Head 0: G
Head 1: G
Head 2: G
Head 3: O
Captures: 0
Releases: 2
Turnouts: 0
Voltage: 12.2
RSSI: -98
LED Errors: 0
Version: 3
Revision: 4

2025-09-17 20:20:27.692008
Sender: 15
Head 0: G
Head 1: G
Head 2: G
Head 3: O
Captures: 0
Releases: 2
Turnouts: 0
Voltage: 12.2
RSSI: -98
LED Errors: 0
Version: 3
Revision: 4

2025-09-17 20:20:28.700842
Sender: 15
Head 0: G
Head 1: G
Head 2: G
Head 3: O
Captures: 0
Releases: 2
Turnouts: 0
Voltage: 12.2
RSSI: -98
LED Errors: 0
Version: 3
Revision: 4

2025-09-17 20:20:34.708741
Sender: 15
Head 0: G
Head 1: G
Head 2: G
Head 3: O
Captures: 0
Releases: 2
Turnouts: 0
Voltage: 12.2
RSSI: -98
LED Errors: 0
Version: 3
Revision: 4

2025-09-17 20:20:35.719275
Sender: 15
Head 0: G
Head 1: G
Head 2: G
Head 3: O
Captures: 0
Releases: 2
Turnouts: 0
Voltage: 12.2
RSSI: -98
LED Errors: 0
Version: 3
Revision: 4

2025-09-17 20:20:36.727737
Sender: 15
Head 0: G
Head 1: G
Head 2: G
Head 3: O
Captures: 0
Releases: 2
Turnouts: 0
Voltage: 12.2
RSSI: -98
LED Errors: 0
Version: 3
Revision: 4

2025-09-17 20:20:37.736806
Sender: 15
Head 0: G
Head 1: G
Head 2: G
Head 3: O
Captures: 0
Releases: 2
Turnouts: 0
Voltage: 12.2
RSSI: -98
LED Errors: 0
Version: 3
Revision: 4

2025-09-17 20:20:38.745862
Sender: 15
Head 0: G
Head 1: G
Head 2: G
Head 3: O
Captures: 0
Releases: 2
Turnouts: 0
Voltage: 12.2
RSSI: -98
LED Errors: 0
Version: 3
Revision: 4

2025-09-17 20:20:39.753759
Sender: 15
Head 0: G
Head 1: G
Head 2: G
Head 3: O
Captures: 0
Releases: 2
Turnouts: 0
Voltage: 12.2
RSSI: -98
LED Errors: 0
Version: 3
Revision: 4

2025-09-17 20:20:45.763890
Sender: 15
Head 0: G
Head 1: G
Head 2: G
Head 3: O
Captures: 0
Releases: 2
Turnouts: 0
Voltage: 12.2
RSSI: -98
LED Errors: 0
Version: 3
Revision: 4

2025-09-17 20:20:51.772746
Sender: 15
Head 0: G
Head 1: G
Head 2: G
Head 3: O
Captures: 0
Releases: 2
Turnouts: 0
Voltage: 12.2
RSSI: -98
LED Errors: 0
Version: 3
Revision: 4

2025-09-17 20:20:52.781834
Sender: 15
Head 0: G
Head 1: G
Head 2: G
Head 3: O
Captures: 0
Releases: 2
Turnouts: 0
Voltage: 12.2
RSSI: -98
LED Errors: 0
Version: 3
Revision: 4

2025-09-17 20:20:53.790971
Sender: 15
Head 0: G
Head 1: G
Head 2: G
Head 3: O
Captures: 0
Releases: 2
Turnouts: 0
Voltage: 12.2
RSSI: -98
LED Errors: 0
Version: 3
Revision: 4

2025-09-17 20:20:54.798947
Sender: 15
Head 0: G
Head 1: G
Head 2: G
Head 3: O
Captures: 0
Releases: 2
Turnouts: 0
Voltage: 12.2
RSSI: -98
LED Errors: 0
Version: 3
Revision: 4

2025-09-17 20:20:55.808917
Sender: 15
Head 0: G
Head 1: G
Head 2: G
Head 3: O
Captures: 0
Releases: 2
Turnouts: 0
Voltage: 12.2
RSSI: -98
LED Errors: 0
Version: 3
Revision: 4

2025-09-17 20:21:10.352494
Sender: 15
Head 0: G
Head 1: G
Head 2: G
Head 3: O
Captures: 0
Releases: 2
Turnouts: 0
Voltage: 12.2
RSSI: -98
LED Errors: 0
Version: 3
Revision: 4

2025-09-17 20:21:16.863731
Sender: 15
Head 0: G
Head 1: G
Head 2: G
Head 3: O
Captures: 0
Releases: 2
Turnouts: 0
Voltage: 12.2
RSSI: -98
LED Errors: 0
Version: 3
Revision: 4

2025-09-17 20:21:17.870650
Sender: 15
Head 0: G
Head 1: G
Head 2: G
Head 3: O
Captures: 0
Releases: 2
Turnouts: 0
Voltage: 12.2
RSSI: -98
LED Errors: 0
Version: 3
Revision: 4

2025-09-17 20:21:23.880708
Sender: 15
Head 0: G
Head 1: G
Head 2: G
Head 3: O
Captures: 0
Releases: 2
Turnouts: 0
Voltage: 12.2
RSSI: -98
LED Errors: 0
Version: 3
Revision: 4

2025-09-17 20:21:29.889809
Sender: 15
Head 0: G
Head 1: G
Head 2: G
Head 3: O
Captures: 0
Releases: 2
Turnouts: 0
Voltage: 12.2
RSSI: -98
LED Errors: 0
Version: 3
Revision: 4

2025-09-17 20:21:35.898836
Sender: 15
Head 0: G
Head 1: G
Head 2: G
Head 3: O
Captures: 0
Releases: 2
Turnouts: 0
Voltage: 12.2
RSSI: -98
LED Errors: 0
Version: 3
Revision: 4

2025-09-17 20:21:37.334456
Sender: 1
Head 0: G
Head 1: O
Head 2: O
Head 3: O
Captures: 0
Releases: 1
Turnouts: 0
Voltage: 12.9
RSSI: -108
LED Errors: 0
Version: 3
Revision: 4

2025-09-17 20:21:38.344907
Sender: 1
Head 0: G
Head 1: O
Head 2: O
Head 3: O
Captures: 0
Releases: 0
Turnouts: 0
Voltage: 12.9
RSSI: -108
LED Errors: 1
Version: 3
Revision: 4

2025-09-17 20:21:41.907456
Sender: 15
Head 0: G
Head 1: G
Head 2: G
Head 3: O
Captures: 0
Releases: 2
Turnouts: 0
Voltage: 12.2
RSSI: -98
LED Errors: 0
Version: 3
Revision: 4

2025-09-17 20:21:47.073794
Sender: 2
Head 0: G
Head 1: O
Head 2: O
Head 3: O
Captures: 0
Releases: 0
Turnouts: 0
Voltage: 12.1
RSSI: -113
LED Errors: 0
Version: 3
Revision: 4

2025-09-17 20:21:48.425525
Sender: 15
Head 0: G
Head 1: G
Head 2: G
Head 3: O
Captures: 0
Releases: 2
Turnouts: 0
Voltage: 12.2
RSSI: -98
LED Errors: 0
Version: 3
Revision: 4

2025-09-17 20:21:49.434606
Sender: 15
Head 0: G
Head 1: G
Head 2: G
Head 3: O
Captures: 0
Releases: 2
Turnouts: 0
Voltage: 12.2
RSSI: -98
LED Errors: 0
Version: 3
Revision: 4

2025-09-17 20:21:50.414191
Sender: 19
Head 0: R
Head 1: O
Head 2: O
Head 3: O
Captures: 0
Releases: 0
Turnouts: 0
Voltage: 12.1
RSSI: -103
LED Errors: 0
Version: 3
Revision: 0

2025-09-17 20:21:51.556888
Sender: 17
Head 0: A
Head 1: G
Head 2: O
Head 3: O
Captures: 0
Releases: 0
Turnouts: 0
Voltage: 12.1
RSSI: -115
LED Errors: 516
Version: 3
Revision: 4

2025-09-17 20:21:55.443732
Sender: 15
Head 0: G
Head 1: G
Head 2: G
Head 3: O
Captures: 0
Releases: 2
Turnouts: 0
Voltage: 12.2
RSSI: -98
LED Errors: 0
Version: 3
Revision: 4

2025-09-17 20:21:56.452441
Sender: 15
Head 0: G
Head 1: G
Head 2: G
Head 3: O
Captures: 0
Releases: 2
Turnouts: 0
Voltage: 12.2
RSSI: -98
LED Errors: 0
Version: 3
Revision: 4

2025-09-17 20:22:02.462291
Sender: 15
Head 0: G
Head 1: G
Head 2: G
Head 3: O
Captures: 0
Releases: 2
Turnouts: 0
Voltage: 12.2
RSSI: -98
LED Errors: 0
Version: 3
Revision: 4

2025-09-17 20:22:03.469788
Sender: 15
Head 0: G
Head 1: G
Head 2: G
Head 3: O
Captures: 0
Releases: 2
Turnouts: 0
Voltage: 12.2
RSSI: -98
LED Errors: 0
Version: 3
Revision: 4

2025-09-17 20:22:09.479693
Sender: 15
Head 0: G
Head 1: G
Head 2: G
Head 3: O
Captures: 0
Releases: 2
Turnouts: 0
Voltage: 12.2
RSSI: -98
LED Errors: 0
Version: 3
Revision: 4

2025-09-17 20:22:10.488457
Sender: 15
Head 0: G
Head 1: G
Head 2: G
Head 3: O
Captures: 0
Releases: 2
Turnouts: 0
Voltage: 12.2
RSSI: -98
LED Errors: 0
Version: 3
Revision: 4

2025-09-17 20:22:16.497475
Sender: 15
Head 0: G
Head 1: G
Head 2: G
Head 3: O
Captures: 0
Releases: 2
Turnouts: 0
Voltage: 12.2
RSSI: -98
LED Errors: 0
Version: 3
Revision: 4

2025-09-17 20:22:22.506471
Sender: 15
Head 0: G
Head 1: G
Head 2: G
Head 3: O
Captures: 0
Releases: 2
Turnouts: 0
Voltage: 12.2
RSSI: -98
LED Errors: 0
Version: 3
Revision: 4

2025-09-17 20:22:28.515525
Sender: 15
Head 0: G
Head 1: G
Head 2: G
Head 3: O
Captures: 0
Releases: 2
Turnouts: 0
Voltage: 12.2
RSSI: -98
LED Errors: 0
Version: 3
Revision: 4

2025-09-17 20:22:29.524004
Sender: 15
Head 0: G
Head 1: G
Head 2: G
Head 3: O
Captures: 0
Releases: 2
Turnouts: 0
Voltage: 12.2
RSSI: -98
LED Errors: 0
Version: 3
Revision: 4

2025-09-17 20:22:30.533219
Sender: 15
Head 0: G
Head 1: G
Head 2: G
Head 3: O
Captures: 0
Releases: 2
Turnouts: 0
Voltage: 12.2
RSSI: -98
LED Errors: 0
Version: 3
Revision: 4

2025-09-17 20:22:31.542245
Sender: 15
Head 0: G
Head 1: G
Head 2: G
Head 3: O
Captures: 0
Releases: 2
Turnouts: 0
Voltage: 12.2
RSSI: -98
LED Errors: 0
Version: 3
Revision: 4

2025-09-17 20:22:32.551448
Sender: 15
Head 0: G
Head 1: G
Head 2: G
Head 3: O
Captures: 0
Releases: 2
Turnouts: 0
Voltage: 12.2
RSSI: -98
LED Errors: 0
Version: 3
Revision: 4

2025-09-17 20:22:44.568959
Sender: 15
Head 0: G
Head 1: G
Head 2: G
Head 3: O
Captures: 0
Releases: 2
Turnouts: 0
Voltage: 12.2
RSSI: -98
LED Errors: 0
Version: 3
Revision: 4

2025-09-17 20:22:45.577909
Sender: 15
Head 0: G
Head 1: G
Head 2: G
Head 3: O
Captures: 0
Releases: 2
Turnouts: 0
Voltage: 12.2
RSSI: -98
LED Errors: 0
Version: 3
Revision: 4

2025-09-17 20:22:51.587848
Sender: 15
Head 0: G
Head 1: G
Head 2: G
Head 3: O
Captures: 0
Releases: 2
Turnouts: 0
Voltage: 12.2
RSSI: -98
LED Errors: 0
Version: 3
Revision: 4

2025-09-17 20:22:52.596345
Sender: 15
Head 0: G
Head 1: G
Head 2: G
Head 3: O
Captures: 0
Releases: 2
Turnouts: 0
Voltage: 12.2
RSSI: -98
LED Errors: 0
Version: 3
Revision: 4

2025-09-17 20:22:53.761618
Sender: 9
Head 0: G
Head 1: O
Head 2: O
Head 3: O
Captures: 0
Releases: 0
Turnouts: 0
Voltage: 12.6
RSSI: -98
LED Errors: 0
Version: 3
Revision: 4

2025-09-17 20:23:04.614013
Sender: 15
Head 0: G
Head 1: G
Head 2: G
Head 3: O
Captures: 0
Releases: 2
Turnouts: 0
Voltage: 12.2
RSSI: -98
LED Errors: 0
Version: 3
Revision: 4

2025-09-17 20:23:09.200301
Sender: 10
Head 0: G
Head 1: O
Head 2: O
Head 3: O
Captures: 0
Releases: 0
Turnouts: 0
Voltage: 12.8
RSSI: -96
LED Errors: 0
Version: 3
Revision: 4

2025-09-17 20:23:11.132238
Sender: 15
Head 0: G
Head 1: G
Head 2: G
Head 3: O
Captures: 0
Releases: 2
Turnouts: 0
Voltage: 12.2
RSSI: -98
LED Errors: 0
Version: 3
Revision: 4

2025-09-17 20:23:12.140888
Sender: 15
Head 0: G
Head 1: G
Head 2: G
Head 3: O
Captures: 0
Releases: 2
Turnouts: 0
Voltage: 12.2
RSSI: -98
LED Errors: 0
Version: 3
Revision: 4

2025-09-17 20:23:16.515574
Sender: 17
Head 0: G
Head 1: G
Head 2: O
Head 3: O
Captures: 0
Releases: 0
Turnouts: 0
Voltage: 12.1
RSSI: -115
LED Errors: 516
Version: 3
Revision: 4

2025-09-17 20:23:27.203996
Sender: 15
Head 0: G
Head 1: G
Head 2: G
Head 3: O
Captures: 0
Releases: 2
Turnouts: 0
Voltage: 12.2
RSSI: -98
LED Errors: 0
Version: 3
Revision: 4

2025-09-17 20:23:33.213219
Sender: 15
Head 0: G
Head 1: G
Head 2: G
Head 3: O
Captures: 0
Releases: 2
Turnouts: 0
Voltage: 12.2
RSSI: -98
LED Errors: 0
Version: 3
Revision: 4

2025-09-17 20:23:35.239985
Sender: 15
Head 0: G
Head 1: G
Head 2: G
Head 3: O
Captures: 0
Releases: 2
Turnouts: 0
Voltage: 12.2
RSSI: -98
LED Errors: 0
Version: 3
Revision: 4

2025-09-17 20:23:41.248816
Sender: 15
Head 0: G
Head 1: G
Head 2: G
Head 3: O
Captures: 0
Releases: 2
Turnouts: 0
Voltage: 12.2
RSSI: -98
LED Errors: 0
Version: 3
Revision: 4

2025-09-17 20:23:47.766941
Sender: 15
Head 0: G
Head 1: G
Head 2: G
Head 3: O
Captures: 0
Releases: 2
Turnouts: 0
Voltage: 12.2
RSSI: -98
LED Errors: 0
Version: 3
Revision: 4

2025-09-17 20:23:48.775999
Sender: 15
Head 0: G
Head 1: G
Head 2: G
Head 3: O
Captures: 0
Releases: 2
Turnouts: 0
Voltage: 12.2
RSSI: -98
LED Errors: 0
Version: 3
Revision: 4

2025-09-17 20:23:54.784968
Sender: 15
Head 0: G
Head 1: G
Head 2: G
Head 3: O
Captures: 0
Releases: 2
Turnouts: 0
Voltage: 12.2
RSSI: -98
LED Errors: 0
Version: 3
Revision: 4

2025-09-17 20:24:02.312375
Sender: 15
Head 0: G
Head 1: G
Head 2: G
Head 3: O
Captures: 0
Releases: 2
Turnouts: 0
Voltage: 12.2
RSSI: -98
LED Errors: 0
Version: 3
Revision: 4

2025-09-17 20:24:08.870752
Sender: 15
Head 0: G
Head 1: G
Head 2: G
Head 3: O
Captures: 0
Releases: 2
Turnouts: 0
Voltage: 12.2
RSSI: -98
LED Errors: 0
Version: 3
Revision: 4

2025-09-17 20:24:09.624882
Sender: 14
Head 0: G
Head 1: O
Head 2: O
Head 3: O
Captures: 0
Releases: 0
Turnouts: 0
Voltage: 12.3
RSSI: -86
LED Errors: 512
Version: 3
Revision: 3

2025-09-17 20:24:09.732795
Sender: 21
Head 0: G
Head 1: O
Head 2: O
Head 3: O
Captures: 0
Releases: 0
Turnouts: 0
Voltage: 12.2
RSSI: -104
LED Errors: 0
Version: 3
Revision: 3

2025-09-17 20:24:10.065129
Sender: 18
Head 0: G
Head 1: O
Head 2: O
Head 3: O
Captures: 0
Releases: 0
Turnouts: 0
Voltage: 12.0
RSSI: -108
LED Errors: 0
Version: 3
Revision: 1

2025-09-17 20:24:10.391619
Sender: 15
Head 0: G
Head 1: G
Head 2: G
Head 3: O
Captures: 0
Releases: 2
Turnouts: 0
Voltage: 12.2
RSSI: -98
LED Errors: 0
Version: 3
Revision: 4

2025-09-17 20:24:11.396914
Sender: 15
Head 0: G
Head 1: G
Head 2: G
Head 3: O
Captures: 0
Releases: 2
Turnouts: 0
Voltage: 12.2
RSSI: -98
LED Errors: 0
Version: 3
Revision: 4

2025-09-17 20:24:17.958509
Sender: 15
Head 0: G
Head 1: G
Head 2: G
Head 3: O
Captures: 0
Releases: 2
Turnouts: 0
Voltage: 12.2
RSSI: -98
LED Errors: 0
Version: 3
Revision: 4

2025-09-17 20:24:23.923551
Sender: 15
Head 0: G
Head 1: G
Head 2: G
Head 3: O
Captures: 0
Releases: 2
Turnouts: 0
Voltage: 12.2
RSSI: -98
LED Errors: 0
Version: 3
Revision: 4

2025-09-17 20:24:29.932802
Sender: 15
Head 0: G
Head 1: G
Head 2: G
Head 3: O
Captures: 0
Releases: 2
Turnouts: 0
Voltage: 12.2
RSSI: -98
LED Errors: 0
Version: 3
Revision: 4

2025-09-17 20:24:35.941759
Sender: 15
Head 0: G
Head 1: G
Head 2: G
Head 3: O
Captures: 0
Releases: 2
Turnouts: 0
Voltage: 12.2
RSSI: -98
LED Errors: 0
Version: 3
Revision: 4

2025-09-17 20:24:36.950867
Sender: 15
Head 0: G
Head 1: G
Head 2: G
Head 3: O
Captures: 0
Releases: 2
Turnouts: 0
Voltage: 12.2
RSSI: -98
LED Errors: 0
Version: 3
Revision: 4

2025-09-17 20:24:37.959772
Sender: 15
Head 0: G
Head 1: G
Head 2: G
Head 3: O
Captures: 0
Releases: 2
Turnouts: 0
Voltage: 12.2
RSSI: -98
LED Errors: 0
Version: 3
Revision: 4

2025-09-17 20:24:38.968210
Sender: 15
Head 0: G
Head 1: G
Head 2: G
Head 3: O
Captures: 0
Releases: 2
Turnouts: 0
Voltage: 12.2
RSSI: -98
LED Errors: 0
Version: 3
Revision: 4

2025-09-17 20:24:44.976122
Sender: 15
Head 0: G
Head 1: G
Head 2: G
Head 3: O
Captures: 0
Releases: 2
Turnouts: 0
Voltage: 12.2
RSSI: -98
LED Errors: 0
Version: 3
Revision: 4

2025-09-17 20:24:45.986601
Sender: 15
Head 0: G
Head 1: G
Head 2: G
Head 3: O
Captures: 0
Releases: 2
Turnouts: 0
Voltage: 12.2
RSSI: -98
LED Errors: 0
Version: 3
Revision: 4

2025-09-17 20:24:46.995546
Sender: 15
Head 0: G
Head 1: G
Head 2: G
Head 3: O
Captures: 0
Releases: 2
Turnouts: 0
Voltage: 12.2
RSSI: -98
LED Errors: 0
Version: 3
Revision: 4

2025-09-17 20:24:53.004619
Sender: 15
Head 0: G
Head 1: G
Head 2: G
Head 3: O
Captures: 0
Releases: 2
Turnouts: 0
Voltage: 12.2
RSSI: -98
LED Errors: 0
Version: 3
Revision: 4

2025-09-17 20:24:54.013618
Sender: 15
Head 0: G
Head 1: G
Head 2: G
Head 3: O
Captures: 0
Releases: 2
Turnouts: 0
Voltage: 12.2
RSSI: -98
LED Errors: 0
Version: 3
Revision: 4

2025-09-17 20:24:56.031384
Sender: 15
Head 0: G
Head 1: G
Head 2: G
Head 3: O
Captures: 0
Releases: 2
Turnouts: 0
Voltage: 12.2
RSSI: -98
LED Errors: 0
Version: 3
Revision: 4

2025-09-17 20:25:00.603331
Sender: 15
Head 0: G
Head 1: G
Head 2: G
Head 3: O
Captures: 0
Releases: 2
Turnouts: 0
Voltage: 12.2
RSSI: -98
LED Errors: 0
Version: 3
Revision: 4

