:020000041000EA
:10C0000000200420F7C00010C3C00010C5C00010FD
:10C01000C1C00010C1C00010C1C00010C1C00010DC
:10C02000C1C00010C1C00010C1C00010C7C00010C6
:10C03000C1C00010C1C00010C9C00010CBC00010AA
:10C04000CDC00010CDC00010CDC00010CDC000107C
:10C05000CDC00010CDC00010CDC00010CDC000106C
:10C06000CDC00010CDC00010CDC00010CDC000105C
:10C07000CDC00010CDC00010CDC00010CDC000104C
:10C08000CDC00010CDC00010CDC00010CDC000103C
:10C09000CDC00010CDC00010CDC00010CDC000102C
:10C0A000CDC00010CDC00010CDC00010CDC000101C
:10C0B000CDC00010CDC00010CDC00010CDC000100C
:10C0C00000BE00BE00BE00BE00BE00BEEFF3058095
:10C0D000103800BEF2EB887138F003106CF00310DA
:10C0E00038C1001090A31AE71E481F49086006C80F
:10C0F00081F3088810471D480068002801D01948BE
:10C10000F3E70DA40ECC002902D000F012F8F9E7F5
:10C110001749184A002000E001C19142FCD116499C
:10C120008847164988471649884700BEFDE701C978
:10C1300001C29A42FBD370476CF00310C00000208C
:10C14000C81C0020740C041000000420000004200F
:10C15000740C0410001004200010042000000000E3
:10C16000704700000000000008ED00E0000000D073
:10C17000C81C0020009B0220555702109DE50010AE
:10C1800017570210F8B5C04606480749091A8B1020
:10C19000C90FC91810B5491003D0044B002B00D0AB
:10C1A000984710BDC81C0020C81C002000000000DB
:10C1B000054B10B5002B03D00449054800E000BF33
:10C1C000FFF7E2FF10BDC04600000000943C0020D5
:10C1D000C057031030B5032910D80023002406E00F
:10C1E0000268D25C55426A4114430133DBB2CAB2E1
:10C1F0009A42F5D801235C40E0B230BD0020FCE754
:10C20000094B0A4A1A6000221A719A6019000C310F
:10C21000D9621A8604325A86053A9A8600203C2151
:10C220005854DA877047C046142A00207411002041
:10C2300010B5C0218901024829F06AFA10BDC04634
:10C2400000D01F0010B50100C0229201014829F062
:10C250003FFA10BD00D01F0010B50800110018F003
:10C26000B5F810BD10B5080018F0C8F810BD10B52D
:10C27000080018F095F810BD10B5040008008023E0
:10C280005B029C420DD221000931230009330AD2FE
:10C2900003681B689847002802D0C480012383806C
:10C2A00010BD0020FCE70020FAE70000F8B5070009
:10C2B0000D00140000280ED080235B02994210D29A
:10C2C00013689B680A000932010020009847061E87
:10C2D00008D0C5800BE0074B074A0848332119F006
:10C2E0001DFA002623685B6839002000984730005B
:10C2F000F8BDC046C0570310D05703108C58031028
:10C3000010B50368002B04D042688A4207D3585CFA
:10C3100010BD064B064A07482B2119F0FFF9064BC2
:10C32000034A04482C2119F0F9F9C046E8580310D3
:10C33000F45803103C590310A459031070B50400BD
:10C340000D0005E00B6823602B685B6828009847A8
:10C3500021680029F6D170BD10B5002903D003680B
:10C360000B60016010BD034B034A0448433119F0D0
:10C37000D5F9C046C05703105C5A0310005A031089
:10C3800070B50368002504E01968016011E01D0024
:10C390001B68002B12D01C0008348C42F7D19988FE
:10C3A000013989B29980002908D1002DECD0196893
:10C3B000296011684C6819001000A04770BD00008A
:10C3C00010B50068002800D010BD034B034A044894
:10C3D000272119F0A3F9C046BC5A0310D05A031004
:10C3E0003C5B031070B504000D000B79042B0CD0DE
:10C3F000052B17D0022B1ED1080027F063FC256007
:10C40000606000232372200070BD0D68002D07D0EE
:10C41000280027F057FC2560606001232372F2E7B3
:10C420000020F8E70B681A000832DB8802604360DE
:10C4300000230372E7E700230360436001330372C4
:10C44000E1E7000010B50379002B03D10623037147
:10C45000017010BD034B044AD4210448FF3119F088
:10C460005DF9C046A05B0310BC5B0310005C0310C9
:10C4700010B50379002B05D1002909D005230371DC
:10C48000016010BD064B074A0748084919F046F9F4
:10C49000074B044A89310448890019F03FF9C04626
:10C4A000A05B0310605C0310005C0310230200001B
:10C4B000F49C031010B50379002B08D140230371BD
:10C4C000002303804380013B0380438010BD034B66
:10C4D000034A8E210348890019F020F9A05B03105C
:10C4E000CC5C0310005C031010B50379002B08D15D
:10C4F00020230371002303804380013B038043809A
:10C5000010BD034B034A0448044919F007F9C0461B
:10C51000A05B03102C5D0310005C031046020000BA
:10C5200010B504004168002904D003681868036846
:10C530005B689847200010BD70B50400002383603D
:10C540004368002B00D070BD056829681F20FFF7E5
:10C5500093FE002801D06060F5E701232B71FAE714
:10C5600070B504000D004068002803D0A168C3889E
:10C57000994208D06368002B04D0A268511CA160C6
:10C580009B181D7270BD2668490001313268FFF7A3
:10C590008DFE002801D06060ECE701233371FAE7DB
:10C5A00010B54B68002B0AD08A689B1800221A72BB
:10C5B0004B680833896803604160027210BD034B09
:10C5C000034A04484D2119F0A9F8C046905D0310B4
:10C5D000A45D0310005E031000B587B000900191C8
:10C5E000002804D0010003A8FFF7FCFE039807B061
:10C5F00000BD000010B50378052B03D8044A9B004A
:10C60000985810BD034B044A0448452119F086F898
:10C610005C110020605E0310A45E0310EC5E03104A
:10C6200010B50078002802D00138C0B210BD034B0D
:10C63000034A0448132119F071F8C0465C5F0310E7
:10C64000685F0310F45F0310A0239B01CB189BB21B
:10C650008022D20093420AD390239B01CB189BB235
:10C660008022D200934207D34160012070478905A0
:10C67000890D01800020F9E703889B028905890D57
:10C680000B43802252029446634443600120EDE74D
:10C6900010B50378022B02D1C168806810BD034B2E
:10C6A000034A0448532119F039F8C0465C6003106E
:10C6B00080600310E460031010B50378032B02D1EF
:10C6C000C168806810BD034B034A0448582119F023
:10C6D00025F8C046446103106C610310E460031048
:10C6E00010B50378012B01D1806810BD024B034ABD
:10C6F00003485D2119F012F8D0610310EC610310BA
:10C70000E460031010B50378042B02D1C16880687F
:10C7100010BD034B034A0448632118F0FFFFC046D5
:10C720002C62031048620310E460031030B589B036
:10C730000500324B32481860C0229201290027F0D0
:10C740000DF9002843D01EF009FB00240AE0200068
:10C7500015F04EF801AB18550021200015F062F8D5
:10C760000134E4B2192CF2D9FA24E400254822005D
:10C77000002116F04DFB16F027FA2348220029006D
:10C7800016F046FB002406E001AB195D200015F011
:10C7900049F80134E4B2192CF6D91EF0B1FB15F0BA
:10C7A000D3FF1A4A002316F0ADFC1000190016F052
:10C7B000A1FF0022164B16F0B4FE02000B00154834
:10C7C00019F092F9144819F05FF909B030BD15F06D
:10C7D000BBFF0E4A002316F095FC1000190016F05E
:10C7E00089FF00220A4B16F09CFE02000B0009484C
:10C7F00019F07AF9094819F047F9E6E758110020CD
:10C8000000D01F1031C2001045C2001040420F007E
:10C8100000408F408862031094620310AC620310E2
:10C8200010B5014814F0BCFEC862031010B50148F1
:10C8300014F0B6FEE462031010B515F085FF0E4A41
:10C84000002316F05FFC1000190016F053FF0022C1
:10C850000A4B16F066FE02000B00094819F044F975
:10C86000084819F011F91EF079FAFA200121400068
:10C8700016F0F2F9FEE7C04640420F0000408F403C
:10C88000886203100063031010B5D0231B068024B8
:10C8900064015C628020000158628021C9005962F5
:10C8A000802292015A629C61986199619A6110BDDF
:10C8B00010B50068002800D010BD034B034A04489F
:10C8C000262118F02BFFC0462464031034640310A3
:10C8D000A864031010B5016082804B425941074B98
:10C8E0009C46624453425A418A4200D110BD044BD7
:10C8F000044A0548162118F011FFC0460100FFFF49
:10C900000465031028650310A864031010B50068BF
:10C91000002800D010BD034B034A0448262118F01C
:10C92000FDFEC04624640310F4650310A8640310E0
:10C930007047000010B5016082804B425941074B9F
:10C940009C46624453425A418A4200D110BD044B76
:10C95000044A0548162118F0E1FEC0460100FFFF19
:10C960000465031078660310A864031010B5016015
:10C9700082804B425941074B9C46624453425A4184
:10C980008A4200D110BD044B044A0548162118F014
:10C99000C5FEC0460100FFFF046503105067031089
:10C9A000A864031001604260002303727047000016
:10C9B000F0B5C64600B505000E000479002C13D171
:10C9C0004B68032B16D8022303714B689846DFB2DD
:10C9D000BC421CD221003000FFF792FC002810D08E
:10C9E00028550134E4B2F3E70D4B0E4A0E480F49C7
:10C9F00018F094FE0E4B0B4A85210B48890018F065
:10CA00008DFE0C4B074A08480B4918F087FEFF23A0
:10CA1000424613400022EA5480BCB846F0BDC046EE
:10CA2000A05B031020680310005C031013020000D9
:10CA3000B8680310D86803101B02000070B5141EFC
:10CA400004DD0C4E002C03DD002506E00A4EF9E75C
:10CA50006442F9E764100135EDB2002C08D0E30719
:10CA6000F8D5EB00F3181A685B6816F078FDF1E76B
:10CA700070BDC04620C70310D8C6031070B50C1E89
:10CA800004DD0B4E002C03DD002506E0094EF9E71E
:10CA90006442F9E764100135EDB2002C06D0E307DB
:10CAA000F8D5AB00F15817F08EFAF3E770BDC04629
:10CAB000C0C60310A8C6031010B5040008006168C2
:10CAC000002902D003685B689847002363602380D5
:10CAD000638010BD70B505000E00002407E0286AD1
:10CAE000E300C0183100FFF7E7FF0134A4B2AB8CBC
:10CAF000A342F4D80023AB84013B2B85296AA942C9
:10CB000006D033685B68300098472D620423EB84BD
:10CB100070BD10B5040001680C30FFF7DBFF002387
:10CB20002371216820000830FFF708FC10BD10B504
:10CB30000400080061686288D20003689B68984717
:10CB4000002802D060606388238010BD70B50400A7
:10CB50000D00838C002B11D1216AA1420DD0A28C33
:10CB6000E38C9A4209D0D2002B689B682800984732
:10CB7000206200280BD0A38CE38470BD006A074AB2
:10CB800094466344DB00C018FFF7D1FFE4E7044B91
:10CB9000044A0548922118F0C1FDC046FFFFFF1F5F
:10CBA000E0680310F4680310C463031010B54388F1
:10CBB0008B4203D94068C900401810BD024B034A9C
:10CBC00003484B2118F0AAFDA0690310AC690310BB
:10CBD000A864031010B50B4B994211D0CB097F22EA
:10CBE0001140828C9A4205D9006ADB00C018FFF719
:10CBF000DDFF10BD044B054A0548712118F08EFD7C
:10CC00000020F6E7FFFF0000946A0310A86A0310F3
:10CC1000C463031070B505000C000E8D0A4B9E42D4
:10CC20000CD031002000FFF7D5FF010003882385D9
:10CC300032002800FFF77EFE280070BD034B044A37
:10CC40000448992118F06AFDFFFF0000946B03105F
:10CC5000AC6B0310C463031010B582B004000091E4
:10CC600001924188084A914205D16B469B88038016
:10CC7000438002B010BD0C331800FFF7ABFF6B46CA
:10CC80009B88C3806380F4E7FFFF000070B5040059
:10CC90000368002B08D0DD880C3108002900FFF75D
:10CCA00099FF2060A58070BD024B034A0348102104
:10CCB00018F034FD606C0310686C0310DC6C03101A
:10CCC00082B030B583B004006846009101920793AA
:10CCD000FFF7EEFD07AB9D88C58061880A4B99423E
:10CCE00008D16B469B882380658003B030BC08BCAC
:10CCF00002B0184709980C30FFF76CFF6B469B8811
:10CD0000C3806580F1E7C046FFFF000070B584B0C6
:10CD100004000D000C30FFF75DFF010002AE2A0099
:10CD20003000FFF707FE6D4608223100684617F015
:10CD300083FBA28E009B1A80AB88A38604B070BDD3
:10CD4000F0B5C64600B582B080460E00048810E0FB
:10CD500030000C302100FFF73DFF0100C7882200A2
:10CD60006846FFF7B7FD0099019A300000F031F8EE
:10CD70003C00064B9C42EBD101235B4242461380B0
:10CD8000538002B080BCB846F0BDC046FFFF000033
:10CD900070B504000D000379DB070DD42379DB06A1
:10CDA00012D4237960221A4203D029002000FFF711
:10CDB000C7FF0023237170BD016808312A6828006D
:10CDC0000830FFF7DDFAE9E721882800FFF79EFF2A
:10CDD000E7E770B586B004006D46009101926846A1
:10CDE000FFF766FD2100FFF7D3FF0098FFF7A0FDD6
:10CDF0000100AA8804AE3000FFF79CFD02AD0822B6
:10CE00003100280017F018FBA28E029B1A80AB8815
:10CE1000A38606B070BD10B50B000279D20605D509
:10CE200001880C331800FFF7D5FE10BD0020FCE789
:10CE3000704770B504000800FFF7FAFF230026C80A
:10CE400026C3200070BD704710B504004B68002B4E
:10CE500009D04A880888824209D300232360013B15
:10CE6000A380200010BD0360013B8380F9E7501CC4
:10CE70004880D10059182000FFF75CFDF1E7000061
:10CE800030B583B005008B8C002B15D0013B9CB2D4
:10CE9000096AE300C9186846FFF7D6FF0099002920
:10CEA00010D06B469A88E401121992B22800FFF75D
:10CEB00041FD280003B030BD054B064A0648A121BC
:10CEC00018F02CFC00232B60013BAB80F1E7C0463F
:10CED000406D03104C6D0310C463031070B5040063
:10CEE0000800E38C80229200934219D05B009DB22F
:10CEF000216AA14209D0EA0003689B689847061E90
:10CF000012D02662E584012070BDE90003681B6829
:10CF10009847061E06D02022210017F08DFAF0E770
:10CF20000020F1E70020EFE70020EDE770B50500F5
:10CF30000C00100000290AD0C90013681B6898472C
:10CF40006860002809D02C8000236B8070BD044BE2
:10CF5000044A0548332118F0E1FB0024F3E7C046FA
:10CF6000006E0310086E0310A864031070B504006F
:10CF70000E00828CC38C9A4211D0236AA58C681C47
:10CF800080B2A084ED005D1980239B0098420CD0F4
:10CF9000802132002800FFF7C9FF280070BDFFF78D
:10CFA0009DFF0028E9D10025F7E77F21F1E7000088
:10CFB000F0B583B007000C0016000D8D124B9D429A
:10CFC0000DD18B8C002B0FD06846FFF759FF009BCB
:10CFD000002B09D06B463A0003CB03C201E0FFF7F8
:10CFE00019FE380003B0F0BD31002000FFF7BEFF8E
:10CFF000002804D021003800FFF742FFF1E70023AA
:10D000003B60013BBB80ECE7FFFF000030B583B025
:10D0100005000C000A680C316846FFF7C9FF009B49
:10D02000002B10D06846FFF771FC011E03D00023CF
:10D030000371013BC3806B469A882800FFF74AFCC6
:10D04000280003B030BD0133237100232B60013B66
:10D05000AB80F5E770B582B005000C006846FFF7BD
:10D06000D5FF009E002E05D023003100019A280034
:10D07000FFF7F2FD300002B070BDF0B587B00500DB
:10D080000E001400110004A8FFF7C0FF049F002F3A
:10D0900010D0210002A8FFF7B9FF029B002B0CD093
:10D0A00033600194039B0093029B0499059A280026
:10D0B000FFF706FE380007B0F0BD1F00FAE730B5F5
:10D0C00083B005000C000A680C316846FFF770FF5A
:10D0D000009B002B0BD06C466846FFF717FC010045
:10D0E000A2882800FFF742FC280003B030BD0133BE
:10D0F000237100232B60013BAB80F5E782B070B554
:10D1000084B001AC01906160A2600993002816D040
:10D11000099B002B19D0029E0A9B9E421DD1002420
:10D12000B44218D2210001A8FFF7EAF80500210057
:10D1300009A8FFF7E5F8854215D10134F0E70B4B5C
:10D140000B4A0C482D2118F0E9FA0B4B084A094804
:10D150002E2118F0E3FA012000E0002004B070BC9A
:10D1600008BC02B018470020F8E7C046146F03104F
:10D17000246F031090700310F470031030B587B063
:10D180000D00046800E02468002C11D02100083153
:10D19000E28803A8FFF706FC04AB6A4603CB03C290
:10D1A000039B28686968AA68FFF7A8FF0028EAD0EF
:10D1B000200007B030BD0000F0B589B005000E1E9C
:10D1C00025D04468002C28D00834019487683900A1
:10D1D00001A8FEF7FFFF002825D1E41900232370E2
:10D1E0002C6805AFAA6801993800FFF7DBFB200027
:10D1F00008303900FFF7C2FF041E1FD083880133B7
:10D20000838021003000FFF733F909B0F0BD174BE0
:10D21000174A18481D2118F081FA174B144A15486F
:10D220001E2118F07BFA02AD3A0021002800FFF71A
:10D23000B9FB29003000FFF7BBFBE6E72F68686801
:10D24000A9683A68FFF732F8041E07D0286808304A
:10D250002100FFF781F800236B60D2E701233B71C7
:10D26000064B034A03482A2118F058FA04710310A8
:10D2700018710310005E0310905D0310C057031077
:10D2800070470000F0B5DE4657464E464546E0B5CD
:10D2900087B08246884600291CD009782B291FD0E8
:10D2A0002D2923D12C398C46E0448B464146087801
:10D2B00001003039C9B2092937D92E2861D000239D
:10D2C00052461370504607B0F0BCBB46B246A94662
:10D2D000A046F0BD9F4BA04AA0486E3118F01EFA40
:10D2E00001218C46E04400218B46DFE700218B467C
:10D2F000DCE79B498C4226D96346002B5AD15B461A
:10D30000002B41D080231B069D4255D801D1002C13
:10D3100052D100236242AB4102215046017082602B
:10D32000C360CFE74C4522D9E6E7002400254146FB
:10D3300009788C463039C9B289460929DCD889492F
:10D340008D42D9D8D5D0A10FAB000B43A20020004D
:10D3500029008018594100184941009001910400AA
:10D360000D004E460027F1438946691CDAD000982B
:10D3700001998019794104000D0001218C46E04497
:10D38000D5E700240025D2E70323524613709460AA
:10D39000D56097E70A2200232000290015F0B2FE8D
:10D3A00004000D00013636B280235B039D42F1D2AA
:10D3B000414606E00026F7E70026F5E7013636B2DB
:10D3C00001310A781300303BDBB2092BF6D98846CD
:10D3D0002E2A0FD043461B78652B35D0452B33D0F2
:10D3E0000022B61843461B78002B7DD000235246FE
:10D3F000137067E701239C46E044B446424613E0BD
:10D40000A70FA9003943A00024184D4124196D41EC
:10D41000029300230393029E039FA4197D41664655
:10D42000013E33B29C4601321378303BDBB2092B0C
:10D4300007D84D4FBD42F6D8E2D14C4FBC42F2D88E
:10D44000DEE766469046C5E74346581C5B782D2BC1
:10D4500015D02B2B16D00027002201780B00303B73
:10D46000DBB2092B39D893009B185B0030395A186E
:10D47000B1189A235B00994208DC0130EDE70130D6
:10D480000127E9E7404602300027E5E7002F0BD0EF
:10D490005B46002B06D080221206012351460B70FA
:10D4A0008A600FE70022F8E75B46002B0ED00020D1
:10D4B0002F49FFF7E5FE0D000200802109066B18D9
:10D4C0000421504601708260C360FBE600202849B9
:10D4D000FFF7D6FE02000B00F2E7002F02D0524207
:10D4E00080467EE780467CE7330026334C2B01D80C
:10D4F000002D15D02000290016F0FCF83200FFF7AF
:10D500009DFA04000D005B46002B03D08021090624
:10D510006B181D000423524613709460D560D1E649
:10D52000002D03D180231B049C42E3D2200029005C
:10D5300016F010FE3100FFF7A1FA5B46002B04D174
:10D540000123524613709060BCE680231B069C4664
:10D550006044F5E78071031088710310E4600310E4
:10D5600099999999999999199999010098999999DD
:10D570000000F07F7047000010B5FFF7FBFF006868
:10D58000002800D010BD0148FCE7C04694C103103C
:10D59000704710B504000800FFF7FAFF206004236D
:10D5A0006360033B2372200010BDF0B587B0040018
:10D5B0000E00110003AD2800FFF7EBFF6B466A4633
:10D5C00083CD83C2220040C223CB23C2200007B0F8
:10D5D000F0BD704710B504000800FFF7FAFF2060A7
:10D5E00007236360063B2372200010BDF0B587B0AF
:10D5F00004000E00110003AD2800FFF7EBFF6B469F
:10D600006A4683CD83C2220040C223CB23C22000BE
:10D6100007B0F0BD704770B504000800FFF7FAFFCF
:10D62000230026C826C3200070BD82B0F0B58BB0A1
:10D63000060010921193139D131E0AD00C88280027
:10D640000C302100FFF7C6FA029002AB9C80012447
:10D650000FE00260013B838030000BB0F0BC08BCDF
:10D6600002B0184701235C40E4B2290002A8FFF78A
:10D670000DFB029B002B1ED0002CF3D002A8FEF75E
:10D680009FFE010004AF3800FEF7ACFE390007A88A
:10D69000FFF7C1FF08AB6A4603CB03C2079B109894
:10D6A0001199129AFFF72AFD0028DBD002AB320055
:10D6B00003CB03C2D0E73360013BB380CCE710B5A6
:10D6C00088B00391049205930A9B0193059B0093F4
:10D6D0000A00049B010006A8FFF7A7FF0698002890
:10D6E00004D00A9906A8FFF7D1FA069808B010BD31
:10D6F0000023FF2282425B41D8B2704710B504007C
:10D70000FFF7F6FF002801D0E0B210BD0020FCE7D3
:10D71000002806DBC30FFF22002182424B41D8B212
:10D7200070470020FCE710B50400FFF7F1FF002868
:10D7300001D0E0B210BD0020FCE70123002902D196
:10D7400002D1FF2800D90023D8B2704710B50400D9
:10D75000FFF7F3FF002801D0E0B210BD0020FCE786
:10D7600000290ADB0123002902DD0023D8B270471B
:10D770000029FBD1FF28F9D9F7E70020F7E710B51A
:10D780000400FFF7EDFF002801D0E0B210BD00203B
:10D79000FCE7000010B5041C002116F05BFC00281B
:10D7A00007D00549201C16F04DFC002802D00120AE
:10D7B00000E0002010BDC04600007F4310B5041CEF
:10D7C000FFF7E8FF002804D0201C16F0A9FCC0B227
:10D7D00010BD0020FCE7000070B504000D00002221
:10D7E000002315F015FF002809D00022054B20006A
:10D7F000290015F005FF002802D0012000E00020DC
:10D8000070BDC04600E06F4070B504000D00FFF72A
:10D81000E3FF002805D02000290015F053FFC0B217
:10D8200070BD0020FCE710B50378032B18D00AD890
:10D83000012B11D0022B04D1C1688068FFF79FFF34
:10D840000DE000200BE0042B04D1C1688068FFF7D5
:10D85000DBFF04E0002002E08068FFF7AFFF10BDAF
:10D86000C1688068FFF772FFF9E710B584B0010066
:10D870006846FFF707FD6846FFF7D5FF04B010BD07
:10D8800010B50400FFF7C7FA23791E2B31D89B008F
:10D89000194AD3589F4620782CE02068FFF72EFFC6
:10D8A00028E02068FFF73FFF24E041680068FFF7A9
:10D8B0004DFF1FE041680068FFF761FF1AE020009C
:10D8C000FFF7D3FF16E020680028F9D10B4B0C4A74
:10D8D00018210C48FF3117F021FF20680830EFE7CE
:10D8E0002068FFF76BFF05E041680068FFF78CFFD9
:10D8F00000E0002010BDC04694C50310E87103107D
:10D90000F8710310005C03102F2801D939280ED9B3
:10D910002E280ED005D9452811D0652811D164389C
:10D9200006E02B2807D02D2807D12C3800E0012055
:10D9300070470120FCE70120FAE70020F8E701200A
:10D94000F6E70020F4E7000010B50379002B04D1BE
:10D950000E2303710160012010BD034B034AED212A
:10D960000348490017F0DAFEA05B03108872031029
:10D97000005C031010B58379002B0BD103685A1C8F
:10D9800002601B78002B0BDD002B0CDB03710123E5
:10D99000437110BD054B064A0648252117F0BEFE0F
:10D9A00001228271F0E70023F0E7C0469473031070
:10D9B0009C7303101C74031010B504002000103079
:10D9C000637D002B0FD0237D002B0FD0202B14D88C
:10D9D000092B12D3093BDBB20A4ADA40D2070CD535
:10D9E00000236375EAE7FFF7C5FFECE7237B002B15
:10D9F00001D1012004E0022002E001232373002072
:10DA000010BDC0461300800070B504000D0010303A
:10DA1000637D002B06D0237D9D4206D100236375D4
:10DA2000012070BDFFF7A6FFF5E70020F9E770B50C
:10DA300004000D0008E0237D002B10D02A789A42C4
:10DA40000FD10135002363752878002808D0200005
:10DA50001030637D002BEED1FFF78CFFEBE7022047
:10DA600070BD0320FCE770B505000E0000230B809D
:10DA700000240EE0FFF77EFF12E0303BDBB20F2BFD
:10DA80001CD8328812011343338000236B75013494
:10DA9000E4B2032C0ED8280010306B7D002BE9D0A7
:10DAA0002B7D002B08D0402BE7D920229343373B16
:10DAB000DBB2E4E7002070BD0220FCE70320FAE7B8
:10DAC00030B583B00D007F2811D9694600230B7053
:10DAD0003F220240803B13434B70800983B21F2BCF
:10DAE0000AD840235B4203438B70CC1C25E0C1B2B3
:10DAF0002800FEF735FD24E03F21014080225242FC
:10DB00000A4369468A709A090F2A05D820235B4286
:10DB10001343CB7001AC10E03F21114080225242F0
:10DB20000A436946CA701B0B1022524213430B7101
:10DB30004C1D02E02800FEF713FD013C217800296E
:10DB4000F8D103B030BD000070B584B0040002AB62
:10DB500000221A80039206001036437D002B03D06A
:10DB6000257D0023637526E03000FFF703FFF7E70C
:10DB70003000FFF7FFFE21E0002363756B46991D1F
:10DB80002000FFF770FF002801D004B070BD6B4685
:10DB9000D98802A8FEF758FD00280CD00398210070
:10DBA000FFF78EFF07E05978002929D0002363751D
:10DBB0002000FEF7D5FC637D002BD9D0217D00230A
:10DBC00063758D4213D0002916D05C29F0D1300046
:10DBD000FFF7D0FE227D002A10D0752ACCD00A4B48
:10DBE00019780029E0D08A42DDD00233F8E7636873
:10DBF000002B07D00020C8E70220C6E70220C4E7B8
:10DC00000320C2E70420C0E77474031070B5040059
:10DC10000E00FEF791FC2000FFF796FF051E01D0D5
:10DC2000280070BD31002000FFF7C6FAF8E7012098
:10DC3000002900D00020C0B27047000010B5006875
:10DC4000002800D010BD034B034A0448262117F0DA
:10DC500065FDC0462464031088740310A864031093
:10DC6000F0B583B0040016001F000379002B0BD120
:10DC700010003900FFF7DBFF051E0BD00A232371CC
:10DC80002660280003B0F0BD0B4B0C4A0C487E21E7
:10DC900017F044FD08996846FFF711FA009B002B26
:10DCA000EFD01A232371684683882380FFF7C6FFCD
:10DCB000066047600125E4E7A05B031004750310CC
:10DCC00078760310F0B583B0040016001F000379C6
:10DCD000002B12D11000390015F044FD051C16F080
:10DCE00047FA32003B0015F07DFC00280BD00E23D4
:10DCF00023712560012003B0F0BD0D4B0D4A0E4885
:10DD00004C2117F00BFD08996846FFF7D8F9009BE6
:10DD1000002B0AD01E232371684683882380FFF7D7
:10DD20008DFF066047600120E5E70020E3E7C0467D
:10DD3000A05B0310D87603107876031080221206B9
:10DD40000023801859410123002900D00023D8B2B4
:10DD500070470000F0B583B0040016001F0003797F
:10DD6000002B0BD110003900FFF7E8FF051E0BD088
:10DD70000C2323712660280003B0F0BD0B4B0C4A26
:10DD80000C48672117F0CAFC08996846FFF797F915
:10DD9000009B002BEFD01C232371684683882380CF
:10DDA000FFF74CFF066047600125E4E7A05B031026
:10DDB000E477031078760310F0B5CE46474680B579
:10DDC00087B006008946102398468044437D002B87
:10DDD00014D0377D00243800FFF796FD002811D0BD
:10DDE0003E2C0FD800237375651CEDB234192777CC
:10DDF0004046FFF7BFFD377D2C00ECE74046FFF7BC
:10DE0000B9FDE6E734190023237731001C3102AC59
:10DE10002000FFF737FA2478032C26D013D8012CE2
:10DE200036D0022C0DD102A8FEF732FC02000B0006
:10DE3000B16900914846FFF78DFF002836D00024D5
:10DE400020E003241EE0042C0DD102A8FEF75AFCAA
:10DE500002000B00B16900914846FFF733FF00282C
:10DE600010D000240EE003240CE002A8FEF724FCEE
:10DE700002000B00B16900914846FFF7F1FE00284F
:10DE800012D00024200007B0C0BCB946B046F0BD97
:10DE900002A8FEF725FC011CB2694846FFF754FDB5
:10DEA000002805D00024EDE70424EBE70424E9E78B
:10DEB0000424E7E72F2801D9392809D95E2801D998
:10DEC0007A2807D9402807D95A2807D9002004E022
:10DED000012002E0012000E0002070470120FCE763
:10DEE00070B5040006001036437D002B09D0257D57
:10DEF000002D0AD02800FFF7DDFF002812D10320F3
:10DF000020E03000FFF736FDF1E7104B104AE22128
:10DF10001048490017F002FC257D2800FFF7CAFFD2
:10DF200000280CD00023637529002000FEF718FBA1
:10DF3000637D002BF0D13000FFF71CFDECE7636838
:10DF4000002B00D070BD0420FCE7C04688A603105B
:10DF50004C790310147A031010B50400FEF7ECFAA4
:10DF600020001030637D002B08D0237D272B08D0A4
:10DF7000222B06D02000FFF7B3FF05E0FFF7FAFCE5
:10DF8000F3E72000FFF7E0FD10BD0000F0B58DB015
:10DF900005000E0003AA1370DBB2002B00D17BE05A
:10DFA00010306B7D002B0CD02B7D7B2B0CD10023F4
:10DFB0006B752800FFF700FD041E0BD020000DB08C
:10DFC000F0BDFFF7D7FCEFE7344B354A3548F32176
:10DFD00017F0A4FB7D212800FFF716FD00282CD0A8
:10DFE000ECE7AA6905A93000FFF747F8011E4DD0FC
:10DFF0002800FFF7E1F8059C03A8FEF711FB031CBE
:10E0000000222100280000F04FF8041ED6D128007D
:10E01000FFF7D2FC041ED1D17D212800FFF7F4FCCC
:10E020000028CBD12C212800FFF7EEFC002831D0AE
:10E030002800FFF7C1FC041EC0D12800FFF78CFFA9
:10E04000041EBBD12800FFF7B7FC041EB6D13A214D
:10E050002800FFF7D9FC00281AD006AF29003800A5
:10E06000FEF79EFA09AC39002000FEF7E2FEAB692C
:10E07000009309990A9A0B9B3000FFF720FB05904B
:10E080000028AED0A969FEF783FEB4E7042495E723
:10E09000032493E7032491E705248FE7747A0310A0
:10E0A000887A0310147A031070B506000C001D1C4A
:10E0B000FFF782FC00281CD130001030737D002B4C
:10E0C0000CD0337D7B2B10D85B2B0AD35B3BDAB2B1
:10E0D000202A0AD893001F4AD3589F46FFF74AFCCC
:10E0E000EFE7222B1AD0272B18D021003000FFF7A2
:10E0F00063FE70BD2000FEF7DDF901002B1C00223D
:10E10000300000F08BF8F4E72000FEF7EDF9010095
:10E110002B1C00223000FFF739FFEAE72100300016
:10E12000FFF774FDE5E701212000FEF78BF90A49AE
:10E130003000FFF77CFCDCE700212000FEF782F9CD
:10E1400006493000FFF773FCD3E705493000FFF7BD
:10E150006EFCCEE710C60310F07B0310BC850310E5
:10E16000F87B031070B504000D000022FFF79CFF40
:10E17000002806D1237D002B03D02B791B0700D567
:10E18000032070BDF0B5C64600B59AB004008846BD
:10E1900001AE328007003837FEF7BBFC00233B712D
:10E1A00003AD0394049305932B73424607926B755A
:10E1B000AB7509947378002239002800FFF7D2FF6D
:10E1C000061C2800FEF7ACF9216820000C30FEF791
:10E1D000BDFC301C1AB080BCB846F0BD10B582B092
:10E1E00004000800FFF7C6F9FFF7C6F9010001AB0C
:10E1F0000A225A701A886B461A80009A2000FFF78C
:10E20000C1FF02B010BD00B583B00191FEF71BFE47
:10E2100001A9FFF7E3FF03B000BD000070B582B0B5
:10E2200005000E0001AA1370DBB2002B43D01030A2
:10E230006B7D002B0CD02B7D5B2B0CD100236B75E1
:10E240002800FFF7B9FB041E0BD0200002B070BD00
:10E25000FFF790FBEFE71A4B1A4A1B489D2117F076
:10E260005DFA5D212800FFF7CFFB0028EDD1A969F9
:10E270003000FEF7EFFE041E1FD001A8FEF7D0F914
:10E28000031C002221002800FFF70EFF041EDCD132
:10E290002800FFF791FB041ED7D15D212800FFF76E
:10E2A000B3FB0028D1D12C212800FFF7ADFB0028BB
:10E2B000DDD10334C9E70524C7E70424C5E7C04618
:10E2C000007C0310147C0310147A031070B58AB01C
:10E2D0000391049205930379202B0ED107AA03AB77
:10E2E00070CB70C2002806D00E9A00920799089A47
:10E2F000099BFFF7E4F90AB070BD0020EEE7F0B526
:10E3000087B0030002CB0800383003AAE0CBE0C29C
:10E310000B00383305D000910399049A059BFFF751
:10E32000D5FF07B0F0BD10B582B00400FFF7E7FFDE
:10E33000216800900191FEF74FF902B010BD000076
:10E3400030B57E4CA5447E4B7E4A1A60002012F008
:10E350009BFF23F081F8002819D023F02BF97A498C
:10E360000122C6208001684421F016F9002825D139
:10E37000764B774A774969447748684421F0EFFE45
:10E3800000285AD10124002C5CD101251BE014F097
:10E39000DBF9724A002314F0B5FE1000190015F0E5
:10E3A000A9F900226E4B15F0BCF802000B006D4875
:10E3B00017F09AFB6C4817F067FBCEE7022000F0DD
:10E3C000CBFB01240025C0229201002102A816F0F7
:10E3D00033F800230193002D01D0002C46D1584B77
:10E3E0001968C022920102A816F026F85F4802A917
:10E3F000FFF709FF6B461870C3B2002B66D15C4C67
:10E400006C445C4A59492000FFF7CFF82000FFF721
:10E410008AFF5949032225F089FB002800D074E0C7
:10E42000564B01221A7048490022002021F0B4F80E
:10E43000FEF72AFA524B9D4430BD032000F08CFBBE
:10E440000024A0E701224F4969444F48684421F065
:10E45000D3F8002808D0082801D12500B3E703200D
:10E4600000F07AFB2500AEE72500ACE7C02201AB47
:10E47000920102A94448684421F074FA00280AD0A5
:10E48000032000F069FB2E4B1968C022920102A8FC
:10E4900015F0D2FFAAE714F057F9304A002314F020
:10E4A00031FE1000190015F025F900222C4B15F053
:10E4B00038F802000B002B4817F016FB019933487F
:10E4C00017F012FB02A8FEF731F98FE714F03CF9C0
:10E4D000224A002314F016FE1000190015F00AF964
:10E4E00000221F4B15F01DF802000B001D4817F00D
:10E4F000FBFA6846FEF77EF80100254B180017F07E
:10E50000F3FA032000F05AFB79E7224C6C44194AD5
:10E5100016492000FFF749F82000FFF704FF1E49C5
:10E52000072225F003FB002803D1144B02221A70A6
:10E5300079E7124B00221A7075E7C04694C9FFFFB5
:10E540005811002000D01F108C7D0310907D031007
:10E5500094C10310083000002831000040420F0031
:10E5600000408F4088620310787D0310142A002039
:10E5700048360000DC7D0310E47D0310E09A0220A1
:10E580006C36000022300000E8330000A07D03104C
:10E59000C47D031058360000E87D031010B514F058
:10E5A00067FA17F031FA14F0CFF8864A002314F016
:10E5B000A9FD1000190015F09DF80022824B14F0FF
:10E5C000B0FF02000B00814817F08EFA804800224D
:10E5D000042117F089FA00F043FAFFF7B1FE07F0C3
:10E5E0009BF801F01DFD7B4B1B78002B22D0012BEB
:10E5F0007AD0022B00D18EE001F0A6F8002800D1DD
:10E60000C6E014F0A1F86F4A002314F07BFD10005F
:10E61000190015F06FF800226B4B14F082FF020016
:10E620000B006A4817F060FA6B4817F02DFA1CF0DF
:10E6300059FBFEE714F088F8624A002314F062FDEB
:10E640001000190015F056F800225F4B14F069FF16
:10E6500002000B005D4817F047FA604817F014FA03
:10E6600000F0A6FD02F036FA04F022FD02F04CFFA5
:10E6700002F012F8002819D114F066F8514A00236C
:10E6800014F040FD1000190015F034F800224E4B34
:10E6900014F047FF02000B004C4817F025FA5048D1
:10E6A00017F0F2F9012000F0D1FAA5E703F0E4F940
:10E6B0000028A1D114F048F8424A002314F022FDAA
:10E6C0001000190015F016F800223F4B14F029FF36
:10E6D00002000B003D4817F007FA424817F0D4F942
:10E6E000022000F0B3FA87E714F02EF8354A002331
:10E6F00014F008FD1000190014F0FCFF0022324B4A
:10E7000014F00FFF02000B00304817F0EDF9364807
:10E7100017F0BAF970E714F017F82A4A002314F03A
:10E72000F1FC1000190014F0E5FF0022264B14F054
:10E73000F8FE02000B00254817F0D6F92B4817F019
:10E74000A3F900F035FD02F0C5F902F0DDFE10F08E
:10E75000DDFB01F0A1FF002800D04DE713F0F4FF2E
:10E76000184A002314F0CEFC1000190014F0C2FF68
:10E770000022154B14F0D5FE02000B00134817F0D1
:10E78000B3F9174817F080F9012000F05FFA33E77A
:10E7900013F0DAFF0B4A002314F0B4FC1000190048
:10E7A00014F0A8FF0022084B14F0BBFE02000B007F
:10E7B000064817F099F90E4817F066F9032000F0A3
:10E7C00045FA1EE740420F0000408F408862031068
:10E7D000F07D0310E09A02203C7E0310087E0310B7
:10E7E0000863031014630310207E03102C7E0310B3
:10E7F0002463031030B585B00500FFF780FD0400E9
:10E800002D6802A902904D600822684615F014FE9A
:10E81000002C05D029002000FFF732F805B030BDEC
:10E820000020FBE770B53E4CA544050000242B5D9D
:10E83000002B05D0C0239B019C4201D20134F6E796
:10E84000002012F021FD22F007FE00283AD022F02D
:10E85000B1FE14F0B9F93349012268A820F09CFEFA
:10E86000061E46D1304B314A0AA952A821F077FC46
:10E8700000284FD0CD26F6006E442D4A2D49300099
:10E88000FEF7B4FE3000FFF7B5FF03002A4A282147
:10E89000684616F0C5FE0A226946FFA80C3020F033
:10E8A000ABFE061E28D1002322002900FFA80C3051
:10E8B00021F07EF9061E1FD1FFA80C3021F07CFB51
:10E8C000060019E013F040FF1C4A002314F01AFC64
:10E8D0001000190014F00EFF0022194B14F021FE55
:10E8E00002000B00174817F0FFF8174817F0CCF894
:10E8F000ADE7022000F030F90A490022002020F0A4
:10E900004BFEFDF7C1FF73425E41F0B2CF23DB0047
:10E910009D4470BD4220684421F030FCAAE7C04607
:10E9200088F9FFFF8C7D0310907D031094C10310C4
:10E930004C7E0310142A0020547E031040420F0026
:10E9400000408F4088620310787D031010B5FDF7FA
:10E9500057FC10BD70B518E001210E4814F07CF989
:10E960000D4B01221A7014F02FF9D0252D068026A8
:10E97000B6046E61FA24A40020001CF071FB14F0B0
:10E9800023F9AE6120001CF06BFB034B1B78002BBE
:10E99000E2D0E8E788130000DC9A0220F0B5C64612
:10E9A00000B5002400E000242B4B1D78002D1ED064
:10E9B000A54214D9D0252D0640236B6180266E61B7
:10E9C000FA201CF04DFBAE61FA201CF049FB01342B
:10E9D000E4B2214B1B780533A342E4DBE4E7D02308
:10E9E0001B0680225A61FA201CF03AFBEFE71B4B12
:10E9F0001E78002E24D0A64218D9D02636064023F1
:10EA00009846736180277761FA201CF029FB434602
:10EA1000B361B761FA201CF023FB0134E4B20F4B61
:10EA20001B780533A342BFDA2C00BDE7D0231B06B9
:10EA300040225A6140325A61FA201CF011FBECE787
:10EA4000D0231B0640229A6140325A6100201CF0FC
:10EA50009FFB3400A8E7C046DB9A0220DA9A022026
:10EA600030B583B02F4B00251D70192012F062FDC8
:10EA7000D024240680239B0463626361072012F084
:10EA800059FD802363626361062012F053FD402329
:10EA90006362636124492548254B01930123009358
:10EAA000002380221BF0A1FF802222492248234B11
:10EAB000019302230093002352001BF096FF13F0F2
:10EAC00043FE1F4A002314F01DFB1000190014F030
:10EAD00011FE00221B4B14F024FD02000B001A4C07
:10EAE000200017F001F8194816F0CEFF13F02CFEA5
:10EAF000134A002314F006FB1000190014F0FAFD6D
:10EB00000022104B14F00DFD02000B00200016F047
:10EB1000EBFF0F4816F0B8FF0E4B1D625D6203B0AD
:10EB200030BDC046DC9A0220A87E031055E90010D3
:10EB3000F8280020B47E03109DE90010F42800207E
:10EB400040420F0000408F4088620310C47E0310D3
:10EB5000DC7E03100080054010B5040013F0F4FDC6
:10EB6000104A002314F0CEFA1000190014F0C2FD70
:10EB700000220D4B14F0D5FC02000B000B4816F0E0
:10EB8000B3FF0B48210016F0AFFF0A4B1B78002B98
:10EB900001D0002C05D1074B1C70074B18681CF0E6
:10EBA0004FF810BD40420F0000408F4088620310B4
:10EBB000F87E0310DB9A0220F4280020F8B5050047
:10EBC00013F0C2FD1A4A002314F09CFA1000190039
:10EBD00014F090FD0022174B14F0A3FC02000B0070
:10EBE000154816F081FF1548290016F07DFF002416
:10EBF00000E00024AC4212D2D026360640237361D6
:10EC000080277761FA2013F0DDFDB761FA2013F059
:10EC1000D9FD0134E4B26B1DA342EADBEAE7D0235D
:10EC20001B0680225A61FA2013F0CCFDF1E7C046A2
:10EC300040420F0000408F4088620310047F0310A1
:10EC4000014B18787047C046DB9A0220F0B5C646E3
:10EC500000B5060013F078FD1C4A002314F052FAA8
:10EC60001000190014F046FD0022194B14F059FC55
:10EC700002000B00174816F037FF1748310016F056
:10EC800033FF002400E00024B44215D2D0252D0625
:10EC9000402398466B6180276F61FA2013F092FD44
:10ECA0004346AB61AF61FA2013F08CFD0134E4B24E
:10ECB000731DA342E7DBE7E7D0231B0640225A611E
:10ECC00040325A61FA2013F07DFDEFE740420F0019
:10ECD00000408F40886203101C7F031010B50400B1
:10ECE0001F2112F0F3FA00220021200012F008FB8D
:10ECF0000021200012F00AFC10BD0000F0B5DE4635
:10ED000057464E464546E0B5A5B0282200211AA830
:10ED100015F08CFB6022002102A815F087FB01236F
:10ED20009B46002398469A46994600270193B3E0F4
:10ED30002C00082C0EDC651C1AABAA00D058A200CF
:10ED4000D050002115F070F90028F1D0A4001AABC2
:10ED5000E650EDE723960024002005E0A2001AAB60
:10ED6000D15815F015F90134092CF7DD584915F083
:10ED700014F9041C574B18607D1CADB2E1231B0134
:10ED80009F421DD25B46002B1AD1534B1C68534B3C
:10ED90001968201C15F050F9002805D05049201C96
:10EDA00015F060F900283BD14E4B1968201C15F076
:10EDB00059F9002843D14B46002B5DD04C4630E03A
:10EDC000019B581CC0B29F0002ABFC50182114F0EC
:10EDD0005BF9CBB20193002501E00135EDB2172DAF
:10EDE0000BD8AB0002AA9858002115F01DF9002895
:10EDF000F3D0AB0002AA9C50EFE700240020172CB0
:10EE000007D8A20002ABD15815F0C2F80134E4B221
:10EE1000F5E7354915F0C1F82F4B18600025B4E728
:10EE200001244346002B05D1002C09D002F032FD0D
:10EE3000A04608E003F010F90023984603E0002400
:10EE40004B46002B1AD1244B1E68284B1968301CE6
:10EE500015F0F2F8002814D02149301C15F002F901
:10EE600000280ED05346002B0ED102F013FD00F007
:10EE700053FC01239A4607E04C46E1E702F014FEFA
:10EE8000E1E75346002B1CD1FA2080001CF0E8F883
:10EE9000A1462F0000239B46154B04221A60154BF8
:10EEA0001B68DB05FBD5134B586880B215F0DFF803
:10EEB000114915F088F8114915F06AF8061C00246C
:10EEC00037E702F0F1FD00F033FC00239A46DBE760
:10EED00000002041D82F0020DC2F002080110020CE
:10EEE0000000A0407C1100200000C04178110020EB
:10EEF00000E0044000C00440499A103CCDCC4C3F97
:10EF0000014B18687047C046DC2F0020014B186881
:10EF10007047C046D82F0020704710B50400080085
:10EF2000FFF7FAFF20600A236360093B2372200089
:10EF300010BDF0B587B004000E00110003AD28002D
:10EF4000FFF7EBFF6B466A4683CD83C2220040C2C7
:10EF500023CB23C2200007B0F0BD704710B50400DA
:10EF60000800FFF7FAFF20600C2363600B3B23725D
:10EF7000200010BDF0B587B004000E00110003ADF5
:10EF80002800FFF7EBFF6B466A4683CD83C2220061
:10EF900040C223CB23C2200007B0F0BD704710B59C
:10EFA00004000800FFF7FAFF20600F2363600E3BA8
:10EFB0002372200010BDF0B587B004000E001100D0
:10EFC00003AD2800FFF7EBFF6B466A4683CD83C293
:10EFD000220040C223CB23C2200007B0F0BD012095
:10EFE000704710B5041CFFF7FAFF002803D0201C5F
:10EFF00015F0BEF810BD00200021FBE7012070478E
:10F0000070B505000C00FFF7F9FF002804D02800B8
:10F01000210014F063FB70BD00200021FBE70120FC
:10F02000704770B505000C00FFF7F9FF002804D009
:10F030002800210014F05EFB70BD00200021FBE7DA
:10F040000120704770B504000D00FFF7F9FF00289C
:10F0500002D02000290070BD00200021FBE710B580
:10F060000378032B1AD00BD8012B13D0022B04D119
:10F07000C1688068FFF7C4FF0FE0002000210CE0AA
:10F08000042B04D1C1688068FFF7DCFF05E0002095
:10F09000002102E08068FFF7A4FF10BDC16880680E
:10F0A000FFF7BFFFF9E710B584B001006846FEF72F
:10F0B000E9F86846FFF7D3FF04B010BD10B50400AF
:10F0C000FDF7A9FE23791E2B30D89B00194AD3588F
:10F0D0009F46207814F0B6FA2AE0206814F0B2FABD
:10F0E00026E0206814F0B2FA22E04168006814F0CB
:10F0F00001FB1DE04168006814F0F0FA18E0200000
:10F10000FFF7D1FF14E020680028F9D10A4B0B4A21
:10F110000B48EA2116F002FB20680830F0E720686F
:10F1200015F026F804E04168006801E000200021A5
:10F1300010BDC04668C70310E8710310347F031088
:10F14000005C031030B585B00500FFF7D8F8040067
:10F150002D6802A902904D600822684615F06CF9EE
:10F16000002C05D029002000FFF7A8FF05B030BD16
:10F1700000200021FAE770B584B005000E00FFF70B
:10F18000BEF804002B6802A902904B600822684672
:10F1900015F052F9002C06D023791B0703D528005F
:10F1A000FFF7D0FF01E03068716804B070BD000067
:10F1B00030B595B019F02EFF1A20FFF78FFD304BB8
:10F1C0001B68E022D20113402E4A136002AD2E4A82
:10F1D0002E4C21002800FFF7ACFE00222C4B06929B
:10F1E000079306A92800FFF7C6FF14F0BBFA294BC6
:10F1F000186008AD284A21002800FFF7BBFE274A07
:10F20000274B0C920D930CA92800FFF7B4FF14F0C4
:10F21000A9FA244B18600EAD234A21002800FFF7FD
:10F22000CAFE0022214B1292139312A92800FFF765
:10F23000A2FF14F097FA1E4B186080221D491E4849
:10F240001E4B019303230093002352001BF0CDFBC0
:10F2500013F07AFA1A4A002313F054FF1000190031
:10F2600014F048FA0022174B14F05BF902000B006F
:10F27000154816F039FC154816F006FC15B030BDDF
:10F2800000C0044000D00440BC7F0310142A0020BA
:10F290000080274080110020C87F031033333333B0
:10F2A000333328407C110020D87F03100000244015
:10F2B00078110020E87F0310FDEC0010D42F00200F
:10F2C00040420F0000408F4088620310F87F031017
:10F2D00030B583B004000D00002301930F4B1B6871
:10F2E000002B01D00F2808D0019B012B0FD0290043
:10F2F000200012F057F803B030BD094811F05EF855
:10F30000064B186801AA00211CF060FDECE7002BF9
:10F31000EDD0044B802252051A60E8E7AC2B0020A8
:10F32000B02B002004ED00E000B583B004480023BA
:10F3300000930F331122034910F0B4F903B000BD5C
:10F34000B02B002000C00340F0B5C64600B584B025
:10F3500007000E0015001C0001212A4B18684942C5
:10F360001AF060FF00201BF0DFFB80460E2100201A
:10F370001BF0EAFB13F0E8F9234A002313F0C2FE66
:10F380001000190014F0B6F90022204B14F0C9F84F
:10F3900002000B001E4816F0A7FB1E4800942B002D
:10F3A0003200390016F0A0FB03AA1770D670557012
:10F3B000947019480423FF2111F0F2F9002812D0AB
:10F3C000164B1B78002B15D1414600201BF0BCFBCF
:10F3D0000C4B18680023002200211AF07DFC04B0B9
:10F3E00080BCB846F0BD0530FFF7B6FB0B4B0122E1
:10F3F0001A70E9E70020FFF7AFFB084B00221A70F4
:10F40000E2E7C046A82B002040420F0000408F409A
:10F410008862031014800310B02B0020EE9A0220A3
:10F4200030B585B000900191029203930121274BE2
:10F43000186849421AF0F6FE00201BF075FB050023
:10F440000E2100201BF080FB13F07EF9204A0023E0
:10F4500013F058FE1000190014F04CF900221D4B57
:10F4600014F05FF802000B001B4816F03DFB1B4830
:10F4700016F00AFB1A480E236A46FF2111F090F994
:10F48000002810D0174B1B78002B17D12900002023
:10F490001BF05AFB0D4B18680023002200211AF0C4
:10F4A0001BFC05B030BDD0231B0640225A6105303D
:10F4B000FFF752FB0B4B01221A70E7E70020FFF722
:10F4C0004BFB084B00221A70E0E7C046A82B002037
:10F4D00040420F0000408F408862031044800310B8
:10F4E000B02B0020EE9A022030B583B001AC208012
:10F4F0000121284B186849421AF094FE00201BF0A5
:10F5000013FB05000E2100201BF01EFB13F01CF95D
:10F51000214A002313F0F6FD1000190014F0EAF858
:10F5200000221E4B13F0FDFF02000B001C4816F0DA
:10F53000DBFA217862781B4816F0D6FA1A480223C3
:10F540002200FF2111F02CF9002810D0174B1B7856
:10F55000002B17D1290000201BF0F6FA0D4B18687C
:10F560000023002200211AF0B7FB03B030BDD023E6
:10F570001B0640225A610530FFF7EEFA0B4B0122C1
:10F580001A70E7E70020FFF7E7FA084B00221A702D
:10F59000E0E7C046A82B002040420F0000408F400B
:10F5A0008862031054800310B02B0020EE9A0220D2
:10F5B000F0B5D6464F464646C0B58AB080460D00E7
:10F5C00017009A460121294B186849421AF02AFE71
:10F5D00000201BF0A9FA81460E2100201BF0B4FA8E
:10F5E000002407E00530FFF7B7FA214B01221A701B
:10F5F0002034A4B2AC4228D213F0E6FA01AE2022A5
:10F6000000216B46981D14F011FF3770534673703C
:10F61000434619192A1B202A00D920226B46981D1F
:10F6200014F00AFF1348222301AAFF2111F0B8F8B1
:10F630000028D7D00E4B1B78002BD9D00020FFF725
:10F640008BFA0B4B00221A70D2E7494600201BF0C0
:10F650007BFA064B18680023002200211AF03CFBBD
:10F660000AB0E0BCBA46B146A846F0BDA82B0020BF
:10F67000EE9A0220B02B002070B506000D0001218B
:10F68000194B186849421AF0CDFD00201BF04CFAC6
:10F6900004000E2100201BF057FA14482B00320002
:10F6A000FF2111F07DF800280FD0114B1B78002BA3
:10F6B00012D1210000201BF047FA0B4B18680023E1
:10F6C000002200211AF008FB70BD0530FFF744FA54
:10F6D000074B01221A70ECE70020FFF73DFA044BBC
:10F6E00000221A70E5E7C046A82B0020B02B0020AE
:10F6F000EE9A022010B5044B186814F0C1FD14F006
:10F70000DDFC40B210BDC046D02F0020014B187860
:10F710007047C046EC9A022010B5034810F0CAFAB0
:10F72000024B01221A7010BDB02B0020ED9A02206E
:10F7300010B5034810F0C2F9024B00221A7010BD38
:10F74000B02B0020ED9A022010B5034810F0E8FA23
:10F75000002800D0012010BDB02B002000487047C9
:10F76000A82A0020F0B589B094464D68019502ABF7
:10F770000C000834C4CCC4C31431D0C9D0C38560D4
:10F7800003000C3302A970C970C370C970C363460B
:10F79000436209B0F0BDF8B5050014001E000F88E3
:10F7A00018000C303900FDF715FA2860AF8004E02E
:10F7B00031002800FDF76AFA013C2A68002A01D0CE
:10F7C000002CF5D12800F8BD00B583B01300002847
:10F7D00005D00A0001006846FFF7DDFF009803B07E
:10F7E00000BD10B5002804D00379402B02D1FFF7EB
:10F7F000EBFF10BD0020FAE7704710B504000800C9
:10F80000FFF7FAFF206005236360043B23722000AA
:10F8100010BDF0B587B004000E00110003AD280044
:10F82000FFF7EBFF6B466A4683CD83C2220040C2DE
:10F8300023CB23C2200007B0F0BD704710B50400F1
:10F840000800FFF7FAFF20600B2363600A3B237276
:10F85000200010BD704710B504000800FFF7FAFF44
:10F86000206009236360083B2372200010BDF0B5BF
:10F8700087B004000E00110003AD2800FFF7EBFF76
:10F880006B466A4683CD83C2220040C223CB23C28B
:10F89000200007B0F0BDC043C00F70470120704783
:10F8A0000123002902D102D1002800DA0023D8B2B6
:10F8B0007047802212060023801859410123002935
:10F8C00000D00023D8B2704710B50400FDF7A3FAAA
:10F8D00023791A2B17D009D80A2B10D00C2B03D15F
:10F8E0002068FFF7DBFF0DE000200BE01C2B04D1AC
:10F8F00041680068FFF7DDFF04E0002002E02068B7
:10F90000FFF7C9FF10BD41680068FFF7C9FFF9E7BD
:10F9100000B583B000900191002803D0FFF7D4FF19
:10F9200003B000BD0020FBE710B50400FFF7B3FFF4
:10F93000002801D0200010BD0020FCE710B5040015
:10F94000FFF7ACFF002801D0200010BD0020FCE72D
:10F9500010B50400FFF7A4FF002801D0200010BD5F
:10F960000020FCE710B50400FFF7A3FF002801D03A
:10F97000200010BD0020FCE770B504000D0000223F
:10F98000084B13F045FE002809D0074A074B20001A
:10F99000290013F035FE002802D0012000E00020ED
:10F9A00070BDC0460000E0C10000C0FFFFFFDF41A6
:10F9B00070B504000D00FFF7DFFF002804D0200021
:10F9C000290013F05BFE70BD0020FCE770470000CB
:10F9D00010B5041CCF21090614F03CFB00280AD006
:10F9E0000748FFF7F3FF011C201C14F02BFB002835
:10F9F00003D0012000E0002010BD0020FCE7C0463D
:10FA0000FFFFFF4E10B5041CFFF7E2FF002803D0F4
:10FA1000201C14F053FB10BD0020FCE710B5037848
:10FA2000032B18D00AD8012B11D0022B04D1C168A6
:10FA30008068FFF797FF0DE000200BE0042B04D156
:10FA4000C1688068FFF7B4FF04E0002002E080682E
:10FA5000FFF7D8FF10BDC1688068FFF779FFF9E7AD
:10FA600010B584B001006846FDF70CFC6846FFF74E
:10FA7000D5FF04B010BD000010B50400FDF7CBF9B0
:10FA800023791E2B31D89B00194AD3589F462078E2
:10FA90002CE02068FFF748FF28E02068FFF74EFFC2
:10FAA00024E041680068FFF753FF1FE041680068E9
:10FAB000FFF758FF1AE02000FFF7D2FF16E020689A
:10FAC0000028F9D10B4B0C4A18210C48FF3115F0D6
:10FAD00025FE20680830EFE72068FFF793FF05E078
:10FAE00041680068FFF764FF00E0002010BDC046D9
:10FAF000E4C70310E871031074800310005C031066
:10FB000030B585B00500FEF7FAFB04002D6802A9A8
:10FB100002904D600822684614F08EFC002C05D03F
:10FB200029002000FFF7A8FF05B030BD0020FBE74B
:10FB300030B583B004000D00FEF7E1FB21680090B2
:10FB40000191FFF7E5FE002802D1286803B030BD1F
:10FB50002000FFF7D5FFF9E730B587B012F0F4FDCC
:10FB60002B4A002313F0CEFA1000190013F0C2FD47
:10FB70000022284B13F0D5FC02000B00264815F09C
:10FB8000B3FF264815F080FF01AC254A2549200027
:10FB9000FFF76DFE9623059305A92000FFF7C8FF28
:10FBA000C50F2D186D10ADB21F4C0021200010F0B4
:10FBB000A9FA09220821200010F05EFB1B4B1978DE
:10FBC00020000FF085FD082120000FF059FE184994
:10FBD00020000FF06BFE142120000FF0DBFE154912
:10FBE000200010F0D5F9052120000FF019FF0921A0
:10FBF000200010F03DFA012120000FF071FD2900D6
:10FC0000200010F0C3FB20000FF058FF07B030BDFC
:10FC100040420F0000408F4088620310FC800310B8
:10FC200010810310142A0020B02B0020EC9A02202F
:10FC300000C0644420A10700F0B5D7B010AB042287
:10FC40001A7300225A738BE12500627856236B44A5
:10FC50001E783309C5480F243440009415F044FF42
:10FC60006B784E2B03D0C24815F00EFFA1E0AA78A6
:10FC70001109ED782B090F242240BE482C40009436
:10FC800015F032FFEFE755226A441278BA49097835
:10FC90008A4202D0FF2A00D091E016981490562391
:10FCA0006B44197801F04CFFB44B1868002114F034
:10FCB000BBF9002807D0B2480FF00CFDAF4C14F090
:10FCC000DBF9206022E0AE480FF004FD14F0D4F917
:10FCD000002114F078F9A94C216814F059F920603A
:10FCE00014E055226A441278A34909788A4201D067
:10FCF000FF2A66D110AC0E2216A9200014F09CFB3E
:10FD000010981199129A139B01F08AFB12F01CFDB6
:10FD10009C4A002313F0F6F91000190013F0EAFCD6
:10FD20000022994B13F0FDFB02000B00974815F0E1
:10FD3000DBFE93480FF0CEFC0100954B180015F048
:10FD4000D3FE56236B441C78924B1B5D002B02D1D3
:10FD5000904B01221A5512F0F7FC8F4BE4001B194F
:10FD60001860596086480FF0CFFE00286BD016ACA3
:10FD7000FF220021200014F059FB002355226A4481
:10FD8000137056226A441370FF2257336B441A7063
:10FD90007B4855236B44009356236B44A83A6A442E
:10FDA00021000FF0CFFE12F00FFF21782A2900D199
:10FDB0004AE757236B441B78042B00D163E70E2BD3
:10FDC0008FD0022B27D0222BA0D133336B441B784A
:10FDD000694A1478A34201D0FF2B97D106AD2222A5
:10FDE00016A9280014F028FB2B789C428ED12C00F9
:10FDF00056236B441B7805930AAB6A4623CB23C278
:10FE0000196811609B88938006986168A268E3680E
:10FE100004F072FE7AE755226A441278564909784E
:10FE20008A4201D0FF2ACED10FAB16AA12881A80BF
:10FE30001B78994200D069E756236B4419780F98D4
:10FE400001F016FA62E74E4810F096FA07240440D3
:10FE5000631FDBB2012B08D9032C06D0072C04D07A
:10FE60004E4A13780133137002E04C4B00221A7093
:10FE70004A4B1B780A2B01D8002443E012F064FCA3
:10FE8000404A002313F03EF91000190013F032FC31
:10FE900000223D4B13F045FB02000B003B4D2800B8
:10FEA00015F022FE3E48210015F01EFE34480FF0EA
:10FEB00001FFFFF751FE12F047FC324A002313F016
:10FEC00021F91000190013F015FC00222E4B13F03D
:10FED00028FB02000B00280015F006FE314815F043
:10FEE000D3FDC9E72B4B00225A552B4BEA009B1838
:10FEF0001E685F6812F028FC801BB941002918DBDE
:10FF00000134A4B2FE2C1CD82500224B1B5D002B13
:10FF1000EBD0214BE2009B181E685F6812F014FCC6
:10FF2000801BB9410129DDDCDFD11F4B9842DCD9B0
:10FF3000D8E712F009FC184BED005B191860596006
:10FF4000DEE70D4B1A78134B012199540122FA2355
:10FF50009B00009300235242002100201BF006FE6C
:10FF6000124B1B78002B00D1FCE6EFE71C8103103D
:10FF7000A4C3031028810310EC9A0220D02F002084
:10FF8000B02B002040420F0000408F4088620310D9
:10FF900008930310A82A0020301E0020EA9A0220AD
:10FFA000348103104C810310FFFC7045ED9A022050
:10FFB000F0B587B004000430FEF7A1F9616803AA28
:10FFC00023001433E0CBE0C2002805D00091039950
:10FFD000049A059BFEF77AF907B0F0BD10B504004E
:10FFE0000430FFF7E5FF616AA268FFF7FAFB10BD76
:10FFF00030B585B00500FFF7F1FF0400AD6802A938
:020000041001E9
:1000000002904D600822684614F016FA002C05D0C4
:1000100029002000FDF734FC05B030BD0020FBE7CF
:10002000F0B5A5B05548FF22002114F0FFF954485F
:10003000FF22D200002114F0F9F915AD514A524CBB
:1000400021002800FDF7D2FA2800FEF7D3FB4F4E1F
:1000500030704F4A210019A8FFF7DBFB199F20974A
:1000600021AB1AAA13CA13C315004A491000FFF79F
:10007000E5FB0BAC230007CD07C303A94F6005AB1D
:1000800021AAA1CAA1C32200A1CAA1C300222000A3
:10009000FFF768FB2000FFF7ABFF3F4B1870012014
:1000A00019F0ECFE3D4B18603D4C3E49200018F025
:1000B00079FF0121102011F009F90121122011F01E
:1000C00005F90121132011F001F9636802221340A0
:1000D00035490A60216805325140C8320A40334927
:1000E0000A60334A13600F2011F024FAD0231B0654
:1000F000802212029A622F4B012208210F2011F058
:10010000A1F9FFF729FD12F01FFB2B4A002312F083
:10011000F9FF1000190013F0EDFA0022274B13F03D
:1001200000FA02000B00264C200015F0DDFC3178AF
:10013000244815F0D9FCA02223492448244B0193DC
:100140000D230093002392001AF04FFC12F0FCFAEA
:10015000194A002312F0D6FF1000190013F0CAFA52
:100160000022164B13F0DDF902000B00200015F001
:10017000BBFC184815F088FC25B0F0BDA82A00206B
:10018000301E00204C7E0310142A0020EC9A02201E
:100190005881031060810310EB9A0220A82B0020E5
:1001A00000C00340404B4C0004F0034000D003402B
:1001B00004E00340D1F2001040420F0000408F40A5
:1001C000886203106C8103107881031039FC0010E1
:1001D000AC2B00208481031010B5FFF7A5F810BDEB
:1001E000D0B5DAE012F0B0FA744B22019B18986097
:1001F000D9602EE0714B22019B185B79002B01D056
:10020000002847D06D4B22019B181B79002B04D18D
:100210006A4B9B189B79002B51D1684B22019B188C
:100220009E68DF6812F090FA801BB941002900DA5D
:10023000A4E00134072C00DDA8E0E1B26048002210
:100240000EF0A8FF5D4B22019B189871DB79984254
:10025000C8D15A4B220199188879C871D35C012BF7
:10026000C8D0032BC6D0022BC4D0043BDBB2042B76
:1002700005D8524B22019B181B79984247D14F4B0E
:100280002201D35C002BC8D14C4B22019B189A79D8
:100290001A71C2E7494B9B189E68DF6812F054FA46
:1002A000801BB941002903DCACD1464B9842A9D947
:1002B000424B22019B1800225A711A71ADE73F4B45
:1002C0009B189E68DF6812F03FFA801BB941002935
:1002D00003DCA2D13C4B98429FD9384B220199189C
:1002E00001200871D35C022B06D1344BCA7812016D
:1002F0009B181B79002B06D1304B22019B18587894
:1003000001F0F0FA89E7887801F0ECFA85E72B4BE9
:100310009B189E68DF6812F017FA801BB94100290C
:1003200003DCACD1294B9842A9D9244B2201D35CE0
:10033000042B07D0214B22019B189A791A7100F0E7
:1003400079FF6AE712F000FA214A002312F0DAFE80
:100350001000190013F0CEF900221E4B13F0E1F843
:1003600002000B001C4815F0BFFB144B22019B1828
:100370009A791A48210015F0B7FBDBE712F0E4F98F
:100380000E4B22019B189860D96052E70C48FF2160
:100390000EF0A1FE05201AF063FE0121104C20682A
:1003A000494219F03FFF06480EF0BCFE20680023CA
:1003B0000022002119F090FC00243BE7C81C00201B
:1003C000C028002007A507006F17000037C70000EE
:1003D00040420F0000408F40886203109C81031050
:1003E000D428002010B50949094820220EF070FEDB
:1003F0000721084B06E000221A715A719A71DA71CE
:10040000013910330029F6DA10BDC04670150020FE
:10041000C0280020C81C0020014B18687047C04647
:10042000D428002010B50249802214F005F810BD30
:10043000C81C0020002301E00133DBB2072B12D8D7
:10044000094A19018A5C013AD2B2012AF4D8064A53
:10045000521852788242EFD1034A52180121117189
:1004600000215171E8E77047C81C0020002301E01B
:100470000133DBB2072B10D8084A19018A5C032A22
:10048000F6D1064A521852788242F1D1034A5218E4
:100490000121117100215171EAE77047C81C002049
:1004A00030B500230AE0114AAA5C8A420FD10F4AF4
:1004B00024011219012454710133DBB2072B13D824
:1004C0001C000A4A1D01521952788242EBD0074A99
:1004D0002501AA5C8A42EFD10229EDD1034A5219C3
:1004E00092788242E8D1E2E730BDC046C81C0020C5
:1004F00070B505000023002014E01F4C1E01A41954
:100500006478AC4216D11C4A0C0112191479002CE3
:1005100006D0194A090152185279002A00D1200048
:100520000133DBB2072B25D81900134A1C01A25C4A
:10053000012AE2D0022AF3D10F4A0C011219527893
:10054000AA420ED00C4A0C0112199278AA42E7D1A5
:10055000094A1419E478240112191279002ADFD00B
:10056000D1E7054A1419E478240112191279002AF6
:10057000C9D0E7E770BDC046C81C002010B5040014
:10058000002301E00133DBB2072B14D80B4A190119
:100590008A5C032AF6D1094A52185278A242F1D154
:1005A000064A521810790028ECD0044A52185279A1
:1005B000002AE7D100E0002010BDC046C81C002082
:1005C00010B50400002301E00133DBB2072B14D87F
:1005D0000B4A19018A5C052AF6D1094A5218527849
:1005E000A242F1D1064A521810790028ECD0044AF0
:1005F00052185279002AE7D100E0002010BDC04611
:10060000C81C002010B50400002301E00133DBB258
:10061000072B14D80B4A19018A5C062AF6D1094A1D
:1006200052185278A242F1D1064A52181079002885
:10063000ECD0044A52185279002AE7D100E0002099
:1006400010BDC046C81C002010B50400002301E006
:100650000133DBB2072B14D80B4A19018A5C072A35
:10066000F6D1094A52185278A242F1D1064A5218DC
:1006700010790028ECD0044A52185279002AE7D1A8
:1006800000E0002010BDC046C81C0020014B1878B7
:100690007047C046D39A022010B50248FF210EF0E1
:1006A0001AFD10BDC028002010B500230024002032
:1006B00001E00133DBB2072B0DD8074A19018A5C30
:1006C000082AF6D1044A52181279A2401043C0B247
:1006D0000134E4B2EDE710BDC81C0020704770B5CE
:1006E00004000800FFF7FAFF0568002D08D0280075
:1006F00023F0E8FA2560606000232372200070BDBB
:100700000020F7E7F0B58BB005000B00110005AC39
:10071000220041CB41C216001000FCF73AFF6A46A6
:100720006B4603CC03C319003000D0C8D0C1291DCB
:1007300011CA11C12A000C3213CB13C228000BB00E
:10074000F0BDF0B58BB005000B00110005AC220028
:1007500041CB41C216001000FFF74FF86A466B46C6
:1007600003CC03C319003000D0C8D0C1291D11CA61
:1007700011C12A000C3213CB13C228000BB0F0BDFC
:10078000F0B58BB005000B00110005AC220041CB89
:1007900041C216001000FCF71DFF6A466B4603CCF1
:1007A00003C319003000D0C8D0C1291D11CA11C11E
:1007B0002A000C3213CB13C228000BB0F0BD00B5D9
:1007C00085B0010001A8FFF78AFF019B002B02D032
:1007D000002005B000BD0120FBE7000082B0F0B5AD
:1007E000CE46474680B585B001AC01906160A260FD
:1007F0000D93002819D00D9B002B1CD0029B99460D
:100800000E9B984699451CD24F460024BC4223D2E9
:10081000210001A8FBF774FD050021000DA8FBF7DE
:100820006FFD85420FD10134F0E7104B104A11489B
:10083000142114F073FF104B0D4A0E48152114F0CB
:100840006DFF1F00E1E7281A05B0C0BCB946B046ED
:10085000F0BC08BC02B01847C14502D304D8002040
:10086000F2E701204042EFE70120EDE7146F0310AB
:10087000B081031090700310F470031030B58DB088
:1008800003AD03910492059306AC01002000FFF72D
:1008900026FF290009A8FCF7CCFA0AAB6A4603CB6D
:1008A00003C2099B06980799089AFFF797FF00284B
:1008B00005DB02DC01200DB030BD0420FBE7022087
:1008C000F9E710B50B00006809685A689B68FFF7E4
:1008D000D5FF10BD30B591B004000D001100FCF73C
:1008E0009AFA2379202B25D8052B11D2032B4BD034
:1008F000042B2BD0022B17D1200023F0E3F901A900
:100900000194486000230B722800FFF7DAFF0FE024
:10091000053BDBB201229A401300204A13423BD12F
:10092000DA0724D41B010CD428680021FFF747FF05
:1009300011B030BD402BF7D16B680C940D930020A3
:10094000F6E76B680E940F930020F1E72468002C03
:100950000BD0200023F0B6F904A9049448600123C9
:100960000B722800FFF7ADFFE2E70020F4E72368F1
:100970001A000832DB8807A907924B6000230B722C
:100980002800FFF79EFFD3E723681A000832DB88B0
:100990000A920B930020CBE70020C9E7A202A00235
:1009A00000B585B000900191002808D0019B02A9F4
:1009B00002924B601A00FFF78DFF05B000BD0021C9
:1009C0001000FFF7FCFEF8E700B585B0009001913C
:1009D0001268039203AAFFF7E3FF05B000BDF0B56C
:1009E00087B003004068996803AA0C33E0CBE0C2EB
:1009F000002805D000910399049A059BFDF766FC39
:100A000007B0F0BD10B5FFF7EAFF002804D0007969
:100A100043425841C0B210BD0120FCE730B585B05B
:100A20000500FFF7DCFF0400AD6802A902904D60ED
:100A30000822684613F000FD002C05D02900200094
:100A4000FCF71EFF05B030BD0020FBE770B584B099
:100A500004000E000800FFF7C2FF0500B66802A9F7
:100A600002904E600822684613F0E6FC256066603E
:100A7000200004B070BD10B584B0019102AC01003B
:100A80002000FFF7E3FF01AA02980399FFF79CFFFC
:100A9000013843425841C0B204B010BD70B584B0B3
:100AA00005000E000800FDF72AFC0400366802A9C4
:100AB00002904E600822684613F0BEFC002C02D063
:100AC0002379202B04D12C606E60280004B070BD07
:100AD0000024F8E7F0B5C64600B5D14CA544D14A8C
:100AE000D14C210012A8FCF760FD12A902A8FFF763
:100AF000D5FFCE4A210016A8FCF757FD16A904A879
:100B0000FFF7CCFFCA4A21001AA8FCF74EFD1AA92C
:100B100006A8FFF7C3FFC74A21001EA8FCF745FD42
:100B20001EA908A8FFF7BAFFC34A210022A8FCF7B4
:100B30003CFD22A90AA8FFF7B1FFC04A210026A860
:100B4000FCF733FD26A90CA8FFF7A8FFBC4A21003B
:100B50002AA8FCF72AFD2AA90EA8FFF79FFFB94A89
:100B600021002EA8FCF721FD2EA910A8FFF796FF63
:100B7000012019F083F9B44B1860B448B44918F057
:100B800039F90321042010F0A1FB0321052010F006
:100B90009DFB00220121042010F0B2FB0022012164
:100BA000052010F0ADFBAB48FF210EF094FA0024B5
:100BB00024E050AEA84A29003000FFF7A3FDA74962
:100BC0003000FFF758FF002862D0A54E270103230D
:100BD000BB5556AB9846A34A29001800FFF792FD73
:100BE0004046FFF71BFFF6197070013870709C4B80
:100BF00022019B1800225A711A710134072C00DD62
:100C0000E7E0E30002AA9B58002BF6D0E300D518DA
:100C1000914A290032A8FFF775FD934932A8FFF7E2
:100C20002AFF0028C5D08E4E27010123BB558F4ACD
:100C3000290038A8FFF785FD38A8FFF7EFFEF61961
:100C40007070013870708A4A29003EA8FFF779FD5C
:100C50003EA8FFF7D7FE0028C9D1814E0223BB551D
:100C6000834A290044A8FFF76CFD44A8FFF7D6FE8D
:100C7000F619B0700138B0707E4A29004AA8FFF713
:100C80007FFD4AA8FFF7CAFEF0700138F070AEE7AA
:100C90005CAE714A29003000FFF734FD7549300021
:100CA000FFF7E9FE002804D06D4B22010421D15446
:100CB0009DE762AE684A29003000FFF723FD6E49C8
:100CC0003000FFF7D8FE00281BD0654E2701052312
:100CD000BB5568AB9846634A29001800FFF712FD20
:100CE0004046FFF79BFEF6197070644B1B788342F9
:100CF00001D2624B18705A4B22019B180138587070
:100D000075E76EAE544A29003000FFF7FBFC5C49E2
:100D10003000FFF7B0FE00281BD0514E27010623FC
:100D2000BB5574AB98464F4A29001800FFF7EAFC00
:100D30004046FFF773FEF6197070504B1B788342E4
:100D400001D24E4B1870464B22019B180138587047
:100D50004DE77AAE404A29003000FFF7D3FC4949FD
:100D60003000FFF788FE00281BD03D4E27010723E7
:100D7000BB5580AB98463B4A29001800FFF7C2FCE0
:100D80004046FFF74BFEF61970703C4B1B788342D0
:100D900001D23A4B1870324B22019B18013858701F
:100DA00025E786AE2C4A29003000FFF7ABFC364918
:100DB0003000FFF760FE002804D0294B22010821F3
:100DC000D15414E7264B22019B18FF225A709A70C7
:100DD0000DE780222D492E4800230193063300930E
:100DE0000023520019F001FE11F0AEFC184A002356
:100DF00012F088F91000190012F07CFC0022254B3B
:100E000012F08FFB02000B00234814F06DFE234804
:100E100014F03AFE8C239B009D4480BCB846F0BD84
:100E2000D0FDFFFF18830310142A00202083031035
:100E3000288303103083031038830310408303108A
:100E40004883031050830310D4280020701500201D
:100E500040420F00C0280020DC7D03107083031087
:100E6000C81C002078830310588303105881031096
:100E7000608303106883031080830310D39A0220D9
:100E80008C83031098830310A0830310AC8303109A
:100E9000E101011000408F4088620310B483031009
:100EA00010B5FFF79FFA10BDF0B5DE4657464E4627
:100EB0004546E0B5E1B05CAB04221A7300225A73D8
:100EC00007213CAB06E000221A715A719A71DA715F
:100ED000013910330029F6DA07211CAB06E00022A5
:100EE0001A715A719A71DA71013910330029F6DAE0
:100EF0004746F1E01A013CAFBC4662441279002A31
:100F000012D019017A18517801228A401443E4B2B0
:100F10000133DBB2072B29D819001A013CAD555D0E
:100F20006A1ED2B2012AE5D9032D10D0042DEFD1CB
:100F300009013CAA52181279002AE9D00122824004
:100F400049461143CAB291460130C0B2E0E70A01F6
:100F50003CAFBC4662441279002AE7D009017A18F6
:100F6000517801228A401643F6B2D1E74746FDF791
:100F7000C7FF1390A54B1B78002B02D1A44B002276
:100F80001A70A34B1B78002B00D11BE1A14B1B78DF
:100F9000002B00D018E1A04B1F785CAB1F709F4B5B
:100FA0001B78002B00D1A2E000200DF05DFF5CACAF
:100FB000607001200DF058FFA07002200DF054FF6A
:100FC000E07003200DF050FF2071FFF76DFB6071A2
:100FD0000023A371E37123720DF060FF60819049DB
:100FE000139812F0F0FF13F0C3F812F02DFC12F07A
:100FF00069FBC0B25CAC60723B091493637898469D
:10100000A3789B46E3781593227916926579179514
:10101000A6791896E379199308256557EB17ED180B
:101020005D40EAB21A9206091B966689330B99460F
:10103000330A9A4632090F231F40BC4600271197F6
:10104000109704210F910E970F373E400D963A40AE
:101050000C9251460F400B9749460A91184009904F
:101060001B9808902B4007931A9F3B1106931998E1
:101070000590189E0496179D0395169A0292159B4B
:1010800001935B460093434662461499654814F009
:101090002BFD5C985D995E9A5F9BFEF7C1F9624AF1
:1010A00013780133DBB21370604A127893423AD856
:1010B000139F80223CA91CA813F0BEF9544B1B7847
:1010C000002B00D09CE00122594B00930023524298
:1010D000002100201AF04AFD3CA8FFF7A3F90023E5
:1010E00000200022914600260024B84612E7002086
:1010F00000F024FC5CAD6870012000F01FFCA870BB
:10110000022000F01BFCE870032000F017FC28719F
:101110006C71AE714B46EB71FEF7ECFA287200F081
:1011200031FC68815BE7404B00221A70384B1A7023
:10113000002614E060000019344A80180134610070
:1011400009198918032213F077F9E4B2062CF1D9B2
:101150002E4B00225A759A75DA750136F6B2072EB3
:101160001DD83100294B720092199B189B78002BD7
:1011700006D1264B720092199B185A78013A5A7080
:10118000224B4A005218D35C002BE6D01F4B4A007A
:1011900052189B185B78002BDFD13400D6E7139FE1
:1011A00087E70133DBB2072B10D81A013CA9891855
:1011B00008791CA98A1812799042F2D0144A0121A8
:1011C0001170EEE70023EEE70023ECE7391C139CD7
:1011D000201C12F0D8FEFA21890512F043FF0028E6
:1011E0000AD1211C381C12F0CEFEFA21890512F01A
:1011F00039FF002800D15CE7054B01221A7058E73F
:10120000FA20400019F02CFF66E7C046DC280020D9
:10121000D49A0220D79A0220D59A0220D89A022086
:1012200000002041C8830310D69A0220D99A0220D8
:101230008813000000B583B0074B01221A70074BDA
:1012400000221A70064B18680092022300211AF03F
:1012500003FD03B000BDC046D49A0220D69A0220F6
:10126000D8280020014B18707047C046D79A02203A
:1012700070B58AB001AB18800D00002019F054FC45
:1012800004005D4B1B68002B69D00023072B12D88C
:1012900019005A4A5800C018825CAA4204D0002A99
:1012A00002D00133DBB2F1E7544B4A005218D55457
:1012B0009B1803225A7001AB58780C284FD8830032
:1012C0004F4AD3589F46420012189B1801229A7029
:1012D0000AE00130C0B2072813D80100474B420092
:1012E0001218D65CAE42EED0444B4A0052189B18FE
:1012F0009B78002BEDD1002EEBD01C00E9E70124F8
:10130000E9E7002C04D03F4B00221A703E4B1A70C4
:1013100011F01AFA3D4A002311F0F4FE10001900F2
:1013200012F0E8F900223A4B12F0FBF802000B0031
:10133000384814F0D9FB38482200290014F0D4FBB7
:101340000DE0FFF777FF0AE000F0AEFB07E003389F
:10135000C4B22000FFF76EF8200000F0C3FA0AB014
:1013600070BD0738C4B22000FFF780F8200000F0FD
:10137000B9FAF4E711F0E8F9244A002311F0C2FEAB
:101380001000190012F0B6F90022214B12F0C9F832
:1013900002000B001F4814F0A7FB204814F074FB58
:1013A0000E21002019F0D0FB19F0D8FC00250AE02E
:1013B000280010F01DFA03AB58550021280010F04A
:1013C00031FA0135EDB2192DF2D9FAF731FF0025C6
:1013D00006E003AB595D280010F024FA0135EDB2A8
:1013E000192DF6D92100002019F0AEFB19F088FD67
:1013F000B5E7FBF721FAB2E7D8280020DC28002067
:1014000070C80310D49A0220D69A022040420F00DE
:1014100000408F4088620310F88303101C8403107F
:10142000F0B5DE4657464E464546E0B5A1B01CAC89
:101430001C901D911E921F93314B1B78002B06D0E0
:1014400021B0F0BCBB46B246A946A046F0BD22780A
:10145000110963789C46A3781493E0781590257958
:10146000169566791796A7791897E3791993082343
:10147000E356D8171D18454013956B464C201B1892
:1014800018781A90657A2E091B966089070BB84662
:10149000070AB9460309267B3709BA46677B3C0928
:1014A000A3460F242240274011975F4610972640FD
:1014B0000F9657460E970F2630400D9033400C93F1
:1014C0004F463E400B9647460A97254009951B9E7E
:1014D0000896139D2C4007941A9C23110693199C7F
:1014E0000594189F0497179E0396169D02951598CC
:1014F0000190149B00936346024814F0F5FA9FE7AD
:10150000D79A0220C883031070B58CB003AD264A69
:10151000264C21002800FCF769F82800FDF76AF93D
:10152000234D287007AE234A21003000FCF75EF8F7
:101530000A230B930BA93000FEF7FAFA1E4B187022
:101540001E4B00221A701E4B297819700321597006
:101550009A701C4B1B78022B22D080221A491B4800
:101560001B4B0193052300930023920019F03DFAD1
:1015700011F0EAF8174A002311F0C4FD1000190019
:1015800012F0B8F80022144B11F0CBFF02000B0050
:10159000124814F0A9FA124814F076FA0CB070BD93
:1015A000104B01321A70D8E74C7E0310142A002029
:1015B000D59A02202C840310D99A0220D69A0220B0
:1015C000DC280020E09A022034840310A90E0110C8
:1015D000D828002040420F0000408F40886203104E
:1015E00040840310D89A022010B5002904D008685E
:1015F00003685B69024998470020002110BDC0467E
:1016000000007F4310B503490348044B01220DF04D
:1016100021FE10BD70150020882A00200080654240
:1016200010B50C1E08D0086803689B68984702280C
:1016300005D120230022E2540020002110BD11F02A
:1016400083F80E4A002311F05DFD1000190012F01E
:1016500051F800220A4B11F064FF02000B00094808
:1016600014F042FA084814F00FFA206803685B6827
:1016700000219847FFF7DEFDDBE7C04640420F0040
:1016800000408F408862031058840310F0B5D6469E
:101690004F464646C0B584B080468A4617001E00B5
:1016A0000CAB1B78994611F04FF804000D00FA229C
:1016B000920000235046002112F048FC02000B006B
:1016C00012196B41002B0CDB4946029101960097E1
:1016D000404610F049FE04B0E0BCBA46B146A84608
:1016E000F0BD01225242014BEEE7C046FFFFFF7FF3
:1016F000F0B583B004000D0016001F0010F0CCFD03
:10170000009733002A002100FFF7C0FF03B0F0BDAF
:10171000F8B507000D00032912D80024002608E0C0
:1017200021003800FAF7ECFD4342584106430134EA
:10173000E4B2EBB2A342F3D801235E40F0B2F8BDAD
:101740000020FCE7F0B585B001AC01906160A260BB
:101750001E000A9F8F4201D300240CE0084B094A67
:101760000948422113F0DAFF3519210001A8FAF7E0
:10177000C7FD28700134BC42F6D305B0F0BDC046A9
:1017800068840310788403109070031010B50379F7
:10179000002B05D1002909D004230371016010BD7D
:1017A000064B074A0748084913F0B8FF074B044A9D
:1017B00083310448890013F0B1FFC046A05B0310D9
:1017C00004850310005C03100B020000F49C03105E
:1017D000F8B504000E001100002508E02C4BE200D3
:1017E000121BD2009B185B190122DA720135284BBB
:1017F000E000001BC0001B181F79AF4209DD244B1D
:10180000E200121BD2009B185B195B79B342EDD149
:10181000E4E70020002500E00130874211DD1C4B89
:10182000E200121BD2009B181B18DB7A002BF3D1AD
:10183000174BC200121AD2009B1800229A7401257D
:10184000EAE7002D22D14B1EDBB2012B04D9200088
:10185000FEF726FE002111E001212000FEF720FE08
:1018600002212000FEF71CFEF4E7094BE200121BE8
:10187000D2009B185B180022DA720131044BE2009F
:10188000121BD2009B181B798B42EEDCF8BDC046C0
:10189000501D002010B5002400E00134032C0BDCA7
:1018A0000C4AE3001B1BD90088580028F5D00368B8
:1018B0001B6804219847F0E7074B1978FF2903D1EB
:1018C000064B00221A7010BD054800220DF006FDDF
:1018D000F6E7C046501D0020E49A0220E69A022056
:1018E000882A002000B583B0124AC3001B1ADB000F
:1018F0009B58002B1BD0002108E00E4BC200121A8F
:10190000D2009B185B180022DA7201310529F4DD40
:10191000084BC200121AD2009B1800229A74064B80
:101920008000C0580092022300211AF095F903B0FC
:1019300000BDC046501D0020582A002010B5104A96
:10194000C300181AC000805800280FD003689B6895
:10195000984702280CD005D800280BD001280BD1BD
:10196000403004E0032809D1493000E04F2010BD89
:101970005220FCE74720FAE74F20F8E74F20F6E730
:10198000501D002070B5FEF747FD0121494218F0B7
:1019900049FC22480DF02AFDFEF73EFD00230022FF
:1019A000002118F099F91E4B1B78002B06D1002559
:1019B0001C4B1B78002B1AD1280070BD17480DF066
:1019C000A1FD002810D10025F2E70134E4B20F2C6C
:1019D000EED8124821000DF0D7FC0128F5D10123E3
:1019E000A3401D43ADB2F0E700240025EFE70B480C
:1019F0000DF09AFD0028DFD0002401E00134E4B2AC
:101A00000F2CD9D8054821000DF0BEFC0228F5D1D5
:101A10000123A3401D43ADB2F0E7C046882A002051
:101A2000E29A0220E39A022070B5FEF7F5FC01214C
:101A3000494218F0F7FB0D480DF0D8FCFEF7ECFC1E
:101A400000230022002118F047F90024002508E0B7
:101A5000064821000DF098FC6300984005430134CE
:101A6000E4B20F2CF4D9280070BDC046882A0020AB
:101A700000487047682A002010B502480DF087FC26
:101A800010BDC046882A002010B5054AC300181AA8
:101A9000C000805803681B690249984710BDC046C2
:101AA000501D002000007F4310B51F4B1B78002BFA
:101AB00003D01E4B1B78002B30D01D480DF080FD4D
:101AC000002400E00134032C19DC1A4AE3001B1B3C
:101AD000DB009B58002BF5D0E0B2FFF7D5FF124B8F
:101AE0001B78002BEED1134AE3001B1BDB00985838
:101AF00003681B6800219847FFF79CFBE2E70E4B49
:101B00001978FF290BD1084B01221A70074B0022CC
:101B10001A7010F019FE094B1860596010BD044886
:101B2000FF220DF0DBFBEEE7E69A0220E79A0220A7
:101B3000882A0020501D0020E49A0220481D002021
:101B4000F0B5D6464F464646C0B582B001900D006E
:101B5000FDF7DCFD814600240023009300272CE0E4
:101B6000B74AE3001B1BDB009B58002B02D05346F7
:101B7000009301270136B24BE200121BD2009B18E2
:101B80001B79B34218DD002F16D1AD4BE200121BBA
:101B9000D2009B189B195B79AB42EBD1E3B29A461A
:101BA0001800FEF7A5FC0028DAD101ABDB78412B49
:101BB000E0D0612BD4D1DDE70134032C03DC002F0E
:101BC00001D10026D7E701AB1B784B4515D04B451B
:101BD0000DD0A9450BD001ABDB78412B05D0612B93
:101BE00003D0522B01D0722B01D1FFF75DFF02B061
:101BF000E0BCBA46B146A846F0BD01AA9478002CD4
:101C0000E5D1002FE3D0A945E1D010F09DFD8D4A2C
:101C1000002311F077FA1000190011F06BFD00227B
:101C2000894B11F07EFC02000B00884813F05CFF2A
:101C300000990E0001ABDF7885482B003A0013F0C5
:101C400053FFFFF731FF672F0AD8412F0BD33B001B
:101C5000413BDAB2262A06D893007E4AD3589F46E3
:101C6000722F00D1C7E0002435E101AB5B78002B77
:101C70002AD00098FEF782FC040003222900009875
:101C8000FFF7A6FD6E4AF3009B1BDB009858036824
:101C90009B68984701281DD0694AF3009B1BDB0015
:101CA000985803681B6800219847FFF7C3FA644BF4
:101CB000F200921BD2009B1800229A7410F044FD8F
:101CC000654B18605960CEE7012247212800FDF7D7
:101CD0003BFBCEE7002CDFD1594B382272439B18D7
:101CE00020331B78002BE2D15C4B1B78FA2080005C
:101CF0005843534BD4185A4901232200FFF7F8FCEC
:101D0000203401232370D2E701AB5B78002B6CD029
:101D10004B4AF3009B1BDB00985803689B6898476D
:101D2000002811D0464B38227243D05803689B6874
:101D30009847012808D0424B38227243D058036894
:101D40009B68984704288ED13D4AF400A31BDB0012
:101D50009146985803681B6801219847FFF76AFA73
:101D6000012229000098FFF733FDA41BE4004C4436
:101D70000023A37410F0E8FC374B1860596010F092
:101D8000E3FCA061E16130342378022B00D06AE7E4
:101D90002B4C363398461D007543651931352B7829
:101DA000013B42465343185903681B680221984778
:101DB0002B78013B994610F0C7FC4B4642465343F3
:101DC000E3189861D9612B78013B994610F0BCFC6F
:101DD0004B4642465343E3189862D9622B78013B45
:101DE0005343E4180023A3743DE701225221280045
:101DF000FDF7AAFA8CE7A94512D3114AF3009B1B01
:101E0000DB00985803689B68984701280DD0002C88
:101E100028D00023012252212800FDF795FA22E75D
:101E20000098FEF765FB0400E7E7054BF200921B04
:101E3000D2009B1820331B78002BEAD0E7E7C0467E
:101E4000501D002040420F0000408F408862031068
:101E500054850310A4C80310481D002084110020DD
:101E60002116011001AB5B78002B2AD0754AF400D3
:101E7000A31BDB001500985803681B6802219847D4
:101E8000FFF7D8F903210098FEF70AFB012100981B
:101E9000FEF706FB02210098FEF702FBA31BDB0006
:101EA000EC180023A37410F04FFC674B18605960C6
:101EB00010F04AFCA061E16110F046FCA062E16212
:101EC000D1E6012241212800FDF73EFACEE7722F2C
:101ED0007FD00134E4B2032C00D988E62500594AAA
:101EE000E3001B1BDB0098580028F2D01300E2002F
:101EF000121BD2009B1830331B78022BE9D1514BB7
:101F0000E200121BD2009B1831331B78013B9E422A
:101F1000DFD1672FDBD8412FDBD33B00413BDAB267
:101F2000262AD6D89300494AD3589F4603689B680F
:101F30009847012812D0434B38226A43D05803688F
:101F40001B680021984703212000FEF7A9FA3D4BAA
:101F500038226A439B1800229A74BAE72000FEF7E1
:101F60000DFB0028E7D1374B382262439B18203302
:101F70001B78002BE7D1364B1B78FA2080005843A2
:101F80001300304A98469044324901234246FFF7F5
:101F9000AFFB4346203301221A70D4E703681B6865
:101FA0000221984701212000FEF77AFA0321200040
:101FB000FEF776FA234A38235D4355190023AB74A4
:101FC00010F0C2FBA861E96110F0BEFBA862E962F3
:101FD0007FE703689B689847012829D0194AEB00DE
:101FE00099465B1BDB009046985803681B680221EA
:101FF000984703212000FEF753FA01212000FEF745
:102000004FFA02212000FEF74BFA4B465B1BDB0028
:1020100043449A4600235246937410F095FB53466E
:102020009861D96110F090FB53469862D96250E7ED
:10203000044B38226A439B1820331B78002B00D1B5
:1020400047E7CBE7501D0020481D002040C9031082
:10205000841100202116011010B50A4B1B78002BAB
:102060000ED110BD0134032CFBDC074AE3001B1B1F
:10207000D9008B58002BF5D0E0B2FFF705FDF1E752
:102080000024F0E7E69A0220501D002010B5074B0F
:10209000C200111AC900CC585B18587C11F0E7FF38
:1020A000011C23681B692000984710BD501D0020AB
:1020B000F8B510F049FB7E4B18605960C4E09942B6
:1020C00000D0DBE0904200D9CFE0D7E0002400E070
:1020D0000134032C0ADC774AE3001B1BDB009B580E
:1020E000002BF5D0E0B2FFF7D1FFF1E7724B0122F0
:1020F0001A70DBE003681B68042198470134032C45
:1021000009DC6C4AE3001B1BDB0098580028F1D166
:10211000F4E70024F3E769480DF018FA684B002251
:102120001A70FFF787F8C1E0624AE3001B1BDB006F
:10213000985803681B6800219847FFF77BF810F058
:1021400003FB5B4B186059600134032C36DC594AA1
:10215000E3001B1BDB0098580028F5D003689B6840
:102160009847022813D0534AE3001B1BDB00985802
:1021700003689B689847012809D04E4AE3001B1B5F
:10218000DB00985803689B6898470328DCD1494DC9
:10219000E3001B1BDB00ED18AE69EF6910F0D4FA09
:1021A000801BB941474A002310F094FFEA7C0023CA
:1021B0009942B9DCC3D19042C1D9B5E73C4B1C6808
:1021C0005D6810F0C1FA001BA941002901DB002461
:1021D00010E010F0B9FA364B18605960F7E710F0CC
:1021E000B3FA344BE200121BD2009B189861D961FC
:1021F0000FE00134032C23DC2E4BE200121BD20033
:102200009B189E69DF6910F09FFA801BB941002975
:10221000E5DB284BE200121BD2009B189E6ADF6AA6
:1022200010F092FA801BB9410029E2DA10F08CFA22
:10223000204BE200121BD2009B189862D962D8E7AB
:10224000FA20800018F00CFF194B1C685D6810F034
:102250007BFA001BA9411B4A002310F03BFF1A4BDD
:102260001A780023994200DC29E7154B1B78002BD4
:1022700004D0114B1B78002B00D127E70C4B1C68B6
:102280005D6810F061FA001BA9410E4A002310F0AE
:1022900021FF0E4B1A780023994202DC06D19042AE
:1022A00004D9074B1B78002B00D032E700244CE701
:1022B000481D0020501D0020E79A0220882A002097
:1022C000E69A022000879303E59A0220E99A022009
:1022D00010B5054AC300181AC000805803681B696E
:1022E0000021984710BDC046501D0020F0B5DE46C5
:1022F00057464E464546E0B583B08146C5B20123F8
:1023000098467EE0D24BE000001BC0001B189B18D3
:102310000122DA720022002000E00132964217DD2D
:10232000CB4BE7003F1BFF00DB199B18DB7A002B30
:10233000F3D1C74BE7003F1BFF00DB199B185B790C
:10234000002BEAD0C24BDB19002098740800E4E7A8
:10235000002800D17EE02800FEF7CAF88246002857
:1023600000D0C5E02800FEF709F9002828D0B84AB7
:10237000E3001B1BDB0093469B445B469E6ADF6ABF
:1023800010F0E2F9801BB941B24A002310F0A2FE1E
:102390005B4621331A780023994200DD35E100D1F4
:1023A00030E14346002B00D02FE1A94AE3001B1B7C
:1023B000DB00985803689B689847022800D024E106
:1023C0002800FEF7DBF8002800D0B6E1A04AE300C1
:1023D0001B1BDB00985803689B689847022801D0B4
:1023E000002398462800FEF783F8002805D128002E
:1023F000FEF7C4F8002800D1AEE1974B187818F02A
:102400002FFEFF244B461C40914BE200121BD200D2
:102410009B189B7C0A2B9ED98D4BE200121BD2008D
:102420009B18D97A00293CD00022894BE000001B80
:10243000C0001B181E79964200DC6BE7844BE0005D
:10244000001BC0001B189B18DB7A002B00D159E73A
:102450000132EAE77E4BE200121BD2009B180022F9
:102460009A7401212800FEF71BF802212800FEF7CC
:1024700017F803212800FEF713F8002108E0744B39
:10248000E200121BD2009B185B180022DA720131A5
:102490006F4BE200121BD2009B181B798B42EEDCC3
:1024A00059E76B4BE200121BD2009B1800229A7472
:1024B00001212800FDF7F4FF02212800FDF7F0FFBD
:1024C00003212800FDF7ECFF002108E0604BE2004B
:1024D000121BD2009B185B180022DA7201315C4B90
:1024E000E200121BD2009B181B798B42EEDC32E714
:1024F000FFF7DAFA0120FEF7B5FE584B1B78002BE8
:1025000003D0574B1B78002B01D0FFF7CDFA0022E8
:1025100000239A4600E001324D4BE100091BC9003F
:102520005B181B79934212DD494BE100091BC9007E
:102530005B189B18DB7A002BEDD1454BE100091BA2
:10254000C9005B18DB7A002BE5D09A46E3E7404AE6
:10255000885803689B68984700284FD05346002B43
:102560004ED101212800FDF79BFF02212800FDF735
:1025700097FFF7E60137364BE100091BC9005B18EE
:102580001B79BB4235DD324BE100091BC9005B18EA
:10259000DB19DB7A002BEDD12D4E7618F7197879FF
:1025A000002300225221FCF7CFFE2800FFF790FE07
:1025B0002C49012332001420FFF79AF8B37C013331
:1025C000B37410F0C1F8234A002310F09BFD1000F3
:1025D000190011F08FF80022234B10F0A2FF020027
:1025E0000B00224813F080FA7A792148210013F079
:1025F0007BFA03212800FDF753FFB3E60027BAE773
:102600000027B8E7904200D8CBE6FFF74DFA01204B
:10261000FEF728FE002200E001320D4BE100091B0D
:10262000C9005B181B79934224DD094BE100091BAB
:10263000C9005B189B18DB7A002BEDD1044BE1003D
:10264000091BC9005B18DB7A002BE5D09A46E3E74B
:10265000501D002040420F00E89A0220E69A022016
:10266000E79A0220E915011000408F4088620310AC
:1026700074850310474A885803689B689847002868
:1026800009D0444AE3001B1BDB00985803689B6891
:102690009847042807D15346002B04D10321280072
:1026A000FDF7FEFE92E600273A4BE200121BD20035
:1026B0009B181B79BB4237DD364BE200121BD20060
:1026C0009B18DB19DB7A002B01D00137ECE7314E88
:1026D000B618F7197879002300224721FCF734FE59
:1026E0002800FFF7F5FD2C49012332001420FEF7E6
:1026F000FFFFB37C0133B37410F026F8274A0023A0
:1027000010F000FD1000190010F0F4FF0022244B1F
:1027100010F007FF02000B00224813F0E5F97A7968
:102720002148210013F0E0F901212800FDF7B8FE4F
:1027300002212800FDF7B4FE48E6164BE200121B0A
:10274000D2009B1821331B78002B00D13EE60321D9
:102750002800FDF7A5FE39E6FEF784FD01212800DB
:10276000FDF79EFE02212800FDF79AFE03212800B6
:10277000FDF796FE074BE200121BD2009B180022C9
:102780009A74013A009200230021002019F0EEF91A
:1027900037E6C046501D0020E915011040420F00E9
:1027A00000408F40886203109085031010B5044AE2
:1027B000C300181AC000805803681B68984710BDF2
:1027C000501D002070B586B001AB0C1D60CC60C3FD
:1027D0000C3170C970C30300083301A930C930C37C
:1027E00070C970C3C26106B070BD70B50300083314
:1027F0000A00083230CA30C370CA70C31C3134C9F1
:1028000034C370BDF0B587B004000E00110003ADF5
:102810002800FDF713F86B466A4683CD83C2220079
:1028200040C223CB23C2200007B0F0BDF0B58BB06F
:1028300005000B00110005AC220041CB41C216007F
:102840001000FCF7FBFF6A466B4603CC03C319007C
:102850003000D0C8D0C1291D11CA11C12A000C32C4
:1028600013CB13C228000BB0F0BD704710B50400A5
:102870000800FFF7FAFF206003236360023B237226
:10288000200010BDF0B58BB005000B00110005ACA9
:10289000220041CB41C216001000FFF7E7FF6A4655
:1028A0006B4603CC03C319003000D0C8D0C1291D2A
:1028B00011CA11C12A000C3213CB13C228000BB06D
:1028C000F0BDF0B58BB005000B00110005AC220087
:1028D00041CB41C216001000FCF761FB6A466B4613
:1028E00003CC03C319003000D0C8D0C1291D11CAC0
:1028F00011C12A000C3213CB13C228000BB0F0BD5B
:10290000F0B58BB005000B00110005AC220041CBE7
:1029100041C216001000FCF721FB6A466B4603CC4F
:1029200003C319003000D0C8D0C1291D11CA11C17C
:102930002A000C3213CB13C228000BB0F0BD704735
:1029400010B504000800FFF7FAFF20600823636059
:10295000073B2372200010BDF0B587B004000E00C5
:10296000110003AD2800FFF7EBFF6B466A4683CDED
:1029700083C2220040C223CB23C2200007B0F0BD97
:1029800070B586B0050003AC03916260A3600029B6
:102990000AD003A9FAF7F2FB041E0BD08388013397
:1029A0008380200006B070BD0E4B0F4A0F482E21C9
:1029B00012F0B4FE049E0A993000F9F75DFC041E83
:1029C000EFD003000833009603980499059AFEF7A8
:1029D000B9FEA6190023337221002800F9F7BCFCC8
:1029E000DFE7C046AC850310C4850310005A03100E
:1029F00010B586B00400039104920593081E09D017
:102A00002000083022680092049A059BFFF7B8FF67
:102A1000002801D006B010BD01232371FAE70000A1
:102A200030B585B005000191029203930379002B24
:102A300019D10199002926D001AB1C7A002C18D19C
:102A400001A84168FEF764FE041E17D10199029A9D
:102A5000039B0898FFF7CCFF011E0CD02800F9F764
:102A600007FD012407E0094B094A0A48182112F022
:102A700055FEFEF78BFE200005B030BD01A92800F1
:102A8000F9F796FFF7E70024F5E7C046A05B0310CF
:102A9000948603107876031010B586B0041E039157
:102AA000049205930AD00899FAF772F9089A0092ED
:102AB0000399049A059B2000FFF7B2FF06B010BDF2
:102AC000F8B5066847680C684D6822002B00300096
:102AD000390010F08FFD00280BD122002B003000B0
:102AE000390010F09DFD002801D10120F8BD022021
:102AF000FCE70420FAE710B50468426808684B68F0
:102B0000934207DC04D09A4208DC05D0012010BDB6
:102B1000A042F8D90420FAE78442F7D90220F6E768
:102B200010B50468426808684B68934207D804D01F
:102B30009A4208D805D0012010BDA042F8D904203F
:102B4000FAE78442F7D90220F6E770B584B00400B2
:102B50000E000800FBF7D3FB0500366802A90290BF
:102B60004E600822684611F067FC25606660200010
:102B700004B070BD10B5FBF7C2FB002804D000798B
:102B800043425841C0B210BD0120FCE710B582B0ED
:102B90000400FDF724FFA16800900191F9F71CFDE6
:102BA00002B010BD70B584B005000E000800FDF73E
:102BB00016FF0400B66802A902904E60082268461B
:102BC00011F03AFC002C02D02379202B04D12C6088
:102BD0006E60280004B070BD0024F8E770B588B0BE
:102BE000029103920D00160005AC01002000FFF7D2
:102BF000A7FE00960599069A079B2800FFF74CFF51
:102C000008B070BD10B504000430FDF7E8FEE169BE
:102C1000E268FCF7E6FD10BD30B585B00500FFF7B2
:102C2000F1FF0400ED6802A902904D600822684699
:102C300011F002FC002C05D029002000FAF720FE3C
:102C400005B030BD0020FBE710B584B00C00006873
:102C500011F08EFA00900191206810F0F7FC0290BC
:102C6000039102A96846FFF72BFF04B010BD00B521
:102C700085B00268436800920193086810F0E6FC92
:102C80000290039102A96846FFF71AFF05B000BD44
:102C900000B583B00B680093DB1701936946FFF71B
:102CA0002AFF03B000BD00B583B00B680093DB17AB
:102CB00001936946FFF734FF03B000BDF0B587B05C
:102CC00004000430FDF78BFEE16803AA23001C33E7
:102CD000E0CBE0C2002805D000910399049A059B3F
:102CE000FBF7F4FA07B0F0BD30B585B00500FFF78B
:102CF000E5FF0400ED6802A902904D6008226846D5
:102D000011F09AFB002C05D029002000FAF7B8FD3D
:102D100005B030BD0020FBE710B504000430FFF71C
:102D2000CDFFE16A2269FCF75CFD10BD30B585B0CE
:102D30000500FFF7F1FF04002D6902A902904D6024
:102D40000822684611F078FB002C05D029002000ED
:102D5000FAF796FD05B030BD0020FBE730B585B031
:102D60000500FFF7ABFF0400ED6802A902904D607B
:102D70000822684611F060FB002C05D029002000D5
:102D8000FCF77AFE05B030BD0020FBE730B583B01C
:102D900004000D00FFF792FFE16800900191FCF73D
:102DA000B7FD002802D1286803B030BD2000FFF72E
:102DB000D5FFF9E730B585B00500FDF710FE04003A
:102DC000AD6802A902904D600822684611F034FBFC
:102DD000002C05D029002000FCF74EFE05B030BDC8
:102DE0000020FBE730B583B004000D00FDF7F7FDD0
:102DF000A16800900191FCF78BFD002802D12868A2
:102E000003B030BD2000FFF7D5FFF9E702680B687B
:102E10009A4204DB01DC012070470220FCE7042019
:102E2000FAE700B583B00378019301A8FFF7EEFF3E
:102E300003B000BD30B597B004000D001100F9F7E4
:102E4000EAFF2379402B6BD89B00374AD3589F4623
:102E5000296800222000FFF7F7FE62E029680022BF
:102E6000FFF705FF5DE06B6812941393002058E0B4
:102E70006B6814941593002053E0200020F022FF8B
:102E800001AB0194029000221A72002049E02468EC
:102E9000002C09D0200020F015FF04AB049405900D
:102EA00001221A7200203CE00020F6E72368190096
:102EB0000831DA8807AB0791089200221A720020C5
:102EC0002FE023681A000832DB880A920B93002057
:102ED00027E023680C93DB170D93296800220CA8C8
:102EE000FFF7D6FE1DE023680E9300230F93296899
:102EF00000220EA8FFF7D7FE13E029680022FFF793
:102F0000C7FE0EE029680022FFF7CDFE09E0237816
:102F100047206844037029680022FFF782FF00E021
:102F2000002017B030BDC046DCC9031000B585B025
:102F3000009001911300002807D00A0002A9029313
:102F40004A60FFF777FF05B000BD0020FBE700B542
:102F500085B0009001911268039203AAFFF7E6FF83
:102F600005B000BD30B583B00C0001006846FFF726
:102F7000ECFD220000980199FFF7E9FF0138434278
:102F80005841C0B203B030BD70B58AB0060003919D
:102F9000049205930E9D290008A8FAF737F8089CBB
:102FA000002C1AD0290006A8FAF730F8069C002C4D
:102FB00013D008A8F9F77CFC00950399049A059BA7
:102FC000FFF72EFD00280BD00195079B0093069B71
:102FD0000899099A3000F9F773FE20000AB070BD15
:102FE0000024FAE730B587B0050003AC03910492E2
:102FF00005930A9B0093059BFAF761FB002801D01B
:1030000007B030BD0A9A009203996268A36828004D
:10301000FFF7BAFFF4E710B586B0040003910492FD
:103020000593081E0CD02379002B0BD0202B0ED13A
:103030002000089A00920399049A059BFFF7D2FF9B
:1030400006B010BD2000F9F74FFA0028F1D100209A
:10305000F6E700B583B003004068002806D09A6800
:103060000092D9681A695B69FFF7D5FF03B000BD0C
:1030700070B584B004000D00FFF7EBFFA36802A950
:1030800002904B600822684611F0D6F90099019A27
:103090002800FFF7A3FDA368002B05D01B79002BA8
:1030A00004D1012004B070BD0020FBE70020F9E747
:1030B000F0B5DE4657464E464546E0B59A4CA54427
:1030C000002204920023059306930B930C930D9317
:1030D000964B1A80964A974C210066A8FCF799FBFC
:1030E00066A95EA8FDF7DAFC934A21006AA8FCF7FE
:1030F00090FB6AA960A8FDF7D1FC904A21006EA858
:10310000FCF787FB6EA962A8FDF7C8FC8C4A21007A
:1031100072A8FCF77EFB72A964A8FDF7BFFC894981
:10312000894B012252A80CF095F8884952AB0A004D
:1031300031CB31C213CB13C203CB03C2002412E044
:10314000E6B2824D0022310028000CF091F80022F6
:10315000310028000CF0C2F87D4B62009818002165
:103160004170D15401340F2CEADD7A4A714C2100B0
:1031700076A8FAF73BFA0A237A937AA976A8FCF79D
:10318000D7FC754B1870754A21007BA8FCF76FFBC4
:1031900096237F937FA97BA8FCF7CAFC704B18701D
:1031A000704A210080A8FAF721FA0F23849384A99A
:1031B00080A8FCF7BDFC6C4B18706C4A210085A8F8
:1031C000FCF755FB1E23899389A985A8FCF7B0FC61
:1031D000674B1870674A21008AA8FFF713FB022388
:1031E0008E938EA98AA8FFF7BDFE002808D0624BF7
:1031F00001221A70614B1A700027FF2308933BE0ED
:103200005C4A4C498FA8FFF7FDFA0123939393A9D9
:103210008FA8FFF7A7FE002806D0574B01221A708F
:10322000564B00221A70E7E7534B00221A70534B9B
:103230001A70E1E7524BFA00D21BD2009B183033D0
:1032400001221A704F4A2100A0A8FDF75BFAA0A83E
:10325000FDF7D8FB002852D1FB005EAA9B58002B3B
:1032600009D0474BFA00D21BD2009B1830331B7891
:10327000002B00D08EE00137032F01DD01F075FA3D
:10328000FB005EACE4183F4A210094A8FDF73AFA2F
:1032900094A8FFF77BFC3C49082220F047FC00285B
:1032A000C8D0384A21009AA8FDF72CFA9AA8FDF751
:1032B000A9FB002804D0FB005EAA9B58002BB9D1C3
:1032C000304A2100ACA8FDF71DFAACA8FFF75EFC60
:1032D0002E49052220F02AFC00281BD02849FA009C
:1032E000D31BDB00CB18303300201870D21BD20068
:1032F000505000230893069305930493ACE7214AAA
:103300002100A6A8FDF7FEF921490022A6A8FFF793
:10331000AFFEA1E71A4BFA00D21BD2009B18303344
:1033200002221A7098E7C046D4F4FFFFCE9A02201A
:1033300058810310142A002060830310548703105F
:103340005C8703107015002000806542882A0020E9
:10335000682A00202C840310E19A022010810310B7
:10336000E89A022064870310E59A02206C87031014
:10337000E99A022078870310E29A0220E39A022059
:10338000501D0020DC7D03108487031090870310FC
:1033900098870310FE4A2100B4A8FDF7B3F9B4A939
:1033A000B2A8FFF7FFFBB29B002B01D100F014FD88
:1033B000F84B99461A002100BAA8FFF763FAF64BBA
:1033C0000EAA94466344BBAA03CA03C3F34B6344E7
:1033D000BDAA23CA23C3F24D6544F2498A46280098
:1033E000FFF744FA46AB07CD07C352AD54ABEA4AE8
:1033F0000EA98C46624403CA03C3E84A624443CA26
:1034000043C346AA43CA43C3A8462800FFF76CFC3F
:103410000138C3B207934B4609931A002100C0A894
:10342000FFF730FAE04B0EAA94466344C1AA03CAE0
:1034300003C391231B016344C3AA43CA43C3DB48AC
:1034400060448146DA48834601004846FAF7C2F8EC
:103450000C22494646A810F0EFFF54ABD24A0EA901
:103460008C46624403CA03C391221201624443CAD8
:1034700043C346A90A0043CA43C32800FFF734FCEC
:103480000F900490CB490A910A002100C6A8FDF7CD
:1034900058F9C94B0EAA94466344C7AA03CA03C38A
:1034A000C64B6344C9AA43CA43C3C549614489465C
:1034B00051464846FFF7DAF946A90B004A4643CA87
:1034C00043C354ABBC490EAA944661440A0003CAE4
:1034D00003C3BA4961440A0043CA43C346A90A0068
:1034E00043CA43C32800FFF7FFFB0138C1B20E9166
:1034F0000A9A2100CCA8FDF724F98C231B010EAAFF
:1035000094466344CDAA03CA03C3AE4B6344CFAA17
:1035100043CA43C38B231B01634499465946180091
:10352000FAF758F80C22494646A810F085FF54AB2C
:103530008C2109010EAA944661440A0003CA03C300
:10354000A04961440A0043CA43C346A90A0043CACA
:1035500043C32800FFF7C8FB109005908C490691E3
:103560000A002100D2A8FDF7CDF897490EAB9C4682
:1035700061440B00D3AA03CA03C3944961440B00FE
:1035800043CA43C392496144894651464846FFF7BE
:103590006DF946A90B004A4643CA43C354AB8A4956
:1035A0000EAA944661440A0003CA03C387496144D2
:1035B0000A0043CA43C346A90A0043CA43C32800BA
:1035C000FFF792FB0138C0B28146069A2100D8A8C5
:1035D000FDF798F87F490EAB9C4661440B00D9AAD1
:1035E00003CA03C38821090161440B0043CA43C3D2
:1035F000794961448A4659465046F9F7EBFF0C2257
:10360000514646AE300010F017FF54AB71490EAA78
:10361000944661440A0003CA03C388210901614436
:103620000A0043CA43C346A90A0043CA43C3280049
:10363000FFF75AFB11900690684B079948001A183B
:10364000032151700E9949008B465A18012151707F
:103650004A46520099188C4604218A4661465646CD
:103660004E707E1CF6B2C6545946CE54D654202015
:1036700010F0E8FE8246FCF7CFFE020058494E46A5
:1036800001960E9B0093079B50460DF087FD554A0F
:10369000FB00DB1BDB0056469E50119810F0E7FC48
:1036A0008246109810F0E3FC81460F9810F0DFFC82
:1036B000011C53464A46079630000DF08BFD099ACF
:1036C0002100DEA8FFF7DEF8474B0EAA94466344BC
:1036D000DFAA03CA03C3454B6344E1AA43CA43C3F9
:1036E000434B63449A46434EB14631001800FFF7FE
:1036F000BDF82E00534607CB07C614AB3A480EAAB6
:1037000094466044020003CA03C338486044020080
:1037100043CA43C32E0007CE07C312AE31002800B0
:10372000FFF763F829003BA8FFF75FF83AAEB3460E
:10373000002345933000FFF7F9FA0E90099A210013
:10374000E4A8FFF79FF883231B010EAA9446634465
:10375000E5AA03CA03C3284B6344E7AA43CA43C389
:1037600082231B0163449A4649461800FFF77EF8FE
:103770000C225146280010F05FFE1EAB8320000192
:103780000EAA94466044020003CA03C336E0C04652
:10379000A4870310AC8703102C0900003409000033
:1037A0001C090000B087031008090000F808000099
:1037B000B4870310BC870310E4080000EC08000085
:1037C000D4080000C80800009C080000A4080000FD
:1037D0008C0800007808000068080000682A0020B3
:1037E000882A0020501D0020540800005C080000BA
:1037F00044080000C487031038080000FE486044F5
:10380000020043CA43C32E0007CE07C31CAE3100DB
:103810002800FEF7EAFF290047AE3000FEF7E5FF7B
:103820000121519146AE3000FFF780FA0F90099ABE
:103830002100EAA8FFF726F8F04B0EAA944663444D
:10384000EBAA03CA03C3EE4B6344EDAA43CA43C3C6
:10385000EC4961448A4649465046FFF707F82E0076
:10386000534607CB07C628ABE44A0EA98C466244F0
:1038700003CA03C3E24A624443CA43C32E0007CECD
:1038800007C326AE31001E001800FEF7AEFF310060
:1038900053AE3000FEF7A9FF0221E9622800FFF7CE
:1038A00045FA00900F9B0E9A022107980DF0DEFC5E
:1038B000D548099002002100F0A8FCF742FFFD2343
:1038C000DB000EAA94466344F1AA03CA03C3FE2395
:1038D000DB006344F3AA43CA43C3FB20C000604437
:1038E00082464946FEF7C2FF0C225146280010F0DE
:1038F000A3FD14ABFD20C0000EAA94466044020054
:1039000003CA03C3FE20C0006044020043CA43C38D
:103910002E0007CE07C312AE31002800FEF765FF68
:1039200029003BAE3000FEF760FF5E460023F362E5
:103930003000FFF7FBF90E90099B9B461A0021000F
:10394000F6A8FCF7FEFEB14B0EAA94466344F7AA14
:1039500003CA03C3AE4B6344F9AA43CA43C3AD4889
:10396000604482464946FEF781FF2E00534607CB4E
:1039700007C61EABA5480EAA94466044020003CABF
:1039800003C3A3486044020043CA43C32E0007CECA
:1039900007C31CAE31002800FEF727FF290047AE01
:1039A0003000FEF722FF0121519146AE3000FFF7B3
:1039B000BDF982465A462100FCA8FCF7C2FEF42657
:1039C000F6000EAB9C4666443300FDAA03CA03C34F
:1039D000F526F6006644330043CA43C3F226F600D8
:1039E000664449463000FEF741FF0C2231002800B2
:1039F00010F022FD28ABF426F6000EAA9446664489
:103A0000320003CA03C3F526F6006644320043CAF7
:103A100043C32A0043CA43C326AE31001800FEF751
:103A2000E4FE30AE310053A8FEF7DFFE0226EE6260
:103A30002800FFF77BF9009053460E9A0121079862
:103A40000DF014FC0A9A2100FFA80C30FCF779FE57
:103A5000714A0EAB9C4662441300FFAA103203CA9F
:103A600003C36E4A62441300FFAA183243CA43C319
:103A70006B4E664449463000FEF7F8FE2B0007CE39
:103A800007C314AB644A0EA98C46624403CA03C33D
:103A9000624A624443CA43C307CD07C312AD29003B
:103AA0004046FEF7A2FE41463BA8FEF79EFE3AAD19
:103AB000AB46002345932800FFF738F90990594D8C
:103AC000A9462A002100FFA82430FCF73AFEEB2586
:103AD000ED000EAB9C4665442B00FFAA283203CABA
:103AE00003C3EC25ED0065442B0023CA23C3E9255D
:103AF000ED0065442E004C4DA84629003000FEF72D
:103B0000B5FE0C22310052AB180010F095FC1EAB34
:103B1000EB22D2000EA98C46624403CA03C3EC22F6
:103B2000D200624443CA43C352A90A0043CA43C3F2
:103B300052AE1CA93000FEF758FE310047A8FEF730
:103B400054FE46AA9246012151911000FFF7EEF86B
:103B50000A904A462100FFA83C30FCF7F2FD334AA8
:103B60000EAB9C4662441300FFAA403203CA03C353
:103B70002F4A62441300FFAA483223CA23C32D4AA6
:103B80006244914641461000FEF770FE32004B46FB
:103B900023CB23C228AB254A0EA98C46624403CA14
:103BA00003C3234A624423CA23C3320023CA23C364
:103BB000994626A91800FEF718FE494653AA100098
:103BC000FEF713FE02225D923000FFF7AFF800907F
:103BD0000A9B099A002107980DF048FB164A0992A2
:103BE0002100FFA85430FCF7ACFDE223DB000EAA55
:103BF0009446634422E0C046380800000C080000E8
:103C000014080000FC070000C8870310C407000068
:103C1000CC070000B40700007C0700008407000008
:103C20006C070000BC870310C48703103407000032
:103C30003C07000024070000D0870310FFAA583279
:103C400003CA03C3E323DB006344FFAA603223CA31
:103C500023C34146E022D200624415001000FEF763
:103C600005FE0C222900300010F0E6FB14ABE22226
:103C7000D2000EA98C46624403CA03C3E322D200D9
:103C8000624423CA23C3320023CA23C312A93000CB
:103C9000FEF7ABFD31003BA8FEF7A7FD5846002319
:103CA000C362FFF743F80A90099A2100FFA86C301D
:103CB000FCF747FD444B0EAA94466344FFAA7032BA
:103CC00003CA03C3414B6344FFAA783223CA23C308
:103CD0003F4B63449B4641461800FEF7C7FD330047
:103CE0005A4623CA23C31EAB374A0EA98C466244E8
:103CF00003CA03C3354A624423CA23C3320023CA1A
:103D000023C31CAB19003000FEF76FFD310047AB39
:103D10001800FEF76AFD53460121D9621800FFF72B
:103D200005F88346099A2100FFA88430FCF709FDB5
:103D3000D923DB000EAA94466344FFAA883203CA43
:103D400003C3DA23DB006344FFAA903223CA23C3F0
:103D5000D723DB0063449A4641461800FEF786FDF0
:103D60000C225146300010F067FB28ABD922D2005C
:103D70000EA98C46624403CA03C3DA22D20062440D
:103D800023CA23C3320023CA23C326AB19004846E3
:103D9000FEF72BFD494653AB1800FEF726FD022126
:103DA0005D913000FEF7C2FF00905B460A9A032146
:103DB00007980DF05BFA074BFA00D21BD2009B1854
:103DC00000221A710025BBE3EC060000F406000097
:103DD000DC060000501D0020FC4A2100FFA8A43092
:103DE000FCF7AFFCFFA9A431FFA89C30FEF7DAFE78
:103DF000FFAB9C331B68002B00D193E3F34B994638
:103E00001A002100FFA8BC30FCF79BFCF04B0EAA67
:103E100094466344FFAAC03203CA03C39A231B011A
:103E20006344FFAAC83223CA23C3EA4E6644EA4960
:103E30003000FEF71BFD46AD0C223100280010F0CB
:103E4000FBFA54ABE24A0EA98C46624403CA03C390
:103E50009A221201624443CA43C32A0043CA43C39D
:103E600052AB98461800FEF73FFF0138C3B29B469D
:103E70004A462100FFA8D430FCF763FCD74B0EAABA
:103E800094466344FFAAD83203CA03C3D44B6344A5
:103E9000FFAAE03243CA43C3D24E6644D24930003F
:103EA000F9F798FB2B0007CE07C354ABCB4A0EA9FA
:103EB0008C46624403CA03C3C94A624443CA43C32B
:103EC0002A0043CA43C34046FEF70EFF04904A4609
:103ED0002100FFA8EC30FCF734FC95231B010EAA4F
:103EE00094466344FFAAF03203CA03C3BF4B634442
:103EF000FFAAF83243CA43C3942636016644BC493C
:103F00003000FBF70AF80C223100280010F094FA78
:103F100054AB952212010EA98C46624403CA03C316
:103F2000B24A624443CA43C307CD07C3FF23A0225A
:103F3000D2006A44136011004046FEF727FFC3B267
:103F40000B93AC4B5A465200991801204870791CCB
:103F50009954A94A2100A9486844FCF7F2FBA749F3
:103F60006944A7486844FEF71DFEA54B6B441B68D7
:103F7000002B00D1D9E2A04B99461A002100A1489C
:103F80006844FCF7DEFBA04B0EAA94466344A522CE
:103F9000D2006A4403CA03C39C4B6344A622D200E6
:103FA0006A4423CA23C39A4E66448B493000FEF705
:103FB0005DFC46AD2B0007CE07C354AB924A0EA959
:103FC0008C46624403CA03C3904A624443CA43C353
:103FD0002A0043CA43C352AB98461800FEF784FE3A
:103FE0000138C3B207934A46210085480EAB9C4670
:103FF0006044FCF7A6FB9E231B010EAA9446634473
:10400000A122D200624403CA03C3824B6344A222AA
:10401000D200624443CA43C39D26360166447249B6
:104020003000F9F7D7FA0C223100280010F004FA1A
:1040300054AB9E2212010EA98C46624403CA03C3EC
:10404000744A624443CA43C32A0043CA43C3404636
:10405000FEF74AFE05904A4621006F480EAB9C468B
:104060006044FCF76EFB6D4B0EAA94466344A42299
:10407000D200624403CA03C3694B6344A522D20041
:10408000624443CA43C3674E664459493000FAF755
:1040900044FF2B0007CE07C354AB604A0EA98C46E1
:1040A000624403CA03C35E4A624443CA43C307CDA2
:1040B00007C3FF235C4961440B605B496144404690
:1040C000FEF764FEC1B20C914A4B079A5200991850
:1040D00002204870791C9954544A2100A820C0003D
:1040E0000EAB9C466044FEF7CDFBA821C9000EAB89
:1040F0009C466144A720C0006044FEF753FDA723FF
:10410000DB000EAA944663441B68002B00D10FE22B
:10411000464B9A461A002100AB20C0006044FEF7CF
:10412000B1FBA7231B010EAA94466344404A624494
:1041300003CA03C33F4B63443F4A624423CA23C3B9
:10414000A6263601664424493000FEF78FFB46ADB3
:104150000C223100280010F06FF954ABA722120195
:104160000EA98C46624403CA03C3324A624443CA5E
:1041700043C32A0043CA43C352AB99461800FEF713
:10418000B3FD0138C2B2099252462100AE20C000F0
:104190000EAB9C466044FEF775FB284B0EAA944676
:1041A0006344274A624403CA03C3264B6344264A36
:1041B000624443CA43C3254B634498460A491800E6
:1041C000F9F708FA2B00424642E0C046BC870310CC
:1041D0009809000088090000B087031074090000E6
:1041E0007C09000064090000B4870310580900002E
:1041F000D8870310682A0020C88703100C05000028
:104200000405000024050000040A00000C0A000058
:10421000F4090000E80900001C050000BC090000CA
:10422000C4090000AC09000034050000AC8703108D
:104230005C050000780A0000640500004C0A0000DC
:1042400074050000540A00007C0500003C0A0000D0
:1042500043CA43C354ABCC4A0EA98C46624403CA3A
:1042600003C3CA4A624443CA43C32A0043CA43C37E
:104270004846FEF739FD069052462100B120C000A5
:104280000EAB9C466044FEF7FDFAC14B0EAA944665
:104290006344C04A624403CA03C3A3231B016344AB
:1042A000BD4A624443CA43C3BC4B63449846BC49BD
:1042B0001800FAF732FE0C224146280010F0BCF834
:1042C00054ABB34A0EA98C46624403CA03C3A3226B
:1042D0001201624443CA43C307CD07C3FF23B4227C
:1042E000D2006244136011004846FEF74FFDC3B28E
:1042F0000D93AC4B099A5200991803204870791C11
:104300009954A94A2100A9480EAB9C466044FCF789
:1043100018FAA6490EAB9C466144A5486044FEF7D6
:1043200041FCA34B0EAA944663441B68002B00D1AA
:1043300001E19D4B9A461A0021009E486044FCF71B
:1043400000FA9D4B0EAA94466344B922D2006244FF
:1043500003CA03C3994B6344BA22D200624423CAFE
:1043600023C3974B6344984696491800FEF77EFA9C
:1043700046AD2B00424643CA43C354AB8E4A0EA9F6
:104380008C46624403CA03C38C4A624443CA43C393
:104390002A0043CA43C352AB99461800FEF7A4FC57
:1043A0000138C3B298465246210087480EAB9C465E
:1043B0006044FCF7C6F9854B0EAA94466344BC22C0
:1043C000D200624403CA03C3AC231B016344BD2271
:1043D000D200624443CA43C37D497E4B6344180004
:1043E000F9F7F8F80C227B4B0EA98C4663441900B0
:1043F000280010F021F854AB744A0EA98C46624490
:1044000003CA03C3AC221201624443CA43C32A0055
:1044100043CA43C34846FEF767FC08905246210052
:104420006D480EAB9C466044FCF78BF96B4B0EAAB3
:1044300094466344BF22D200624403CA03C3684B5C
:104440006344C022D200624443CA43C3654B634401
:104450009A4653491800FAF760FD2B00524643CAAA
:1044600043C354AB5D4A0EA98C46624403CA03C3DE
:104470005B4A624443CA43C307CD07C3FF235A4A7A
:104480006244136011004846FEF780FCC3B29946AF
:10449000444B42465200991805204870791C9954A3
:1044A0001C200FF0CFFF0500FBF7B6FF02004F49BD
:1044B00043460293099B0193079B00935B462800A8
:1044C0000CF0ACFA4A4AFB00DB1BDB009D5006985F
:1044D0000FF0CDFD824605980FF0C9FD8046049887
:1044E0000FF0C5FD061C08980FF0C1FD0090534663
:1044F0004246311C28000CF0B7FA0B9A0021280024
:104500000CF0ACFA0C9A012128000CF0A7FA0D9AD5
:10451000022128000CF0A2FA4A46032128000CF0E0
:104520009DFA48E4FF239B4613E5FF230793D3E559
:10453000FF230993E5E6FF2399469846B0E7013546
:10454000052D59DC2B4A2100C220C0000EAB9C4631
:104550006044FEF76BF92A00C221C9000EAB9C46ED
:10456000614452A8FEF72EF952A8FEF755FB002829
:10457000E5D01F4BFA00D21BD2009B181A7999186C
:10458000487101321A71DAE74C0A0000540A00003F
:10459000280A00008C05000094050000180A00009D
:1045A000D8870310682A0020D0870310AC050000CC
:1045B000A4050000C4050000DC0A0000E40A0000B5
:1045C000CC0A0000B0870310DC050000B80A000028
:1045D000B4870310A80A0000F4050000940A000044
:1045E0009C0A0000840A00000C060000882A0020B3
:1045F000501D002060810310DD4BFA00D21BD20059
:104600009B181B79002B5BD0DA4A2100C520C00023
:104610000EAB9C466044FEF735F9FF23C822D2005A
:104620000EA98C46624413601100C520C00060448E
:10463000FEF7D8FBCE4DFB00DB1BDB00ED186874EA
:10464000CD4A2100CD480EAB9C466044FCF798F85B
:104650000623CB4A0EA98C46624413601100C7485A
:104660006044FEF7BFFBE8742B00203300261E7069
:10467000C44A2100CC20C0000EAB9C466044FEF72B
:1046800020F9CF23DB000EAA944663441E60CF219D
:10469000C9006144CC20C0006044FEF7A3FB2B009E
:1046A0002133187030352B78022B23D0B04BFA0011
:1046B000D21BD2009B18313300221A70FEF7DBFDAB
:1046C0000EF042F8B04A00230EF01CFD1000190055
:1046D0000FF010F80022AD4B0EF023FF02000B008C
:1046E000AB4811F001FAAB4811F0CEF90420FAF70B
:1046F00065FA89E7A84A2100A8480EAB9C466044A9
:10470000FEF7FEF80023A64A0EA98C466244136009
:104710001100A2486044FEF765FBC0B2944BFA005A
:10472000D21BD2009B1831331870002801D0FEF73D
:10473000A2FD0EF009F8944A00230EF0E3FC1000ED
:1047400019000EF0D7FF0022904B0EF0EAFE020097
:104750000B008F4811F0C8F9791C924811F0C4F988
:104760000420FAF72BFAFEF786FD8F4A8F49D320F3
:10477000C0000EAB9C466044FEF7EEF8D320C000AC
:104780000EAB9C466044FEF7F5F9002808D0884B34
:10479000FF221A70864B1B780F2B16D9002461E07C
:1047A000814A8249D520C0000EAB9C466044FEF78A
:1047B000D3F8D520C0000EAB9C466044FAF71AF837
:1047C0007B4B187001381870E4E70DF0BDFF6E4A9E
:1047D00000230EF097FC100019000EF08BFF002252
:1047E0006A4B0EF09EFE02000B00694811F07CF946
:1047F0006F4D29786F4811F077F929786E4C6F4A20
:1048000020000AF035FD2978FF2220000AF066FD1D
:10481000C4E70DF099FF5C4A00230EF073FC100012
:1048200019000EF067FF0022584B0EF07AFE0200CE
:104830000B00574811F058F94D4BE200121BD20003
:104840009B185B195B795E482A00210011F04CF936
:104850000135474BE200121BD2009B181B79AB427B
:10486000D7DC0134032C08DC414AE3001B1BDB00CE
:104870009B58002BF5D00025EBE7002513E0013411
:10488000032C0BDC3A4AE3001B1BDB009858002882
:10489000F5D0E9B203681B689847F0E7FA2080007A
:1048A0000DF042FE0135032D01DC0024E8E7002471
:1048B00000E00134032C0BDC2D4AE3001B1BDB0062
:1048C00098580028F5D003681B6802219847F0E744
:1048D0000EF0F2F9002817D03A4B1B6A002B15D1C5
:1048E000384B5B6A002B13D0002400E00134032C0A
:1048F00011DC1F4AE3001B1BDB009B58002BF5D08B
:10490000E0B2FBF7B3FDF1E70024F0E70024EEE7A7
:104910000620FAF721F92B4A0023136253622A4A30
:1049200001211170294A13708022294929482A4BF4
:104930000193072300930023920016F056F80DF020
:1049400003FF114A00230EF0DDFB100019000EF0EA
:10495000D1FE00220D4B0EF0E4FD02000B000C48CE
:1049600011F0C2F81D4811F08FF8002439E0C0465C
:10497000501D0020008803107083031044060000BF
:104980005C0600000488031040420F0000408F4086
:1049900088620310E4870310148803107C0600006B
:1049A000940600002488031048880310142A00206D
:1049B000E49A022054880310882A002000006842EC
:1049C0006488031000800540E69A0220E79A0220DE
:1049D0007C880310B1200110542A0020888803101D
:1049E0000134032C2CD81A4AE3001B1BDB009B5814
:1049F000002BF5D0C82217491748A300174D5B19A3
:104A000001930C231B1B00932300520015F0EDFFB4
:104A10000DF09AFE124A00230EF074FB10001900EC
:104A20000EF068FE00220F4B0EF07BFD02000B0023
:104A30000D4811F059F8611C0C4811F055F8CFE7FA
:104A40000B4B9D44F0BCBB46B246A946A046F0BD08
:104A5000501D0020A0880310ED220110582A0020CC
:104A600040420F0000408F4088620310B08803105E
:104A70002C0B000010B5FCF7C5FD10BD10B5037977
:104A8000002B05D100290AD003230371016010BD5A
:104A9000064B074AF6210748490010F03FFE064B37
:104AA000034AEE310348FF3110F038FEA05B0310DB
:104AB000D0880310005C0310F49C031010B500288C
:104AC00001D1012010BD0138FFF7F8FF830018184D
:104AD0004000F7E770B5466805E00C785D1C45605E
:104AE0001C70013A013143680468A34201D2002AD4
:104AF000F3D1981B70BD000084B0F8B50690079103
:104B0000089209930FAB1E7806AB5B78002B14D18B
:104B10001D4D2C781D4B220112195000181822220D
:104B200006A90FF089FC1A4B1E55013407231C40BF
:104B30002C70F8BC08BC04B0184737090F231E407E
:104B400014483200390010F0CFFF00240AE01A2088
:104B500010F08CFF0EE00F483200390010F0C4FF57
:104B60000134E4B21F2C0BD8230018336B449D781A
:104B70000A2DECD0280010F079FF0A2DF0D1EAE7D9
:104B80000A2010F073FFD4E7DD9A0220FC280020F1
:104B90000C2A00203C890310F0B5C64600B5844CB1
:104BA000A54405000391002015F0BEFF80460E21AC
:104BB000002015F0C9FF7F4A8026F60004AF0023CD
:104BC000009304333100380010F02AFD7A4A7B4903
:104BD000222002AB9C46604410F022FD784A31004E
:104BE000383912A810F01CFD764A3100513959208D
:104BF00002AB9C46604410F013FD734A31006E39DD
:104C0000762002AB9C46604410F00AFD6F4A3100EA
:104C10008939912002AB9C46604410F001FD6C4A3A
:104C20003100A339AB2002AB9C46604410F0F8FC85
:104C3000684A3100BD39C52002AB9C46604410F083
:104C4000EFFC654A3100DA39E22002AB9C46604451
:104C500010F0E6FC614A3100F739FF2002AB9C46B8
:104C6000604410F0DDFC5E4A31000D39FF3947A881
:104C700010F0D6FC932464005A4A311B381910F006
:104C8000CFFC0E34584A311B381910F0C9FC2134BE
:104C9000564A311B381910F0C3FC1A34544A311BE0
:104CA000381910F0BDFC2534524A311B381910F068
:104CB000B7FC4434504A311B381910F0B1FC32347F
:104CC0004E4A311B381910F0ABFC0F344C4A311BE3
:104CD000381910F0A5FC1E34A4B24A4A311B381909
:104CE00010F09EFC2034A4B2474A311B381910F052
:104CF00097FC2034A4B2454A311B381910F090FCBF
:104D00002034A4B2424A311B381910F089FC2034F7
:104D1000A4B2404A311B381910F082FC1F34A4B2EF
:104D20003D4A311B381910F07BFC1F34A4B23B4ABA
:104D3000311B381910F074FC1F34A4B2384A311BEF
:104D4000381910F06DFC1F34A4B2364A311B3819E3
:104D500010F066FC1F34A4B2334A311B381910F02E
:104D60005FFC1F34A4B2314A311B381910F058FCD3
:104D70001F34A4B22E4A311B381910F051FC1F34D5
:104D8000A4B22C48390010F0AFFE002D09D14146E5
:104D9000002015F0D9FE8223DB009D4480BCB8467C
:104DA000F0BD0123039A21003800FAF701FCEEE779
:104DB000F0FBFFFF4489031064890310E603000041
:104DC00084890310A0890310C0890310DC890310B3
:104DD000F8890310148A0310348A0310548A0310CC
:104DE0006C8A0310888A0310988A0310BC8A031007
:104DF000D88A0310008B0310488B03107C8B0310A0
:104E00008C8B0310AC8B0310D08B0310F48B03102E
:104E1000188C03103C8C03105C8C03107C8C0310EA
:104E20009C8C0310BC8C0310DC8C0310FC8C0310D6
:104E30001C8D03103C8D0310F0B5D6464F464646F8
:104E4000C0B581464168006800223B4B0EF0E0FB94
:104E5000002841D180256D000824002398464B4648
:104E60001E685F6800220023300039000EF0D8FB76
:104E7000002807D0314A324B300039000EF0C0FB19
:104E8000002832D14046E0BCBA46B146A846F0BD43
:104E90006D10013C64B2002CE1DB4B461E685F687C
:104EA000E3009A46274B53441A685B683000390088
:104EB0000EF0AEFB0028EBD0234B53441A685B681E
:104EC000300039000EF04BFB4B46186059604346EA
:104ED000EB181BB29846DBE780256D000824002301
:104EE0009846D8E76D10013C64B2002CCADB4B46F3
:104EF0001E685F68E3009A46134B5344186859686C
:104F00000022124B0EF02BFB02000B003000390088
:104F10000EF070FB0028E5D00A4B53441A685B681A
:104F2000300039000EF01BFB4B46186059604346B9
:104F30005B1B1BB29846D5E7D0126341F168E3884A
:104F4000B5F8E43E20C70310D8C603100000244083
:104F5000F0B5DE4657464E464546E0B587B080463A
:104F60000492059310AB00241C572000FFF7A6FD08
:104F7000050004A8FFF760FF03908246049A059B92
:104F800000920193100019000EF09CFB8146060070
:104F90000BE00A2128000EF077F80500013C64B20E
:104FA0000A2130000EF070F80600092EF1D84846AC
:104FB0000EF048FB02000B00009801990EF09FFADA
:104FC00006000F0028000EF03DFB02000B00300031
:104FD00039000EF0C4FA06000F000EF073FB834692
:104FE0000EF030FB02000B00300039000EF087FAA3
:104FF00002000B000EF08CFA0EF064FB5844060021
:10500000854217D801239C46E1445346002B28D003
:105010004B46092B27D9039B01331BB29A46002626
:105020000123994606E00A2130000EF02DF8060013
:10503000013C64B20A2130000EF026F8002901D1AB
:10504000002CF0DC43464A461A605E6052461A81E4
:105050009C72404607B0F0BCBB46B246A946A0468B
:10506000F0BD0026E6E70026E4E701604260002389
:105070000372704770B584B004000B68002B15D024
:105080004E681D8830000C302900F7F7A3FD02A9F7
:1050900002908D806D46082268460FF0CDF92300FE
:1050A00006CD06C3A660200004B070BD0360013BBE
:1050B0008380F8E770B584B004000B68002B15D02E
:1050C0004E681D8830000C302900F7F783FD02A9D7
:1050D00002908D806D46082268460FF0ADF92300DE
:1050E00006CD06C3A660200004B070BD0360013B7E
:1050F0008380F8E7F0B5C64600B588B00400049197
:1051000005921D0000220260426001230372C2600A
:105110000261002916D004AB98461800F7F750F941
:1051200001006E466846F7F75DF927000ECE0EC700
:1051300029004046F7F7AAFD049A06AB06920795A8
:1051400003CB03C7200008B080BCB846F0BD10B543
:1051500004008168F7F79AFDA1682000F7F796FD33
:10516000200010BDF0B5CE46474680B583B006009E
:105170009046994600230360013B83800D880AE036
:105180006F462A0001006846F7F7A4FB009B3360D6
:10519000BB88B380E588084B9D4207D048460C3059
:1051A0002900F7F717FD04004045E9D1300003B0AE
:1051B000C0BCB946B046F0BDFFFF0000F0B587B0F7
:1051C0000500009101921C000F1E1BD00A00010077
:1051D00002A8FFF7C7FFFE88029B002B14D002A88D
:1051E000F7F766FBC6800B4B9E420FD06B469A8842
:1051F00004AD39002800F7F76DFB0499059A2000EB
:10520000F7F7E7FD07B0F0BD2E80ECE702AB9B8817
:105210006B80EBE7FFFF000030B583B00400009126
:1052200001920D1E0AD011002800F7F7B1FD2100F0
:105230002800F7F707F9012003B030BD0020FBE795
:1052400010B5041E04D0F7F7A3FD2000F7F732F9DC
:1052500010BD10B5041E04D0F7F79AFD2000F7F733
:1052600043F910BD70B504000D0008684968FFF7E8
:10527000F0FF6B6820606360200070BD10B5030014
:1052800000685968002801D0F7F75AFD10BD10B525
:10529000030000685968002801D0F7F751FD10BDE0
:1052A000F0B585B00500009101921C000E1E18D0CB
:1052B000CF8818000C303900F7F78CFC0100C38848
:1052C000F38002AE3A003000F7F704FB0299039A2C
:1052D0002000F7F77EFD23000099019A2800FFF7D0
:1052E0006DFF05B0F0BD30B583B06B4630C930C33B
:1052F000009B002B02D01A79202A04D1019A036066
:10530000426003B030BD0023F8E770B504000D1E05
:1053100008D008001EF0D6FC2560606000232372D0
:10532000200070BD0020F7E7F0B587B004000E0044
:10533000110003AD2800FFF7E8FF6B466A4683CDF6
:1053400083C2220040C223CB23C2200007B0F0BD9D
:1053500070B58B68836003000C330A000C3270CA8E
:1053600070C370CA70C3243134C934C370BD70B502
:105370008CB0040015006846FFF7EAFF201D69465F
:10538000FFF7E6FF656320000CB070BD704770B595
:1053900004000800FFF7FAFF230026C826C32000F8
:1053A00070BDF0B58BB005000B00110005AC2200FC
:1053B00041CB41C216001000FFF7E9FF6A466B4679
:1053C00003CC03C319003000D0C8D0C1291D11CAB5
:1053D00011C12A000C3213CB13C228000BB0F0BD50
:1053E000F0B583B006000C001500078810000C30E3
:1053F0003900F7F7EFFB00906B469F80009800287C
:1054000007D0002C05D029006846F7F73FFC013C87
:10541000F4E7002809D0002C09D029003000F7F764
:1054200019FE002803D0013CF5E70134F3E703B08F
:10543000F0BD70B50C0015000379002B06D0402B91
:1054400008D12A002100FFF7CBFF70BDF7F732F833
:105450000028F6D10020F8E770B584B00400056894
:10546000466802A902954E60082268460EF0E4FFE5
:10547000002D03D031002800F7F78AFC6368002B69
:1054800005D01B79002B04D1012004B070BD002091
:10549000FBE70020F9E770B586B00400684600918C
:1054A00001921E0002A90B0024C824C31D0008227B
:1054B00018000EF0C1FF230006CD06C30023A36031
:1054C000E6602374200006B070BD82B070B58AB06B
:1054D00003AD0390049105920F931E0007AC2900C1
:1054E0002000F7F7A6FC109B00930799089A099BE8
:1054F0003000FDF7D1FA0AB070BC08BC02B0184702
:1055000070B504000D0008001EF0DCFB020029004D
:105510002000FFF7DFFAA368C018A06070BD70B567
:105520008AB0040003910492059308AE0E9B019388
:10553000059B00930A00049B01003000F8F775F802
:1055400006AD0822310028000EF076FF0E9B06996A
:10555000079A2000FFF7A4FE0AB070BD70B58AB0AC
:105560000391049205930379202B0ED107AA03AB74
:1055700070CB70C2002806D00E9A00920799089A44
:10558000099BFFF7CCFF0AB070BD0020EEE70000DA
:1055900010B5002903D00449FFF7B2FF10BD03493D
:1055A000FFF7AEFFFAE7C046F07B0310BC8503109F
:1055B00070B50500002405E004492800FFF7A0FFAE
:1055C0000134E4B22B7CA342F6D870BD408D0310A9
:1055D0000120704710B50400FFF7FAFF002801D042
:1055E000200010BD0020FCE7002801DB01207047EF
:1055F0000020FCE710B50400FFF7F6FF002801D0FB
:10560000200010BD0020FCE710B50400F8F70FFBE8
:10561000002801D0200010BD0020FCE7002905DB98
:105620000120002900DD0020C0B270470020FCE707
:1056300010B50400FFF7F2FF002801D0200010BDD4
:105640000020FCE770B504000D00002200230DF0DF
:10565000DFFF002809D0064A064B200029000DF084
:10566000CFFF002802D0012000E0002070BDC0461E
:105670000000E0FFFFFFEF4170B504000D00FFF7F1
:10568000E1FF002804D0200029000EF01BF870BDB7
:105690000020FCE770B582B0041C009101920D1E41
:1056A0000BD0160011002800F7F772FB3200211C06
:1056B0002800F8F749F902B070BD0020FBE770B58B
:1056C00088B0029103920D00160005AC0100200085
:1056D000FDF7CCF800960599069A079B2800FDF780
:1056E000DBF908B070BD70B588B0029103920D006F
:1056F000160005AC01002000F7F76CFF0096059935
:10570000069A079B2800FDF7C7F908B070BD10B5D1
:10571000F9F770F810BD000010B586B002AC134A5E
:1057200013492000F7F762FF2000F9F763F8114BE7
:10573000187080221049114800240194042300931A
:105740000023D20115F051F90D4B1C700D4B1C704C
:105750000D488822520000210EF068FE0B480822F6
:1057600000210EF063FE06B010BDC0464C7E031053
:10577000142A0020DF9A0220448D031059E60110FC
:10578000DD9A0220DE9A0220FC2800200C2A00204C
:1057900010B5F8F7C8FD10BDF0B58BB0050003914A
:1057A000F8F7ADFD060007AC03A92000FAF797FF54
:1057B0002A6804ABA1CCA1C3002E06D000920499A4
:1057C000059A069B3000FFF7C9FE0BB0F0BD10B57F
:1057D00082B00400FAF7ECFB616800900191F6F7E3
:1057E000FBFE02B010BD10B5FFF7F1FF10BD30B5E4
:1057F00085B00500FAF7DCFB04006D6802A9029091
:105800004D60082268460EF017FE002C05D02900D6
:105810002000F8F735F805B030BD0020FBE710B5E3
:10582000FFF7E5FF10BDF0B58BB005000391FAF767
:10583000BFFB060007AC03A92000FAF750FF6A6817
:1058400004ABA1CCA1C3002E06D000920499059A06
:10585000069B3000FFF782FE0BB0F0BD10B5FAF7E3
:10586000A7FB002804D0007943425841C0B210BDC4
:105870000120FCE770B588B0029103920D0016007C
:1058800005AC01002000F9F7B8FF00960599069ACB
:10589000079B2800FDF700F908B070BD10B5FAF7B6
:1058A000A7FB10BD10B51D4B00E002331A78002A8B
:1058B00002D05C78A142F8D1002A1BD0436801686D
:1058C0008B4213D2591C41605C2119705B3983688B
:1058D0005B188360436801688B4209D2591C4160A0
:1058E0001A70012283689B18836010BD0021EEE7C7
:1058F0000022F7E700290DD043680268934207D2DF
:105900005A1C42601970012283689B188360ECE77F
:105910000022F9E70249FFF7F3FDE6E77874031088
:10592000508D031070B5040000290CD04368006846
:1059300083420ED2581C6060222018702138A36860
:105940001B18A3600EE00F4B0F4A104830310FF0C8
:10595000E5FE0020F3E74E1C09782000FFF7A2FFC8
:105960002A003100551E002AF5D1636821688B4258
:1059700004D25A1C626022221A70213AA3689B1832
:10598000A36070BD588D0310688D0310208E031026
:1059900010B50400521AFFF79DF8A368C018A06064
:1059A00010BDF0B5C64600B588B0804615001C0095
:1059B000162702AB9C4667440A22002328002100D8
:1059C0000DF0A0FB3032013F3A70019526000A220B
:1059D0000023280021000DF095FB05000C00002E8F
:1059E000EAD102D1019B092BE6D8162202AB9C46D4
:1059F000624439004046FFF7CBFF08B080BCB84690
:105A0000F0BD70B511001E1E02DBFFF7CAFF70BDAE
:105A10004368026893420DD25A1C42602D221A70CC
:105A20002C3A83689B1883600C0035000023624287
:105A3000AB41EAE70022F4E710B5012402000B00B5
:105A40000DF0D0FD002800D00024E0B210BD70B5EC
:105A500004000D00002200230DF0C4FD00280DD12C
:105A600022002B00200029000DF052FD22002B0007
:105A70000DF0B8FD002802D0012000E0002070BD2C
:105A800000B583B00300086819685A680091019254
:105A9000FFF700FE03B000BD10B584B004000A009B
:105AA00003684168029303910091106851689268FD
:105AB000FFF70BFD6368002B05D01B79002B04D189
:105AC000012004B010BD0020FBE70020F9E770B50D
:105AD00084B0006801AB1A0070C970C200221900BE
:105AE000FFF7DAFF04B070BD00B583B0030008789B
:105AF00019685A6800910192FFF78EFB03B000BD50
:105B0000F0B585B004000D0002920393161E0CD070
:105B10001F0019001000F7F73BF9009722002B0037
:105B20003000F8F7CFF805B0F0BD0020FBE700B576
:105B300083B00300086849681A685B6800920193A3
:105B4000FFF7DEFF03B000BD00B583B000680A6850
:105B50004B680092019300226946FFF7E8FF03B00B
:105B600000BD0000F0B583B004000F0016000379FB
:105B7000002B0AD10800FFF72BFD051E0BD00A23CE
:105B800023712760280003B0F0BD0C4B0C4A0D4870
:105B90007E210FF0C3FD31006846F7F790FA009BB5
:105BA000002BEFD01A232371684683882380F8F7EF
:105BB00045F80760002343600125E3E7A05B03107D
:105BC000808E03107876031070B582B004000091C7
:105BD00001920D1E0BD0160011002800F7F7D8F81F
:105BE000320021002800FFF7BDFF02B070BD002089
:105BF000FBE7012070470000F0B583B004000F0000
:105C000016000379002B0AD10800FFF7F2FF051EEA
:105C10000BD00C2323712760280003B0F0BD0C4B80
:105C20000C4A0D4867210FF079FD31006846F7F7FF
:105C300046FA009B002BEFD01C2323716846838813
:105C40002380FC17F7F7FAFF076044600125E3E7BC
:105C5000A05B0310F08F03107876031070B582B04C
:105C60000400009101920D1E0BD0160011002800B7
:105C7000F7F78EF8320021002800FFF7BDFF02B0D1
:105C800070BD0020FBE770B584B004000E00080072
:105C9000FAF78EF90500766802A902904E60082294
:105CA00068460EF0C9FB25606660200004B070BD38
:105CB000F0B587B004000430FAF77AF9A16803AAB6
:105CC00023002433E0CBE0C2002805D000910399E3
:105CD000049A059BF8F7FAFA07B0F0BD30B585B025
:105CE0000500FFF7E5FF0400AD6802A902904D60D2
:105CF000082268460EF0A0FB002C05D029002000E9
:105D0000F7F7BEFD05B030BD0020FBE710B5FFF78B
:105D1000E5FF10BD10B504000430FFF7C9FF616B4B
:105D2000E268F9F75EFD10BD30B585B00500FFF7FC
:105D3000F1FF0400ED6802A902904D600822684658
:105D40000EF07AFB002C05D029002000F7F798FD13
:105D500005B030BD0020FBE710B5FFF7E5FF10BD33
:105D6000F0B587B007000C0016256D440A2120000D
:105D70000DF08AF93031013D297026000A212000FA
:105D80000DF082F90400092EF0D816226A44290089
:105D90003800FFF7FDFD07B0F0BDF0B585B0070096
:105DA0000C0004AE0CE00A2120000DF06DF930313A
:105DB000013E31700A2120000DF066F904002A002E
:105DC000551E6DB2002AEED1711E2E230B7004AA4F
:105DD0003800FFF7DDFD05B0F0BD000010B5041C74
:105DE00000210EF037F900280AD00748F9F7EEFD38
:105DF000011C201C0EF026F9002803D0012000E031
:105E0000002010BD0020FCE7FFFF7F4F10B5041CF1
:105E1000FFF7E4FF002803D0201C0EF081F910BD2D
:105E20000020FCE710B50378032B18D00AD8012B0B
:105E300011D0022B04D1C1688068FFF7F9FB0DE097
:105E400000200BE0042B04D1C1688068FFF714FC2C
:105E500004E0002002E08068FFF7D8FF10BDC168B1
:105E60008068FFF7D1FBF9E710B584B00100684600
:105E7000F7F708FA6846FFF7D5FF04B010BD000039
:105E800010B50400F6F7C7FF23791E2B31D89B000D
:105E9000194AD3589F4620782CE02068FFF79AFBD8
:105EA00028E02068FFF7A6FB24E041680068FFF7C0
:105EB000ABFB1FE041680068FFF7BAFB1AE0200067
:105EC000FFF7D2FF16E020680028F9D10B4B0C4AEF
:105ED00018210C48FF310FF021FC20680830EFE753
:105EE0002068FFF793FF05E041680068FFF7C4FBF7
:105EF00000E0002010BDC046E0CA0310E8710310A6
:105F00004C910310005C031030B585B00500F8F724
:105F1000F6F904002D6802A902904D600822684637
:105F20000EF08AFA002C05D029002000FFF7A8FF08
:105F300005B030BD0020FBE70120704710B5041C00
:105F4000FFF7FAFF002801D0201C10BD0020FCE75D
:105F50000120704770B505000C00FFF7F9FF00281D
:105F600004D0280021000EF0E5F870BD0020FCE709
:105F70000120704770B505000C00FFF7F9FF0028FD
:105F800004D0280021000EF0E5F870BD0020FCE7E9
:105F90000120704770B504000D00FFF7F9FF0028DD
:105FA00004D0200029000DF0DDFB70BD0020FCE7CF
:105FB00010B50378032B18D00AD8012B11D0022B6F
:105FC00004D1C1688068FFF7C5FF0DE000200BE039
:105FD000042B04D1C1688068FFF7DCFF04E00020D7
:105FE00002E08068FFF7AAFF10BDC1688068FFF774
:105FF000C1FFF9E710B584B001006846F7F742F930
:106000006846FFF7D5FF04B010BD000010B50400CE
:10601000F6F701FF23791E2B30D89B00184AD3587E
:106020009F4620780EF023F829E020680EF01FF834
:1060300025E020680EF020F821E0416800680EF0AD
:1060400089F81CE0416800680EF074F817E0200041
:10605000FFF7D0FF13E020680028F9D1094B0A4A66
:106060000A48EA210FF05AFB20680830F0E7206860
:1060700005E0416800680DF075FB00E0002010BDF0
:106080005CCB0310E8710310E0910310005C031077
:1060900030B585B00500F8F732F904002D6802A983
:1060A00002904D60082268460EF0C6F9002C05D01B
:1060B00029002000FFF7AAFF05B030BD0020FBE754
:1060C00010B5FFF7E5FF10BD704710B504000800DC
:1060D000FFF7FAFF206006236360053B2372200070
:1060E00010BD70B588B0029103920D00160005AC8A
:1060F00001002000FFF7E9FF00960599069A079B2B
:106100002800FCF7C9FC08B070BDF0B587B00600E8
:106110000C0016256D440A2120000CF0B5FF89B251
:106120003031013D297027000A2120000CF0ACFF1E
:1061300084B2092FEFD816226A4429003000FFF7F5
:1061400027FC07B0F0BD10B5002903DB89B2FFF7CB
:10615000DCFF10BD4368026893420BD25A1C4260B8
:106160002D221A702C3A83689B18836089B24942A9
:1061700089B2ECE70022F6E7F0B5C64600B586B076
:10618000040016001F000CAB1B785BB29846100091
:106190003900FFF751FC002835D130003900FFF7F6
:1061A00056FC002834D100220023300039000DF0C5
:1061B00021FA002831D103AD4346009332003B0061
:1061C0002800FEF7C5FE03992000FFF7C9FD0A224B
:1061D000AA56002A34D103AB0821595E00290ED0FB
:1061E00063682268934230D25A1C626065221A703A
:1061F000643AA3689B18A3602000FFF7A4FF06B0D1
:1062000080BCB846F0BD12492000FFF779F9F6E7E7
:106210000F492000FFF774F9F1E7636822689A429A
:106220000CD95A1C62602D221A702C3AA3689B1854
:10623000A360802109067B181F00BCE70022F5E758
:1062400004992000FFF7A9FDC5E70022D1E7C04669
:10625000F87B0310F0B591B004000D001100F6F7C3
:10626000DAFD2379402B00D994E09B004D4AD358A6
:106270009F4620680DF07CFF02000B000621009174
:106280002800FFF779FFA86889E0026843680921C0
:1062900000912800FFF770FFA86880E02100280027
:1062A00000F072FE7BE02100280000F0B9FE76E0ED
:1062B00020001DF007FD020005AB059406900021AB
:1062C000197202A9C1CBC1C121002800FFF72AFB26
:1062D000A86864E02468002C13D020001DF0F2FCB4
:1062E000060008A908944E6001230B720C2202A834
:1062F0000EF0A2F8320021002800FFF713FBA86877
:106300004DE00026EDE7236819000831DA880BAB71
:106310000B910C920020187202A8D0CBD0C028009C
:10632000FFF700FBA8683AE023681C000834DE8809
:106330000EA90E944E60082202A80EF07DF83200DD
:1063400021002800FEF7C6FBAB68C018A86026E055
:106350002268D3172800FFF754FBA8681FE02268C3
:1063600000232800FFF71DFBA86818E002684368B7
:106370002800FFF746FBA86811E002684368280080
:10638000FFF70FFBA8680AE021782800FFF700F963
:10639000A86804E004492800FFF7B2F8A86811B023
:1063A000F0BDC046D8CB0310F87B031010B5140025
:1063B000002804D00A002100FFF74CFF10BD03495C
:1063C0001000FFF79DF8A068F8E7C046F87B0310BF
:1063D00070B58AB00290039100920193029E0C0066
:1063E00005AD0B001100019A2800FFF754F82A00B0
:1063F00021003000FFF7DAFF0AB070BD70B584B03D
:106400000090019114001D00D21802920394230001
:10641000FFF7DEFF854202D924180023237004B061
:1064200070BD0000F0B5D6464F464646C0B5D44CC8
:10643000A54406000D00049200240721D14B02AAB6
:106440009446634406E000221A715A719A71DA7117
:10645000013910330029F6DA802292000021CA485F
:1064600002AB9C4660440DF0E1FFC84903223000B6
:106470001DF05CFB00282ED0C549032230001DF022
:1064800055FB002800D06FE0301DC24903221DF0EB
:106490004DFB002849D1BC4A02AB9C466244BE4B2E
:1064A00051CB51C211001A680A609B888B80002072
:1064B000F8F752FB1124B948B34902AB9C4661443A
:1064C0000FF012FB002D45D1B54B9D44E0BCBA4600
:1064D000B146A846F0BDF8F719FD0DF049FE0600DB
:1064E0000F00F8F70DFDAF4C80239A46A64B02AA89
:1064F0009446634499460DF03BFE0290039100964A
:10650000019722005346990048460FF089F884B25B
:10651000A24849460FF0E8FA002DD5D00123049A8D
:1065200021004846F9F744F8CEE7F8F789FB040064
:10653000F8F786FB9C4A80219C4B8000C35800934F
:1065400023008900904802ACA44660440FF068F82C
:1065500084B2B0E70123049A21008B4802ACA44620
:106560006044F9F725F8AFE79149042230001DF0A7
:10657000DDFA002800D186E08E49022230001DF0AD
:10658000D5FA002800D180E08B49042230001DF0AC
:10659000CDFA002800D1D3E08849032230001DF055
:1065A000C5FA002800D121E18549032230001DF001
:1065B000BDFA002800D137E18249032230001DF0E6
:1065C000B5FA002800D13FE17F49042230001DF0D8
:1065D000ADFA002800D147E17C49052230001DF0CA
:1065E000A5FA002800D06DE1B01D6A4903221DF014
:1065F0009DFA002800D067E7634902AB9C466144DE
:10660000734B0A0051CB51C21B88138063480FF0B3
:106610006BFA002D00D02AE1002014F085FA050065
:106620000E21002014F090FA14F098FB002433E1BE
:106630003000FBF783F907000136664A80218900A4
:10664000091B514802AB9C46604400190097330077
:106650000EF0E6FF2418A4B2F6B2032EE8D94F4894
:10666000494902AB9C4661440FF03EFA002D00D12F
:106670002AE70123049A2100434802ACA44660445F
:10668000F8F796FF20E70026E7E73E4802AB9C4676
:106690006044F9F7C7FE002611E04F4B99462DE004
:1066A0004D4B9C464D4A634602934B4601930097DF
:1066B00043460EF0B5FF2418A4B20136F6B2072EF9
:1066C0002AD8314802AB9C466044001980218900D9
:1066D000091BB446731C98462A4A02AB99464A44A1
:1066E0003701B946BF5CBA463D4F53469B00DF5960
:1066F0004A441279002AD0D03A4B994663461B018E
:106700009C46204A02AB9A46524462445279002A7F
:10671000C6D0344B9C46C5E720481B4902AB9C467B
:1067200061440FF0E1F9002D00D1CDE60123049A78
:106730002100154802ACA4466044F8F739FFC3E6CF
:10674000F8F7D8FF0300284A80210F4C02A884469E
:106750006444890020000EF063FF86B20F482100D8
:106760000FF0C2F9002D00D1AEE60123049A3100EA
:10677000054802ACA4466044F8F71AFFA4E6C046F8
:1067800048CDFFFF1832000018300000649203105B
:106790009C920310A0920310A49203103C8D03104E
:1067A000B832000068920310B892031034D5031079
:1067B0007883031088A70310F89203101493031032
:1067C0001C9303102093031024930310A46203105E
:1067D0002C930310D0920310F0580310E092031092
:1067E00014D50310B8A6031000930310D14E02ABCA
:1067F0009C466644D049300015F034F9CF4A8021D8
:106800003300890030000EF00BFF84B2CC48310019
:106810000FF06AF9002D00D156E60123049A2100F9
:106820003000F8F7C5FE4FE6301D1BF0A5F8C4B2E6
:10683000013CE4B2032C00D946E62000F9F7FAFD4A
:106840002000FBF74FF83FE6301D1BF095F8C4B26F
:10685000013CE4B2032C00D936E62000F9F706FE2D
:106860002000FBF73FF82FE6FBF71EF92CE601238B
:10687000049A0D21AF4802ACA4466044F8F798FE94
:10688000CAE620000AF0B4FF08AB1855002120002A
:106890000AF0C8FF0134E4B2192CF2D9F5F7C8FCAC
:1068A000002406E008AB195D20000AF0BBFF0134AC
:1068B000E4B2192CF6D92900002014F045F914F09F
:1068C0001FFB01E69F49032230001DF02FF900282D
:1068D00051D09D49032230001DF028F900284DD0E9
:1068E0009A49032230001DF021F9002800D15BE114
:1068F0009749032230001DF019F9002800D1C2E1A8
:106900009449052230001DF011F9002800D197E2CA
:106910009149062230001DF009F9002800D0FBE261
:10692000844902AB9C4661448C4B0A0051CB51C256
:1069300051CB51C218681060988890809B799371F0
:106940007F480FF0D1F8002D00D0DBE2844C854B5E
:106950002362854B6362854D02AB9C466544844A45
:1069600084492800F6F742FE2800FFF7CDFAA0621E
:10697000F5F762FFA8E5F5F75FFFA5E5FBF754F82B
:106980008046FBF775F80700002638E0731C059376
:10699000794A80218900091B664802AB9A46504417
:1069A000001963460093059B0EF03AFE2418A4B22A
:1069B00041E0724A80218900091B5E4802AB9C4677
:1069C000604400190EF02CFE2418A4B27300424655
:1069D000DA4003231340022B7BD0012B00D186E049
:1069E000674A80218900091B524802AB9C466044DB
:1069F00000190EF015FE2418A4B20136F6B20F2EBF
:106A000000D982E07300FA189146FB5C9C46082E80
:106A1000BCD8731C05935B4A80218900091B45483B
:106A200002AB9A465044001963460093059B0EF052
:106A3000F7FD2418A4B24B465B78052BC6D89B0003
:106A4000514AD3589F46514A80218900091B394831
:106A500002AB9C46604400190EF0E2FD2418A4B27B
:106A6000B4E74B4A80218900091B324802AB9C469F
:106A7000604400190EF0D4FD2418A4B2A6E7454ADC
:106A800080218900091B2B4802AB9C4660440019F9
:106A90000EF0C6FD2418A4B298E73F4A8021890071
:106AA000091B244802AB9C46604400190EF0B8FD57
:106AB0002418A4B28AE7394A80218900091B1D489D
:106AC00002AB9C46604400190EF0AAFD2418A4B243
:106AD0007CE7334A80218900091B164802AB9C469B
:106AE000604400190EF09CFD2418A4B285E72D4ADD
:106AF00080218900091B0F4802AB9C4660440019A5
:106B00000EF08EFD2418A4B277E70D48094902ABB8
:106B10009C4661440EF0E8FF002D00D1D4E401232F
:106B2000049A2100034802ACA4466044F8F740FDF3
:106B3000CAE4C04618300000FFFF0000189303109D
:106B40003C8D03103C93031040930310CC9303102F
:106B50002494031094940310CC940310D494031041
:106B6000008005400DF005B1F20FFA4EA032000092
:106B70004C7E0310142A0020589303106C930310CA
:106B8000C893031044930310DCCC031078930310D4
:106B900084930310909303109C930310A893031005
:106BA000B4930310C093031008ACC027BF013A0090
:106BB000002120000DF03AFCDA4902AB9C4661440A
:106BC000D94B0B60383B4B6006AE082230000DF00D
:106BD00033FC3B00220006980799FFF70FFC2000CA
:106BE000F5F7A4FDD14902AB9C466144D04B0A00A5
:106BF00051CB51C251CB51C2188810809B789370F1
:106C0000CC480EF071FF002D23D108A8F7F70AFE3B
:106C1000002828D0C54902AB9C466144C64B0A00F7
:106C200051CB51C213CB13C21724C248BF4902AB88
:106C30009C4661440EF058FF002D00D144E401232E
:106C4000049A2100B94802ACA4466044F8F7B0FCAD
:106C50003AE40123049A1A21B44802ACA4466044E1
:106C6000F8F7A6FCD1E7B14902AB9C466144B34BAF
:106C70000A0051CB51C213CB13C2196811601B79A2
:106C800013711C24D1E7301D1AF076FEC2B2914672
:106C9000C3B2AB4A80218900A44802ACA446604438
:106CA0000EF0BEFC070084B201235B429C46E14427
:106CB0004B46DBB29946032B54D80636A149022233
:106CC00030001CF033FF00283CD09F4903223000E5
:106CD0001CF02CFF00285BD09C49032230001CF0E4
:106CE00025FF002865D09A49052230001CF01EFFC0
:106CF00000286FD09749052230001CF017FF0028AC
:106D00007AD09549032230001CF010FF002800D1F2
:106D100084E09249052230001CF008FF002821D1B0
:106D200003214846FBF742FD8D4A80218900C91B9B
:106D30007E4802AB9C466044C0190EF071FC0634DC
:106D4000A4B20FE04846FAF79FFE864A80218900E8
:106D5000C91B764802AB9C466044C0190EF060FC2B
:106D60000334A4B27348714902AB9C4661440EF0EF
:106D7000BBFE002D01D1FFF7A7FB0123049A2100E0
:106D80006A4802ACA4466044F8F712FCFFF79CFB8B
:106D90004846FBF77BF9744A80218900C91B634888
:106DA00002AB9C466044C0190EF03AFC0434A4B215
:106DB000D8E74846FBF78CFA6C4A80218900C91B4A
:106DC0005A4802AB9C466044C0190EF029FC0434BA
:106DD000A4B2C7E700214846FBF7E8FC644A8021DB
:106DE0008900C91B514802AB9C466044C0190EF093
:106DF00017FC0634A4B2B5E701214846FBF7D6FCE0
:106E00005C4A80218900C91B484802AB9C4660440B
:106E1000C0190EF005FC0634A4B2A3E702214846CF
:106E2000FBF7C4FC544A80218900C91B3F4802ABD0
:106E30009C466044C0190EF0F3FB0434A4B291E701
:106E4000F8F78CFC0600394A02AB9C4662444B4B77
:106E500091CB91C2110015CB15C115CB15C11A8864
:106E60000A809B788B700024A146262701E001341C
:106E7000A4B2FE2C29D8335D002BF8D0404A8021E3
:106E80008900C91B294802AB9C466044C0192300F5
:106E90000EF0C6FB3F18BFB24B460133DBB299463A
:106EA0000A2118000CF0F0F8C9B20029DFD1354AE8
:106EB00080218900C91B1D4802AB9C466044C01953
:106EC0000EF0AEFB3F18BFB2D1E72E4A80218900F9
:106ED000C91B164E02AB9C466644F0190EF0A0FB8F
:106EE0003C18A4B2134831000EF0FEFD002D01D174
:106EF000FFF7EAFA0123049A21003000F8F758FB63
:106F0000FFF7E2FA0123049A1E21084802ACA446C6
:106F10006044F8F74DFB19E504992800FDF73CFEA5
:106F2000FFF7D2FA983200004C2A002018300000F7
:106F3000D09303103C8D0310EC93031004940310C2
:106F40002894031038940310409403104C940310B9
:106F500058940310689403107894031084940310D9
:106F60008C9403103C940310449403105094031029
:106F700060940310709403107C9403109C9403108D
:106F8000C494031030BE031030B583B00400C06851
:106F90000D880C302900F5F71DFE00906B469D8092
:106FA00000282ED019492000FEF7AAFA237C0133CD
:106FB000237403E016492000FEF7A2FA009B002B81
:106FC00012D02000FEF7F4FA6846F5F7F9F9E26806
:106FD0002100FFF73FF9E1686846F5F757FE009B8F
:106FE000002BE7D00B49E6E7237C013B237420000C
:106FF000FEF7DEFA08492000FEF782FAA06803B027
:1070000030BD06492000FEF77BFAF7E7F89403103D
:1070100088C20310F4940310EC7B031028BA031009
:1070200070B582B00400C0680D880C302900F5F7F7
:10703000D1FD00906B469D8000283CD02049200067
:10704000FEF75EFA237C0133237401250FE0200054
:10705000FEF7AEFA10E01B492000FEF751FA03E0FC
:1070600019492000FEF74CFA01235D40EDB2009B68
:10707000002B13D0002DEAD16846F5F7A1F9E2689C
:107080002100FFF7E7F8E1686846F5F7FFFD002DFE
:10709000E1D1009B002BE3D00C49E2E7237C013BCC
:1070A00023742000FEF784FA09492000FEF728FA2D
:1070B000A06802B070BD07492000FEF721FAF7E78B
:1070C000FC9403100095031088C20310F49403107D
:1070D0000495031008950310F0B585B005000C0069
:1070E00002920393161E0CD01F0019001000F5F732
:1070F0004FFE00972A0023003000F6F7B1FD05B0DF
:10710000F0BD0020FBE700B583B0030008684968C4
:107110001A685B6800920193FFF7DEFF03B000BDC1
:1071200000B583B000680A684B68009201930022A2
:107130006946FFF7E8FF03B000BD00B583B0030068
:107140000268100038301100383105D000925968BB
:107150009A68DB68FBF75FFF03B000BD30B583B012
:1071600004000D68FFF7E9FF01002268009001921A
:10717000281CFEF78FFA03B030BD10B504000022C2
:10718000FFF7ECFF200010BD70B582B006000C6860
:107190004D68FFF7D2FF0200336800900193200092
:1071A0002900FEF7ADFC02B070BD10B5040000224E
:1071B000FFF7EAFF200010BD30B583B004000D7862
:1071C000FFF7BBFF01002268009001922800FEF744
:1071D00023F803B030BD10B504000022FFF7ECFF28
:1071E000200010BD70B584B004000D00FFF7A5FFAE
:1071F000236802A902904B60082268460DF01CF932
:107200000099019A2800FEF75AFA2368002B05D04E
:107210001B79002B04D1012004B070BD0020FBE7D6
:107220000020F9E710B504000022FFF7DBFF200083
:1072300010BD70B584B004000D00FFF77EFF236819
:1072400002A902904B60082268460DF0F5F80099FB
:10725000019A2800FEF747FA2368002B05D01B7916
:10726000002B04D1012004B070BD0020FBE70020FA
:10727000F9E710B504000022FFF7DBFF200010BD86
:1072800070B584B004000D00FFF757FF236802A912
:1072900002904B60082268460DF0CEF80099019AE2
:1072A0002800FBF79BFC2368002B05D01B79002BE3
:1072B00004D1012004B070BD0020FBE70020F9E7F5
:1072C00010B504000022FFF7DBFF200010BD30B531
:1072D00083B004000D68FFF730FF010022680090C2
:1072E00001922800FEF770FC03B030BD10B5040019
:1072F0000022FFF7ECFF200010BD30B583B0040082
:107300000D68FFF71AFF0100226800900192280023
:10731000FEF7A4FC03B030BD10B504000022FFF757
:10732000ECFF200010BD10B582B004000430FFF760
:1073300004FF002806D0636800936169A269E369CD
:10734000FBF769FE02B010BD70B584B004000D00FB
:10735000FFF7E9FF636802A902904B6008226846C4
:107360000DF06AF80099019A2800FEF783FA636825
:10737000002B05D01B79002B04D1012004B070BD77
:107380000020FBE70020F9E710B504000022FFF71A
:10739000DBFF200010BD30B583B004000D68FFF79F
:1073A000C2FF01006268009001922800FEF756FCBF
:1073B00003B030BD10B504000022FFF7ECFF200041
:1073C00010BD70B584B004000D00FFF7ACFF63681A
:1073D00002A902904B60082268460DF02DF8009932
:1073E000019A2800FEF77FF96368002B05D01B790E
:1073F000002B04D1012004B070BD0020FBE7002069
:10740000F9E710B504000022FFF7DBFF200010BDF4
:1074100070B584B004000D00FFF785FF636802A912
:1074200002904B60082268460DF006F80099019A18
:107430002800FBF7D3FB6368002B05D01B79002BDA
:1074400004D1012004B070BD0020FBE70020F9E763
:1074500010B504000022FFF7DBFF200010BD70B55F
:1074600084B004000D00FFF75EFF636802A902907C
:107470004B60082268460CF0DFFF0099019A280053
:10748000FEF72FFE6368002B05D01B79002B04D17B
:10749000012004B070BD0020FBE70020F9E710B523
:1074A00004000022FFF7DBFF200010BD30B583B0E1
:1074B00004000D68FFF737FF010062680090019239
:1074C0002800FEF781FB03B030BD10B50400002298
:1074D000FFF7ECFF200010BD10B504000430FFF7EB
:1074E00022FF002803D0616AA268FDF7A2FF10BD49
:1074F00030B583B004000D68FFF7EEFF0100A2680D
:10750000009001922800FEF75FFB03B030BD10B57C
:1075100004000022FFF7ECFF200010BD10B582B080
:1075200004000430FFF7FFFE002806D0A368009394
:10753000616AA26AE36AFBF76EFD02B010BD30B566
:1075400083B004000D68FFF7E9FF0100A268009016
:1075500001922800FEF782FB03B030BD10B5040095
:107560000022FFF7ECFF200010BD30B583B004000F
:107570000D68FFF7D3FF0100A26800900192280078
:10758000FEF722FB03B030BD10B504000022FFF768
:10759000ECFF200010BD10B504000430FFF7BEFF63
:1075A000002803D0616BE268FDF743FF10BD30B5E2
:1075B00083B004000D68FFF7EEFF0100E268009061
:1075C00001922800FEF700FB03B030BD10B50400A7
:1075D0000022FFF7ECFF200010BD000070B586B060
:1075E0000400009101921D000379002B12D1009933
:1075F000019A03AE3000FDF738FD0399049A059B0C
:107600002800FBF7F5F9011E02D02000FDF736FA3D
:1076100006B070BD024B034A03480F210EF07EF8FE
:10762000A05B03100C9503107876031030B583B07F
:107630000400009101921D00002808D01900F5F700
:10764000A7FB2B000099019A2000FFF7C7FF03B0AA
:1076500030BDF0B587B004000668476804AB9C46AF
:10766000049605976B460A0003CA03C308226146C5
:1076700018000CF0E1FE3B000099019A3000FFF782
:10768000D5FF6368002B05D01B79002B04D10120A6
:1076900007B0F0BD0020FBE70020F9E730B583B06C
:1076A00000686A4630C930C200226946FFF7D1FF40
:1076B00003B030BDF0B585B005000C000292039315
:1076C000161E0CD01F0019001000F5F761FB009783
:1076D0002A0023003000F6F73DFB05B0F0BD002086
:1076E000FBE700B583B00300086849681A685B6867
:1076F00000920193FFF7DEFF03B000BD00B583B039
:1077000000680A684B680092019300226946FFF7FF
:10771000E8FF03B000BD000030B591B004000D00DB
:107720001100F5F778FB2379402B73D89B003E4A74
:10773000D3589F4628682368009300226946FEF7C5
:107740009FF96EE001002800FEF7FEF969E02100D4
:10775000280007F062FA64E02100280007F012FB1D
:107760005FE020001CF0AEFA01A9019448600023FC
:107770000B722800FEF7ABF953E02468002C0BD005
:1077800020001CF09FFA04A90494486001230B72A6
:107790002800FEF79CF944E00020F4E723681A0073
:1077A0000832DB8807A907924B6000230B72280080
:1077B000FEF78DF935E023681A000832DB880AA944
:1077C0000A924B602800FFF769FF2AE023680C93B8
:1077D000DB170D930CA92800FFF790FF21E0236829
:1077E0000E9300230F930EA92800FFF799FC18E0D1
:1077F00001002800FFF782FF13E001002800FFF7D7
:107800008FFC0EE02378286869460B700022FEF793
:107810006BF906E028680023009300226946FDF713
:107820001BFE11B030BDC046F4CC031000B587B0CC
:10783000009001911300002807D0019A04A9049335
:107840004A60FFF769FF07B000BD0022039203A959
:107850001800FDF701FEF6E710B588B0029003911D
:1078600000920193002810D004A902AB0A0011CBAA
:1078700011C21400082220000CF0DEFD2200009846
:107880000199FFF7D3FF08B010BD0020FBE770B5EA
:1078900086B004000268436804A8049205936B460E
:1078A0000A0042CA42C31E000822010018000CF060
:1078B000C3FD009A019B02987168FFF7CDFF6368D2
:1078C000002B05D01B79002B04D1012006B070BD20
:1078D0000020FBE70020F9E730B585B00091019268
:1078E00002AD01002800FEF7CEF90022290068460B
:1078F000FFF7CDFF05B030BD70B584B004000D00BA
:10790000FFF711FD636802A902904B6008226846E8
:107910000CF092FD0099019A2800FFF7DDFF6368E3
:10792000002B05D01B79002B04D1012004B070BDC1
:107930000020FBE70020F9E710B504000022FFF764
:10794000DBFF200010BD0000F0B5DE4657464E4676
:107950004546E0B5C84CA544040004910592802238
:10796000920000214AA80CF061FD2378984600237C
:10797000499300234893012300250020002108E0BB
:107980004E1CFFAF2C377A54F1B200E001250133D1
:10799000DBB2E25C002A0AD0FF2B08D03D2AF5D0EA
:1079A000002DEDD0461CCAAF3A54F0B2EFE7FFA865
:1079B0002C3019F0E1FF0400CAAE300019F0DCFFF2
:1079C0004990300019F0D2FF0BF0CCFE8146489070
:1079D000642120000BF058FBC0B20138C3B29A46B4
:1079E0000A2120000BF050FBCFB2023FFBB29B46B6
:1079F00042A9A24F0B003A0043CA43C343CA43C340
:107A00000A2120000BF040FB0690C3B2013BDEB21E
:107A100038A93B0018330A0083CB83C283CB83C2CF
:107A200083CB83C21B6813604346473BDAB2222AEA
:107A300001D906F0BCFD9300914AD3589F460C2C07
:107A400001D900F0B1FDA4008E4B1B599F46002DBB
:107A500004D0499B002B01D0FF2B29D98A4A8B499E
:107A6000A420C00006AB9C466044F5F7BFFDA420EF
:107A7000C00006AB9C466044FDF749FE0300844A03
:107A800080214AAD890028000DF0CAFD84B28148EA
:107A900029000EF029F8049B002B01D106F094FD7B
:107AA0000123059A21002800F7F782FD06F08CFDDE
:107AB000754A7649A220C00006AB9C466044F5F7A3
:107AC00095FD49A9A220C00006AB9C466044FFF783
:107AD0000DFCC3E7002D04D0499B002B01D0FF2BE8
:107AE00039D96D4A6949A820C00006AB9C4660445C
:107AF000F5F77CFDA820C00006AB9C466044FDF76E
:107B000006FE002839D0644A6049644806AB9C46AA
:107B10006044F5F76BFD614806AB9C466044FDF799
:107B2000F6FD03005E4A80214AAD890028000DF071
:107B300077FD84B2574829000DF0D6FF049B002B37
:107B400001D106F041FD0123059A21002800F7F735
:107B50002FFD06F039FD504A4C49A620C00006AB67
:107B60009C466044F5F742FD49A9A620C00006AB3B
:107B70009C466044FFF7BAFBB3E70A23AA22D2006F
:107B800006A98C4662441360434A40494548604414
:107B9000F5F72CFDAA21C90006AB9C46614441487B
:107BA0006044FFF7B9FBAEE7002D04D0499B002BE2
:107BB00001D0FF2B39D93C4A34493C4806AB9C469E
:107BC0006044F7F754FE394806AB9C466044FDF725
:107BD0009EFD002839D0344A2C49B520C00006ABA0
:107BE0009C466044F7F743FEB520C00006AB9C46B8
:107BF0006044FDF78CFD03002D4A80214AAD8900C9
:107C000028000DF00DFD84B2224829000DF06CFF14
:107C1000049B002B01D106F0D7FC0123059A21001B
:107C20002800F7F7C5FC06F0CFFC1F4A174921488A
:107C300006AB9C466044F7F71AFE49A91D4806ABFF
:107C40009C466044FFF752FBB5E764231A4A06A935
:107C50008C4662441360144A0C49B320C00060444F
:107C6000F7F705FE144906AB9C466144B320C000FB
:107C70006044FFF751FBAEE77CDEFFFF50D50310F9
:107C8000F8CD031084CE03104C7E0310142A00207C
:107C9000C09503103C8D03102C8403106405000074
:107CA000D0950310540500001081031084050000D6
:107CB000E09503107405000094050000002D04D029
:107CC000499B002B01D0FF2B39D9E64AE649B92060
:107CD000C00006AB9C466044F5F788FCB920C000A4
:107CE00006AB9C466044FDF712FD002839D0DD4A02
:107CF000DD49DE4806AB9C466044F5F777FCDB487F
:107D000006AB9C466044FDF702FD0300D84A802183
:107D10004AAD890028000DF083FC84B2D5482900C3
:107D20000DF0E2FE049B002B01D106F04DFC012377
:107D3000059A21002800F7F73BFC06F045FCC94AEC
:107D4000C949B720C00006AB9C466044F5F74EFC1D
:107D500049A9B720C00006AB9C466044FFF7C6FAAD
:107D6000B3E70F23BB22D20006A98C4662441360FE
:107D7000BC4ABD49C0486044F5F738FCBB21C90086
:107D800006AB9C466144BC486044FFF7C5FAAEE7C9
:107D9000002D04D0499B002B01D0FF2B39D9B74AC5
:107DA000B149B74806AB9C466044F7F760FDB4485C
:107DB00006AB9C466044FDF7AAFC002839D0AF4AC8
:107DC000A949C620C00006AB9C466044F7F74FFDAA
:107DD000C620C00006AB9C466044FDF798FC03003B
:107DE000A84A80214AAD890028000DF019FC84B210
:107DF000A04829000DF078FE049B002B01D106F06D
:107E0000E3FB0123059A21002800F7F7D1FB06F0D8
:107E1000DBFB9A4A94499C4806AB9C466044F7F7C2
:107E200026FD49A9984806AB9C466044FFF75EFAD8
:107E3000B5E71E23954A06A98C46624413608F4A13
:107E40008949C420C0006044F7F711FD8F4906AB93
:107E50009C466144C420C0006044FFF75DFAAEE771
:107E6000002D0ED048460CF083F9894A894B0BF05F
:107E7000CFFB002805D0884948460CF0E3F80028DD
:107E800042D1864A7849CA20C00006AB9C4660446D
:107E9000F7F74FF8CA20C00006AB9C466044FEF7D7
:107EA0000FF900210CF0C0F800283FD17B4A6E4941
:107EB000CF20C00006AB9C466044F7F73AF8CF20CD
:107EC000C00006AB9C466044FEF7FAF8744C80266E
:107ED0004AAD0CF04DF9009001912200B10028004C
:107EE0000DF09EFB84B2634829000DF0FDFD049B5C
:107EF000002B01D106F068FB0123059A2100280020
:107F0000F7F756FB06F060FB644A5749C820C000EB
:107F100006AB9C466044F7F70CF848A9C820C0009F
:107F200006AB9C466044FFF728F9AAE700225D4BA8
:107F3000CC21C90006A8844661440A604B60574AB8
:107F40004949CD20C0006044F6F7F3FFCC21C900B9
:107F500006AB9C466144CD20C0006044FFF725F984
:107F6000A4E7002D0ED048460CF002F9484A494BD0
:107F70000BF04EFB002805D0474948460CF062F84C
:107F8000002842D1484A3849D320C00006AB9C465D
:107F90006044F6F7EFFFD320C00006AB9C46604478
:107FA000FEF78EF800210CF03FF800283FD13E4A42
:107FB0002D49D820C00006AB9C466044F6F7DAFF96
:107FC000D820C00006AB9C466044FEF779F8374CD9
:107FD00080264AAD0CF0CCF8009001912200B1004F
:107FE00028000DF01DFB84B2224829000DF07CFD15
:107FF000049B002B01D106F0E7FA0123059A21002A
:108000002800F7F7D5FA06F0DFFA274A1649D120FB
:10801000C00006AB9C466044F6F7ACFF48A9D120EF
:10802000C00006AB9C466044FFF7A7F8AAE7204AC9
:10803000204BD521C90006A8844661440A604B60E4
:10804000194A0949D620C0006044F6F793FFD521AC
:10805000C90006AB9C466144D620C0006044FFF7CF
:10806000A4F8A4E764870310142A0020EC0500009C
:10807000F89503103C8D0310DC0500006C8703109D
:108080000C0600000C960310FC0500001C06000006
:108090009A9999999999B93F00001042BC7F0310B1
:1080A0002496031000802740C87F03103C960310DD
:1080B0003333333333332840002D0ED048460CF091
:1080C00057F8E44AE44B0BF0A3FA002805D0E34943
:1080D00048460BF0B7FF002842D1E14AE149DC20D5
:1080E000C00006AB9C466044F6F765FFDC20C0008C
:1080F00006AB9C466044FDF7E3FF00210BF094FFC4
:1081000000283FD1D64AD749E120C00006AB9C46A3
:108110006044F6F750FFE120C00006AB9C46604487
:10812000FDF7CEFFD04C80264AAD0CF021F8009030
:1081300001912200B10028000DF072FA84B2CB4800
:1081400029000DF0D1FC049B002B01D106F03CFA74
:108150000123059A21002800F7F72AFA06F034FADD
:10816000BF4AC049DA20C00006AB9C466044F6F71F
:1081700022FF48A9DA20C00006AB9C466044FEF707
:10818000FCFFAAE70022BA4BDE21C90006A88446FC
:1081900061440A604B60B24AB249DF20C0006044CB
:1081A000F6F709FFDE21C90006AB9C466144DF20DB
:1081B000C0006044FEF7F9FFA4E7002D02D0499B00
:1081C000012B39D9AB4AA749E520C00006AB9C4634
:1081D0006044F6F7AEFEE520C00006AB9C46604466
:1081E000FDF795FA002839D0A24A9E49A24806AB6D
:1081F0009C466044F6F79DFE9F4806AB9C46604453
:10820000FDF785FA03009D4A80214AAD89002800C8
:108210000DF006FA84B2954829000DF065FC049B28
:10822000002B01D106F0D0F90123059A2100280086
:10823000F7F7BEF906F0C8F98E4A8A49E320C00074
:1082400006AB9C466044F6F774FE49A9E320C000E3
:1082500006AB9C466044FFF749F8B3E7884B06AA93
:108260009446634400221A70824A7E4985486044DD
:10827000F6F75FFE824906AB9C4661448148604444
:10828000FEF7A9FFB0E7002D02D0499B022B39D998
:108290007D4A74497D4806AB9C466044FAF7B2FAC1
:1082A0007A4806AB9C466044FDF731FA002839D085
:1082B000754A6C49F220C00006AB9C466044FAF750
:1082C000A1FAF220C00006AB9C466044FDF71FFAFD
:1082D00003006F4A80214AAD890028000DF0A0F903
:1082E00084B2624829000DF0FFFB049B002B01D1F2
:1082F00006F06AF90123059A21002800F7F758F9DA
:1083000006F062F9604A5749624806AB9C466044F1
:10831000FAF778FA49A95F4806AB9C466044FEF735
:10832000E5FFB5E700235C4A06A98C46624413606A
:10833000554A4C49F020C0006044FAF763FA5649A8
:1083400006AB9C466144F020C0006044FEF7E4FFA9
:10835000AEE7002D1ED051490322CAA81BF0E6FB50
:10836000002853D04E490722CAA81BF0DFFB002883
:108370005ED14C4A3B49F620C00006AB9C466044A7
:10838000F5F713F94649F620C00006AB9C46604459
:10839000FEF76FFF434A3349FA20C00006AB9C4604
:1083A0006044F5F702F9FA20C00006AB9C46604431
:1083B000FAF7E0FB00287BD13A4A2A49FE20C000A8
:1083C00006AB9C466044F5F7F0F8FE20C00006AB13
:1083D0009C466044FDF7DCF90300334A80214AAD36
:1083E000890028000DF01CF984B2204829000DF006
:1083F0007BFB049B002B01D106F0E6F80123059AD4
:1084000021002800F7F7D4F806F0DEF8254A1549D0
:10841000F420C00006AB9C466044F5F7C6F81F493F
:10842000F420C00006AB9C466044FEF7FBFEB1E7BB
:108430001C4A0C49F820C00006AB9C466044F5F786
:10844000B4F81A49F820C00006AB9C466044FEF719
:1084500037FF9FE79A9999999999B93F000010427F
:10846000D87F0310142A00205C9603103C8D031063
:10847000000024407C9603104C07000088960310EF
:108480003B0700003C070000788703106C070000E2
:108490009C9603105C0700007C070000BC9603104C
:1084A000C0960310DC7D0310C89603109887031054
:1084B000E84AE949FC20C00006AB9C466044F5F759
:1084C00074F8E649FC20C00006AB9C466044FEF709
:1084D000F7FE71E7002D16D0499B5A1E0F2A01D9CD
:1084E000FF2B10D1DE4ADC498020000106AB9C4600
:1084F0006044FAF731FA49A98020000106AB9C4696
:108500006044FEF7F3FED64AD3498120000106AB52
:108510009C466044FAF720FA8120000106AB9C4695
:108520006044FDF7F4F8002827D0CD4ACA49CD4869
:1085300006AB9C466044FAF70FFACA4806AB9C4665
:108540006044FDF7E4F80300C74A80214AAD890082
:1085500028000DF065F884B2C44829000DF0C4FA73
:10856000049B002B01D106F02FF80123059A21006E
:108570002800F7F71DF806F027F8FF2382221201E2
:1085800006A98C4662441360B54AB349B8486044B2
:10859000FAF7E2F98221090106AB9C466144B4482E
:1085A0006044FEF7B9FEC0E74AA9B24B0A0031CBDE
:1085B00031C211CB11C2AD480DF096FA049B002BCD
:1085C00001D106F001F80123059A13214AA8F6F714
:1085D000EFFF05F0F9FF2300653BA622520093420E
:1085E00001D904F077FF9B00A34AD3589F46002D82
:1085F00041D0A2490722CAA81BF098FA002800D14E
:10860000BBE09F490522CAA81BF090FA002800D0C1
:10861000EAE006235246534342AAD2188E499948AB
:1086200006AB9C466044FCF77FFE964B06AA944638
:1086300063441E68944B63441E60944B6344944AA5
:10864000624423CA23C3934D654482492800F4F74A
:10865000A0FF1EAB1A0083CD83C22B962CAA8B4998
:1086600006A88446614461C961C223CB23C28A49FA
:108670002AA8FEF789FE06235246534342AEF61857
:1086800075493200854806AB9C466044FCF74CFEB9
:10869000824B06AA944663441F68814B63441F6063
:1086A000804B6344804A624423CA23C37F4D6544A0
:1086B00068492800F4F76DFF1EAB9C461A000BCDED
:1086C0000BC22B972CAA774906AB98464144A1C907
:1086D000A1C2634623CB23C22AA8FDF7BFF8002816
:1086E00000D005E15C493200714806AB9C4660440D
:1086F000FCF71AFE6E4B06AA944663441E686D4B47
:1087000063441E606C4B63446C4A624423CA23C3B7
:108710006B4D65444F492800F4F73BFF1EAB1A0030
:1087200083CD83C22B962CAA634906A88446614454
:1087300061C961C223CB23C22AA8FDF754F8614A5C
:1087400080214AAD019053460133009323008900F4
:1087500028000CF065FF84B2444829000DF0C4F9EC
:10876000049B002B01D105F02FFF0123059A210066
:108770002800F6F71DFF05F027FF06235246534356
:1087800042AAD2183449504806AB9C466044FCF7D4
:10879000CBFD4D4B06AA944663441E684B4B634485
:1087A0001E6087235B016344494A624423CA23C392
:1087B000484F674427493800F4F7EBFE1EAD0C2202
:1087C000390028000BF038FE2B962CAB8722520183
:1087D00006A98C46624443CA43C307CD07C31F4959
:1087E0002AA8FEF735FE46E706235246534342AA1F
:1087F000D2181949384806AB9C466044FCF794FDF2
:10880000354B06AA944663441E68344B63441E608D
:10881000334B6344334A624423CA23C3324F674411
:108820000C493800F4F7B5FE1EAD0C2239002800C3
:108830000BF002FE2B962CAB294A06A98C4662440B
:1088400043CA43C307CD07C328492AA8FEF727FE1A
:1088500011E7C046DC7D0310142A0020988703101E
:108860004888031034080000D89603103C8D03108C
:1088700024080000EC960310B8CE03108487031080
:108880009087031054080000F8100000FC1000004E
:1088900058080000EC100000009703107408000056
:1088A000301100003411000078080000241100008D
:1088B00094080000681100006C1100009808000086
:1088C0005C1100001097031044080000DC10000049
:1088D00048080000D01000006408000014110000D7
:1088E0001811000068080000081100000897031024
:1088F000DE493200DE484044FCF716FDDC4B4344C1
:108900001F68DC4B43441F60DB4B4344DB4A42445B
:1089100023CA23C38A235B0143449846D8491800DD
:10892000F4F737FE1EAD0C22414628000BF084FD03
:108930002B972CABD04A06A98C46624483CA83C3CA
:1089400007CD07C3CF492AA8FEF7A9FDCAE6002D27
:1089500004D0499B002B01D0FF2B57D953465B0015
:1089600053445B0042AAD218C049C74806AB9C4694
:108970006044FCF7D9FCC44B06AA944663441E68C5
:108980008D235B0163441E60C04B6344C04A624454
:1089900023CA23C3BF4D6544BF492800F6F74EFFE5
:1089A0002AA8030086CD86C31F9620ABB74A06A926
:1089B0008C46624462CA62C3020062CA62C35E46F7
:1089C00032001EA9F6F7CEFE2AA8FCF767FFB34ACD
:1089D00080214AAD02900196534601330093230053
:1089E000890028000CF01CFE84B2AD4829000DF06F
:1089F0007BF8049B002B01D105F0E6FD0123059ACD
:108A000021002800F6F7D4FD05F0DEFD06235246CE
:108A1000534342AAD2189549A24806AB9C466044EB
:108A2000FCF782FC9F4B06AA944663441E689E4B4B
:108A300063441E609D4B63449D4A624423CA23C322
:108A40009C4B6344984694491800F6F7F7FE2AAD0C
:108A50000C22414628000BF0EFFC1F9620AB934AF6
:108A600006A98C46624443CA43C32A0043CA43C38F
:108A70005A461EA92800F6F775FE49A92800FEF7F8
:108A800046FD6BE7002D05D0499B072B02D9FF2B34
:108A900000D881E006235246534342AEF61873498C
:108AA0003200854806AB9C466044FCF73DFC824B97
:108AB00006AA944663441F68804B63441F60804B42
:108AC0006344804A624423CA23C37F4D65447F497F
:108AD0002800F9F7CBFE1EAB9C461A000BCD0BC24B
:108AE0002B972CAA764906AB98464144A1C9A1C24E
:108AF000634623CB23C22AA8FCF791FE002800D1AD
:108B000081E05A493200724806AB9C466044FCF74B
:108B10000BFC6F4B06AA944663441E686D4B63447E
:108B20001E606D4B63446D4A624423CA23C36C4D7F
:108B3000654466492800F9F799FE1EAB1A0083CDFB
:108B400083C22B962CAA644906A88446614461C955
:108B500061C223CB23C22AA8FCF761FE614A8021AF
:108B60004AAD019053460133009323008900280049
:108B70000CF056FD84B24A4829000CF0B5FF049B66
:108B8000002B01D105F020FD0123059A21002800CA
:108B9000F6F70EFD05F018FD06235246534342AA90
:108BA000D2183249504806AB9C466044FCF7BCFBE7
:108BB0004D4B06AA944663441E684C4B63441E60AA
:108BC0008E235B0163444A4A624423CA23C3494F4C
:108BD00067443E493800F9F749FE1EAD0C223900C2
:108BE00028000BF029FC2B962CAB8E22520106A9F3
:108BF0008C46624443CA43C307CD07C349A92AA888
:108C0000FEF763FC46E7FF233B4A424413601749E3
:108C100032003A484044FCF787FB384B43441F6816
:108C2000374B43441F60374B4344374A424423CABF
:108C300023C3364B4344984624491800F9F716FEDF
:108C40001EAD0C22414628000BF0F6FB2B972CABF7
:108C50002C4A06A98C46624483CA83C307CD07C346
:108C6000254961442AA8FEF7A5FB4AE7142A0020FB
:108C7000840800004C11000050110000880800001A
:108C8000DC7D031008970310B4080000A411000055
:108C9000B8080000941100006081031024970310AD
:108CA0003C8D0310A408000084110000881100000E
:108CB000A808000078110000D4080000D8110000B6
:108CC000DC110000D8080000CC110000008803105F
:108CD000F80800001012000014120000FC08000048
:108CE0000412000048970310C4080000BC110000E3
:108CF000C8080000B0110000E4080000E808000007
:108D0000F4110000F8110000EC080000E811000068
:108D1000002D05D0499B002B02D0FF2B00D883E00B
:108D200006235246534342AEF61874493200744843
:108D300006AB9C466044FCF7F7FA714B06AA9446D2
:108D400063441F686F4B63441F606F4B63446F4AFB
:108D5000624423CA23C36E4D65446E492800F4F76C
:108D600039FC1EAB9C461A000BCD0BC22B972CAACC
:108D7000654906AB98464144A1C9A1C2634623CBCD
:108D800023C22AA8FCF74BFD002800D182E05B49F2
:108D90003200614806AB9C466044FCF7C5FA5E4B66
:108DA00006AA944663441E6894235B0163441E60D4
:108DB0005A4B634494221201624423CA23C3584D80
:108DC000654454492800F4F705FC1EAB1A0083CD16
:108DD00083C22B962CAA514906A88446614461C9D6
:108DE00061C223CB23C22AA8FCF719FD4D4A80217A
:108DF0004AAD0190534601330093230089002800B7
:108E00000CF00EFC84B2484829000CF06DFE049B67
:108E1000002B01D105F0D8FB0123059A2100280081
:108E2000F6F7C6FB05F0D0FB06235246534342AA91
:108E3000D21832493D4806AB9C466044FCF774FAB0
:108E40003A4B06AA944663441E68394B63441E603D
:108E5000384B6344384A624423CA23C391277F01B5
:108E600067442C493800F4F7B5FB1EAD0C223900DD
:108E700028000BF0E1FA2B962CAB2E4A06A98C4663
:108E8000624443CA43C307CD07C349A92AA8FEF7D2
:108E90001CFB45E70623294A424413601749320068
:108EA00027484044FCF740FA254B43441F68254BB4
:108EB00043441F60244B434493221201424423CA7B
:108EC00023C3224B4344984612491800F4F782FB0F
:108ED0001EAD0C22414628000BF0AEFA2B972CABAE
:108EE000194A06A98C46624483CA83C307CD07C3C7
:108EF000124961442AA8FEF75DFA48E7142A0020C7
:108F000018090000481200004C1200001C09000063
:108F10003C120000708303103C0900008412000022
:108F200074120000689703103C8D031008090000BC
:108F30002C120000301200000C090000280900006B
:108F40002C09000064120000681200005812000092
:108F5000002D00D11CE1B7490322CAA81AF0E6FD92
:108F6000002800D090E206235246534342AA93467B
:108F70009B44B1495A46B14806AB9C466044FCF755
:108F8000D3F9AE4B06AA944663441E68AC4B6344C7
:108F90001E6095235B01634495221201624423CA3B
:108FA00023C3A84F6744A8493800F6F726FC1EAD36
:108FB0000C22390028000BF03FFA2B962CAB95229F
:108FC000520106A98C46624443CA43C307CD07C376
:108FD0002AA8FCF743FC002800D06BE1964E5A46C5
:108FE00031009A4806AB9C466044FCF79DF9974BCC
:108FF00006AA944663441B689846954B63444246D0
:109000001A60944B634496221201624423CA23C31C
:1090100098277F0167448C4B069319003800F6F7B8
:10902000ECFB1EAD0C22390028000BF005FA42467D
:109030002B922CAB874A06A98C46624483CA83C311
:109040002A0083CA83C35A46310083486044FCF730
:109050006BF9814B06AA944663441A6891467F4B8C
:1090600063441A607E4B634497221201624483CAB0
:1090700083C37C4B634498467B491800F4F789FA14
:1090800016AB9C461A00414689C989C24A461F92BE
:1090900020AA734806AB98464044010089C989C29A
:1090A000634683CB83C22AAA11002800FEF744FC42
:1090B0005A4631006D484044FCF736F906996B4832
:1090C0004044FCF769FB5A46310069484044FCF7CC
:1090D0002BF9674BC44643441B689846654B634471
:1090E00042461A60644B634499221201624483CA67
:1090F00083C3624B6344994661491800F6F77DFBD0
:109100000C22494628000BF097F943462B932CABD1
:10911000594A06A98C46624483CA83C32A0083CA7B
:1091200083C3584B984619002AA8FCF77CFB5A4683
:109130003100554806AB9C466044FCF7F5F8524BAD
:1091400006AA944663441B689946504B63444A46BA
:109150001A604F4B63449A221201624443CA43C3CC
:109160004C4E66444C493000F9F780FB2B0007CE8B
:1091700007C34B462B932CAB454A06A98C46624449
:1091800043CA43C307CD07C341462AA8FCF74BFB9C
:1091900006235246534342AAD2182749A820000169
:1091A00006AB9C466044FCF7BFF8A8231B0106AA47
:1091B000944663441E68394B63441E60384B6344D5
:1091C000384A624423CA23C3374D654426492800E0
:1091D000F4F7DFF91EAB1A0083CD83C22B962CAABD
:1091E0002F4906A88446614461C961C223CB23C2CA
:1091F0002AA8FCF733FB002801D000F007FC2B4A1B
:109200008021534601330093230089004AA80CF0C3
:1092100007FA27484AA90CF067FC049B002B01D1F0
:1092200005F0D2F90123059A11214AA8F6F7C0F9F1
:1092300005F0CAF98C970310142A00204C0900008D
:109240009C12000090120000C88703105C09000007
:109250000C130000101300006C090000F012000055
:10926000F4120000E4120000A48703107C0900003F
:109270008C090000D4120000D8120000C8120000AF
:10928000BC870310D88703109C090000B8120000A7
:10929000BC120000AC120000AC8703109814000050
:1092A0009C140000840A00008C14000090970310A6
:1092B0003C8D0310654B06AA9446634400221A6055
:1092C000634B5A461F0019009B2000016044FCF7C5
:1092D0002BF89B231B0106AA944663441B689846FF
:1092E0005C4B6344404618609B235B0163445A48CF
:1092F0006044020023CA23C3584E6644584B069369
:1093000019003000F4F745F92AAD0C22310028008D
:109310000BF092F816A881464646179618AB9B208C
:10932000400106AA94466044020043CA43C32E008B
:1093300007CE07C3079640461F900C2218A80100CD
:1093400020A80BF079F823AB1BAA43CA43C34548B6
:1093500006AB9C46604406004349F9F787FA0EAB1A
:1093600007CE07C340462C90079B20AA43CA43C39D
:1093700030AB43CA43C30EAA43CA43C3334806AB08
:109380009C46604401002800FEF7E8F89C2000019C
:1093900006AB9C466044002202605A4639003348BE
:1093A0006044FBF7C1FF314A06AB9C466244166835
:1093B0002F4A624416602F4A624413002E4A6244C8
:1093C00083CA83C32D4A6244904606991000F4F77D
:1093D000E0F80C22414628000BF02EF84A46566071
:1093E000244A06AB9C466244130018AA83CB83C26E
:1093F00013002A0083CA83C31F960C2218A920A831
:109400000BF01AF823AB1BAA83CA83C31C4F06AB0D
:109410009C4667441B493800F4F7DCF80EAB07CFD5
:1094200007C32C96079B20AA23CA23C330AB23CAA9
:1094300023C30EAA23CA23C39C21090106AB9C4661
:1094400061442AA8FEF78AF8A2E6C046AC090000EB
:10945000142A00205C130000B4090000501300001F
:10946000A487031044130000B0870310C409000050
:109470003413000038130000C8090000281300004E
:109480001C130000B487031006235246534342AA1C
:10949000D3180693A04998461A00A04806AB9C46EC
:1094A0006044FBF741FF9D4906AB9C4661440E6852
:1094B0009B4961440E609B4961440B009A4A624497
:1094C00023CA23C3994D654499492800F4F761F8EC
:1094D0001EAB1A0083CD83C22B962CAA914906A8F5
:1094E0008446614461C961C223CB23C22AA8FCF728
:1094F000B5F9002800D057E1874B42469B4619003A
:109500008C4806AB9C466044FBF70EFF894906ABCE
:109510009C4661440F68884961440F6087496144F3
:109520000B00874A624423CA23C3864E664480499F
:1095300089463000F4F72DF81EAD0C2231002800CA
:109540000AF07AFF2B972CAB7C4A06A98C46624422
:1095500083CA83C32A0083CA83C3434606931A007F
:10956000594679486044FBF7DFFE774906AB9C46D5
:1095700061440968884675496144404608607449F9
:1095800061440B00734A624483CA83C3724F6744C9
:10959000724907913800F6F730F916AB1A0043CF3D
:1095A00043C240461F9020AA694806A98C466044E1
:1095B0000100C1C9C1C283CB83C22AA8010028000F
:1095C000FEF7BAF9069E32005946654806AB9C463E
:1095D0006044FBF7A9FE4946614806AB9C466044DF
:1095E000FCF7DAF80696320059465E4806AB9C4610
:1095F0006044FBF799FE5B4806AB9C4660440768F5
:10960000594860440760594860440300584A62441E
:1096100043CA43C39E204001604480465549F6F743
:10962000ECF80C22414628000AF006FF2B972CABE1
:109630004E4A06A98C46624483CA83C32A0083CA61
:1096400083C34D48814601002AA8FCF7ECF8069E2A
:1096500032005946494806AB9C466044FBF764FE1D
:10966000464806AB9C4660440068804644486044D7
:1096700047460760434B634443486044020083CA43
:1096800083C3424F674407993800F6F7B6F82B00BA
:1096900007CF07C341462B912CAB3A4906AA944603
:1096A00061440A0083CA83C32A0083CA83C349462C
:1096B0002AA8FCF7B8F832005946354806AB9C4654
:1096C0006044FBF731FE324B06AA944663441F68A0
:1096D000304B63441F60304B6344304A624443CA9A
:1096E00043C32F4B634498462E491800F9F7BEF840
:1096F0000C22414628000AF09FFE2B972CAB264AED
:1097000006A98C46624443CA43C307CD07C34946F2
:109710002AA8FCF788F83BE5142A0020D4090000A9
:10972000781300007C130000D80900006C130000BF
:10973000A4870310E40900000414000008140000CA
:10974000E8090000F8130000F4090000E813000025
:10975000EC130000F8090000DC130000C8870310B8
:10976000040A0000140A0000CC130000D01300000B
:10977000180A0000BC870310C4870310240A0000E5
:10978000B0130000B4130000280A0000A413000066
:10979000340A00009413000098130000380A0000F7
:1097A00088130000AC870310E14A06AB9C46624474
:1097B00000231360DF4B069A09931900DE486044CA
:1097C000FBF7B2FDDC4D06AB9C4665442D68A84610
:1097D000DA4D654446462E60A4235B016344D84AB3
:1097E000624423CA23C3D74F6744D74D0795290046
:1097F0003800F6F702F82AAD0C22390028000AF0EA
:109800001BFE16AEB3464746179718ABA42252016B
:1098100006A98C46624483CA83C32E0007CE07C3C1
:1098200047461F970C2218AF390020A80AF004FE03
:1098300023AB1BAA83CA83C3C44F06AB9C466744B1
:10984000C3493800F9F712F80EAA9146130007CF62
:1098500007C347462C970896330020AA83CA83C3C0
:1098600083CA83C34A4683CA83C3B14F06AB9C46AF
:10987000674439002800FDF771FEB64F06AB9C46E1
:10988000674400203860069A099E3100B24F674451
:109890003800FBF749FDB04F06AB9C4667443F6874
:1098A000B846AE4F674442463A60AD4F67443B000E
:1098B000A6273F0167443A0083CA83C3A94F674480
:1098C00007993800F5F799FF0C22390028000AF0B3
:1098D000B3FD5F4642467A60A14F06AB9C466744A3
:1098E0003B0018AA83CB83C213002A0083CA83C318
:1098F00047461F970C2218AF390020AF38000AF0F6
:109900009BFD23AB1BAA83CA83C3974F06AB9C4620
:10991000674496493800F3F75DFE4B4607CF07C30F
:1099200047462C97089B20AA83CA83C330AB83CABF
:1099300083C34A4683CA83C3864F06AB9C466744AB
:1099400039002800FDF70AFE894F06AB9C466744A4
:1099500000203860069A3100A72000016044FBF720
:10996000E3FCA722120106AB9C4662441768814AB9
:1099700062441760804A62441300804A624443CACA
:1099800043C3A12252016244904607991000F5F7A3
:1099900034FF0C22414628000AF04EFD5A4657601B
:1099A000754A06AB9C466244130018AA43CB43C2D7
:1099B00013002A0043CA43C31F970C2218A920A8EA
:1099C0000AF03AFD23AB1BAA43CA43C36C4A06AB59
:1099D0009C46624416006B491000F5F79EFA4B4610
:1099E00007CE07C32C97089B20AA23CA23C330ABFA
:1099F00023CA23C34A4623CA23C35D4906AB9C46F8
:109A000061442AA8FDF7AAFDFFF7C2FB5E4A802148
:109A1000534601330093230089004AA80BF000FE4F
:109A2000FFF7F7FB002D05D0499B002B02D0102B30
:109A300000D8BBE006235246534342AAD2183D4900
:109A4000AA20000106AB9C466044FBF76DFCAA23EC
:109A50001B0106AA944663441B6899464B4B63441A
:109A60004A461A604A4B63444A4A624423CA23C3A3
:109A7000494E664449493000F8F7F8FE2AAD2800FF
:109A80000ECE0EC006904A46179218AB404A06A961
:109A90008C46624443CA43C32A0043CA43C34A466E
:109AA0001F9220AF0C22934618A938000AF0C4FC7C
:109AB00023AB1BAA43CA43C3394A06AB9C46624444
:109AC000904623491000F8F7D1FE0EAE5A464146A3
:109AD00030000AF0B1FC4A462C92069B07CF07C320
:109AE00030AB3A0023CA23C307CE07C32AA8FCF72A
:109AF0000DF92C4A80214AAD019053460133009361
:109B00002300890028000BF08BFD84B22648290031
:109B10000BF0EAFF049B002B01D104F055FD01235B
:109B2000059A21002800F5F743FD04F04DFDC046DD
:109B3000440A0000142A0020480A00007C14000097
:109B40004C0A000070140000C88703106414000061
:109B5000B0870310580A00005C0A0000541400008B
:109B600058140000481400003C140000B48703108F
:109B70006C0A00002C14000030140000740A00006D
:109B800014140000D8870310A4970310E8140000F1
:109B9000EC140000A40A0000DC140000AC870310E1
:109BA000D0140000B89703103C8D031006235246D2
:109BB000534342AAD218A049A920000106AB9C46F3
:109BC0006044FBF7B1FBA9231B0106AA944663443A
:109BD0001B689946A6235B0163444A461A60974B6B
:109BE0006344974A624423CA23C3964E6644964907
:109BF0003000F8F73BFE2AAD28000ECE0EC00690CE
:109C00004A46179218AB8D4A06A98C46624443CA4D
:109C100043C32A0043CA43C34A461F9220AF0C22C3
:109C2000934618A938000AF007FC23AB1BAA43CAC5
:109C300043C3864A06AB9C46624490468449100062
:109C4000F8F714FE0EAE5A46414630000AF0F4FB17
:109C50004A462C92069B07CF07C330AB3A0023CA73
:109C600023C307CE07C349A92AA8FDF78DFCE1E667
:109C7000002D02D0499B3A2B7DD9062352465343EF
:109C800042AAD2186C49AC20000106AB9C46604445
:109C9000FBF74AFBAC231B0106AA944663441B68EE
:109CA00099466C4B63444A461A606B4B63446B4A5B
:109CB000624423CA23C36A4E664463493000F8F7FE
:109CC000D5FD2AAD28000ECE0EC006904A4617924A
:109CD00018AB614A06A98C46624443CA43C32A00B2
:109CE00043CA43C34A461F9220AF0C22934618A989
:109CF00038000AF0A1FB23AB1BAA43CA43C3A92225
:109D0000520106AB9C466244904656491000F3F758
:109D100061FC0EAE5A46414630000AF08DFB4A46C1
:109D20002C92069B07CF07C330AB3A0023CA23C34C
:109D300007CE07C32AA8FBF7E9FF4B4A80214AADAB
:109D400001905346013300932300890028000BF053
:109D500067FC84B2454829000BF0C6FE049B002B2B
:109D600001D104F031FC0123059A21002800F5F708
:109D70001FFC04F029FC06235246534342AAD21882
:109D80002D49AB20000106AB9C466044FBF7CCFAA2
:109D9000AB231B0106AA944663441B689946344BC7
:109DA00063444A461A60334B6344334A624423CACD
:109DB00023C3324E664424493000F8F757FD2AADDC
:109DC00028000ECE0EC006904A46179218AB294ABC
:109DD00006A98C46624443CA43C32A0043CA43C30C
:109DE0004A461F9220AF0C22934618A938000AF069
:109DF00023FB23AB1BAA43CA43C3214A06AB9C46A1
:109E00006244904617491000F3F7E4FB0EAE5A4641
:109E1000414630000AF010FB4A462C92069B07CFC1
:109E200007C330AB3A0023CA23C307CE07C349A9EF
:109E30002AA8FDF7A9FB20E7142A0020C41400007B
:109E4000940A0000B4140000AC870310A8140000AA
:109E5000B0870310381500003C150000C40A00004C
:109E60002C150000B4870310D49703103C8D031009
:109E70001015000014150000B40A000004150000BD
:109E8000F814000006235246534342AA90469844D1
:109E9000EA494246AD20000106AB9C466044FBF710
:109EA00043FAAD231B0106AA944663441F68E44BA2
:109EB00063441F60E34B6344E34A624443CA43C3C1
:109EC000E24B63449946E2491800F3F762FB1EAE89
:109ED0000C22494630000AF0AFFA2B972CABD94A36
:109EE00006A98C46624483CA83C307CE07C32AA847
:109EF000FBF7B4FC00287DD0002D03D0499BFF2B3D
:109F000000D880E0CD494246AF20000106AB9C4618
:109F10006044FBF709FAAF231B0106AA9446634489
:109F20001B689946CB4B63444A461A60CA4B63444C
:109F3000CA4A624423CA23C3C94D6544C94928009B
:109F4000F8F794FC2AAE0C273A00290030000AF0FA
:109F500073FA4B46179318ABBF4A06A98C46624466
:109F600023CA23C3350007CD07C3A8464B461F931A
:109F700020AD3A0018A928000AF05EFA23AB1BAA0C
:109F800083CA83C3B84F06AB9C466744B7493800C1
:109F9000F4F7C3FF0EAB9C461A000BCF0BC24A4628
:109FA0002C92424643CD43C2290061C961C2634637
:109FB00023CB23C22AA8FBF7A9FEAD4A802101903A
:109FC000534601330093230089004AA80BF028FB75
:109FD00084B2A8484AA90BF087FD049B002B01D14D
:109FE00004F0F2FA0123059A21004AA8F5F7E0FAF5
:109FF00004F0EAFAA04A8021230089004AA80BF065
:10A000000FFB1124E5E78D494246AE20000106AB67
:10A010009C466044FBF788F9AE231B0106AA9446D0
:10A0200063441B689B46954B63445A461A60AC23B5
:10A030005B016344924A624423CA23C3914D654441
:10A0400088492800F8F712FC2AAE0C273A002900AC
:10A0500030000AF0F1F95B46179318ABAC225201BD
:10A0600006A98C46624423CA23C3350007CD07C323
:10A07000A9465B461F9320AD3A0018A928000AF0B4
:10A08000DBF923AB1BAA83CA83C37F4F06AB9C4675
:10A09000674476493800F4F740FF0EAB9C461A003F
:10A0A0000BCF0BC25A462C924A4643CD43C22900DD
:10A0B00061C961C2634623CB23C249A92AA8FDF71F
:10A0C00063FA1FE7002D05D0499B002B02D0102B0F
:10A0D00000D8EFE006235246534342AEF6185749E4
:10A0E0003200B320000106AB9C466044FBF71CF92C
:10A0F000B3231B0106AA944663441F68634B634461
:10A100001F60634B6344634A624423CA23C3B12381
:10A110005B01634498464E491800F3F73AFA1EADC6
:10A120000C22414628000AF087F92B972CAB584A9D
:10A1300006A98C46624483CA83C307CD07C32AA8F5
:10A14000FBF78CFB002800D09FE13C493200B42093
:10A15000000106AB9C466044FBF7E6F8B4231B0104
:10A1600006AA944663441B6899464B4B63444A468F
:10A170001A604A4B63444A4A624423CA23C3494D86
:10A18000654433492800F3F704FA2AAE0C273A0055
:10A19000290030000AF050F94B46179318AB3F4A9C
:10A1A00006A98C46624423CA23C3350007CD07C3E2
:10A1B000A8464B461F9320AD3A0018A928000AF084
:10A1C0003BF923AB1BAA83CA83C3374F06AB9C461C
:10A1D000674436493800F8F749FB0EAB9C461A0035
:10A1E0000BCF0BC24A462C92424643CD43C22900B4
:10A1F00061C961C2634623CB23C22AA8FBF786FD4F
:10A200002B4A80210190534601330093230089009B
:10A210004AA80BF005FA84B216484AA90BF064FC70
:10A22000049B002B01D104F0CFF90123059A2100F2
:10A230004AA8F5F7BDF904F0C7F9C046142A002072
:10A240005415000058150000D40A000048150000FD
:10A25000A4870310A4150000A8150000F40A00004C
:10A2600098150000AC8703108C150000D8870310E8
:10A27000089803103C8D0310F49703107C15000020
:10A28000E40A000070150000641500002C160000A0
:10A2900030160000340B0000541600005816000061
:10A2A000440B0000481600003C160000B087031065
:10A2B0002898031006235246534342AEF618A84985
:10A2C0003200B020000106AB9C466044FBF72CF83E
:10A2D000B0231B0106AA944663441F68AE235B01AA
:10A2E00063441F609F4B63449F4A624423CA23C355
:10A2F0009E4D65449E492800F3F74BF91EAB9C46E2
:10A300001A000BCD0BC22B972CAA964906AB984688
:10A310004144A1C9A1C2634623CB23C22AA8FBF7AB
:10A320009DFA002854D18E493200B12000014044EA
:10A33000FAF7FAFFB1231B0143441B6899468D4B82
:10A3400043444A461A608C4B43448C4A424423CAD5
:10A3500023C38B4E464486493000F3F71AF92AADE1
:10A3600028000ECE0EC006904A46179218AB824ABD
:10A37000424443CA43C32A0043CA43C34A461F92C6
:10A3800020AF0C22934618A938000AF055F823ABE9
:10A390001BAA43CA43C37B4A424490467A491000F1
:10A3A000F8F764FA0EAE5A46414630000AF044F817
:10A3B0004A462C92069B07CF07C330AB3A0023CA0C
:10A3C00023C307CE07C349A92AA8FDF7DDF881E614
:10A3D00063493200B220000106AB9C466044FAF7A4
:10A3E000A3FFB2231B0106AA944663441B68994647
:10A3F000664B63444A461A60654B6344654A62444F
:10A4000023CA23C3644E664464493000F5F7F5F966
:10A410002AAD28000ECE0EC006904A46179218AB01
:10A420005B4A06A98C46624443CA43C32A0043CA16
:10A4300043C34A461F9220AF0C22934618A9380006
:10A4400009F0FAFF23AB1BAA43CA43C3544A06AB25
:10A450009C46624490464C491000F8F707FA0EAE4D
:10A460005A464146300009F0E7FF4A462C92069BC7
:10A4700007CF07C330AB3A0023CA23C307CE07C3B5
:10A4800049A92AA8FDF780F824E635493200B5200D
:10A49000000106AB9C466044FAF746FFB5231B015A
:10A4A00006AA944663441B6899463E4B63444A4659
:10A4B0001A60B4235B0163443B4A624423CA23C34A
:10A4C0003A4D654435492800F5F797F92AAE0C272F
:10A4D0003A002900300009F0AFFF4B46179318AB44
:10A4E000B422520106A98C46624423CA23C3350014
:10A4F00007CD07C3A8464B461F9320AD3A0018A9C5
:10A50000280009F099FF23AB1BAA83CA83C3284FF5
:10A5100006AB9C4667441C493800F8F7A7F90EAB18
:10A520009C461A000BCF0BC24A462C92424643CDA2
:10A5300043C2290061C961C2634623CB23C22AA852
:10A54000FBF7E4FB1B4A8021019053460133009343
:10A55000230089004AA80BF063F884B25CE6C04689
:10A56000142A0020C4150000040B0000B4150000DC
:10A57000A4870310E8150000EC150000140B000080
:10A58000DC150000D0150000B08703101016000085
:10A5900014160000240B000004160000C8870310E6
:10A5A000F81500007C160000540B00007016000027
:10A5B0006416000044980310002D03D0499B3A2BE9
:10A5C00000D8B2E006235246534342AEF618CC49B7
:10A5D0003200B920000106AB9C466044FAF7A4FEA5
:10A5E000B9231B0106AA944663441F68C54B634404
:10A5F0001F60C54B6344C54A624423CA23C3C44B8E
:10A6000063449846C3491800F2F7C3FF1EAD0C22FD
:10A610004146280009F010FF2B972CABBA4A06A937
:10A620008C46624483CA83C307CD07C32AA8FBF7BD
:10A6300015F9002800D099E1B1493200BA20000193
:10A6400006AB9C466044FAF76FFEBA231B0106AACC
:10A65000944663441B689946AF4B63444A461A606C
:10A66000AE4B6344AE4A624423CA23C3B9256D018D
:10A670006544A8492800F2F78CFF2AAE0C273A005F
:10A680002900300009F0D8FE4B46179318ABA34AB7
:10A6900006A98C46624423CA23C3350007CD07C3ED
:10A6A000A8464B461F9320AD3A0018A9280009F090
:10A6B000C3FE23AB1BAA83CA83C39A4F06AB9C4637
:10A6C000674499493800F2F785FF0EAB9C461A00A3
:10A6D0000BCF0BC24A462C92424643CD43C22900BF
:10A6E00061C961C2634623CB23C22AA8FBF70EFBD4
:10A6F0008E4A802101905346013300932300890044
:10A700004AA80AF08DFF84B289484AA90BF0ECF9F7
:10A71000049B002B01D103F057FF0123059A210070
:10A720004AA8F4F745FF03F04FFF06235246534370
:10A7300042AEF61872493200B620000106AB9C46C4
:10A740006044FAF7F1FDB6231B0106AA9446634460
:10A750001F68784B63441F60774B6344774A6244B9
:10A7600023CA23C3764D65446A492800F2F711FFD6
:10A770001EAB9C461A000BCD0BC22B972CAA6E4920
:10A7800006AB98464144A1C9A1C2634623CB23C26C
:10A790002AA8FBF763F8002855D159493200B720A1
:10A7A00000014044FAF7C0FDB7231B0143441B6876
:10A7B0009946B6235B0143444A461A60614B4344C1
:10A7C000614A424423CA23C3604E46445149300083
:10A7D000F2F7DFFE2AAD28000ECE0EC006904A46E4
:10A7E000179218AB574A424443CA43C32A0043CA8C
:10A7F00043C34A461F9220AF0C22934618A9380043
:10A8000009F01AFE23AB1BAA43CA43C3504A424471
:10A81000904645491000F2F7DDFE0EAE5A4641461D
:10A82000300009F009FE4A462C92069B07CF07C369
:10A8300030AB3A0023CA23C307CE07C349A92AA8CD
:10A84000FCF7A2FEBEE62E493200B820000106AB9E
:10A850009C466044FAF768FDB8231B0106AA94469B
:10A8600063441B6899463B4B63444A461A603A4B23
:10A8700063443A4A624423CA23C3394E6644394981
:10A880003000F4F7BAFF2AAD28000ECE0EC00690B5
:10A890004A46179218AB304A06A98C46624443CA0E
:10A8A00043C32A0043CA43C34A461F9220AF0C2227
:10A8B000934618A9380009F0BFFD23AB1BAA43CA71
:10A8C00043C3294A06AB9C46624490461649100091
:10A8D000F2F780FE0EAE5A464146300009F0ACFD5C
:10A8E0004A462C92069B07CF07C330AB3A0023CAD7
:10A8F00023C307CE07C349A92AA8FCF745FE61E692
:10A90000142A00200417000008170000940B000010
:10A91000F8160000A48703102C1700003017000061
:10A92000A40B000014170000B487031060980310F4
:10A930003C8D0310981600009C160000640B00006C
:10A940008C160000C4160000740B0000B416000042
:10A95000A8160000E8160000EC160000840B0000AA
:10A96000DC160000C8870310D0160000C249320070
:10A97000BB20000106AB9C466044FAF7D5FCBB2324
:10A980001B0106AA944663441B689946BB4B63446B
:10A990004A461A60BA4B6344BA4A624423CA23C384
:10A9A000B94D6544B9492800F4F727FF2AAE0C27B2
:10A9B0003A002900300009F03FFD4B46179318ABD1
:10A9C000AF4A06A98C46624423CA23C3350007CD8B
:10A9D00007C3A8464B461F9320AD3A0018A928008C
:10A9E00009F02AFD23AB1BAA83CA83C3A84F06AB79
:10A9F0009C466744A7493800F2F7ECFD0EAB9C4635
:10AA00001A000BCF0BC24A462C92424643CD43C29A
:10AA1000290061C961C2634623CB23C22AA8FBF780
:10AA200075F99D4A8021019053460133009323001C
:10AA300089004AA80AF0F4FD84B265E6062352466E
:10AA4000534342AA904698448B494246BC20000199
:10AA500006AB9C466044FAF767FCBC231B0106AAC0
:10AA6000944663441F688D4B63441F608C4B634462
:10AA70008C4A624443CA43C38B4E66448B493000C0
:10AA8000F2F787FD1EAB9C461A000BCE0BC22B972C
:10AA90002CAA834906AB99464944C1C9C1C2634641
:10AAA00043CB43C22AA8FAF7D9FE00287ED0002D56
:10AAB00003D0499BFF2B00D881E06F494246BE205E
:10AAC000000106AB9C466044FAF72EFCBE231B0136
:10AAD00006AA944663441B689946BE235B016344FF
:10AAE0004A461A60724B6344724A624423CA23C3C3
:10AAF000714E664465493000F4F77FFE2AAD2800A8
:10AB00000ECE0EC006904A46179218AB684A06A9A8
:10AB10008C46624443CA43C32A0043CA43C34A46DD
:10AB20001F9220AF0C22934618A9380009F084FC2C
:10AB300023AB1BAA43CA43C3604A06AB9C4662448C
:10AB400090465F491000F4F7E8F90EAE5A464146C8
:10AB5000300009F071FC4A462C92069B07CF07C3D0
:10AB600030AB3A0023CA23C307CE07C32AA8FBF79A
:10AB7000CDF8544A802101905346013300932300BD
:10AB800089004AA80AF04CFD84B24F484AA90AF04D
:10AB9000ABFF049B002B01D103F016FD0123059AA6
:10ABA00021004AA8F4F704FD03F00EFD474A802176
:10ABB000230089004AA80AF033FD1124E5E72E4955
:10ABC0004246BD20000106AB9C466044FAF7ACFB50
:10ABD000BD231B0106AA944663441B689B463C4B5D
:10ABE00063445A461A603B4B63443B4A624423CA5F
:10ABF00023C33A4E664425493000F4F7FEFD2AADE2
:10AC000028000ECE0EC006905A46179218AB314A55
:10AC100006A98C46624443CA43C32A0043CA43C3BD
:10AC20005A461F9220AF0C2218A9380009F004FCE4
:10AC300023AB1BAA43CA43C3BC22520106AB9C46AA
:10AC4000624491461E491000F4F767F90EAE0C22DB
:10AC50004946300009F0F0FB5A462C92069B07CF7C
:10AC600007C330AB3A0023CA23C307CE07C349A9A1
:10AC70002AA8FCF789FC20E7142A002054170000BA
:10AC800058170000B40B000048170000C8870310D5
:10AC90003C170000B4870310809803107017000061
:10ACA00074170000C40B000064170000A487031091
:10ACB000C4170000E40B0000B4170000A817000040
:10ACC000D8870310A49803103C8D0310F497031049
:10ACD000981700009C170000D40B00008C17000090
:10ACE000002D04D0499B002B01D0102B7CD90623CA
:10ACF0005246534342AAD218DE49C020000106AB97
:10AD00009C466044FAF710FBC0231B0106AA944638
:10AD100063441B689946D84B63444A461A60D74B34
:10AD20006344D74A624423CA23C3D64E6644D649F5
:10AD30003000F4F762FD2AAD28000ECE0EC006905A
:10AD40004A46179218ABCD4A06A98C46624443CABC
:10AD500043C32A0043CA43C34A461F9220AF0C2272
:10AD6000934618A9380009F067FB23AB1BAA43CA16
:10AD700043C3C64A06AB9C4662449046C449100091
:10AD8000F7F774FD0EAE5A464146300009F054FB09
:10AD90004A462C92069B07CF07C330AB3A0023CA22
:10ADA00023C307CE07C32AA8FAF7B0FFB94A802108
:10ADB0004AAD0190534601330093230089002800D7
:10ADC0000AF02EFC84B2B44829000AF08DFE049BE0
:10ADD000002B01D103F0F8FB0123059A2100280084
:10ADE000F4F7E6FB03F0F0FB06235246534342AA76
:10ADF000D218A049BF20000106AB9C466044FAF778
:10AE000093FABF231B0106AA944663441B68994624
:10AE1000A24B63444A461A60A14B6344A14A624470
:10AE200023CA23C3A04E664497493000F4F7E5FCDB
:10AE30002AAD28000ECE0EC006904A46179218ABD7
:10AE4000974A06A98C46624443CA43C32A0043CAB0
:10AE500043C34A461F9220AF0C22934618A93800DC
:10AE600009F0EAFA23AB1BAA43CA43C38F4A06ABD5
:10AE70009C466244904686491000F7F7F7FC0EAEF8
:10AE80005A464146300009F0D7FA4A462C92069BB2
:10AE900007CF07C330AB3A0023CA23C307CE07C38B
:10AEA00049A92AA8FCF770FB21E7002D02D0499B95
:10AEB0003A2B7DD906235246534342AAD2186D49F4
:10AEC000C220000106AB9C466044FAF72DFAC2236B
:10AED0001B0106AA944663441B689946C3235B0181
:10AEE00063444A461A60724B6344724A624423CAFE
:10AEF00023C3714E664464493000F4F77EFC2AADEA
:10AF000028000ECE0EC006904A46179218AB684A2B
:10AF100006A98C46624443CA43C32A0043CA43C3BA
:10AF20004A461F9220AF0C22934618A9380009F018
:10AF300083FA23AB1BAA43CA43C3604A06AB9C46B1
:10AF4000624490465E491000F2F744FB0EAE5A464A
:10AF50004146300009F070FA4A462C92069B07CF12
:10AF600007C330AB3A0023CA23C307CE07C32AA8BE
:10AF7000FAF7CCFE534A80214AAD01905346013383
:10AF800000932300890028000AF04AFB84B242485B
:10AF900029000AF0A9FD049B002B01D103F014FB4A
:10AFA0000123059A21002800F4F702FB03F00CFBB3
:10AFB00006235246534342AAD2182E49C12000010B
:10AFC00006AB9C466044FAF7AFF9C1231B0106AA01
:10AFD000944663441B6899463B4B63444A461A6057
:10AFE0003A4B63443A4A624423CA23C3394E664407
:10AFF00025493000F4F701FC2AAD28000ECE0EC022
:10B0000006904A46179218AB304A06A98C4662440D
:10B0100043CA43C32A0043CA43C34A461F9220AFD0
:10B020000C22934618A9380009F006FA23AB1BAA94
:10B0300043CA43C3C122520106AB9C4662449046B8
:10B040001F491000F2F7C6FA0EAE5A4641463000CC
:10B0500009F0F2F94A462C92069B07CF07C330ABA2
:10B060003A0023CA23C307CE07C349A92AA8FCF77D
:10B070008BFA1FE7142A0020101800001418000093
:10B08000040C000004180000BC870310F81700002F
:10B09000B0870310C89803103C8D0310E817000018
:10B0A000EC170000F40B0000DC170000D0170000C4
:10B0B00064180000240C0000541800004818000018
:10B0C000B4870310E4980310381800003C180000FF
:10B0D000140C00002C18000006235246534342AAC9
:10B0E00090469844D3494246C320000106AB9C4693
:10B0F0006044FAF719F9C3231B0106AA9446634476
:10B100001F68CD4B63441F60C4235B016344CB4A7B
:10B11000624443CA43C3CA4B63449946C9491800B1
:10B12000F2F737FA1EAE0C224946300009F084F9D6
:10B130002B972CABC422520106A98C46624483CAC9
:10B1400083C307CE07C32AA8FAF788FB00287ED05E
:10B15000002D03D0499BFF2B00D881E0B549424622
:10B16000C520000106AB9C466044FAF7DDF8C52314
:10B170001B0106AA944663441B689946B24B63447C
:10B180004A461A60B14B6344B14A624423CA23C39E
:10B19000C6256D016544AF492800F4F72EFB2AAEA1
:10B1A0000C273A002900300009F046F94B46179366
:10B1B00018ABA64A06A98C46624423CA23C33500AD
:10B1C00007CD07C3A8464B461F9320AD3A0018A9E8
:10B1D000280009F031F923AB1BAA83CA83C39E4F11
:10B1E00006AB9C4667449D493800F3F796FE0EABCC
:10B1F0009C461A000BCF0BC24A462C92424643CDC6
:10B2000043C2290061C961C2634623CB23C22AA875
:10B21000FAF77CFD924A8021019053460133009356
:10B22000230089004AA80AF0FBF984B28D484AA994
:10B230000AF05AFC049B002B01D103F0C5F901234D
:10B24000059A21004AA8F4F7B3F903F0BDF9864A3C
:10B250008021230089004AA80AF0E2F91124E5E7D9
:10B2600074494246C420000106AB9C466044FAF78C
:10B270005BF8C4231B0106AA944663441B689B46E3
:10B280007A4B63445A461A60794B6344794A624464
:10B2900023CA23C3784D65446E492800F4F7ADFAFC
:10B2A0002AAE0C273A002900300009F0C5F85B46A9
:10B2B000179318AB6E4A06A98C46624423CA23C36F
:10B2C000350007CD07C3A9465B461F9320AD3A0062
:10B2D00018A9280009F0B0F823AB1BAA83CA83C3BE
:10B2E000664F06AB9C4667445C493800F3F715FE91
:10B2F0000EAB9C461A000BCF0BC25A462C924A4604
:10B3000043CD43C2290061C961C2634623CB23C236
:10B3100049A92AA8FCF738F920E7002D02D0499B5B
:10B32000FF2B52D906235246534342AAD218414911
:10B33000C720000106AB9C466044F9F7F5FFC72320
:10B340001B0106AA944663441E684D4B63441E606D
:10B350004C4B63444C4A624423CA23C34B4F67445B
:10B360004B493800F3F71BFE1EAD0C2239002800B4
:10B3700009F062F82B962CAB424A06A98C4662442F
:10B3800043CA43C307CD07C32AA8FAF748FA414A7C
:10B3900080214AAD01905346013300932300890078
:10B3A00028000AF03DF984B22E4829000AF09CFBDF
:10B3B000049B002B01D103F007F90123059A21001A
:10B3C0002800F4F7F5F803F0FFF80623524653433C
:10B3D00042AAD2181749C620000106AB9C46604419
:10B3E000F9F7A2FFC6231B0106AA944663441E6810
:10B3F000294B63441E60294B6344294A624423CA93
:10B4000023C3284D654422492800F3F7C8FD1EAB2D
:10B410001A0083CD83C22B962CAA204906A8844605
:10B42000614461C961C223CB23C249A92AA8FCF7A0
:10B430004CF877E7142A00207C180000340C000038
:10B4400070180000A4870310CC180000D01800006A
:10B45000540C0000BC870310B4180000D8870310F8
:10B46000089903103C8D0310F4970310A4180000F2
:10B47000A8180000440C0000981800008C18000068
:10B480000419000008190000740C0000F8180000EE
:10B49000048803102C990310E8180000EC18000031
:10B4A000640C0000DC18000006235246534342AAF5
:10B4B00090469844ED494246C820000106AB9C46A0
:10B4C0006044F9F731FFC8231B0106AA9446634480
:10B4D0001F68C9235B0163441F60E54B6344E54A71
:10B4E000624443CA43C3E44E6644E4493000F2F781
:10B4F00050F81EAB9C461A000BCE0BC22B972CAA01
:10B50000DB4906AB99464944C1C9C1C2634643CB36
:10B5100043C22AA8FAF7A2F9002800D0DCE0002DE7
:10B5200002D0499BFF2B7BD9D0494246CA2000015B
:10B5300006AB9C466044F9F7F7FECA231B0106AA36
:10B54000944663441B689846CD4B634442461A6058
:10B55000CC4B6344CC4A624423CA23C3CB4E6644DB
:10B56000CB493000F7F782F92AAD2B0007CE07C38D
:10B570004346179318ABC34A06A98C46624443CA94
:10B5800043C32A0043CA43C343462B932CAF0C2327
:10B590009B461A0018A9380008F04EFF2FAB1BAAD3
:10B5A00043CA43C3BB4B06AA944663449946BA496F
:10B5B0001800F7F75BF90EAE5A464946300008F01E
:10B5C0003BFF4346209321AB07CF07C33A0083CA12
:10B5D00083C307CE07C300221EA92800F9F7C7FEC0
:10B5E0002800FAF7B9FBAD4A802101905346013398
:10B5F0000093230089004AA80AF012F884B2A848F0
:10B600004AA90AF071FA049B002B01D102F0DCFF79
:10B610000123059A21004AA8F3F7CAFF02F0D4FFDC
:10B6200092494246C92000014844F9F77DFEC923EA
:10B630001B01CC464B441B6899469A4B63444A46CF
:10B640001A60994B6344994A624423CA23C3984EB3
:10B6500066448F493000F7F709F92AAD2B0007CE71
:10B6600007C34B46179318AB8F4A06A98C46624412
:10B6700043CA43C32A0043CA43C34B462B932CAF50
:10B680000C2218A9380008F0D7FE2FAB1BAA43CA1A
:10B6900043C3884B06AA944663449B467E491800E0
:10B6A000F7F7E4F80EAE0C225946300008F0C4FE5D
:10B6B0004B46209321AB07CF07C33A0083CA83C30D
:10B6C00007CE07C300221EA92800F9F750FE49A99A
:10B6D0002800FBF77BFF27E7774A802123008900BA
:10B6E0004AA809F09DFF112489E7062352465343D7
:10B6F00042AA904698445D494246CB20000106ABE1
:10B700009C466044F9F710FECB231B0106AA944621
:10B7100063441F68694B63441F60694B6344694A13
:10B72000624443CA43C3CC235B01634499465349F3
:10B730001800F1F72EFF1EAE0C224946300008F02B
:10B740007BFE2B972CAB5E4A06A98C46624483CACB
:10B7500083C307CE07C32AA8FAF780F8002800D0D1
:10B760001DE1002D03D0499BFF2B00D8B6E03F49D7
:10B770004246CD20000106AB9C466044F9F7D4FD5B
:10B78000CD231B0106AA944663441B6898464E4B82
:10B79000634442461A60CF235B0163444B4A6244D0
:10B7A00023CA23C34A4E664439493000F7F75EF88E
:10B7B0002AAD0C273A003100280008F03DFE434630
:10B7C000179318ABCF22520106A98C46624443CA94
:10B7D00043C32A0043CA43C343462B932CAE3A00CB
:10B7E00018A9300008F028FE2FAB1BAA83CA83C318
:10B7F000384F06AB9C46674427493800F7F736F8C0
:10B800000EAB9C461A000BCF0BC24246209221AAD7
:10B8100083CE83C23100C1C9C1C2634643CB43C298
:10B8200001221EA92800F9F7A2FD2800FAF794FAD0
:10B83000294A802101905346013300932300890057
:10B840004AA809F0EDFE84B215484AA90AF04CF95D
:10B85000049B002B01D102F0B7FE0123059A2100C1
:10B860004AA8F3F7A5FE02F0AFFEC046142A002056
:10B8700024190000840C000014190000A487031090
:10B880007019000074190000A40C00006419000075
:10B89000AC87031058190000C48703105499031093
:10B8A0003C8D0310481900004C190000940C000056
:10B8B0003C19000030190000F49703108C190000A7
:10B8C00090190000B40C0000DC190000D40C00003A
:10B8D000D0190000C41900006C990310C5494246F4
:10B8E000CC20000106AB9C466044F9F71DFDCC233B
:10B8F0001B0106AA944663441B689946BE4B6344E9
:10B900004A461A60BD4B6344BD4A624423CA23C3FE
:10B91000BC4E6644BC493000F6F7A8FF2AAD0C27A0
:10B920003A003100280008F087FD4B46179318AB0A
:10B93000B24A06A98C46624443CA43C32A0043CA9A
:10B9400043C34B462B932CAE3A0018A9300008F0A5
:10B9500073FD2FAB1BAA83CA83C3AC4F06AB9C46B7
:10B960006744AB493800F6F781FF0EAB9C461A00DE
:10B970000BCF0BC24A46209221AA83CE83C231004C
:10B98000C1C9C1C2634643CB43C201221EA92800DC
:10B99000F9F7EDFC49A92800FBF718FEE7E69D4AF8
:10B9A0008021230089004AA809F03AFE11244BE7C0
:10B9B00006235246534342AA904698448D49424634
:10B9C000CE20000106AB9C466044F9F7ADFCCE23C7
:10B9D0001B0106AA944663441F688F4B63441F6093
:10B9E0008E4B63448E4A624443CA43C38D4E6644C1
:10B9F0008D493000F1F7CDFD1EAB9C461A000BCEF1
:10BA00000BC22B972CAA854906AB99464944C1C95C
:10BA1000C1C2634643CB43C22AA8F9F71FFF0028DF
:10BA200000D0DDE0002D02D0499BFF2B7BD971496E
:10BA30004246D020000106AB9C466044F9F774FCF6
:10BA4000D0231B0106AA944663441B689846774B93
:10BA5000634442461A60764B6344764A624423CA82
:10BA600023C3754E664468493000F6F7FFFE2AADE1
:10BA70002B0007CE07C34346179318AB6C4A06A9A1
:10BA80008C46624443CA43C32A0043CA43C3434665
:10BA90002B932CAF0C239B461A0018A9380008F0F2
:10BAA000CBFC2FAB1BAA43CA43C3644B06AA9446E4
:10BAB0006344994656491800F6F7D8FE0EAE5A462A
:10BAC0004946300008F0B8FC4346209321AB07CF2D
:10BAD00007C33A0083CA83C307CE07C302221EA945
:10BAE0002800F9F744FC2800FAF736F9544A802177
:10BAF0000190534601330093230089004AA809F0BE
:10BB00008FFD84B24F484AA909F0EEFF049B002B39
:10BB100001D102F059FD0123059A21004AA8F3F74B
:10BB200047FD02F051FD33494246CF200001484411
:10BB3000F9F7FAFBCF231B01CC464B441B6899460F
:10BB4000D1235B0163444A461A603F4B63443F4A3A
:10BB5000624423CA23C33E4E66442B493000F6F7A5
:10BB600085FE2AAD2B0007CE07C34B46179318ABB3
:10BB7000354A06A98C46624443CA43C32A0043CAD5
:10BB800043C34B462B932CAF0C2218A9380008F066
:10BB900053FC2FAB1BAA43CA43C32E4B06AA9446A1
:10BBA00063449B461A491800F6F760FE0EAE0C225D
:10BBB0005946300008F040FC4B46209321AB07CF9C
:10BBC00007C33A0083CA83C307CE07C302221EA954
:10BBD0002800F9F7CCFB49A92800FBF7F7FC26E77A
:10BBE0000C4A8021230089004AA809F019FD11247C
:10BBF00088E7C046142A0020B4190000B8190000D4
:10BC0000C40C0000A8190000AC8703109C190000A8
:10BC1000C4870310F4970310F8190000FC19000002
:10BC2000E40C0000EC190000A4870310481A00007F
:10BC30004C1A0000040D00003C1A0000301A0000ED
:10BC4000849903103C8D0310241A0000F40C0000AA
:10BC5000141A0000081A000006235246534342AA51
:10BC600090469844EE494246D120000106AB9C46DE
:10BC70006044F9F759FBD1231B0106AA944663449B
:10BC80001F68E84B63441F60E74B6344E74A624424
:10BC900043CA43C3E64B63449946E6491800F1F7AB
:10BCA00078FC1EAE0C224946300008F0C5FB2B97ED
:10BCB0002CABDD4A06A98C46624483CA83C307CEF7
:10BCC00007C32AA8F9F7CAFD002800D0E2E0002D3A
:10BCD00002D0499BFF2B7BD9D1494246D32000019A
:10BCE00006AB9C466044F9F71FFBD3231B0106AA51
:10BCF000944663441B689846CF4B634442461A609F
:10BD0000CE4B6344CE4A624423CA23C3CD4E66441D
:10BD1000CD493000F3F771FD2AAD0C273A00310010
:10BD2000280008F089FB4346179318ABC34A06A9BD
:10BD30008C46624443CA43C32A0043CA43C34346B2
:10BD40002B932CAE3A0018A9300008F075FB2FABEE
:10BD50001BAA83CA83C3BD4F06AB9C466744BC493C
:10BD60003800F6F783FD0EAB9C461A000BCF0BC2D2
:10BD70004246209221AA83CE83C23100C1C9C1C2EA
:10BD8000634643CB43C200221EA92800F9F7EFFA0D
:10BD90002800F9F7E1FFAF4A8021019053460133B3
:10BDA0000093230089004AA809F03AFC84B2AA480B
:10BDB0004AA909F099FE049B002B01D102F004FC72
:10BDC0000123059A21004AA8F3F7F2FB02F0FCFBDD
:10BDD00093494246D220000106AB9C466044F9F7E5
:10BDE000A3FAD2231B0106AA944663441B68994612
:10BDF0009A4B63444A461A60994B6344994A624499
:10BE000023CA23C3D426760166448F493000F3F752
:10BE1000F4FC2AAD0C273A003100280008F00CFB96
:10BE20004B46179318AB8E4A06A98C46624443CA08
:10BE300043C32A0043CA43C34B462B932CAE3A005C
:10BE400018A9300008F0F8FA2FAB1BAA83CA83C3E5
:10BE5000854F06AB9C4667447D493800F6F706FDE2
:10BE60000EAB9C461A000BCF0BC24A46209221AA69
:10BE700083CE83C23100C1C9C1C2634643CB43C232
:10BE800000221EA92800F9F772FA49A92800FBF739
:10BE90009DFB21E7754A8021230089004AA809F00B
:10BEA000BFFB112483E706235246534342AA904620
:10BEB00098445B494246D420000106AB9C4660444E
:10BEC000F9F732FAD4231B0106AA944663441F688B
:10BED000674B63441F60674B6344674A624443CACD
:10BEE00043C3664E664453493000F1F752FB1EAB24
:10BEF0009C461A000BCE0BC22B972CAA5D4906ABB1
:10BF000099464944C1C9C1C2634643CB43C22AA82A
:10BF1000F9F7A4FC002800D019E1002D03D0499BBB
:10BF2000FF2B00D8B6E03E494246D620000106ABC2
:10BF30009C466044F9F7F8F9D6231B0106AA9446FB
:10BF400063441B689846D9235B01634442461A60E8
:10BF50004B4B63444B4A624423CA23C34A4E664454
:10BF600039493000F3F749FC2AAD2B0007CE07C34F
:10BF70004346179318AB424A06A98C46624443CA0B
:10BF800043C32A0043CA43C343462B932CAF0C231D
:10BF90009B461A0018A9380008F04EFA2FAB1BAACE
:10BFA00043CA43C3394B06AA944663449946284979
:10BFB0001800F6F75BFC0EAE5A464946300008F012
:10BFC0003BFA4346209321AB07CF07C33A0083CA0D
:10BFD00083C307CE07C301221EA92800F9F7C7F9BA
:10BFE0002800F9F7B9FE2A4A80210190534601330F
:10BFF0000093230089004AA809F012FB84B2164876
:10C000004AA909F071FD049B002B01D102F0DCFA72
:10C010000123059A21004AA8F3F7CAFA02F0D4FADC
:10C02000142A0020641A0000681A0000140D000091
:10C03000581A0000A4870310B41A0000B81A0000B0
:10C04000340D0000A81A0000C88703109C1A0000D5
:10C05000C48703109C9903103C8D03108C1A0000B8
:10C06000901A0000240D0000741A0000F4970310C9
:10C07000D01A0000D41A0000440D0000C41A0000B9
:10C08000241B0000640D0000141B0000081B0000AE
:10C09000B8990310C7494246D52000014844F9F732
:10C0A00043F9D5231B01CC464B441B689946C24B30
:10C0B00063444A461A60C14B6344C14A624423CA7E
:10C0C00023C3C04E6644C0493000F3F796FB2AAD47
:10C0D0002B0007CE07C34B46179318ABB74A06A9E8
:10C0E0008C46624443CA43C32A0043CA43C34B46F7
:10C0F0002B932CAF0C2218A9380008F09DF92FAB18
:10C100001BAA43CA43C3D7235B0106AA94466344D0
:10C110009B46AE491800F6F7A9FB0EAE0C22594615
:10C12000300008F089F94B46209321AB07CF07C3B5
:10C130003A0083CA83C307CE07C301221EA9280081
:10C14000F9F715F949A92800FBF740FAEBE6A04AF0
:10C150008021230089004AA809F062FA11244EE7E1
:10C1600006235246534342AA904698449149424678
:10C17000D720000106AB9C466044F9F7D5F8D723D9
:10C180001B0106AA944663441F68924B63441F60D8
:10C19000DA235B016344904A624443CA43C38F4B32
:10C1A000634499468E491800F1F7F3F91EAE0C224C
:10C1B0004946300008F040F92B972CABDA225201A7
:10C1C00006A98C46624483CA83C307CE07C32AA844
:10C1D000F9F744FB002800D0E2E0002D02D0499B93
:10C1E000FF2B7CD973494246D920000106AB9C46FF
:10C1F0006044F9F799F8D9231B0106AA94466344D1
:10C200001B689846774B634442461A60764B6344FA
:10C21000764A624423CA23C3DC26760166446A490F
:10C220003000F3F7EAFA2AAD0C273A003100280073
:10C2300008F002F94346179318AB6B4A06A98C46DF
:10C24000624443CA43C32A0043CA43C343462B93B1
:10C250002CAE3A0018A9300008F0EEF82FAB1BAA5C
:10C2600083CA83C3624F06AB9C4667445749380074
:10C27000F6F7FCFA0EAB9C461A000BCF0BC24246F7
:10C28000209221AA83CE83C23100C1C9C1C26346B4
:10C2900043CB43C202221EA92800F9F768F8280000
:10C2A000F9F75AFD534A8021019053460133009318
:10C2B000230089004AA809F0B3F984B24E484AA97C
:10C2C00009F012FC049B002B01D102F07DF901233F
:10C2D000059A21004AA8F3F76BF902F075F9354980
:10C2E0004246D820000106AB9C466044F9F71CF892
:10C2F000D8231B0106AA944663441B6899463F4B0A
:10C3000063444A461A603E4B63443E4A624423CA31
:10C3100023C33D4E66442C493000F3F76EFA2AAD34
:10C320000C273A003100280008F086F84B46179396
:10C3300018AB334A06A98C46624443CA43C32A0059
:10C3400043CA43C34B462B932CAE3A0018A9300086
:10C3500008F072F82FAB1BAA83CA83C32B4F06AB1E
:10C360009C46674419493800F6F780FA0EAB9C46A4
:10C370001A000BCF0BC24A46209221AA83CE83C259
:10C380003100C1C9C1C2634643CB43C202221EA9C8
:10C390002800F8F7ECFF49A92800FBF717F921E777
:10C3A0000B4A8021230089004AA809F039F9112499
:10C3B00084E7C046142A0020F81A0000FC1A000086
:10C3C000540D0000EC1A0000C8870310C487031046
:10C3D000F49703103C1B0000740D0000301B00009C
:10C3E000A48703108C1B0000901B0000940D00001C
:10C3F000741B0000D49903103C8D0310641B0000D3
:10C40000681B0000840D0000581B00004C1B00003E
:10C4100006235246534342AA90469844EB4942466B
:10C42000DA20000106AB9C466044F8F77DFFDA2372
:10C430001B0106AA944663441F68E54B63441F60D2
:10C44000E44B6344E44A624443CA43C3E34E664454
:10C45000E3493000F1F79DF81EAB9C461A000BCE65
:10C460000BC22B972CAADB4906AB99464944C1C99C
:10C47000C1C2634643CB43C22AA8F9F7EFF90028AB
:10C4800000D0DDE0002D02D0499BFF2B7CD9CF49A5
:10C490004246DC20000106AB9C466044F8F744FFAE
:10C4A000DC231B0106AA944663441B689846CD4BC7
:10C4B000634442461A60CC4B6344CC4A624423CA6C
:10C4C00023C3CB4E6644CB493000F3F796F92AAD2F
:10C4D0002B0007CE07C34346179318ABC24A06A9E1
:10C4E0008C46624443CA43C32A0043CA43C34346FB
:10C4F0002B932CAF0C239B461A0018A9380007F089
:10C500009BFF2FAB1BAA43CA43C3DF235B0106AAD1
:10C51000944663449946B8491800F6F7A7F90EAE59
:10C520005A464946300007F087FF4346209321AB27
:10C5300007CF07C33A0083CA83C307CE07C30022CD
:10C540001EA92800F8F713FF2800F9F705FCAB4AED
:10C5500080210190534601330093230089004AA8AB
:10C5600009F05EF884B2A6484AA909F0BDFA049B16
:10C57000002B01D102F028F80123059A21004AA8D6
:10C58000F3F716F802F020F890494246DB2000014C
:10C590004844F8F7C9FEDB231B01CC464B441B681B
:10C5A0009946984B63444A461A60974B6344974AAE
:10C5B000624423CA23C3964E66448E493000F3F783
:10C5C0001CF92AAD2B0007CE07C34B46179318ABB7
:10C5D0008D4A06A98C46624443CA43C32A0043CA13
:10C5E00043C34B462B932CAF0C2218A9380007F0FD
:10C5F00023FF2FAB1BAA43CA43C3864B06AA94460C
:10C6000063449B467C491800F6F730F90EAE0C22C5
:10C610005946300007F010FF4B46209321AB07CF5F
:10C6200007C33A0083CA83C307CE07C300221EA9EB
:10C630002800F8F79CFE49A92800FAF7C7FF26E76B
:10C64000754A8021230089004AA808F0E9FF1124D7
:10C6500089E706235246534342AA904698445B49D1
:10C660004246DD20000106AB9C466044F8F75CFEC4
:10C67000DD231B0106AA944663441F68674B63448D
:10C680001F60674B6344674A624443CA43C3664BB7
:10C690006344994652491800F0F77BFF1EAE0C2206
:10C6A0004946300007F0C8FE2B972CAB5C4A06A920
:10C6B0008C46624483CA83C307CE07C32AA8F9F70E
:10C6C000CDF8002800D020E1002D03D0499BFF2B9E
:10C6D00000D8B7E03D494246DF20000106AB9C464A
:10C6E0006044F8F721FEDF231B0106AA9446634449
:10C6F0001B6898464D4B634442461A604C4B63445A
:10C700004C4A624423CA23C34B4E66443949300025
:10C71000F3F773F82AAD0C273A003100280007F030
:10C720008BFE4346179318AB414A06A98C466244D8
:10C7300043CA43C32A0043CA43C343462B932CAE88
:10C740003A0018A9300007F077FE2FAB1BAA83CA66
:10C7500083C33A4F06AB9C46674427493800F6F737
:10C7600085F80EAB9C461A000BCF0BC242462092B6
:10C7700021AA83CE83C23100C1C9C1C2634643CB63
:10C7800043C201221EA92800F8F7F1FD2800F9F79D
:10C79000E3FA2B4A80210190534601330093230092
:10C7A00089004AA808F03CFF84B215484AA909F05C
:10C7B0009BF9049B002B01D101F006FF0123059A90
:10C7C00021004AA8F2F7F4FE01F0FEFE142A002030
:10C7D000A81B0000AC1B0000A40D00009C1B000067
:10C7E000A4870310F81B0000FC1B0000C40D000010
:10C7F000EC1B0000BC870310C4870310F0990310E2
:10C800003C8D0310D01B0000D41B0000B40D0000B1
:10C81000C41B0000B81B0000F4970310141C000098
:10C82000181C0000D40D0000081C0000641C00004F
:10C83000681C0000F40D0000581C00004C1C000097
:10C840000C9A0310C6494246DE20000106AB9C4606
:10C850006044F8F769FDDE231B0106AA9446634491
:10C860001B689946BF4B63444A461A60E2235B014A
:10C870006344BD4A624423CA23C3BC4E6644BC49D8
:10C880003000F2F7BAFF2AAD0C273A003100280039
:10C8900007F0D2FD4B46179318ABE222520106A9CE
:10C8A0008C46624443CA43C32A0043CA43C34B462F
:10C8B0002B932CAE3A0018A9300007F0BDFD2FAB2A
:10C8C0001BAA83CA83C3AB4F06AB9C466744AA49E5
:10C8D0003800F5F7CBFF0EAB9C461A000BCF0BC20E
:10C8E0004A46209221AA83CE83C23100C1C9C1C267
:10C8F000634643CB43C201221EA92800F8F737FD47
:10C9000049A92800FAF762FEE4E69C4A8021230048
:10C9100089004AA808F084FE112446E706235246FF
:10C92000534342AA904698448D494246E020000174
:10C9300006AB9C466044F8F7F7FCE0231B0106AA0F
:10C94000944663441F68E4235B0163441F608C4B7F
:10C9500063448C4A624443CA43C38B4E66448B494A
:10C960003000F0F716FE1EAB9C461A000BCE0BC231
:10C970002B972CAA824906AB99464944C1C9C1C22A
:10C98000634643CB43C22AA8F8F768FF002800D0CB
:10C99000DCE0002D02D0499BFF2B7BD97049424639
:10C9A000E220000106AB9C466044F8F7BDFCE223A0
:10C9B0001B0106AA944663441B689846744B634463
:10C9C00042461A60734B6344734A624423CA23C3CA
:10C9D000724E664466493000F2F70FFF2AAD2B0015
:10C9E00007CE07C34346179318AB6A4A06A98C467D
:10C9F000624443CA43C32A0043CA43C343462B93FA
:10CA00002CAF0C239B461A0018A9380007F014FD20
:10CA10002FAB1BAA43CA43C3614B06AA9446634487
:10CA2000994655491800F5F721FF0EAE5A4649467A
:10CA3000300007F001FD4346209321AB07CF07C329
:10CA40003A0083CA83C307CE07C302221EA9280067
:10CA5000F8F78DFC2800F9F77FF9524A8021019000
:10CA6000534601330093230089004AA808F0D8FDFB
:10CA700084B24D484AA909F037F8049B002B01D134
:10CA800001F0A2FD0123059A21004AA8F2F790FDCA
:10CA900001F09AFD32494246E12000014844F8F78E
:10CAA00043FCE1231B01CC464B441B6899463F4B9A
:10CAB00063444A461A603E4B63443E4A624423CA7A
:10CAC00023C33D4E66442A493000F2F796FE2AAD54
:10CAD0002B0007CE07C34B46179318AB344A06A961
:10CAE0008C46624443CA43C32A0043CA43C34B46ED
:10CAF0002B932CAF0C2218A9380007F09DFC2FAB0C
:10CB00001BAA43CA43C32D4B06AA944663449B46C3
:10CB100019491800F5F7AAFE0EAE0C22594630004E
:10CB200007F08AFC4B46209321AB07CF07C33A009E
:10CB300083CA83C307CE07C302221EA92800F8F7C1
:10CB400016FC49A92800FAF741FD27E70B4A802186
:10CB5000230089004AA808F063FD112489E7C04634
:10CB6000142A00203C1C0000E40D0000301C0000D2
:10CB7000BC870310241C0000C4870310F497031023
:10CB8000841C0000040E0000741C0000A487031025
:10CB9000D01C0000D41C0000240E0000C41C0000A7
:10CBA000B81C0000289A03103C8D0310A81C00003C
:10CBB000AC1C0000140E00009C1C0000901C000027
:10CBC00006235246534342AA90469844EF494246B0
:10CBD000E320000106AB9C466044F8F7A5FBE32385
:10CBE0001B0106AA944663441F68E94B63441F6017
:10CBF000E84B6344E84A624443CA43C3E7235B010A
:10CC000063449946E5491800F0F7C3FC1EAE0C22B8
:10CC10004946300007F010FC2B972CABDD4A06A9E3
:10CC20008C46624483CA83C307CE07C32AA8F8F799
:10CC300015FE002800D0E3E0002D02D0499BFF2B19
:10CC40007DD9D2494246E520000106AB9C466044AE
:10CC5000F8F76AFBE5231B0106AA944663441B68A8
:10CC60009846CF4B634442461A60EA235B01634413
:10CC7000CC4A624423CA23C3CB4E6644CB4930001E
:10CC8000F2F7BBFD2AAD0C273A003100280007F06F
:10CC9000D3FB4346179318ABEA22520106A98C46F0
:10CCA000624443CA43C32A0043CA43C343462B9347
:10CCB0002CAE3A0018A9300007F0BEFB2FAB1BAA20
:10CCC00083CA83C3BA4F06AB9C466744B949380050
:10CCD000F5F7CCFD0EAB9C461A000BCF0BC24246BB
:10CCE000209221AA83CE83C23100C1C9C1C263464A
:10CCF00043CB43C200221EA92800F8F738FB2800C6
:10CD0000F9F72AF8AC4A8021019053460133009389
:10CD1000230089004AA808F083FC84B2A7484AA9E6
:10CD200008F0E2FE049B002B01D101F04DFC012331
:10CD3000059A21004AA8F2F73BFC01F045FC934913
:10CD40004246E420000106AB9C466044F8F7ECFA4A
:10CD5000E4231B0106AA944663441B689946984B3A
:10CD600063444A461A60974B6344974A624423CA15
:10CD700023C3964E66448D493000F2F73EFD2AAD3E
:10CD80000C273A003100280007F056FB4B4617935A
:10CD900018AB8C4A06A98C46624443CA43C32A0096
:10CDA00043CA43C34B462B932CAE3A0018A930001C
:10CDB00007F042FB2FAB1BAA83CA83C3844F06AB89
:10CDC0009C4667447B493800F5F750FD0EAB9C4606
:10CDD0001A000BCF0BC24A46209221AA83CE83C2EF
:10CDE0003100C1C9C1C2634643CB43C200221EA960
:10CDF0002800F8F7BCFA49A92800FAF7E7FB20E772
:10CE0000744A8021230089004AA808F009FC1124F3
:10CE100084E706235246534342AA904698445B490E
:10CE20004246E620000106AB9C466044F8F77CFAD7
:10CE3000E6231B0106AA944663441F68664B6344BD
:10CE40001F60664B6344664A624443CA43C3654EEF
:10CE5000664452493000F0F79CFB1EAB9C461A001A
:10CE60000BCE0BC22B972CAA5C4906AB99464944C2
:10CE7000C1C9C1C2634643CB43C22AA8F8F7EEFC3E
:10CE8000002800D019E1002D03D0499BFF2B00D8CA
:10CE9000B6E03E494246E820000106AB9C466044AD
:10CEA000F8F742FAE8231B0106AA944663441B687C
:10CEB00098464D4B634442461A604C4B63444C4A7F
:10CEC000624423CA23C34B4E664438493000F2F70C
:10CED00094FC2AAD2B0007CE07C34346179318AB2B
:10CEE000424A06A98C46624443CA43C32A0043CA45
:10CEF00043C343462B932CAF0C239B461A0018A91F
:10CF0000380007F099FA2FAB1BAA43CA43C33A4B28
:10CF100006AA94466344994626491800F5F7A6FCEC
:10CF20000EAE5A464946300007F086FA4346209333
:10CF300021AB07CF07C33A0083CA83C307CE07C319
:10CF400001221EA92800F8F712FA2800F8F704FFBA
:10CF50002A4A80210190534601330093230089001F
:10CF60004AA808F05DFB84B214484AA908F0BCFD49
:10CF7000049B002B01D101F027FB0123059A21001E
:10CF80004AA8F2F715FB01F01FFBC046142A002047
:10CF9000EC1C0000F01C0000340E0000A4870310FD
:10CFA0003C1D0000540E0000301D0000D08703100F
:10CFB000241D0000C4870310449A03103C8D031005
:10CFC000141D0000181D0000440E0000081D000084
:10CFD000FC1C0000F4970310581D00005C1D0000AD
:10CFE000640E00004C1D0000A81D0000AC1D0000D8
:10CFF000840E00009C1D0000901D0000609A03102C
:10D00000C6494246E72000014844F8F78DF9E72376
:10D010001B01CC464B441B689946EC235B016344DF
:10D020004A461A60BE4B6344BE4A624423CA23C3C5
:10D03000BD4E6644BD493000F2F7DFFB2AAD2B0040
:10D0400007CE07C34B46179318ABB54A06A98C46C3
:10D05000624443CA43C32A0043CA43C34B462B938B
:10D060002CAF0C2218A9380007F0E6F92FAB1BAA49
:10D0700043CA43C3AE4B06AA944663449B46AD499C
:10D080001800F5F7F3FB0EAE0C225946300007F0FE
:10D09000D3F94B46209321AB07CF07C33A0083CA8D
:10D0A00083C307CE07C301221EA92800F8F75FF942
:10D0B00049A92800FAF78AFAEBE69F4A8021230063
:10D0C00089004AA808F0ACFA11244DE7062352461D
:10D0D000534342AA9046984490494246E9200001B1
:10D0E00006AB9C466044F8F71FF9E9231B0106AA2A
:10D0F000944663441F68914B63441F60904B6344A4
:10D10000904A624443CA43C38F4B634499468F4954
:10D110001800F0F73EFA1EAE0C224946300007F028
:10D120008BF92B972CAB864A06A98C46624483CA9E
:10D1300083C307CE07C32AA8F8F790FB002800D0C6
:10D14000E2E0002D02D0499BFF2B7BD97349424678
:10D15000EB20000106AB9C466044F8F7E5F8EB23B2
:10D160001B0106AA944663441B689846784B6344A7
:10D1700042461A60774B6344774A624423CA23C30A
:10D18000764E664469493000F2F737FB2AAD0C272A
:10D190003A003100280007F04FF94346179318ABC7
:10D1A0006C4A06A98C46624443CA43C32A0043CA58
:10D1B00043C343462B932CAE3A0018A9300007F026
:10D1C0003BF92FAB1BAA83CA83C3654F06AB9C46B2
:10D1D000674458493800F5F749FB0EAB9C461A00E6
:10D1E0000BCF0BC24246209221AA83CE83C23100CC
:10D1F000C1C9C1C2634643CB43C202221EA9280053
:10D20000F8F7B5F82800F8F7A7FD564A80210190F5
:10D21000534601330093230089004AA808F000FA1E
:10D2200084B251484AA908F05FFC049B002B01D14D
:10D2300001F0CAF90123059A21004AA8F2F7B8F9CA
:10D2400001F0C2F935494246EA20000106AB9C468E
:10D250006044F8F769F8EA231B0106AA9446634480
:10D260001B689946414B63444A461A60404B6344ED
:10D27000404A624423CA23C3EF26760166442B4901
:10D280003000F2F7BAFA2AAD0C273A003100280034
:10D2900007F0D2F84B46179318AB354A06A98C46CF
:10D2A000624443CA43C32A0043CA43C34B462B9339
:10D2B0002CAE3A0018A9300007F0BEF82FAB1BAA1D
:10D2C00083CA83C32C4F06AB9C4667441949380078
:10D2D000F5F7CCFA0EAB9C461A000BCF0BC24A46B0
:10D2E000209221AA83CE83C23100C1C9C1C2634644
:10D2F00043CB43C202221EA92800F8F738F849A9F7
:10D300002800FAF763F921E70B4A802123008900FE
:10D310004AA808F085F9112483E7C046142A0020A2
:10D32000841D0000740E0000741D0000D0870310DF
:10D33000681D0000C4870310F4970310C41D00008B
:10D34000C81D0000940E0000B81D0000A487031043
:10D35000141E0000181E0000B40E0000081E00007D
:10D36000FC1D00007C9A03103C8D0310EC1D000096
:10D37000F01D0000A40E0000D41D0000062352463C
:10D38000534342AA90469844CA494246EC200001C1
:10D3900006AB9C466044F7F7C7FFEC231B0106AAC7
:10D3A000944663441F68C44B63441F60C34B63448B
:10D3B000C34A624443CA43C3C24E6644C2493000B2
:10D3C000F0F7E7F81EAB9C461A000BCE0BC22B976A
:10D3D0002CAABA4906AB99464944C1C9C1C26346A1
:10D3E00043CB43C22AA8F8F7FEF9B849052216F044
:10D3F0009DFB002800D0D9E0002D04D0499B002BD4
:10D4000001D0042B7DD9AB494246EE20000106AB8A
:10D410009C466044F7F788FFEE231B0106AA94465A
:10D4200063441B689946F4235B0163444A461A60CF
:10D43000A74B6344A74A624423CA23C3A64E66444B
:10D44000A2493000F2F7D9F92AAD28000ECE0EC05D
:10D4500006904A46179218AB9D4A06A98C4662442C
:10D4600043CA43C32A0043CA43C34A461F9220AF5C
:10D470000C22934618A9380006F0DEFF23AB1BAA46
:10D4800043CA43C3954A06AB9C46624490469449BE
:10D490001000F1F763FD0EAE5A464146300006F02B
:10D4A000CBFF4A462C92069B07CF07C330AB3A000E
:10D4B00023CA23C307CE07C32AA8F8F727FC894A43
:10D4C00080210190534601330093230089004AA82C
:10D4D00008F0A6F84AA9844B0A0031CB31C211CB1F
:10D4E00011C2824808F000FB049B002B01D101F01F
:10D4F0006BF80123059A13214AA8F2F759F801F0B5
:10D5000063F86C494246ED2000014844F7F70CFFF0
:10D51000ED231B014B441B689B46754B4B445A46FD
:10D520001A60744B4B44744A4A4423CA23C3734E53
:10D530004E4466493000F2F760F92AAD28000ECE5D
:10D540000EC006905A46179218AB6A4A4A4443CA1C
:10D5500043C32A0043CA43C35A461F9220AF0C223A
:10D5600018A9380006F068FF23AB1BAA43CA43C3BF
:10D57000F22252014A44914659491000F1F7EEFC5B
:10D580000EAE0C224946300006F056FF5A462C9249
:10D59000069B07CF07C330AB3A0023CA23C307CE8D
:10D5A00007C349A92AA8F9F7EFFF2CE7544A8021BD
:10D5B000230089004AA808F033F88BE723000B3BCF
:10D5C000492B01D900F0DFFF9B004E4AD3589F46FC
:10D5D000002D00D1E6E04C490722CAA816F0A6FAB1
:10D5E000002800D1A6E049490722CAA816F09EFAF1
:10D5F000002800D15FE146490722CAA816F096FA32
:10D60000002800D18DE143490822CAA816F08EFAFD
:10D61000002800D1BCE140490822CAA816F086FAC9
:10D62000002800D1EAE13D490622CAA816F07EFA98
:10D63000002800D11AE23A490822CAA816F076FA60
:10D64000002800D096E20523734338AAD21819495E
:10D65000F520000106AB9C466044F7F765FEF52314
:10D660001B0106AA944663441F682E4B63441F6047
:10D670002D4B63442D4A624423CA23C32C4B63447D
:10D68000984611491800EFF784FF1EAD0C22414661
:10D69000280006F0D1FE2B972CAB234A06A98C4616
:10D6A000624483CA83C307CD07C31D492AA8F9F77B
:10D6B000CFFE77E0142A0020301E0000341E000048
:10D6C000C40E0000241E0000DC7D031090870310B0
:10D6D000841E0000E40E0000741E0000681E00009E
:10D6E00014880310989A0310EC9603103C8D0310D5
:10D6F000581E00005C1E0000D40E00004C1E0000EE
:10D70000F4970310ECD303105883031070830310B5
:10D7100068830310808303108C83031098830310A5
:10D72000A0830310441F0000481F0000540F000096
:10D73000381F0000B3009B1938AAD218E649EF2021
:10D74000000106AB9C466044F7F7EEFDEF231B019A
:10D7500006AA944663441F68E04B63441F60F523A8
:10D760005B016344DE4A624423CA23C3DD4B634446
:10D770009846DD491800EFF70CFF1EAD0C2241461C
:10D78000280006F059FE2B972CABF522520106A972
:10D790008C46624483CA83C307CD07C3D3492AA8F2
:10D7A000F9F72FFEB3009B1938AFFF18CA493A00AA
:10D7B000F720000106AB9C466044F7F7B5FDF72360
:10D7C0001B0106AA944663441E68C94B63441E604D
:10D7D000FC235B016344C74A624423CA23C3C64B8C
:10D7E00063449946C0491800EFF7D3FE1EAD0C22E2
:10D7F0004946280006F020FE2B962CABFC22520155
:10D8000006A98C46624443CA43C307CD07C32AA86E
:10D81000F8F724F8002800D0E3E1AF493A00F920F6
:10D82000000106AB9C466044F7F77EFDF9231B011F
:10D8300006AA944663441F68B04B63441F60B04B14
:10D840006344B04A624423CA23C3AF4E6644A64928
:10D850003000EFF79EFE1EAD0C223100280006F0CE
:10D86000EBFD2B972CABA64A06A98C46624483CAD3
:10D8700083C307CD07C32AA8F7F7B5FFA34A8021C2
:10D880004AAD0190069B009323008900280007F011
:10D89000C7FE84B29E48290008F026F9049B002B9D
:10D8A00001D100F091FE0123059A21002800F1F733
:10D8B0007FFE00F089FE0523734338AAD2188649FB
:10D8C000F020000106AB9C466044F7F72DFDF023E5
:10D8D0001B0106AA944663441F688E4B63441F6075
:10D8E0008D4B63448D4A624423CA23C38C4D6544E7
:10D8F0007D492800EFF74DFE1EAB9C461A000BCD6C
:10D900000BC22B972CAA844906AB98464144A1C967
:10D91000A1C2634623CB23C282492AA8F9F771FD2D
:10D9200040E70523734338AAD2186B49F120000160
:10D9300006AB9C466044F7F7F7FCF1231B0106AAEF
:10D94000944663441F68784B63441F60774B63447D
:10D95000774A624423CA23C3764B6344984662499C
:10D960001800EFF716FE1EAD0C224146280006F007
:10D9700063FD2B972CAB6D4A06A98C46624483CA83
:10D9800083C307CD07C36C492AA8F9F73AFD09E715
:10D990000523734338AAD2184F49F220000106AB81
:10D9A0009C466044F7F7C0FCF2231B0106AA94468C
:10D9B00063441F68614B63441F60614B6344614A69
:10D9C000624423CA23C3604D654447492800EFF7EA
:10D9D000E0FD1EAB9C461A000BCD0BC22B972CAA68
:10D9E000574906AB98464144A1C9A1C2634623CB1F
:10D9F00023C256492AA8F9F72BFDD3E60523734322
:10DA000038AAD2183449F320000106AB9C46604482
:10DA1000F7F78AFCF3231B0106AA944663441F68A8
:10DA20004B4B63441F604B4B63444B4A624423CAD5
:10DA300023C3F8235B01634498462B491800EFF792
:10DA4000A8FD1EAD0C224146280006F0F5FC2B97E0
:10DA50002CAB404A06A98C46624483CA83C307CDD7
:10DA600007C33E492AA8F9F7F3FC9BE60523734355
:10DA700038AAD2181849F420000106AB9C4660442D
:10DA8000F7F752FCF4231B0106AA944663441F686F
:10DA9000334B63441F60334B6344334A624423CAAD
:10DAA00023C3324D654410492800EFF772FD1EABC9
:10DAB0009C461A000BCD0BC22B972CAA294906AB0A
:10DAC00098464144A1C9A1C2634623CB23C2284939
:10DAD0002AA8F9F7E4FC65E6142A00209C1E000041
:10DAE000F40E0000901E0000DC7D0310588303102C
:10DAF0007C1F0000740F0000701F0000B41F0000A6
:10DB0000B81F0000940F0000A81F0000C49A031063
:10DB10003C8D0310B81E0000BC1E0000040F000066
:10DB2000AC1E000070830310D41E0000D81E00003D
:10DB3000140F0000C81E000068830310F01E0000D0
:10DB4000F41E0000240F0000E41E00008083031078
:10DB50000C1F0000101F0000340F00008C83031006
:10DB6000281F00002C1F0000440F00001C1F000095
:10DB7000988303100523734338AAD218D749F62097
:10DB8000000106AB9C466044F7F7CEFBF6231B0171
:10DB900006AA944663441F68FB235B0163441F602D
:10DBA000CF4B6344CF4A624423CA23C3CE4D65445E
:10DBB000CE492800EFF7EDFC1EAB9C461A000BCDBA
:10DBC0000BC22B972CAAC64906AB98464144A1C963
:10DBD000A1C2634623CB23C2C5492AA8F9F75FFC3B
:10DBE000E0E5BE493A00F820000106AB9C466044DF
:10DBF000F7F79AFBF8231B0106AA944663441E68B4
:10DC0000BC4B63441E60BC4B6344BC4A624423CAA1
:10DC100023C3BB4D6544B5492800EFF7BAFC1EABE2
:10DC20009C461A000BCD0BC22B962CAAB24906AB10
:10DC30009846414461C961C2634623CB23C2AC49C3
:10DC40002AA8F9F72CFCE8E5B3009B1938AFFF18B8
:10DC5000A2493A00FA20000106AB9C466044F7F75F
:10DC600063FBFA231B0106AA944663441B6899468A
:10DC7000A44B63444A461A60A34B6344A34A6244DC
:10DC800043CA43C3A24B6344984698491800EFF730
:10DC900080FC1EAB9C461A00414649C949C24B460E
:10DCA0002B932CAA984906AB9846414449C949C2CE
:10DCB000634643CB43C22AA8F7F795FD954907224F
:10DCC00015F034FF002800D08EE0002D04D0499BD1
:10DCD000002B01D0042B4AD980493A00FD200001D5
:10DCE00006AB9C466044F7F71FFBFD231B0106AA09
:10DCF000944663441F68884B63441F60874B6344AA
:10DD0000874A624423CA23C3864D65448649280056
:10DD1000F1F773FD1EAB1A0043CD43C22B972CAA1B
:10DD20007E4906A884466144A1C9A1C223CB23C26F
:10DD30002AA8F7F774FD7D4A80210190069B009385
:10DD4000230089004AA807F06BFC84B278484AA9EE
:10DD500007F0CAFE049B002B01D100F035FC012323
:10DD6000059A21004AA8F1F723FC00F02DFC5B4D39
:10DD70003A002900FB2000014044F7F7D5FA6D492D
:10DD8000FB2000014044F7F707FD3A002900FC2082
:10DD900000014044F7F7C8FAFC231B0143441E6806
:10DDA000654B43441E60654B4344654A424423CA65
:10DDB00023C3FF235B01434499465B491800F1F7F5
:10DDC0001CFD1EAD0C224946280006F035FB2B96A3
:10DDD0002CAB5A4A424443CA43C307CD07C349A99F
:10DDE0002AA8F9F772FB77E73C493A00FE200001C8
:10DDF00006AB9C466044F7F797FAFE231B0106AA80
:10DE0000944663441B6899464E4B63444A461A60E5
:10DE10004D4B63444D4A624443CA43C34C4B634435
:10DE20009A4632491800EFF7B4FB2AAB98460C2209
:10DE30005146180006F000FB4B460F9310AB424AC8
:10DE400006A98C46624443CA43C3464607CE07C36D
:10DE50000EA8F7F7C8FC3F49072215F067FE002817
:10DE600000D087E0002D00D040E11C493A003A483C
:10DE700006AB9C466044F7F757FA374B06AA944620
:10DE800063441F68354B63441F60354B6344354A18
:10DE9000624423CA23C3344D654434492800F1F752
:10DEA000ACFC1EAB1A0043CD43C22B972CAA2C49C5
:10DEB00006A884466144A1C9A1C223CB23C22AA8D3
:10DEC000F7F7ADFC2A4A80210190069B00932300BE
:10DED00089004AA807F0A4FB84B237E7142A00207F
:10DEE000641F0000640F0000541F0000DC7D03105D
:10DEF000BC9A0310981F00009C1F0000840F0000B4
:10DF00008C1F0000D01F0000D41F0000A40F0000D1
:10DF1000C41F000058830310082000000C200000DC
:10DF2000D40F0000FC1F000058810310D89A031082
:10DF30003C8D031078830310EC1F0000F01F0000DD
:10DF4000C40F00002420000028200000E40F00007F
:10DF5000182000007083031050100000B020000053
:10DF6000B420000054100000A4200000089B0310FF
:10DF7000109B0310D5493A00FF20000106AB9C46D8
:10DF80006044F7F7D1F9FF231B0106AA94466344C6
:10DF90001B68994681239B0163444A461A60CC4B17
:10DFA0006344CC4A624443CA43C3CB4B6344984660
:10DFB000CA491800EFF7EDFA2AAB9C461A00414611
:10DFC00049C949C24B46179318AAC14906AB98469E
:10DFD000414449C949C2634643CB43C216A8F7F737
:10DFE00002FCBF49082215F0A1FD002800D139E745
:10DFF000B6493A00802040014044F7F795F9802364
:10E000005B0143441B689946B64B43444A461A6039
:10E01000B54B4344B54A424443CA43C3B44B43445B
:10E020009A46AE491800EFF7B4FA2AAB98460C228C
:10E030005146180006F000FA4B461F9320ABAA4A3F
:10E0400006A98C46624443CA43C3464607CE07C36B
:10E050001EA8F7F7C8FBA749072215F067FD00289F
:10E0600000D1FFE699493A00A34806AB9C466044BC
:10E07000F7F75AF9A04B06AA944663441B689946E1
:10E080009E4B63444A461A609D4B63449D4A6244DA
:10E0900043CA43C39C4B6344984690491800EFF72A
:10E0A00078FA0BAB9C461A00414649C949C24B4617
:10E0B0002B932CAA924906AB9846414449C949C2C0
:10E0C000634643CB43C22AA8F7F78DFB8F4906224C
:10E0D00015F02CFD002800D1C4E68D4A80212300D4
:10E0E00089004AA807F09CFA10242FE6499B002BD0
:10E0F00000D1BAE6042B00D9B7E6744D3A002900E6
:10E100008120400106AB9C466044F7F70DF9814938
:10E110008120400106AB9C466044F7F73DFB3A0086
:10E1200029007D4806AB9C466044F7F7FDF87B4923
:10E13000794806AB9C466044F7F72EFB3A0029006D
:10E140008220400106AB9C466044F7F7EDF882233D
:10E150005B0106AA944663441E68714B63441E60CB
:10E16000704B6344704A624423CA23C36F4B6344B9
:10E1700099466F491800EFF70CFA1EAD0C2249467C
:10E18000280006F059F92B962CAB664A06A98C4656
:10E19000624443CA43C307CD07C349A92AA8F9F774
:10E1A00094F962E6B3009B1938AFFF1847493A006B
:10E1B0008320400106AB9C466044F7F7B5F8832303
:10E1C0005B0106AA944663441B689946594B634415
:10E1D0004A461A60584B6344584A624443CA43C390
:10E1E00083239B0163449A463C491800EFF7D1F919
:10E1F0001EAB98460C225146180006F01DF94B46FE
:10E200002B932CAB4C4A06A98C46624443CA43C3A9
:10E21000464607CE07C32AA8F7F7E5FA484907227A
:10E2200015F084FC002800D0DCE0002D05D0499BCF
:10E23000002B02D0042B00D892E024493A00414838
:10E2400006AB9C466044F7F76FF83E4B06AA94462F
:10E2500063441F683C4B63441F603C4B63443C4A2F
:10E26000624423CA23C33B4E66442C493000F1F775
:10E27000C4FA1EAD0C223100280006F0DDF82B9701
:10E280002CAB324A06A98C46624483CA83C307CDAD
:10E2900007C32AA8F7F7C3FA2F4A80210190069BEB
:10E2A0000093230089004AA807F0BAF984B22B48EA
:10E2B0004AA907F019FC049B002B00D184E101233B
:10E2C000059A21004AA8F1F773F97DE1142A00208C
:10E2D00044200000F40F000034200000DC7D031017
:10E2E000808303105C200000602000000410000008
:10E2F000502000008C8303101010000078200000D4
:10E300007C200000141000006C2000009883031093
:10E31000F49A03105881031030100000608303103A
:10E320009420000098200000441000008820000085
:10E3300078830310CC200000D0200000641000007F
:10E3400058830310901000000421000008210000F1
:10E3500094100000F8200000289B03103C8D03104F
:10E36000A14D3A002900A14806AB9C466044F6F74F
:10E37000DBFF9F499D4806AB9C466044F7F70CFACB
:10E380003A0029008420400106AB9C466044F6F721
:10E39000CBFF84235B0106AA944663441E68954B19
:10E3A00063441E60944B6344944A624423CA23C36B
:10E3B000934D654493492800F1F71FFAC44642463D
:10E3C0000BCD0BC22B962CAA8B4906AB9846414429
:10E3D00061C961C2634623CB23C249A92AA8F9F7C0
:10E3E00074F82AE7884A8021230089004AA807F0A8
:10E3F00017F910245BE7B3009B1938AA904698449C
:10E40000794942468520400106AB9C466044F6F7B8
:10E410008BFF85235B0106AA944663441B689946DB
:10E420007A4B63444A461A60794B6344794A6244A2
:10E4300083CA83C3784F674478493800EFF7A9F857
:10E440001EAB1A0043CF43C24A462B922CAA7049F6
:10E4500006A884466144C1C9C1C283CB83C22AA82D
:10E46000F7F7C1F96E49072215F060FB002800D0CC
:10E4700080E0002D02D0499B082B47D95A494246DB
:10E480008620400106AB9C466044F6F74DFF86238C
:10E490005B0106AA944663441F68624B63441F6095
:10E4A000614B6344614A624423CA23C3604D65449F
:10E4B00060492800EFF78EF81EAB1A0043CD43C227
:10E4C0002B972CAA584906A884466144A1C9A1C229
:10E4D00023CB23C22AA8F7F7A2F9574A802101903B
:10E4E000069B0093230089004AA807F099F884B29C
:10E4F00052484AA907F0F8FA049B002B64D0012384
:10E50000059A21004AA8F1F753F85DE036494246E2
:10E510004B4806AB9C466044F6F706FF484B06AAFC
:10E52000944663441F68474B63441F6085239B01E7
:10E530006344454A624423CA23C3444B6344994617
:10E540003C491800EFF746F81EAD0C22494628005A
:10E5500005F072FF2B972CAB8522920106A98C4601
:10E56000624483CA83C307CD07C349A92AA8F8F721
:10E57000ACFF83E7244A8021230089004AA807F0E2
:10E580004FF81024B4E74AA9314B0A0031CB31C20D
:10E5900011CB11C2294807F0A7FA049B002B13D016
:10E5A0000123059A13214AA8F1F702F80CE04AA9C1
:10E5B000274B0A0031CB31C211CB11C21F4807F0E3
:10E5C00093FA049B002B07D1224B9D44F0BCBB4621
:10E5D000B246A946A046F0BD0123059A13214AA8D8
:10E5E000F0F7E6FFF0E7C046142A002070100000A4
:10E5F00078830310E8200000EC2000008410000065
:10E60000DC20000060830310F49A03102021000036
:10E6100024210000A410000014210000DC7D031060
:10E6200058830310582100005C210000C410000032
:10E630004C21000068830310449B03103C8D0310A1
:10E64000B01000003C210000B41000003021000098
:10E65000EC96031084210000F0B5D6464F4646469E
:10E66000C0B5CB4CA5448022D200002142A805F0C1
:10E67000DDFE0023994698460026002700251DE26E
:10E6800000200CF051FA04000E2100200CF05CFA7E
:10E69000C04B1A78C04B1101891849005B18DB7810
:10E6A000303BDBB2092B12D8BB4BC8180230BB4B36
:10E6B0009A5C0121F9F748F9210000200CF044FA96
:10E6C000B44A1378013307210B401370FDE11001A8
:10E6D00080184000B04BC0180230B04B9A5C01214A
:10E6E000F7F7A0FEE8E7002D00D019E100239946D6
:10E6F00098460026012701251AE0002D00D012E1DE
:10E7000000239946013398460026002701250FE093
:10E71000002D0DD10123994600239846002600279D
:10E72000013505E00023994698460126002701257A
:10E73000082C43D07F2C41D0002E54D1002F01D083
:10E74000052D56D04346002B07D0012D05D90D2CA1
:10E7500000D10DE10A2C00D10AE1002E07D0012DD5
:10E7600005D90D2C00D149E10A2C00D146E14B46D8
:10E77000002B00D1BCE0012D00D8B9E00D2C02D057
:10E780000A2C00D0B4E042AA117802AB197052787A
:10E790005A70032D00D959E1022102AC2000F0F794
:10E7A0006BFF8022D200002142A805F03FFEFF222D
:10E7B0000021200005F03AFE002599E0002DBBD095
:10E7C0006B1E42AA0021D1549BB2013BD154023DA1
:10E7D000ADB2082007F04AF9202007F047F90820D9
:10E7E00007F044F9AAE76B1E42AAD05C07F03EF995
:10E7F000A4E701AB00221A7042AB5B78402B0BD927
:10E80000602B04D9573BDCB22401E4B208E0373B6B
:10E81000DCB22401E4B203E0303BDCB22401E4B218
:10E8200001AB1C7042AB9B78402B07D9602B02D9FF
:10E83000573BDBB204E0373BDBB201E0303BDBB2FD
:10E84000E418E4B201AB1C7000225A7042ABDB78D2
:10E85000402B0BD9602B04D9573BDDB22D01EDB213
:10E8600008E0373BDDB22D01EDB203E0303BDDB215
:10E870002D01EDB201AB5D7042AB1B79402B07D986
:10E88000602B02D9573BDBB204E0373BDBB201E03F
:10E89000303BDBB2ED18EDB201AB5D7003F054FF1D
:10E8A0003F4A002304F02EFC1000190004F022FF60
:10E8B00000223C4B04F035FE02000B003A4807F002
:10E8C00013F93A482A00210007F00EF9384B19785D
:10E8D0008C4201D0FF2C47D10198F2F7C9FCFF2CE4
:10E8E0003ED08022D200002142A805F09FFD0025E5
:10E8F000642007F091F8C4B22300083BDBB2772B09
:10E9000000D9D8E08023DB009D4200D3D3E042ABA6
:10E910005C55002D01D00135ADB23A2C00D1E2E6B4
:10E920007E2C00D1E9E62300413BDBB2192B04D950
:10E930002300613BDBB2192B02D8002D00D1F1E698
:10E940002A2C00D1E4E6002D00D0F1E60D2C02D0F7
:10E950000A2C00D0ECE600210020F6F71DF9E7E6CE
:10E960000198F0F7C1FDBCE70198F0F7BDFDB8E7ED
:10E9700042AB5B78402B1DD9602B04D9573BDAB2F0
:10E980001201D2B21AE0373BDAB21201D2B215E06C
:10E99000F8FAFFFFDE9A0220FC2800200C2A002053
:10E9A00040420F0000408F4088620310609B0310BC
:10E9B000DF9A0220303BDAB21201D2B242AB9B782E
:10E9C000402B07D9602B02D9573BDBB204E0373B21
:10E9D000DBB201E0303BDBB2D218D2B2033DA9B2C8
:10E9E00000230C20FF306844F0F7E2FD8022D200C3
:10E9F000002142A805F01AFD002579E700200CF05F
:10EA000093F804000E2100200CF09EF80A2007F075
:10EA10002DF842AB5B78303BDBB2092B10D80022DB
:10EA2000002142A8F8F790FF210000200CF08CF89C
:10EA30008022D200002142A805F0F8FC002557E70B
:10EA40000022002142A8F7F7EDFCEDE742AB9A78EF
:10EA500002AB9A700322032111E0303BDBB21B01B1
:10EA600002AC635418E0481C824602A8445CA446E9
:10EA70006344303B43545346D9B20232D2B2100001
:10EA8000AA4200DB89E642AB9B5C402BE5D9373BD1
:10EA9000DBB21B0102AC6354013042AB1B5C402B68
:10EAA000E1D9481C844602AC605C1B18373B6354B8
:10EAB0006346D9B2E1E764200CF0D2FA054B1A782C
:10EAC000054B1B789A4200D0DAE5002006F0A4FF3F
:10EAD000C4B211E7DD9A0220DE9A022070B584B03C
:10EAE00006000D00141E18D0110002A8EEF78EFAD1
:10EAF000029B002B1DD06846009301940022290040
:10EB0000F8F7C5FE051E0ED023000299039A3000C7
:10EB1000EEF7A2F8280004B070BD074B074A08487A
:10EB20003D2106F0FBFD0299039A2000EEF751F912
:10EB3000F0E70025EEE7C046749B03108C9B0310A2
:10EB4000349C031010B5030000685A68002802D0F6
:10EB5000FFF7C4FF10BD0020FCE710B58AB0040029
:10EB6000009101920368002B1FD0F6F787FB6946DE
:10EB700004A8F6F77FFA0023079307AB012252425D
:10EB80009A80049B002B0DD0069A02A902934A603A
:10EB90002000FFF7D7FF002805D004A88168EEF712
:10EBA00075F8EEE701200AB010BD0020FBE710B5B4
:10EBB00088B0029003910092019300280ED0009833
:10EBC0000199F6F73DFB019A06AB06900792029970
:10EBD000039A1800FFF7C1FF08B010BD059000228E
:10EBE00005A96846F6F738FCF6E710B582B00400D0
:10EBF000026843680092019308684968FFF7D7FFED
:10EC00006368002B05D01B79002B04D1012002B0D2
:10EC100010BD0020FBE70020F9E730B585B005689E
:10EC2000426802AB0291039208221900684605F07F
:10EC300003FC002269462800FFF7D7FF05B030BD6E
:10EC400070B586B005000C00F4F703FAAB6804A9B0
:10EC500004904B606B4605CC05C31C0008221800CD
:10EC600005F0EAFB009A019B02986168F8F7F4FD51
:10EC7000AB68002B05D01B79002B04D1012006B016
:10EC800070BD0020FBE70020F9E770B598B00500E3
:10EC9000009101920368002B32D0002932D0F6F7A0
:10ECA000F6FA694602A8F6F705FA0023059305ABC4
:10ECB000012252429A8002E002A8F6F748FA029B2B
:10ECC000002B1AD0049B08AC0299039A2000F6F797
:10ECD00011FA13AA130043CC43C30DAE2900300030
:10ECE000F6F75FFB16A90B0005CC05C30022300028
:10ECF000FFF7A6FF0028DFD100E0012018B070BDAB
:10ED00000020FBE70020F9E730B58BB002900391BB
:10ED100000920193002802D00379002B08D1002330
:10ED20000593002205A96846F6F796FB0BB030BDA7
:10ED300006AC69462000F6F795FA08AD02A928004E
:10ED4000F6F7D1FA0899099A2000FFF79EFFEDE740
:10ED500010B584B0040008684968009001912268E9
:10ED6000636802920393FFF7CFFF6368002B05D01F
:10ED70001B79002B04D1012004B010BD0020FBE75B
:10ED80000020F9E730B585B00568426802AB029112
:10ED9000039208221900684605F04EFB00226946DE
:10EDA0002800FFF7D5FF05B030BD0000F8B505001D
:10EDB0000027C6B228E03000F1F724FC002805D077
:10EDC000274AFF232B400121D15427E03000F1F7DF
:10EDD000F7FB002805D0224AFF232B400021D15405
:10EDE0001CE01F4AFF232B400421D15416E01D4B89
:10EDF0001878002300224721F0F7A6FA184B1F5D70
:10EE0000FA2080000CF02CF93000F1F71DFC0028EE
:10EE1000D1D0134AFF232B400221D154FF242C4090
:10EE20000F4B1B5DBB42EBD0F2F704FA0C4B1B5DA2
:10EE3000012B04D0022B0AD0002BDFD1D7E7094BDE
:10EE40001878002300225221F0F77EFAD6E7054B0E
:10EE50001878002300224121F0F776FACEE7C04669
:10EE6000E02F0020F19A02200B4B1B5C022B0AD0F2
:10EE700005D8002B09D0012B09D1412004E0032B38
:10EE800007D14C2000E0522070474720FCE74F207C
:10EE9000FAE74F20F8E7C046E02F002070B50026C3
:10EEA00000240BE0012513E0164B1B78002B03D048
:10EEB000012D01D90136B6B20134E4B2F1F7E6FB17
:10EEC000A0421CD92000F1F77BFB0028EAD10025E5
:10EED0002000F1F797FB002801D00135EDB22000AA
:10EEE000F1F7B2FB002801D00135EDB2064B1B78DB
:10EEF000002BD9D0002DD7D10136B6B2D4E73000DF
:10EF000070BDC046F09A0220EF9A022010B592B070
:10EF100003AC384A38492000F3F774FC0223079306
:10EF200007A92000F4F71EF8002814D0334B012263
:10EF30001A70334B1A700DAC324A2F492000EEF78D
:10EF400055FB6323119311A92000F0F7F1FD2E4B1F
:10EF5000187000231FE008AC264A27492000F3F769
:10EF600051FC01230C930CA92000F3F7FBFF0028B0
:10EF700006D0224B01221A70214B00221A70DAE7C8
:10EF80001E4B00221A701E4B1A70D4E71F4A042130
:10EF9000D1540133DBB2032BF8D9002423E0C8227B
:10EFA0001B491C48002301930C331B1B00932300B7
:10EFB00052000BF01AFD03F0C7FB174A002304F0C0
:10EFC000A1F81000190004F095FB0022134B04F087
:10EFD000A8FA02000B00124806F086FD0134114821
:10EFE000210006F081FDF1F751FBA042D7D812B005
:10EFF00010BDC04678870310142A0020EF9A022023
:10F00000F09A02205C9D0310F19A0220E02F00206C
:10F01000649D0310ADED011040420F0000408F4091
:10F0200088620310709D0310F0B5D6464F464646E1
:10F03000C0B584B081460F00924698460CAB1E784E
:10F040000D9C002503F080FB0019694100290EDBAF
:10F05000029003910096434652463900484609F013
:10F06000F3FE04B0E0BCBA46B146A846F0BD0120AC
:10F0700040420149ECE7C046FFFFFF7FF0B5D646AE
:10F080004F464646C0B584B081460F00924698462A
:10F090000CAB1E780D9C002503F056FB001969414E
:10F0A00000290EDB02900391009643465246390038
:10F0B000484609F0E8FE04B0E0BCBA46B146A846AE
:10F0C000F0BD012040420149ECE7C046FFFFFF7F51
:10F0D00041600270704730B585B005000F236B4466
:10F0E00019700024042C13DC29786868FA235B006B
:10F0F00001930023009301330F226A44FFF794FF2A
:10F1000001280DD00520002103F026FB0134E9E79A
:10F1100000240520002103F01FFB200005B030BDB6
:10F120000124F6E770B582B004000026042E13DC3B
:10F13000621C21786068FA235B000193002300932E
:10F140000133FFF79BFF0500012805D005200021B2
:10F1500003F002FB0136E9E7012D0DD0002311E099
:10F160006178114101230B4059424B41A1184B7268
:10F170000132072AF4DD07E00022FAE7E218002155
:10F1800051720133072BF9DD0520002103F0E4FA69
:10F1900002B070BD70B504000D00002A02D16419E0
:10F1A000607A70BDFFF7BEFFF9E70000F0B5D64604
:10F1B0004F464646C0B584B081460F0092469846F9
:10F1C0000CAB1E780D9C002503F0BEFA00196941B6
:10F1D00000290EDB02900391009643465246390007
:10F1E000484609F031FE04B0E0BCBA46B146A84634
:10F1F000F0BD012040420149ECE7C046FFFFFF7F20
:10F20000F0B5D6464F464646C0B584B081460F009D
:10F21000924698460CAB1E780D9C002503F094FA9C
:10F220000019694100290EDB0290039100964346C4
:10F2300052463900484609F026FE04B0E0BCBA4602
:10F24000B146A846F0BD012040420149ECE7C04666
:10F25000FFFFFF7F016002718360002304E0C2189A
:10F26000002111740133DBB20F2BF8D97047000075
:10F27000F0B585B005000C00161C0F2927D887684B
:10F28000111C381C04F0D8FE002800D1371C18349B
:10F2900003AE3470381C04F06BFF00220D4B04F0F9
:10F2A00040F900220C4B04F05AF904F00BFA70708C
:10F2B00029792868FA239B000193002300930233E5
:10F2C0003200FFF773FF0A20002103F045FA05B072
:10F2D000F0BDC04600B04C4000E06F40F0B5CE46F7
:10F2E000474680B585B005000C0016000F293ED8B2
:10F2F00089088B1C984647183B7B9C46032222407A
:10F30000520003239340DB435BB2604603403B73F0
:10F31000F72E31D9012797406A183B43137303AF87
:10F3200043463B7069180B7B7B7029792868FA2368
:10F330005B009946019300239846009302333A00FC
:10F34000FFF734FF0A20002103F006FA08343C706E
:10F350007E70297928684B46019343460093023317
:10F360003A00FFF723FF0A20002103F0F5F905B06A
:10F37000C0BCB946B046F0BD082ED0D90227974090
:10F380006A183B431373CAE74018007C704700B506
:10F3900085B003AA01231370883353700179006884
:10F3A0006C33FF330193002300930233FFF7FEFE1B
:10F3B000013002D0012005B000BD0020FBE700B500
:10F3C00085B003AA012313700F33537001790068CD
:10F3D000E533FF330193002300930233FFF7E6FE8A
:10F3E0000A20002103F0B8F905B000BDF0B5CE4603
:10F3F000474680B585B00400FFF7E1FF01200021FA
:10F4000003F0AAF903AD01232B7021792068FA26B5
:10F410007600019600932A00FFF7C8FE2179206844
:10F4200001960023009301332A00FFF7E9FE0A202A
:10F43000002103F091F92B780022AA56002A08DB5C
:10F4400000265B0607D4300005B0C0BCB946B04604
:10F45000F0BD0126F5E700270025032F24DC3B0043
:10F46000463303AA9046137021792068FA235B0083
:10F4700099460193F43BFF3B0093FFF797FE2179F8
:10F4800020684B4601930023009301334246FFF767
:10F49000B7FE43461B78FA0093401D430A20002123
:10F4A00003F05AF90137D8E7002304E0E2180221FB
:10F4B0001174012601330F2BC5DC5A002900D140FD
:10F4C0000A0003210A40012AF0D0022A15D0D917D8
:10F4D000032007000F40FF18BF10FF223A40A21878
:10F4E000177B890F5A180240521A520017413842AE
:10F4F000E0D0E21800211174DCE7E2180121117458
:10F500000126D7E710B50400FFF770FF002800D1EF
:10F5100010BD00230F2B05DCE218127C012AF7D066
:10F520000133F7E70020F3E710B50400FFF75EFFB3
:10F53000002800D110BD00230F2B05DCE218127C3F
:10F54000022AF7D00133F7E70020F3E7F0B585B0E2
:10F550000500002406E0002221002800FFF7BEFE7F
:10F560000134E4B20F2CF6D903AC002626702979B9
:10F570002868FA277F000197012300932200FFF7F4
:10F5800015FE297928680197009601230D226A4407
:10F59000FFF736FE0520002103F0DEF86378102225
:10F5A000134363702979286801970096022322008B
:10F5B000FFF7FCFD0520002103F0CEF805B0F0BDFB
:10F5C000F0B585B0040003AD00262E700179006807
:10F5D000FA277F000197012300932A00FFF7E6FD39
:10F5E000217920680197009601230D226A44FFF7D4
:10F5F00007FE0520002103F0AFF86B78102293433B
:10F600006B70217920680197009602232A00FFF78A
:10F61000CDFDFA204000002103F09EF805B0F0BDBA
:10F62000F0B5D6464F464646C0B584B080468A46B9
:10F6300017001E000CAB1B78994603F085F80400F8
:10F640000D00FA22920000235046002104F07EFCB7
:10F6500002000B0012196B41002B0CDB4946029192
:10F6600001960097404602F07FFE04B0E0BCBA4627
:10F67000B146A846F0BD01225242014BEEE7C0461A
:10F68000FFFFFF7FF0B583B004000D0016001F00E0
:10F6900002F002FE009733002A002100FFF7C0FFAE
:10F6A00003B0F0BD10B502AC247841600272437221
:10F6B000C47200238372FF22034942540349425417
:10F6C0000370437010BDC04615040000160400000E
:10F6D000C1727047014BC05C40B270471204000019
:10F6E0000173704710B504008323DB00C058002865
:10F6F00003D0012149420AF095FD0120002103F0C9
:10F700002BF8227A01239340D02212069361012024
:10F71000002103F021F810BD10B5040001200021E4
:10F7200003F01AF8227A01239340D0221206936143
:10F730000120002103F010F810BD10B504000120D5
:10F74000002103F009F8227A01239340D022120607
:10F7500053610120002102F0FFFF8323DB00E0580A
:10F76000002804D00023002200210AF0B5FA10BDC1
:10F7700070B586B0060005AC812323707A3B6370B8
:10F78000FFF7B0FF70680222210015F0D1FF3000B2
:10F79000FFF7D3FFC0232370403B63703000FFF7B7
:10F7A000A1FF70680222210015F0C2FF3000FFF7B0
:10F7B000C4FF0623B3722F4B0022F25402F0C4FFA1
:10F7C00000900191002400250AE0012002F0FAFFD8
:10F7D00002F0BAFF009B019CC01AA14104000D0079
:10F7E000B37A062B0ED1FA229200002320002900C2
:10F7F00003F070FC204BF25A00238B42E5DC01D170
:10F800008242E2D8B37A062B1ED002F09DFF02900E
:10F81000039100200021B37A022B20D0FA2292001B
:10F82000002303F057FC144BF25A93009B1800225C
:10F830008A4210DD012002F0C5FF02F085FF029B25
:10F84000039CC01AA141E6E70C4822002B0006F0F9
:10F850004BF901200CE08A4201D18342EAD8B37A05
:10F86000022B02D0034B0022F254024BF05CC0B2D8
:10F8700006B070BD140400001C040000949D031029
:10F8800030B583B0040001ADA0232B700B0A6B7060
:10F89000A970FFF727FF60680322290015F048FFD1
:10F8A0002000FFF74AFF03B030BD0000F0B5C646A8
:10F8B00000B582B004000D1C3149281C04F0CAFBBD
:10F8C000002855D02F49281C04F0BCFB002801D18A
:10F8D00000204EE0281C04F04BFC00222A4B03F0D1
:10F8E0003EFE0022294B03F01CFE03F0EBFE070C4A
:10F8F000FFB2030ADBB29846C6B201AD86232B7075
:10F900006F704346AB70EE702000FFF7EBFE60684F
:10F910000422290015F00CFF2000FFF70EFF0A203B
:10F9200002F050FF6D4606232B702000FFF7DAFE31
:10F9300060680122694615F0FBFE606803236A4691
:10F940000132002115F09CFE2000FFF7F6FE6978D9
:10F95000B94205D1AB78434502D1EB78B3420CD024
:10F960006B469A78DB780A4806F0BEF8002000E083
:10F97000002002B080BCB846F0BD0120F9E7C046C7
:10F98000008061440000684480842E4180844E40A1
:10F99000B49D031070B582B005000C00142903D883
:10F9A000012902D8022402E01424112C25D801AE2A
:10F9B000CD233370C93B73702800FFF793FE68684E
:10F9C0000222310015F0B4FE2800FFF7B6FE01AEAA
:10F9D00089233370023CE4B20A3BFF3B234373703C
:10F9E0002800FFF77FFE68680222310015F0A0FEB4
:10F9F0002800FFF7A2FE02B070BD01AECD23337028
:10FA0000C63B73702800FFF76DFE68680222310064
:10FA100015F08EFE2800FFF790FE033CE4B2D6E717
:10FA200070B582B00400062904D007292CD02DD847
:10FA3000022600E0042601AD1D232B702000FFF7F5
:10FA400051FE60680122290015F072FE60680123F2
:10FA50006A460532332115F013FE2000FFF76DFED4
:10FA60009D232B706B780E22934333436B702000E1
:10FA7000FFF738FE60680222290015F059FE2000C9
:10FA8000FFF75BFE02B070BD0626D4E70826D2E77A
:10FA900030B583B0040001AD81232B70803B6B70C7
:10FAA000FFF720FE60680222290015F041FE2000C9
:10FAB000FFF743FE0223A37203B030BD30B583B01D
:10FAC000040001AD81232B707C3B6B70FFF70AFEB5
:10FAD00060680222290015F02BFE2000FFF72DFEA2
:10FAE000C0232B7000236B702000FFF7FBFD6068C4
:10FAF0000222290015F01CFE2000FFF71EFE042341
:10FB0000A37203B030BD000010B50400837A042B4B
:10FB100002D0837A032B09D18223DB00E05C084BFF
:10FB2000E35CC01A431E9841C0B210BDFFF7B0FF9E
:10FB30000A2002F047FE2000FFF7C0FFECE7C046B6
:10FB400011040000F0B583B004000F00150001930C
:10FB5000FFF7DAFF002850D0002F46D0002D44D008
:10FB60002A782C4BE35CE3182B498C4663441B78C2
:10FB7000043B9A4239DB274BE35CE31863441B7870
:10FB8000033B9A4206DB234BE35CE31863441B7898
:10FB9000043B2B701F4EA35D1902C91A1031611866
:10FBA0002A780431380004F047FCA25D13029B1A46
:10FBB000E3185B7C019A1370A25D13029B1AE31891
:10FBC0001B7C089A1370A35D1802C01A103020180D
:10FBD000FF22002104F02AFCA35DDBB2022B0ED829
:10FBE000A35D0133DBB20B4AA3542000FFF78CFF67
:10FBF000002802D12378002B03D003B0F0BD0023EE
:10FC0000F1E70649013322003C30FFF73BFD0123B9
:10FC10002370F2E7110400000C04000065030210D9
:10FC200030B583B0040001AD81232B707B3B6B703A
:10FC3000FFF758FD60680222290015F079FD2000C9
:10FC4000FFF77BFDC0232B7000236B702000FFF7B4
:10FC500049FD60680222290015F06AFD2000FFF7C7
:10FC60006CFD0523A37203B030BD70B582B00400F3
:10FC700001AD81232B7003266E70FFF733FD6068A2
:10FC80000222290015F054FD2000FFF756FDC02385
:10FC90002B70803B6B702000FFF724FD6068022210
:10FCA000290015F045FD2000FFF747FDA67202B0C0
:10FCB00070BD000030B583B0040001AD81232B700E
:10FCC000013B6B70FFF70EFD60680222290015F002
:10FCD0002FFD2000FFF731FD0A2002F073FD012304
:10FCE0002B702000FFF7FEFC60680122290015F050
:10FCF0001FFD606801236A460532DD2115F0C0FC56
:10FD00002000FFF71AFD6978802903D10123A3722F
:10FD100003B030BD014805F0E7FEF7E7F09D0310A2
:10FD200030B583B0040001AD0A4B1B782B70FFF790
:10FD3000D9FC60680122290015F0FAFC60680123F3
:10FD40002A00112115F09CFC2000FFF7F6FC287812
:10FD500003B030BDBCB4031070B582B004000D0018
:10FD600001AE1E233370FFF7BDFC60680122310035
:10FD700015F0DEFC606801236A460532002115F0AB
:10FD80007FFC2000FFF7D9FC002D13D073780421ED
:10FD90000B43737001AD9E232B702000FFF7A2FC74
:10FDA00060680222290015F0C3FC2000FFF7C5FCA3
:10FDB00002B070BD01AA537804218B435370E9E768
:10FDC00070B582B0040015007F230B4001AE337084
:10FDD00066237370FFF786FC60680122310015F01E
:10FDE000A7FC606801236A460132662115F048FCD1
:10FDF0002000FFF7A2FC6B465B782B7002B070BD51
:10FE000010B582B001AC22000121FFF7D9FF2178A3
:10FE1000024805F069FE02B010BDC0460C9E0310FA
:10FE200010B504000120002102F096FC227A012383
:10FE30009340D022120653610120002102F08CFC75
:10FE400010BD0000F0B5CE46474680B58DB0040029
:10FE50000BAD1D232B70FFF745FC606801222900C4
:10FE600015F066FC2D236B449846606801234246DA
:10FE7000EE2115F005FC2000FFF75FFC6E783309DA
:10FE800099461E232B702000FFF72CFC606801228E
:10FE9000290015F04DFC606801234246012115F050
:10FEA000EFFB2000FFF749FC687803099C4601A995
:10FEB000354B0A00C1CBC1C2C1CBC1C2C1CBC1C28B
:10FEC0001B6813604B469E00735899460223604698
:10FED0005840C0B203F0BAFB00222C4B03F03FFBAA
:10FEE00006000F00484604F043F902000B00300002
:10FEF000390003F016FB03F035FC061C26232B709B
:10FF00002000FFF7EFFB60680122290015F010FCCC
:10FF1000606801234246022115F0B2FB2000FFF782
:10FF20000CFC6F7808233A009A4390468321C90558
:10FF3000301C04F097F8002814D0A6232B70082357
:10FF40003B436B702000FFF7CDFB60680222290065
:10FF500015F0EEFB2000FFF7F0FB0DB0C0BCB9467A
:10FF6000B046F0BD0BADA6232B7043466B7020004E
:10FF7000FFF7B8FB60680222290015F0D9FB2000CA
:10FF8000FFF7DBFBE9E7C04690D5031000408F4048
:10FF900070B582B004002D4B994219DD2C4B99426B
:10FFA00043DD2C4B994242DD2B4B994241DD2B4BDB
:10FFB000994240DD2A4B99423FDD2A4B99423EDD72
:10FFC000294B99423DDD294B99423CDC802600E0DB
:10FFD000002601AD1D232B702000FFF783FB606816
:10FFE0000122290015F0A4FB606801236A4605324E
:10FFF000442115F045FB2000FFF79FFB9D232B704C
:020000041002E8
:100000006A788E3B134033436B702000FFF76AFB26
:1000100060680222290015F08BFB2000FFF78DFBA2
:100020002000FFF70FFF02B070BD1026D1E7202699
:10003000CFE73026CDE74026CBE75026C9E760263C
:10004000C7E77026C5E79026C3E7C046781E0000C4
:10005000A0280000F03C000040510000127A00008F
:10006000E4A2000024F4000048E8010090D003005E
:1000700070B582B004000D0006290CD9072937D0CD
:10008000082937D0092937D00A2937D00B2937D08A
:1000900002D9C02500E0602501AE1E233370200088
:1000A000FFF720FB60680122310015F041FB60681A
:1000B00001236A460532222115F0E2FA2000FFF7FB
:1000C0003CFB9E23337072788F3B13401D43757049
:1000D0002000FFF707FB60680222310015F028FBC3
:1000E0002000FFF72AFB2000FFF7ACFE02B070BD36
:1000F0007025D1E78025CFE79025CDE7A025CBE778
:10010000B025C9E770B582B0040000238222D20076
:100110008354524A8354524A8354524A8354524B12
:10012000FA225200C252043BC150012606734068B5
:100130004E4908F037FF607A01F0FCF9207A01F0AF
:10014000F9F9637A32009A40D0231B069A62227A28
:100150003100914059622000FFF7EFFA01AD812391
:100160002B70013B6B702000FFF7BCFA6068022225
:10017000290015F0DDFA2000FFF7DFFA0A2002F06F
:1001800021FB2E702000FFF7ADFA606801222900E4
:1001900015F0CEFA606801236A460532DD2115F0BC
:1001A0006FFA2000FFF7C9FA6978802905D0304836
:1001B00005F09AFC002002B070BD01AD8E232B70BB
:1001C00000236B70AB702000FFF78CFA606803228D
:1001D000290015F0ADFA2000FFF7AFFA8C232B7041
:1001E0006C3B6B702000FFF77DFA606802222900EB
:1001F00015F09EFA2000FFF7A0FA92232B706D33C2
:100200006B702000FFF76EFA60680222290015F07B
:100210008FFA2000FFF791FA7D212000FFF7B8FE4A
:1002200005212000FFF7FCFB07212000FFF720FF3E
:1002300008212000FFF724FB0E492000FFF736FBC2
:100240000D212000FFF7A6FB01212000FFF784FD10
:100250002000FFF71DFC0120ADE7C046110400009F
:1002600012040000130400001C04000020A1070079
:10027000F09D031000C06444F0B5C64600B504000C
:10028000114B9846C154114FC255C05CC0B201F029
:1002900051F94346E35C01252A009A40D0263606F0
:1002A00072624346E35C2A009A407261E05DC0B22C
:1002B00001F040F9E35D2A009A407262E35D9D40DF
:1002C000756180BCB846F0BD15040000160400003E
:1002D000064BC35CDBB2FF2B06D0044BC25C012390
:1002E0009340D022120693617047C0461604000066
:1002F000064BC35CDBB2FF2B06D0044BC25C012370
:100300009340D022120693617047C0461504000046
:10031000064BC35CDBB2FF2B06D0044BC25C01234F
:100320009340D022120653617047C0461604000065
:1003300010B50C000800FFF7EBFF002363700020EE
:10034000002110BD064BC35CDBB2FF2B06D0044B73
:10035000C25C01239340D022120653617047C0460D
:100360001504000010B50C000800FFF7EBFF002398
:1003700023700020002110BD10B582B001AC220016
:100380000121FFF71DFD207802B010BD014BC152C5
:100390007047C0461C04000010B5002A0BD1002095
:1003A000C04380B210BDCC5C201880B20133DBB2F8
:1003B0009342F8D3F4E700230020F9E7F0B5C646EE
:1003C00000B582B00400002300938323DB00C058F3
:1003D000002803D06A46002109F0E8FF01AD12238E
:1003E0002B702000FFF798F960680122290015F0B2
:1003F0009FF96B465E1D606801233200772115F07E
:100400003FF92000FFF70CFD6F781C232B702000B4
:10041000FFF782F960680122290015F089F9606808
:1004200001233200882115F02BF92000FFF7F8FC9A
:100430006E782A0001212000FFF7C2FCA37A042B6A
:1004400030D0A37A042B3DD0A37A052B3AD0A37ADF
:10045000032B00D172E1A37A062B00D181E101AD1B
:1004600092232B706D336B702000FFF755F9606895
:100470000222290015F05CF92000FFF7D1FC83234C
:10048000DB00E058002809D0694609F0A1FD009B77
:10049000002B03D0BC4B802252051A6002B080BCF6
:1004A000B846F0BD5B333A009A4301D17606C8D412
:1004B0008223DB00E35CE318B44A944663440022E1
:1004C0001A70CCE77B06C2D52000FFF711FF01AD03
:1004D00013232B702000FFF71FF960680122290009
:1004E00015F026F96B465F1D606801233A009921DB
:1004F00015F0C6F82000FFF793FC6A788226F60014
:10050000A35DE318A1498C4663441A7010232B7035
:100510002000FFF701F960680122290015F008F9B1
:10052000606801233A00AA2115F0AAF82000FFF71D
:1005300077FC8D232B702000FFF7EEF86068022215
:10054000290015F0F5F82000FFF76AFC00232B7056
:10055000A35DE3188D4A944663441F78FFB22000E0
:10056000FFF7DAF860680122290015F0E1F80025AC
:1005700013E0606801236A460532002115F080F817
:1005800001AB59788223DB00E25C13029B1AE3186B
:100590005B1919740135EDB237007E1EF6B2002FDB
:1005A000E7D12000FFF73CFC01AD19232B702000A0
:1005B000FFF7B2F860680122290015F0B9F80523A9
:1005C0006B449846606801234246BB2115F058F8F9
:1005D0002000FFF725FC6B789B086D4EA3551A236E
:1005E0002B702000FFF798F860680122290015F0B1
:1005F0009FF8606801234246CC2115F041F82000A5
:10060000FFF70EFC0122AA56624BE254A35D5BB2D7
:10061000002B75DB5F4D605D40B200010F2102F0E1
:100620000BFD40B260555B4AA35C63335BB2A354DD
:100630008223DB00E35CE318544A944663441B784E
:10064000DBB2032B42D90432A15C0B025B1AE31824
:100650001B7CDBB26373A15C0B025B1AE3185B7C4F
:10066000DBB2A373A35C1902C91A14316118A35C2D
:10067000E31863441A78043AD2B22000FFF78CFEE4
:10068000627BE37A9A4243D0637BDBB2FF2B3FD09D
:100690008221C900625C13029B1AE3189A7C615C98
:1006A0000B025B1AE318DB7C1B02D318002B41D131
:1006B0008223DB00E35CDBB2022B04D88223DB0065
:1006C000E75C0137FFB28223DB00E75401AD9023E2
:1006D0002B7000236B702000FFF71EF86068022269
:1006E000290015F025F82000FFF79AFBA37A052BC7
:1006F00000D0B4E6033BA372274B0022E254AEE6DF
:10070000A25D52B22349635C9B185BB263548AE7D3
:100710008222D200A15C0B025B1AE3189B7CA15CD5
:100720000A02521AA218D27C12029B189BB2834270
:10073000AED1BDE72000FFF705FEC7E73B0700D4B9
:1007400089E66378002B03D02000FFF7B7F986E62F
:100750001249013322001420FEF794FF0123637035
:10076000F2E77B0700D47AE6FF07FF0F0A4BE75456
:10077000E35C002B03D02000FFF752FA6FE6200065
:10078000FFF786F96BE6C04604ED00E00C040000BC
:1007900013040000120400001404000031030210CE
:1007A000F0B5D646474680B587B00600039192461D
:1007B0001F001A005146FFF7EFFD804601F0C4FF0D
:1007C00004000D003000FFF783FDB37A022B2DD01B
:1007D000B37A042B2AD0B37A052B27D001F0B4FFCB
:1007E000001BA941FA229200002302F073FC554B32
:1007F000F35A9B0000228A42E7DC01D18342E4D80D
:10080000B17AC9B2504805F06FF97378002B04D063
:100810003000FFF73DF900208EE04C4901333200F3
:100820001420FEF72FFF01237370F1E73000FFF76C
:100830002FF901F089FF00900191009C019D30008B
:10084000FEF796FF00283AD001F07EFF001BA94179
:10085000FA229200002302F03DFC3A4BF25A930038
:100860009B1800228A4209DD11F0EAFB642102F0A4
:10087000E3FB481CC11701F06FFFE0E78A4201D19A
:100880008342F1D83000FFF7BBFA012001F09AFF54
:100890002F4805F0F9F83000FFF70CFA7378002BB9
:1008A00004D03000FFF7F4F8002045E02749013379
:1008B00032001420FEF7E6FE01237370F1E704AC6A
:1008C0008D232370002363703000FEF70BFF7068E8
:1008D0000222210014F02CFF3000FEF72EFF8023AF
:1008E0002370039B6370F37AA3704346E3701B0A83
:1008F00023713000FEF7F6FE70680522210014F027
:1009000017FF70683A00514614F012FF3000FEF7EE
:1009100014FFA22323703B1D63703000FEF7E2FE3C
:1009200070680222210014F003FF3000FEF705FF7B
:100930003000FFF79AF9012007B0C0BCBA46B046B4
:10094000F0BDC0461C040000209E031031030210BD
:10095000389E031001207047012070470020704727
:100960000020704770477047007A704710B5040048
:10097000081C054903F011FB6061217A23681B689C
:100980002000984710BDC04600007F4310B504000A
:10099000081C054903F001FB6061217A23685B684C
:1009A0002000984710BDC04600007F4370B504008A
:1009B00001218069494209F035FC6068FEF716FDA7
:1009C000237A022B23D00BD8002B13D0012B05D177
:1009D0006068A17AFEF7D8FC050010E000250EE063
:1009E000032B05D16068217BFEF7CEFC050006E0F5
:1009F000002504E06068617AFEF7C6FC0500A06986
:100A000000230022002109F067F9280070BD60680A
:100A1000E17AFEF7B9FC0500F1E70000F8B5040043
:100A200006A8067807A8057808A80078094F276067
:100A3000094F276061606372A672E5722073A2613C
:100A4000002A01D02000F8BD012009F017FAA061AA
:100A5000F8E7C046C0D50310E0D50310042901D043
:100A60004018427370470000F8B504000F1C161CB4
:100A70001D1C04230372FF220021FFF7EFFFFF225A
:100A800001212000FFF7EAFFFF2202212000FFF7EB
:100A9000E5FFFF2203212000FFF7E0FF23681B6929
:100AA0001B49200098470121A069494209F0BAFB7F
:100AB0006068617A3A1CFEF7DBFB6068A17A321C41
:100AC000FEF7D6FB6068E17A2A1CFEF7D1FB60686E
:100AD000217B069AFEF7CCFB6068617A0022FEF764
:100AE000FDFB6068A17A0022FEF7F8FB6068E17AFE
:100AF0000022FEF7F3FB6068217B0022FEF7EEFB8D
:100B0000A06900230022002109F0E6F8F8BDC046E4
:100B100000007F43F8B5DE4657464E464546E0B5F1
:100B200006000D0014004318587B7369984603F0C3
:100B3000A3FA414603F047FA03F0F2FAC7B23319B9
:100B4000587B03F099FA414603F03DFA03F0E8FAC6
:100B5000C3B29846022D1ED009D8002D0FD0012D0A
:100B600002D1B37A99460CE0FF23994609E0032DA0
:100B700002D1337B994604E0FF23994601E0737A62
:100B80009946022C1ED00CD8002C12D0012C05D175
:100B9000B37A9A460FE0F37A9946F2E7FF239A4632
:100BA00009E0032C02D1337B9A4604E0FF239A46E6
:100BB00001E0737A9A460121B069494209F032FB9B
:100BC000002520E0F37A9A46F5E7280078433221A1
:100BD000494202F031FAC4B2E419E4B24046684333
:100BE000322102F029FAC3B29B46706822004946BE
:100BF000FEF774FB70685A465146FEF76FFB012002
:100C000001F0E0FD0135322DDFDDB0690023002267
:100C1000002109F061F8F0BCBB46B246A946A046E7
:100C2000F8BD70B504000D004318587B666903F0E9
:100C300023FA311C03F0C7F903F072FAC6B2042D8F
:100C400035D8217AA94208D1022D2ED014D8002DF2
:100C500018D0012D0ED1A57A15E02A002000FFF74B
:100C600059FF25722368DB682000984743425841AA
:100C7000C0B21DE0FF2506E0032D01D1257B02E077
:100C8000FF2500E0657A0121A069494209F0CAFA0E
:100C9000606832002900FEF721FBA06900230022D2
:100CA000002109F019F8012002E0E57AEBE70120C4
:100CB00070BDF0B5DE4657464E464546E0B583B0BA
:100CC00006000D001400002301934318587B73693C
:100CD000984603F0D1F9414603F075F903F020FA84
:100CE000C7B23319587B03F0C7F9414603F06BF9DB
:100CF00003F016FAC3B29846022D1ED009D8002D73
:100D00000FD0012D02D1B37A99460CE0FF2399460A
:100D100009E0032D02D1337B994604E0FF23994675
:100D200001E0737A9946022C1ED00CD8002C12D008
:100D3000012C05D1B37A9A460FE0F37A9946F2E78F
:100D4000FF239A4609E0032C02D1337B9A4604E044
:100D5000FF239A4601E0737A9A46B06901AA0021FE
:100D600009F024FB002520E0F37A9A46F5E72800F5
:100D700078433221494202F05FF9C4B2E419E4B287
:100D800040466843322102F057F9C3B29B4670686F
:100D900022004946FEF7A2FA70685A465146FEF70D
:100DA0009DFA012001F00EFD0135322DDFDDB06925
:100DB00000230022002108F08FFF019803B0F0BC4F
:100DC000BB46B246A946A046F0BD000070B582B051
:100DD00004000D004318587B666903F04DF9311C7F
:100DE00003F0F1F803F09CF9C6B200230193042D3F
:100DF0002BD8217AA94208D1022D30D00ED8002D4F
:100E000012D0012D08D1A57A0FE02A002000FFF7AB
:100E100050FF0190257218E0FF2506E0032D01D157
:100E2000257B02E0FF2500E0657AA06901AA002188
:100E300009F0BCFA606832002900FEF74FFAA06999
:100E400000230022002108F047FF019B002B03D064
:100E5000044B802252051A60012002B070BDE57A71
:100E6000E3E7C04604ED00E0007A704710B50400E7
:100E7000081C054903F091F8A061217A23681B68DA
:100E80002000984710BDC04600007F4310B5040005
:100E9000081C054903F081F8A061217A23685B688A
:100EA0002000984710BDC04600007F43F8B50400FD
:100EB0000D00032900D98FE04B005B18C318187B85
:100EC000A66903F0D9F8311C03F07DF803F028F986
:100ED000C6B2731EDBB2062B00D808260121E069DA
:100EE000494209F09FF96068617A3200FEF7F6F92D
:100EF000E06900230022002108F0EEFE6B005B1980
:100F0000E318587BA66903F0B7F8311C03F05BF8CF
:100F100003F006F9C6B2731EDBB2062B00D8082612
:100F20000121E069494209F07DF96068A17A320047
:100F3000FEF7D4F9E06900230022002108F0CCFE7E
:100F40006B005B19E318987BA66903F095F8311CD8
:100F500003F039F803F0E4F8C6B2731EDBB2062BD7
:100F600000D8082601277F42E069390009F05AF9C4
:100F70006068E17A3200FEF7B1F9E06900230022EF
:100F8000002108F0A9FEE069390009F04BF960681A
:100F9000FEF72CFA6068617AFEF7F6F9002809D0AE
:100FA0000026E06900230022002108F095FE25724A
:100FB0003000F8BD6068A17AFEF7E6F9002801D09C
:100FC0000026EEE76068E17AFEF7DEF9002801D13D
:100FD0000126E6E70026E4E70121C069494209F05D
:100FE00021F96068617A0022FEF778F96068A17AD9
:100FF0000022FEF773F96068E17A0022FEF76EF9CD
:10100000E06900230022002108F066FE0423237219
:101010000126CDE770B504000121C069494209F0FD
:1010200001F96068617AFEF7AFF9000130260640E9
:101030006068A17AFEF7A8F983000C2018400643E7
:101040006068E17AFEF7A0F9032505403543E069C1
:1010500000230022002108F03FFE280070BD0000A0
:1010600070B582B004000D0000230193032900D95C
:1010700074E04B005B18C318187BA66902F0FCFFF4
:10108000311C02F0A0FF03F04BF8C6B2731EDBB2B6
:10109000062B00D80826E06901AA002109F086F98C
:1010A0006068617A3200FEF719F96B005B19E3188A
:1010B000587BA66902F0E0FF311C02F084FF03F0C8
:1010C0002FF8C2B2531EDBB2062B00D8082260688C
:1010D000A17AFEF703F96B005B19E318987BA66908
:1010E00002F0CAFF311C02F06EFF03F019F8C2B221
:1010F000531EDBB2062B00D808226068E17AFEF7A7
:10110000EDF86068FEF772F96068617AFEF73CF905
:10111000002811D00026E06900230022002108F0F9
:10112000DBFD2572019B002B03D01B4B8022520557
:101130001A60300002B070BD6068A17AFEF724F931
:10114000002801D00026E6E76068E17AFEF71CF986
:10115000002801D10126DEE70026DCE7C06901AAEC
:10116000002109F023F96068617A0022FEF7B6F8E1
:101170006068A17A0022FEF7B1F86068E17A002287
:10118000FEF7ACF8E06900230022002108F0A4FD7E
:10119000042323720126C5E704ED00E070B50400C6
:1011A00004A8057805A80078084E2660084E266039
:1011B00061606372A572E072E261002A01D02000D2
:1011C00070BD012008F05AFEE061F8E7C0D50310B9
:1011D00000D60310F8B504000F1C161C1D1C0423B8
:1011E000037200202073FB336373A073AA22E2739F
:1011F000553A22746074A374E07420759B3B637548
:10120000193BA3750533E37523681B691649200054
:1012100098470121E069494209F004F86068617A61
:101220003A1CFEF725F86068A17A321CFEF720F818
:101230006068E17A2A1CFEF71BF86068617A002278
:10124000FEF74CF86068A17A0022FEF747F8606864
:10125000E17A0022FEF742F8E06900230022002133
:1012600008F03AFDF8BDC04600007F4330B503AC3E
:101270002578042905D04C00611840180273437387
:10128000857330BD0120704710B50400FFF7FAFFE9
:10129000A04205D3AE2080006043024BC01810BDB1
:1012A0000020FCE7881100200120704710B50400E1
:1012B000FFF7E8FFA04205D3200100198000024B90
:1012C000C01810BD0020FCE74014002010B58300BA
:1012D000084A9A1814684022544080322240064C32
:1012E000A44663441A60C000044B9C4660444160BD
:1012F00010BDC04604C0014004D001400040014080
:1013000080000C4B9C46604400290ED00823002A24
:101310000DD004221343026853400C221340802254
:10132000520194466044036070470023EFE70022B7
:10133000F0E7C04604C001408000064BC318090115
:101340001B68594030230B40034A944660440360B5
:101350007047C04604C0014004D0014070B504008D
:10136000D0231B061D680D4BAA00D358002B0AD0B2
:10137000002803D0094BAD00EC5070BD08490D208A
:1013800000F0BEFBF6E70028F7D0044BAD00E850B4
:10139000034900220D2000F0A7FAEEE7F437002001
:1013A0006D140210072303409B00C00899403C3095
:1013B0008000014BC150704700400140F8B5070064
:1013C0000D0016001C00FFF7EDFFFB089B00E41862
:1013D0000720384080008540002E05D080239B01E7
:1013E0009C4664442560F8BDC0239B019C46644430
:1013F0002560F8E770B506000D00141E0BD1D02350
:101400001B061B68002B11D0094B2200290030005D
:10141000FFF7D4FF70BD0D2000F01EFA0028EED1BA
:10142000044B054A0548BD2104F078F9044BECE76C
:1014300030410140B89E031018D60310709E03106F
:101440000041014070B505000E0014001800FFF7C0
:1014500085FF220031002800FFF7CCFF002C00D1CF
:1014600070BD01210D2000F0DDF9F9E7F0B5D64699
:101470004F464646C0B5D0231B061F681F4BBA0017
:10148000D3589846002F03D01D4B9946002626E0DE
:101490001C4B9946FAE7EB40DB0714D524090135CC
:1014A000002C1BD033000833AB4217D90F231A008E
:1014B000224092462342F1D0134BBA00D358202D3C
:1014C000E9D40023E8E751462800FFF76BFF4346C5
:1014D000002BE3D051462800C047DFE708361D2E19
:1014E00006D8F30808339B004A469C583500D7E7D6
:1014F000E0BCBA46B146A846F0BDC046F43700206D
:101500003041014000410140603F0020002906D0E9
:101510008000064B9C466044402303607047800077
:10152000034B9C46604440230360F7E704E001401E
:1015300004F0014010B501238340D02212069362CB
:1015400093610521FFF7C2FE10BD000010B5802396
:10155000DB05186803051B0D0B4A934207D10B4BA3
:10156000034080229201934207D1000F10BD084B27
:10157000084A0948222104F0D1F8084B054A0648D8
:10158000232104F0CBF8C0462709000000F0FF0F2C
:10159000E49E031030D60310089F0310509F0310E1
:1015A0000FB400B583B0084804F06EFA049B002B1A
:1015B00007D005A90191180004F076FA034804F059
:1015C00063FA012004F060F8649F031030BE03103A
:1015D00010B50148FFF7E4FF749F0310EFF310808C
:1015E00072B6034B1B68002BFBD0BFF35F8F7047B5
:1015F0002C0100D0BFF35F8F024B00221A6080F3F2
:10160000108870472C0100D0F8B506000C001500BA
:10161000FFF7E4FFE308F718F15C072222400123FB
:1016200093400B4205D1DBB20B433B70FFF7E2FF67
:10163000F8BD21002800FFF7B3FFF0B583B0060026
:10164000019114001F00FFF7C9FF00E00134BC4204
:101650000CD8E308F518F35C0721214001228A40E9
:101660001A42F3D1D2B21A432A7001E00124644233
:10167000FFF7C0FF002C02DB200003B0F0BD019B90
:10168000002BF9D00898FFF78BFF0000054A10786F
:10169000431CDBB21370172B02D9130010221A70EF
:1016A0007047C0468414002010B582B00100054C7C
:1016B000054B00931F2318222000FFF7BEFF02B046
:1016C00010BDC0460C380020849F0310002307E0A3
:1016D000054A9A189200BFF35F8F00211160013311
:1016E0001F2BF5D97047C04640000034074B9B685C
:1016F000103080001950BFF35F8FBFF35F8F044B32
:101700000021196082F310887047C04600ED00E0A8
:10171000240100D00048704700E400E010B5FFF756
:10172000F9FF002302E0034A04C00133072BFAD972
:1017300010BDC0468080808010B50388DA0A1C2A5C
:1017400005D15B055B1502335B00C01810BD034B70
:10175000034A16210348FF3103F0E0FFA09F031066
:1017600090D60310B89F031010B5091A0B1F0A4A30
:1017700088180A4A904208D8C90706D45B105B054E
:101780005B0D0748184380B210BD064B064A08217E
:101790000648FF3103F0C2FFFC070000FE0F000007
:1017A00000E0FFFF00A0031084D60310B89F0310D1
:1017B00010B5091A04394A08090B08D14905490D21
:1017C000064B0B430380064B1343438010BD054B70
:1017D000054A10210548FF3103F0A0FF00F0FFFF8C
:1017E00000F8FFFF30A0031060D60310B89F03106D
:1017F00001238340034A10681840431E9841C0B239
:101800007047C04600E100E0002A05D0044BC0222A
:101810005200995019607047014A8023D150FAE76D
:1018200000E100E010B50A001F23034001219940A8
:101830004009FFF7E9FF10BD01238340014A13600F
:101840007047C04600E200E0024B9B681030800009
:10185000C058704700ED00E010B5FFF7F5FF002815
:1018600006D0044B984201D0012010BD0020FCE7B7
:101870000020FAE7CDC0001010B5FFF7E5FF044BDC
:10188000C31A00202F229A424041C0B210BDC04668
:101890008814002070B504000D00EFF3108672B6B6
:1018A0000C4B1B68002BFBD0BFF35F8F2000FFF7B2
:1018B000CBFF094B984201D0A84205D13200290044
:1018C0002000FFF713FF70BD044B054A0548E721D0
:1018D00003F024FF240100D0CDC0001040A003106D
:1018E000B8D60310B89F0310F0B5DE4657464E46F3
:1018F0004546E0B589B0814601911500EFF3108BA4
:1019000072B66F4B1B68002BFBD0BFF35F8F6D4B24
:1019100000269E57002E40DB7400A419A4006A48DC
:1019200024180622A256674B1A70684B9A684B46D9
:1019300010339B00D35898461B1A2F2B3BD9644B6E
:10194000984531D105AF634B3B80634973009A469C
:10195000981980005C4B984640440230FFF704FF22
:1019600078805E4BBB80FF23BB71FD71019B0793A9
:10197000330053449B00434407CF07C301231C4358
:10198000A0465A4641464846FFF7B0FE09B0F0BCB3
:10199000BB46B246A946A046F0BD514B514A742100
:1019A0005148FF3103F0BAFE504B4E4ABD214E481C
:1019B000490003F0B3FE012342469A439246101AAF
:1019C0000C2101F061FB00290FD153460027DA7981
:1019D000AA4212D90621595600290DDB4A00521895
:1019E000920039491F008B18F1E7414B3D4A8C2189
:1019F0003D48FF3103F092FE1F00002F2ED005ABB3
:101A00003C4A1A80813A5A800623FB560293002BE7
:101A100017DA394805AB9A469880029A9A71DD71B7
:101A2000019A0792381D2100FFF79EFEB880BE7113
:101A3000254B7200921992009B18524613CA13C389
:101A40009FE7381DFFF778FE0100700080198000C5
:101A50001D4BC0180430FFF787FEDBE705AF1D4BB9
:101A60003B801D49730002939B199B00164A9046C8
:101A70001A0042440392901CFFF776FE7880039A86
:101A8000101D5146FFF770FEB8801C4B5246414670
:101A9000521A524153431B0DBB71FD71019A0792BB
:101AA000029B9B199B00434407CF07C3114B52462F
:101AB0001380813B538001231C43A04661E7C0464D
:101AC000240100D0F89A02208814002000ED00E0E4
:101AD000CDC0001000A1FFFFB814002001BDFFFF22
:101AE00078A00310A0D60310B89F0310A0A0031085
:101AF000C8A003100148000001BD0000AAAA000010
:101B0000F0B5CE46474680B583B006000D00EFF332
:101B1000108872B64F4B1B68002BFBD0BFF35F8F52
:101B20004D4B9A6834001034A300D7584B4B9F425A
:101B300007D0AF4200D18AE00197494BFB1A2F2B07
:101B400009D9424639003000FFF7D0FD03B0C0BCD0
:101B5000B946B046F0BD3000FFF74AFE814600218D
:101B60003000FFF75FFEBFF35F8FEFF305810029C1
:101B700001D08C4211D10123019C9C430020A36819
:101B80009D4212D00622A256002A0DDB53009B185C
:101B90009B00334A2000D418F1E7324B324AFA2135
:101BA0003248FF3103F0BAFD20009D4249D106259D
:101BB0006557002D2BDB2A4B6A00521992009B18A7
:101BC0009A68A260DA79E2719B795BB2A371002B0B
:101BD0000FDA2748A080224B6A00521992009B1806
:101BE000244A11789971157049463000FFF71AFEA2
:101BF000A7E7680040198000194BC0180430FFF7B0
:101C00009BFD0100231D1800FFF7AEFDE2E7002950
:101C100012D100280ED0FF238371174B8380154902
:101C20000B78A3710E4A154BA41A644163431B0D34
:101C30000B70D9E7094FF2E71149201DFFF7B8FDF6
:101C4000D2E7104B084A09480F4903F067FD034FDC
:101C500077E7C046240100D000ED00E0CDC00010C1
:101C6000881400204CA1031070D60310B89F0310F5
:101C700001BD0000F89A022001BDFFFFAAAA0000E2
:101C8000C2140020BC8503103B02000070B50500A3
:101C90000C00FFF73FFDAB089B00C218116803233F
:101CA0002B40DB00FF20984081439C402143116082
:101CB00070BD0000F8B5012202432D4BD31A2F2B23
:101CC00028D8EFF30583002B2BD0EFF3108472B6E6
:101CD000284909680029FBD0BFF35F8F244D2649AE
:101CE0000600761B76417143090D4DB22349896880
:101CF0009B00C95891421AD00021032931D81C4BAE
:101D00004A00521892009B189B795BB2AB421ED0DE
:101D10000131F2E71A4B1B4A9D211B48890003F051
:101D2000FDFC1A4B174A1848194903F0F7FC134AEF
:101D300092681849D150184B1A7882711D70BFF300
:101D40005F8F0C4B00221A6084F31088F8BD084B9B
:101D50004A005618B6009E19FF27B7710F4AB28085
:101D6000E9E70F4B074AA2210748890003F0D6FC98
:101D700088140020240100D0AAAA000000ED00E091
:101D800080A1031044D60310B89F0310A8A103102C
:101D900077020000CDC00010F89A022001BDFFFFBD
:101DA000B4A1031010B582B00100074C074B00939B
:101DB000052300222000FFF740FC002801DB1F2341
:101DC000181A02B010BDC046FD9A0220BCA1031033
:101DD00070B504000E001500FFF758FC010020004C
:101DE00000F006F8A680E580BFF35F8F70BD0000AD
:101DF000024B9C46614489000160704740000034FA
:101E000010B50400FFF742FC01002000FFF7F0FFCF
:101E100001235B426360BFF35F8F10BD10B5040008
:101E2000FFF734FC01002000FFF7E2FF01235B42D3
:101E3000636000232372BFF35F8F10BD10B50D4C9C
:101E400009E00D4B0D4A0E481A2103F067FC2000F3
:101E5000FFF7D6FF08340B4B9C4209D22368002BB6
:101E6000F5D0012BEDD12000FFF7D8FF0C34F2E7BD
:101E700010BDC046501C002044A2031004D703101C
:101E800064A20310701C0020034B9C46614489002F
:101E90000160BFF35F8F70474000003410B504004D
:101EA0000120FFF701FC01002000FFF7EDFF10BD4E
:101EB00030B5846A151B0B1D9B001B581B1B9D42D4
:101EC00004D3046A01238B40234202D104318900E8
:101ED0000A5030BD0004084370470000F0B5DE46EC
:101EE00057464E464546E0B587B0EFF305830322DB
:101EF0001A409246AE4B9200D7583B78534507D1D3
:101F00000123524693409946AA4B4A461A6025E15E
:101F1000A94BAA4AAA48922103F000FC7A697300EF
:101F20009B19DB009046984443469C68DD68A548B1
:101F300000F0D8FB001BA941002900DA16E1002DB2
:101F400074DB43461B699B469F4B9B454FD0082340
:101F5000F85E4346598889B2FFF7BCFF434659698A
:101F6000D847029003910299039A0B001000134383
:101F70005CD013000A00002847DAA41A9D4100949F
:101F800001954346009C019D9C60DD600021595EE7
:101F9000002900DAEAE078694B005B18DB00C3181F
:101FA0009A68DB68A41A9D41002D00DADEE03981D1
:101FB0003D000835844604912A000597B346009EEB
:101FC000019F049B002B2ADB0023D45E63001B19B6
:101FD000DB0063449C68DD6830003900001BA941C8
:101FE00000291CDB1A000021595E0491E9E74346F1
:101FF0005B699B461B6958469847002816D05B468C
:102000001A685B6802920393ADE76E4800F06AFBC2
:10201000029B039C1B184C4100930194B1E7049967
:10202000059F5E464346198016809FE04346002286
:102030009B5E3B813A69EFF3108372B61168002909
:10204000FCD0BFF35F8F02217A5E41460A807E801A
:102050003A69BFF35F8F0021116083F3108885E038
:102060003969EFF3108372B60A68002AFCD0BFF317
:102070005F8FB88800B201225242BA803A69BFF33A
:102080005F8F0021116083F310880500BC461CE0BF
:10209000049300229A5E002A0EDB049B0021595E05
:1020A0004B005B18DB0063449868D96834003D003E
:1020B000241A8D41002DEBDA04995D46009B9C4665
:1020C00044460D800023E55E2280002D12DB63462E
:1020D00058696C006419E4000419A668E768614651
:1020E000083108229A5EAB46049163460093A046ED
:1020F0008446D0E767463EE00023BB7139000831D3
:102100000823F85E0EE001246442E5179460D56070
:1021100008243B5F834204D00E8008243B5F138079
:1021200038813000431C29D07C6943001B18DB0038
:10213000E218E65E53881BB2002BE4DB1100F0E7E7
:1021400022002B0051461F48FFF7B2FE1D4800F049
:10215000C9FA241A8D41002D22DC1FD0194B4A46A2
:102160005A630823FE5E002E00DBD7E6BB881BB255
:10217000002B00DB74E7BB79002BBDD10823FA5E8E
:10218000002A0DDB796953009B18DB00CB189C6893
:10219000DD68631CD4D16B1CD8D0D1E7002CDDD016
:1021A00040BF07B0F0BCBB46B246A946A046F0BD52
:1021B000B43C00203C700540FCA2031030D7031053
:1021C00028A3031000400540DD1E021070B5040076
:1021D0000D0011000126AE4006622800FFF75AFBF1
:1021E00001212800FFF71EFB024B9C466444266039
:1021F00070BDC04638200000F8B5CE46474680B5D1
:102200000600894690461F00C160FFF73FFA154B54
:102210009C4660448000306143463370BBB273819A
:10222000D022120612787270012252423281B2809C
:102230009B187380002406E0621E736965002D19E7
:10224000ED005A530134BC42F6D3074B424692008C
:10225000D650064A41464846FFF7B8FFC0BCB946CB
:10226000B046F8BD40000034B43C0020DD1E021032
:1022700010B5084B1A68EFF3108172B61368002B83
:10228000FCD0BFF35F8F034807F00EF90020002158
:1022900010BDC0467441002010B5064B1B69002BD1
:1022A00001D0044810BD044B044A0548652103F0E1
:1022B00035FAC046D014002068A3031018D70310C5
:1022C00028A30310F8B504000569EFF3108072B677
:1022D00029680029FCD0BFF35F8F0221665E656923
:1022E00071008919C9006D18002E02DB0027E95F13
:1022F00061802169BFF35F8F00270F6080F3108832
:10230000002E2CDB0699296107996961AA60EB60B0
:102310006B8801335B04590C002B00D101216980CB
:102320003000FFF7D7FD2169EFF3108372B60A681A
:10233000002AFCD0BFF35F8FA2882A80A680226982
:10234000BFF35F8F0021116083F31088E368217869
:1023500001228A4003498C4663441A60F8BD01207B
:102360004042FBE73C20000070B582B0060014003C
:102370001D0008AB1B78002B07D100F0E5F9220007
:102380002B00121A8B41002B0ADB079B0193069B43
:10239000009322002B003000FFF794FF02B070BDC5
:1023A0000020FBE7F0B5C64600B584B005008846BE
:1023B00016001F000AAB1C78FFF76EFF029401970E
:1023C00000962A004346FFF7CFFF04B080BCB84612
:1023D000F0BD000030B504000A1443899A422EDA99
:1023E000406953009B18DB00C3182569EFF3108286
:1023F00072B628680028FCD0BFF35F8F588885B27A
:102400000904090C884212D000202369BFF35F8FB2
:102410000021196082F31088002811D0E368217828
:1024200001228A4007498C4663441A6008E0064945
:10243000294389B259800123A3710120E5E70020D7
:1024400030BDC0463C2000000080FFFF10B50400F6
:10245000FFF722FF2100FFF7BDFF10BD4078704756
:10246000F0B583B006000F00EFF30583002B1AD1FF
:1024700096246442E517A4197D418D4202D803D108
:10248000844201D90024002500F05EF922002B00CF
:10249000121A8B41002B0BDC08D03000390000F001
:1024A00099F903B0F0BD1348FFF77AF8002AF4D089
:1024B000114A0023009320002900FFF773FF002832
:1024C0000DDAEAE70D4B1A68EFF3108172B6136864
:1024D000002BFCD0BFF35F8F084806F091FF084B3C
:1024E0005B6A9D42EED80649896AA142D5D29D42D7
:1024F000D3D1E7E78CA303107122021074410020AE
:102500000040054070B504000D0000F01DF90019F1
:102510006941002902DBFFF7A3FF70BD01204042A3
:102520000049F8E7FFFFFF7F10B5FA229200002371
:10253000002101F00BFDFFF7E5FF10BDF0B5CE4621
:10254000474680B583B005000C00EFF30583002BF0
:1025500015D03F4B5B6A8B4209D33D4A926A824257
:102560000BD28B4201D0012002E0002000E00020CD
:1025700003B0C0BCB946B046F0BD0120F8E7FFF794
:102580008BFEC3689946037898462E00270048467C
:1025900000F0A8F802000B00B61A9F41434604332E
:1025A0009B004A469B581B1A0022BA420FDC0CD0F3
:1025B00020BF274B5B6A9C422DD8254A926AAA42CB
:1025C0002BD29C4225D00120D2E7B342F0D9214A38
:1025D0000023009328002100FFF7E4FE00281EDD01
:1025E0001B4B5B6A9C4205D8194A926AAA4202D2E6
:1025F0009C4200D120BFFFF729FF154B5B6A9C422C
:1026000021D8134A926AAA421FD29C4219D00120B3
:10261000AEE70020ACE70020AAE70120A8E70C4BBA
:102620005B6A9C4209D80A4A926AAA4207D29C4233
:1026300001D001209CE700209AE7002098E70120C4
:1026400096E7002094E7002092E7012090E7C0463B
:1026500000400540712202100048704700400540CC
:1026600010B50B4B1B69002B04D00A480A21FFF759
:10267000BFFB10BDFFF7F0FF0400032100F028F8B6
:102680000348102303222100FFF7B6FDEDE7C04603
:10269000D01400207441002001684268084B5B6A36
:1026A0009A4209D80648806A884207D29A4201D0E5
:1026B000012002E0002000E0002070470120FCE73C
:1026C00000400540026043600048704799260210B0
:1026D00010B5024A0248FEF797FF10BDDCA30310B5
:1026E000103800200200436A906A1900536A994228
:1026F000FAD17047416A00E0416A9942FCD300E098
:10270000416A994202D1816A9142F9D37047F0B58A
:10271000C64600B5804614001D00FFF7E3FF060023
:102720000F0022002B0092197B41994202D804D15C
:10273000904202D901225242D3174046FFF7DAFFF6
:1027400080BCB846F0BD000010B50248FFF7CAFFD4
:1027500010BDC0460040054010B502000B00024805
:10276000FFF7D5FF10BDC0460040054010B5002959
:1027700005DB826A836A9B1A8B42FBD310BD08007B
:102780000021FFF7E9FFF9E710B5040008000C4B42
:10279000994208D84901091A89000918C90020007E
:1027A000FFF7E4FF10BDFA2292000023002101F0A0
:1027B000CDFB02000B002000FFF7A9FFF2E7C046A7
:1027C0009BC4200010B501000148FFF7DDFF10BDDC
:1027D0000040054010B502000B000248FFF78AFFD9
:1027E00010BDC04600400540074B98420AD0162352
:1027F00001229A40054B1A60054B1B681100994352
:10280000FAD170471723F3E70080034000F000403F
:1028100008C0004070B5046BE30701D4200070BD10
:102820000B4BC3180B4A1A60456A836AAD01ED1859
:10283000AD02062000F016F9074900F025FC010062
:10284000280000F021FC0021FFF786FFE6E7C046E4
:1028500030300000010300004E0E000070B504008F
:102860000E001500FFF7D6FFE36A5E403540024BCD
:10287000E3181D60206370BD2C10000070B50500CA
:102880000C00062000F0EEF8C000210000F0FCFB78
:102890000130C60907D00E4B9E4215D840083400BF
:1028A0003F26064000E001246C62AE620022002157
:1028B0002800FFF7D3FF062000F0D4F88000A10124
:1028C000891900F0E1FB70BD0026024CECE7C04620
:1028D000FEFF0000FFFF0000002909D00A22064B7E
:1028E0009C46604443425841044B4000C2527047EA
:1028F00080225200F3E7C0460080FCBF84410020E4
:1029000070B504000D00062000F0ACF800281ED0C1
:10291000104B9C421CD01622012393400E4A136098
:102920002000FFF761FF00212000FFF7D5FF2900FD
:102930002000FFF7A3FFE26A70235A400E331340D2
:10294000064AA2181360064B23630323A36470BDD9
:102950001722E1E70080034000E000402C10000057
:1029600001030000F8B5D646474680B506000D00C5
:102970001700984644002418A400294B9C46644440
:102980006368089A934200D26260331FDBB29A46B2
:10299000012B2ED980221201C0239B01E3181A605B
:1029A000204BB200D158002907D0586900F06CFBC9
:1029B000013043001B18033BFDD27F0123685F40B9
:1029C000E0233B4080225201A21813605346012BA2
:1029D0001AD980239B01E318802212011A60089BF8
:1029E0006360104BB6004246F250C0BCBA46B046D7
:1029F000F8BD012DCED10322C0239B01E3181A603C
:102A0000A368DB07FCD5D8E72168694003230B40A6
:102A10001360A3680122AA401A42FAD0D9E7C0463F
:102A20000080004014380020F0B583B005000E008F
:102A300017001800089900F027FB0300089A1402F9
:102A400000943A0031002800FFF78CFF03B0F0BD7E
:102A500010B582B0802464000094FFF783FF02B0B9
:102A600010BD0000014B8000C05870471438002092
:102A700010B5084C2300012201210520FFF7E8FFD3
:102A8000054800F09DF82300002200210620FFF7F2
:102A9000DFFF10BD006CDC0200800240F0B5C646CE
:102AA00000B504000E0017001D00374800F0ECFAD6
:102AB0008046364BFA18364B9A4239D80100380016
:102AC00000F0E2FA0200103A98235B009A4235D8EF
:102AD0006B1E062B38D8069B013B062B34D83F09CA
:102AE000474537D32D04069B1B031D432368002B4A
:102AF00036DB284B9C4244D00C2201239340264ACB
:102B00001360264A1360264A1268190091430A1E70
:102B1000F9D12660A060234BE31821321A602268A5
:102B2000002AFCDAE56008221A6080BCB846F0BDD5
:102B30001D4B1E4A1E48112102F0F0FD1D4B1B4A81
:102B40001B48192102F0EAFD1B4B184A18481C21AA
:102B500002F0E4FD194B154A1548232102F0DEFD71
:102B600022683F231340B342C3D1A3681B051B0D4A
:102B70008342BED1E368EE22D2021340AB42B8D109
:102B8000D3E70D22B9E7C046001BB70080E84BD35E
:102B900080F8A93200C0024000E0004000F0004090
:102BA00008C000400430000000A4031050D70310F8
:102BB00050A4031098A40310B4A4031000A503109C
:102BC0002D23436070470000024B1A68024B5A6085
:102BD0007047C046803C00200080054010B5184B6F
:102BE0008022D2051A60174B174A1A6000290AD0B2
:102BF000164BE022D2041A60002809D1134B802220
:102C000012061A6010BD0E4BE022D2041A60F3E7E0
:102C100043011B1A9B001A18D2000D490A601818AC
:102C20000001086080235B04984201D3094A0A60CE
:102C3000FFF7CAFF054B8022D2051A60E2E7C046C3
:102C400000B0054008200140FCFF010000A0054045
:102C5000803C0020FFFFFF0010B5034B034ADA6100
:102C6000FFF7BCFF10BDC046008005402131B76AA8
:102C700010B5030010000C4A8024E4051460002BFA
:102C80000DD001221343094A094CD461094C5C4020
:102C90001462516293620021FFF7A0FF10BD034B45
:102CA0000022DA61F7E7C04600B005400080054029
:102CB000D3C007B02D3FF84F024B9868431E984190
:102CC000C0B270470080054080239B000B43014A3F
:102CD000D36270470080054010B5010018231B889F
:102CE00014221088984710BD10B5010018231B88C6
:102CF00016221088984710BDF0B5C64600B50700EB
:102D00000E0000250123984600E00135B5420AD2A5
:102D1000AC003C192068FFF7DFFF20600028F4D1E9
:102D200000239846F1E7404680BCB846F0BD00005D
:102D300070B504000D000648FFF7CEFF0300002C1D
:102D400003DB0120A040290098470020FBE7C04694
:102D500055420000D0231B061B68002B01D0002029
:102D600070470120FCE7000010B50400D0231B06CB
:102D70001A680D4B9200D35883F31088FFF7EAFFCF
:102D8000002801D0002010BDFA229200002320006C
:102D9000002101F0DBF809F091FB002801D00020B0
:102DA000F1E702204042EEE7783C002010B5FFF743
:102DB000D1FF00280AD0D0231B061A68EFF3108138
:102DC00072B6054B9200D150002010BD034B044A4F
:102DD0000448B32102F0A2FC783C0020BC8503101B
:102DE0005CD703101CA5031010B50400D0231B06EC
:102DF0001B68002B05D1002804D009F047FB2000F8
:102E000000E0012010BD000000487047E8140020D9
:102E1000F8B504000D001700FFF7F6FF061E0AD0F4
:102E2000436838009847002804D12800A047B368B9
:102E300038009847F8BD04204042FBE7074BAA2220
:102E400012011A608D225200DA60054B054A1A60A1
:102E5000024B5B68002BFBDA7047C0460040024023
:102E60000060024000B0FA0010B5040001E008CC98
:102E70009847024B9C42FAD310BDC046AC1C0020C0
:102E80007047000010B50248FFF7EEFF10BDC046C6
:102E9000701C0020054B064A1A60064B064A1A6051
:102EA000064B1A68044B9343FAD1704700E0004088
:102EB000BFCDFBFE00F00040FE7F3C0008C000409C
:102EC000044BDB6C002B03D1034B8022D2021A602F
:102ED0007047C046000011504C201150044B054A69
:102EE0001A60054B1B68DB43DB01FAD17047C04613
:102EF00000F00040FFFFFF0108C00040034B4022EC
:102F00009A675A671A67DA667047C04600F0014050
:102F100010B5FEF7DBFB10BD70B5044DA968044C7D
:102F2000C022200001F088FAAC6070BD00ED00E026
:102F30000000002070B50420FFF794FD064900F062
:102F4000A3F805000024002C00DD70BDE0B22900CC
:102F5000FFF7BAFE0134F6E740420F0030B583B008
:102F6000274B00229A67FFF769FF264B01221A6060
:102F7000234B5B6C012BFBD1234B03221A60204BAC
:102F80009B6B012BFBD10133009304331F4A0121BA
:102F90001F48FFF783FD052300931E4A01211E48A9
:102FA000FFF77CFD1D4B002202210420FFF750FD9E
:102FB0001B4D2B00002201210520FFF749FD194C74
:102FC0002300002200210720FFF742FD23000022FA
:102FD00000210820FFF73CFD8023DB000093230045
:102FE000002200210920FFF71FFD2B0000220021F5
:102FF0000620FFF72DFDFFF79DFF03B030BDC04653
:10300000008000403CB0004030B00040002F6859C4
:1030100000800240008C864700C00240001BB700C1
:1030200040597307006CDC0201480421014B18472A
:1030300000150020F92C0210124A936F9B0815D23C
:103040009066D166002905D0FFE7FFE7FFE7516FE3
:10305000106F704704B580210906C217514000283F
:1030600000D0C84312F03CFB002104BDF0B5146E43
:10307000556E576F166FFFF7E3FF14665566576777
:103080001667F0BD000000D0114A936F9B0813D261
:1030900010665166002905D0FFE7FFE7FFE7516F93
:1030A000106F704704B5002801D00020C04312F013
:1030B00017FB002104BDC046F0B5146E556E576F66
:1030C000166FFFF7E5FF1466556657671667F0BD84
:1030D000000000D094464A4A926F9208624601D29C
:1030E00028E0C046F0B5464E346E756E776F366F89
:1030F00000F020F89446424A1466556657671667F2
:103100006246F0BD94463E4A926F9208624601D2F2
:1031100054E0C046F0B53A4E346E756E776F366F38
:1031200000F04CF89446364A1466556657671667A1
:103130006246F0BD002B24DB11D000293EDA00B539
:10314000C943404200D1013100F038F8C943404240
:1031500000D10131DB43524200D1013300BD002ACE
:10316000EBD1002801D1002905D00020C90FC907E3
:1031700001D1C043410800B512F092FA00220023A9
:1031800000BD00B500290ADBDB43524200D1013308
:1031900000F014F8C943404200D1013100BDC943D9
:1031A000404200D10131DB43524200D1013300F0F3
:1031B00005F8DB43524200D1013300BD002923D181
:1031C000002B18D1002A0CD0BC460D4F38667A6609
:1031D00000210023FFE7FFE7FFE77A6F386F6746BC
:1031E0007047002801D00748010000B512F058FAD6
:1031F0000022002300BD02000B00002000217047C8
:10320000000000D0FFFFFFFF002B00D0BFE0130C39
:1032100028D1002AE7D080B4114F39667A66FFE7DB
:10322000FFE730B4040C7B6F396F1B0423433B660C
:103230007A66FFE7FFE7FFE7C04684B27B6F3D6F2A
:103240001B0423433B667A66FFE7FFE7C046002383
:103250002C042D0C7A6F386F00196941B0BC70478F
:10326000000000D0F0B594460025140E01D11202E2
:103270000835140F01D112010435940F01D19200C9
:103280000235D40F01D152000135D40B0134254F42
:103290007C66254C3C660E0C93B2FFE7FFE7FFE728
:1032A0003C6F6643360C7703BE467343DF0B5B040B
:1032B000C01AB941130C7343DB18C91ACE08664310
:1032C000360CB64493B273431F0F1B01C01AB941A9
:1032D000130C73431F0B1B05C01AB941860D8F02D7
:1032E0003E436643360C092D24DB520A7243801A92
:1032F0007703460A6643360C16235B1BDE40DF402D
:10330000BF1964466643821B7046043506330100CC
:10331000D940A840C01900D30131A24206D20023EF
:10332000F0BD0000000000D0FFFFFFFF121B0130C6
:10333000F3D3F1E709277F1BFE406446A2B2724334
:10334000801A00D20139220C7243130C1204821A23
:1033500099410B007046043513370100F940A8402D
:10336000801900D30131002B02D1A2420AD2F0BD54
:10337000013000D30131121BFAD2013BF8D1A24235
:1033800000D2F0BD013000D30131121BF7E7F0B5D8
:103390001C0C00D080E00CB400251C0A04D11B02D8
:1033A000160E3343120208351C0B04D11B01160FF5
:1033B0003343120104359C0B04D19B00960F334319
:1033C00092000235DC0B02D192185B4101351C00E2
:1033D000971864410134464F7C66464C3C660E0C9F
:1033E000FFE7FFE7FFE7C0463C6F6643360C770315
:1033F000BE4697B27743C01B00D20139C01B00D232
:1034000001399FB27743C91BC91B170C77437E0450
:10341000FF0B801BB941CE086643360C0C2D33DB05
:10342000B644120B1F053A431B0B97B27743C01BE0
:1034300000D201399FB27743C91B170C77433E0472
:103440003F0C801BB941860D8F023E4366432927FE
:103450007F1BFE400C3D7746AF40BF1930BCA2B287
:10346000ABB272437343801A9941220C7243130C1E
:103470001204801A994102000B000137001BA94178
:10348000F9D2781E0021F0BD0C277F1BFE40774645
:103490007F0BAF40FF19E0E700245D1C07D0144FFD
:1034A0007D663966FFE7FFE7FFE7FFE73C6F95B210
:1034B0009EB265436643401BB141150C1E0C65432B
:1034C000664336042F0C3E432D04401BB141994204
:1034D00004D202000B0020000021F0BD01D1904277
:1034E000F7D3801A994101349942F2D3F6E70000EC
:1034F000000000D0FFFFFFFF48404140484018B4A3
:103500001B4B5B68FC46019308BD04DF1B390210AE
:1035100018B4174B1B68FC46019308BD00DF253922
:1035200002109446134A926F920809D2624618B468
:103530000F4BDB68FC46019308BD0CDFDD3B02103E
:103540000C4AF0B5146E556E576F166F6246FFF752
:10355000EEFF084A1466556657671667F0BD18B443
:10356000034B9B68FC46019308BD08DF813A0210BB
:10357000703F0020000000D0FFB550404240504056
:1035800059404B40594000E0FFB5154F4C00640DC9
:1035900003D0BC4204D10C0314D80020090D090546
:1035A0005C00640D03D0BC4204D11C030AD8002285
:1035B0001B0D1B0501264B4009D44B4003D58B4204
:1035C00000D18242FFBD9942FCD19042FFBD0B4326
:1035D000DB1803431343F5D0C9434918FFBD00006E
:1035E000FF07000000B5FFF7CFFF01D0002000BDAE
:1035F000012000BD00B5FFF7C7FF804100BDC046F8
:1036000000B5FFF7C1FF01D9002000BD012000BDBA
:1036100000B5FFF7B1FF01D9002000BD012000BDBA
:1036200000B5FFF7A9FF804100BD012040054A0019
:10363000121804D85A00121801D80020704701202F
:10364000704700000021002805D17047C11748408D
:10365000401AFAD0C90713B5064B1B6898470CBC33
:10366000441CA2401005120B0349091B090519430C
:10367000114310BD704000201F04000010B54C0025
:10368000620D8023D218DB00D21A5B057E2A10DD82
:103690009E3A13DACC170903490819435242D14024
:1036A000640001341532202A05DAD0400843604313
:1036B00010BD002010BD0846604310BDC80FC018E3
:1036C000013810BD18B4044B5B6AFC46019308BD79
:1036D00024DF8D3D02100000703F002018B4044B21
:1036E000DB6DFC46019308BD5CDF993E02100000D3
:1036F000703F002018B4044B5B6EFC46019308BD7C
:1037000064DF913E02100000703F0020C94211D3D7
:1037100000B549004908002200F018F8002904D437
:10372000002240428A41114600BD80210906002046
:1037300000BD000018B4044BDB6EFC46019308BDCD
:103740006CDF9B3D02100000703F002018B4044B5A
:103750009B6FFC46019308BD78DFB73D0210000067
:10376000703F002018B4044BDB6FFC46019308BD8A
:103770007CDF253E02100000703F002070B513234F
:103780001C78012C12D0012C12DC214B214A9364AD
:103790002148FFF7A1FA214B186070BD1C491D4A52
:1037A0009800815001331F2BF8D9ECE70023FAE78A
:1037B0001B48FFF799FA05001A48FFF795FA0238F7
:1037C00003789B007F2B09DD12488022290000F03E
:1037D00033FE022C08D0022CDADCD6E7124B134A57
:1037E0001348332101F09AFF124B1A88B5231B02AC
:1037F0009A4209D1104B1A88104B9A4204D1104BAF
:103800001A88104B9A42E6D00020FDF7C9FEC04648
:10381000E1380210703F00204C330000704000205F
:10382000534400005346000064A5031080D70310E2
:10383000A8A5031054380000D838000049460000FD
:103840009C3800005946000070B50B0D5B055B0D00
:10385000214A944663445A1C24DB5A1C28D0342243
:10386000D21A002A1DDD3324E41A2500203D26D477
:103870000126AE4033000125A5402A0012184B4115
:103880002500203D21D40226AE4031000225A5406E
:103890002800002544428D411600264030002B4070
:1038A000190070BD0022C90FCB0710001900F8E7FE
:1038B000CB0FDB070020094A1A431100F1E720254E
:1038C0002D1B0126EE403300D5E720252D1B0226B7
:1038D000EE403100DAE7C04601FCFFFF0000F03F98
:1038E00007B56046002800D100BE01880A0A0230F0
:1038F000DF2AFAD1C9B2820804D3028840880004C2
:10390000104300E00068024A5050039007BD0000D9
:10391000703F00200FB403BC0CBCF0B50124E407D9
:10392000634000E0F0B50C0DCF0F661E3605891B15
:10393000640503D3C943404200D30131640D03D071
:10394000661CF60A07D0E41B00207F00791C89075B
:103950008912803C24031D0DDF0F6E1E36059B1B54
:103960006D0503D3DB43524200D301336D0D03D009
:103970006E1CF60A07D0ED1B00227F007B1C9B0704
:103980009B12803D2D032F1B661B58D4A446202E6E
:1039900046DA20371400BC401D00BD40F2403341E0
:1039A0002A4380185941CB0F05D0C943C043002298
:1039B00064425041514162464D0D28D10D0D07D151
:1039C00000281FD0241940414941013A0D0DF9D07A
:1039D000640006D3013000D30131002C01D140082E
:1039E0004000013A0BD4941CE40A04D1120511449E
:1039F000DB071944F0BDD907204B194300E0D90774
:103A00000020F0BD0029DDD1002CDBD1F0BD01325A
:103A1000C6074008CD0728434908002EE1D0D9E762
:103A20003C2E29DA203E40371400BC4000D001244F
:103A3000F24014431A00BB401C43D317ACE7AC461A
:103A4000202F08DA20360400B4400D00B540F840BD
:103A500039412843A5E73C2F0CDA203F40360400CB
:103A6000B44000D00124F84004430800B1400C43A6
:103A7000C117EAE710001900002494E70000F07F66
:103A8000F0B50C0D661E3605891BE60A6405640D4B
:103A900002D0651CED0A04D0002001210905803CFC
:103AA0002403A4461C0D671E3F05DB1BE70A6405C3
:103AB000640D02D0651CED0A04D0002201231B0511
:103AC000803C24037740644497B484B296B2744334
:103AD000070C7E43150C6F4380B26843361802D33F
:103AE000012000043F183004350C00197D41844644
:103AF00088B29AB250430C0C62431F0C7C438EB2C6
:103B00007E43921902D301263604A4191604170C19
:103B10003618674101BC81B29AB25143040C62432A
:103B20001B0C5C4380B25843121802D301200004DE
:103B300024181004130C401863412D185E41002016
:103B4000474106BC88B293B258430C0C6343120C35
:103B5000544389B251435B1802D30121090464180C
:103B600019041A0C091862416D185641002047418A
:103B700018BCF902720D1143F0026A0D1043ED02F8
:103B80000A0D03D16D1940414941013B124E9B1B67
:103B90007600B3420ED26D0007D30130002671418A
:103BA0006646354301D1400840001B05C918E407AB
:103BB0002144F0BD0BDA013306D1013004D10131CB
:103BC0004F0D01D04908F2E7E1070020F0BD0136B2
:103BD00031050020EBE70000FF030000F0B51C0DED
:103BE000671E3F05DB1BE70A6405640D02D0661CF7
:103BF000F60A04D0002201231B05803C2403D025B3
:103C00002D060026F6432E661E096E66CE0FF619A7
:103C1000B44649004F0D02D07E1CF60A03D00020A6
:103C20000021403F3F033E1BB600B444013F7F05E7
:103C3000C91B49082E6F013676089C02950D254355
:103C40007543ED137543AD1301356D10F603761B07
:103C50000CB4CC02450D2C43A2B2B3B25A43270C8C
:103C60007B43350C6F43A4B26C431B1902D3012470
:103C700024043F191C041D0CA4187D4124196D4116
:103C8000009A91B2ACB26143170C7C432B0C5F439A
:103C900092B25A43A41802D301221204BF1822047C
:103CA000230C52187B41019C6C431B19520ED90105
:103CB0000A434401A01A81B2B2B2514303145A43D9
:103CC000360C734387B27743D617D21900277E414B
:103CD00036049B191704160C7F185E417316ED18F5
:103CE000F301002680337541A90F06D16400690AEB
:103CF000E8055B0A184309D22FE00422944480337C
:103D00007541A90AA8059B0A184326D34041494199
:103D10002404009A019B0D005543641B4343E41A9D
:103D200095B286B27543170C7E43030C5F4392B283
:103D30005A43B61802D301221204BF183204330CBE
:103D400052197B4152429C41002C02D40022013086
:103D500051414008CA071043490802B06246D707DC
:103D60009210084BD218084B9A4203D212058918B8
:103D7000C919F0BD0020002A01DC3900F0BD013373
:103D80001905F5E7FD030000FE070000002200B55D
:103D9000203200F010F8080000BD002200B500F04D
:103DA0000CF8CA179A4200D100BDD8430121C907B7
:103DB000414000BD00220B150AD410B5944600F016
:103DC000A7F81414013400DA0021CB17144C204753
:103DD0000020002170476244343A0CD40C2A07DAE0
:103DE00004009140904052422032D440214310BD03
:103DF000D843D94310BD203207D40C4694405242D8
:103E000020321141D040204310BD0800C917203294
:103E100003D452422032104110BD1800190010BDC9
:103E2000D73D02104A00520D144BD21A13DDFF2A5F
:103E30001EDAD205CB0FDB071A43C300400F09037C
:103E4000490A084310435B0001D301D00130704799
:103E50004308FBD2704702D0C80FC00770470A035F
:103E600012130132F8D1420F072AF5D1012200E0E6
:103E7000FF22C80F00028018C005704780030000B1
:103E800000210A00002104E000210A00C11704E01B
:103E90000022002306E0C0460022CB1758405940BC
:103EA000C01A994130B5184CA21A002903D101005B
:103EB00010D00020203A4C1512D104D2013A00183B
:103EC00049414C0DFAD3114CA24204D21205891873
:103ED000DB07C91830BDD243520D00200021F5E7A1
:103EE00003D4013A00184941FBD50B324405C00AFE
:103EF0004D052843C90A640003D000246041614194
:103F0000E1E7E0D34408F8E732040000FE070000D0
:103F10000A0DCC0F531E1B05C91A520503D3C94302
:103F2000404200D30131520D03D0531CDB0A07D0AD
:103F3000121B00206400611C89078912803A120359
:103F4000014BD21A70470000FF0300005143434366
:103F5000C9188C46110C83B24B4310B4040C614356
:103F600092B280B2504362431C041B0C001910BC77
:103F700059411304120CC0185141614470470000AC
:103F800048404140484000239C46114B5B6818471D
:103F900000239C460E4B1B6818470E4A936F9B08E4
:103FA00004D200239C460A4BDB681847F0B5146E18
:103FB000556E576F166FFFF7F4FF064A1466556685
:103FC00057671667F0BD00239C46014B9B68184756
:103FD00074400020000000D007B5484041404840F0
:103FE00001E0C04607B54200120E03D0FF2A03D1FC
:103FF000420218D8C00DC0054A00120E03D0FF2A95
:1040000003D14A020FD8C90DC9050122414005D488
:10401000414001D5814207BD884207BD014349188F
:1040200001D0C043001807BD00B5FFF7DBFF01D08A
:10403000002000BD012000BD00B5FFF7D3FF804187
:1040400000BDC04600B5FFF7CDFF01D9002000BD7F
:10405000012000BD00B5FFF7BFFF01D9002000BD62
:10406000012000BD00B5FFF7B7FF804100BD491A30
:10407000002807D108467047C10FC90700D5404244
:10408000002817D0F44603B40B4B1B68984706BCB6
:1040900081409E384042803107D20B0607D049004C
:1040A000490AC0051043084360470130F8E7490A50
:1040B0008902F5E7704700007040002041000A0EB9
:1040C00080231B067E2A0BDD9E3A0BDAC1174002C5
:1040D000400818435242D0404900013148437047DC
:1040E00000207047C00FC01801387047C0420DD380
:1040F00000B540004008002100F012F8002801D46B
:10410000404200BD8020000600BD0000034BDB697B
:10411000FC4618471CDF39430210000074400020A1
:1041200000239C46014B5B6A184700007440002046
:10413000054A1047C2179142FAD0044BDB6DFC468A
:1041400018475CDF074302107940021074400020DA
:10415000054A10470029FBD0044B5B6EFC4618470C
:1041600064DFF542021000006F400210744000202E
:10417000034BDB6FFC4618477CDF51430210000005
:104180007440002070B513231E782A48FEF7ACFD5A
:104190000500012E11D0012E09DDAB1E1B789B00FE
:1041A0007F2B40DD24488022290000F045F9234878
:1041B000FEF792FD224B186070BD1F485422290063
:1041C00000F03AF91F4B1A881F4B9A421CD1A723C3
:1041D0009B011A881D4B9A4216D11D4B1A881D4B04
:1041E0009A4211D11C4B1A8894239B019A420BD1FD
:1041F0001A4B1A881A4B9A4206D11A4B1A681A4B54
:104200009A4201D1152307E01848FDF7C9F9184C67
:10421000094A99008C5001331F2BF8D9144B064AD8
:104220001362D361B7E7134B134A1448422101F0DC
:1042300075FAC04653460000744000204C3300001D
:1042400070400020EE290000C40F0000C20D0000E5
:10425000962B0000C0B50000182B0000CC2A0000EF
:1042600010B50000FC2C000051ED876494C10310D0
:10427000C142021000A6031094D7031034A6031005
:10428000C20DFF2313407F3B5A1C0FDB5A1C10D07A
:104290001722D21A002A08DD1622D21A01239340CF
:1042A0001818022393405B4218407047C00FC007A4
:1042B000FBE7C00FC307FE2080051843F5E70000A9
:1042C00007B56046002800D100BE01880A0A023006
:1042D000DF2AFAD1C9B2820804D3028840880004D8
:1042E000104300E00068024A5050039007BD0000F0
:1042F00074400020002230B5002906D5CD070543C3
:104300004808013A10E0002230B505000D430FD0F7
:10431000CD170C16AC4205D1C901440E2143C00192
:104320000732F6E70500080052423D32014988474E
:1043300030BD0000EF2900000021C215803280321C
:1043400001D0024A1047002070470000CD2A00002B
:10435000C30FDB0741000A0E07D0FF2A08D0090966
:10436000054A891819434007704719000020704713
:104370000249C918FAE70000000000380000F07F89
:1043800010B5002804D04018034B984200D810BD47
:104390000248FDF705F9C046000004208CA6031072
:1043A00070B50500084E300011F0FAF928000DF044
:1043B0003DFB0400300011F06BF929002000FFF7ED
:1043C000DFFF200070BDC046501C002070B5040007
:1043D0000D00094E300011F0E3F9290020000DF026
:1043E00049FE0400300011F053F929002000FFF7C6
:1043F000C7FF200070BDC046501C002070B50400EF
:10440000054D280011F0CCF920000DF019FB280013
:1044100011F03EF970BDC046501C00200148042137
:10442000014B184710150020F92C0210014B1B6896
:104430001847000010150020014B5B68184700006A
:104440001015002010B5FFF7ABFF10BD9A4200D247
:1044500088547047704710B5002802D00B6849682F
:10446000984710BD0100002007E083001B185B0087
:10447000501C08601078C01830380A681378303B38
:10448000DBB2092BF1D97047F0B5DE4657464E46F0
:104490004546E0B583B093461F000C9B9A460D9CA1
:1044A0000E9B99460F9B9B0717D0B8460F0006003E
:1044B00022E0551C4B4641462020B84701342A00D3
:1044C000B442F6D33D004F465C46019B9B46B14645
:1044D0004646B84637002E000EE00192A3468846B5
:1044E0004E46B9460700EBE7013C551C5346185DA4
:1044F00043463900B0472A00002CF5D135003E0074
:1045000047460F9B9B0711D4100003B0F0BCBB467D
:10451000B246A946A046F0BD541C4B464146202059
:10452000B8472200531BB342F6D3EDE7B0464E46E0
:10453000B9462F005D46F5E7F0B5CE46474680B553
:1045400085B0944698460C9D0D9C0EAB1B78994601
:10455000109A119B129EB7071CD4002B0CD0F707A2
:104560000AD54F46002F02D10C37374204D0013B09
:1045700002E030272F550134944201D21F2CF8D984
:10458000F70707D59C4205D21F2C03D830272F559B
:104590000134F5E7F70612D5770505D4002C03D0D2
:1045A000944221D09C421FD00F9A102A2FD00F9AEC
:1045B000022A36D01F2C0AD830222A5501341F2C4B
:1045C00005D84A46002A32D02D222A5501340396B6
:1045D00002930194009543466246FFF755FF05B0EC
:1045E000C0BCB946B046F0BD621E012C17D00F9F6B
:1045F000102F0BD014000F9A102AD8D1B206D6D59E
:104600001F2CD4D858222A550134D3E7023CB206D5
:10461000F1D41F2CEFD878222A550134CAE71400B0
:10462000C2E71F2CD3D860322A550134C2E7720783
:1046300003D52B222A550134C9E73207C7D52022DA
:104640002A550134C3E7F0B5DE4657464E46454687
:10465000E0B593B081468A46089209931CAB10CB13
:104660001B789B461E9D219B9846002C03D110234E
:1046700042469A4390468023DB0046461E4042460F
:104680001A4218D0002C22D0002614E0424692068E
:104690001BD54121C918C9B20A39C9B2771C0AAB66
:1046A000995529002000FEF7EFFCAC4210D31F2FD4
:1046B0000ED83E00040029002000FEF7E5FCCBB236
:1046C000092BE3D83033D9B2E8E76121E2E72700CC
:1046D00043460693209B05931F9B049303955B46DB
:1046E000029301970AAB0093099B089A51464846EA
:1046F000FFF722FF13B0F0BCBB46B246A946A04666
:10470000F0BDF0B5DE4657464E464546E0B597B09B
:104710000A900B910C929A46209B9946219F22AABF
:1047200013789B46249B0993259C289B98464A46D0
:104730003A4302D11032934398468022D200454634
:104740001540434613420AD04A463A4341D0002519
:104750002E0053460D934D46099B9A4621E02E00AC
:1047600053460D934D46099B9A461AE042469206DF
:1047700023D54122D218D2B20A3AD2B2731C99463A
:104780000EAB9A555246230028003900FEF7BAFCBA
:10479000BC4220D813D04B461F2B16D84E460500DE
:1047A0000F005246230028003900FEF7ABFCD3B2BD
:1047B000092BDBD83033DAB2E0E76122DAE7AA4529
:1047C000E9D94E460D9B9A4608E04E460D9B9A4607
:1047D00004E0002602E04E460D9B9A4643460693AF
:1047E000279B0593269B0493099B03935B460293A7
:1047F00001960EAB009353460C9A0B990A98FFF75B
:104800009BFE17B0F0BCBB46B246A946A046F0BD21
:10481000F0B5DE4657464E464546E0B591B0804677
:1048200089460C929A461A9C1B9D22002B00200060
:104830002900FEF7FAFE002800D0F2E001225242E1
:10484000D54B20002900FEF7EBFE002800D0E8E061
:1048500001225242D14B20002900FEF7CBFE002856
:1048600000D0DEE00022002320002900FEF7C2FE77
:10487000002800D0EAE0069407958023DB001E9A0A
:104880001A400D921E9A1A4201D106231C930698D3
:10489000079902000B000892099303000A000243E3
:1048A00000D1DFE0080D4005400DBD4EB446604428
:1048B000079E3203120B1E00BA4B13431F00FEF774
:1048C000C5FEB94AB94BFEF74AFEB94AB94BFEF7E5
:1048D0001FFE089009910022B74B30003900FEF707
:1048E0000EFEB64AB64BFEF73AFE02000B000898E1
:1048F0000999FEF70DFEFEF7C1FE8346FEF7A6FE00
:1049000006000F00AF4AB04BFEF729FE0022AF4B66
:10491000FEF7FEFDFEF7B2FE0890AD4AAD4B30004B
:104920003900FEF71CFE06000F000898FEF78EFE09
:10493000A94AAA4BFEF713FE02000B003000390013
:10494000FEF7DDFD06000F0002000B00FEF707FE7C
:104950000A900B91089BA24A9446634400210022CE
:10496000089109921B0509930023089332003B002C
:1049700030003900FEF7CCFD0E900F9132003B0065
:1049800000208021C905FEF7BAFD06000F000022B5
:10499000944B0A980B99FEF7C4FD0022924BFEF748
:1049A000B7FD02000B000A980B99FEF7BAFD002232
:1049B0008E4BFEF7ADFD02000B000A980B99FEF737
:1049C000B0FD02000B0030003900FEF7A1FD02002F
:1049D0000B000E980F99FEF7A4FD0022714BFEF715
:1049E00097FD089A099BFEF7BAFD06000F0008968E
:1049F0000997069A079BFEF713FE00280BD00123A8
:104A00005B429C46E3440022774B30003900FEF7BE
:104A100088FD089009915B466333C62B45D8042670
:104A200023E01E9B04931D9B03931C9B0293009405
:104A3000019553460C9A4946404600F0FBF811B0E8
:104A4000F0BCBB46B246A946A046F0BD00210022FC
:104A500006910792069480231B069C46AC4463464D
:104A600007930AE700239B4604261E9B1B0528D5B7
:104A7000089A099B190011430FD05D4A5D4B0698B7
:104A80000799FEF7C5FD00287AD000225A4B0698F8
:104A90000799FEF7AFFD002872D01C9B5B4506DD31
:104AA0005A469B1A013B1C9303E00526DDE70023D1
:104AB0001C938023DB001E9A1A431E9200260023BB
:104AC0009B461D9B9E4265D29F1B02231E9A1A4045
:104AD0000A921E9A134202D0002E00D000275B4695
:104AE000002B07D0089A099B06980799FEF719FD35
:104AF000069007910022002320002900FEF77AFD8E
:104B0000002800D07CE03D4B1E9A1340049303978D
:104B10001C9B0293069B079C0093019453460C9A9E
:104B20004946404600F086F8002E00D187E71E9BDC
:104B30009B0671D54525441C534602004946280072
:104B4000C0475A46D317D2185A4005230593013E51
:104B50000496002303930A3302935B46DB0F019311
:104B600000925346220049464046FFF76CFD0A9BDF
:104B7000002B00D163E7020047460C9E1D9D53E0C9
:104B80001C9B002B9DD00D9B002B9AD01C9B013BA6
:104B90001C9396E7002798E7FFFFEF7FFFFFEFFFEB
:104BA00001FCFFFF0000F03FFB799F501344D33F0F
:104BB000B3C8608B288AC63F0000F83F61436F632B
:104BC000A787D23F71A379094F930A400000E03FC5
:104BD0001655B5BBB16B0240EF39FAFE422EE63FE7
:104BE000FF03000000002C4000002440000018409B
:104BF0002D431CEBE2361A3F80842E41FFF7FFFF66
:104C0000069C079D220029008020000684466144FE
:104C10000B000692079376E765258CE7541C5346F4
:104C200049462020B8472200931BAB42F6D3100020
:104C300005E7C046F0B5DE4657464E464546E0B568
:104C400095B00690079193469946209F1E9A1F9B08
:104C500010001900FEF7E9FC002831D10122524270
:104C6000BC4B1E981F99FEF7C5FC002837D10122C6
:104C70005242B94B1E981F99FEF7D2FC00283DD135
:104C80000022B64B1E981F99FEF7CAFC00284AD195
:104C90000022B34B1E981F99FEF7ACFC002842D1AE
:104CA000002200231E981F99FEF7A4FC00284AD179
:104CB00000239846229B5B0500D4B0E0002452E01C
:104CC000229B0393219B029303230193A54B009303
:104CD0004B465A4607990698FFF7D6FB08E1229BF8
:104CE0000393219B0293042301939F4B00934B4614
:104CF0005A4607990698FFF7C7FBF9E0229B5B0726
:104D00000ED59A4B04222299039121990291019286
:104D100000934B465A4607990698FFF7B5FBE7E024
:104D2000934B0322EFE7229B0493219B039302976B
:104D30001E9B1F9C009301944B465A460799069868
:104D4000FFF766FDD4E01E9A1F9B00200021FEF7AE
:104D5000D6FB1E901F9101239846ABE70CAB302287
:104D60001A55013F01341F2C01D8092FF6D81E987F
:104D70001F99FEF783FC0500FEF768FC02000B009C
:104D80001E981F99FEF7BBFB7A4BFA009B181A6816
:104D90005B680A920B93FEF7E2FB08900991FEF71D
:104DA00091FC0600FEF74EFC02000B0008980999E2
:104DB000FEF7A5FB0890099100226F4BFEF730FC2F
:104DC00000282ED001363000FEF73CFC02000B001C
:104DD0000A980B99FEF714FC002801D00135002633
:104DE000002F2CD12800FEF731FC02000B001E988A
:104DF0001F99FEF784FB06000F0000225E4BFEF7B2
:104E0000F9FB002846D100225B4B30003900FEF749
:104E100007FC00283ED1EB073CD501353AE00627D8
:104E20004CE70022544B08980999FEF7E3FB002851
:104E3000D6D1002E01D0F307D2D50136D0E7AA464D
:104E40001F2C11D8013F0A213000FEF71DF9651C07
:104E500030310CAB19550A213000FEF715F9092E37
:104E60000ED906002C00EBE755461F2C0CD87B1EF4
:104E7000002F09D00CAA302111551F000134F4E78E
:104E80002B0055461C00F0E71F2C03D80CAB2E223C
:104E90001A5501341F2C10D80A212800FEF7CCF82F
:104EA000661C30310CAB19550A212800FEF7C4F8F6
:104EB000051E01D03400EDE734000323229A13408D
:104EC000012B1CD01F2C06D84346002B32D00CAB34
:104ED0002D221A550134229B0393219B02930194A6
:104EE0000CAB00934B465A4607990698FFF7CCFA4D
:104EF00015B0F0BCBB46B246A946A046F0BD219B0A
:104F0000002B13D04346002B02D10C3313420FD099
:104F1000219B013B2193190003E00CAB30221A5571
:104F200001348C42CED21F2CF7D9CBE72199F8E778
:104F30002199F6E7229B5B0704D50CAB2B221A556F
:104F40000134C8E7229B1B07C5D50CAB20221A559C
:104F50000134C0E7FFFFEFFFFFFFEF7F65CDCD41DD
:104F600065CDCDC1E8A60310ECA60310DCA60310A6
:104F7000E4A6031098D903100000E03FF0B5DE4628
:104F800057464E464546E0B593B007008A469346DD
:104F90001193002900D12CE3002508E06C1C5B462E
:104FA0002A005146B847119B013311932500119BEC
:104FB0001878002800D11EE32528EFD10133119382
:104FC0000023180020E0012318430132119201242C
:104FD00018E00223184301321192012412E0042345
:104FE00018430132119201240CE0082318430132C6
:104FF0001192012406E0102318430132119201247A
:1050000000E00024002C09D0119A1378203BD9B27B
:105010001029F6D88B00C449CB589F468146119B76
:105020001A781300303BDBB2092B10D92A2A13D08F
:105030000B94119B1A782E2A20D0119A1378683B72
:10504000D9B2122965D88B00B849CB589F4611A810
:10505000FFF708FA0B90ECE71C9B1A1D1C921B68CB
:10506000002B04DB0B93119B01331193E1E7022228
:105070000100114389465B420B93F4E78022D20082
:105080004946114389465A1C11925A781300303B05
:10509000DBB2092B0BD92A2ACFD11C9B1A1D1C92DB
:1050A0001C68002C08DB119B01331193C5E711A884
:1050B000FFF7D8F90400C0E70024F4E780235B0081
:1050C00049460B43511C119151786C2901D09946E6
:1050D0001FE0C0239B0049461943894602321192C2
:1050E00017E0802349460B43511C119151786829E0
:1050F00001D099460DE0C023494619438946023242
:10510000119206E080235B0049461943894601322B
:105110001192119B187867281CD8252800D25EE2CE
:105120000300253BDAB2422A00D958E29300804AB4
:10513000D3589F4680239B00494619438946013234
:105140001192E6E780235B00494619438946013204
:105150001192DEE7782800D941E2692800D23EE2C8
:105160000200693AD2B201239340724A134210D12D
:105170001A0600D50CE25B0500D430E21C9B1A1D18
:105180001C921E68002C00D0BAE10122524233006A
:1051900096E16F2842D005D8582841D0622803D123
:1051A000022606E078283DD010234A469A439146CD
:1051B0000A26582838D0692805D0642803D00C2244
:1051C0004B46934399464B465A0502D501229343D9
:1051D000994669282DD064282BD04B469A0500D5D6
:1051E000AAE0DA0500D5C2E05A0600D4D3E01C9A42
:1051F000111D1C911168FF220A404B4605930B9B21
:105200000493039402960023019300925B462A00C4
:1052100051463800FFF717FA05002AE00826C8E7CC
:105220001026C6E71026C4E720224B4613439946B2
:10523000C1E74B469A0520D4DA0551D45A0666D503
:105240001C9A111D1C911168FF220A40D0171118D9
:1052500041404B4605930B9B049303940296D20F57
:10526000019200915B462A0051463800FFF7EBF9A6
:105270000500119B0133119399E61C9A073207210F
:105280008A43110008311C91116853689C46DB1752
:105290000C930D930C9A0D9B100048400E900D9BA3
:1052A00061464B400F930E980F990C9A0D9B801AF4
:1052B00099410E900F914B4608930B9B07930694D0
:1052C0000496002305936346DA0F02920090019141
:1052D0005B462A0051463800FFF713FA0500C8E77D
:1052E0001C9A111D1C911268D0171118414005938A
:1052F0000B9B049303940296D20F019200915B469C
:105300002A0051463800FFF79EF90500B1E71A065A
:1053100005D51C9A111D1C910023D25E96E71C9A9C
:10532000111D1C91126891E7FCD7031040D803109F
:105330008CD80310419000001C9A073207218A4341
:10534000110008311C9108930B9B07930694049657
:1053500000230593029353681268009201935B4601
:105360002A0051463800FFF7CCF9050081E71C9A66
:10537000111D1C9105930B9B04930394029600232B
:105380000193136800935B462A0051463800FFF7EB
:105390005AF905006DE71A0606D51C9A111D1C91D5
:1053A00012681204120C28E71C9A111D1C91126835
:1053B00023E746281AD01C9B0733072293431A0081
:1053C00008321C924A4604920B9A039202941A687D
:1053D0005B68009201935B462A0051463800FFF754
:1053E00029FC0500119B01331193E0E520234A4677
:1053F0001A439146DFE7672801D0472804D180236C
:105400001B014A461A439146452801D0472803D13B
:1054100020234A461A4391461C9B07330722934395
:105420001A0008321C924A4604920B9A0392029484
:105430001A685B68009201935B462A005146380067
:10544000FFF7E6F90500119B01331193AFE5022345
:105450004E461E404A4613421ED001241C9B1A1D74
:105460001C926A1C904618785B462A005146B84741
:10547000002E14D1119B01331193454697E5551C1D
:105480005B4651462020B84723002A005C1C0B993C
:105490009942F4D81500E1E701232A00F6E74246D5
:1054A00006E0561C5B4651462020B8472C003200CF
:1054B000651C0B9BA342F4D89046DBE701330A003E
:1054C0001978002902D0511E002AF7D19B1B802297
:1054D000D2004946114088464946114202D0A342B3
:1054E00000D92300022249461140109149460A4240
:1054F00008D02A00250099463B004746984626E0FA
:10550000220044E6A1462A005146B2460E0006E0BB
:10551000551C5B4631002020B84723002A005C1C44
:105520000B999942F4D8150022004C463300564698
:105530009A4691462A0025003B004746984606E0D9
:105540001D000136541C5B465146C047220030788E
:10555000002804D0002FF4D06B1E002DF0D11500D0
:105560004B464746109A002A03D1119B01331193F1
:105570001DE50B9E2A0006E0551C5B465146202087
:10558000B84723002A005C1C9E42F5D81500ECE7C2
:1055900021234A461A4313001C9A111D1C911268BC
:1055A0000593082304930394083302930023019383
:1055B00000925B462A0051463800FFF744F8050088
:1055C000119B01331193F2E46C1C5B462A00514697
:1055D0002520B847119B013311932500E7E46C1C8B
:1055E0005B462A005146B847119B013311932500B1
:1055F000DDE40A4FD0E45D450DD35B465A1E5B46A1
:1056000051460020B847280013B0F0BCBB46B24654
:10561000A946A046F0BD2A00F1E7C0465544021055
:105620000CB430B585B00A0008AC08CC0394054D25
:10563000009401002800FFF7A1FC05B030BC08BCB5
:1056400002B018474D44021010B582B0044C0093CC
:1056500013000A0001002000FFF790FC02B010BD0B
:105660004D44021010B584B00C0002A902904C60A9
:1056700001240448009313006242FFF77FFC04B04A
:1056800010BDC0465744021000BEFDE703000A4AA1
:105690001268002A08D0084A1068C318074A9A42BC
:1056A00006D3054A13607047034A05491160F2E7C3
:1056B00001204042F7E7C046743800200000042073
:1056C000009B022010B5030008001100002B05D13B
:1056D000044B1A685B6800F035F910BD01204042A8
:1056E000FBE7C04648D7031010B5030008001400BC
:1056F000013B012B06D801230022210000F0D8F83D
:10570000200010BD01204042FBE7012040427047CD
:1057100001204042704710B5FFF7B6FF30B583B0A7
:105720000D001900002A0BD0074B084C0192009382
:105730002B000200200000F0D7F90120FFF7A4FFA2
:10574000034B1A00F1E7C046F4A6031004A70310A8
:1057500094C1031010B5EFF30583002B00D000BEF9
:10576000FDF790FB034C01E008CC9847024B9C42AC
:10577000FAD310BDAC1C0020C81C002010B50300DB
:10578000080011001B68984710BD0000F8B507001D
:105790000D001600437D002B02D0002400200CE0F9
:1057A00003681100280098472DE03B7D10E03B681E
:1057B000154802219847601C0134B44214DA002CC9
:1057C000F3DD2B19013B1B780D3B5A425341DBB2F1
:1057D0002A5D0A2AF0D1002BEED1A042E7DA3B681D
:1057E000211A28189847E2E7B04203DA3B68311AD9
:1057F00028189847002E06DDAD19013D2B780D3B8A
:105800005A4253413B75F8BD04DA031070B50500E8
:105810000368002B16D00C4B1C6805E0290004C956
:105820002000FFF7B3FF2469002C09D02368002B68
:10583000F9D0064B1B68002BF0D0A342F3D1EDE763
:1058400000232B6070BDC0466438002070380020F3
:1058500070B505000C000B68802B05D023685A1C1E
:105860002260E418257170BD0800FFF7CFFFF5E74F
:1058700010B5FCF769FF074A002312184B41002BB3
:1058800003DB05480FF064FF10BD01225242034BB9
:10589000F7E7C04640420F00581C0020FFFFFF7F83
:1058A00010B502480FF0F4FE10BDC046581C002091
:1058B000F0B5CE46474680B583B006000D00904651
:1058C0001C00FFF7D5FF81466B1C05D0002C08D0CB
:1058D000184F194B1C6807E030000EF0F3F9050073
:1058E000F4E7164FF5E72469002C17D02368002B46
:1058F000F9D0134B1B68002B01D0A342F3D12A002F
:1059000031002000B8474346002BECD06B46D91D30
:105910000A230B7001222000B847E4E74B46002B16
:1059200005D1280003B0C0BCB946B046F0BDFFF7B2
:10593000B7FFF6E78D570210643800207D5702103C
:1059400070380020F0B583B006000F00019200937C
:10595000164B1C6808E0A368002B04D03900300007
:105960009847002820DC2469002C06D0104B1D68C5
:10597000002DF0D0A542F6D1EDE700990A000D4BBD
:105980005B6A994209D80B49896A0198814209D218
:105990009A4202D00220404206E001200021FCF79A
:1059A000DBFED5E70220404203B0F0BD64380020A2
:1059B00070380020004005400A4A136802E01A00CF
:1059C00010321B69002B09D013688342F7D10029DC
:1059D00007D1036913600023036102E0002900D0AE
:1059E000106070476438002010B5064B1C6800E05A
:1059F0002469002C04D06368002BF9D09847F7E79E
:105A000010BDC0466438002010B500F07FF900F0EA
:105A10001FFB012010BD000030B583B0040000253D
:105A2000FCF792FE22002B0012184B41002B0ADBE0
:105A3000012101A8FFF786FF002802DB07D001AB98
:105A4000187803B030BD01225242044BF0E7044BFA
:105A5000044A04210448FF31FFF760FEFFFFFF7F87
:105A600034A70310E8D9031038A7031010B582B08B
:105A700004006B46D81D0470012300220121FFF7AA
:105A800017FF200002B010BD70B505000EF01AF926
:105A900004000123012201002800FFF709FFFFF79E
:105AA000A3FF200070BD0000F0B5A3B004000E00FD
:105AB000FFF7DEFE050001AF002301930948330024
:105AC00022003900FFF7CEFD04003800FFF79EFEEC
:105AD000FFF78AFF002D02D1200023B0F0BDFFF7B1
:105AE000DFFEF9E7515802100FB400B583B004A9E6
:105AF00001C90191FFF7D8FF03B008BC04B01847F3
:105B000010B582B00C00144BC3185A425341134ACB
:105B10005B009B5E8B4204D06B46DA1D1470002143
:105B200015E06B46DA1D0D23137000210029F3D117
:105B300083699B06FCD41378036001310132F5E7D9
:105B400083699B06FCD4137803600131013200297C
:105B5000F6D002B010BDC0460080FCBF84410020DA
:105B600082B000226B46D91D06E08369DB06FCD4B7
:105B700003680B7001320131002AF6D06B46D879E8
:105B800002B0704770B506000D00002405E0315DDD
:105B9000034B1868FFF7B4FF0134AC42F7DB70BD6C
:105BA00088410020F8B506000D00002705E07C1CA8
:105BB000F719FFF7D5FF38702700AF4204DA0D4A16
:105BC00010688269D206F2D50B4A1268002A0AD000
:105BD000084A126850219163506B18390140074BF5
:105BE0009C4662441160002F01D03800F8BD033F8D
:105BF000FBE7C04688410020FC370020341000003D
:105C000010B5064B1B68002B06D0054A1268002110
:105C10009163044A1068984710BDC046FC370020C5
:105C20008841002004380020024B1A6893691B0742
:105C3000FCD470478841002070B51D4B1B681D4A7D
:105C4000934207D0142400281ED01B4B1B68002B46
:105C500002D070BD1524F6E7174B1860174B19607A
:105C600017492000FBF716FE01212000FBF7DAFDA3
:105C70000F4B1B6850229A63596B183A0A4011491E
:105C80008C4663441A60E4E70B4A1268002AE0D0AD
:105C900000259D6300212000FBF7C4FD084920007A
:105CA000FBF72EFF044B1D60044B1D60D1E7C0467F
:105CB0008841002000800340FC3700200438002089
:105CC000015C02103410000070B50D001C000D4B7B
:105CD0001860002A0BDA002C0EDA0A4B186829002B
:105CE000FCF70EFE08480121FFF766FE70BD022199
:105CF0001000FBF7EBFAEEE702212000FBF7E6FAD3
:105D0000EBE7C046884100202015002010B5074B66
:105D10001B78074B1B78074B1B78E12101230022DE
:105D200049020548FFF7D0FF10BDC04664F00310DC
:105D300060F003105CF00310004003407047000067
:105D4000014B00221A707047F99A02204B79FF2B01
:105D50000CD18B79002B0BD1CB79012B0AD1082ADE
:105D60000AD98A78054B1A70092000E00020704794
:105D70000020FCE70020FAE70020F8E7F99A02206B
:105D80000120704710B5012927D1117953791B02E1
:105D90000B43134909788B4201D000201EE0537851
:105DA000012B03D0022B11D0002017E09178D3787B
:105DB0001B021943DB0506D5480A8A05D20F7F234B
:105DC0001940FCF7B5FF01204042F6E764220021AC
:105DD0000020FCF74DFF012000E0012010BDC0466F
:105DE000F99A022000487047ECDA031010B514004D
:105DF000012910D15378012B0FD1127963791B023D
:105E00001343072B01D0002006E0054A9F332100F1
:105E100001F058FB00E0012010BD0020FCE7C04667
:105E200044DA0310012303700048704724DA03109A
:105E300010B50A784B781B0213438A7812041A4370
:105E4000CB781B0613439622D200934200D010BD9C
:105E50000120002211004042FCF76AFF024B18604B
:105E6000024B19607047C0460038002008380020F7
:105E700010B5FCF769FC0E4A002312184B41002BA9
:105E800012DB0C480FF064FC00280CD0012000212C
:105E9000404201F0E3F9002001F07CFC0028F5D13C
:105EA00004480FF0F5FB10BD01225242024BE8E717
:105EB00040420F007C410020FFFFFF7F10B5024BE6
:105EC0001878FBF7B9FC10BDFB9A02200268EFF3CB
:105ED000108172B61368002BFCD0BFF35F8F416056
:105EE0007047000070B5144B1B68002B1AD0124C81
:105EF0002000FFF7EBFF114B00221A702168636846
:105F0000BFF35F8F0A6083F31088002400250C4BD9
:105F10001878FBF76DFC002808D10024002520002C
:105F2000290070BDFA24A4000025F0E7044B18787E
:105F3000FBF782FCF3E7C046AC3C0020FC9A022051
:105F4000FB9A0220F0B585B0060014001D000CABD2
:105F50001F78FCF7F9FB22002B0012184B41002B95
:105F600009DB02970B9901910A9900913000FCF727
:105F7000FBF905B0F0BD01225242014BF1E7C046EA
:105F8000FFFFFF7FF0B5C64600B584B00500884628
:105F900016001F000AAB1C78FCF77EF902940197EB
:105FA00000962A004346FFF7CDFF04B080BCB846F8
:105FB000F0BD000010B582B01F4800210FF0A0FB1B
:105FC000002818D11D4B1B68002B12D01B4C200041
:105FD000FFF77CFF1A4A1378DBB2012111702168A8
:105FE0006268BFF35F8F0020086082F31088002B87
:105FF00017D002B010BD01200021404201F02EF95F
:10600000002001F09FFB04000B480FF041FB002C27
:10601000EFD00C4B1B68002BEBD00B4A1068984755
:10602000E7E70A4A013300930023FA2080000021A9
:10603000FFF7A8FFDDE7C0467C410020AC3C002014
:10604000FC9A02200038002008380020E55E02108B
:1060500010B582B0D0231B061C68FCF71DF9FCF7B5
:10606000FDF9A04230D1274B1B780021002002F01F
:1060700053F8254B1B68002B2CD00120FBF792FE18
:10608000224C20702249FF231840FBF703FC2078A4
:106090000121FBF7C7FB0520FBF7EEFB041E1DD01B
:1060A0000120FBF701FB01001A4B1800FBF7ECFE87
:1060B000194900220520FBF717FC18480121FFF7BA
:1060C0007BFC200002B010BD154B164A1648C121BA
:1060D000FFF724FB0C48FBF793FECEE70D480822A0
:1060E0000021FEF7A3F9114A012300930023FA20AF
:1060F00080000021FFF746FFC043C40F0028E0DA0C
:10610000DBE7C04668F003107C410020FB9A0220C8
:10611000B55F0210AC3C0020BD5E021038150020B7
:10612000BC8503101CDB0310ACA70310E55E021056
:1061300010B5002001F0EAFA10BD000070B50500AE
:106140000C00FFF7F5FF002834D0002001F0FAFA28
:10615000002832D0FCF7F8FA1B4A002312184B41F2
:10616000002B19DB19480FF0F3FA002828D0FFF7AD
:10617000DFFF002804D0002001F0E4FA00280FD14E
:1061800001200021404201F069F8032464420F48D5
:106190000FF07EFA200070BD012252420C4BE1E765
:1061A00022002900002001F0D9FA041EEFD10324B7
:1061B0006442ECE703246442ECE703246442E9E729
:1061C00003246442E6E7C04640420F007C410020C1
:1061D000FFFFFF7FF0B5C64600B580460C00FCF718
:1061E000B3FA314A002312184B41002B07DB2F482A
:1061F0000FF0AEFA002806D180BCB846F0BD0122EF
:1062000052422B4BF3E7FFF793FF002849D1294B6C
:10621000002000211860596024480FF039FAEBE79C
:1062200001200021404201F019F8002001F0B2FAEB
:10623000FFF77EFF0028EFD0002001F027FB0028A9
:1062400020D0A542E8DA661B002001F01FFB020007
:10625000864200DC3200002AE2D043465919002071
:1062600001F0F0FA060001200021404200F0F6FFA4
:10627000002001F08FFAAD19FCF766FA0D4B18609B
:106280005960DEE7FCF760FA0A4B1E685F680A4A4D
:10629000002392197B419942BED8D2D19042D0D9E5
:1062A000BAE70025CDE7C04640420F007C41002000
:1062B000FFFFFF7FA827002020A1070000487047AC
:1062C00098DB03100048704744DB031010B504004E
:1062D000154B1B78002B0ED0002C11D1134B144AF8
:1062E0005A80012301335B009BB21048C022920008
:1062F0001343038010BD0C48112100F025F8EBE793
:10630000052C0ED80B4BA400E4580023122BE9D81F
:10631000E15C0029E6D00133044A58008152DBB227
:10632000F4E70020E6E7C0468C9902203C380020C4
:10633000090400002CDB031010B5024800F030F80F
:1063400010BDC046683F002010B5002901D00023D1
:1063500008E00F4B0F4A10483531FFF7DFF93732AD
:10636000C25401334A1E9A420ED90F2B0CD85A0838
:106370000A4CA45C01229A43920014410F2222404D
:10638000092AECDC3032EBE7C0180023037010BDA3
:106390003CA80310ACDB031044A80310683F0020A6
:1063A00070B588B0040004AD0D2200212800FEF76E
:1063B0003DF80D2200216846FEF738F84B232B707C
:1063C0000D22694628000FF053F9002304E05A1DFE
:1063D00069468A5CE2540133072BF8DD08B070BDD2
:1063E00070B582B07F230340C509274C5E00761943
:1063F0007601A419A0706842684160700020E070C6
:106400002183E276012D1ED0D800204A94466044B4
:106410001D4A590049194901521890601A4A5900F9
:10642000491949015218926800211160002B10D1BE
:10643000154A5B005B195B01D31800225A60144AAD
:10644000DA6002B070BDD800124A94466044A06081
:10645000E4E7012D0BD0591EC9000F4A9446614450
:10646000094A5B005B195B01D2185160E9E7591ECC
:10647000C9000A4A94466144034A5B005B195B0108
:10648000D2185160DDE7C0467838002084001050F3
:1064900000011050800010500C00105008001050E7
:1064A00010B5038B3F333F229343C27E022A08D0AC
:1064B00008490A68C260D3180B60074A934202D8A1
:1064C00010BD5B00F4E7054B054A06485221FFF773
:1064D00025F9C046903C0020FF0F105030AA031051
:1064E00034DC031074AA0310F8B57F250540C609F3
:1064F0006B009B195B010E4C1C19FFF771FF002DFF
:1065000000D1F8BD0A4B6D00AD196D015D19298BE5
:106510002000FFF7C5FFEB7E9B06E968054A4A406D
:1065200013438022120613436A681360E9E7C046EA
:10653000783800200000105010B504007F20204063
:10654000E409400000194001024BC01800F026F990
:1065500010BDC0467838002010B5002804D10121B4
:106560000520FBF75FF910BD034B044A982104484E
:10657000FF31FFF7D3F8C046E8AA031024DC03106C
:1065800074AA031010B5002805D100220021802034
:10659000FFF7D2FF10BD034B034AA2210348FF318E
:1065A000FFF7BCF8E8AA031014DC031074AA031068
:1065B000024B80225202DA647047C046002011501C
:1065C00070B5041E27D100F0C7F8164D0C23AB6739
:1065D0001549FF220520FBF787F9144840220021C6
:1065E000FDF724FF002240210020FFF77DFF00225D
:1065F00040218020FFF778FF0FF07AF801232B6409
:1066000080239B05EB649023094AEA502000FFF7A2
:10661000CFFF012070BD074B074A64210748FF31B7
:10662000FFF77CF80000115019070020783800208F
:1066300010D00100E8AA031048DC031074AA03106C
:10664000044B1970002904D0034A90238021890249
:10665000D1507047F39A0220002011500B785B064E
:1066600002D14B78052B00D070478A78014B1A6015
:10667000FAE7C0460000115010B5CA789207920F91
:10668000012A0AD088780B7949790902194349050A
:10669000490DFFF729FF012010BD0020FCE710B5D0
:1066A0000FF026F810BD000010B50400080011001E
:1066B0001A00002C03D1FFF73FFF012010BD034B50
:1066C000034A812103488900FFF728F8E8AA03104C
:1066D00004DC031074AA031010B57F2318000840CF
:1066E0000B4205D1CB09012B0ED00222074B9A6633
:1066F000C909400040184001054BC0188022120112
:1067000000210FF045F810BD0122EFE700201150E5
:106710007838002010B57F22100008400A4200D1CE
:1067200010BDC909400040184001044BC0180023A7
:10673000C370002202490FF02BF8F1E778380020EF
:10674000FFF7FFFF04E00A780270013101301A0000
:10675000531E002AF7D1704710B580235B040A4A04
:1067600013600A4A13600A4B1A6880235B04934340
:10677000F9D18022520100210648FDF757FE064B51
:1067800009225A6710BDC04600E0004000F00040FA
:1067900008C00040000010500000115070B5040007
:1067A0000D001600837E002B17D1A6820023E38202
:1067B0000133A376256120000EF082FF002804D06B
:1067C0000C4A902380218902D15020000EF070FFE6
:1067D00000280AD00123237770BD81780648FFF78F
:1067E00083F920000EF0C4FFDFE720000EF0B8FFB1
:1067F000F2E7C04600201150DCAB031070B5050075
:10680000002408E09B1A5B01164A9B18DB682800ED
:1068100098470134E4B2144B1A782300511CA1426A
:106820000DDBA242EED9114B1B6862019B18002BB5
:10683000ECD10F490F48104AFFF756F910E00F4C02
:10684000542200212000FDF7F1FD201D1022FF2120
:10685000FDF7ECFD200014302022FF21FDF7E6FDBE
:1068600070BDC046C4DD0310F29A02205C310020E6
:1068700090DD031014AC0310250200000C3300203F
:106880000268EFF3108172B61368002BFCD0BFF3DF
:106890005F8F4160704710B5FFF7B0FF00F05EFEFC
:1068A00010BD70B505000C001600486900F060FED0
:1068B0006369320001212800984770BDF0B5DE46BB
:1068C00057464E464546E0B583B082460139C8B2C8
:1068D000FFF7F8FC002803D043789946022B0CD030
:1068E00056495748574AFFF7FFF8002003B0F0BC5D
:1068F000BB46B246A946A046F0BDC5796C1101223F
:10690000514B1440240119781026B14321431970CA
:10691000AD112A405201C9B22024A1430A431A7082
:10692000060009368278C3781B02134383469B44D2
:106930004B460193370066E0FB7899463A78BF18DA
:1069400068E03E493E48414AFFF7CEF80020CDE7D7
:10695000009AD31A5B013E4E9E193369220039001A
:1069600050469847082801D9844216D20135EDB225
:10697000384B1B7800955A1CAA423EDBAB42E7D944
:10698000354B1B686E019E19002EE6D12B492C4811
:10699000324AFFF7A9F80020A8E73400009E0090D3
:1069A0004B46012B11D00020494681421BD9BB78B0
:1069B0001B18DBB2244AD2181279FF2A0CD1224AC2
:1069C000D3181D710130C0B2EFE72169244A91420A
:1069D000E9D1019B9946E6E718491948214AFFF792
:1069E00083F8002082E720482B00009C2200390019
:1069F00001F068FCA446674400E02E00154B1B78AC
:106A000001339E420FDC5F4515D27B780B2B93D070
:106A1000012399467A78042A93D15B46DA1B93B214
:106A200000251C00A4E7852204490548D200FFF791
:106A30005BF800205AE7012058E7C04664DD0310E8
:106A400014AC0310D60300000C330020F103000047
:106A5000C4DD0310F29A02205C310020FA0300002A
:106A6000097A021019040000203300207047704793
:106A7000002070470020704770B505000C00CB78EF
:106A800088780F2B53D89A002E498A589746FFF7DB
:106A900015FC021E05D012232100280000F012FD73
:106AA00046E0294929482A4AFFF71EF800203FE01E
:106AB000FFF798F9021E3CD08178C3781B020B4384
:106AC0002100280000F0FEFC32E0022B0CD0FFF782
:106AD000D1FF021E2FD09178D3781B020B432100E7
:106AE000280000F0EFFC23E0FFF7ECFB021EF2D1E0
:106AF00015491648174AFEF7F7FF002018E02379DA
:106B0000617909021943FFF7E1FB021E15D00378F2
:106B10002100280000F0D6FC0AE0FFF7A9FF021EC2
:106B20000DD003782100280000F0CCFC00E000200C
:106B300070BD0020FCE70020FAE70020F8E7002005
:106B4000F6E7C04664DC03104CDD031014AC031000
:106B50003A040000610400007047704770477047B6
:106B6000024B5878431E9841C0B270470C33002046
:106B7000024B18784007C00F7047C0460C33002006
:106B8000034B1878FF38431E9841C0B27047C04687
:106B90006C150020F8B505000F00FFF7F1FF061E89
:106BA00048D1002F21D02E4854220021FDF73EFC71
:106BB0002C4B00221A702C4C2000FBF721F92B4B98
:106BC0001C602B4C2000FBF769F9143C200001F0FD
:106BD00013FF284B1C60284B002B04D02748FFF7DD
:106BE00021F9274B1860002410E0E92225492648A6
:106BF0005200FEF779FF1DE09B1A5B01234A9B18A8
:106C00005B68002B10D098470134E4B21B4B1A7814
:106C10002300511CA1420FDBA242EDD9184B1B6887
:106C200062019B18002BEBD1F8221649164852003E
:106C3000FEF75AFF3000F8BD154B1D7039002800D3
:106C4000FFF7BEFC061E03D02800FFF785FCF1E726
:106C5000FC220C490C485200FEF746FFEAE7C0460A
:106C60000C330020F49A022004330020603300200B
:106C70006415002064330020255E0210F29A022081
:106C80005C310020B4DD031014AC0310C4DD03102C
:106C90006C15002070B50D00104B1E788B7870229B
:106CA0001A420DD10E4B9978280001F0B5FA041E56
:106CB0000DD029003000FFF7DFFC0400200070BD7C
:106CC00008490948094AFEF70FFF0024F6E705497D
:106CD0000548074AFEF708FFF0E7C0466C1500209C
:106CE0000C3300201CDD031014AC03100B05000056
:106CF0000C050000F0B5D6464F464646C0B5814665
:106D00000C0017009846089B9A46002517E0184982
:106D10001848194AFEF7E8FE00263000E0BCBA46E3
:106D2000B146A846F0BD9D2211491248D200FEF797
:106D3000DBFEF2E7099A13702378E4180135AF42BD
:106D400014DD6378052BE2D1E1788907890F41458D
:106D5000DDD121004846FFF79DFF061EE3D0A37852
:106D6000DA09012AE6D052461370E5E70126D4E796
:106D70002CDD031014AC0310E704000010B57F20D5
:106D80000840C909400040183030044BC018043096
:106D9000034B196801F0FCF910BDC0460C3300200C
:106DA0006033002010B57F200840C909400040181A
:106DB0003030044BC0180430034B196801F010FA4E
:106DC00010BDC0460C33002060330020F0B5C6462D
:106DD00000B582B001931A4800787F250D40CE0996
:106DE000184C6F00E419A41930342479E4071DD439
:106DF000144C6F00E419A419303423790127BC46E0
:106E000067463B432371019BFFF74EFC002813D1DB
:106E10000C4B6D005B199B1930331A7901218A43A1
:106E20001A711A7903318A431A7105E00649074835
:106E3000074AFEF759FE002002B080BCB846F0BDFC
:106E40006C1500200C3300200CDD031014AC031073
:106E50003905000070B50A4B18787F240C40CD0925
:106E6000FFF73AFC074A640013195B1930331A79AB
:106E700002210A431A711A7901210A431A7170BD5D
:106E80006C1500200C33002070B50A4B18787F2455
:106E90000C40CD09FFF73EFC074A640013195B194B
:106EA00030331A7902218A431A711A7901398A43D7
:106EB0001A7170BD6C1500200C3300207F220A402F
:106EC000C909044B52009B185B18303318798007AE
:106ED000C00F70470C330020F0B585B005000C00E2
:106EE000002000F045FB237860221A40602A1AD067
:106EF000402A20D02378DB06DB0E012B00D1D6E020
:106F0000022B00D116E1002B00D07CE1202A1CD0FE
:106F1000002A00D07FE16378092B00D97DE19B0036
:106F2000C54AD3589F465532C449C5489200FEF71A
:106F3000DBFD002668E1C34800F01AFB22000121B6
:106F40002800FEF753FF06005EE123790F2B00D9DE
:106F50005DE1BD4AD3181B79BC4A1278934207D22F
:106F6000BB4A11685B01C918002909D100264BE111
:106F7000511C994200DA4CE19B1A5B01B549591842
:106F800022002800FFF78DFC06003DE1200000F004
:106F9000F5FAA1782800FFF7F5FAAB4A1378022139
:106FA0000B43137001262FE1A74B5B7802AA063230
:106FB000137001232100280000F084FA012623E148
:106FC000A678A14B5B78B3422CD09F4B5B78002B0B
:106FD0000CD19D4B5E70002E22D031002800FFF7AF
:106FE0006DFC061E12D0FFF7B7FD1BE00021280044
:106FF000FFF726FB2800FFF752FB934FBB78019366
:107000002800FFF7FBFB019BBB70E2E7C9228B491D
:107010008B489200FEF768FD8B4B00225A70F3E01C
:10702000FFF79BFD2100280000F038FA0126EBE075
:1070300021002800FFF720FD0600E5E0A278E378B4
:107040001B021343012B01D00026DDE07E4A13789A
:1070500008210B4313702100280000F01FFA0126BD
:10706000D2E0A278E3781B021343012B01D0002663
:10707000CAE0754A137808218B4313702100280059
:1070800000F00CFA0126BFE06F4B1A785109920804
:107090000223134001220A40134302AA063213803E
:1070A00002232100280000F00DFA0126ACE023792C
:1070B0000F2B00D9B3E0644AD3181B79634A1278C6
:1070C000934223D2624A11685B01C918002900D19A
:1070D000A7E022002800FFF7E4FB061E00D093E0A3
:1070E000237860221A4200D08EE063780A3B012B9D
:1070F00000D989E0002000F03BFA63780A2B0ED01B
:107100002100280000F0CAF901267DE0511C9942B7
:1071100000DA88E09B1A5B014E495918D9E702ABA7
:107120009A1D0023137001332100280000F0CAF9D2
:10713000013669E021797F200840CE0970230B4297
:1071400017D1414B40001B189B191B7D3F4800780D
:10715000834215D23E4806685B01F618002A19D012
:10716000002E62D0220031002800FFF79AFB0600B3
:107170004AE032493248384AFEF7B6FC002643E07E
:10718000461C9E4204DB1B1A5B01324E9E19E5E74A
:107190000026E3E76378012B10D0032B0ED0002BE1
:1071A00045D12800FFF78AFE02AB9A1D108002230A
:1071B0002100280000F086F9012625E0A078E27879
:1071C0001202024304D1012B19D02800FFF742FE1E
:1071D000002E2ED0220031002800FFF762FB002095
:1071E00000F0C6F9184B35229B5CDB07DE0F002B45
:1071F0000AD12100280000F051F9012604E02800FE
:10720000FFF742FEE4E70026300005B0F0BD00269F
:10721000FAE70026F8E70026F6E70026F4E700265E
:10722000F2E70026F0E70026EEE70026ECE700266E
:10723000EAE70126E8E7C046C0DC031078DD03106A
:1072400014AC0310ED5D02100C330020F29A022002
:107250005C310020C4DD03109503000030B585B01B
:10726000FFF78EFC002808D105B030BD01AC2078B6
:10727000FFF711FB2279604B9A70604B1C6820006D
:107280001430FFF7FDFA01A9200001F058FB6269F4
:10729000A369BFF35F8F0021116083F3108800287A
:1072A000E2D001AB5B78082BE7D89B00544AD35857
:1072B0009F4601AB1878FFF7EEFAFFF74EFCDCE7CC
:1072C000504B1B78002B2DD04E4A1378013BDBB27C
:1072D00013701378002BD0D1474B1A780124012169
:1072E0000A431A703422995CA1439954995C042092
:1072F000814399540132995CA1439954995C81432B
:10730000995401AB187802A9FFF7E6FD0028B4D123
:1073100001AC20780021FFF7DFF920788021FFF70A
:10732000DBF9AAE738493948394AFEF7DDFB9BE724
:1073300001AB19797F220A40CC092F4B50001B1852
:107340001B19303318790125A843187118790335B2
:10735000A8431871002A15D0274B52009B181B19FF
:107360001B7D2C4A1278934213D22B4A12685B0180
:10737000D318002B15D09C6901A84279039B007893
:10738000A0477AE701A84279039B007800F004F94E
:1073900073E7501C984204DB9B1A5B011F4A9B1841
:1073A000E9E7A422184919489200FEF79DFB5BE724
:1073B000114B1B78DB0700D45FE70F4B18780007F1
:1073C000C00FFFF7CBFB58E70B4B1B78DB0700D454
:1073D00053E7FFF7C4FB50E7029B002B00D14CE7BB
:1073E0000398984749E7044BDB78DB0700D444E770
:1073F0000298FFF73CFB40E70C3300206433002089
:10740000E8DC0310F49A0220A4DD031014AC03108E
:1074100065020000F29A02205C310020C4DD0310F6
:1074200010B50023CB56002B05DB80210023002262
:10743000FFF7CCFC10BD0021F8E70000F8B505000F
:10744000144B9F89DE89BB1B9BB21C1C402B00D9AF
:107450004024A4B20F4B1B785BB2002B08DB002149
:10746000B74213D00C4A23002800FFF7AFFCF8BD49
:10747000B74209D0074B9968402C09D8064822002A
:10748000FCF7DAFF8021EBE78021E9E70022EAE759
:107490000020ECE7EC320020AC32002070B5060092
:1074A0000D00074C08222000FCF7C6FF0023A36054
:1074B000E381A38129003000FFF7B2FF70BDC04611
:1074C000EC320020F0B5C64600B580460C00160030
:1074D0001D001F4B08221F001800FCF7ADFFBE6007
:1074E0000023FB81A379E179090219430B1CA9420E
:1074F00000D92B1C99B2164A9381A279E3791B0219
:10750000134319D0002901D0002E08D04046FFF7C0
:1075100095FF041E0AD0200080BCB846F0BD0D497E
:107520000D487222FEF7E0FA0024F4E709490A4800
:107530007422FEF7D9FAEEE721004046FFF770FF0C
:10754000041EE8D1034904487622FEF7CDFAE2E7AB
:10755000EC3200201CDE031014AC031010B50348FD
:1075600014220021FCF762FF10BDC046EC3200205F
:10757000014B18617047C046EC32002010B5010085
:10758000044C08222000FCF757FF0023A360E3818E
:10759000A38110BDEC32002070B505001C00C909A4
:1075A000314B1B78DB098B4216D0002C07D02F49BA
:1075B0002F489D22FEF798FA0024200070BD2A4C27
:1075C0002100FFF74BF82369002B03D0264A032143
:1075D000280098470124F0E7234B1B785BB2002B6F
:1075E00007DB214B986800283CD022492200FCF799
:1075F00023FF1D4AD389A1B25B189BB2D381916846
:1076000009199160D288934201D03F2C1FD8164BA4
:107610001B69002B05D0144A022128009847002836
:107620000BD011492800FFF7FBFE041EC5D10F49FE
:107630000F48C522FEF758FABFE700212800FFF7E0
:107640004BF880212800FFF747F80124B5E7280010
:10765000FFF7F4FE041EB0D104490548CD22FEF721
:1076600043FAAAE70024A8E7EC32002004DE031066
:1076700014AC0310AC32002070B50500FFF770FAAF
:10768000002802D10024200070BDFFF771FA041E0B
:10769000F8D11C4BC8226A439B18DB78002BF1D031
:1076A000C8266E431036174BF618300001F030F93B
:1076B0003F28E8D9134BC8226A439B18D978002089
:1076C000FFF75CFB002801D10400DCE7300001F08B
:1076D0001FF93F280DD9EA010B4BD218094BC821DD
:1076E00069435B18D97840230020FFF76FFB040043
:1076F000C9E7044BC8226A439B18D9780020FFF7DA
:1077000051FBC0E7E43100206031002010B50400D7
:10771000FFF726FA002801D1002010BDFFF728FA54
:10772000002808D1064BC82262439B181B79DB074F
:1077300003D50130F1E70020EFE70020EDE7C04678
:10774000E431002010B5C823434310330248181811
:1077500001F0ACF810BDC046E431002070B5040063
:10776000C82060430300103307481818074B9A429B
:1077700008D892B201F004F905002000FFF77CFF61
:10778000280070BD024AF5E7E4310020FEFF00004A
:10779000FFFF000070B50500FFF7E2F9002801D1F6
:1077A000002070BDFFF7E4F90028F9D1C8246C432C
:1077B0002034204BE4180434200001F077F800282E
:1077C00001D10020EDE71B4BC8226A439B18997832
:1077D0000020FFF7D3FA002801D10020E1E7EE01F5
:1077E0004036154BF61840223100200001F0C8F851
:1077F000041E14D00F4BC8226A439B1899780300CB
:1078000032000020FFF7E2FA002801D02000C8E78C
:107810000A490B48D522FEF767F90020C1E7054B5E
:10782000C8226A439B1899780020FFF7BBFA002012
:10783000B7E7C046E4310020603100204CDE031081
:1078400014AC031070B50500C824444320340C4B1D
:10785000E41804340B4B9A420BD892B2200001F08A
:10786000C6F80600200001F021F83F2803D83000B8
:1078700070BD054AF2E72800FFF78CFFF7E7C04626
:10788000E4310020FEFF0000FFFF000010B5C82318
:1078900058432030024BC018043001F039F810BDB5
:1078A000E4310020F0B5CE46474680B583B0264887
:1078B000C8220021FCF7BAFD244B00221A700027D1
:1078C000002F04D003B0C0BCB946B046F0BD1E4E78
:1078D000C8247C433519FF236B71E1235B02AB6045
:1078E000002398462B736B730833AB732100383138
:1078F000891920001030801943460093013340223B
:1079000000F096FF2100783189192000203080197D
:10791000043001230093402200F08AFF2300B83393
:107920009946B1444846FAF76BFAC034A4192000CE
:10793000FAF766FA4346EB614B462B622C634346EB
:107940006B630137FFB2BBE7E4310020E031002078
:1079500010B50023002B01D0012010BD19000D4AE5
:10796000C82058431218106A146B002806D0094A20
:10797000C820584312180020D0611062002C06D095
:10798000044AC82041435218002111635163013356
:10799000DBB2DFE7E431002070B50024002C00D01A
:1079A00070BD2500C8206043154BC018052200217A
:1079B000FCF73CFD134B1B78DB070FD5114B1B78F5
:1079C0009B0713D5C820684320300D4BC0180430E6
:1079D000012101F030F80134E4B2DFE7C820604350
:1079E0001030074BC01801F007F8E7E7C8206843DC
:1079F0002030034BC018043000F0FEFFE2E7C04621
:107A0000E4310020E0310020F0B585B003904B79DF
:107A1000022B63D18B79022B64D10027002F07D072
:107A2000002F0FD18B7833700C780C19092515E0D5
:107A3000C8237B432C4E9E19B378002BF0D001371E
:107A4000FFB2EBE7422229492948FF32FEF74CF802
:107A5000002544E023785D19ADB2E4186378242B47
:107A600001D19542F6D9052B09D06378042B02D1B8
:107A700063790A2B18D03800FFF7FEFD2FE02100B4
:107A80000398FFF707F9002806D0A37873702378CE
:107A90005D19ADB2E418E8E7542214491448FF32E6
:107AA000FEF722F800251AE021784D19ADB26118D1
:107AB000B31C0193F31C0093022302220398FFF7E7
:107AC00019F9002802D00E35ADB2D4E7B12207492A
:107AD00007485200FEF708F8002500E000252800BE
:107AE00005B0F0BD0025FAE7E431002040DE0310C8
:107AF00014AC0310F8B51400127860231340202B47
:107B000000D082E00025002D0ED0002D00D07EE0B8
:107B10006378222B42D017D8202B1FD0212B11D1D4
:107B2000012933D0012071E0C8236B433C4A9E18E1
:107B3000D25C277963791B023B439A42E5D0013539
:107B4000EDB2E0E7002061E0232B05D101294BD005
:107B500003294ED0012059E0002057E0012903D02D
:107B6000032909D0012051E0320008320723210007
:107B7000FFF7A8FC012049E02A4B002B49D0310037
:107B800008312800FEF754F901203FE032000832A6
:107B900007232100FFF796FC012037E0012903D0DD
:107BA000032906D0012031E02100FFF777FC0120F6
:107BB0002CE0A278E3781B021343012427001F4026
:107BC0005A081440337101217940C9B23000243081
:107BD00000F031FF144B002B1DD02200390028008B
:107BE00000E000BF012011E02100FFF757FC012059
:107BF0000CE00E4B002B10D0A378E178090219435A
:107C0000280000E000BF012000E00020F8BD0020B7
:107C1000FCE70120FAE70120F8E70120F6E7C0467B
:107C2000E4310020315E021000000000000000007E
:107C3000F0B5D646474680B583B001900F0000935B
:107C40000024002C0FD0002C1AD1A046EB78BB42A8
:107C50001ED0AB78BB4254D00124200003B0C0BC7E
:107C6000BA46B046F0BDC82565433C4BED18EB78ED
:107C7000BB42E8D0AB78BB42E5D00134E4B2E0E7E8
:107C8000E622374937485200FDF72EFF0024E4E78B
:107C900010239A46AA44E101334BC9186B461A884F
:107CA000504600F0A4FE314B002B1AD06B79FF2B0D
:107CB00017D0002600E00136009B9E4211D26A795F
:107CC000294B4146C9015B189B5D9A42F3D150464E
:107CD00000F002FE0028EED16979200000E000BF2C
:107CE000E9E7234B002B04D0504600F0F5FD0028B7
:107CF00003D02000FFF7C0FCABE7200000E000BF8E
:107D0000F7E71C4B002B02D0200000E000BF200052
:107D1000FFF740FD002801D001249EE72800243011
:107D200000F0C4FD002815D1009B002B14D09E0646
:107D300001D0012491E7A9780198FFF71FF8041EEC
:107D400001D1012489E7A978002300220198FFF7D7
:107D50003DF882E7012480E701247EE7E43100203A
:107D600030DE031014AC031060310020000000006E
:107D70000000000000000000002817D10C4B9322E7
:107D8000920042439B182A33FF331B78002B09D102
:107D9000074B9322920042439B185B79002B03D040
:107DA000013004E0012002E0002000E000207047E4
:107DB000A834002010B5002801D0002010BD932168
:107DC00089004143024BC918043100F001FBF5E77B
:107DD000A8340020F0B5D6464F464646C0B584B01C
:107DE0002148932292000021FCF720FB0025002D62
:107DF00005D004B0E0BCBA46B146A846F0BD932415
:107E0000A4006C4323004933FF33174A91464B4487
:107E10000433EE01154A9246B21820002930FF3093
:107E20004844402188460391029280277F000197B1
:107E3000009300230022002100F057FA2300203392
:107E40004B440833403656442000484404304246F0
:107E5000039202960197009300233F3A002100F01D
:107E600044FA0135EDB2C2E7A834002028340020DE
:107E700070B50025002D01D0012070BD9324A40011
:107E80006C4320002930FF30054E801900F05EFA67
:107E9000A019043000F05AFA0135EDB2EAE7C04605
:107EA000A8340020F0B5C64600B50025002D02D04C
:107EB00080BCB846F0BD9324A4006C430C4B98469C
:107EC000E6180027377020003130FF30404400F0C2
:107ED00093FD083420004044043000F08DFD330051
:107EE0002A33FF331F7077710135EDB2DEE7C046EC
:107EF000A8340020F0B5C64600B582B001900F004E
:107F00004B79FF2B00D08CE00C780C19A5180026BB
:107F1000002E01D0002085E03000FFF72DFF002863
:107F200002D00136F6B2F3E793239B0073433F4A36
:107F300098469044BB784246137033E0AC426DD211
:107F400021000198FEF7A6FE002836D00136F6B2D1
:107F5000A378DB09012B37D040463130FF3000F0E9
:107F60004BFDA1789422520043469B185970217909
:107F700063791B020B435B055B0D2D498C46634403
:107F800059424B415B004146895C022081430B43CF
:107F900041468B548918019800F05CFA002836D0CD
:107FA0002378E4183B79B34238D96378052BC5D0E0
:107FB000AC42C3D22378E418F7E71E491E48E022FA
:107FC000FDF792FD00202DE040460C3000F014FD3E
:107FD000A37842465371227963791B0213435B05F0
:107FE0005B0D134A944663445A4253415B00424638
:107FF000127902218A431343424613710B4BD31A61
:108000009B100E485843C0B2FFF7D4FEC8E7094999
:108010000948E822FDF768FD002003E0E01B80B27C
:1080200000E0002002B080BCB846F0BDA8340020BB
:1080300000FEFFFF64DE031014AC03109B1DB508A7
:10804000F0B583B006001D000024002C0CD0002CDD
:1080500057D101942A23FF33FB5C8B4215D07B79E7
:108060008B4236D001204DE093239B006343264F83
:10807000DF193B002A33FF331B788B42E7D07B7933
:108080008B42E4D00134E4B2DFE73B003133FF330D
:108090009B88002B12D11D4B002B07D0019BD901CF
:1080A0001B4BC918AAB2200000E000BF39002931DB
:1080B000FF31300000F0CEF9012023E03B002933EE
:1080C000FF335968AAB238003130FF3000F08FFC1E
:1080D000E1E7104B002B04D02904090C200000E03C
:1080E00000BF3C1D2100300000F072F9002801D0D3
:1080F000012007E02A002100300000F029F90120CA
:1081000000E0002003B0F0BDA83400200000000013
:10811000283400200000000010B582B000290AD0E9
:1081200001281CD80B78002B19D0164A1354012BA8
:108130001ED0012419E001A901230B7000234B700C
:108140000020FEF727FD041E03D00E4B01221A70FB
:108150000BE00D490D484722FDF7C6FC05E00A4932
:108160000A485A22FDF7C0FC0024200002B010BDCE
:10817000FEF710FD041EF8D1034904485F22FDF705
:10818000B3FCF2E700330020E4DE031014AC03106C
:1081900070B504000D000378DB07D80F002B1DD14C
:1081A00023785B07DE0F002B19DB012149422800F1
:1081B0000DF0B6FA2378DB07DA0F002B07D123780E
:1081C0005B0709D423780422134323700126280077
:1081D0000DF05EFA300002E01600F8E7002070BDF6
:1081E00070B506000C000121494220000DF098FAFC
:1081F00033785B07DD0F002B04DB20000DF048FA1D
:10820000280070BD3378DB0704D43378042293430D
:108210003370F2E70025F0E710B5027943791B02CD
:1082200013435B055B0DC2789207920F022A14D0AC
:10823000032A2DD0012A3CD1022904D01E4A9A4299
:1082400004D3012036E08022D200F8E71B491C4805
:10825000D122FDF749FC00202CE0022903D0402B5D
:108260000FD8012026E080229200934201D1012004
:1082700020E012491248293AFF3AFDF735FC002068
:1082800018E00E490E48DB22FDF72EFC002011E01D
:10829000022904D040229A4204D301200AE080221D
:1082A000D200F8E705490648E122FDF71DFC002051
:1082B00000E0002010BDC046FF030000D0DE031028
:1082C00014AC031030B58A1801E00C7809199142FA
:1082D0000AD24C78052CF8D18D787A342C40640081
:1082E0000419ED096355F0E730BDF0B585B0040021
:1082F00003920AAA40CA17880DAA158801220A40CB
:10830000017801208143114321702000083000933F
:1083100001233A00310000F08BFA002E01D0002F2B
:1083200005D10C9B63606580012005B0F0BD26007F
:108330001C363000F9F764FD039B002B04D033009A
:1083400000266361A661ECE70023FAE7012070478D
:10835000F8B506000C0015000B789B0711D5802797
:10836000BF002000083000F0A1FA002825D1002D20
:1083700025D0013F3D4224D12378DB0703D50020DF
:108380001CE04027EDE761783000FEF7F7FC00289D
:10839000F5D02378DB0707D5B5220B490B485200EF
:1083A000FDF7A2FB002009E06178002300223000E5
:1083B000FEF70CFD002801D1EEE70020F8BD0020FB
:1083C000FCE70020FAE7C046ACDE031014AC031053
:1083D00070B505000C000E000836300000F066FA9B
:1083E000002830D02378DB0701D5002070BD6178EC
:1083F0002800FEF7C3FC0028F7D0616862883000CF
:1084000000F0BEFA061E14D02378DB0707D5BC2285
:108410000E490F485200FDF767FB0020E6E762684F
:10842000617803002800FEF7D1FC0028EFD030006F
:10843000DCE72378DB0701D50020D7E76178280047
:10844000FEF7B0FCF8E70020D0E7C04690DE03104E
:1084500014AC0310F8B505000C008B89002B22D159
:108460000B78DB0701D50020F8BD4978FEF786FCC4
:108470000028F8D063882278D20707D5D92230495E
:1084800030485200FDF730FB0020EDE76178002B0B
:1084900007D062682800FEF799FC0028EED06088BB
:1084A000E2E70022F6E70B789B070DD58026B600A1
:1084B00027000837380000F02BFA86423DD8237891
:1084C000DB0703D50020CFE74026F1E761782800DD
:1084D000FEF754FC0028F5D0380000F019FA864267
:1084E00021D87642B6B262883040031C904200D94F
:1084F000131C9EB22378DB0707D5C8221049114808
:10850000FF32FDF7F1FA0020AEE76178002E08D0C7
:10851000626833002800FEF759FC0028EDD03000D7
:10852000A2E70022F5E72378DB0701D500209BE7CF
:1085300061782800FEF736FCF8E7002094E7C04693
:1085400074DE031014AC031003008A1890B2814249
:1085500002D85A00904203DB5B009BB2C01A80B283
:10856000704770B505000800AC889A420BD3D11A49
:1085700089B200291ED08C4210D2944209D8121B15
:1085800093B26B810AE0D11A89B26600891989B267
:10859000EFE7A21893B2F4E71B1B9BB29C42FBD9F6
:1085A0002968EA885204520C5343C918FBF744FF68
:1085B000012070BD0020FCE7F8B5CE46474680B5E7
:1085C00005008C4608A909788488E01A80B21C1B33
:1085D0001419A4B2EF887F047E0C07007743BFB262
:1085E0007443A4B2A1462C68A046734343440029B7
:1085F00006D1904208D3724319006046FBF71CFF76
:10860000C0BCB946B046F8BD3A0019006446200027
:10861000FBF712FF2968E0194A46FBF70DFFEFE769
:10862000F0B5C64600B582B01E0008AB1B8809AC89
:10863000277884889E420FD3F51AADB2002D1FD043
:10864000AC4205D2B44210D8331B9BB24381250003
:1086500095420FD315000DE0F51AADB2A84665009E
:10866000AC4645466544ADB2E8E7A619B3B2EDE7BE
:108670001B1B9BB29C42FBD900972A00FFF79CFF73
:10868000280002B080BCB846F0BDF0B583B004004D
:108690000D0016001F000069002803D00121494287
:1086A0000DF03EF823899BB2628901970092320057
:1086B00029002000FFF7B4FF0500618989B2A08876
:1086C0002A00FFF741FF60812069002801D00CF0EB
:1086D000DFFF280003B0F0BDF8B5CE46474680B5B1
:1086E00005008C4608A90878AC88E11A89B21C1BE1
:1086F0001419A4B2EF887F047E0C0F007743BFB239
:108700007443A4B2A1462C68A04673434344002896
:1087100006D1914208D3724361461800FBF78CFEE4
:10872000C0BCB946B046F8BD3A0064462100180006
:10873000FBF782FE2868E1194A46FBF77DFEEFE76A
:10874000F0B585B006000391171E029300D16DE0CD
:10875000C068002803D0012149420CF0E1FF3489B0
:10876000A4B2718989B2F379DB0918D1B3888C423C
:108770000FD3611A89B28B4256D95B1A9BB23A1C4D
:108780009F4200D91A1C95B2002D45D0B288230013
:1087900033E0611A89B25A00891889B2EBE7B588CB
:1087A000BD420ED8029B002B21D17B1BF7887F0492
:1087B0007F0C5F43039B9C46BC44634603930C00C1
:1087C000E2E78C420DD3631A9BB2DB196A00934235
:1087D0000FDBEA1B92B22800FFF7B6FE04003D0053
:1087E000D2E7631A9BB26A009B189BB2EDE70C00BC
:1087F000CAE73D00C8E79B1A9BB29A42FBD9029A8E
:1088000000922A0003993000FFF766FFB0882A0023
:108810002100FFF799FE3081F068002801D00CF0AC
:1088200037FF280005B0F0BD0025F5E71500F8E793
:10883000F0B583B00400019116001D0008AB1F784D
:1088400080231B029A422DD8C068002803D0012142
:1088500049420CF065FF2069002803D001214942FC
:108860000CF05EFF019B2360A6806D046B0CE58815
:10887000ED0BED031D43E580FB01E2797F271740F7
:108880001F43E771002363812381E068002801D042
:108890000CF0FEFE2069002806D00CF0F9FE012045
:1088A00003B0F0BD0020FBE70120F9E710B5828896
:1088B00001898BB2408984B2884207D81B1B9BB2C6
:1088C000101C9A4200D9181C80B210BD1B1B9BB211
:1088D00051005B189BB2F3E703894089181A4342A1
:1088E0005841C0B2704710B58488028993B241895B
:1088F00088B2914206D81B1A9BB20020A342404185
:10890000C0B210BD1B1A9BB262009B189BB2F4E769
:1089100010B5828801898BB2408984B2884206D81A
:108920001B1B9BB29A4208D9D01A80B210BD1B1BE8
:108930009BB251005B189BB2F4E70020F6E770B5DC
:1089400004000D000069002803D0012149420CF009
:10895000E7FE228992B263899BB229002000FFF7CB
:1089600000FE0500618989B2A0882A00FFF7ECFDAE
:1089700060812069002801D00CF08AFE280070BDBB
:1089800010B50023FFF781FE10BDF8B504000E00FE
:10899000C068002803D0012149420CF0C1FE25899E
:1089A000ADB22000FFF79FFF002802D0E779FF0952
:1089B00016D0A2882B0001E09B1A9BB29A42FBD9E9
:1089C0002068E2885204520C5343C0183100FBF770
:1089D00033FDA08801222900FFF7B6FD2081012781
:1089E000E068002801D00CF053FE3800F8BD10B547
:1089F0000023FFF7A5FE10BD10B50400C0680028D5
:108A000003D0012149420CF08BFE2069002803D0DD
:108A1000012149420CF084FE002363812381E06838
:108A2000002801D00CF034FE2069002801D00CF0A1
:108A30002FFE012010BD70B504000D00C068002895
:108A400003D0012149420CF06BFE2069002803D0BD
:108A5000012149420CF064FEED01E3797F211940C8
:108A60002943E171E068002801D00CF011FE206973
:108A7000002801D00CF00CFE012070BD074B834292
:108A80000AD0042301229A40054B1A60054B1B684B
:108A900011009943FAD170470323F3E770150020C2
:108AA00000F0004008C00040F0B5DE4657464E4694
:108AB0004546E0B587B0070093461800039310AB16
:108AC0001A780592119D129A90463B680022DA6648
:108AD0003B6859603B680132DA6602900023994690
:108AE0000493002600242DE03B79002B39D001238C
:108AF00037E0059A002A01D0002236E0012234E056
:108B0000002E0CD13B685B6BDB0608D4002DF7D040
:108B100000214046A84706000443E4B2F0E7002ED7
:108B200009D13B6880229A580492002A28D1002C4F
:108B300039D1CA4527D0002C3DD101239C46E144C0
:108B4000019B9B46029B994535DA039B013B9A4664
:108B5000002D02D001214046A8474B46002BC3D030
:108B600000239B02CA45C4D00022520213435A4636
:108B7000013201925A4611783A680B431361C5E7F6
:108B80005B6D01240FE0059B002BD4D10BE000218D
:108B90004046A84706000443E4B2002E06D13B68D5
:108BA0005B6B9B0502D4002DF1D1F6E7002EC2D1FC
:108BB0003B681B6EBFE7002C08D0002E10D1049A32
:108BC000002A11D0D30713D4130715D5059B3B7189
:108BD000484607B0F0BCBB46B246A946A046F0BD29
:108BE00002235B429946F1E701235B429946EDE798
:108BF00001235B429946E9E701235B429946E5E799
:108C0000F0B5DE4657464E464546E0B585B0050010
:108C10009246180003930EAB1A7891460F9E109A55
:108C200090462B680022DA662B6859602B68013267
:108C3000DA66029000270023019300244346B846D9
:108C40001F00029B984545DA039B013B9B46002E83
:108C500002D001213800B0472B685A6F102AFBD090
:108C60004246002A0BD000229202C3450CD00021BC
:108C700049020A43802149000A431A6119E02A790E
:108C8000002AF1D00122EFE74946002901D0002156
:108C9000EEE70121ECE7002E05D000213800B047B7
:108CA00001900443E4B2002C16D12B689A6F002A7D
:108CB00008D12B6880229A585A6B5206EBD55B6D0F
:108CC0000124E8E71B695246137001239C46E044E7
:108CD000E244B6E7474600E04746002C04D0019B3B
:108CE000002B0BD002277F424B462B71380005B07A
:108CF000F0BCBB46B246A946A046F0BD01277F4264
:108D0000F2E70000F0B5D6464F464646C0B505002E
:108D10000C000520F9F7A6FE060060088019210066
:108D2000FAF7B2F907004300994681440521484605
:108D3000FAF7AAF980463B1A9A46274B9C423CD840
:108D4000700080192549FAF79FF9441C4346023BFD
:108D5000A34239D32B680022DA662B6819680432E3
:108D6000514002320A40802149018C4663441A6016
:108D70002B685246DA612B6842461A624B464F2BEB
:108D800028D950214846FAF77FF92A68A023D05005
:108D90002B68DA6F54402404240C114A944663442F
:108DA0001C602B680122DA6639003000FAF76CF992
:108DB000E0BCBA46B146A846F0BD7000801909492A
:108DC000FAF762F9441CC1E7074B084A08485D21DD
:108DD000FCF7A4FC0120D8E73F420F0080969800E2
:108DE0007C10000040787D012CAC0310F8DE0310ED
:108DF0004CAC031070B504000D00114B98421DD00F
:108E00000422012393400F4A13602000FFF736FE2F
:108E1000002323712268D36622686621FF31116026
:108E20002268D36322689363226888336339FF39E9
:108E3000D15029002000FFF765FF70BD0322E0E755
:108E40007015002000E00040F0B5CE46474680B5E2
:108E500089B08146884616001F0010AB1C7804AD0F
:108E6000129A139B2800F9F72DFC029501900094AB
:108E70003B00320041464846FFF716FE09B0C0BC31
:108E8000B946B046F0BDF0B5CE46474680B589B08C
:108E90008146884616001F0010AB1C7804AD129A5C
:108EA000139B2800F9F70EFC0295019000943B00FB
:108EB000320041464846FFF7A3FE09B0C0BCB946A0
:108EC000B046F0BD074B98420AD0112301229A40C8
:108ED000054B1A60054B1B6811009943FAD1704786
:108EE0001023F3E700C0034000F0004008C000403A
:108EF000F8B5DE4657464E464546E0B581460E007B
:108F00000620F9F7AFFD80464B465A6802231A4007
:108F1000934604224A449246214A4A44136002245A
:108F200000E00234FE2C1AD8002520023200002373
:108F30000021FBF70BF8002903D1A942F1D14045EC
:108F4000EFD980277F00012F0CD97D1E21006943B6
:108F50004046FAF799F8B04204D82F00F3E780278B
:108F60007F00F0E74B461C617A1E12021B685A40D4
:108F7000FF231B021A4080235B014B441A608023AD
:108F80009B0153445A461A60390061434046FAF740
:108F90007BF8F0BCBB46B246A946A046F8BDC04629
:108FA0000430000070B504000D00154B984224D029
:108FB000112201239340134A13602000FFF782FF20
:108FC00029002000FFF794FF626802231A400E492F
:108FD00061180B60256807214D40C8312940802564
:108FE0006D0165192960094961180A60084A9446AB
:108FF0006444032222600B6070BD1022D9E7C04692
:1090000000C0034000E000400430000004200000E5
:10901000242000000123084A1360084A1360084B0B
:109020001A6801239343FAD1064B01221A60054BBB
:109030001B68DB05FBD5704700E0004000F00040F6
:1090400008C0004000C00440054B984204D3054BC3
:10905000984203D3002000E0002070470120FCE785
:10906000C0C00010CCC00010044B9B688000195099
:10907000BFF35F8F82F310887047C04600ED00E0B9
:10908000024B9B688000C0587047C04600ED00E06E
:10909000F8B505000E00EFF3108772B6FFF7F0FF8A
:1090A0000400B04203D0FFF7CFFF002806D03A00FB
:1090B00031002800FFF7D8FF2000F8BD024B034A1B
:1090C00003483721FCF72AFB94AC03100CDF031094
:1090D000D8AC031070470000000000000000000042
:1090E0000B4A13681868203080F30988022080F347
:1090F0001488BFF36F8F3FBCAE4608BC04BC62B699
:109100001847C046C046C046C046C046C046C046D6
:10911000C83C00200000000000000000000000002B
:10912000EFF30980164B1A6820381060F0C04446EF
:109130004D4656465F46F0C00D221207146E556E1E
:10914000566F176F3038F0C008B572B601F0ACFF3B
:1091500062B60CBC116808681030F0C8A046A94679
:10916000B246BB4680F309880D2212073038F0C89A
:109170001466556656671767F0C81847C046C0465C
:10918000C83C002010B5F8F723FA000000B583B002
:1091900002E0D0231B069B6DD0231B061B6DDB0753
:1091A000F7D4D0231B06FF221A6500230193114B2D
:1091B0001968EFF3108372B60A68002AFCD0BFF377
:1091C0005F8F0D480168002202600A480068BFF303
:1091D0005F8F026083F31088084B186801AA00F0C3
:1091E0005BFB019B002B03D0054B802252051A60CC
:1091F00003B000BDC43C0020A49902200C9A0220B8
:1092000004ED00E070B504000D00F9F79DFA241A92
:109210008D41200029000A4A01235B4280185941F0
:10922000002906DC01D0002070BDFA239B00984283
:10923000F9D3FA2292000023F9F74CFFF4E7C04675
:1092400018FCFFFF10B5031F802464041C60043B5E
:109250001960044B01000C390B600300203B1A60BD
:10926000403810BD85910210044B802252051A60CF
:10927000BFF34F8FBFF36F8F7047C04604ED00E020
:1092800072B6044A136801331360BFF34F8FBFF304
:109290006F8F7047A099022010B5094B1B68002BF7
:1092A00006D0013B064A1360002B00D162B610BD08
:1092B000044B054ADC210548FF31FCF72FFAC04674
:1092C000A099022098AD031088DF031038AD031079
:1092D000EFF3108072B6704780F31088704700007B
:1092E00010B5FFF7F5FF040001F04CFD002803D096
:1092F000034B802252051A602000FFF7EDFF10BDDE
:1093000004ED00E010B5094C00232360084A136007
:109310000520F9F7A7FBFA218900F9F7B5FE013816
:10932000044B18600723236010BDC04610E000E026
:1093300018E000E014E000E010B51F4B1968FF22B0
:1093400012040A431A601968FF2212060A431A60BF
:109350001A490E20FFF79CFE19490F20FFF798FECF
:1093600018490B20FFF794FEFFF7CCFF164B0022A5
:109370001A60D0231B061C68144A1470FF221A6559
:1093800002E0D0231B069B6DD0231B061B6DDB0761
:10939000F7D40F34FF212000F8F778FC0C492000A7
:1093A000F8F778FA01212000F8F73CFAFFF798FE69
:1093B00001F07AFEFFF7E6FE20ED00E021910210B9
:1093C000E1920210D5900210A09902207815002099
:1093D0008D91021010B5094B1B78D022120610682F
:1093E000834200D010BDEFF30583002B02D05B0059
:1093F000C018F7E702F0FEF9F4E7C0467815002040
:1094000010B582B00300EFF30582D2B2002A12D168
:109410000268002A16D01C480478D0200006006894
:10942000844215D0BFF35F8F0023136081F310884F
:1094300020BF02B010BD154B154AF921154889000F
:10944000FCF76CF9144B124A12481449FCF766F900
:10945000BFF35F8F0020106081F31088104A1068FE
:109460001B68104A9446634499100A005C2B00D98B
:10947000183A0121914001235B420093002301220D
:1094800000F028F9D5E7C04678150020ACAD0310F0
:1094900064DF031038AD031018AE0310E5030000BD
:1094A0000C9A022000FFFF2F10B582B00A0003685B
:1094B0002C498C46634499100C005C2B01D9183957
:1094C0000C000121A140284B1C78D0231B061B68EF
:1094D0009C4220D040BF0468244B1B689C423BD078
:1094E0001C68002CFCD0BFF35F8F214C23680B431A
:1094F00023601E4B1B68BFF35F8F002119600023A0
:10950000D02109064B650168BFF35F8F0B6082F3C2
:10951000108802B010BD40BF0368BFF35F8F00200A
:10952000186082F31088EFF30583DBB2002B04D1BF
:10953000104B186800F05EF9EBE7002301930D4B28
:10954000186801AA00F0A8F9019B002BE1D00A4B92
:10955000802252051A60DCE7054C23680B43236028
:10956000CDE7C04600FFFF2F78150020C43C002047
:10957000A49902200C9A022004ED00E0F0B583B01B
:1095800005000F0016001C00EFF30583DBB2002B73
:1095900015D10368002B18D02C4A1178D02212065E
:1095A0001268914217D0BFF35F8F00221A6087F3D1
:1095B000108830002100F8F7C1FF03B0F0BD244B44
:1095C000244A25482549FCF7A9F8254B214A224879
:1095D0002449FCF7A3F830002100FFF713FE031E17
:1095E00025D02A68BFF35F8F0021116087F31088B0
:1095F0001D4A10682A681D498C46624491100D006E
:109600005C2A01D918390D000121A94000930023DB
:10961000012200F05FF8164B5B6A9C420FD8144A97
:10962000926AB2420FD29C4209D00120C5E72B6852
:10963000BFF35F8F00221A6087F31088EBE7FFF714
:1096400013FE0020B9E70120B7E7C04678150020D7
:10965000ACAD03102CDF031038AD03104A0400003A
:1096600018AE03104B0400000C9A022000FFFF2FDD
:109670000040054010B5F8F709F8054B9C466044DA
:109680008000044B186000F018F8034B186010BD00
:1096900040000034C43C00200C9A0220002A03D170
:1096A000014206D1100003E00840884203D00020A8
:1096B00070470120FCE70120FAE710B51C2002F0FA
:1096C0007FFF041E03D0002308C000F0F1F8200043
:1096D00010BD0000F0B5C64600B506000D0017002D
:1096E000984600282FD080235B04994232D200296B
:1096F00037D002F085F8002802D1069B002B37D125
:1097000001F02CFB3468424629002000FFF7C6FF19
:10971000002834D0002F48D02300AB43336000230F
:10972000069301F0EDFB069B002B08D000283FD0EC
:1097300002F006FA040083013DD52402240A200029
:1097400080BCB846F0BD254B254A48212548FF314D
:10975000FBF7E4FF244B224AA42122484900FBF7EF
:10976000DDFF224B1E4A4A211E48FF31FBF7D6FF80
:109770001F4B1B4AA6211B484900FBF7CFFF069B46
:10978000002BCED0002F0DD100214346002B02D05C
:109790008023DB0419432943301D069A01F082FD22
:1097A0000024BEE780214904EFE700230693B8E7D1
:1097B000FFF75AFDBCE7FFF763FD34684246290016
:1097C0002000FFF76BFF002804D0002F02D02300F9
:1097D000AB433360FFF760FDAFE7C0462CAE03102C
:1097E000B0DF031038AE031084AE0310BCAE03101C
:1097F000D4AE0310F8B504000D0000280DD080236E
:109800005B0499420FD206000C3601F0A7FA2069DA
:1098100023682B432360002717E0174B174A18488B
:109820001849FBF77BFF184B144A15481749FBF7FB
:1098300075FF21681940994206D111E02368802103
:109840008904194301F01EFE2800B0420CD045687F
:10985000026813021B0A5101EBD421680B42F3D0BA
:10986000D201EBD51F43E9E72368BB43236001F036
:1098700047FB2068F8BDC0462CAE03109CDF0310E8
:1098800038AE03103202000028AF0310330200008C
:1098900010B5FFF7AFFF10BD10B51300034C0A0061
:1098A0000100200002F0EAFC10BDC04691980210B1
:1098B000030008334360012252428260C3600361A7
:1098C00000230360704700230361704743684B60C7
:1098D0009A688A6051609960086103680133036087
:1098E000704730B50D686B1C10D0030008331C00A6
:1098F0005B681A68AA42FAD963684B6099608C6009
:109900006160086103680133036030BD0469F3E7F7
:109910000369416882688A60416851605A6882427E
:1099200005D000220261186801381860704782680B
:109930005A60F6E70300406A002803D01B6B1B68DF
:109940002020C01A704710B50400FFF799FCA26BE5
:10995000E36B9A4204D00024FFF79EFC200010BD68
:109960000124F9E710B50400FFF78AFCA36B002B74
:1099700004D10124FFF790FC200010BD0024F9E77A
:1099800070B504001500866B026C002A0CD10368C8
:10999000002B03D000200136A66370BD806801F063
:1099A0009BFF0023A360F6E7002D0DD14068FAF776
:1099B00043FD6368226C9B186360A26893421AD3CC
:1099C000236863602800E6E7C068FAF735FDE368BE
:1099D000226C51429B1AE3602268934202D2A36830
:1099E0005B18E360022D01D00020D4E7002E04D0E4
:1099F000013E0020CFE72800CDE70020CBE710B5DF
:109A0000030008001A6C002A0AD0DC68A418DC6085
:109A100099688C4201D31968D960D968FAF70CFDAE
:109A200010BD000070B582B00190846C002C0AD08B
:109A3000A26BE36B9A420CD2A26B93420FD8002523
:109A4000280002B070BD194B194A1A481A49FBF791
:109A500065FE1A4B164A17481949FBF75FFE452366
:109A6000E65C76B2002201A92000FFF789FF05001D
:109A7000731C0AD1636A002BE2D02000243001F06D
:109A800081FC0028DCD00125DAE701F075F9864277
:109A9000D6D27F2E04D0013676B24523E654CFE7E6
:109AA000084B034A03480849FBF738FE5CAF031034
:109AB00044E0031070AF0310F80C0000B4AF0310C3
:109AC000F90C0000FCAF0310190D000070B5050083
:109AD000FFF7D6FB4523EC5C64B20AE06B6A002B0F
:109AE00017D02800243001F04DFC00280ED1013C95
:109AF00064B2002C0DDDAB6C002BEFD02800FFF71B
:109B000091FF0028F3D001F09FFDF0E701F09CFDEC
:109B1000EDE74523FF22EA54FFF7BEFBFFF7B0FB5A
:109B20004423EC5C64B201E0013C64B2002C0BDD28
:109B30002B69002B08D02800103001F023FC0028EE
:109B4000F2D001F081FDEFE74423FF22EA54FFF752
:109B5000A3FB70BDF8B504000D0000282AD0C26B2D
:109B6000002A51D0036C0026110C1F0C002935D19E
:109B7000391E26D1002E47D1FFF782FB2268E36B06
:109B8000206C010059435118A1600021A16362605B
:109B9000013B4343D218E260FF234422A354013225
:109BA000A354002D27D12369002B1BD1FFF774FB91
:109BB0000120F8BD184B194A38211948FF31FBF72D
:109BC000ADFD101C92B29BB2534380B289B24143A7
:109BD0001B0CC918090CCDD00126CBE7180CFBD102
:109BE000181CEFE72000103001F0CCFB0028DDD07E
:109BF000FFF73AFBDAE720001030FFF759FE2000AC
:109C00002430FFF755FED1E7064B044AB62104483D
:109C10004900FBF783FDC04620B0031088E0031025
:109C200070AF031028B0031070B51D00049C00290C
:109C30000BD12460E063216401212000FFF78AFF3B
:109C40005023E5540023A36470BD2260F2E70000B6
:109C5000F0B583B004000D00170000282ED00022BC
:109C6000030C080C002B25D1031E16D1002A25D188
:109C7000280060430300553320D8543002F0A0FC84
:109C8000061E07D00200543200903B00290020003D
:109C9000FFF7CAFF300003B0F0BD201CA6B2A9B286
:109CA000714380B29BB24343090C5B181B0CDDD09F
:109CB0000122DBE7290CFBD1281CEFE7024B034A0A
:109CC00003480449FBF72AFD4CB0031074E003106D
:109CD00070AF03102A020000F0B585B004000F0039
:109CE00001921E00002813D0002917D0022E02D1A5
:109CF000E36B012B1BD101F083FD051E1ED1019BDF
:109D0000002B5CD04E4B4F4A4F485049FBF706FDA5
:109D10004F4B4C4A4C484F49FBF700FD036C002B5E
:109D2000E4D04D4B474A48484C49FBF7F7FC4C4BB5
:109D3000444AEE2144488900FBF7F0FC00253EE050
:109D4000A56B320039002000FFF71AFEA36C002B30
:109D500010D0022E01D1002D04D12000FFF762FEA9
:109D6000002804D1FFF798FA012005B0F0BDFFF7F5
:109D70007BFAF7E7636A002B04D10028F2D0FFF7E3
:109D800073FAEFE72000243001F0FCFA0028E9D054
:109D9000FFF76AFAE6E7FFF77FFA0020E5E702A897
:109DA00001F0EAFB013517E00022E2541FE0002237
:109DB000E25421E02000FFF789FE01F0A1F8FFF74F
:109DC0005FFAA26BE36B9A42BAD3022EB8D0019B22
:109DD000002BE0D0002DE2D0FFF75EFA00F0BEFFCE
:109DE000FFF74EFA4423E25C52B20132DCD0452345
:109DF000E25C52B20132DAD0FFF74EFA01A902A8B2
:109E000001F0C6FB002813D12000FFF79CFD0028BD
:109E1000D0D001992000103001F026FA2000FFF781
:109E200055FE01F06DF80028C9D1FFF71DFAC6E70D
:109E30002000FFF74BFE01F063F8002095E7C046D5
:109E4000D4AE031060E0031070AF0310BB0300003A
:109E500020B00310B603000058B00310B703000091
:109E6000B0B0031010B5002807D000238360036052
:109E7000C36000220021FFF72FFF10BD10B50200C4
:109E800000210120FFF7E4FE0400FFF7EBFF2000B4
:109E900010BD0000F0B5D646474680B583B004003B
:109EA0000F0001921D00002819D000291ED0022D9C
:109EB00002D1E36B012B22D1FFF70AFA8046A26B95
:109EC000E36B9A4221D3022D1FD000244046FFF7B6
:109ED00003FA200003B0C0BCBA46B046F0BD334B15
:109EE000334A92213348C900FBF718FC036C002B5E
:109EF000DDD0314B2E4A2F483049FBF70FFC304B59
:109F00002B4A2C482F49FBF709FC4523E65C76B227
:109F1000A36B9A462A0039002000FFF731FD731C1D
:109F200025D1A36C002B10D0022D02D15346002B5B
:109F30002FD12000FFF776FD00282CD0019A002AAF
:109F40002BD0012313600124C0E7636A002B01D1E9
:109F50000124BBE72000243001F014FA00281ED0B1
:109F6000019A002A1DD0012313600124AEE700F0FE
:109F700003FF864217D27F2E05D0013676B24523E5
:109F8000E6540124A2E7104B094A0A480F49FBF79F
:109F9000C5FB01249AE7012498E7012496E70124F0
:109FA00094E7012492E7012490E7C04620B0031013
:109FB00028E0031070AF031058B0031091040000A4
:109FC000B0B0031092040000FCAF03101E050000A7
:109FD000F8B504000D00002821D0036C002B25D11A
:109FE0000368002B28D0FFF773F90600A36BE26B20
:109FF0009A424DD94522A75C7FB20133A3637B1CF3
:10A0000034D1A36C002B20D02000FFF70BFD0028DB
:10A0100044D0002D44D001232B60012439E0244B8F
:10A02000244AA8212448C900FBF778FB234B214A86
:10A0300021482349FBF772FB8368002BD3D0214BC7
:10A040001C4A1D482049FBF769FB636A002B01D1BC
:10A0500001241EE02000243001F094F9002821D0D2
:10A06000002D21D001232B60012412E000F084FE9A
:10A0700087421BD27F2F05D001377FB24523E7549B
:10A08000012406E0114B0B4A0B481149FBF746FB34
:10A0900000243000FFF720F92000F8BD0124F8E784
:10A0A0000124F6E70124F4E70124F2E70124F0E7B4
:10A0B00020B0031014E0031070AF031000B10310C0
:10A0C000440500001CB1031049050000FCAF03105B
:10A0D000CB050000F0B585B004000E000192002809
:10A0E0000ED0002912D001F08BFB051E17D1019B69
:10A0F000002B4ED0434B444A44484549FBF70EFBE6
:10A10000444B414A41484449FBF708FB036C002B90
:10A11000E9D0424B3C4A3D484149FBF7FFFA002554
:10A1200037E031002000FFF76AFC013FA763236995
:10A13000002B04D1FFF7B0F8012005B0F0BD2000DE
:10A14000103001F01FF90028F4D0FFF78DF8F1E787
:10A15000FFF7A2F80020F0E702A801F00DFA0135A0
:10A1600021E044230022E25428E045230022E25467
:10A1700029E02000FFF7AAFC00F0C2FE09E0200061
:10A18000FFF7A4FC00F0BCFE2000FFF7EBFB00286B
:10A1900035D1FFF775F8A76B002FC2D1019B002BBB
:10A1A000D6D0002DD8D0FFF777F800F0D7FDFFF715
:10A1B00067F84423E35C5BB20133D2D04523E35C10
:10A1C0005BB20133D1D0FFF767F801A902A801F013
:10A1D000DFF90028D3D12000FFF7C4FB0028C8D046
:10A1E00001992000243001F03FF82000FFF76EFCB9
:10A1F00000F086FE0028CCD1FFF736F8C9E7002032
:10A200009BE7C046D4AE031004E0031070AF031008
:10A21000F205000080B10310E90500008CB10310C5
:10A22000ED05000070B584B0041E01910BD0036CE5
:10A23000002B0ED101F0E4FA061E16D1019B002B73
:10A240000DD1050058E0514B514A52485249FBF795
:10A2500065FA524B4E4A4F485149FBF75FFA514B52
:10A260004B4A4C485049FBF759FA0025002643E079
:10A27000013BA3632368002B07D02369002B08D17F
:10A28000FFF70AF8012004B070BD01F065FCA06082
:10A29000F3E72000103001F075F80028F0D0FEF749
:10A2A000E3FFEDE7FEF7F8FF0020ECE702A801F07E
:10A2B00063F901362AE044230022E25431E04523C9
:10A2C0000022E25432E0FEF7DBFFA06801F0AAFAB8
:10A2D0000500FEF7E1FF39E02000FFF7F7FB00F093
:10A2E0000FFE09E02000FFF7F1FB00F009FE20005F
:10A2F000FFF738FB002838D1FEF7C2FFA36B002B15
:10A30000B6D1019B002BCDD0002ECFD0FEF7C4FFDD
:10A3100000F024FDFEF7B4FF4423E35C5BB201339D
:10A32000C9D04523E35C5BB20133C8D0FEF7B4FF6C
:10A3300001A902A801F02CF90028D3D12000FFF7D1
:10A3400011FB0028C8D02368002BBCD00199200045
:10A35000243000F089FF2000FFF7B8FB00F0D0FDAB
:10A360000028C9D1FEF780FFC6E7002D01D10020EB
:10A3700089E7FEF785FF2000FFF7DCFA0100A068FF
:10A3800001F00AFBFEF788FFF1E7C04680B1031039
:10A39000F0DF031070AF03108206000000B103105D
:10A3A00086060000D4AE03108B060000F0B5C6464A
:10A3B00000B582B004000D000192002819D00029D8
:10A3C0001DD0FEF785FF0700A66B002E40D044236A
:10A3D000E35C5BB2984629002000FFF710FB013ECA
:10A3E000A6634346013320D12369002B10D10124F9
:10A3F0002FE01F4B1F4A20482049FBF78FF9036CC1
:10A40000002BDED01E4B1B4A1B481E49FBF786F96A
:10A410002000103000F0B6FF002822D0019A002A58
:10A4200021D001231360012413E000F0A5FC804536
:10A430001BD243467F2B05D001335BB24422A35489
:10A44000012406E0104B0B4A0B481049FBF766F954
:10A4500000243800FEF740FF200002B080BCB84660
:10A46000F0BD0124F5E70124F3E70124F1E7C0463C
:10A4700020B00310D8DF031070AF0310FD070000F9
:10A48000E8B10310FE0700003CB2031044080000CE
:10A4900070B5002804D0002922D00024002209E051
:10A4A000104B114A11481249FBF738F9114BEC18BF
:10A4B00014E00132072A0FD80E4BD5005B195B68F8
:10A4C0008342F3D0002CF4D10A4BD500EB58002B7B
:10A4D000EFD1084BEC18ECE7002C01D02160606054
:10A4E00070BDC04660B20310C4DF031070AF03102C
:10A4F000C90B0000489A022070B504000D00160038
:10A50000FEF7BEFE4423E35C5BB201330DD045236E
:10A51000E35C5BB201330CD0FEF7BEFEA36B002BF5
:10A520000BD02000FFF7D2FA70BD44230022E25482
:10A53000EDE745230022E254EEE72000243032000C
:10A54000290000F0EFFEECE7002803DB814202DC8B
:10A55000481E00E000207047002301E00130013375
:10A560000278A52AFAD0980870470000084B1B68AB
:10A570001B68002B04D1074B012252421A6070471E
:10A58000034B1B68DB681A68024B1A60F7E7C0468A
:10A59000D03C0020209A022010B5002805D0426946
:10A5A000114B9A4207D0002010BD104B104A1148A1
:10A5B0001149FBF7B3F8836A104A934210D0002B7D
:10A5C00009D00020F0E7C218C532FF321278012A04
:10A5D00008D0013300E00023002BF4DD0120E3E785
:10A5E0000020E1E70020DFE7949A022068B2031020
:10A5F00048E2031070B20310DE0C0000349A02200F
:10A60000F8B5DE46574680B582460E0015009B46DB
:10A610000A9C206B9200A521F9F708FF276B364BA7
:10A620009C466544AD007F19072297436764002E5E
:10A630000DD000250F2D07D8725D631934331A70C1
:10A64000002A01D00135F5E743230022E254089B9C
:10A650001F2B4BD8089BE3622365201DFFF733F9BE
:10A6600020001830FFF72FF924612023089A9B1A45
:10A67000A361646220008030A02252000021F9F71B
:10A68000D5FE1E4B8422A350190068310432A1501C
:10A69000D0330432A35023001933FF3301200021AB
:10A6A0001860596090235B00154AE2520233154A44
:10A6B000E2520233144AE2520233144AE2520233A3
:10A6C000134AE25202330522E25202330632E252C8
:10A6D0005A4651463800FEF7B5FD2060099B002B15
:10A6E00000D01C60C0BCBB46B246F8BD094B0A4A4C
:10A6F0000A480B49FBF712F8FFFFFF3F203000200C
:10A700000E330000CDABFFFF341200006DE6FFFFFB
:10A71000ECDEFFFFB4B20310ACE2031070B2031022
:10A7200066070000F0B587B00490059116001F0081
:10A73000900001F045FF051E1FD0E420400001F00D
:10A740003FFF041E15D0E42252000021F9F76EFEEF
:10A7500025630023039302940D9B01930C9B0093AC
:10A760003B00320005990498FFF74AFF200007B02C
:10A77000F0BD280001F0F0FFF8E70400F6E7000064
:10A7800070B5002407E0A3001B1998000E4BC018F9
:10A79000FFF78EF801341F2CF5D90C4D2800FFF778
:10A7A00087F80B4C2000FFF783F80A48FFF780F882
:10A7B0000948FFF77DF80948FFF77AF8084B1D6054
:10A7C000084B1C6070BDC046E03C0020E4990220AC
:10A7D000F8990220349A0220A89A0220949A022022
:10A7E000D03C0020D83C002010B50400FEF748FD06
:10A7F000284A136801331360274B1B68002B0CD0C9
:10A80000264B1B68002B0DD1234B1B68DA6AE36AC9
:10A810009A4207D8204B1C6004E01F4B1C60136851
:10A82000012B31D01E4A136801331360A364E16A1F
:10A830001C4B1B68994201D91A4B19601A4A8B00AC
:10A840005B189B00D3185B68A3609868E060211DCB
:10A8500041609960E06A8300191889008918616174
:10A8600019188900895801311B189B009950FEF76F
:10A8700013FD0A4B1B68002B05D0074B1B68DA6AD7
:10A88000E36A9A4203D310BDFFF77AFFCAE7FEF7E7
:10A89000EBFCF8E7A8990220C83C0020889A022027
:10A8A000B4990220B8990220E03C002010B50400C1
:10A8B000803009F097F9206B01F04EFF200001F085
:10A8C0004BFF10BD10B514E0FEF7DAFC0B4BDB6854
:10A8D000DC68201DFFF71CF8094A1368013B136070
:10A8E000084A1368013B1360FEF7D6FC2000FFF70F
:10A8F000DDFF044B1B68002BE6D110BDA89A022097
:10A90000A8990220AC99022010B5FFF7DBFF034B9A
:10A910001B68012BF9D9FEF7A7FCF6E7E03C002005
:10A92000F0B583B004000191214B1E68214B1F68D4
:10A93000214B1D68214B1968C622FF320020885424
:10A9400018680430FEF7E4FF631C0DD034191B4B6C
:10A950001B685C60A6421ED9184B19680431280098
:10A96000FEF7BFFF03B0F0BD019B002BEED0144AF1
:10A970005168124B1868816018688C68C460186848
:10A98000043060601868043088601B685A6113687E
:10A9900001331360E6E7094B196804313800FEF70C
:10A9A000A0FF084B1B68A342DCD9064B1C60D9E70B
:10A9B000BC9A0220D03C0020D83C0020C83C00209B
:10A9C000949A0220209A022010B5040009F06AF936
:10A9D000200009F077F902E02023235401300E28EB
:10A9E000FAD920180023037010BD10B582B0059C61
:10A9F0000194049C0094FFF795FE002804D0FFF713
:10AA0000F3FE012002B010BD01204042FAE7000031
:10AA100010B586B000230F2B17DC0F4AD25C02A9B9
:10AA2000CA54002A11D00133F5E780220B48A30055
:10AA30000B495B18019300230093D20002A9FFF792
:10AA4000D4FF002805D0013401E000240120002CAF
:10AA5000EBDD06B010BDC046C4B2031009A9021058
:10AA6000149A0220F0B5C64600B5041E1FD0244B30
:10AA70001B68834235D0FEF703FC6569A66A214B4B
:10AA80001F68214B1B689846FEF706FC1F4B9E4231
:10AA90002BD0BD422BD045452BD01D4B9D420CD019
:10AAA0001C4B9D4229D0002D19D001201AE01A4BD1
:10AAB0001A4A1B481B49FAF731FEA36A002B09D03A
:10AAC00002200FE0E218C532FF321278012A12D0BC
:10AAD000013300E00023002BF4DD032002E004201A
:10AAE00000E0002080BCB846F0BD0120FAE702205B
:10AAF000F8E70220F6E70220F4E70420F2E7C04678
:10AB0000C83C0020D03C0020D83C0020349A0220D1
:10AB1000949A0220A89A0220E8B2031090E203104F
:10AB200070B20310C209000010B50400FEF7A8FBC4
:10AB3000002C04D0E46AFEF7AFFB200010BD014BEF
:10AB40001C68F7E7C83C002070B504000D001F2901
:10AB500012D8FEF795FB002C14D0236D9D4230D007
:10AB600013D9304A1268A2422ED02E4A1268D26AF5
:10AB7000AA422BD300260DE02B4B2C4A2C482D4902
:10AB8000FAF7CCFD274B1C68E7E7264A1268A24279
:10AB90001ED00026E26A934201D0954200D9E562B8
:10ABA0002565A369002B02DB20235B1BA361616980
:10ABB00093009B189B00204A9B1899420AD0002EB4
:10ABC0002CD1FEF769FB70BD0026E3E70126E1E723
:10ABD0000126DFE7251D2800FEF79AFEE16A174BE4
:10ABE0001B68994201D9154B1960134A8B005B18F9
:10ABF0009B00D3185B68A3609968E1604D609D601D
:10AC0000E06A8300191889008918616119188900A0
:10AC1000895801311B189B009950D0E7FEF724FB9F
:10AC2000CFE7C046C83C0020F0B203107CE203101E
:10AC300070B20310DC0A0000E03C0020B89902204A
:10AC400070B5041E0DD0204B1B68834208D0FEF760
:10AC500017FB2000FFF7A0FC002808D1FEF71CFB23
:10AC600070BD1A4B1A4A1B481B49FAF757FD251DA0
:10AC70002800FEF74DFEE16A184B1B68994201D986
:10AC8000164B1960164A8B005B189B00D3185B6843
:10AC9000A3609968E1604D609D60E06A83001918C7
:10ACA00089008918616119188900895801311B18B8
:10ACB0009B009950044B1B68DA6AE36A9A42CDD232
:10ACC000FEF7D2FACAE7C046C83C002004B303101E
:10ACD00060E2031070B20310220D0000B899022048
:10ACE000E03C002010B5FFF793FE012804D00130AE
:10ACF00019D0104B1B6810BD01F094FA0128F6D151
:10AD000072B60D4B1B6880330C4A13600C4B01224A
:10AD100052421A600B4B02321A600B4B00221A602F
:10AD2000FEF70AFBE5E7094B094A0A480A49FAF720
:10AD3000F5FCC046C4E20310C83C0020081B0020FC
:10AD4000209A0220889A0220BC9A022014B3031091
:10AD500034E2031070B20310AD0E0000024A136813
:10AD6000013313607047C046B0990220014B186848
:10AD70007047C046BC9A0220014B18687047C04615
:10AD8000A8990220F8B54F4B1B68002B00D093E028
:10AD90004D4B1E6801361E60002E10D14B4B1B68B8
:10ADA0001B68002B21D1494A1168494B1868106073
:10ADB0001960484A136801331360FFF7D7FB464B0D
:10ADC0001B68B34217D90020444B1B68D96A444A18
:10ADD0008B005B1899008B58012B00D90120414B47
:10ADE0001B68002B6DD001206BE03F4B3F4A404871
:10ADF0004049FAF793FC002033E0374B01225242DE
:10AE00001A60E1E7344B1A60DEE7D96851603EE032
:10AE100000219962116801391160DA6A36490968BE
:10AE20008A4201D934490A602D499400A418A2002D
:10AE30008A1852689A609468DC6065609560DC6A84
:10AE4000A2001719BD006D185D61BD006D58013578
:10AE5000BC006550DA6A214B1B68DB6A9A4200D954
:10AE600001201A4B1B681B68002BC6D0174B1B68B0
:10AE7000DB68DB685A689642C4D35A699C68D96813
:10AE8000A1609C684C6051681D1DA942BDD0002185
:10AE900059611168013911609A6A002ABDD0DC69D4
:10AEA000196AA160DC694C605468190018318C4241
:10AEB000AED1196A5160ABE7104A136801331360D1
:10AEC0000020F8BDB0990220BC9A0220D03C00209E
:10AED000D83C0020249A0220209A0220C83C00205E
:10AEE000E03C0020C89A022028B3031010E20310AF
:10AEF00070B2031063120000B8990220309A022049
:10AF000010B5FEF7BDF94A4B1B68002B0DD0484B1E
:10AF10001A68013A1A601B68002B00D082E0454B8A
:10AF20001B68002B0DD100247DE0434B434A44486D
:10AF30004449FAF7F3FB196A516015E0D96851608A
:10AF400021E00023404A1268002A4AD03E4BDB68C9
:10AF5000DB689A6AD869196A8160D8694860506864
:10AF6000190018318842E6D0002199621168013930
:10AF700011605A699868D96881609868486051681A
:10AF80001C1DA142DAD000215961116801391160FC
:10AF9000D86A2E4A1268904201D92C4A10602C4976
:10AFA0008200121892008A1852689A609068D860DD
:10AFB00044609460DC6AA200101980004018586157
:10AFC0001019800040580130121992005050D96A6F
:10AFD000204A1268D26A9142B4D91F4A01211160F5
:10AFE000B0E7002B01D0FFF7C1FA1C4B1C68002C06
:10AFF0000CD1194B1C68002C15D0164B1B68FEF7A2
:10B0000033F901240FE0013C002C07D0FFF7BAFE12
:10B010000028F8D0104B01221A60F4E70F4B0022F1
:10B020001A60E6E70024FEF737F9200010BDC0469D
:10B03000B0990220A8990220A0B3031024E20310C3
:10B0400070B203108F0F0000349A0220B8990220CA
:10B05000E03C0020C83C0020C89A0220309A022020
:10B0600010B5041E0DD0FFF779FE0B4B1B68012BAA
:10B070000AD100212000FFF753FCFFF741FF002811
:10B0800001D1FEF7F1F810BD044B054A992105489E
:10B090000901FAF743FBC046B0990220E8B3031058
:10B0A000A0E2031070B2031010B52E4B1B68002BEA
:10B0B00003D02D4B01221A6010BD2B4B00221A60C9
:10B0C0002A4B1B681B6B1968294A914202D15968A7
:10B0D000914212D0254B196834311868E1F7A0FB72
:10B0E000244B1B6824499A00D21890004258002A29
:10B0F00011D1002B09D0013BF4E799689142E9D1C5
:10B10000DA681B4B9A42E5D1EAE71C4B1C4A1D4802
:10B110001D49FAF703FB08009900CC18A200821819
:10B12000546864685460C9188A000832121894423E
:10B1300010D0114A9900C918880012185268D168B5
:10B140000A4A11600B490B601368136880330F4A79
:10B150001360B1E702009900C91888001218D1687D
:10B160005160E6E7B0990220C89A0220C83C00204E
:10B17000A5A5A5A5B8990220E03C002004B40310C1
:10B18000FCE1031070B20310FE130000081B002046
:10B1900070B50400FEF774F8002C1CD0251D2800A3
:10B1A000FEF7B6FBA36A002B03D020001830FEF791
:10B1B000AFFB24482900FEF789FB0023002B0DDD9F
:10B1C000FEF76AF8204B1B68002B15D11F4B1B683C
:10B1D000A34218D070BD1D4B1C68DFE7E218C532D2
:10B1E000FF321278012A01D00133E7E7E218C532B5
:10B1F000FF3200211170F7E7FEF742F8FFF7B6F9CA
:10B20000FEF74AF8E2E7104B1B68002B0CD0104BFE
:10B210001B68002B02D1FEF727F8DBE70D4B0E4A27
:10B220000E480F49FAF77AFA064B1B680D4A126866
:10B230009A4203D1054B00221A60CBE7FFF734FF97
:10B24000C8E7C046949A0220889A0220C83C002091
:10B25000B0990220CCB203106CE2031070B203105C
:10B26000AA0C0000A899022010B50C00002809D0F3
:10B27000074B19681831FEF734FB01212000FFF756
:10B280004FFB10BD034B044A04480549FAF746FA40
:10B29000C83C002014B40310E4E1031070B20310A2
:10B2A0008414000070B503001000002B1ED0154A56
:10B2B0001268002A20D0144C2568802212060A4306
:10B2C000AA615A682168CA61216895680D6221687F
:10B2D00018316960216818319160226893621A6898
:10B2E00001321A600121FFF71BFB70BD074B084AB2
:10B2F00008480949FAF712FA084B054A054808496F
:10B30000FAF70CFAB0990220C83C002014B40310DC
:10B31000C4E1031070B20310A214000020B40310A3
:10B32000A614000070B5030008001100002B18D00F
:10B330005A680F4C2568EA61256896682E62256870
:10B3400018357560256818359560226893621A680B
:10B3500001321A60002901D001204042FFF7E0FAD3
:10B3600070BD044B044A05480549FAF7D7F9C046B1
:10B37000C83C002014B40310A4E1031070B2031001
:10B38000C214000010B5C368DB68002B4CD09A6A69
:10B39000D869196A8160D869486051681800183006
:10B3A000814247D0002199621168013911602B4A0E
:10B3B0001268002A44D15A699868D96881609868EF
:10B3C000486051681C1DA14237D0002159611168A5
:10B3D00001391160D86A224A1268904201D9204A84
:10B3E000106020498200121892008A1852689A60F0
:10B3F0009068D86044609460DC6AA20010198000F4
:10B4000040185861101980004058013012199200FC
:10B410005050DA6A144B1B68DB6A9A421CD9134BF2
:10B4200001221A60012010BD114B124A1248134923
:10B43000FAF774F9196A5160B4E7D9685160C4E742
:10B440000F4A5168D9618C681C62606088609A629A
:10B45000116801311160DCE70020E4E7B0990220B7
:10B46000B8990220E03C0020C83C0020C89A022085
:10B470004CB4031088E1031070B20310F9140000FB
:10B48000349A022010B5314B1B68002B4CD080231E
:10B490001B060B430360C368002B4BD00269446852
:10B4A0008168A16044684C605168814248D00021A5
:10B4B00001611168013911605A699868D968816021
:10B4C0009868486051681C1DA1423CD00021596118
:10B4D000116801391160D86A1D4A1268904201D979
:10B4E0001B4A10601B498200121892008A18526889
:10B4F0009A609068D86044609460DC6AA200101979
:10B50000800040185861101980004058013012190D
:10B5100092005050DA6A104B1B68DB6A9A4202D9DB
:10B520000E4B01221A6010BD0D4B0E4A0E480F49FA
:10B53000FAF7F4F80E4B0B4A0B480E49FAF7EEF8FF
:10B5400081685160B3E7D9685160BFE7B0990220C4
:10B55000B8990220E03C0020C83C0020C89A022094
:10B5600020B4031064E1031070B20310471500000B
:10B570004CB4031052150000034B1B680360034BCF
:10B580001B6843607047C046249A0220BC9A022080
:10B59000F8B504000D00002819D000291DD0FDF7D2
:10B5A0006FFE204B1A686368D61A1F490868C621C7
:10B5B000FF31415C002916D01B4B1A68C623FF33AC
:10B5C0000021D1540124FDF767FE2000F8BD174B80
:10B5D000174A18481849FAF7A1F8184B144A1548A1
:10B5E0001749FAF79BF82968481C18D027681548AE
:10B5F0000068874205D0934203D800232B600124C2
:10B60000E1E7B14203D800232B600124DBE79B1A5A
:10B610005B182B602000FFF7AFFF0024D3E7002466
:10B62000D1E7C046BC9A0220C83C00205CB403109D
:10B630004CE1031070B20310A915000068B40310A8
:10B64000AA150000249A0220014B01221A607047BB
:10B65000C89A022070B504000D001600002827D0FB
:10B660002C60220034326A60E26A2A61226BEA614D
:10B6700022682A62626C6A62A26CAA60226D6A61A8
:10B680000022AA61052B34D01F4A1268A24212D0B0
:10B690002B73032B12D0FDF7F3FDA26A1B4B9A42CA
:10B6A00024D0FDF7F9FD002E28D10023AB6270BD38
:10B6B000154A1468D4E700232B73F4E7FFF74EFB19
:10B6C000A36A002B07D002232B73FFF719FCE2E7D4
:10B6D00002232B73F9E70023002BF6DCE218C532B6
:10B6E000FF321278012AF3D00133F5E701232B73DF
:10B6F000D7E72000FFF7B6F92873D4E7206BFEF7F1
:10B700002BFFA862D3E7C046C83C0020349A022031
:10B71000F0B5C64600B506001700082398468844D1
:10B720000D68002D0ED0CC68002509E0E0682C21C2
:10B73000694371183B000122FFF78CFF01356468F3
:10B740004445F3D1280080BCB846F0BDF8B50600EA
:10B750000C001700FFF702FB204B1B68A34237D8F1
:10B7600020240025013C2C2068433018A100091931
:10B7700089001B4BC9180122FFF7CAFF2D18002CA6
:10B78000F0D12C34200068433018164B196802227F
:10B79000FFF7BEFF4519200068433018124B1968A7
:10B7A0000222FFF7B5FF45192000684330180F4902
:10B7B0000422FFF7ADFF45196C4330190C490322F1
:10B7C000FFF7A6FF4519002F03D000233B6000E0E0
:10B7D0000025FFF795FB2800F8BDC046A899022078
:10B7E000E03C0020D03C0020D83C0020A89A022059
:10B7F000949A0220014B18687047C046C83C00204C
:10B80000064B1B68002B07D0054B1B68002B01D093
:10B81000002002E0022000E001207047889A022008
:10B82000B099022070B5041E4CD0C26A274B1B6829
:10B83000DB6A9A423ED28369002B05DB234B1B68EF
:10B84000D96A20235B1A8361616993009B189B006E
:10B850001F4A9B18994205D01C4B1B68DB6AE362A8
:10B86000012030E0251D2800FEF752F8174B1B6819
:10B87000D96AE162174B1B68994201D9154B1960CF
:10B88000134A8B005B189B00D3185B68A360996810
:10B89000E1604D609D60E06A830019188900891895
:10B8A000616119188900895801311B189B00995052
:10B8B000012008E0026D054B1B68DB6A9A4203D346
:10B8C000002000E0002070BD0120FCE7C83C002003
:10B8D000E03C0020B899022070B5041E45D0254BED
:10B8E0001B6883420CD1436D002B0FD0013B436595
:10B8F000C16A026D91423AD0002B0DD0002070BD7C
:10B900001D4B1E4A1E481F49F9F708FF1E4B1B4AD4
:10B910001B481E49F9F702FF051D2800FDF7F8FF37
:10B92000216DE16220235B1AA361194B1B689942C8
:10B9300001D9174B1960174A8B005B189B00D3186D
:10B940005B68A3609968E1604D609D60E06A830078
:10B9500019188900891861611918890089580131FD
:10B960001B189B0099500120C9E70020C7E7002061
:10B97000C5E7C046C83C002078B4031034E103108A
:10B9800070B203102C1A000090B403102D1A00009E
:10B99000B8990220E03C002070B5041E0BD0426D27
:10B9A000002A09D0036D8B4200D20B00E16A994254
:10B9B00001D0012A06D070BD214B224A22482349DA
:10B9C000F9F7ACFE224A1268A24232D0E362A269C1
:10B9D000002A02DB2022D31AA36162698B005B1864
:10B9E0009B001C495B189A42E5D1251D2800FDF7F4
:10B9F0008FFFE16A184B1B68994201D9164B1960F9
:10BA0000144A8B005B189B00D3185B68A36099688D
:10BA1000E1604D609D60E06A830019188900891813
:10BA2000616119188900895801311B189B009950D0
:10BA3000C1E70A4B034A04480949F9F76FFEC046BB
:10BA400090B4031010E1031070B203108A1A0000C2
:10BA5000C83C0020E03C0020B8990220A8B40310A4
:10BA6000A51A0000F0B5DE4657464E464546E0B5FD
:10BA700087B006008846002303702E4B1C681B68A5
:10BA80002C20584300F09CFD824600284BD0002219
:10BA90002100FFF75BFE05900027002524E05823D6
:10BAA0009B462B00103343453AD861683000FEF7BF
:10BAB0008BFF06000F354346013BAB4230D943466E
:10BAC0005B1B99462369A16AA0681B4A02900191F9
:10BAD00000935B4649463000F9F7A2FD4946FEF760
:10BAE00033FD2D1836180137059B9F4218D22C24A0
:10BAF0007C435444237B042B0CD89B000F4AD3581F
:10BB00009F4642239B46CCE753239B46C9E74423E9
:10BB10009B46C6E700239B46C3E752239B46C0E7EC
:10BB2000504600F019FE07B0F0BCBB46B246A9462D
:10BB3000A046F0BDA8990220C0B403109CE00310F9
:10BB4000044B1A6890691A68D16A1A6820235B1A34
:10BB500093617047C83C0020034B1868002802D04E
:10BB6000436D013343657047C83C0020F8B50400BD
:10BB70000F0015001E00002842D1FFF7EFF8FDF777
:10BB80007FFB304B1A681219C532FF321378022B33
:10BB90003CD02C490868230070339B001A58BA43E4
:10BBA0001A500A681219C532FF3201231370069B1E
:10BBB000002B2FD1FDF770FB0027FFF7A1F9012F14
:10BBC00030D0FDF75DFB002E06D01E4B1A68230017
:10BBD00070339B009B5833601A4B1B681B19C5338D
:10BBE000FF331B78022B22D00025164B1B681B1934
:10BBF000C533FF3300221A70FDF74EFB2800F8BD55
:10BC0000114B124A12481349F9F788FDFDF744FB1E
:10BC10000027D2E7FDF740FB01210698FEF780FEE2
:10BC20000127CAE70028CCD1FDF71EFBC9E7054B69
:10BC30001968230070339B005A58AA435A500125B3
:10BC4000D3E7C046C83C0020D0B40310F8E003108E
:10BC500070B20310331E0000F8B504000D0016008A
:10BC60001F00002919D100281DD0FDF709FB069BF4
:10BC7000002B05D02B0070339B001B59069A1360D4
:10BC80006319C533FF331A78D2B202211970042F19
:10BC90002BD8BB003E49CB589F463E4B3E4A3F48BF
:10BCA0003F49F9F73BFD3F4B3B4A3C483E49F9F7DA
:10BCB00035FD7035AD002B5933432B51012A1ED071
:10BCC0000124FDF7E9FA2000F8BD7035AD002B59CD
:10BCD00001332B51F2E77035AD002E51EEE7022A09
:10BCE00053D07035AD002E51E8E7304B1B68002B68
:10BCF000E4D02F4B284A29482E49F9F70FFD6369F4
:10BD0000A168E2688A60A16851605A68201D824279
:10BD10002ED0002262611A68013A1A60E16A264B4D
:10BD20001B68994201D9244B1960244A8B005B1887
:10BD30009B00D3185B68A3609968E16048609860D5
:10BD4000E06A83001918890089186161191889004F
:10BD5000895801311B189B009950A36A002B0AD106
:10BD6000174B1B68DA6AE36A9A420AD30124A8E7F0
:10BD7000E2685A60CDE7134B074A08481249F9F7C1
:10BD8000CDFCFDF771FA01249BE7002499E7C0463A
:10BD9000B0E00310E4B40310E4E0031070B2031049
:10BDA000A81E0000F8B40310A91E0000BC9A0220CF
:10BDB00008B50310DE1E0000B8990220E03C002008
:10BDC000C83C002028B50310ED1E000070B504002B
:10BDD0000D001600002855D0002959D1FDF778FA3A
:10BDE0006319C533FF331A78022119707035AD001D
:10BDF0002B5901332B51012A41D1A36A002B4DD17C
:10BE0000324B1B68002B52D16369A168E2688A60DB
:10BE1000A16851605A68251DAA4245D0002262617E
:10BE20001A68013A1A60E16A294B1B68994201D9E4
:10BE3000274B1960274A8B005B189B00D3185B685F
:10BE4000A3609968E1604D609D60E56AAB00591997
:10BE500089008918616159198900895801315B1974
:10BE60009B009950E26A1C4B1B68DB6A9A4206D918
:10BE7000002E01D001233360184B01221A60FDF718
:10BE80002BFA70BD164B174A17481849F9F746FCAC
:10BE9000174B144A14481749F9F740FC164B114A3E
:10BEA00011481649F9F73AFCE2685A60B6E7144BB4
:10BEB0005A68E261956825622100183169609160D5
:10BEC000A3621A6801321A60CCE7C046B09902201A
:10BED000B8990220E03C0020C83C0020C89A02200B
:10BEE000F8B40310C4E0031070B20310C41F0000C4
:10BEF000E4B40310C51F000028B50310EE1F0000B6
:10BF0000349A0220074B1A681368002B06D10133BC
:10BF10000360002B04D1D368186870470023F7E74B
:10BF20000020FAE7CC3C002010B54160006191424E
:10BF30000CD8D21A83699A4201D3012010BD011D89
:10BF4000094B1868FDF7CDFC0020F7E79A4201D2B3
:10BF5000994206D2011D054B1868FDF7C2FC00206E
:10BF6000ECE70120EAE7C046DC3C0020CC3C0020A6
:10BF700070B504000D00160004E0A369ED18236AF3
:10BF800020009847A16949192B0032002000FFF7D3
:10BF9000CBFF0028F1D170BD70B505000E000C4B31
:10BFA0001B68DB68DC68201DFDF7B2FC2823E35C1E
:10BFB0005A0707D4012293432732A354236A20004F
:10BFC000984770BD320029002000FFF7D1FFF5E748
:10BFD000CC3C002010B505E0DB681868012149421F
:10BFE000FFF7DAFF054B1B681A68002AF4D1034AF1
:10BFF0000349086810600B6010BDC046CC3C0020AF
:10C00000DC3C002070B50500FEF7B0FE0400074BD5
:10C010001B68834205D800232B60044B1C60200062
:10C0200070BDFFF7D7FF01232B60F6E7189A0220B7
:10C0300070B582B004000D00FEF790FE01A8FFF776
:10C04000E1FF0600019B002B22D1002D14D1A0425C
:10C050000BD2A11B104B18682A00FEF74DFAFEF711
:10C060004FFF002811D002B070BDFEF749FF31002C
:10C070002000FFF791FFF6E7084A12681268002ACD
:10C0800001D10125E5E71D00E3E7FDF7EDF8EAE75B
:10C09000FEF736FFE7E7C046C09A0220DC3C0020EE
:10C0A00030B587B01022002102A8F8F7BFF902E0EE
:10C0B000029B002B0FDA384B1868002202A9FEF70A
:10C0C00009F8002865D0029B002BF1DA039A049846
:10C0D00005999047ECE7049C6369002B02D0201D72
:10C0E000FDF716FC01A8FFF78DFF0500029909294D
:10C0F000E1D88900294B5B589F462822A35C012187
:10C100000B43A354039BA169591802002000FFF7B9
:10C110000BFF0028CFD02823E35C5A0707D4012265
:10C1200093432732A354236A20009847C3E7039917
:10C13000A369C9182A002000FFF71AFFF3E7282295
:10C14000A35C01218B43A354B5E72822A35C012102
:10C150000B43A3540399A161002906D009180300D9
:10C1600002002000FFF7E0FEA5E70D4B0D4A8231EB
:10C170000D48C900F9F7D2FA2823E35C9A0704D5E1
:10C18000012293432732A35495E7200000F0E4FAFC
:10C1900091E707B030BDC046C09A0220C8E2031044
:10C1A00068B50310F0E2031090B5031000B583B03A
:10C1B00001A8FFF7A7FE0199FFF73AFFFFF770FF0D
:10C1C000F6E7000070B5FDF75BF8104B1B68002B1D
:10C1D00002D0FDF761F870BD0D4D2800FDF768FB3A
:10C1E0000C4C2000FDF764FB0B4B1D600B4B1C60DF
:10C1F000002210210A20FDF72BFD044B18600028B7
:10C20000E7D00749FEF744F9E3E7C046C09A0220A9
:10C21000BC990220D0990220CC3C0020DC3C0020BC
:10C22000D4B5031000B583B0FFF7CCFF0C4B1B68EF
:10C23000002B0ED080220B490B480C4B01931F237F
:10C24000009300239200FEF7D0FB002801D003B03A
:10C2500000BD074B074AA32107484900F9F75EFADA
:10C26000C09A0220DCB50310ADC10210C49A0220AE
:10C27000E4B503100CE3031090B5031030B585B09E
:10C280000D0014001A00694602235B4200930190DE
:10C2900002950394034B18680023FDF7FBFD05B0DE
:10C2A00030BDC046C09A022010B5F5F797F90400DA
:10C2B000054B1B68002B03D02000F5F79BF910BD40
:10C2C0000148F5F79DFDF7E7843C0020F8B5040030
:10C2D00016001F00F6F738FA80197941002908DAAC
:10C2E00001204042104904E0002300E00023002B1D
:10C2F00018D1D0231B061B6D9B070DD40B4B5B6A1B
:10C300009942F3D8094DAD6A854203D29942EBD0E8
:10C310000123ECE70123EAE7D0231B065C6540BF5D
:10C320000120F8BD0020FCE7FFFFFF7F0040054033
:10C3300070B504000D001600F6F706FA24184D41FA
:10C34000002D0CDBD0231B061B6DDB070BD420005C
:10C350002900F6F7F3F80028F4D0002008E00124C3
:10C360006442044DEEE7D0231B069B6D3360012031
:10C3700070BDC046FFFFFF7FF0B5CE46474680B593
:10C3800083B0060014001D00D0231B061B680F227B
:10C39000914699444846F5F72BFA8046002801D18A
:10C3A000002706E000214846F5F73CFAF8E7002FA1
:10C3B0001FD1F6F7C9F922002B00121A8B41002B6E
:10C3C00017DB3000FFF782FFF6F7BEF922002B00E3
:10C3D000121A8B411000191E0BDB0023019301AAD6
:10C3E000FFF7A6FF002804D0019BB342DFD107006E
:10C3F000DDE74346002B05D1380003B0C0BCB94689
:10C40000B046F0BD01214846F5F70CFAF4E700000C
:10C4100070B506000D00164B1B68002B19D0144890
:10C4200032000B0009F08CF9041E10D0114B1B7860
:10C43000002B15D032002B000F48FFF79DFF041E84
:10C4400002D00C4B00221A70094809F021F9200093
:10C4500070BD0A4B0A4A9A210A484900F9F75EF969
:10C46000094B074A9C2107484900F9F757F9C0468C
:10C47000843C0020FA9A0220E17C578C54B60310C9
:10C4800024E3031004B603107CB6031070B5FFF765
:10C490000BFFD0231B061C6825000F35054928001B
:10C4A000F5F7F8F901212800F5F7BCF9024B012254
:10C4B0001A5570BDED0D00208C3C002070B50400B5
:10C4C0000D00F6F741F900196941002902DBFFF779
:10C4D0009FFF70BD012040420049F8E7FFFFFF7F4A
:10C4E000104A53071BD0D11D0723994396239B0263
:10C4F0005B1A9B180A000C48026000214160D318A7
:10C50000083B072083430948036059601960991A62
:10C5100051601360064B1960064B196070479623F3
:10C520009B02E8E78C4100208C9A0220D43C00203A
:10C530001C9A0220109A022010B51A4B19001B6891
:10C540008342FBD3174A914205D0174A91420FD339
:10C55000164A91420CD84A688C1884420FD042681F
:10C560008418A34210D00360884200D0086010BD38
:10C570000F4B104A802110488900F9F7CFF8406826
:10C5800012184A600800EAE70C4C2468A34206D05F
:10C590005B68D21842600B681B680360E4E70460C4
:10C5A000E2E7C0468C9A02208C4100208B99022041
:10C5B00090B6031048E303100CB70310D43C0020DE
:10C5C000F8B5041E10D0030009330CD80834072333
:10C5D0001A002240234207D001339B1A093AA24293
:10C5E00027D3E41800E00024FEF7B8FB4C4B1B688F
:10C5F000002B20D0002C21DB29D04A4B1868A04208
:10C6000029D3494B1A68494B9A4228D3484B9A423E
:10C6100025D845495368A3422DD21368002B2AD050
:10C6200042498B4221D31100414A93421DD81A003E
:10C63000F0E70024D8E7FFF753FFDBE7FEF760FCE5
:10C640000025E0F7F3F86B0763D12800F8BDFEF78B
:10C6500057FC0025F5E7FEF753FC0025F1E7354BC5
:10C66000354A3648F621F9F759F8324B324A334801
:10C67000FC21F9F753F82A4B1B68934230D00D6820
:10C6800008352A4B9D422FD3294B9D422CD8136845
:10C690000B605368A3422ED31B1B102B07D916190E
:10C6A00077072FD1736054600B6833600E60516858
:10C6B000401A1C4B1860224B1B68984201D2204B39
:10C6C000186080231B060B435360002313601D4A30
:10C6D000136801331360FEF713FC002DB3D1B0E7EC
:10C6E000FEF70EFC0025ACE7174B134A83211348D5
:10C6F0004900F9F713F8154B0F4A87210F484900F5
:10C70000F9F70CF8124B0C4A18210C48FF31F9F7D5
:10C7100005F8104B084A5E210848FF31F8F7FEFF84
:10C72000D43C0020109A02208C9A02208C410020D8
:10C730008B99022060B7031070E303100CB703104D
:10C740001C9A0220289A0220D4B703104CB8031078
:10C7500080B80310B4B8031070B5002826D00500C7
:10C76000083D1D4B9D4222D31C4B9D421FD8030008
:10C77000083B5B68002B21DA0200083A1268002AA5
:10C7800023D1083804005B005B084360FEF7E6FA3B
:10C790006168134A13685B1813602800FFF7CCFE2A
:10C7A000104A136801331360FEF7AAFB70BD0E4BED
:10C7B0000E4AB8210E484900F8F7B0FF0D4B0B4A5E
:10C7C00072210B48FF31F8F7A9FF0B4B074AB9213B
:10C7D00007484900F8F7A2FF8C4100208B990220FE
:10C7E000109A02202C9A0220F0B8031064E3031080
:10C7F0000CB7031064B90310D8B9031010B5F7F7DC
:10C80000CFFD10BD10B5F7F7F9FD10BD7F2801D899
:10C8100080B2704780235B02984215D2B623FF3363
:10C8200099420FD00020F4E701339BB27F2B04D84C
:10C830005A0006498A5A8242F6D180331800FF23F3
:10C840001840E6E70023F1E70020E2E754E6031092
:10C850007F2804D9B623FF33994201D000207047C6
:10C86000FF2806D8044B9C4660444000034B185AEE
:10C87000F5E70020F3E7C04680FFFF7F54E6031092
:10C88000F0B580235B02984227D286B280235B01F9
:10C890009E4201D2204B02E0204B00E02B001A8880
:10C8A000002A19D0964217D31D1D59880C0AFF2360
:10C8B0000B400104090C9F18B94204DB002CEDD198
:10C8C0005B00EB18EBE7082C06D8A400144B1B59AF
:10C8D0009F46891A49006E5A3000F0BDB21A0123F2
:10C8E0001340F61AB6B2F7E7103EB6B2F4E7203EB0
:10C8F000B6B2F1E7303EB6B2EEE71A3EB6B2EBE7BB
:10C900000836B6B2E8E7503EB6B2E5E7054B9C46BE
:10C910006644B6B2E0E7C04660E40310A4E3031047
:10C9200080E30310A0E3FFFF437800781B02184365
:10C9300070470200C3781B0281780B4318025378BA
:10C94000184300021378184370470300C1790902A5
:10C9500082791143090242791143090202790A439B
:10C96000090E1202C0781043120E09021143000290
:10C970009A780243000E09020143120258781043CC
:10C98000120E0902114300021B7818437047017010
:10C99000090A4170704701700B0A43700B0C8370D9
:10C9A000090EC17070470270110A4170110C81703C
:10C9B000120EC27003711A0A42711A0C82711B0E98
:10C9C000C3717047002070470020704770B50500A4
:10C9D00003685C1C1B7818005AB2002A01DB2C602B
:10C9E00070BD1F2219009143C0290DD00F221900DC
:10C9F0009143E02935D0072219009143F02934D121
:10CA000007201840032102E01F201840012122784E
:10CA100001343F2316009E433300802E28D180012D
:10CA2000413B1340184301390029F0D17F2822D916
:10CA300080221201144BC31893421FD388235B0337
:10CA400098421ED280235B029842C8D30F4BC31872
:10CA50009B010F4A13408005800D03430D48184386
:10CA6000BDE70F2018400221D1E701204042B7E77F
:10CA700001204042B4E701204042B1E7012040429A
:10CA8000AEE701204042ABE70028FFFF0000FFFFB8
:10CA90000000FF0300DC00D810B57F2805D8002A6D
:10CAA00000D16CE00870012010BD80231B0198426A
:10CAB00012D2012A01D80020F6E783091F221A406A
:10CAC00040235B4213430B703F22024080235B42B2
:10CAD00013434B700220E7E780235B0298421CD28D
:10CAE000022A4ED9802212012A4BC318934201D246
:10CAF0000020D9E7030B0F221A4020235B42134387
:10CB00000B7083093F2423408022524213434B7011
:10CB1000044022438A700320C6E7032A33D9030C5A
:10CB20001B04A0229205944663449B090004000C58
:10CB3000194A9446604480225203934225D28022AF
:10CB4000D200904223D2034380225202944663448F
:10CB50009A0C072010401022524202430A701C0B0C
:10CB60003F2004408022524214434C709C090440F0
:10CB700014438C7018400243CA70042094E71000DC
:10CB800092E7002090E700208EE700208CE700204D
:10CB90008AE7C0460028FFFF0024FFFF30B50025CC
:10CBA000002301E0012501330F2B15D8184A1C0181
:10CBB000A258002AF6D00468A242F4D1144A1C01FB
:10CBC0001219546882689442EDD1114A1C0112195D
:10CBD0009468026B9442E6D1102B0BD0002915D13A
:10CBE0000B4A1B01D218D26880235B009A420BD0FB
:10CBF000002030BD002D05D1022901D01220F8E718
:10CC00000020F6E70020F4E71020F2E71020F0E71C
:10CC1000C027002000200F2806D8054B0201D3585A
:10CC2000002B01D00130F6E71038431E98417047C1
:10CC3000C027002030B50400002000E001300F289C
:10CC400013D8254B0201D25823689A42F6D1224BC1
:10CC500002019B185A68A3689A42EFD11E4B020149
:10CC60009B189A68236B9A42E8D110282AD0002991
:10CC700005DD194B02019B18DB68002B29D1002927
:10CC800022D1154B02019B18DA680132124B0101C7
:10CC90005B18DA60013030BD01300F2804D80E4B2C
:10CCA0000201D358002BF7D1102810D025680A4B69
:10CCB0000201D550A5689B185D60226B9A60002226
:10CCC000DA60D4E70020E8E780225200DEE70020A7
:10CCD000E1E70020DFE7C046C027002001380F2829
:10CCE00018D80E4B02019B18DB6880225200934239
:10CCF00003D0002B08D0013B00E00023074A0101CC
:10CD00005218D360002B07D1044B00010022C250FF
:10CD1000002070470220FCE70020FAE7C02700202F
:10CD200010B5002303E0064A00248C5001330F2B7A
:10CD300005D8034A19018A588242F7D1F3E710BD9A
:10CD4000C027002070B50300881EDA6A023A8242CA
:10CD500009D91C6D5D6D5A8900230021F7F7F6F89B
:10CD60000019694170BD00200021FBE770B505681E
:10CD7000C46D0434D905500A0843590A6A8900234E
:10CD8000F6F7C0F9020001E0121A08342068002802
:10CD900003D08242F8D26068801870BD70B506007A
:10CDA0000C0008001A30FFF7BFFD05003378032B95
:10CDB00000D070BD20001430FFF7B6FD00042843FA
:10CDC000F7E770B506000C00150091B220001A308C
:10CDD000FFF7DDFD3378032B00D070BD290C200058
:10CDE0001430FFF7D4FDF8E7F0B5C64600B580462D
:10CDF0000E0008001A30FFF797FD00282CD1337879
:10CE000040229343013B5D00ED18AD00ED18012772
:10CE1000002403E0174A904224D101340C2C0ED890
:10CE2000154B185D3018FFF77FFD002FF2D0FF2D56
:10CE300016D86B004246D05207000135EDE7337833
:10CE40005B0611D5002F11D0FF2D11D86D00454480
:10CE500000222A80012000E0002080BCB846F0BDFE
:10CE60000020FAE70020F8E70120F6E70120F4E7C8
:10CE70000020F2E7FFFF0000D4E70310F8B5CE462C
:10CE8000474680B580460F0091464B730F23CB7207
:10CE900000230B7308001A300021FFF778FD4B4682
:10CEA000013B5E00F618B600F6180024002502E0EB
:10CEB00001350C2D10D8124B9C4203D07300424612
:10CEC000D45A01360F4B585D38182100FFF75FFD2B
:10CED000002CEDD10A4CEBE7094B9C4204D07600C4
:10CEE0004346F35A002B04D140234A461A43D3B297
:10CEF00099464B463B70C0BCB946B046F8BDC046EB
:10CF0000FFFF0000D4E7031010B501000B24002040
:10CF10004308C0010343DBB20A7801319B18D8B241
:10CF2000013C002CF4D110BD30B505004178013131
:10CF300049010020002301E0013301338B4209D273
:10CF4000022BF9D04208C003024392B2EC5C1219E2
:10CF500090B2F2E730BD70B505000C0000693430C6
:10CF6000FFF7E7FCA06028693830FFF7EEFC20618E
:10CF700061612A692123D25C1F3B1340E3710023C6
:10CF8000E36170BD10B501000068002823D00200E5
:10CF9000137801321F2B01D93A2BF9D13A2B02D049
:10CFA0000E4B187810BD03781C00303CE4B2092CFD
:10CFB0000ED80230904202D001204042F2E7303BCE
:10CFC0001800012B02DD01204042EBE70A60E9E78F
:10CFD00001204042E6E701204042E3E7D29A0220E6
:10CFE00010B501220AE000235840012303405B42B0
:10CFF000064C2340400858405200D2B2002A03D0C9
:10D000001142F0D00123EFE710BDC0462083B8EDF8
:10D0100070B504000D00002818D00368002B17D04D
:10D020001A78002A17D08188DA88914203D0092023
:10D0300000242C6070BD587804F070FB03000122BE
:10D04000100018401A4209D12468F2E70920F0E7DD
:10D050001C000920EDE709200024EAE7092000244C
:10D06000E7E70000F8B505001C490C2206F076FC45
:10D07000061E2FD128000C30FFF75BFC07000200D2
:10D080005C3AD2235B009A4225D80120404200241A
:10D0900003E00021FFF7A4FF0134BC4205D22300C6
:10D0A000103B032BF5D9295DF4E7C4432800103069
:10D0B000FFF73FFC84420ED128005430FFF739FCC3
:10D0C000802808D128005030FFF733FC802802D890
:10D0D000012600E000263000F8BDC046F4E703104A
:10D0E000F0B5C64600B582B004000579002D04D124
:10D0F000280002B080BCB846F0BD68239846804442
:10D10000026E436E407801210091414604F03FFBDE
:10D11000051E1BD100232371206E616E226C636C8F
:10D1200006000F00B61A9F41226B0023BB42DFD1DD
:10D13000B242DDD9E678022EDAD112184B4160787E
:10D1400001210091414604F022FBD1E70125CFE700
:10D15000F0B583B0040015001F00026E436EAA42B2
:10D1600005D1BB4203D10026300003B0F0BD200042
:10D17000FFF7B6FF061EF7D1210068316078012362
:10D1800000932A003B0004F0E9FA002803D001369E
:10D1900001256D422F0025666766E5E770B504003E
:10D1A0000021017101204042C11720666166200004
:10D1B000FFF7CEFF002867D1344BE018FFF7B4FB30
:10D1C0000500334B98420CD06823E35CEB2B12D064
:10D1D000E92B10D0E82B0ED02D4B9D4252D00320CE
:10D1E00070BD200068302B490B2206F0B7FB0028E9
:10D1F000EAD10120F4E7264B9D4239D0200073305C
:10D20000FFF792FB7523E15C431E0342E4D18023C8
:10D210009B009842E0D3DFD80029DDD04B1E0B42A3
:10D22000DAD120007630FFF77FFB0028D4D07823B6
:10D23000E35C013B012BCFD820007930FFF774FB72
:10D240000028C9D020007B30FFF76EFB7F2807D86D
:10D2500020008830FFF76DFB80235B029842BBD330
:10D2600020007E30FFF760FB0028B5D00020B7E734
:10D27000094908222000BA3006F070FB0028BDD111
:10D280000020ADE70220ABE70420A9E7660200001A
:10D2900055AA000000BA03100CBA0310F0B5DE4620
:10D2A00057464E464546E0B589B004000D000022C1
:10D2B0000023FFF773FF022802D05CD8002D5AD05C
:10D2C000464BE35CEE2B01D0002667E001220023F1
:10D2D0002000FFF73DFF002800D079E068239A4640
:10D2E000A2445046FFF7BEFE002800D172E02000A5
:10D2F000B830FFF71EFB83462000B030FFF725FB58
:10D3000000900191002303939946A0462B004D46BF
:10D31000994603E0039B99452DD001355D4529D2FF
:10D32000EC01660A0027009A019B92197B41404656
:10D33000FFF70EFF00284FD1C0235B001C40284997
:10D3400053461819102206F009FB0028E5D1039B6B
:10D3500001330393203420005044FFF7F6FA020013
:10D360000B004046FFF71AFF4B46002BD2D1012895
:10D37000D3D800E0032009B0F0BCBB46B246A946B2
:10D38000A046F0BD200068303301C733FF33C0181A
:10D39000FFF7CFFAB30004AAD0500136032EF1D91B
:10D3A000002D01D06E1E0CE02E000AE000232000AC
:10D3B000FFF7F4FE002DDED10128DCD90136032E63
:10D3C000D9D8B30004AA9A58002AEFD10320F1E774
:10D3D0000420D0E70320CEE70420CCE72A02000097
:10D3E000E4E70310F0B5DE4657464E464546E0B545
:10D3F00089B00D00160000230B60FFF7C3FD002865
:10D4000000DA49E2C84B8000C458002C00D14CE23D
:10D410002C6001239E432378002B0FD0607804F00A
:10D420007DF901231D000540034207D1002E00D1E4
:10D4300033E2400700D430E20A252EE200232370B5
:10D44000607804F076F901231D000540034200D006
:10D450002DE2002E02D0400700D52AE20021200054
:10D46000FFF71CFF042800D125E2012800D924E29F
:10D47000226E636E00920193012800D1E6E0200045
:10D480007330FFF751FA80239B00984200D02CE2C2
:10D4900020007E30FFF748FA061E04D120008C30B1
:10D4A000FFF747FA060026637823E75CE7707B1EE8
:10D4B000DBB2012B00D91AE2774302977523E75CB0
:10D4C0006781002F00D114E27B1E3B4200D012E2A4
:10D4D00020007930FFF728FA81460300049020816C
:10D4E0001B0700D009E220007B30FFF71DFA8046C1
:10D4F000002804D120008830FFF71BFA8046200066
:10D500007630FFF711FA8346002800D1F7E1029A3E
:10D510005A444B461B099BB291469944C84500D2D8
:10D52000EFE143464A469B1A984639001800F5F742
:10D53000ABFDB84500D2E6E17C4B984200D9FBE058
:10D540007B4B984200D951E102239A46F6E0013321
:10D550003F2B04D8E21868321278002AF7D03F2B0C
:10D5600000D8ACE12000D030FFF7DEF980235B006B
:10D57000984200D0A5E12C3BE35C092B00D0A2E14E
:10D580002000B030FFF7E1F9009E019F36184F41AF
:10D590002000BC30FFF7CDF92063D623E35C98462A
:10D5A000E370012B00D090E1D433E35C01229A4078
:10D5B000924693B26381002B00D188E12000C430F1
:10D5C000FFF7B7F981465B4B984200D981E1030030
:10D5D0000233E362009A019BA263E3632000C03040
:10D5E000FFF7A7F90200002300980199801859411C
:10D5F0000A00010002910392216562652300B8339D
:10D600001800FFF796F902000023009801991218FC
:10D610004B412264636453461B041B0C4A465A4325
:10D6200010000021029A039B80185941B94211D879
:10D630000ED02000C830FFF77CF9A0640023E3641B
:10D6400000270026B1462600AA460DE00B237FE7FF
:10D65000B042EED90D2520E1F31968331B78812BF8
:10D660001CD02037FF05FF0D002FF5D173894B45E6
:10D6700000D830E1B16C3000FFF764FB4C46002568
:10D6800002000B0012196B413000FFF761FD00280A
:10D6900000D022E101239C46E144DDE734006836F6
:10D6A000380014303018FFF744F90700012800D87B
:10D6B00015E1E36A834200D813E1226D636D0092A5
:10D6C000019363899C46831E994663464A465343A9
:10D6D00018000021009A019B12184B41A265E365D6
:10D6E000B1462600326C736CFC09002512196B419F
:10D6F0003000FFF72DFD002800D0F4E07F303840E7
:10D7000080004844FFF715F9431C04D00137B842A4
:10D71000E8D00D25C1E03400554601235B42B361DA
:10D72000736105339A4653E0B8270020F5FFFF0FD9
:10D73000F5FF0000FDFFFF7F00239A46784B9842DB
:10D7400057D95346002B00D1DFE0831C9846E36293
:10D75000009A019BA263E363584600218018594157
:10D7600002000B0006920793226463644A4600237A
:10D770000098019912184B41226563655346032BAB
:10D780003AD0049B002B00D1C5E0029A00230698F2
:10D79000079912184B41A264E3645346022B40D010
:10D7A00043465B0043445B08012241460A409B1804
:10D7B0005C4A944663445B0AB34200D9ADE001235E
:10D7C0005B42A3616361813363715346032B2BD0AA
:10D7D00053462370544A138801339BB21380E3806D
:10D7E0000023E3612000FFF79BFA56E003239A46EB
:10D7F000A7E701239A46A8E720009230FFF794F8A4
:10D80000002800D083E0049B002B00D081E02000A2
:10D810009430FFF78EF8A0640023E36443469B0036
:10D82000C6E743465B00C3E720009830FFF77CF86B
:10D830000128CDD101220023009801998018594177
:10D8400002000B002000FFF783FC0028C0D100235A
:10D850006371364BE018FFF767F8354B9842B7D144
:10D8600020006830FFF765F8324B9842B0D193231F
:10D870009B00E018FFF75DF82F4B9842A8D1942346
:10D880009B00E018FFF755F8A06195239B00E01876
:10D89000FFF74FF860619BE70B25280009B0F0BC4B
:10D8A000BB46B246A946A046F0BD0C25F5E70325C8
:10D8B000F3E70A25F1E70125EFE70D25EDE70D2553
:10D8C000EBE70D25E9E70D25E7E70D25E5E70D2554
:10D8D000E3E70D25E1E70D25DFE74546DDE70D250B
:10D8E000DBE70D25D9E74546D7E70D25D5E70D251B
:10D8F000D3E70D25D1E70D25CFE70D25CDE70D2584
:10D90000CBE70D25C9E70D25C7E70D25C5E70D2593
:10D91000C3E70D25C1E70D25BFE70D25BDE7C046CF
:10D92000F50F0000FF010000CC9A02206602000003
:10D9300055AA00005252614172724161F0B5DE4653
:10D9400000B584B0070093468E1EC36A023BB34203
:10D9500000D80026009634000025BA6DFB6D210B1F
:10D960000291002103910298039912184B4138004B
:10D97000FFF7EEFB019000282BD1E308DB05D80D63
:10D980000722224001239340DBB20BE000940025E4
:10D99000A64221D0002B05D1013080239B00984264
:10D9A000DBD201233A18683212781A405B00DBB2EE
:10D9B0000134F96A0239A14203D8019B0024802076
:10D9C0008000002AE2D101355D45E1D100980230A6
:10D9D00003E00120404200E0002004B080BCBB46D0
:10D9E000F0BDF0B5C64600B582B0050017009846F8
:10D9F0008B1E9C46816DC26D0B0014006246100B9D
:10DA00000021C01861416346D608F605F60D0722CD
:10DA1000134001249C40E4B20122002312184B4120
:10DA20000092019302000B002800FFF791FB0028F1
:10DA300002D0012021E00124AB1968331B782200B9
:10DA40001A40511E8A41424516D0AA1968326340D5
:10DA5000137001232B71013F002F0ED06400E4B23C
:10DA6000002CE9D10136013480239B009E42E2D391
:10DA7000009801990026CFE7022002B080BCB8468A
:10DA8000F0BDF0B5D6464F464646C0B504000D0081
:10DA90001600012900D89DE0C36A8B4200D8A0E09F
:10DAA0000378022B00D17DE044D8012B40D14F08F0
:10DAB000BA468A44026C436C5746780A0021121811
:10DAC0004B412000FFF744FB071E00D083E0682392
:10DAD0009946A144673B534498465346DB05DB0D0A
:10DAE0004B440122110029408A462A424FD018781F
:10DAF00032010F2101400A43D2B21A70012323716F
:10DB0000226C636C4546680A002112184B412000C4
:10DB1000FFF71EFB071E5ED1EB05DB0D4B445246A3
:10DB2000002A36D03209D2B21A700123237152E092
:10DB3000022750E0033BDBB2012B54D8026C436C4C
:10DB4000C809002112184B412000FFF701FB071EF6
:10DB500041D12378042B0DD03601360923006833D8
:10DB6000AA00FE2149000A409818FEF7E2FE000FC5
:10DB70000007064320006830AD00FE235B001D4017
:10DB800040193100FEF707FF0123237123E0F2B2B1
:10DB9000B3E71A78300A40B20F2101400F208243C8
:10DBA0000A43C1E7026C436C080A002112184B417A
:10DBB0002000FFF7CDFA071E0DD1200068306B0062
:10DBC000FF2252001340B1B2C018FEF7E0FE01235D
:10DBD000237100E002273800E0BCBA46B146A846EF
:10DBE000F0BD0227F7E70227F5E770B504000E0045
:10DBF000150007E02A00FFF744FF00280DD1E36974
:10DC0000013BE361E369002B06D02068F21A511C46
:10DC1000012BEFD90232EEE7002070BD70B506008F
:10DC2000C379032B01D0002070BD81688469002C6A
:10DC300009D04D1C30682A00FFF723FF0028F3D1DC
:10DC4000013C2900F3E70023F3710020ECE700001A
:10DC5000F8B506000D000468012900D8B3E0E36AB6
:10DC60008B4200D8B1E02378032B76D01AD8012B51
:10DC700044D0022B14D1226C636C080A00211218C4
:10DC80004B412000FFF764FA002800D0A2E068347E
:10DC90006B00FF2252001340E018FEF745FE93E0B0
:10DCA000012091E0042B27D14169006903000B4357
:10DCB00002D0B368002B03D1F379002B00D08FE0A2
:10DCC000B768EF1B01225242D31712184B41D905F6
:10DCD000500A0843590A62890023F5F713FAF379C9
:10DCE000022B50D0032B53D0022B00D17CE0F369E0
:10DCF000002B52D03F4867E0012065E04E087618BF
:10DD0000226C636C700A002112184B412000FFF74F
:10DD10001FFA002802D00120404255E0771CF3058D
:10DD2000DB0DE31868331E78226C636C780A0021DF
:10DD300012184B412000FFF70BFA002847D1FB05D2
:10DD4000DB0DE31868331B781B023343ED0701D565
:10DD5000180939E01B05180D36E0226C636CC80900
:10DD6000002112184B412000FFF7F2F9002834D1AE
:10DD70006834AB00FE2252001340E018FEF7D9FDD4
:10DD80000001000920E08742ACD82BD0681C1BE0C2
:10DD9000B269BA42A8D9681C16E0226C636CE80923
:10DDA000002112184B412000FFF7D2F900281DD1A5
:10DDB0006834AD00FE235B001D406019FEF7B9FD1D
:10DDC0004000400800E00120F8BD0120FCE70120F0
:10DDD0004042F9E701204042F6E701204042F3E7E4
:10DDE0000120F1E70348EFE70120EDE70120404281
:10DDF000EAE7C046FFFFFF7FF0B5D6464F464646EE
:10DE0000C0B50700894603689846002908D14346F3
:10DE10005E69002E14D0DB6AB34212D8012610E0EE
:10DE2000FFF716FF0400012800D8D3E0431C00D1FF
:10DE3000C7E04346DB6A834200D9C2E04E4600E0B9
:10DE4000012643469C69002C00D1BAE01B78042BC4
:10DE500009D04E454FD000239A465346002B00D0A0
:10DE600084E0350078E0012231004046FFF766FD8E
:10DE70000400431E033300D9A3E001230122010063
:10DE80004046FFF7AEFD022800D1A5E0012800D1F1
:10DE9000A4E04B46002B19D10233FB71FB79022B16
:10DEA00000D189E04B460133A3421BD0FB69002B14
:10DEB00001D10133FB61220049463800FFF795FE8E
:10DEC00000287BD10123FB61A2465CE0FB79022B99
:10DED000E4D1731CA342E1D0BB68F31ABB610323F6
:10DEE000FB71DBE7FB69002B03D00133FB61A2462A
:10DEF00047E00223FAE7731C9A464346DB6A534520
:10DF000001D802239A4651463800FFF7A1FE0400CB
:10DF1000012856D0431C54D000289ED043465B694C
:10DF2000012B06D94246D26A9A4205D800239A4666
:10DF300093E700239A4690E71E0000239A468CE759
:10DF400029003800FFF784FE041E0ED0012838D0C7
:10DF5000431C36D0B54246D001354346DB6AAB425E
:10DF6000EED8012E3DD90225EAE7AA460122524207
:10DF700051464046FFF785FD00281FD14B46002B38
:10DF800014D100281AD1434652465A619A69DB6A75
:10DF9000023B9A4202D8013A43469A6143465B7972
:10DFA000012213434246537154460AE05246494601
:10DFB0004046FFF766FDE4E7A246E2E7012806D007
:10DFC00001242000E0BCBA46B146A846F0BD0124B9
:10DFD0006442F6E70124F4E70124F2E701246442F5
:10DFE000EFE75446EDE75446EBE7F0B5CE4600B513
:10DFF00007000D00036899461B78042B31D080235D
:10E000009B03AB424BD9EB064DD13D63BC68002C62
:10E010002AD14B461B78022B03D94B469C6C00231C
:10E02000FB71002C20D16B094A46128993423CD2E5
:10E030004B469A6CDB6CBA63FB637C63BA6BFB6B1D
:10E040001100194339D0680A002112184B41BA63F4
:10E05000FB634B466833ED05ED0D5B193B64002017
:10E060001EE080235B05CCE74B465E897602B54215
:10E070000ED321003800FFF7EBFD0400431C16D03F
:10E08000012816D94B46DB6A834214D9AD1BEEE753
:10E0900021004846FEF756FEB863F963CDE702203B
:10E0A00080BCB946F0BD0220FAE70220F8E7012063
:10E0B000F6E70220F4E70220F2E70220F0E7F0B5ED
:10E0C000CE46474680B583B080460C009146056831
:10E0D000012900D883E0EB6A8B4200D881E0002A56
:10E0E0000DD02B78042B02D1C379022B07D001224B
:10E0F000524249462800FFF7C4FC061E72D1019423
:10E1000011E0002239002800FFF7BBFC061E18D0E2
:10E1100068E07B1CA34203D02B78042B1DD0019414
:10E12000EB6AA34224D9270021004046FFF790FD67
:10E13000041E1DD001285BD0431C5BD02B78042B20
:10E14000DFD1AA69EB6A023B9A42E2D20132AA61AC
:10E150006B79012213436B71DBE701997A1A013263
:10E1600000232800FFF73DFC061E3BD10194D7E7B2
:10E170002B78042B01D0002634E04B46002B03D132
:10E180004246D37100262DE04346DE79002E15D19C
:10E190009C684C450CD021004046FFF759FD0128F2
:10E1A0002AD9431C2AD0631C834201D11C00F0E70A
:10E1B0004C4517D102234246D37113E0032E01D000
:10E1C00000260FE09B684B451AD8424692699B187F
:10E1D0004B4517D302234246D371002602E00226A4
:10E1E00000E00226300003B0C0BCB946B046F0BD26
:10E1F0000226F7E70126F5E70226F3E70126F1E715
:10E200000026EFE70026EDE7F0B5DE464F4646462E
:10E21000C0B586B006000F00FEF762FF002806D0EA
:10E22000012006B0E0BCBB46B146A846F0BD3900AF
:10E230003000FEF787FD04000D0034667566682324
:10E240009B46B3448022920000215846F6F7EEF830
:10E2500077897F0280231B029F4201D380273F02E0
:10E260000023994600E07F0880239B009F4205D948
:10E270003800FEF7C3FA81460028F4D080239B00C3
:10E280009F4201D8002725E03A0000214846F6F7D2
:10E29000CDF87B0A9846002700E047447389BB42CB
:10E2A0000ED9049700230593049A059B12196B411C
:10E2B000707841460091494603F069FA0028ECD095
:10E2C0004846FEF79FFA7089C01B431E9841C0B2B2
:10E2D000A7E701377389BB42F5D90297002303935F
:10E2E000029A039B12196B417078012100915946E3
:10E2F00003F04DFA0028ECD0E5E7F0B5C64600B5CE
:10E3000082B0040001910568066B20362B78042B3F
:10E3100026D080239B03B34203D800220023A263AC
:10E32000E363A26BE36B110019435AD0F105CF0DE3
:10E3300000290CD10120002112184B41A263E36394
:10E34000616B002915D173092A8993420BD2266388
:10E350006835ED192564002002B080BCB846F0BDD8
:10E3600080235B05D7E700220023A263E363033029
:10E37000F2E7730A6A89013A1A42E8D12000FFF7EE
:10E3800067FC8046030001282DD901332DD0EB6AAC
:10E39000834217D8019B002B1DD0616B2000FFF733
:10E3A0002BFD8046031E22D0012822D0013322D02B
:10E3B00001002800FFF728FF00281ED1E37904227E
:10E3C0001343E3714346636341462800FEF7BAFCFA
:10E3D000A063E163BBE700220023A263E3630420A0
:10E3E000BAE70420B8E70220B6E70120B4E7072027
:10E3F000B2E70220B0E70120AEE70120ACE7F8B5B4
:10E4000004000F0006680021FFF7EFFD002823D16C
:10E4100000250FE0236C1B785BB2002B01DA00258E
:10E4200002E00135BD4217D001212000FFF765FF52
:10E43000002811D1A26BE36B3000FEF789FE0028A3
:10E440000AD13378042BE5D0236C1B78E52BE8D078
:10E45000002BE6D00025E7E7042800D0F8BD033004
:10E46000FCE770B504000568066B016D4B1C03D119
:10E470000020002813D070BDFFF7B7FDF9E7226C2C
:10E4800011787B330B40137001232B71236BB34244
:10E4900013D200212000FFF730FF00280DD1A26B1E
:10E4A000E36B2800FEF754FE002806D12B78042BDE
:10E4B000E5D0236CE5221A70E6E70428DBD10238A8
:10E4C000D9E7F0B5C64600B5050000680669AA6B35
:10E4D000EB6BFEF73DFE041E04D1296C0B78852BF7
:10E4E00004D00224200080BCB846F0BD20223000B9
:10E4F000F5F7A2FF737801335F013A00603A802399
:10E500009B009A425DD800212800FFF7F6FE040028
:10E5100004280ED00028E5D1AA6BEB6B2868FEF723
:10E5200017FE041EDED1296C0B78C02B03D0022409
:10E53000D8E70224D6E7300020302022F5F77CFF10
:10E540002323F05C2C300F21F4F79EFD4001B842EC
:10E5500039D84023984606E00224C3E720239C468E
:10E56000E04447451DD900212800FFF7C6FE0400FE
:10E570000428F1D00028B5D1AA6BEB6B2868FEF710
:10E58000E7FD041EAED1296C0B78C12B1DD1A03341
:10E59000FF339845E2D24346F0182022F5F74CFFAE
:10E5A000DCE798239B0098459CD83000FEF7BCFC24
:10E5B0000500B01CFEF7B8F9854200D192E70224AD
:10E5C00090E702248EE702248CE702248AE710B544
:10E5D00004000B6803600B6A83604B6AC3714B6A6B
:10E5E000FF229343002203614261C261896A01658F
:10E5F000FFF7FBFC002800D010BD2000FFF761FFF3
:10E60000FAE7F0B5D6464F464646C0B582B005009B
:10E6100088460668FF2399469A46042407E0852B1E
:10E620002BD000212800FFF768FE041E68D1AA6BDA
:10E63000EB6B1100194363D03000FEF789FD041E17
:10E640005ED1296C0B78002B59D03278042AE6D0A1
:10E65000C87A3F220240AA71E52B47D02E2B48D022
:10E660002020170087433800083807007842784197
:10E6700040450FD0FF239A46D3E72B6B2B6528002C
:10E68000FFF71FFF041E3DD133691A793F23134062
:10E69000AB7135E00F2A1DD15A0606D54A7B91464B
:10E6A000402293432A6B2A659A46534502D0FF23A2
:10E6B0009A46B6E74B7B4B4502D0FF239A46B0E71C
:10E6C000F068FEF791FB002816D05746013FFBB2D9
:10E6D0009A46A6E75346002B04D10800FEF714FC27
:10E6E00048450DD001235B422B6509E0FF239A4684
:10E6F00097E7FF239A4694E7FF239A4691E704247D
:10E70000002C03D000220023AA63EB63200002B098
:10E71000E0BCBA46B146A846F0BD0000F0B583B0F3
:10E72000050016001C000B22F5F786FE052C0ED8FE
:10E7300007271AE001320F2A09D8630001240C4090
:10E740001C194908DB03F5D51E4B5C40F2E7318804
:10E750000029EDD002360022EDE77E1E6B46DA5529
:10E76000012F0DD00F290BD937000F2323401A009A
:10E77000303221002409392AEFD937331A00ECE767
:10E780006B467E229A55002400E00134B44211D237
:10E79000285D20280ED0FEF715F90028F5D0BB1E05
:10E7A000A34207D00134F0E72022631C2A55072B2F
:10E7B00006D81C00072EF7D86B469A5D0136F4E7A1
:10E7C00003B0F0BD21100100F8B5050003681E6913
:10E7D0003000FEF7A9FB0100B01CFEF7D8F87778EF
:10E7E0000137296D2800FFF700FC040005E0203602
:10E7F00000212800FFF781FD0400002C11D1AA6B35
:10E80000EB6B2868FEF7A4FC041E0AD1286C2022BA
:10E810003100F5F711FE2B6801221A71013F002F1C
:10E82000E5D1201C022C00D90220C0B2F8BD0000A6
:10E83000F0B5DE4657464E464546E0B585B0070082
:10E8400089460B6803930368DD68002405E0FE2C0D
:10E8500000D974E16300EE52013403A8FEF7B6F864
:10E86000431C00D169E180235B02984203D363001B
:10E87000020CEA52013486B21F2E0ED92F2E0CD074
:10E880005C2E0AD07F2EE2D80004010CAE4805F0C1
:10E89000EBF80028DBD0062048E11F2E17D8042310
:10E8A0009846039B4A461360012C1ED0022C3CD193
:10E8B000A64BE3185B005B5B2E2B36D1A44BE31811
:10E8C0005B005B5B2E2B30D115E001330393039B80
:10E8D0001A782F2AF9D05C2AF7D01F2A02D90023F0
:10E8E0009846DEE704239846DBE7984BE3185B0085
:10E8F0005B5B2E2BDAD16300EB1800221A80002319
:10E9000004E02021FA184432117001330A2B03D895
:10E91000A342F6D22E21F5E7FB18443320224146CC
:10E9200011431970002001E1013C002C07D0874BF6
:10E93000E3185B00EB5A202BF6D02E2BF4D06300AB
:10E94000EB1800221A80002C00D1FAE0002600E02B
:10E95000013673005B5B202BFAD0002E01D12E2BE9
:10E9600006D1032342461A43D3B2984600E0013C45
:10E97000002C05D0754BE3185B005B5B2E2BF6D1AA
:10E98000380044300B222021F5F750FD08239A4629
:10E9900000239B460093731C99467600AE5B002EC5
:10E9A00036D0202E21D02E2E1DD0D34524D24C453A
:10E9B00022D07F2E60D8002E06D06648310005F0A8
:10E9C00053F8002800D187E0032342461A43D3B20C
:10E9D00098465F265B46FB1844331E704E46012363
:10E9E0009C46E344D7E79C42DFD0032342461A43C8
:10E9F000D3B298464E46CEE753460B2B2CD04C450F
:10EA000004D0032342461A43D3B298464C4529D238
:10EA10004423FB5CE52B77D05346082B78D00C239E
:10EA2000009A13400C2B78D003231340032B74D08F
:10EA300043469B0776D4009BDB0704D51023424650
:10EA40001A43D3B29846009B5B076BD50823424616
:10EA50001A43D3B2984665E0032342461A43D3B221
:10EA60009846D5E7009B9B00DBB2009326000B2362
:10EA70009A46033B9B468EE7022342461343DBB292
:10EA80000193B621FF313000FDF7C0FE06000306FA
:10EA900006D57F230340304AD65C019B98468AE71F
:10EAA000FF2816D95346013B5B450AD9000A5B464D
:10EAB000FB184433187001239C46E344019B98469D
:10EAC00088E7032342461A43D3B298464E46D346BC
:10EAD00061E7019B98466EE73300413B9BB2192BDF
:10EAE00004D80223009A1A43D3B200933300613B47
:10EAF0009BB2192B00D96DE70123009A1A43D3B2B8
:10EB00000093203EB6B265E7A13B0522FA5483E7A5
:10EB1000009B9B00DBB2009381E7022342461A432D
:10EB2000D3B298464F234246FA54002005B0F0BCB9
:10EB3000BB46B246A946A046F0BD0620F6E7062031
:10EB4000F4E70620F2E7C04618BA0310FFFFFF7F84
:10EB5000FEFFFF7F24BA031054E7031070B50024B2
:10EB600012E0FDF78DFE82B26308E40323439BB2FB
:10EB7000FF210840181880B24408C0030443A4B21F
:10EB8000120AA418A4B22800851C00880028E8D125
:10EB9000200070BDF8B5CE46474680B507008846D0
:10EBA00040220021F5F742FC85233B70653BC022E3
:10EBB000FA540125002600239946402419E038190B
:10EBC0002900FDF7E4FE0234E30609D0002DF6D05B
:10EBD00073004246D55A002DF1D00136F6B2EEE769
:10EBE0004B460133DBB272004146525A002A08D02C
:10EBF0009946631CC1223A55FB18023400221A7050
:10EC0000E4E72323FE544B4602337B704046FFF774
:10EC1000A5FF010038002430FDF7B9FEC0BCB9469D
:10EC2000B046F8BDF0B5D646474680B583B08046BD
:10EC30000F0008001A30FDF777FE002837D13A7828
:10EC40003F231340013B5E00F618B600F61801247E
:10EC5000002505E000202BE01C4A90422DD1013513
:10EC60000C2D18D81A4B585D3818FDF75DFE019031
:10EC7000002CF1D0FF2EEDD8FDF702FE0400731C2E
:10EC80009A4676004346F05AFDF7FAFD8442E1D1F8
:10EC9000019C5646E3E73B785B0610D5002C10D06C
:10ECA00076004346F35A002B0DD1012000E00020EE
:10ECB00003B0C0BCBA46B046F0BD0020F8E7012062
:10ECC000F6E70120F4E70020F2E7C046FFFF00006E
:10ECD000D4E70310F8B5DE4657464E464546E0B544
:10ECE000050007680021FFF780F9041E00D0B0E09E
:10ECF0003B78042B07D001235B422B650133FF33A4
:10ED0000994698464CE0F868FFF728FF834627E0CD
:10ED100038694044FDF708FEFDF7B2FD8146FB6807
:10ED200052465200D05AFDF7ABFD814510D1013E4D
:10ED3000F6B202239C46E044013B9C46E244002E8E
:10ED400006D04346DB06E3D102239C46E044DFE7DE
:10ED5000002E05D1FA6853465B009B5A002B78D0F1
:10ED600000212800FFF74DFC041E72D13E693000DF
:10ED70002430FDF7D9FD5845F2D12323F65C00235A
:10ED80009A4640339846DAE701235B422B6501330C
:10ED9000FF33984600212800FFF7AFFA041E58D130
:10EDA000AA6BEB6B3800FEF7D3F9041E51D12E6C21
:10EDB0003278002A4CD0F17A3F230B40AB71E52A20
:10EDC000E2D0090713D50F2BDED14F23EB5C5B0696
:10EDD000E0D4530606D5737B994640239A432B6BA8
:10EDE0002B65904642451FD0FF239846D2E70F2B54
:10EDF000EBD04346002B04D13000FEF785F84845A0
:10EE000027D04F23EB5CDB0707D4290044310B22CA
:10EE1000300004F0A3FD00281BD001235B422B65CA
:10EE20000133FF339846B5E7737B4B4502D0FF2390
:10EE30009846AFE7F8683100FFF7F4FE002804D0E9
:10EE40004346013BDBB29846A4E7FF239846A1E77F
:10EE500004242000F0BCBB46B246A946A046F8BD3B
:10EE600070B598B00400019106680B782F2B06D07E
:10EE70005C2B04D0F369836009E001330193019BAB
:10EE80001A782F2AF9D05C2AF7D00023A360002338
:10EE9000E3613378042B0CD0019B1B781F2B3BD8EC
:10EEA0004F238022E25400212000FFF79EF8050046
:10EEB00048E0A368002BEFD0336A2362736A636271
:10EEC000B36AA362210002A8FFF781FB051E39D1B6
:10EED00030693830FDF72DFD206100236361326910
:10EEE0002133D25C1F3B1340E371D5E75B073DD56F
:10EEF000050027E05B073BD4A379DB063AD53378DE
:10EF0000042B22D031006831236BDB05DB0DC918DF
:10EF10003000FDF743FFA06001A92000FFF788FC47
:10EF2000051E0FD12000FFF7D5FE4F23E35C00281C
:10EF3000E0D0042818D19A06D8D55B07ECD54F232A
:10EF40008022E254280018B070BDA36823622369B0
:10EF5000FF229343E27913436362236DA36221008E
:10EF60003000FDF7F8FFD7E70500EBE70525E9E7F7
:10EF70000500E7E70525E5E7F0B5C64600B59AB018
:10EF80000700036898464F23C65C103332009A434B
:10EF900000D0E9E0002500E001354346DB686A0067
:10EFA000D35A002BF8D143461B78042B1CD03900D0
:10EFB00044310C2217A8F5F73FFAF60779D54F230D
:10EFC0004022FA540126632E6AD838004430434662
:10EFD000DA68330017A9FFF7A1FB3800FFF77AFEC4
:10EFE000041E5DD10136EEE728000E300F21F4F744
:10EFF0004BF80500811C3800FFF701FA041E00D011
:10F00000B3E03B6B01356D015B1B3B65FB795A0738
:10F0100015D504229343FB713800FEF7FFFD00284D
:10F0200001D00400A1E00122796B52423800FEF7C2
:10F03000DCFD002800D09DE0BB68002B05D14346D5
:10F04000D9681869FFF7A6FD8FE039006846FFF719
:10F05000BEFA002801D0040087E03D697E6943467E
:10F0600059894A020023521973413A617B61414632
:10F0700008693830FDF797FC434618693A697B699F
:10F080002830FDF790FCFB794246116901221343B9
:10F0900021228B546846FFF797FB0028CFD0DAE790
:10F0A000642E00D168E0042C5FD117ABDA7A4F23CD
:10F0B000FA5417ABDB7A9B072CD528000C300D21B6
:10F0C000F3F7E2FF451C29003800FFF798F9041E0A
:10F0D0004BD16E1E012D1FD1002C46D1BA6BFB6B9C
:10F0E0004046FEF735F8041E3FD1386C202200213F
:10F0F000F5F79CF9386C390044310B22F5F79CF98F
:10F100004F23F95C3A6C373B0B40137301234246A3
:10F1100013712AE00125D6E7396B7301C91A38004B
:10F12000FEF763FF041E20D138004430FDF7ECFEEB
:10F130000500BA6BFB6B4046FEF70AF8041ECBD104
:10F140004346D868F2B2396C2B00FDF797FE0123D5
:10F150004246137100213800FFF7CFF8041EBBD1DF
:10F16000013E002EE5D1B7E7062420001AB080BC8E
:10F17000B846F0BD0400F8E70724F6E710B5FDF740
:10F1800025FC431C02D0FDF77BFB10BD0020FAE7F5
:10F19000F0B5CE46474680B585B080460191160051
:10F1A0009946FF231F003740334206D001A8FFF7DE
:10F1B000E5FF002847D0013EF3E743461B78002BCC
:10F1C00025D1002E23D001203EE04B46002B40D01D
:10F1D0003A00039B581C039019783F292FD08021B7
:10F1E00049000A435B783F2BF3D02A2BF1D04B46E2
:10F1F000013B0299FFF7CCFF00282CD1029B1D7820
:10F2000001A8FFF7BBFF002E27D0002D19D04346E1
:10F210000393019B0293039B1B783F2BD5D02A2B92
:10F22000D3D003A8FFF7AAFF040002A8FFF7A6FFA8
:10F2300005008442E4D1002CEDD1012004E001322C
:10F24000D0E7002000E0002005B0C0BCB946B046C1
:10F25000F0BD0020F8E70120F6E70020F4E7000009
:10F2600070B582B00400FDF73BFF051E0AD123787C
:10F27000032B0AD060780022002102F0A1FA0028B6
:10F2800000D00125280002B070BD6379012BF1D1B7
:10F29000260068368022920000213000F5F7C6F87B
:10F2A0001549164BE018FDF772FB15493000FDF7C4
:10F2B00072FB93239B00E0181249FDF76CFBA169D8
:10F2C00094239B00E018FDF766FB616995239B0082
:10F2D000E018FDF760FBA06BE16B01220023121820
:10F2E0004B4122666366607801210091310002F093
:10F2F0004EFA00236371BDE755AA000066020000C4
:10F300005252614172724161F0B5D6464F4646464F
:10F31000C0B580460E000368994600238B76836B48
:10F32000C26B134300D113E14B461B78042B36D03C
:10F33000036D013300D192E000270024002574E022
:10F3400043461B04FF22521B290018317118023159
:10F350001843FDF7A1FB00282FD02D180023984655
:10F360004B4618692323C35CBB421FD998239B00DB
:10F370009C421AD2E30600D102340019FDF7D4FAF8
:10F38000023401374346002BDAD1A0239B01C31876
:10F390009BB2802212019342D2D28046E0E700273E
:10F3A0000023984600254024DAE700254346002B39
:10F3B00005D1002D04D02B0006E00500F6E700255E
:10F3C0006B1C75193F22AA76F31800229A76727385
:10F3D0004B461B691B7937321A403273DB0605D462
:10F3E0004B4618693830FDF7B0FA01E000200021E3
:10F3F000306071604B4618690C30FDF795FA7081EA
:10F400004B4618690E30FDF78FFA3081A0E03B04BF
:10F41000FF22121B21001831711802311843FDF729
:10F420003BFB002814D0241800274B46DB686A00F9
:10F43000D05A00280DD00135002FE8D1A0239B0120
:10F44000C3189BB2802212019342E0D20700ECE77E
:10F450000400002F00D0002434190023A3760025D7
:10F46000002399461BE0E03425E00B2D25D87319C5
:10F470002E225A73013520E0B621FF312000FDF71E
:10F48000E7F9002834D00C22521B290008317118EA
:10F490000531FDF701FB00285FD02D18B9464B461A
:10F4A0000A2B26D843461B6C4A46571C9C5C202CD2
:10F4B0001CD0052CD7D0092FD7D0E0B2FDF782FAA7
:10F4C0000028D9D0082FD7D00B2FD5D043461B6C9E
:10F4D000DB5D9A461800FDF777FA0028CCD04F463E
:10F4E00002372402534623439CB2C5E7B946D6E708
:10F4F0000025731900225A73B37E002B0ED1002D04
:10F5000046D16A1C75193F33AB76B2180023937647
:10F5100043461B6C1B7B002B00D1737343461B6C53
:10F52000DA7A3F23134033734346186C1C30FDF7DF
:10F5300000FA3060002373604346186C1630FDF704
:10F54000F3F970814346186C1830FDF7EDF93081FE
:10F55000E0BCBA46B146A846F0BD0500C9E7102593
:10F56000B31898760131013273185B7B002BCCD035
:10F5700018002E2BF3D01C00413CA4B2192CEFD85C
:10F580004446246C247B2542EAD020331800E7E768
:10F59000082500220021E7E7F0B585B00190009131
:10F5A0001500039103A8FDF7EDFC041E20DB114BB1
:10F5B0008200D658002E05D00027D7503000FDF726
:10F5C000AFFB3770019B002B07D05C70019B0022C2
:10F5D0001A70084BA400019AE250002D02D12800B5
:10F5E00005B0F0BD002201A96846FDF7FBFEF7E774
:10F5F0000B20F5E7B8270020F0B5DE4657464E460B
:10F600004546E0B5A3B0050009911700002800D1D8
:10F61000A4E13F26164032000BA909A8FDF7E2FE3F
:10F62000041E09D000232B60200023B0F0BCBB4691
:10F63000B246A946A046F0BD0B9B0C938C20C0009F
:10F64000FDF7DCF88046002800D189E10B9BD860EB
:10F650008022920042441A6109990CA8FFF700FC2D
:10F66000041E0CD10CAA4F23D356002B5EDB3E2187
:10F6700039404B1E99411000FDF790FA04001C23FD
:10F680003B4200D1F9E0002C00D1B6E0042C4FD071
:10F6900008231E43F6B2002C00D054E133074FD5A7
:10F6A0000B980378042B00D1B2E002F0EDF881460C
:10F6B0000CAF1C980E304946FDF76DF91C981630BA
:10F6C0004946FDF768F90B9B9A461C9B9B4619001F
:10F6D0005046FDF763FB814620235A46D3721C999E
:10F6E00000225046FDF76DFB1C981C300021FDF7F1
:10F6F00052F90B9B01221A714A46002A20D05C6EF7
:10F700001B6E02930394002249463800FEF7D7FC93
:10F71000041E00D017E1029A039B0B98FDF718FD19
:10F7200004000B9A4B46013B536109E00624A6E70F
:10F73000FDF770FA00285BD108231E43F6B20E34A1
:10F74000002C00D0FFE0330702D540231E43F6B261
:10F750000B9B1A6E5B6E2A656B650CA8036CAB6520
:10F760000121B14289414942FDF764FAE86200286B
:10F7700000D1F1E00B980378042B00D18BE01C9FA3
:10F780003900FDF70BFBA86038001C30FDF7D1F8FD
:10F79000286100236B610023EB650B9A91462A6078
:10F7A000D288AA803022AE540132AB54002200230A
:10F7B000AA64EB64AA63EB6360239A46AA4480328E
:10F7C000920000215046F4F731FEB60600D4BAE0AC
:10F7D0002E696F6933003B4300D1B4E0AE63EF6341
:10F7E0004B465B895B020293A968A146AB4665E084
:10F7F0000CA8FFF7C1FB04004AE70CAB9B79112270
:10F800001A4200D09EE07F0700D444E708249AE023
:10F8100028602900FDF79FFB0B9B186902301E2210
:10F820000021F4F703FE0B9C206926301A220021E8
:10F83000F4F7FCFD236920221A71246902F024F8F0
:10F84000010020000830FDF7A6F80B9B1A69212360
:10F850000121D1540CA8FEF7B7FF041E73D1A9688B
:10F86000002900D16CE700222800FEF728FC0400E4
:10F87000AB680B9A013B536162E7002C63D10CAB80
:10F880009B79DA0666D4BF0700D459E7DB0700D4BA
:10F8900056E7072457E00CAA0E9B2B62109BFF2112
:10F8A0008B43D1790B436B62209BAB622900FDF740
:10F8B00052FB70E702239946361BAF414B46002BA3
:10F8C00012D1029C0025002F0AD05846FEF7C0F93D
:10F8D00001000128EED9431CEED101239946EBE744
:10F8E000AF4201D1A642F0D84C465D462964002CB7
:10F8F0000ED1F30527D00B9B99461800FDF722FA8D
:10F9000004900591049A059B1100194304D1022427
:10F91000E86AFDF7E3F916E0F905760A31430A00D3
:10F9200000230498059912184B41AA64EB644946D8
:10F93000487801210091514601F010FF002802D0C3
:10F940000134E5E707244046FCF75CFF002C00D1BA
:10F950006AE667E60424F6E70224F4E7092463E68E
:10F96000112461E6F0B5DE4657464E464546E0B501
:10F970008DB004008B461500984600234246136064
:10F980000BA9FDF745FB002800D0E1E03123E05C46
:10F99000002800D0DCE03022A25CD20700D405E1D0
:10F9A00026696769A26BE36BB61A9F41002F00D0EE
:10F9B000F4E0B54200D8F4E035005F46834671E0DC
:10F9C000E16D002903D02000FDF7D0F981E0216C22
:10F9D0002000FEF73DF97CE031230222E2540220B0
:10F9E000B6E031230122E2540230B1E03133022289
:10F9F000E2540220ACE03023E356002B01DB760218
:10FA00003EE0A26CE36C06980799121A8B41002B1A
:10FA1000F5D19642F3D95202B81821006031802204
:10FA20009200F4F709FDEAE7A26CE36C06998A42BA
:10FA300000D194E030216156002900DA94E00B9B5C
:10FA400021006031587801230093069A079B01F04A
:10FA500085FE002800D09CE0069A079BA264E36420
:10FA6000A36BDB05DB0D8026B600F61AB54200D28B
:10FA70002E0021006031C91832003800F4F7DCFC98
:10FA8000AD1B43461B689B1942461360BF19A26B0E
:10FA9000E36B0296002103910298039912184B41DF
:10FAA000A263E363002D00D17EE0A26BE36BD1057E
:10FAB000D6D1D805510A01430B9840890138060078
:10FAC0000E40B24608420BD11100194300D077E72F
:10FAD000A068012800D87FE7431C00D181E720649B
:10FAE0000B9B9946216C1800FDF72CF904900591A9
:10FAF000049A059B110019430B1E00D176E753466B
:10FB0000089300230993089A099B049805991218F1
:10FB10004B41069207936E0A80239B009D4200D2C0
:10FB200082E753469B194A465289934201D953466C
:10FB3000D61A4B4658780096069A079B390001F072
:10FB40000DFE002800D156E731230122E2540120A6
:10FB50000DB0F0BCBB46B246A946A046F0BD079921
:10FB60008B4200D066E777E7210060314846407855
:10FB70000126009601F00BFE002805D13022A15C81
:10FB80007F230B40A3545AE731230122E254012082
:10FB9000DEE731230122E2540120D9E75F468346A4
:10FBA00080E75F4683467DE75846D1E70720CFE7E9
:10FBB000F0B5DE4657464E464546E0B58DB00400EA
:10FBC0000F001600994600234A4613600BA9FDF763
:10FBD0001FFA002860D13123E05C00285CD1013B92
:10FBE000E35C9B0700D42AE10B9B1B78042B00D11C
:10FBF0001AE1A36B9A19934200D817E1DE438346BA
:10FC0000DDE0E16D00294ED02000FDF7AFF80028BF
:10FC100000D10DE101284BD0431C4ED02064A368D5
:10FC2000002B00D1A0603023E356002B4ADB0B9B56
:10FC30009846216C1800FDF785F806900791069A02
:10FC4000079B110019430B1E53D053460893002302
:10FC50000993089A099B0698079912184B4102923A
:10FC60000393750A80239B009E4261D353465B1920
:10FC700042465289934201D95346D51A4346587891
:10FC80000095029A039B390001F081FD002835D0D0
:10FC900031230122E25401200DB0F0BCBB46B24634
:10FCA000A946A046F0BD216C2000FEF7A5F8AEE7FE
:10FCB00031230222E2540130EEE731230122E254E3
:10FCC0000230E9E70B9821006031A26CE36C4078C8
:10FCD0000125009501F05BFD002805D13022A15CD3
:10FCE0007F230B40A354A2E731230122E2540120D9
:10FCF000D2E731330222E2540220CDE7A26CE36C5A
:10FD000002980399121A8B41002B01D06D0235E045
:10FD10009542FBD9200060305202B918802292002F
:10FD2000F4F78AFB3022A15C7F230B40A354EDE75C
:10FD3000A36CE26C02998B425FD0A16BE36B2069EC
:10FD400062699A425FD85CD0029A039BA264E36422
:10FD5000A36BDB05DB0D8025AD00ED1AAE4200D2B2
:10FD6000350020006030C0182A003900F4F764FB29
:10FD70003022A15C80235B420B43A354761B4B468D
:10FD80001B685B194A4613607F19A26BE36B0495ED
:10FD9000002105910498059912184B41A263E36371
:10FDA0002069616902920393029A039B994202D8E7
:10FDB00003D1904201D902000B0022616361002E41
:10FDC00036D0A26BE36BD105C2D1D805510A0143ED
:10FDD0000B984089013805000D40AA46084200D022
:10FDE00021E71100194300D00BE7A068002800D0DC
:10FDF00010E72000FEF700F809E7039B9A429CD128
:10FE0000A2E78842A0D921006031434658780123F7
:10FE10000093029A039B01F0A1FC002894D03123A7
:10FE20000122E254012037E78346C8E78346C6E74C
:10FE300058463022A35C40210B43A3542CE70720F3
:10FE40002AE7F0B59BB0050019A9FDF7E1F8041EFB
:10FE500014D13023EB5C5A0610D55BB2002B10DBBB
:10FE600001F012FD060019980378042B1CD02A6DAE
:10FE70006B6DFDF76DF9041E00D176E020001BB01C
:10FE8000F0BD199829006031AA6CEB6C4078013400
:10FE9000009401F07CFC002800D08BE03022A95CAB
:10FEA0007F230B40AB54DBE72800FDF7B7FE041EB1
:10FEB000E4D10122296C52422800FDF796FE041E6F
:10FEC000DCD18C20C000FCF799FC071E0FD0199BD9
:10FED000D8608022920082181A61290002A8FEF7D9
:10FEE00076FB041E05D03800FCF78CFCC6E7113405
:10FEF000C4E7199B19690A79202002430A71EA793B
:10FF0000186901210A43212142541869A968343033
:10FF1000FCF741FD199B18692A696B693830FCF7B9
:10FF200042FD199B18692A696B692830FCF73BFD73
:10FF3000199B18690C303100FCF72DFD199B1A69CB
:10FF40000021517518691030FCF725FD02A8FEF755
:10FF50003BFC041EC7D11998FFF782F90400302238
:10FF6000AB5C40218B43AB54BDE7AC6DE37A202200
:10FF70001343E372AA6828682100FCF722FF29696D
:10FF800020001C30FCF707FD200016303100FCF784
:10FF900002FD200012300021FCF7F9FC1998012322
:10FFA0000371FFF75DF904003022AB5C40218B4305
:10FFB000AB5463E7012461E710B582B00400FFF79A
:10FFC00040FF002801D002B010BD01A92000FDF7BC
:10FFD0001FF80028F7D1E06AFCF780FE0028F2D174
:10FFE00000232360EFE770B584B0051E01915FD058
:10FFF000002203A901A8FDF7F5F9041E04D000238F
:020000041003E7
:100000002B60200004B070BD039B2B608C20C000CF
:10001000FCF7F4FB061E4DD0039BD86080229200B3
:1000200082181A6101992800FEF71AFF041E35D1C3
:100030004F23EB56002B0ADBAB79DB062DD503985B
:100040000378042B12D0296CFCF7A8FEA860039B50
:10005000DB88AB8000212800FDF7C7FF041E1DD1FF
:10006000AB68002B10D10023EB6217E0AB682B626A
:100070002B69FF229343EA7913436B622B6DAB62CA
:100080002900FCF768FFE2E700212800FCF7D2FD19
:10009000E862002802D1122400E005243000FCF7B9
:1000A000B1FB042C02D0002CABD0A8E70524A6E7B6
:1000B0000924A6E71124A4E7F0B583B005000E00DB
:1000C00001A9FCF7A5FF041E2BD1002E1FD08C2008
:1000D000C000FCF793FB071E26D0019BD86080224E
:1000E000920082181A6100212800FEF78AFA04287B
:1000F00001D0002811D131002800FFF705F90021B7
:100100002800FEF7FAF8042808D0040006E00021D1
:100110002800FDF76AFF040003E004003800FCF744
:1001200071FB200003B0F0BD1124FAE770B50600A2
:100130000C0021003000FFF7BFFF051E0DD1002C81
:100140000BD0A37E002B08D0706D04230022210069
:100150001A31FFF71DF80028EBD0280070BD70B5EC
:1001600004000D0011004365FFF73DFF002800D09B
:1001700070BD29002000FFF7D9FFF9E770B5BCB0CA
:10018000019002223BA901A8FDF72CF9041E02D020
:1001900020003CB070BD3B9B24938C20C000FCF73A
:1001A0002DFB051E76D03B9BD860802292008218E2
:1001B0001A61019924A8FEF753FE041E09D124AA4E
:1001C0004F23D35C9B065AD402211000FCF7E6FCB7
:1001D0000400002C54D124AA4F23D356002B53DB08
:1001E0009379DB0752D43B9802900378042B1FD0FD
:1001F0003499FCF7D3FD060024AB9B79DB0627D5A9
:100200003B9BDA69B24243D00E9310961B78042BC5
:1002100014D000210EA8FDF7E8FE041E30D1002105
:100220000EA8FEF7EEF9041E11D0042810D111E03B
:1002300002AE3100FCF78FFE049EDDE702AA0698AD
:1002400007990EAB12901391D279DA71E1E7072486
:10025000002C15D124A8FEF704F9041E10D1002E9D
:1002600006D1002C0CD13B98FEF7FAFF040007E002
:100270000022310002A8FDF722FF0400F1E7062466
:100280002800FCF7BFFA83E70624F9E70724F7E71D
:100290000724F5E711247BE700B583B082680123CA
:1002A0009340D022120653616B46D91DFF230B7079
:1002B00043681868012205F03BFA03B000BD00B5A1
:1002C00083B0826801239340D022120693616B466B
:1002D000D91DFF230B7043681868012205F028FA26
:1002E00003B000BD10B5406800F048F910BD10B56E
:1002F000406800F057F910BD10B5436819691868D7
:10030000F8F7F6FD10BD000010B543681868024903
:10031000F8F7EEFD10BDC046801A060010B50400C7
:10032000FFF7BAFF2000FFF7CAFF10BD10B50400A9
:10033000FFF7D8FF2000FFF7C2FF10BD10B5040083
:10034000FFF7AAFF2000FFF7D2FF10BD10B54068ED
:1003500005F016FA10BD000000B585B00B006A4626
:10036000D11D0B700F226A44FF2313704068FE3BBF
:1003700005F006FA002804D00F236B44187805B066
:1003800000BD034B034A0448662101F065FAF3E718
:100390002CBA031020E8031034BA0310F0B585B06E
:1003A00006008168D0221206576801238B401F4047
:1003B00053610A22FF2101A8F4F738F8F2F7C4F9D3
:1003C000FA24A400002524184D41002D1ADB0A232D
:1003D000002201A93000FFF7B9FFF2F7B5F92200BA
:1003E0002B00121A8B41002BF1DC01D1002AEED137
:1003F000B26801239340002F08D0D0221206536127
:1004000005B0F0BD01246442024DE0E7D02212069F
:100410009361F5E7FFFFFF7F10B50C2906D803684D
:10042000054A1340C9020B43036010BD034B044A45
:100430000448CD21F5F772F9FF87FFFF7CBA03105E
:1004400048E803109CBA031000B583B001000023F4
:10045000019310330193134B019301A8FFF7DCFFC5
:10046000019B0C22190091430A0008210A430192C2
:100470000D4A1A400A4301920C4A1A400A4301925B
:100480000B4A1A401143019109210A430192094A7A
:100490001A400A430192084818400843019003B0EB
:1004A00000BDC04610801F0033F8FFFF33F8BFFFC8
:1004B00033F89FFF33F81FFF31F81FFF10B53F29B6
:1004C00006D80368054A1340C9030B43036010BDF7
:1004D000034B044A0448BF21F5F720F9FF7FE0FFF2
:1004E000F4BA031030E803109CBA0310F8B5060004
:1004F0000F0000250CE01C4B1C4A1D482521F5F778
:100500000DF91C4B194A1A482621F5F707F9013550
:10051000F0F7CAFEA84226D92800F0F7C7FE4369C3
:10052000B342F4D13A68016A01238B401342EED002
:100530003B60036A9B01A022D205944663441B6979
:10054000DB01D8D43430040005F032F90028D8D1CA
:10055000200005F085F80028D9D1074B034A04484C
:100560002821F5F7DBF8F8BD08BB031064E8031099
:100570002CBB031070BB03108CBB031010B5C36BF6
:10058000002B03D03C3005F00BF910BD024B034AA1
:1005900003488721F5F7C2F83CBC031090E803102C
:1005A0002CBB031010B5C36B002B03D03C3005F0FF
:1005B0006FF810BD024B034A03488B21F5F7AEF8E4
:1005C0003CBC031084E803102CBB031010B50400DE
:1005D000694805F0E5F83023E35C002B00D0BAE071
:1005E000E36B002B00D181E02000FFF7C7FF2369F8
:1005F000002B01D1614B2361200034300122002106
:10060000F1F7E6FB20685E49F8F7CCFC23685A68EE
:1006100002210A405B4818180160186805314840FB
:10062000C8310140802040011818016056498C46AD
:1006300063441A6060680121F0F748FEA068012158
:10064000F0F744FEE0680121F0F740FE237E002B26
:1006500051D1606800220121F0F752FE012001F023
:1006600045F9E061012001F041F92062E069FFF7FE
:10067000EBFE6062206AFFF7E7FEA062636A0C226D
:10068000934363629043A0622000243022683F4B72
:100690009A4239D01021FFF711FF636A2022934359
:1006A0006362200028302268384B9A422ED01121F4
:1006B000FFF704FFA36A10229343A362344B1B7815
:1006C000002B25D00C2363610B2B23D00C2B47D19F
:1006D000304B314A1A60226A0123190091402F4A97
:1006E0001160E26993402E4A136020E020003C3004
:1006F000F1F786FB78E7617EA068F0F71DFEA17E2A
:10070000E068F0F719FEA4E71221C4E71321CFE750
:100710000B23D8E71F4B234A1A60226A01231900D2
:100720009140214A1160E2699340204A1360204BB6
:100730001B78002B1AD0174B196860698022F1F7DB
:10074000D3F860690121F1F76DF830230122E254FA
:100750002000FFF727FF084804F09AFF012010BD92
:10076000144B154A1548EA21F4F7D8FF094B1968CC
:100770006069F1F78FF8E4E7601C0020809698002C
:10078000A0860100043000000420000000000440A6
:10079000F79A022078410020650E002014240050B2
:1007A00014340050750E002004240050043400500E
:1007B0007A150020BC85031078E803102CBB0310C9
:1007C000F0B506000131891A002400200CE0171949
:1007D000FB080F25ED1A07233B40755D1D410123E2
:1007E0002B40A340184301348C42F0D3F0BD0000ED
:1007F0000123C361064BA92292008350054B0432AA
:100800008350054B04328350044B043283507047AD
:10081000AD140310051203104D1003103312031012
:1008200010B50400C36A002B04D020002C3004F063
:10083000B7FF10BD034B044AB8210448490001F03A
:100840000BF8F2E760BC03100CE9031084BC031042
:1008500010B50400FFF7E4FF2000FFF767FD10BDAF
:10086000F0B583B006000F003F230B4040210B433F
:100870006C462370130E6370130CA370130AE3709D
:1008800022710521684600F0F5FE4000012318435F
:100890006071002405E06B46195D3000FFF75CFDD8
:1008A0000134052CF7DD0C2F0BD000240F2C0DDCB0
:1008B000FF213000FFF750FD0500000606D501348A
:1008C000F4E7FF213000FFF747FDEEE7280003B013
:1008D000F0BD0000F0B5C64600B580460C00F1F74B
:1008E00033FF06000F00FA229200002320000021AF
:1008F000F3F72CFB36184F41002F19DBFF21404640
:10090000FFF72AFD0400051E0AD1F1F71DFF320092
:100910003B00121A8B41002BF0DC01D1002AEDD1F3
:10092000002D09D0631E9C41E0B280BCB846F0BDEA
:1009300001267642034FE1E70349044800F066FFD1
:10094000F0E7C046FFFFFF7FE8E80310CCBC0310D0
:10095000F0B5D6464F464646C0B506000D00924655
:100960009946089F0C2923D1002398464346022B21
:100970000ADC4B46002B28D1524629003000FFF7F5
:100980006FFF0400FF2833D0002F00D03C60FF2C05
:1009900036D0230701D5172D3AD1630740D412234F
:1009A00023424CD14E33234258D10023984648E08D
:1009B000FA21C900FFF78EFF0028D5D1D022814946
:1009C0008148FF3200F022FFCEE7002237213000BD
:1009D000FFF746FFFA21C9003000FFF77BFF002830
:1009E000CAD1DA2277497848FF3200F00FFFC3E717
:1009F0007648290000F00AFF01239C46E044B5E751
:100A000073482200290000F001FF724B98464FE026
:100A100071482200290000F0F9FE704B984647E02B
:100A2000172D02D16E4B984642E06E4822002900F5
:100A300000F0ECFE082DF5D10423B362F2E76A4B17
:100A400098460D2D3AD00CDC082D0FD00C2D2CD152
:100A5000FA21C9003000FFF73DFF26E0634B9846BE
:100A6000EFE7262DF4D03A2D05D01EE0604800F0C7
:100A7000CDFE0223B362FF213000FFF76DFC0506B7
:100A8000FF213000FFF768FC04042C43FF213000F5
:100A9000FFF762FC00020443FF213000FFF75CFC1B
:100AA00004435448210000F0B1FE002F00D03C6008
:100AB0004046E0BCBA46B146A846F0BD2402FF213C
:100AC0003000FFF749FC0443EFD04B48210000F011
:100AD0009DFEE30721D4A30725D4630729D4230768
:100AE0002DD4E30631D4A30635D4630639D42306C6
:100AF0003DD4E30541D4A30545D4630549D423057A
:100B00004DD4E30451D4A30455D46304CDD53B485C
:100B100000F07CFE354B9846C7E7394800F076FE7A
:100B2000384B9846D7E7384800F070FE374B984668
:100B3000D3E7374800F06AFE324B9846CFE7354896
:100B400000F064FE2F4B9846CBE7334800F05EFE82
:100B50002C4B9846C7E7314800F058FE2B4B98467F
:100B6000C3E72F4800F052FE1F4B9846BFE72D48C1
:100B700000F04CFE1D4B9846BBE72B4800F046FEAC
:100B800000239846B7E7294800F040FE164B9846E8
:100B9000B3E7274800F03AFE114B9846AFE72548E7
:100BA00000F034FE0D4B9846ABE7234800F02EFED4
:100BB0000D4B9846A7E7214800F028FE0B4B9846BE
:100BC000A3E7C04684BC0310D8BC0310F4BC0310D8
:100BD0000CBD031073ECFFFF34BD03106FECFFFF7F
:100BE00076ECFFFF58BD03106EECFFFF75ECFFFFC6
:100BF00080BD031094BD0310A4BD031018C00310E2
:100C0000B0BD03106DECFFFFDCBD031072ECFFFF05
:100C100008BE031034BE031060BE03108CBE031068
:100C2000B8BE0310E4BE031010BF03103CBF031096
:100C300068BF031094BF0310C0BF0310ECBF0310C4
:100C400010B584B0040000230393D52203AB0093B6
:100C5000002352000821FFF77BFE002802D1A36A7F
:100C6000022B01D004B010BD039A13051B0DD52132
:100C700049008B42F6D0D5390348490000F0C6FD43
:100C80000423A3620148EDE744C0031071ECFFFFA9
:100C9000F8B506000F00F1F757FD114C0025241898
:100CA0004D41002D15DBFF213000FFF755FBB84209
:100CB00013D0F1F749FD22002B00121A8B41002BB3
:100CC000F1DC01D1002AEED1064800F09FFD0020A2
:100CD00004E001246442044DE5E70120F8BDC0466C
:100CE00080841E006CC00310FFFFFF7FF0B5C64676
:100CF00000B5060088461700FE21FFF7C9FF00284F
:100D000001D000240EE017491748184A00F07EFD74
:100D100017481CE043461D19FF213000FFF71CFB5C
:100D200028700134BC42F5D3FF213000FFF714FBDB
:100D30000402A4B2FF213000FFF70EFB0443A4B26B
:100D40003900404600F0A6FCA04203D1002080BC40
:100D5000B846F0BD074B02002100180000F056FD18
:100D60000548F4E784BC031088C003101103000099
:100D700070ECFFFFA0C003106FECFFFFF0B5C6469C
:100D800000B586B004000023009300220921FFF77C
:100D9000DFFD00281BD1102202A92000FFF7A6FFCB
:100DA00000281FD17E227F2102A8FFF709FD00281D
:100DB0001ED0012855D0364800F028FD354B364A64
:100DC0003648374900F048FD0024002504E0354846
:100DD00000F01CFD002400252000290006B080BC86
:100DE000B846F0BD304800F011FD00240025F3E7BF
:100DF00002AD3E2249212800FFF7E2FC80462F2267
:100E000031212800FFF7DCFC040050225321280088
:100E1000FFF7D6FC0122824002344346581CA04012
:100E200000230021F3F792F807000E00CB05440AD7
:100E30001C434D0A1D48414600F0E8FC1C48009444
:100E4000019522002B0000F0E1FC1A4832033B0D13
:100E50001343320D009301923A00330000F0D6FCA8
:100E6000BAE73022452102A8FFF7AAFC0100441C82
:100E7000A4020025104800F0C9FC104822000023FD
:100E800000F0C4FCE20A0E48002300F0BFFCA3E718
:100E9000E8C1031004C20310F8E8031084BC031077
:100EA000EE020000E8C0031010C1031038C10310A7
:100EB0005CC1031078C1031098C10310BCC10310BA
:100EC000D0C1031010B50400C36A002B04D0200069
:100ED0002C3004F0DDFB10BD034B044ABA2104485A
:100EE000490000F0B9FCF2E760BC0310DCE8031035
:100EF00084BC031010B50400FFF7E4FF2000FFF7E7
:100F00001DFA10BDF8B504000E001700FE21FFF712
:100F1000BFFE00281BD03B00320000212000FFF75D
:100F200015FA002823D0FF212000FFF715FA05024B
:100F3000ADB2FF212000FFF70FFA284384B2390039
:100F4000300000F0A7FBA04208D10020F8BD0949FD
:100F500009480A4A00F05AFC0948F7E709490A4DCE
:100F600003002200280000F051FC0848EEE7044886
:100F7000ECE7C04684BC031088C0031031030000B6
:100F800070ECFFFFCCE8031024C203106FECFFFFEE
:100F9000F0B583B007000C0015001E00089A00236E
:100FA00052197341006A796A8B4227D824D0FB69B1
:100FB0009B0742D1BB6A032B00D06D02089B012B1B
:100FC0001ED9002300932A0012213800FFF7C0FC2D
:100FD0000600002E23D1089D002D1AD080229200F9
:100FE00021003800FFF78EFF00281BD180239B00D3
:100FF0009C466444013DEFE78242D8D9114E0EE091
:10100000002300932A0011213800FFF7A1FC0600FD
:10101000DFE73400089B012B06D8002C0FD13000ED
:1010200003B0F0BD084CF5E70023009300220C212B
:101030003800FFF78DFC0600EFE7024EEFE72600D1
:10104000EDE7C04675ECFFFF70ECFFFFF0B583B035
:1010500004000D0017001E00FFF7FAFB089B009329
:101060003A00330029002000FFF792FF050020001E
:10107000FFF740FF280003B0F0BD000070B504008A
:101080000D0011001E00FFF767F933000022290050
:101090002000FFF75BF900281CD03100280000F089
:1010A000F9FA0500010AC9B22000FFF755F9E9B2C3
:1010B0002000FFF751F9FF212000FFF74DF905004F
:1010C000FA21C9002000FFF705FC002809D01F20E5
:1010D000284070BD064B074A0748084900F0BCFB92
:1010E000DBE705490648074A00F090FBEFE7C046FA
:1010F00064C20310BCE8031084BC03108F0300001B
:10110000D8BC0310A1030000F0B587B004000E00A6
:10111000029203930C9D2A0000230298039912184F
:101120004B41206A616A8B4232D82FD0E3699B071A
:101130005FD1A36A032B02D0029B5B020293012DB5
:1011400028D00027009701232A0017212000FFF74D
:10115000FFFB2000FFF7E2F800970023029A192115
:101160002000FFF7F5FB002841D180239B00FC22E3
:1011700031002000FFF782FF052822D180239B0049
:101180009C466644013D002DEFD11FE08242CDD93F
:1011900019482CE000230093029A18212000FFF741
:1011A000D7FB002823D180239B00FE2231002000A2
:1011B000FFF764FF010005280CD0104800F026FB63
:1011C00008E00F4B0100180000F020FBFD2120007B
:1011D000FFF7C2F8002305932000FFF79FF805AB47
:1011E0000093002300220D212000FFF7B1FB07B080
:1011F000F0BD0148FBE7C04675ECFFFF68C2031075
:101200008CC20310F0B583B004000D0017001E005F
:10121000FFF71EFB089B00933A00330029002000D3
:10122000FFF772FF05002000FFF764FE280003B0FF
:10123000F0BD70B50400C36A002B14D02000FFF786
:1012400007FBE369012216001E401A4222D1002149
:101250002000FFF73FFB051E09D101352000FFF7F5
:1012600049FE280070BD2C30F0F7CAFDE6E7022EDB
:1012700008DC00220D212000FFF7F2FAFF2802D13E
:101280000136F4E70025002DE8D1E369012213437C
:10129000E361E3E70023A3622000FFF735F82000B5
:1012A000FFF77CF800212000FFF714FB051ED5D0C6
:1012B0000026022E08DC002200212000FFF7D0FAD1
:1012C000FF28CBD10136F4E70025C7E730B585B05C
:1012D00004000025092D16DC03AB00930023002237
:1012E00000212000FFF734FB039B012B0BD02000D3
:1012F000FFF700FE05480021F1F72EFA2000FFF766
:10130000A7FA0135E6E7039805B030BDA0860100D5
:10131000F0B5C64600B584B00500FEF7F5FF28001D
:10132000FFF73CF82800FFF7D1FF01284DD1280036
:10133000FFF786FC041E02D03D4B98425BD1002390
:10134000009301223B212800FFF702FB03AB00932F
:10135000002300223A212800FFF7FAFA041E4AD19E
:10136000039BDB0236D5AB6A022B37D000239846AD
:10137000F1F7EAF92F4E002736184F41002F31DBE5
:1013800003AB00930123424629212800FFF7E0FA2E
:101390000400039BDB070AD5F1F7D6F932003B00C6
:1013A000121A8B41002BEBDC01D1002AE8D1002C72
:1013B0001CD1039B002B19D1AB6A022B20D0012337
:1013C000AB621D4800F022FA15E01C4800F01EFA3E
:1013D0001B4C10E00423AB621A4C0CE08023DB05AD
:1013E0009846C5E701267642174FC9E70423AB624A
:1013F000164800F00BFA200004B080BCB846F0BDDF
:1014000003AB0093002300223A212800FFF7A0FA43
:10141000041EF0D1039B5B0005D50323AB620C488F
:1014200000F0F4F9E7E70B4800F0F0F9E3E7C04615
:1014300076ECFFFF80841E0068C30310B0C2031067
:1014400073ECFFFF71ECFFFFFFFFFF7FECC20310A7
:1014500008C3031030C3031010B50300007B00283D
:1014600010D01C69D022120651680122A2400A4005
:10147000511E8A4159698A420AD1DA6902218A4396
:10148000DA6104E0DA6902218A43DA61013010BDD1
:10149000DA6903210A43DA6100229A620248F4F70A
:1014A000F3FA0020F3E7C04690C3031010B582B0F2
:1014B0000400C36A002B37D02000FFF7B1F92000E9
:1014C000FFF7CAFFE3699A0732D4DB0735D500235B
:1014D000A3622000FEF72AFF2000FFF719FF002873
:1014E00031D1294800F092F92000FFF747FC206233
:1014F0006162084332D080220023009392001021C1
:101500002000FFF725FA002830D12000FEF7F4FE76
:10151000E36901229343E3612000FEF70FFF2000FF
:10152000FFF7D0FCE0690CE02C30F0F769FCC3E772
:101530002000FFF7C7FCE06903E02000FFF7C2FCD2
:10154000E06902B010BD114800F060F92000FEF71C
:10155000F5FE2000FFF7B6FCE069F2E72000FEF799
:10156000EDFE2000FFF7AEFCE069EAE780210848C5
:10157000890000F04BF92000FEF7E0FE2000FFF7A5
:10158000A1FCE069DDE7C046C4C30310A8C3031093
:10159000DCC3031070B50400FFF75AF92000FFF711
:1015A000EDFB06000D002000FFF7A4FC3000290031
:1015B00070BD0000F8B52D4804F0F2F82C4B1B78F4
:1015C000002B4CD1002620E02069EFF7B3FF206903
:1015D00000220121EFF794FE226901239340D022DB
:1015E000120693621EE0A36801252A009A40D027C4
:1015F0003F067A61A068EFF79DFFA3682A009A4032
:101600007A62A3689D407D610136EFF73BFEB042F0
:1016100010D93000EFF738FE0400FFF7E9F8237B1C
:10162000002BD1D1237E002BDDD0617EA068EFF7A7
:1016300083FED8E70025EFF737FEA8420CD9280033
:10164000EFF734FEFEF7C2FF041E01D00135F2E7CA
:10165000064804F01DF806E0054B01221A70034805
:1016600004F016F801242000F8BDC046681C0020D4
:10167000F69A022010B504000023002005E0400087
:10168000E25C5040024A105C01338B42F7DB10BD34
:1016900014EB031030B505000022002009E0030A16
:1016A000AC5C6340044C5B001B5B000280B25840A2
:1016B00001328A42F3DB30BD14E90310124B984229
:1016C00018DC124B984218DA114B984217D006DDFD
:1016D000104B9C46604401280AD803200CE00E4BB6
:1016E0009C466044012801D8032005E0012003E066
:1016F000012001E0002804D170470420FCE702200B
:10170000FAE70120F8E7C04676ECFFFF75ECFFFF33
:1017100072ECFFFF8D1300009013000010B5EFF77F
:10172000B3FD041E03D0FFF797FE207F10BD0420F9
:10173000FCE710B50400FFF73DFF00280AD02000A9
:10174000EFF7A2FD002807D0A9239B00C3589847B4
:10175000C0B210BD0320FCE70420FAE7F0B583B067
:101760000E0015001C00EFF78FFD00280DD0AB23F5
:101770009B00C758089B00932A0023003100B847FC
:10178000FFF79CFFC0B203B0F0BD0420FBE7F0B54B
:1017900083B00E0015001C00EFF776FD00280DD079
:1017A000AA239B00C758089B00932A0023003100FE
:1017B000B847FFF783FFC0B203B0F0BD0420FBE7DA
:1017C00070B50C001500EFF75FFD002816D0012C56
:1017D00005D0032C0ED0002C12D120000DE0FFF715
:1017E000D9FE094B1860596028606960084309D028
:1017F000002002E001232B60002070BD0420FCE7E4
:101800000420FAE72000F8E7B02700200FB4F0B575
:10181000C3B048AC80CC802676003200002102A8FC
:10182000F2F704FE019402AD23003A0031002800D3
:10183000F3F70AFF06482900F4F756F9054B1B6831
:10184000986801F069FF43B0F0BC08BC04B01847C9
:101850003C8D0310081B002030B583B004000D0040
:101860001900074800922B002200F4F73DF9054BC0
:101870001B68986801F050FF72B600BEFDE7C046D5
:10188000FCC30310081B002010B582B06C46082270
:1018900000216846F2F7CAFD684600F041F80028CA
:1018A00022D0227844325206A3785B05F02040040F
:1018B00003401A43E3781B04F8204003034013431A
:1018C0006279D206120C1A43A3795B01FC20C00096
:1018D00003401343E17949B2CA0F521852101F2036
:1018E0001040184302B010BD0020FBE710B582B0D5
:1018F0000100054C054B00930B2300222000EFF75D
:101900009CFE02B010BDC046D09A022038C403101D
:10191000024BD8688007C00F7047C04600C0054022
:1019200070B50400FFF7F4FF00281CD00E4AD369FD
:1019300092691D0E0721294021711D0C1F210D40A8
:1019400065711E0A3F252E40A6715BB21D40E571F0
:10195000130B1B051B0D2380150A0F232B40A370AF
:1019600052B21140E17070BD00C0054010B50021B9
:1019700001F03AFD10BDC04610B50A22002101F069
:10198000EDFD10BD70B50B0C0024150C002B28D1FB
:10199000002D3CD18BB291B2594300F05BF8051E8B
:1019A00033D00300083B5A6803239A43043A242A9D
:1019B00012D80300132A0AD90460446008331B2A92
:1019C00005D98460C460242A2AD003001033002281
:1019D0001A605A609A6002E00021F2F727FD2800A1
:1019E00070BD002D16D1151C89B292B24A43ADB21A
:1019F0009BB26B43110C5B18190C0BD1190492B2FA
:101A0000114300F027F8051ECBD10025E7E72B1C7A
:101A10000D1CE9E702F032F90C2300250360DEE734
:101A20000300046118334461D1E7C04610B5034B8D
:101A30000100186800F00EF810BDC046081B002019
:101A400010B5034B0100186802F0CAF910BDC0467A
:101A5000081B0020F0B54E464546DE465746E0B529
:101A60000D000B35060085B0162D21D8102900D9A0
:101A7000D4E000F0D5FA102518230221CA4FFB1834
:101A80001A005C68083A944200D186E10322636838
:101A9000A1689343E268CA6091600121E3185A6823
:101AA00030000A435A6000F0C3FA20000830B8E062
:101AB00007239D4300D5B1E0A94200D9AEE000F074
:101AC000AFFAFC235B009D4200D2E0E1690A00D13D
:101AD000AEE0042900D9A1E138239846A909884439
:101AE0003931CB00082252429446AF4FFB189C4438
:101AF0006346DC68A44514D0032399460B00614675
:101B00009C4607E0E068002A00DB40E1814200D10A
:101B100041E104004A46636893435A1B0F2AF1DDF2
:101B200041463A003C690832944200D11EE103204C
:101B300063688343581B0F2800DDACE13A617A618A
:101B40000028AADA7A68904680229200934200D355
:101B500036E1DA085809012383404046184380469D
:101B6000D300DB199A687860E360A2609C60D4605F
:101B700001208B109840404562D8434603420AD169
:101B800003239943434640000431034203D14000FC
:101B900004310342FBD00323B3469C460E00B846F3
:101BA0000190F00040440100B246CB680BE064466F
:101BB0005A681F00A243DB68541B0F2C00DD39E17B
:101BC000002C00DB53E19942F1D101239946CA442C
:101BD000534608319B07E8D1032205E00368083823
:101BE000013E834200D013E23242F7D14346019ACC
:101BF0005B68934342465360019A520001929A42B5
:101C00001CD8002A06D119E004229146019ACA4440
:101C1000520001921342F7D05646C2E70C233360BC
:101C2000002005B0F0BCBB46B246A946A046F0BDB8
:101C300080233F22402190469B0053E75E46474663
:101C40000322BC68636893439846AB4203D35B1B93
:101C50000F2B00DD8DE0230043440293534B0820FB
:101C60001B6810335B19019302F00EF85049039082
:101C70000B688A46013306D08446019B4242013BF1
:101C80006344134001933000019901F0E5FF030024
:101C90008146013300D11CE1029B834200D916E149
:101CA000444B02989B461A68019B59469C466244E5
:101CB0000A6003990139484500D157E153461B6832
:101CC000013300D15EE14B4602981B1A9B185A461D
:101CD000136007234A4648461A400292184200D130
:101CE00015E10398013384469B1A019A99444A44AA
:101CF000019263440A409B1A194030008A4601F061
:101D0000ABFF431C00D158E14B46C01A03005344BB
:101D100001935B461A68012052441A604B464946BB
:101D2000BB60019B03434B60BC4213D043460F2B67
:101D300000D82BE107210C3B8B4361680140052053
:101D400019436160E118486088600F2B00D93FE1BA
:101D50004B465B6818490868904200D20A601749F0
:101D60000868904200D20A604C46B4E07B6898460E
:101D7000FEE601222900134311436519616030001A
:101D8000BD606B6000F054F92000083049E7A2689C
:101D9000D060826081E66146C3E6DC680231A3421E
:101DA00000D1BEE672E6C046881500201C30002037
:101DB0007C150020EC2F002014300020183000206B
:101DC0005A0A042A7CD9142A00D9B0E010005B30EA
:101DD00082465C32D200082040428446BA189444BD
:101DE000624692680B308146944500D186E0080037
:101DF000A2466146844602E09268914204D04C4675
:101E00005068A0439842F7D8D368614654469C4630
:101E10006346A260E3609C60D460A9E6142967D998
:101E2000542900D98CE06E239846290B88446F31E1
:101E3000CB0057E6BA46012051468446491905436E
:101E400050464560856847466046EB605E469D604B
:101E5000534639617961204308374860CF603000CC
:101E60008F609C5000F0E4F850460830D9E6BA463E
:101E700001205E465244516801435160BA68300007
:101E8000D3609A6000F0D4F838000830C9E62B001F
:101E9000E9080833F2E56119884601218C460D43B3
:101EA0004146656039617961CA608A606246024371
:101EB0004A60E050300000F0BBF820000830B0E687
:101EC0009A091000393238308246D20083E7BC428A
:101ED00041D0BC686368032293431A005B1BAA428B
:101EE00002D30F2B00DD44E7300000F0A1F897E6A5
:101EF0005B23984688445C31CB00F3E55346981049
:101F000001238340404618438046786080E7019B68
:101F1000039A4B440B40D31A194030008A4601F013
:101F20009BFE431C00D0EFE600239A46F1E6542ABC
:101F30002ED81A0B10006F326E308246D2004AE75C
:101F4000AA235B0099422ED8DD3B9846E90B8844D2
:101F50007831CB00C6E5304B9B461A68019B9C4606
:101F60005B4662441A60039B591EA7E64846084236
:101F700000D0A3E6B9684344894601210B43494692
:101F80004B60E7E653464A461A60A2E64860ABE774
:101F9000AA204000824226D8DA0B1000783277302F
:101FA0008246D20017E71D4B994226D87C239846DB
:101FB000A90C88447D31CB0094E5019A029B94469C
:101FC0004A46083B63449B1A019300239A46A0E6C5
:101FD00021003000083101F003FF5B461A68BB683E
:101FE00099465B68B6E60D4882420CD89A0C100000
:101FF0007D327C308246D200EDE6FE237E227F21B8
:1020000090469B006EE5FE227E2092008246E2E62C
:1020100043465B68F0E5C046EC2F00205405000005
:1020200010B5024801F04AFE10BDC046E42F002062
:1020300010B5024801F044FE10BDC046E42F002058
:10204000094B10B51C68094A983420686168084B30
:10205000F1F77CFF01220023801859412060616064
:102060004800400810BDC046081B00202D7F954C3D
:102070002DF45158030010B50A00034908681900EF
:1020800000F004F810BDC046081B0020F0B557460C
:102090004E46DE464546E0B50C000600170083B00C
:1020A000002900D1ACE0FFF7BBFF08235B42994653
:1020B000A1444B465B68032219003D0091430B3558
:1020C000CA468846162D67D81025AF4267D8A8455E
:1020D0006EDA4946C04841444A6800908068934699
:1020E000884200D1A0E0012084461000624690435F
:1020F00008184068104200D077E05A460320824317
:102100009346C3445D454EDD6046184212D14B46AE
:1021100048461B68C31A03209B465B688343D2185A
:1021200042440092954200DCCCE0434400939D423F
:1021300000DCCBE039003000FFF78CFC071E00D13B
:102140001EE14B4601225B68934302004B44083A70
:10215000934200D1E3E04246043A242A00D9E3E066
:1021600003002100132A09D92368036063684360D0
:102170001B2A00D9DCE00300083108330A681A6022
:102180004A685A608A689A603000210001F028FE8F
:102190003000FFF74DFF20E00432954395D50C2326
:1021A0000027336019E0D846CB688A68D3609A600C
:1021B00043465F1B5346012250465B684044134030
:1021C0000F2F22D841460B4351464B6043681343BF
:1021D00043603000FFF72CFF2700380003B0F0BC4D
:1021E000BB46B246A946A046F0BD1A42A2D14B4614
:1021F0004A461B68D31A03229B465B68934394E7C5
:102200001100FFF727FC0700E7E751462B43491968
:10221000554617436B604F60436808311343436072
:10222000300001F0DDFDD4E703218A439446290004
:10223000C44410318C4500DB84E0DB0700D579E72E
:102240004B4648461B68C31A03209B465B68834382
:10225000D21842440192914200DD66E75B465A463D
:10226000DB6892685F46D3609A604246043A08375A
:10227000242A00D999E03B00132A0AD95946236839
:102280008B606368CB601B2A00D993E05B460834FF
:10229000103322681A6062685A60A2689A605B46CE
:1022A00001225919009B30009960019B5B1B13436D
:1022B0004B605B465B6813405A462B435360FFF705
:1022C000B7FE8AE7CB688A68D3609A605B465A4655
:1022D000DB6892685F46D3609A604246043A0837EA
:1022E000242A17D83B00132A09D9594623688B6042
:1022F0006368CB601B2A39D85B46083410332268E8
:102300001A6062685A60A2689A60009B3C00984616
:10231000DA464DE72100380001F044FBF5E70322DF
:102320005B689343984443E7210001F03BFB2BE7B4
:10233000A3688360E368C360242A26D003001031B9
:1023400010331BE74B465919009B012299606346E5
:102350005B1B13434B604B465B68300013404A469F
:102360002B435360FFF764FE270036E7A3680B6139
:10237000E3684B61242A10D05B4610341833BEE763
:102380003000FFF755FE002727E723691831036166
:102390000300626918334261F0E623698B615B4692
:1023A00062692033CA611834A9E72100380001F0BE
:1023B000F9FA74E7A3680B61E3684B61242A03D040
:1023C0005B461034183364E723698B615B466269AE
:1023D0002033CA6118345CE78815002070B51600F8
:1023E0000D0002F0D1FE002E0DD06B236A00520DBD
:1023F0009B1A002B07DD0024034A1B059D182B00A8
:102400002200F1F7ACF870BD0000F03FF0B5454692
:10241000DE4657464E46E0B59FB0069200220C00BD
:102420001A92002100228046049105922100199100
:102430000A780F002D2A03D8AA4D90002858874605
:102440000021079100210891302A00D1C4E02F2AF1
:1024500000D889E200239A461900380000261300AC
:1024600055460BE08B005B1801305B001990991802
:1024700002783039130001362F2A0FDD392A6FDC3C
:10248000082EEFDDAB005B1901305B0019909D1841
:102490000278303D130001362F2AEFDC89460122F5
:1024A0009149AA4601F06AFB002800D14AE20023C4
:1024B000089612930A930B93089B1C00102B00DDC7
:1024C00010244846F1F7BEF8089B04900591092BAB
:1024D00019DD2200854B093AD2009B181A685B6807
:1024E000F1F73DF8049005915046F1F7ABF80B0079
:1024F000020004980599F1F70BF8089B04900591E8
:102500000F2B00DDAFE00A9B002B01D100F066FC31
:102510000A9B002B00DC46E3162B01DC00F05FFD7C
:102520002523089A9B1A0A9A934200DA9BE00F240B
:10253000089B6E4DE41AE1006918049A059B08682F
:102540004968F1F70CF80A9B1C1BE4002D192A6856
:102550006B68F1F704F806000F0013E2013166E73B
:10256000894601226049AA461D0001F007FB0028A8
:1025700046D1199D2B00691C19915B780D001A003A
:10258000002E00D0E2E12B000020302A07D11800F5
:10259000013319931A78302AF9D0401B0130130007
:1025A000313B082B00D867E220239A43452A00D10B
:1025B00018E3089B034300D0E2E1069B00260027B6
:1025C000002B00D01C60300039001FB0F0BCBB46AF
:1025D000B246A946A046F0BD7A7820318A437D1CD8
:1025E000582A01D100F0FDFB2F0019953A780135EA
:1025F000302AF9D0002A00D1C2E10123089326E74E
:1026000000230020002209961293652D00D1D2E10B
:1026100000230B93452D00D1CDE1002E00D0BFE16A
:10262000089B034300D0ABE1002AC6D1692D00D13D
:10263000E6E201DD00F0C2FC492D00D1E0E24E2DC2
:10264000BBD12B4919A802F015F80028B5D0199B69
:102650001B78282B01D100F079FD264801F060FBA2
:1026600006000F008EE10A9A089B94461B1B6344E8
:10267000002B00DC70E20F221C0011009443194073
:102680001A4201D100F02CFC184BC90059180868F7
:102690004968049A059BF0F762FF04900591002CAD
:1026A00001D000F01DFC002309934B46320000933B
:1026B00039004046089B02F0B3F91390002801D17D
:1026C00000F09AFC0A9B1299DA430B98D217081A69
:1026D000D917134014930023084099469B46129043
:1026E000F0E0C04614EC031058C4031070EF031060
:1026F00068C4031094C10310C91A521A1F2900DDBF
:1027000026E301238B40109300231593AB189A46C0
:10271000099BA4189C462B006444554500DD534694
:10272000A34200DD2300002B04DD5246D21A92465C
:10273000E41AED1A129B002B00DDB0E25346002B89
:1027400000DDC8E20A9B002B00DDF3E2002C00DD77
:10275000E4E2002D08DD49462A00404602F0A4FBD1
:102760008146002800D1E2E240461A99089A02F018
:1027700037FC8346002800D1D9E2C36849460E934E
:102780000023C36002F00EFC002801DA00F009FD0E
:10279000059B0B9301D100F0A2FC4946584602F07C
:1027A000D1FD80230022DB0504000D00F0F728FF97
:1027B000002800D165E20E9B002B00D0D5E2049BDF
:1027C000002B00D05AE30B9B1B0300D0FDE200223C
:1027D00020002900D74BF0F70DFF002801D000F0B2
:1027E00074FC0022D44B20002900F0F7B8FE0A0048
:1027F00001001300109111920C9080221206944651
:1028000063440D930B9BCD4A0C9C0D9D13409A463F
:10281000CB4B9A4500D1AFE2099B002B29D0D423A2
:10282000DB049A4525D810981199C64AC64BF0F793
:10283000E7FE002818D010981199F0F743FF002800
:1028400000D10130F0F7FEFE0E9B10901191002B8D
:1028500001D000F024FC802212060B009446634451
:1028600016901793169C179DD6235246DB04EB183F
:102870009D1A3000390002F087FC02000B00200096
:102880002900F0F76CFE32003B00F0F741FE0E002D
:1028900004900591099B002B04D1A84B33409A4525
:1028A00000D1B9E240461A9902F05EF84046089914
:1028B00002F05AF84946404602F056F8594640465A
:1028C00002F052F8139C4046616802F025F8031E9E
:1028D000089000D12BE222690C3302320C34210023
:1028E00018009200F1F7A8FD049E059F1CAB019310
:1028F0001BAB009332003B00404602F0C1FC011EBE
:102900001A9000D1F0E10121404602F059F98146C8
:10291000002800D10BE21B9B002B00DAD7E1129AB2
:10292000149C9D1809991C9A5B1A36219B188A1AC7
:102930008649013B8B4200DADEE600231593013322
:102940001093E3E6199B591C19915B781A00303AF1
:10295000092A00D9D4E0151E01D100F037FD01236A
:1029600030000996129315E301223800784901F0EE
:1029700005F9002800D188E3089B002B00D11CE654
:1029800000260027069A002A01D0199B1360079B96
:10299000002B00D117E6802109067B181F0012E6E4
:1029A0000B9B129A08969B1A0A93099B002B00D145
:1029B00082E51E0080E53300034308990B4300D1F4
:1029C000FBE5199C631C199365782B2D00D1F9E167
:1029D0002D2D00D0AAE001230A93A31C1993A578FA
:1029E0002B00303B092B00D9AEE11999302D0ED1C7
:1029F0004B1C19931D7819000133302DF9D0002399
:102A00000B932B00313B082B00D906E601334D1CFC
:102A10001995AC464D780B932F2D00DCD4E20E9126
:102A200001000B9B0B928B460B99624660468C46CD
:102A30000BE09900C9180132490019924B194578E9
:102A4000303B2F2D00DCC5E21000392DF1DD0B935A
:102A500063460E9994461A0063465846591A082947
:102A600000DCB1E23B4B0B930A9B002B00D1D4E579
:102A70000B9B5B420B93D0E5431C199F303A12939A
:102A8000002315003900012609934B469B004B4457
:102A9000A94600205B0099444B1C19931D7819002E
:102AA0002B00303B092B00D9F5E11D00421C4B1CCB
:102AB000002D01D100F087FC129B9C469444634694
:102AC0001293012A01D100F07CFC52468A46210073
:102AD000731C4C469C468946110008E0A20014195C
:102AE000640001339A1B013A904200DC4AE25A1E0C
:102AF000082AF3DD102BF4DC8A0051184900F0E7B6
:102B000020229343452B74D04846F0F79BFD049058
:102B10000591092E00DC61E13400102E00DD102447
:102B20000023089612930B930A93D2E400230A938E
:102B300056E7C0460000F03F0000E03F0000F07F95
:102B40000000E07F0000C0FFFFFFDF4102FCFFFF4D
:102B500058C403101F4E0000002B00D1A3E50F2224
:102B600011005B4219401D111A4200D09DE21F2D39
:102B700000DD80E010231A002A4009922B4201D088
:102B80005A3309930123049805999A46C34C534636
:102B90002B4200D134E222686368F0F7E0FC6D104C
:102BA00044D00834F3E70A9B163300DA5BE50B994F
:102BB000129ABB4B521AD2009B181A685B68049891
:102BC0000599F0F7AEFC06000F00DBE60022079245
:102BD0004F1C19974A78002A00D033E4EDE4012213
:102BE0000792F5E7002203000992129200260132B3
:102BF000E3E600230C000020012209961293E1E68F
:102C0000A84919A801F036FD002800D1D5E4199B88
:102C1000A549013B19A8199301F02CFD002802D108
:102C2000199B013319930026A04FABE6099A0E9029
:102C30000F910E9B0F9C04930594002A12D00F9BBA
:102C400020005A006B23520D9B1A002B0ADD1F2B0C
:102C500000DC33E300210491342B00DC59E3DC2356
:102C60009B0405930022049805990023F0F7BAFC11
:102C7000002800D119E522234246002600271360D0
:102C800080E68B4B002220002900F0F768FC0E9BA9
:102C900010901191002B63D10B000C90ADE54946CB
:102CA0001A00404602F094F81A99814600281BD079
:102CB0000A000100404601F0B3FF1A990B9000286A
:102CC00012D0404601F050FE0B9B1A9336E5149A41
:102CD000129DD41A26E61A995246404602F0E4F8AC
:102CE000011E1A9000D02DE5DA4622234246002626
:102CF0006E4F1360404601F037FE4046089901F0E0
:102D000033FE4946404601F02FFE4046139901F03C
:102D10002BFE5146404601F027FE33E62200404696
:102D2000089902F0C1F80890002800D011E5DA46B1
:102D30001A99DAE74046149A089902F049F808907F
:102D4000002800D002E5F2E7002319940B9364E415
:102D50005849CB1A01219940012315911093D5E4CC
:102D6000109B119C0C930D944CE50023524C0C933A
:102D70000D941093119445E5504A0B9B944663447F
:102D80000593049C059D2000290002F0FDF90C9A92
:102D90000D9BF0F7E4FB22002B00F0F7B9FB434B4F
:102DA000474A049005910B40934200D801E1454AFF
:102DB000974201D10136BAD00123424C5B420493C1
:102DC00005946FE500230A9307E600233E4C0C931D
:102DD0000D940023384C1093119413E5049E059F25
:102DE000D0E50293079B404601931AAB0093374A04
:102DF0001BAB19A901F044F90F231E000400064083
:102E0000034200D1BCE5062E00D0FCE000230026E2
:102E1000002719950793B5E5109C119D2000290006
:102E2000F0F774FCF0F75AFC02000B0020002900B8
:102E3000F0F765FB049A0E9B36031343360B040030
:102E40000D00234A33430AD1224BF0F7D3FB00286D
:102E500000D127E5DA46049E059F1A994AE71E4BE2
:102E6000F0F7C8FB0028F5D1200029001B4A104BC1
:102E7000F0F7D6FB002800D114E5EBE7012BA4D135
:102E80000B9B002BA1D1DA462223424600260027C5
:102E90001A9913602EE70122FFF7B7FB10ED03101C
:102EA00070EF03105CC4031060C403100000F07FD7
:102EB0000000E03FE2FBFFFF0000F03F0000B0FC3D
:102EC000FFFF9F7CFFFFEF7F0000F0BFF8EC0310D7
:102ED0009535A094FFFFCF3FFFFFDF3F35E5AF35CE
:102EE0009A235B009C4200DD86E02411012C00D176
:102EF00088E1049805990022924601329346524691
:102F0000D14BB2461D000993160000235A462242B7
:102F100004D02A686B68F0F722FB012301366410A5
:102F20000835012CF2D1320056469246002B01D0D2
:102F300004900591C54A059B944663440593534606
:102F4000D900099B9C46049A059B6144086849681E
:102F5000F0F705FBBE4BBF4A049005910B4093422E
:102F60004AD8D42080048446BB4A614405919342E8
:102F700001D8FFF798FB0123B84C5B4204930594FA
:102F8000FFF791FB0A004B465146A14692461C00B2
:102F900001386044461C082800DC76E50020102E2D
:102FA00000DD79E553469B005344AA465B009A44F2
:102FB00072E5D4239B04CE1805966BE46E2D01D1E7
:102FC000FFF73FFBFFF7F9FA0B99A54B994200DC9D
:102FD0004AE548E560460B930E9903003AE50A9AE4
:102FE000A04BD100591808684968049A059BF0F76E
:102FF000B6FA06000F00C5E422234246136012E62B
:103000006D100834C3E51A9A002A07D035211CA890
:1030100002F0CCF940461A9901F0A6FC052E00D921
:10302000BEE1914BB6009B599F461C9B8F49049370
:103030001D9B1B9A0B408E498C466244120513431C
:103040000593E40503D58022120613430593804AB5
:10305000049E059F134200D094E400F00FFE22234B
:1030600003608FE40122834B524204920593E405EE
:1030700000D4B3E6059BE6E7754B0593F7E71C998B
:103080001D9A1D9B04910592DBE7199D2B000135CC
:1030900019955A78002399469A46FFF774FA109BBF
:1030A000119C16931794FFF7DDFB6E4BC9005B185C
:1030B0001A685B6804980599F0F733FA0490059153
:1030C000002D01D1FFF7EFFA51E500236A4C0C9374
:1030D0000D940023694C10931194FFF793FB159BFB
:1030E0000E9A9C46059BDA461B031B0B002A41D017
:1030F000634A934200D1D1E06346002B00D1C7E080
:1031000062460B9B13420CD004980599099AFFF76D
:1031100065F902000B0030003900F0F7F9F90600FC
:103120000F00099B002B00D197E630003900554B6A
:103130000022F0F714FA464B06000F000B4200D0B5
:103140008BE6222342461A991360D3E51CAC220079
:103150004D4919A801F0A4FA052801D0FFF77DFA1E
:103160001D9B3B4A1A431C9B05920493049E059F9A
:10317000FFF708FC002B4AD1049B002B00D0B5E0E0
:10318000099B002B00D1A0E0314C0B9B23401C007D
:10319000D623DB049C4229D8DC239B049C42C4D860
:1031A00072E60E9B0499059ADA460B43B9D10B924D
:1031B0001303B6D1D623264CDB0414409C42B0D96D
:1031C0005B465B69002B03D15B461B69012BA8DDC5
:1031D00051460122404601F067FE4946824601F011
:1031E000E1FE00289DDD099B002B6ED0274B244A71
:1031F0009C460123644422435B4205920493049E4F
:10320000059F92E700239A460F4B099392E6634687
:10321000002B73D062460B9B134200D181E70498C8
:103220000599099AFFF7DAF802000B00300039001F
:10323000F0F765F90022002306000F00F0F7D2F93D
:10324000002800D16DE71FE648EF03100000B0FC36
:103250000000F07F0000A07C0000907CFFFFEF7F6B
:103260001F4E000070EF0310CCEC0310FFFFEFFFC8
:1032700033040000FFFFFF7F0000E0BF0000E03FDD
:10328000FFFF0F0000005039E4EC03100000F0FFD6
:10329000109B049A134200D143E735E7099A049B37
:1032A000002A4FD15A1C3BD06246002A00D17FE051
:1032B0000B9B134200D027E71A991BE501225242CB
:1032C0009A40049B13400493CCE4434B0B9A1A9905
:1032D0001A401300414A9446414A63441A43012369
:1032E0005B4205920493049E059F03E56246002A13
:1032F0000AD00B9B134200D113E790E7109B049A6E
:10330000134200D10DE78AE7109A1A4200D108E76C
:1033100085E74B239A1A4C3B934018400590A1E453
:10332000304A0B9991421DD02B4B0B9A1A40130037
:103330008022520394466344059300230493049E21
:10334000059FEEE6D421244A0B98C90402408A4224
:1033500016D95A1CE4D06246002A0CD0104200D183
:10336000E3E6D1E60133DFD12223424600261A9953
:10337000194F1360BEE4109A1A4200D1D5E6C3E695
:103380006B21120D891A012252428A409342C7D002
:103390006246002AEFD00B9B134200D1C5E6B3E68C
:1033A000E4050BD580231B060593049E059F54E678
:1033B000109A1A4200D0A7E61A999BE4002600272B
:1033C0004BE63000E6E51000FFF767FB01200996A9
:1033D0001292FFF761FBC0460000F07F0000F0FF93
:1033E000FFFF0F00FFFFEF7F10B504000A00034945
:1033F000034B08682100FFF709F810BD081B0020E7
:103400009C190020F0B557464E464546DE46E0B5CD
:1034100082460F0090461E00994683B0242B43D865
:10342000012B41D00B0008204A4D1A0014780133BB
:10343000295D0842F9D11D002D2C00D176E02B2CFE
:103440003ED0454B9B4600230193002E53D1302C98
:1034500000D173E00A230A26994649465846EFF7F9
:1034600013FE2B008C463D000200270000214C4635
:103470000020E146AC463D00303D092D07D9113D05
:10348000192D03D93D00613D192D20D80A35AE42D2
:103490001DDD4F1C05D082422AD327D00121604375
:1034A00028181F780133E6E700F0E8FB16230360D5
:1034B000002003B0F0BCBB46B246A946A046F0BD12
:1034C0001C78254B951C9B4600230193BDE767465E
:1034D0004A1C21D0019A002A00D040424246002ACC
:1034E000E7D0002933D143461F60E2E7A945D5DA8A
:1034F00001214942D5E7102EAFD110239946302C37
:10350000ABD120222B789343582BA6D110236C7873
:10351000994610260235A0E7222251460A6042460B
:103520005846002AC5D058465F1EDCE71C78802329
:103530001B069B460123951C019386E720222B78CE
:103540009343582BE2D008230836994685E78346F3
:10355000E9E7C04639ED0310FFFFFF7F10B5040017
:103560001300034A10680A002100FFF74BFF10BD4B
:10357000081B0020F0B5C64600B50C228B5E070084
:103580000C001A074DD48021626809011943A181FA
:10359000002A69DDA56A002D3FD000223E683A600E
:1035A000DB0466D4002201233800E169A847020049
:1035B000431C6BD00C23E15EA56A490706D56368FE
:1035C000D21A236B002B01D0E36BD21A00233800F0
:1035D000E169A8470C23E25E431C4CD139681D29E0
:1035E0005ED8314BCB40DB075AD5304B1340A3811B
:1035F0000023636023692360D20401D5002943D0EE
:10360000216B3E60002908D023004033994202D04C
:10361000380000F0E5FB00232363002080BCB8469F
:10362000F0BD0E69002EF8D00D680022AD1B0E60B3
:103630009B0700D14A69A260002D04DCEDE7361833
:103640002D1A002DE9DD636A3200984638002B0000
:10365000E169C0470028F2DC4022A38913431BB272
:103660000120A3814042D9E7E26B002A00DD91E707
:10367000D3E7226DA1E70D4B1340A38100236360C4
:1036800023692360D204BBD52065B9E73B68002BD2
:1036900000D18FE71D2B01D0162BDDD13E60BCE79A
:1036A00040231343DCE7C04601004020FFF7FFFF43
:1036B00070B505000C00002802D0436B002B27D00A
:1036C0000C22A35E002B11D0626ED20701D49B05A1
:1036D0000ED528002100FFF74DFF636E0500DB07C4
:1036E00002D4A3899B050FD5280070BD0025FBE7F8
:1036F000A06D00F0E3FA28002100FFF73BFF636EA6
:103700000500DB07F0D4ECE7A06D00F0D9FAEBE799
:1037100000F0F8F8D4E7C04670B5041E2AD0194B63
:103720001D68002D02D06B6B002B17D00C22A35EFE
:10373000002B11D0626ED20701D49B0512D5280050
:103740002100FFF717FF636E0500DB0702D4A38992
:103750009B050BD5280070BD0025FBE7280000F075
:10376000D1F8E3E7A06D00F0A9FAE8E7A06D00F05A
:10377000A7FAEFE7044A0549054801F0ABF8050050
:10378000E8E7C046081B002090190020B13603105E
:10379000101B002010B5034A0349044801F09AF8B1
:1037A00010BDC0469019002055540310101B002076
:1037B00041680B4B10B50400994201D001F04AFE5C
:1037C000A168084B994202D0200001F043FEE16855
:1037D000054B994202D0200001F03CFE10BDC046CE
:1037E0002030002088300020F0300020F8B5CE4690
:1037F00047463B4C3B4B3C4A2000002580B51A60B5
:103800000423082200215C3025606560A5606566A0
:1038100025616561A561E360F0F708FE2000334B88
:10382000334F344E99462362334B58309846A76243
:10383000E6626362E46100F03DFACC23E5502F4B71
:1038400020006367802300210822C430E550A5666C
:10385000E5662567A567E567F0F7E8FD22008423A4
:103860006832E2504A460433E250424620000433B4
:10387000E2500433E750C0300433E65000F01AFA47
:10388000D0232000E5500433E5500433E5501C4AB2
:103890005C33E550583BE2500433E5502D3004339F
:1038A000E550002104330822FF30E550F0F7BEFD5B
:1038B0002200EC23D032E2504A460433E25020008A
:1038C00042460433E25029300433E750FF300433DA
:1038D000E65000F0EFF9C0BCB946B046F8BDC046AE
:1038E0002030002058310020953703102155031057
:1038F00089550310B55503104955031009000100FF
:103900001200020070B50400094D280000F0D6F93D
:10391000636B002B05D1074B6363074B1B68002BC0
:1039200003D0280000F0CCF970BDFFF75FFFF8E787
:10393000E82F0020B13703105831002010B502489D
:1039400000F0BCF910BDC046E82F002010B50248B9
:1039500000F0B6F910BDC046E82F002030B5032AAC
:103960000CD90B0003439B0719D104680B689C42D8
:1039700015D1043A04300431032AF6D8551E002A22
:103980000BD0002303E05A1C9D4206D01300C25CFA
:10399000CC5CA242F7D0101B00E0002030BD551EC9
:1039A000EFE7C046F0B5CE46474680B588420DD910
:1039B0008B1898420AD2531E002A03D0CA5CC25404
:1039C000013BFBD2C0BCB946B046F0BD0F2A0BD8B4
:1039D0000500561E002AF5D00023CC5C1A00EC54DA
:1039E00001339642F9D1EDE703000B4388469B076C
:1039F00034D110261700B1460C000300103F3F09D8
:103A00003F01C519A94426681E6066685E60A66805
:103A10009E60E6681034DE601E001033AE42F2D1C4
:103A2000CF1939000F230C2610318C461340164253
:103A300017D04446043B9B089B00FF181437061B15
:103A40000C688D1904312C60B942F9D161460433F8
:103A500059184B441D0003231A40BAE70500561EAF
:103A6000BAE74D461A00B4E70323CAB2F0B50340E3
:103A7000002A35D00324002B2DD1FF230B401D023B
:103A8000ED182B04ED182C000168264E4C408B19C4
:103A90008B43A119A143244E0B43334211D14168FA
:103AA000204F0C00CB196C408B43E119A1430B4311
:103AB00004303342F3D00378002B05D09A4204D06F
:103AC00001300378002BF9D10020F0BD9342FCD0E7
:103AD00001302042D1D00378002BF7D10020F4E749
:103AE000002B08D0032202E00130104203D00378FB
:103AF000002BF9D1E9E702680A4B0B49D31893432D
:103B00000B4206D14268074B0430D31893430B4253
:103B1000F8D00378002BD8D043780130002BFBD1AC
:103B2000D3E7C046FFFEFEFE808080808446F0B56D
:103B3000002A1DD0002303260F4F07E0251A8442D8
:103B400018D1002813D001339A4211D06046C45CCA
:103B50003D5D3540012D00D12034C85C3D5C3540D1
:103B6000012DEBD120300500201AAC42EBD0F0BD86
:103B70000020FCE72800FAE739ED031030B5002AF1
:103B800027D003000B439B0713D1032A11D9134DF0
:103B90000BE0043A002A1CD0114C1C199C432C4207
:103BA00017D104300431032A03D903680C68A342F7
:103BB000EFD00D78047801230139AC4207D00AE038
:103BC000002C06D0C45C0133CD5CAC4203D19A42D8
:103BD000F6D1002030BD601BFCE7C04680808080AD
:103BE000FFFEFEFE1B4B70B51B68050083422FD005
:103BF000416C002911D000268C59002C07D02100DF
:103C00002468280000F0ECF8002CF8D1696C043628
:103C1000802EF1D1280000F0E3F8A96B002902D032
:103C2000280000F0DDF82C6C002C06D02100246860
:103C3000280000F0D5F8002CF8D1E96C002902D05A
:103C4000280000F0CDF86B6B002B01D028009847BE
:103C500070BDC046081B0020002370B5064C05004F
:103C600008002360F1F712FD431C00D070BD2368EB
:103C7000002BFBD02B60F9E76C380020014B186853
:103C80007047C046081B0020802310B55B01082840
:103C900001D1180010BDFFF7F1FF16230360173B99
:103CA000F7E7C04603000A7801311A700133002A91
:103CB000F9D170477047C0467047C0467047C0464C
:103CC0007047C04610B583070AD00300032102E005
:103CD00001330B4205D01A78002AF9D1181A10BD09
:103CE000030019680C4A0D4C8A188A4322420FD1EE
:103CF0005968094A04338A188A43224208D159680C
:103D0000054A04338A188A432242F1D000E0013385
:103D10001A78002AFBD1E1E7FFFEFEFE808080805A
:103D2000002001497047C0460000F87FF0B5C64644
:103D3000060000B508200D00FFF7A6FF04003000C4
:103D4000FEF76EF9234B210098469B685F680323BA
:103D50009F4338001138401B0019EFF795F9451EB5
:103D60006543AC4208DC00213000FFF775FF434695
:103D70009B68DB19984206D03000FEF759F9002005
:103D800080BCB846F0BD30006942FFF765FF0130E6
:103D90000ED0012243467F1B9B6817430E4A5F608B
:103DA000136830005B1B1360FEF742F90120E7E760
:103DB00000213000FFF750FF43469A68831A0F2B0B
:103DC000DADD064C04492468001B086001210B431E
:103DD0005360D1E788150020EC2F00207C150020CF
:103DE000F0B5D6464F46464605000C00C0B5002942
:103DF00048D0FEF715F92100012708394B68032048
:103E00009C46BB43CE187268824360463840804669
:103E10006A4891468468B44200D17CE07260B4186C
:103E200064683C40A2464446002C30D10C68A4464D
:103E3000091B8C686344A4460824A0468044C445FA
:103E40005CD0CC68A04664464246E260946052462C
:103E5000002A1FD01F434F6033608022920093429C
:103E600030D2DA085C090123A3404468234343604D
:103E7000D3001B189A68CB608A609960D1602800D3
:103E8000FEF7D6F8E0BCBA46B146A846F0BD5246A9
:103E9000002A0FD101224B44CF18BC46B468484FCA
:103EA0001A43BC425BD0F668E660B4604A60624682
:103EB0001360D2E762463A434A6080223360920040
:103EC0009342CED35C0A042C3FD89C092600393497
:103ED0003836E40004192268083C0327944203D1D1
:103EE0004EE09268944203D05068B8439842F8D8A4
:103EF000D468CC608A60A160D160C0E75246002AD5
:103F000035D14B441A00B068F3681743C36098601A
:103F10004F608A50B3E74B441A004346002B06D14A
:103F20000B68C91A8C68D218CB68E3609C600123C7
:103F300013434B60234B81601B6893429FD8224BF5
:103F400028001968FFF7F2FE99E7142C13D9542CB6
:103F50001DD81C0B26006F346E36E400BAE7E16012
:103F6000A1604A606246CC608C60136087E71F43A3
:103F70004F60336083E726005C345B36E400A9E7DA
:103F80000123B610B340466833434360B1E7AA2229
:103F90005200944205D8DC0B260078347736E400D2
:103FA00098E70A4A944205D89C0C26007D347C365A
:103FB000E4008FE7FE247E26A4008BE7881500200E
:103FC00090150020801500201C30002054050000B2
:103FD000F0B5D6464F4646460369C0B50A009A4634
:103FE0004F11BB4208DC0023036100234361E0BCA6
:103FF000BA46B146A846F0BD1F218C46060064466D
:1040000014369D00BB007519F318114014421FD0DF
:104010002022521A944604CBCA4090469D4228D989
:10402000B14664461A68A240444622434C4604C442
:1040300004CBA146CA4090469D42F2D85346DC1BB1
:10404000A4003419043C2260002A0CD004340AE095
:1040500032009D42C7D902CB02C29D42FBD85346D3
:10406000DC1BA4003419A31B9B100361B442BED116
:10407000BBE74261002AB6D034000434F3E7C046FF
:10408000F0B5DE46454657464E46E0B588460968D7
:1040900093468A7887B003900593302A00D0CDE10B
:1040A000CB1C1D0001335A1E1278302AF9D0691A30
:1040B0008B1E9A46C24FBB5C002B00D1FCE0002255
:1040C00000242B789146BF4AFB5C0292002B00D162
:1040D0006AE12E0073780136FB5C002BFAD10122D5
:1040E00030000299FFF74AFD0190002852D00022CB
:1040F00033780192002C02D0A41BA200019220224E
:1041000034009343502B51D043461E604B46002B46
:104110007DD1631B013B0021072B03DD01315B10C7
:10412000072BFBDC039800F0F7FB8246002800D148
:104130008FE2142353440493A54200D3D1E198465F
:10414000002399463B0000264746A8464D4699461F
:104150000CE0202E19D03200043649462378CB5C7F
:104160000F210B4093401D4344455ED0013C237812
:104170002E2BEED14445ECD3012220000299FFF70B
:10418000FDFC0028F0D0202EE5D120C70022042617
:104190000025E2E7002C00D143E12022A41BA3006C
:1041A0000193337834009343502BADD163782B2B9C
:1041B00000D11EE12D2B00D0EBE00122A378A11C41
:1041C000FB5C2600581E18289ED84E1C4978103BD0
:1041D000795C180000290AD10CE083001B185B00F1
:1041E0000136581833781038F95C002901D01929A4
:1041F000F3DD0300002A00D05B42019A94469C4400
:104200006346019343461E604B46002B81D05346C4
:104210005A42534106245B421C40200007B0F0BCC8
:10422000BB46B246A946A046F0BDB846A94646469A
:104230004B4608C6049B4846F61A5346B6101E6104
:1042400000F046FC5B461D687601361AAE4251DC32
:1042500000DAD0E09B68019A934200DAC0E05B4646
:104260005B689A4200DB97E09C1A671EAC426FDAEB
:104270000026002F00D04EE11F21012339408B4042
:104280007A11049992008A58504621002D1B1A4237
:1042900000D12BE1FFF79CFE5B465B6801935B4618
:1042A000DC68022C00D1DBE0032C00D142E1012CC0
:1042B00000D16EE1122470E0424B01221900280067
:1042C0000293FFF75BFC814600286FD16B786C1C72
:1042D000FA5C002A6CD02500302B00D05DE16B78B1
:1042E0000135302BFBD0FB5C5A425A4191460122EA
:1042F0009246EBE6741B2100504601F077F8061E4B
:104300000FD01F210123601E01408B4042110499F0
:1043100092008A5801261A4203D0012800DD00E1EC
:10432000022621005046FFF753FE019B9C465B4648
:10433000A44462469B680192634551DB5B46019A47
:104340005B68934200DC7DE09C1AA54200DDD4E06E
:104350005A46D268022A37D0032A00D1F1E0012A56
:1043600035D1AC4233D1012C07D05046611E01F04B
:104370003DF800282BD05B465B68059A62241360E9
:10438000012352461361049A13605246109B1A602F
:1043900043E70022611C13E701245246109B1A6078
:1043A000059B019A1A6038E72E0098E62C002B78BE
:1043B00020229343502B00D1BEE043461C6026E7E9
:1043C0003CEE031058C40310119A002AD5D0514670
:1043D000039800F0C9FA0023109A502413601CE7D8
:1043E0005146039800F0C0FA0023109AA3241360EA
:1043F00013E70022E2E6AE1B32005146039800F0BC
:1044000053FD019B82469A1B5B469B6801929A4230
:10441000E6DC5B465B689A42BEDA142151440491A3
:1044200022E77378741CFA5C2600002A00D166E645
:1044300073780136FA5C002AFAD15DE600238D1C00
:104440009A4637E60124002EA7D05B46DB68022B94
:1044500006D0032B08D0012B55D010231C439CE71A
:104460000123119A9B1A1193119B002BF5D05346EF
:104470001F69049BBA0091461800984600214844E1
:1044800002E002C3984261D91A68561CF9D0013281
:104490001A60022C69D01F231E0021242E402B42BB
:1044A00000D17AE74B464344043B186800F010FB08
:1044B00020239B1B984200DB6FE7534619690029B4
:1044C00000DD93E0002352461361002352465361FE
:1044D0005B46019A9B6801320192934280DB212462
:1044E0005BE7049B984600239946A0E6FFF770FD22
:1044F0005B465B6802240193A5E7671E002E00D18E
:10450000B6E60126B8E6B307A7D5049B1B681E4391
:10451000F607ACD4A1E73900504600F067FF06006B
:10452000AAE65046A11E00F061FF002800D1F7E680
:104530000326F6E6022497E7002301930133994608
:1045400034E6119A002A00D017E740E753469B68EB
:104550009F4225DA53460122791C1961BB0053445E
:104560005A61049B9846022CA9D15B461B68222401
:10457000013BAB4200D010E71F21012329408B40B3
:1045800041466A11920054581C4063425C412134F8
:1045900003E7022302241E43B7E701239A4698E566
:1045A000534659680398013100F0B6F9061E56D0FB
:1045B000534651461A690C31023292000C30EFF723
:1045C0003BFF5146039800F0CFF901223369B24610
:1045D000591C9B00F31831615A6114239846B0446A
:1045E000022CC2D08F4200DB55E768E753465046A5
:1045F0005B698900414418305B0881421FD94446F9
:104600001A000368DB07134308C404C85208814238
:10461000F7D8130052468A1A4146193A9208920076
:10462000043152181360002B00D004324346514627
:10463000D31A9B100B61424500D049E745E742463B
:104640001360002B02D042460432EFE7524613615A
:104650003BE70022E421054B0548F1F75FF8002213
:104660008421024B0248F1F759F8C046B0C4031048
:10467000C4C4031030B5026808E013781D00413D42
:10468000192D00D820330131A34206D10C78013214
:10469000002CF2D10260012030BD0020FCE7C046B2
:1046A000F0B54546DE4657464E461F240300080037
:1046B000E0B525001100006887B042119200054066
:1046C0008A180395044200D09EE01000171F021FB5
:1046D000914600224846026018684678002E00D1B4
:1046E000AFE001906F48049380464B460F200024B2
:1046F0000022834601980193434602963D0026001E
:104700008946B846390092461F00029C15E0202CCD
:1047100000D98AE052450CDD8D4201D2072E55DDCD
:104720000826A94505D2291F002392460D00002620
:104730000B6084780130002C12D03B5D002BE6D05A
:1047400001360132082E39DC2C682401A4465C466F
:104750002340644623432B6084780130002CECD145
:10476000019B8C463400494647469946002A68D04A
:10477000654502D2072C00DC77E0A94247D20A0047
:104780002B0001CB01C29F42FBD26A1C781C002384
:10479000904266D200200A1D9B181A000433106054
:1047A000BB42FAD94B461B68002B05D1B94250D009
:1047B000043F3B68002BF9D0052043E0A945B8D25F
:1047C0000024043DA44601262C60C0E708239B1B5F
:1047D0009B009C46202364462E001C1B02952B68E0
:1047E00065460590944620002A0075682C00844098
:1047F0001C432B00D3403460736004368E42F4D3E4
:104800006246029D05988BE71700101D5FE74B4637
:10481000039A1B68002ACDD02020801A0122524220
:10482000C24013404A461360C4E7A24634005646CD
:104830004746804601988C46049B49468146292E6E
:104840000BD0042007B0F0BCBB46B246A946A04638
:10485000F0BD012305200B60F4E7404602301860EC
:1048600084E77D1BAD08AB0094E708262023361BA8
:10487000B6009B1B98462B6828001A000B003100DD
:104880006646AC464546984644682300AB40134311
:104890002200CA40036042600430B042F4D365464F
:1048A00041466AE73CEE031082B000290AD0002A94
:1048B0000BD0002B0BD013780B601078431E98415F
:1048C00002B0704701A9002AF3D10020F8E70220C6
:1048D0004042F5E7F8B54746CE46884680B5814662
:1048E000170000267D68BC68013D0DD4A389012B0B
:1048F00007D90E22A35E013303D021004846C047EA
:1049000006436834013DF1D23F68002FEAD1300000
:10491000C0BCB946B046F8BD436C70B504000D008C
:10492000002B0AD0AA009B18186800280ED0026835
:104930001A6000230361C36070BD21220421FDF7CA
:1049400021F8031E6064EDD10020F5E70126AE409A
:10495000721D012120009200FDF714F80028F3D009
:1049600045608660E5E7C046002906D04A68436C8A
:1049700092009B181A680A6019607047F0B5C64625
:104980001F008046002300B50E000D6914310C682D
:1049900001332004000C5043240C5443C019070C6D
:1049A000E4190004270C000C2404241810C19D42B3
:1049B000EDDC002F07D0B368AB4208DDAB00F31885
:1049C00001355F613561300080BCB846F0BD71686B
:1049D00040460131FFF7A0FF041E16D031003269B6
:1049E0000C31023292000C30EFF726FD434672681C
:1049F0005B6C92009B181A6832601E602600AB0048
:104A0000F31801355F613561DDE70022BA21024B01
:104A10000248F0F783FEC046B0C4031030C503104F
:104A2000F8B54746CE460600180080B50C000830A1
:104A300009211F009046EEF7FFFA092F3BDD012503
:104A400000216D000131A842FBDC3000FFF764FF5C
:104A5000011E32D0089B4361012303614346092BA9
:104A600016DC092398460A3447450CDD4346E7190E
:104A7000FF1A23780A223000303BFFF77FFF013412
:104A80000100BC42F5D10800C0BCB946B046F8BD33
:104A900009239946A1444D4644442B780A2230000C
:104AA000303BFFF76BFF01350100A542F5D14C46C5
:104AB0004444083CD8E70021C7E70022024B0348E2
:104AC000D331F0F72BFEC046B0C4031030C503103D
:104AD0008022030052020020934201D21B041030B6
:104AE00080225204934201D208301B0280225205D8
:104AF000934207D38022D205934214D29B0014D450
:104B0000033008E0802104301A01C9058A4203D32A
:104B1000D243D20F801870479A019B0105D40A42F4
:104B2000EED12020F7E71A00F2E70230F3E7C046A3
:104B30000368010010B55A0707D0DA072BD49A078B
:104B40002ED55B080360012010BD1A0410D1FF228E
:104B50001B0C10201A4201D108301B0A1A0717D06B
:104B60009A070ED0DA0701D401305B080B60EBE73F
:104B7000FF221A4211D01A071AD104201B099A07E2
:104B8000F0D19A085C070FD5130002300B60DBE709
:104B900004301B09F3E70020D6E708201B0ADDE7F5
:104BA0009B0803600220CFE7DB0805D12020CBE77C
:104BB000DB0803200B60C7E703300B60C4E7C04687
:104BC000436C70B504000D00002B0AD05868002813
:104BD00015D002685A600023C36001334561036148
:104BE00070BD21220421FCF7CDFE031E6064EDD1CF
:104BF00046210022084B0948FF31F0F78FFD1C22A7
:104C000001212000FCF7BEFE0028F1D00123436003
:104C100001338360DFE7C046B0C4031030C5031022
:104C2000F0B54E4657464546DE46E0B50B69166977
:104C30008A469146984685B0B34204DB33008946E4
:104C40004646924698464B4659684346F5184B46A9
:104C50009B68AB4200DA0131FFF75EFE071E00D110
:104C6000AAE014239C4684446346AC0064441800C4
:104C70000022A34202D204C39C42FCD814234B441A
:104C80009B46434651469B0098461431B6008844E3
:104C90005E44414576D200239A464B4615339E42E8
:104CA00000D382E05B460193434600935346B446EB
:104CB000A246AB46B9460C00029306E02D0C32D159
:104CC000009B04340430A34259D925682B04190CE5
:104CD000002BF3D0019D5346A04600260C008246CF
:104CE0002F00039308CF01681A04120C62431B0CB7
:104CF0000D0463432D0C52199219090C5B18110C09
:104D00005B1812041E0C120C1B04134308C0BC4594
:104D1000E8D850464446039B9A46029BC3185E60FF
:104D200025682D0CCCD0060000220368A046604602
:104D300019001400B446019F3A88090C6A431219FD
:104D400052181B0411041B0C0B43336010CF716805
:104D5000240C6C430B041B0CE318120C9B181C0C4A
:104D60000436B842E8D86246844610004446029AA7
:104D7000043482185360009B0430A342A5D85446E3
:104D80005D464F46002D03DC06E0013D002D03D0BB
:104D9000043C2368002BF8D038003D6105B0F0BC1E
:104DA000BB46B246A946A046F0BD4B46F31A153B9A
:104DB0009B089B009A4675E7B1210022024B0348ED
:104DC0004900F0F7ABFCC046B0C4031030C5031077
:104DD000F8B5032347461400CE461A0080B50E00EE
:104DE00007002240234239D1A41032D03D6C002D5F
:104DF0003DD0012398460023994643462340641042
:104E0000002B08D12868002819D00500434623400C
:104E10006410002BF6D02A0031003800FFF700FFA5
:104E2000002E06D072687B6C92009B181A68326064
:104E30001E60002C0ED0060028680028E5D12A004C
:104E400029003800FFF7ECFE4B46286005000360A0
:104E5000DCE73000C0BCB946B046F8BD0E4B013AA5
:104E60009200D2580023FFF789FD0600BCE701211C
:104E70003800FFF751FD051E07D0084B43610123A1
:104E80000361002338640360B3E746210022044B2A
:104E90000448FF31F0F742FC3CEF031071020000C0
:104EA000B0C4031030C50310F0B54546DE46574682
:104EB0004E46E0B50D002B6954119846A044434678
:104EC0005E1CAB6883461700496883B09E4203DDD1
:104ED00001315B009E42FBDC5846FFF71DFD844616
:104EE000002854D0010014310B000191002C0CDD7E
:104EF000A400220000201432624401C39342FCD17A
:104F0000019B9946A1444B4601931F222B0011009F
:104F10002C691433A40039408A461C193A4230D017
:104F20000132521A91460027019851461A688A4068
:104F30003A4304C04A4680CBD7409C42F5D82A0069
:104F400015320023944203D3631B153B9B089B003F
:104F5000019A91464B445F60002F00D1464663465C
:104F60001E615B4660466A685B6C92009B181A681B
:104F70002A601D6003B0F0BCBB46B246A946A046FD
:104F8000F0BD019904CB04C19C42FBD8E6E7EF21B8
:104F90000022024B02484900F0F7C0FBB0C40310E6
:104FA00030C5031002690B6930B50500D01A9A426A
:104FB00014D19B0014351431EA18CB1801E0954246
:104FC0000CD2043A043B146819688C42F7D00023D1
:104FD0008C425B4102205B421840013830BDC04624
:104FE000F0B545469046DE4657464E464346E0B548
:104FF0000A690C00196983B0551A8A4214D1270036
:1050000042468900143714327B18521802E09F423E
:1050100000D396E0043B043A1E6811688E42F6D035
:1050200000D399E0012504E0002DFBDBA04600251C
:105030001C0043465968FFF76FFC8446002800D1E6
:1050400094E043461A6914339600B246C5609A4408
:10505000654600935346216920008900894614352E
:10506000002101932B00143081444D46A3461427A0
:105070000C00924601009946434601C9DE590204DC
:105080003304120C1B0C9B1A62461B19000C360CC5
:10509000361A181430181B0404141B0C00040343A4
:1050A000D35104378D42E7D82100019C484652462F
:1050B000A2465C46A9460500200015301E000027C8
:1050C000009B814504D34846001B153880088700A3
:1050D0007819041DDF19A0463C1DA146EF1A0300F4
:1050E000A2451DD93B00574692461A000E00A5184E
:1050F00001CC03041B0C5B181B14010C86195B18F4
:1051000036041914360C1B041E432E60A742EDD83A
:105110003B0049465246013B5B1A9B089B004344B7
:10512000002E04D1043B1968013A0029FAD06346E5
:105130001A61604603B0F0BCBB46B246A946A04621
:10514000F0BD0021FFF7E8FB8446002808D00123CA
:10515000036100234361ECE74346A0461C0068E777
:105160000022054B05480649F0F7D8FA0022024B09
:1051700002480449F0F7D2FAB0C4031030C5031056
:1051800037020000450200000D4A0E4B94460B40CA
:1051900063440022002B02DD1900100070475B42BF
:1051A0001915132903DC80231B030B41F4E7143981
:1051B00001221E2902DC80221206CA400023EBE7EE
:1051C0000000C0FC0000F07FF8B506004746CE4660
:1051D00004691436A4003419231F1D6880B5280003
:1051E0000F009846FFF774FC2022111A0300396063
:1051F0000A282EDD07000B3F464519D208235B42E3
:105200009C46A44463461B68002F1AD01900D21B89
:10521000D140BD409146194A0D432A431100BB407D
:10522000664511D24A460C3C2468D44023430BE027
:105230000B2805D0BD40114B2B431900002303E080
:1052400000230E4A2A4311001800C0BCB946B046DC
:10525000F8BD2F00153A121AD7409146074A3A4333
:1052600011000027464503D24A46083C2768D7402C
:1052700015339D402B003B43E6E7C0460000F03F5E
:10528000F0B5012183B014001D00FFF745FB061E99
:1052900047D02B036F001B0B7F0D02D080225203DF
:1052A00013430193002C16D101A8FFF741FC012400
:1052B000019B203073613461002F23D01C4B3524B7
:1052C0009C46089B67443F181F60241A3000099BC6
:1052D0001C6003B0F0BD68460094FFF729FC019CF8
:1052E000009B002806D020222100121A9140C440C1
:1052F0000B4301947361B461631E9C4101343461BA
:10530000002FDBD10B4B9C46089B604418600023A8
:10531000E3189B00F3181869FFF7DAFB6401241AFD
:10532000D4E70022044B05480549F0F7F7F9C046D9
:10533000CDFBFFFFCEFBFFFFB0C4031030C5031051
:105340000F030000F0B5CE46474680B585B08846CD
:1053500002A98146FFF738FF04000D00404603A96B
:10536000FFF732FF02000B00404649460069096919
:1053700000920193091A4901884602980399401A3C
:105380000100414400290BDD09054F193D002000B3
:105390002900EEF7C6F805B0C0BCB946B046F0BD6E
:1053A00009055B1A0193009A019BF0E7130001398C
:1053B00070B54C111169013414338900A4005918D7
:1053C00004198B420AD2050040CB40C59942FBD854
:1053D0008B1A153B9B089B0004301818844203D994
:1053E000002308C08442FCD870BDC04610B504003C
:1053F00002691434481182420ADA9200A31803E0C9
:10540000043B1A68002A14D1A342F9D8002010BD29
:105410008300E3188242F7DD1F22100008400A4291
:10542000F2D019680A00C240824001209142EED1B8
:10543000EAE70120EBE7C046002909D0FF2A02D89D
:1054400001200A7070478A23036001204042F9E777
:105450000020F7E770B506000C1E3FD0002802D0F0
:10546000436B002B47D001250C22A35E626E2A42BB
:1054700032D19B0542D521003000FEF77BF8E36A6C
:105480000500002B04D03000E1699847002828DB94
:10549000A3891B062AD4216B002908D0230040339E
:1054A000994202D03000FEF79BFC00232363616C1D
:1054B000002904D03000FEF793FC00236364FEF75C
:1054C0003DFA0023A381636EDB0725D5A06DFEF7AF
:1054D000F3FBFEF73BFA02E0002BCCD100252800BD
:1054E00070BD0125A3896D421B06D4D5300021690A
:1054F000FEF776FCCFE7FEF705FAB4E7A06DFEF7FE
:10550000DDFB0C22A35E002BB5D1636E2B42E5D1EF
:10551000A06DFEF7D5FBE1E7A06DFEF7D1FBD5E767
:1055200070B50C000E25495F00F070F8002803DB11
:10553000236D1B18236570BDA389024A1340A38104
:10554000F9E7C046FFEFFFFFF8B50C001F000C2382
:10555000C95E05001600CB050AD40A4B320019407B
:105560002800A1810E23E15E3B0000F063F8F8BD46
:105570000E23E15E0022022300F034F80C23E15EEA
:10558000EBE7C046FFEFFFFF70B50C000E25495F4B
:1055900000F028F80C22A35E421C05D080225201A4
:1055A00013432065A38170BD014A1340FAE7C0464A
:1055B000FFEFFFFF10B50E23C95E00F001F810BD2C
:1055C000002370B5064C050008002360F0F79DF835
:1055D000431C00D070BD2368002BFBD02B60F9E783
:1055E0006C38002070B50400080011001A00002378
:1055F000054D2B60F0F78CF8431C00D070BD2B6874
:10560000002BFBD02360F9E76C38002070B5040054
:10561000080011001A000023054D2B60F0F752F826
:10562000431C00D070BD2B68002BFBD02360F9E732
:105630006C38002070B50400080011001A00002327
:10564000054D2B60F0F750F8431C00D070BD2B685F
:10565000002BFBD02360F9E76C380020F8B5C0467A
:1056600001B40248844601BC604700BF51010020DC
:1056700001B40248844601BC604700BF65050020B4
:1056800001B40248844601BC604700BFAF0D002052
:1056900001B40248844601BC604700BF51030020AA
:1056A00001B40248844601BC604700BF411000209D
:1056B00001B40248844601BC604700BFB509002020
:1056C00001B40248844601BC604700BF890900203C
:1056D00001B40248844601BC604700BFAD0400200D
:1056E00001B40248844601BC604700BF411000205D
:1056F00001B40248844601BC604700BF3D0600205B
:1057000001B40248844601BC604700BF2B02002060
:1057100001B40248844601BC604700BFF503002085
:1057200001B40248844601BC604700BF1503002055
:1057300001B40248844601BC604700BF750D0020DB
:1057400001B40248844601BC604700BF6D020020DE
:1057500001B40248844601BC604700BFE10200205A
:1057600001B40248844601BC604700BFDD0A002046
:1057700001B40248844601BC604700BF850A00208E
:1057800001B40248844601BC604700BF850E00207A
:1057900001B40248844601BC604700BF910A002062
:1057A00001B40248844601BC604700BFED010020FF
:1057B00001B40248844601BC604700BFC10000201C
:1057C0006E6F646520213D206E756C6C7074720084
:1057D0007374617469632041726475696E6F4A7392
:1057E0006F6E3A3A56373432484232323A3A64654A
:1057F0007461696C3A3A537472696E674E6F64658E
:105800002A2041726475696E6F4A736F6E3A3A5618
:10581000373432484232323A3A64657461696C3ADC
:105820003A537472696E674E6F64653A3A72657383
:10583000697A652841726475696E6F4A736F6E3A52
:105840003A56373432484232323A3A6465746169C2
:105850006C3A3A537472696E674E6F64652A2C20F5
:1058600073697A655F742C2041726475696E6F4A42
:10587000736F6E3A3A56373432484232323A3A41CE
:105880006C6C6F6361746F722A2900002F55736509
:1058900072732F746C6561766974742F7069636FAD
:1058A0002F70726F6A656374732F7069636F5369C9
:1058B000676E616C732F41726475696E6F4A736FA6
:1058C0006E2F7372632F41726475696E6F4A736FC6
:1058D0006E2F4D656D6F72792F537472696E674EBE
:1058E0006F64652E687070007374725F20213D20B4
:1058F00030000000636861722041726475696E6FE8
:105900004A736F6E3A3A56373432484232323A3A34
:1059100064657461696C3A3A52616D537472696E70
:10592000673A3A6F70657261746F725B5D28736974
:105930007A655F742920636F6E7374002F557365E9
:1059400072732F746C6561766974742F7069636FFC
:105950002F70726F6A656374732F7069636F536918
:10596000676E616C732F41726475696E6F4A736FF5
:105970006E2F7372632F41726475696E6F4A736F15
:105980006E2F537472696E67732F41646170746512
:1059900072732F52616D537472696E672E687070E6
:1059A0000000000069203C3D2073697A65282900C9
:1059B000737472696E67735F203D3D206E756C6C09
:1059C0007074720041726475696E6F4A736F6E3ADB
:1059D0003A56373432484232323A3A646574616931
:1059E0006C3A3A537472696E67506F6F6C3A3A7ED4
:1059F000537472696E67506F6F6C28290000000045
:105A00002F55736572732F746C6561766974742F8A
:105A10007069636F2F70726F6A656374732F70693A
:105A2000636F5369676E616C732F41726475696E41
:105A30006F4A736F6E2F7372632F41726475696E54
:105A40006F4A736F6E2F4D656D6F72792F5374723D
:105A5000696E67506F6F6C2E68707000766F696446
:105A60002041726475696E6F4A736F6E3A3A5637A9
:105A70003432484232323A3A64657461696C3A3A77
:105A8000537472696E67506F6F6C3A3A6164642840
:105A900041726475696E6F4A736F6E3A3A56373465
:105AA00032484232323A3A64657461696C3A3A5328
:105AB0007472696E674E6F64652A2900736C6F7427
:105AC0005F20213D206E756C6C70747200000000C8
:105AD00041726475696E6F4A736F6E3A3A56373425
:105AE00032484232323A3A64657461696C3A3A56E5
:105AF000617269616E74446174612A2041726475D7
:105B0000696E6F4A736F6E3A3A5637343248423292
:105B1000323A3A64657461696C3A3A436F6C6C6509
:105B20006374696F6E4974657261746F723A3A6F2B
:105B300070657261746F722D3E2829002F55736550
:105B400072732F746C6561766974742F7069636FFA
:105B50002F70726F6A656374732F7069636F536916
:105B6000676E616C732F41726475696E6F4A736FF3
:105B70006E2F7372632F41726475696E6F4A736F13
:105B80006E2F436F6C6C656374696F6E2F436F6C1F
:105B90006C656374696F6E446174612E6870700027
:105BA000747970655F203D3D2056617269616E7445
:105BB000547970653A3A4E756C6C0000766F696482
:105BC0002041726475696E6F4A736F6E3A3A563748
:105BD0003432484232323A3A64657461696C3A3A16
:105BE00056617269616E74446174613A3A736574A6
:105BF000426F6F6C65616E28626F6F6C29000000E8
:105C00002F55736572732F746C6561766974742F88
:105C10007069636F2F70726F6A656374732F706938
:105C2000636F5369676E616C732F41726475696E3F
:105C30006F4A736F6E2F7372632F41726475696E52
:105C40006F4A736F6E2F56617269616E742F566161
:105C50007269616E74446174612E68707000000036
:105C6000766F69642041726475696E6F4A736F6EF6
:105C70003A3A56373432484232323A3A64657461BD
:105C8000696C3A3A56617269616E74446174613A42
:105C90003A7365744F776E6564537472696E6728E2
:105CA00041726475696E6F4A736F6E3A3A56373453
:105CB00032484232323A3A64657461696C3A3A5316
:105CC0007472696E674E6F64652A2900417264754B
:105CD000696E6F4A736F6E3A3A56373432484232C1
:105CE000323A3A64657461696C3A3A417272617928
:105CF00044617461262041726475696E6F4A736FE6
:105D00006E3A3A56373432484232323A3A6465741F
:105D100061696C3A3A56617269616E74446174618A
:105D20003A3A746F41727261792829004172647540
:105D3000696E6F4A736F6E3A3A5637343248423260
:105D4000323A3A64657461696C3A3A4F626A6563E3
:105D50007444617461262041726475696E6F4A7380
:105D60006F6E3A3A56373432484232323A3A6465C4
:105D70007461696C3A3A56617269616E7444617417
:105D8000613A3A746F4F626A6563742829000000B3
:105D90006E6F64655F20213D206E756C6C7074724F
:105DA0000000000041726475696E6F4A736F6E3A4D
:105DB0003A56373432484232323A3A4A736F6E5367
:105DC0007472696E672041726475696E6F4A736F91
:105DD0006E3A3A56373432484232323A3A6465744F
:105DE00061696C3A3A537472696E674275696C64A2
:105DF00065723A3A737472282920636F6E73740067
:105E00002F55736572732F746C6561766974742F86
:105E10007069636F2F70726F6A656374732F706936
:105E2000636F5369676E616C732F41726475696E3D
:105E30006F4A736F6E2F7372632F41726475696E50
:105E40006F4A736F6E2F4D656D6F72792F53747239
:105E5000696E674275696C6465722E6870700000C7
:105E60007374617469635F636173743C73697A65A9
:105E70005F743E28636F64655F29203C2073697AF4
:105E8000656F66286D6573736167657329202F20C0
:105E900073697A656F66286D657373616765735B97
:105EA000305D2900636F6E737420636861722A200D
:105EB00041726475696E6F4A736F6E3A3A56373441
:105EC00032484232323A3A446573657269616C69AC
:105ED0007A6174696F6E4572726F723A3A635F737A
:105EE0007472282920636F6E737400002F557365D8
:105EF00072732F746C6561766974742F7069636F47
:105F00002F70726F6A656374732F7069636F536962
:105F1000676E616C732F41726475696E6F4A736F3F
:105F20006E2F7372632F41726475696E6F4A736F5F
:105F30006E2F446573657269616C697A6174696F0B
:105F40006E2F446573657269616C697A6174696FFB
:105F50006E4572726F722E687070000076616C759B
:105F6000655F203E2030000041726475696E6F4AA3
:105F7000736F6E3A3A56373432484232323A3A44C4
:105F80006573657269616C697A6174696F6E4F706F
:105F900074696F6E3A3A4E657374696E674C696DD9
:105FA00069742041726475696E6F4A736F6E3A3A14
:105FB00056373432484232323A3A44657365726930
:105FC000616C697A6174696F6E4F7074696F6E3A53
:105FD0003A4E657374696E674C696D69743A3A64D8
:105FE000656372656D656E74282920636F6E7374C6
:105FF000000000002F55736572732F746C65617615
:106000006974742F7069636F2F70726F6A6563743F
:10601000732F7069636F5369676E616C732F417280
:106020006475696E6F4A736F6E2F7372632F41725E
:106030006475696E6F4A736F6E2F4465736572691C
:10604000616C697A6174696F6E2F4E657374696EE5
:10605000674C696D69742E687070000074797065A2
:106060005F203D3D204E756D626572547970653AD2
:106070003A5369676E6564496E74656765720000BE
:1060800041726475696E6F4A736F6E3A3A5637346F
:1060900032484232323A3A4A736F6E496E746567DB
:1060A00065722041726475696E6F4A736F6E3A3A19
:1060B00056373432484232323A3A64657461696C18
:1060C0003A3A4E756D6265723A3A61735369676E1A
:1060D0006564496E7465676572282920636F6E7305
:1060E000740000002F55736572732F746C656176B0
:1060F0006974742F7069636F2F70726F6A6563744F
:10610000732F7069636F5369676E616C732F41728F
:106110006475696E6F4A736F6E2F7372632F41726D
:106120006475696E6F4A736F6E2F4E756D6265721E
:10613000732F70617273654E756D6265722E687033
:1061400070000000747970655F203D3D204E756DD4
:10615000626572547970653A3A556E7369676E6517
:1061600064496E7465676572000000004172647571
:10617000696E6F4A736F6E3A3A563734324842321C
:10618000323A3A4A736F6E55496E742041726475A3
:10619000696E6F4A736F6E3A3A56373432484232FC
:1061A000323A3A64657461696C3A3A4E756D62656B
:1061B000723A3A6173556E7369676E6564496E74BD
:1061C00065676572282920636F6E73740000000094
:1061D000747970655F203D3D204E756D6265725427
:1061E0007970653A3A466C6F61740000666C6F6155
:1061F000742041726475696E6F4A736F6E3A3A56D5
:10620000373432484232323A3A64657461696C3AE2
:106210003A4E756D6265723A3A6173466C6F61749D
:10622000282920636F6E7374000000007479706514
:106230005F203D3D204E756D626572547970653A00
:106240003A446F75626C6500646F75626C652041DD
:10625000726475696E6F4A736F6E3A3A56373432AC
:10626000484232323A3A64657461696C3A3A4E7522
:106270006D6265723A3A6173446F75626C65282984
:1062800020636F6E737400005B2530372E33665DBC
:10629000200000004A534F4E207772697474656E77
:1062A00020746F20666C6173680000004A534F4E83
:1062B000206D6174636865642C206E6F7420777242
:1062C000697474656E000000537461636B206F76AF
:1062D0006572666C6F7720696E207461736B202520
:1062E000730A00004661696C656420746F20616CFC
:1062F0006C6F63617465206D656D6F72790A000063
:106300005265626F6F740000496E7075742046614B
:10631000756C74004F7574707574204661756C747B
:1063200000000000526164696F204661756C740062
:10633000636F756E745F203D3D203000417264755F
:10634000696E6F4A736F6E3A3A563734324842324A
:10635000323A3A64657461696C3A3A4D656D6F72B0
:1063600079506F6F6C4C6973743C543E3A3A7E4D71
:10637000656D6F7279506F6F6C4C6973742829204A
:106380005B776974682054203D2041726475696EA2
:106390006F4A736F6E3A3A56373432484232323A65
:1063A0003A64657461696C3A3A5265736F757263E9
:1063B000654D616E616765723A3A536C6F74446102
:1063C00074615D002F55736572732F746C6561760F
:1063D0006974742F7069636F2F70726F6A6563746C
:1063E000732F7069636F5369676E616C732F4172AD
:1063F0006475696E6F4A736F6E2F7372632F41728B
:106400006475696E6F4A736F6E2F4D656D6F72792B
:106410002F4D656D6F7279506F6F6C4C6973742E70
:10642000687070007074725F20213D206E756C6C16
:1064300070747200542A2041726475696E6F4A73D9
:106440006F6E3A3A56373432484232323A3A6465DD
:106450007461696C3A3A536C6F743C543E3A3A6FCB
:1064600070657261746F722D3E282920636F6E73A0
:1064700074205B776974682054203D2041726475F4
:10648000696E6F4A736F6E3A3A5637343248423209
:10649000323A3A64657461696C3A3A56617269617C
:1064A0006E74446174615D002F55736572732F744F
:1064B0006C6561766974742F7069636F2F70726F89
:1064C0006A656374732F7069636F5369676E616C7B
:1064D000732F41726475696E6F4A736F6E2F73729A
:1064E000632F41726475696E6F4A736F6E2F4D65CD
:1064F0006D6F72792F4D656D6F7279506F6F6C2E65
:10650000687070002870203D3D206E756C6C707452
:106510007229203D3D20286964203D3D204E554C88
:106520004C5F534C4F54290041726475696E6F4A39
:10653000736F6E3A3A56373432484232323A3A64DE
:10654000657461696C3A3A536C6F743C543E3A3AE4
:10655000536C6F7428542A2C2041726475696E6FD5
:106560004A736F6E3A3A56373432484232323A3AC8
:1065700064657461696C3A3A536C6F74496429209C
:106580005B776974682054203D2041726475696EA0
:106590006F4A736F6E3A3A56373432484232323A63
:1065A0003A64657461696C3A3A56617269616E74F5
:1065B000446174613B2041726475696E6F4A736F08
:1065C0006E3A3A56373432484232323A3A64657457
:1065D00061696C3A3A536C6F744964203D2073686A
:1065E0006F727420756E7369676E656420696E746E
:1065F0005D000000542A2041726475696E6F4A7311
:106600006F6E3A3A56373432484232323A3A64651B
:106610007461696C3A3A536C6F743C543E3A3A6F09
:1066200070657261746F722D3E282920636F6E73DE
:1066300074205B776974682054203D204172647532
:10664000696E6F4A736F6E3A3A5637343248423247
:10665000323A3A64657461696C3A3A5265736F759F
:106660007263654D616E616765723A3A536C6F741F
:10667000446174615D00000041726475696E6F4A27
:10668000736F6E3A3A56373432484232323A3A648D
:10669000657461696C3A3A536C6F743C543E3A3A93
:1066A000536C6F7428542A2C2041726475696E6F84
:1066B0004A736F6E3A3A56373432484232323A3A77
:1066C00064657461696C3A3A536C6F74496429204B
:1066D0005B776974682054203D2041726475696E4F
:1066E0006F4A736F6E3A3A56373432484232323A12
:1066F0003A64657461696C3A3A5265736F75726396
:10670000654D616E616765723A3A536C6F744461AE
:1067100074613B2041726475696E6F4A736F6E3AA3
:106720003A56373432484232323A3A6465746169D3
:106730006C3A3A536C6F744964203D2073686F72F1
:106740007420756E7369676E656420696E745D0090
:1067500041726475696E6F4A736F6E3A3A56373498
:1067600032484232323A3A64657461696C3A3A535B
:106770006C6F743C543E3A3A536C6F7428542A2C14
:106780002041726475696E6F4A736F6E3A3A56377C
:106790003432484232323A3A64657461696C3A3A4A
:1067A000536C6F74496429205B77697468205420A6
:1067B0003D2041726475696E6F4A736F6E3A3A5646
:1067C000373432484232323A3A64657461696C3A1D
:1067D0003A56617269616E74457874656E73696F5B
:1067E0006E3B2041726475696E6F4A736F6E3A3A00
:1067F00056373432484232323A3A64657461696CD1
:106800003A3A536C6F744964203D2073686F727418
:1068100020756E7369676E656420696E745D000033
:10682000766F69642041726475696E6F4A736F6E2A
:106830003A3A56373432484232323A3A64657461F1
:10684000696C3A3A56617269616E74446174613A76
:106850003A73657454696E79537472696E6728630C
:106860006F6E737420544164617074656453747204
:10687000696E672629205B776974682054416461DA
:1068800070746564537472696E67203D2041726450
:1068900075696E6F4A736F6E3A3A563734324842B2
:1068A00032323A3A64657461696C3A3A52616D53B6
:1068B0007472696E675D0000732E73697A652829AA
:1068C000203C3D2074696E79537472696E674D6126
:1068D000784C656E677468006320213D20300000AD
:1068E000706F6F6C735F20213D206E756C6C7074DF
:1068F00072000000766F69642041726475696E6F82
:106900004A736F6E3A3A56373432484232323A3A24
:1069100064657461696C3A3A4D656D6F7279506F58
:106920006F6C4C6973743C543E3A3A736872696E8A
:106930006B546F4669742841726475696E6F4A734F
:106940006F6E3A3A56373432484232323A3A416CF4
:106950006C6F6361746F722A29205B776974682099
:1069600054203D2041726475696E6F4A736F6E3AB0
:106970003A56373432484232323A3A646574616981
:106980006C3A3A5265736F757263654D616E6167FB
:1069900065723A3A536C6F74446174615D00000033
:1069A0006964203C2075736167655F00542A20414B
:1069B000726475696E6F4A736F6E3A3A5637343245
:1069C000484232323A3A64657461696C3A3A4D65CC
:1069D0006D6F7279506F6F6C3C543E3A3A676574D4
:1069E000536C6F742841726475696E6F4A736F6E71
:1069F0003A3A56373432484232323A3A6465746130
:106A0000696C3A3A536C6F7449642920636F6E73F2
:106A100074205B776974682054203D20417264754E
:106A2000696E6F4A736F6E3A3A5637343248423263
:106A3000323A3A64657461696C3A3A5265736F75BB
:106A40007263654D616E616765723A3A536C6F743B
:106A5000446174613B2041726475696E6F4A736F63
:106A60006E3A3A56373432484232323A3A646574B2
:106A700061696C3A3A536C6F744964203D207368C5
:106A80006F727420756E7369676E656420696E74C9
:106A90005D000000706F6F6C496E646578203C206B
:106AA000636F756E745F0000542A204172647569CB
:106AB0006E6F4A736F6E3A3A56373432484232320A
:106AC0003A3A64657461696C3A3A4D656D6F7279F2
:106AD000506F6F6C4C6973743C543E3A3A676574FE
:106AE000536C6F742841726475696E6F4A736F6E70
:106AF0003A3A56373432484232323A3A646574612F
:106B0000696C3A3A536C6F7449642920636F6E73F1
:106B100074205B776974682054203D20417264754D
:106B2000696E6F4A736F6E3A3A5637343248423262
:106B3000323A3A64657461696C3A3A5265736F75BA
:106B40007263654D616E616765723A3A536C6F743A
:106B5000446174613B2041726475696E6F4A736F62
:106B60006E3A3A56373432484232323A3A646574B1
:106B700061696C3A3A536C6F744964203D207368C4
:106B80006F727420756E7369676E656420696E74C8
:106B90005D000000667265654C6973745F20213D7D
:106BA000204E554C4C5F534C4F540000417264755D
:106BB000696E6F4A736F6E3A3A56373432484232D2
:106BC000323A3A64657461696C3A3A536C6F743C5A
:106BD000543E2041726475696E6F4A736F6E3A3A23
:106BE00056373432484232323A3A64657461696CDD
:106BF0003A3A4D656D6F7279506F6F6C4C69737472
:106C00003C543E3A3A616C6C6F6346726F6D4672EB
:106C100065654C6973742829205B77697468205412
:106C2000203D2041726475696E6F4A736F6E3A3A07
:106C300056373432484232323A3A64657461696C8C
:106C40003A3A5265736F757263654D616E6167653F
:106C5000723A3A536C6F74446174615D00000000D5
:106C6000736C6F745F000000766F6964204172641A
:106C700075696E6F4A736F6E3A3A563734324842CE
:106C800032323A3A64657461696C3A3A436F6C6CBB
:106C9000656374696F6E4974657261746F723A3AB4
:106CA0006E65787428636F6E7374204172647569C1
:106CB0006E6F4A736F6E3A3A563734324842323208
:106CC0003A3A64657461696C3A3A5265736F7572E9
:106CD00063654D616E616765722A29002F55736582
:106CE00072732F746C6561766974742F7069636F49
:106CF0002F70726F6A656374732F7069636F536965
:106D0000676E616C732F41726475696E6F4A736F41
:106D10006E2F7372632F41726475696E6F4A736F61
:106D20006E2F436F6C6C656374696F6E2F436F6C6D
:106D30006C656374696F6E496D706C2E687070005D
:106D4000636F756E745F203E203000004172647581
:106D5000696E6F4A736F6E3A3A5637343248423230
:106D6000323A3A64657461696C3A3A536C6F743CB8
:106D7000543E2041726475696E6F4A736F6E3A3A81
:106D800056373432484232323A3A64657461696C3B
:106D90003A3A4D656D6F7279506F6F6C4C697374D0
:106DA0003C543E3A3A616C6C6F6346726F6D4C6155
:106DB0007374506F6F6C2829205B77697468205456
:106DC000203D2041726475696E6F4A736F6E3A3A66
:106DD00056373432484232323A3A64657461696CEB
:106DE0003A3A5265736F757263654D616E6167659E
:106DF000723A3A536C6F74446174615D0000000034
:106E0000636170203E203000766F696420417264B7
:106E100075696E6F4A736F6E3A3A5637343248422C
:106E200032323A3A64657461696C3A3A4D656D6F15
:106E30007279506F6F6C3C543E3A3A63726561747C
:106E4000652841726475696E6F4A736F6E3A3A567F
:106E5000373432484232323A3A64657461696C3A86
:106E60003A536C6F74436F756E742C204172647565
:106E7000696E6F4A736F6E3A3A563734324842320F
:106E8000323A3A416C6C6F6361746F722A29205BED
:106E9000776974682054203D2041726475696E6F73
:106EA0004A736F6E3A3A56373432484232323A3A7F
:106EB00064657461696C3A3A5265736F75726365A3
:106EC0004D616E616765723A3A536C6F74446174D8
:106ED000613B2041726475696E6F4A736F6E3A3A16
:106EE00056373432484232323A3A64657461696CDA
:106EF0003A3A536C6F74436F756E74203D2073681B
:106F00006F727420756E7369676E656420696E7444
:106F10005D0000002173312E69734E756C6C282959
:106F20000000000041726475696E6F4A736F6E3ABB
:106F30003A56373432484232323A3A6465746169BB
:106F40006C3A3A656E61626C655F69665F743C2895
:106F500028626F6F6C2928544164617074656453B2
:106F60007472696E67313A3A74797065536F7274EE
:106F70004B6579203C3D20544164617074656453D5
:106F80007472696E67323A3A74797065536F7274CD
:106F90004B657929292C20626F6F6C3E2041726409
:106FA00075696E6F4A736F6E3A3A5637343248429B
:106FB00032323A3A64657461696C3A3A7374726950
:106FC0006E67457175616C732854416461707465B6
:106FD00064537472696E67312C205441646170741B
:106FE0006564537472696E673229205B77697468CF
:106FF000205441646170746564537472696E6731C2
:10700000203D2052616D537472696E673B2054417C
:10701000646170746564537472696E6732203D20D8
:1070200052616D537472696E673B20656E61626C6C
:10703000655F69665F743C2828626F6F6C2928540D
:1070400041646170746564537472696E67313A3A71
:1070500074797065536F72744B6579203C3D205490
:1070600041646170746564537472696E67323A3A50
:1070700074797065536F72744B657929292C20627D
:107080006F6F6C3E203D20626F6F6C5D00000000F2
:107090002F55736572732F746C6561766974742FE4
:1070A0007069636F2F70726F6A656374732F706994
:1070B000636F5369676E616C732F41726475696E9B
:1070C0006F4A736F6E2F7372632F41726475696EAE
:1070D0006F4A736F6E2F537472696E67732F537498
:1070E00072696E6741646170746572732E68707046
:1070F000000000002173322E69734E756C6C2829D4
:107100000000000076617269616E7420213D206E7E
:10711000756C6C7074720000766F696420417264E3
:1071200075696E6F4A736F6E3A3A56373432484219
:1071300032323A3A64657461696C3A3A53747269EE
:107140006E674275696C6465723A3A736176652858
:1071500041726475696E6F4A736F6E3A3A5637348E
:1071600032484232323A3A64657461696C3A3A564E
:10717000617269616E74446174612A2900000000C3
:107180007320213D2030000041726475696E6F4AA2
:10719000736F6E3A3A56373432484232323A3A6472
:1071A000657461696C3A3A4E756D62657220417220
:1071B0006475696E6F4A736F6E3A3A563734324867
:1071C0004232323A3A64657461696C3A3A7061727B
:1071D00073654E756D62657228636F6E737420639C
:1071E0006861722A2900000073747220213D206EAC
:1071F000756C6C7074720000542041726475696E15
:107200006F4A736F6E3A3A56373432484232323AE6
:107210003A64657461696C3A3A56617269616E7478
:10722000446174613A3A6173496E74656772616C66
:1072300028636F6E73742041726475696E6F4A7350
:107240006F6E3A3A56373432484232323A3A6465CF
:107250007461696C3A3A5265736F757263654D611A
:107260006E616765722A2920636F6E7374205B7785
:107270006974682054203D20756E7369676E65647B
:1072800020636861725D000041726475696E6F4AC7
:10729000736F6E3A3A56373432484232323A3A6471
:1072A000657461696C3A3A656E61626C655F6966C6
:1072B0005F743C2873697A656F6620285429203DE5
:1072C0003D2034292C20626F6F6C3E204172647522
:1072D000696E6F4A736F6E3A3A56373432484232AB
:1072E000323A3A64657461696C3A3A56617269611E
:1072F0006E74446174613A3A736574466C6F61747C
:1073000028542C2041726475696E6F4A736F6E3A0F
:107310003A56373432484232323A3A6465746169D7
:107320006C3A3A5265736F757263654D616E616751
:1073300065722A29205B776974682054203D206695
:107340006C6F61743B2041726475696E6F4A736F34
:107350006E3A3A56373432484232323A3A646574B9
:1073600061696C3A3A656E61626C655F69665F740B
:107370003C2873697A656F6620285429203D3D209A
:1073800034292C20626F6F6C3E203D20626F6F6C41
:107390005D00000021656E6465645F00766F69645E
:1073A0002041726475696E6F4A736F6E3A3A563750
:1073B0003432484232323A3A64657461696C3A3A1E
:1073C0004C617463683C545265616465723E3A3A3C
:1073D0006C6F61642829205B77697468205452655A
:1073E00061646572203D2041726475696E6F4A73F5
:1073F0006F6E3A3A56373432484232323A3A64651E
:107400007461696C3A3A5265616465723C636861A3
:10741000722A2C20766F69643E5D00002F557365DB
:1074200072732F746C6561766974742F7069636F01
:107430002F70726F6A656374732F7069636F53691D
:10744000676E616C732F41726475696E6F4A736FFA
:107450006E2F7372632F41726475696E6F4A736F1A
:107460006E2F4A736F6E2F4C617463682E68707054
:10747000000000002F2F272722225C5C6208660C88
:107480006E0A720D74090000542A204172647569F5
:107490006E6F4A736F6E3A3A563734324842323220
:1074A0003A3A64657461696C3A3A536C6F743C544F
:1074B0003E3A3A6F70657261746F722D3E282920D2
:1074C000636F6E7374205B776974682054203D206D
:1074D00041726475696E6F4A736F6E3A3A5637340B
:1074E00032484232323A3A64657461696C3A3A56CB
:1074F000617269616E74457874656E73696F6E5DF3
:107500000000000041726475696E6F4A736F6E3AD5
:107510003A56373432484232323A3A6465746169D5
:107520006C3A3A656E61626C655F69665F743C28AF
:1075300028626F6F6C2941726475696E6F4A736F50
:107540006E3A3A56373432484232323A3A646574C7
:1075500061696C3A3A69735F756E7369676E6564E9
:107560003C543E3A3A76616C7565292C20626F6F07
:107570006C3E2041726475696E6F4A736F6E3A3A61
:1075800056373432484232323A3A64657461696C33
:107590003A3A56617269616E74446174613A3A7341
:1075A0006574496E746567657228542C2041726455
:1075B00075696E6F4A736F6E3A3A56373432484285
:1075C00032323A3A64657461696C3A3A5265736F63
:1075D000757263654D616E616765722A29205B77FC
:1075E0006974682054203D206C6F6E67206C6F6E4C
:1075F0006720756E7369676E656420696E743B20E1
:1076000041726475696E6F4A736F6E3A3A563734D9
:1076100032484232323A3A64657461696C3A3A658A
:107620006E61626C655F69665F743C2828626F6F8B
:107630006C2941726475696E6F4A736F6E3A3A567F
:10764000373432484232323A3A64657461696C3A8E
:107650003A69735F756E7369676E65643C543E3A50
:107660003A76616C7565292C20626F6F6C3E203D07
:1076700020626F6F6C5D00002F55736572732F74FD
:107680006C6561766974742F7069636F2F70726FA7
:107690006A656374732F7069636F5369676E616C99
:1076A000732F41726475696E6F4A736F6E2F7372B8
:1076B000632F41726475696E6F4A736F6E2F5661E6
:1076C0007269616E742F56617269616E74496D7072
:1076D0006C2E68707000000041726475696E6F4AAC
:1076E000736F6E3A3A56373432484232323A3A641D
:1076F000657461696C3A3A656E61626C655F696672
:107700005F743C2873697A656F6620285429203D90
:107710003D2038292C20626F6F6C3E2041726475C9
:10772000696E6F4A736F6E3A3A5637343248423256
:10773000323A3A64657461696C3A3A5661726961C9
:107740006E74446174613A3A736574466C6F617427
:1077500028542C2041726475696E6F4A736F6E3ABB
:107760003A56373432484232323A3A646574616983
:107770006C3A3A5265736F757263654D616E6167FD
:1077800065722A29205B776974682054203D206443
:107790006F75626C653B2041726475696E6F4A73E8
:1077A0006F6E3A3A56373432484232323A3A64656A
:1077B0007461696C3A3A656E61626C655F69665FB7
:1077C000743C2873697A656F6620285429203D3DF2
:1077D0002038292C20626F6F6C3E203D20626F6F35
:1077E0006C5D000041726475696E6F4A736F6E3A2A
:1077F0003A56373432484232323A3A6465746169F3
:107800006C3A3A656E61626C655F69665F743C28CC
:1078100028626F6F6C2941726475696E6F4A736F6D
:107820006E3A3A56373432484232323A3A646574E4
:1078300061696C3A3A69735F7369676E65643C5459
:107840003E3A3A76616C7565292C20626F6F6C3E0A
:107850002041726475696E6F4A736F6E3A3A56379B
:107860003432484232323A3A64657461696C3A3A69
:1078700056617269616E74446174613A3A736574F9
:10788000496E746567657228542C2041726475696D
:107890006E6F4A736F6E3A3A56373432484232321C
:1078A0003A3A64657461696C3A3A5265736F7572FD
:1078B00063654D616E616765722A29205B77697423
:1078C000682054203D206C6F6E67206C6F6E6720BF
:1078D000696E743B2041726475696E6F4A736F6E96
:1078E0003A3A56373432484232323A3A6465746131
:1078F000696C3A3A656E61626C655F69665F743C9B
:107900002828626F6F6C2941726475696E6F4A73C3
:107910006F6E3A3A56373432484232323A3A6465F8
:107920007461696C3A3A69735F7369676E65643C48
:10793000543E3A3A76616C7565292C20626F6F6C03
:107940003E203D20626F6F6C5D00000041726475E7
:10795000696E6F4A736F6E3A3A5637343248423224
:10796000323A3A446573657269616C697A61746927
:107970006F6E4572726F723A3A436F64652041725E
:107980006475696E6F4A736F6E3A3A56373432488F
:107990004232323A3A64657461696C3A3A4A736FBA
:1079A0006E446573657269616C697A65723C5452A4
:1079B00065616465723E3A3A70617273654E6F6ECE
:1079C00051756F746564537472696E672829205B02
:1079D000776974682054526561646572203D204166
:1079E000726475696E6F4A736F6E3A3A5637343205
:1079F000484232323A3A64657461696C3A3A526587
:107A0000616465723C636861722A2C20766F6964D8
:107A10003E5D00002F55736572732F746C6561763F
:107A20006974742F7069636F2F70726F6A65637405
:107A3000732F7069636F5369676E616C732F417246
:107A40006475696E6F4A736F6E2F7372632F417224
:107A50006475696E6F4A736F6E2F4A736F6E2F4A2B
:107A6000736F6E446573657269616C697A65722EB5
:107A70006870700063757272656E742829203D3DD0
:107A800020277B270000000041726475696E6F4AF1
:107A9000736F6E3A3A56373432484232323A3A4489
:107AA0006573657269616C697A6174696F6E45723C
:107AB000726F723A3A436F64652041726475696E01
:107AC0006F4A736F6E3A3A56373432484232323A1E
:107AD0003A64657461696C3A3A4A736F6E446573CF
:107AE000657269616C697A65723C5452656164655E
:107AF000723E3A3A70617273654F626A65637428C8
:107B000041726475696E6F4A736F6E3A3A563734D4
:107B100032484232323A3A64657461696C3A3A4F9B
:107B2000626A65637444617461262C205446696CF2
:107B30007465722C2041726475696E6F4A736F6E42
:107B40003A3A56373432484232323A3A44657365EB
:107B50007269616C697A6174696F6E4F7074696F74
:107B60006E3A3A4E657374696E674C696D69742933
:107B7000205B77697468205446696C746572203D97
:107B80002041726475696E6F4A736F6E3A3A563768
:107B90003432484232323A3A64657461696C3A3A36
:107BA000416C6C6F77416C6C46696C7465723B20FC
:107BB00054526561646572203D2041726475696E3E
:107BC0006F4A736F6E3A3A56373432484232323A1D
:107BD0003A64657461696C3A3A5265616465723CF5
:107BE000636861722A2C20766F69643E5D00000034
:107BF00074727565000000006E756C6C000000000A
:107C000063757272656E742829203D3D20275B27BD
:107C10000000000041726475696E6F4A736F6E3ABE
:107C20003A56373432484232323A3A4465736572D2
:107C300069616C697A6174696F6E4572726F723ACC
:107C40003A436F64652041726475696E6F4A736F61
:107C50006E3A3A56373432484232323A3A646574B0
:107C600061696C3A3A4A736F6E4465736572696113
:107C70006C697A65723C545265616465723E3A3A49
:107C800070617273654172726179284172647569BD
:107C90006E6F4A736F6E3A3A563734324842323218
:107CA0003A3A64657461696C3A3A41727261794436
:107CB000617461262C205446696C7465722C2041D5
:107CC000726475696E6F4A736F6E3A3A5637343222
:107CD000484232323A3A446573657269616C697A36
:107CE0006174696F6E4F7074696F6E3A3A4E657366
:107CF00074696E674C696D697429205B7769746873
:107D0000205446696C746572203D20417264756927
:107D10006E6F4A736F6E3A3A563734324842323297
:107D20003A3A64657461696C3A3A416C6C6F7741B8
:107D30006C6C46696C7465723B2054526561646575
:107D400072203D2041726475696E6F4A736F6E3A9E
:107D50003A56373432484232323A3A64657461698D
:107D60006C3A3A5265616465723C636861722A2CB0
:107D700020766F69643E5D004E6F2053442043615E
:107D8000726420446574656374656400303A000071
:107D9000636F6E6669672A2E6A736F6E000000005B
:107DA0005265616420256420636861726163746553
:107DB0007273206F6620636F6E6669672066696CF8
:107DC000650A0000436F6E666967204A534F4E2074
:107DD0006572726F723A2025730A00006D6F6465D8
:107DE00000000000637463006F7665726C61790057
:107DF0000A0A5069636F205369676E616C7320567D
:107E000025645225640A0A000A5374616E64617223
:107E100064205369676E616C204D6F6465000000DB
:107E20000A435443204D6F64650000000A4F766595
:107E3000726C6179204D6F6465000000496E697451
:107E400020636F6D706C657465000000616464721E
:107E500065737300636F6E66696725642E6A736F5E
:107E60006E0000004F6B0000456D707479496E70B4
:107E700075740000496E636F6D706C657465496E52
:107E800070757400496E76616C6964496E707574C2
:107E9000000000004E6F4D656D6F727900000000AC
:107EA000546F6F44656570004C4544205461736B9A
:107EB000000000004572726F72204C4544205461EE
:107EC000736B00004C4544205461736B20496E690C
:107ED0007469616C697A6564000000004572726FB4
:107EE00072204C4544205461736B20496E6974695B
:107EF000616C697A656400004572726F723A202580
:107F0000640A00004572726F72204C6F6F702120FE
:107F1000436F64653A2025640A000000504F5354B3
:107F2000204C6F6F702120436F64653A2025640AEE
:107F300000000000542041726475696E6F4A736FCF
:107F40006E3A3A56373432484232323A3A646574BD
:107F500061696C3A3A56617269616E744461746128
:107F60003A3A6173466C6F617428636F6E73742064
:107F700041726475696E6F4A736F6E3A3A56373460
:107F800032484232323A3A64657461696C3A3A5224
:107F900065736F757263654D616E616765722A29DD
:107FA00020636F6E7374205B776974682054203D82
:107FB00020646F75626C655D000000006C6F774235
:107FC00061747465727900006261747465727952CB
:107FD00065736574000000006261747465727953A2
:107FE000687574646F776E0042617474657279208D
:107FF0005461736B000000004261747465727920F3
:108000005461736B20496E697469616C697A656447
:108010000000000053656E64696E6720746F202550
:10802000643A206173706563743A2025632C206183
:10803000636B3A2025642C20636F64653A202564C5
:108040000A00000053656E64696E6720546F204318
:108050005443000053656E64696E672066726F6DED
:108060002043544320746F20256420636D642025D1
:10807000640A0000542041726475696E6F4A736F20
:108080006E3A3A56373432484232323A3A6465747C
:1080900061696C3A3A56617269616E7444617461E7
:1080A0003A3A6173496E74656772616C28636F6EEA
:1080B00073742041726475696E6F4A736F6E3A3AD9
:1080C00056373432484232323A3A64657461696CE8
:1080D0003A3A5265736F757263654D616E6167659B
:1080E000722A2920636F6E7374205B77697468202D
:1080F00054203D20696E745D00000000496E697473
:1081000069616C697A696E6720526164696F000009
:10811000726574727954696D65000000256325638A
:108120002558255800000000255825582558255861
:1081300000000000526164696F206661756C7420F4
:108140004D6F64653A2025640A000000526164693D
:108150006F207265736574006865616431000000AA
:1081600064657374696E6174696F6E000A4E4F4482
:10817000453A2025640A0000526164696F20546109
:10818000736B0000526164696F205461736B204906
:108190006E697469616C697A656400005475726E09
:1081A0006F7574202564203D2025640A00000000BE
:1081B00041726475696E6F4A736F6E3A3A5637341E
:1081C00032484232323A3A64657461696C3A3A65CF
:1081D0006E61626C655F69665F743C2828626F6FD0
:1081E0006C29285441646170746564537472696EBB
:1081F00067313A3A74797065536F72744B657920C0
:108200003C3D205441646170746564537472696EBE
:1082100067323A3A74797065536F72744B65792995
:10822000292C20696E743E2041726475696E6F4A14
:10823000736F6E3A3A56373432484232323A3A64C1
:10824000657461696C3A3A737472696E67436F6DF5
:10825000706172652854416461707465645374720E
:10826000696E67312C205441646170746564537485
:1082700072696E673229205B7769746820544164A3
:108280006170746564537472696E6731203D205269
:10829000616D537472696E673B2054416461707400
:1082A0006564537472696E6732203D2052616D536C
:1082B0007472696E673B20656E61626C655F6966AA
:1082C0005F743C2828626F6F6C2928544164617088
:1082D000746564537472696E67313A3A7479706583
:1082E000536F72744B6579203C3D2054416461703A
:1082F000746564537472696E67323A3A7479706562
:10830000536F72744B657929292C20696E743E2055
:108310003D20696E745D000070696E3100000000E0
:1083200070696E320000000070696E33000000005A
:1083300070696E340000000070696E350000000046
:1083400070696E360000000070696E370000000032
:1083500070696E38000000006361707475726500AA
:1083600068656164320000007475726E6F75740028
:1083700072656C656173650068656164000000008A
:108380006F766C477265656E000000006F766C4119
:108390006D626572000000006F766C5265640000CB
:1083A0006F766C417578496E00000000494F20548B
:1083B00061736B00494F205461736B20496E69747F
:1083C00069616C697A6564003A25782578256325AA
:1083D00063256325632578257825782578257825F4
:1083E00078257825782578257825782578257825A5
:1083F0007825780A000000004354432041434B2075
:10840000616464723A256420616C6C526573706FAC
:108410006E6465643A25640A000000004572617369
:108420006520436F6E6669670000000072657472B4
:1084300069657300435443205461736B000000006E
:10844000435443205461736B20496E697469616CB5
:10845000697A65640000000044656C617965642098
:10846000636C656172000000732E73697A65282958
:10847000203C3D206E000000766F696420417264EC
:1084800075696E6F4A736F6E3A3A563734324842A6
:1084900032323A3A64657461696C3A3A737472695B
:1084A0006E674765744368617273285441646170F4
:1084B000746564537472696E672C20636861722AF4
:1084C0002C2073697A655F7429205B776974682052
:1084D0005441646170746564537472696E67203DC1
:1084E0002052616D537472696E673B2073697A65BF
:1084F0005F74203D20756E7369676E656420696ED8
:10850000745D0000766F69642041726475696E6FF6
:108510004A736F6E3A3A56373432484232323A3AF8
:1085200064657461696C3A3A56617269616E74444B
:108530006174613A3A7365744C696E6B6564537427
:1085400072696E6728636F6E737420636861722A44
:108550002900000048656164202564207265636518
:10856000697665642025632066726F6D2025640A34
:108570000000000053656E64696E6720436170748B
:1085800075726520256420746F2025640A00000040
:1085900053656E64696E672052656C656173652012
:1085A000256420746F2025640A0000007374722E05
:1085B00069734E756C6C2829203D3D2066616C7393
:1085C0006500000041726475696E6F4A736F6E3AA0
:1085D0003A56373432484232323A3A646574616905
:1085E0006C3A3A537472696E674E6F64652A204123
:1085F000726475696E6F4A736F6E3A3A56373432E9
:10860000484232323A3A64657461696C3A3A53745A
:1086100072696E67506F6F6C3A3A616464285441B6
:10862000646170746564537472696E672C20417262
:108630006475696E6F4A736F6E3A3A5637343248D2
:108640004232323A3A416C6C6F6361746F722A291C
:10865000205B776974682054416461707465645369
:108660007472696E67203D2041726475696E6F4A4D
:10867000736F6E3A3A56373432484232323A3A647D
:10868000657461696C3A3A52616D537472696E67D0
:108690005D000000626F6F6C2041726475696E6FDF
:1086A0004A736F6E3A3A56373432484232323A3A67
:1086B00064657461696C3A3A56617269616E7444BA
:1086C0006174613A3A736574537472696E672854C1
:1086D00041646170746564537472696E672C2041E3
:1086E000726475696E6F4A736F6E3A3A56373432F8
:1086F000484232323A3A64657461696C3A3A52657A
:10870000736F757263654D616E616765722A2920AA
:108710005B77697468205441646170746564537454
:1087200072696E67203D2041726475696E6F4A738D
:108730006F6E3A3A56373432484232323A3A6465CA
:108740007461696C3A3A52616D537472696E675D17
:1087500000000000686561643300000068656164C2
:108760003400000064696D54696D6500736C656563
:108770007054696D650000006D6F6E69746F724CA6
:10878000454473007374616E64617264000000009C
:1087900064776172660000005354414E4441524474
:1087A00000000000626C75650000000072656400E6
:1087B00070696E0063757272656E740067726565CC
:1087C0006E00000072676200616D626572000000F9
:1087D0006C756E61720000006272696768746E6524
:1087E000737300004E6F2044657374696E61746921
:1087F0006F6E20636F6E6669677572656400000056
:1088000064696D0072656452656C65617365446589
:108810006C6179006C6F63616C486561644E756D65
:10882000000000004477617266206865616420255D
:1088300064206D697373696E67206C6F63616C4847
:108840006561644E756D0A006177616B6550696E94
:10885000000000004177616B652050696E3A202569
:10886000640A0000486561642025642044657374CF
:108870002025643A2025640A0000000068656164D0
:108880005461736B0000000048656164732054619B
:10889000736B20496E697469616C697A6564000064
:1088A00068656164436F6D6D5461736B0000000017
:1088B0004865616420256420436F6D6D20546173A9
:1088C0006B20496E697469616C697A65640A00009D
:1088D000766F69642041726475696E6F4A736F6E5A
:1088E0003A3A56373432484232323A3A6465746121
:1088F000696C3A3A56617269616E74446174613AA6
:108900003A736574526177537472696E6728417265
:108910006475696E6F4A736F6E3A3A5637343248EF
:108920004232323A3A64657461696C3A3A5374720D
:10893000696E674E6F64652A290000007E257825E0
:10894000780000003E205069636F205369676E61B4
:108950006C73205625645225643A2048656C700A71
:10896000000000003E20626174202D205072696E6C
:1089700074204261747465727920566F6C746167FB
:10898000650A00003E20657272202D205072696ECB
:1089900074204572726F7220436F64650A00000094
:1089A0003E2065727220636C72202D20436C6561DD
:1089B00072204572726F7220436F64650A00000076
:1089C0003E2068656164202D205072696E742048D5
:1089D000656164205374617475730A003E20696E8A
:1089E000202D205072696E7420496E70757420536A
:1089F00074617475730A00003E2072737369202DD0
:108A0000205072696E7420526164696F2052535312
:108A1000490A00003E206361702078202D204361C8
:108A200070747572652068656164207820312D341A
:108A30000A0000003E2072656C2078202D205265CF
:108A40006C656173652068656164207820312D3420
:108A50000A0000003E2077616B65202D2057616B76
:108A600065205369676E616C0A0000003E20666CE9
:108A700061736820636C72202D20436C65617220E5
:108A8000466C6173680A00003E20727374202D20CA
:108A900052657365740A00003E20737973202D209F
:108AA0005072696E742054687265616420537461F9
:108AB000747573204C6973740A0000003E204C45A5
:108AC00044202D205072696E7473204C454420530D
:108AD00074617475730A00003E20777274202D2033
:108AE000577269746520636F6E66696720746F20C2
:108AF000666C61736820616E642053440A00000054
:108B00003E2073657420782079202D2073657420B1
:108B100068656164207820746F206F6E2C20646912
:108B20006D2C206F66662C20677265656E2C206147
:108B30006D6265722C207265642C206F72206C75DA
:108B40006E61720A000000003E206E6F6465732043
:108B50002D205072696E7420616C6C206E6F64659C
:108B60007320686561726420696E20746865206C8A
:108B70006173742039306D696E0A00000A3E20412D
:108B8000646A7573746D656E74730A003E204731B4
:108B9000202D20473132202D2047656E6572616C93
:108BA0002053657474696E67730A00003E20483173
:108BB0003031202D2048313333202D204865616429
:108BC00020312053657474696E67730A00000000D9
:108BD0003E2048323031202D2048323333202D20A2
:108BE0004865616420322053657474696E67730A46
:108BF000000000003E2048333031202D2048333320
:108C000033202D20486561642033205365747469D6
:108C10006E67730A000000003E2048343031202D7A
:108C20002048343333202D2048656164203420539C
:108C3000657474696E67730A000000003E20493154
:108C400031202D20493134202D20496E707574203B
:108C5000312053657474696E67730A003E2049328F
:108C600031202D20493234202D20496E707574201A
:108C7000322053657474696E67730A003E2049336D
:108C800031202D20493334202D20496E70757420F9
:108C9000332053657474696E67730A003E2049344B
:108CA00031202D20493434202D20496E70757420D8
:108CB000342053657474696E67730A003E20493529
:108CC00031202D20493534202D20496E70757420B7
:108CD000352053657474696E67730A003E20493607
:108CE00031202D20493634202D20496E7075742096
:108CF000362053657474696E67730A003E204937E5
:108D000031202D20493734202D20496E7075742074
:108D1000372053657474696E67730A003E204938C2
:108D200031202D20493834202D20496E7075742053
:108D3000382053657474696E67730A0025730000E8
:108D4000202000004D656E75205461736B0000009B
:108D50005C7530303030000076616C756520213DE7
:108D6000205F5F6E756C6C00766F69642041726481
:108D700075696E6F4A736F6E3A3A563734324842AD
:108D800032323A3A64657461696C3A3A546578747F
:108D9000466F726D61747465723C54577269746584
:108DA000723E3A3A7772697465537472696E6728D5
:108DB000636F6E737420636861722A2C2073697A02
:108DC000655F7429205B77697468205457726974F1
:108DD0006572203D2041726475696E6F4A736F6ED3
:108DE0003A3A56373432484232323A3A646574611C
:108DF000696C3A3A537461746963537472696E674B
:108E00005772697465723B2073697A655F74203D9F
:108E100020756E7369676E656420696E745D00000D
:108E20002F55736572732F746C6561766974742F36
:108E30007069636F2F70726F6A656374732F7069E6
:108E4000636F5369676E616C732F41726475696EED
:108E50006F4A736F6E2F7372632F41726475696E00
:108E60006F4A736F6E2F4A736F6E2F546578744616
:108E70006F726D61747465722E687070000000000E
:108E800041726475696E6F4A736F6E3A3A56373441
:108E900032484232323A3A64657461696C3A3A65F2
:108EA0006E61626C655F69665F743C2828626F6FF3
:108EB0006C2941726475696E6F4A736F6E3A3A56E7
:108EC000373432484232323A3A64657461696C3AF6
:108ED0003A69735F756E7369676E65643C543E3AB8
:108EE0003A76616C7565292C20626F6F6C3E20416B
:108EF000726475696E6F4A736F6E3A3A56373432E0
:108F0000484232323A3A64657461696C3A3A566161
:108F10007269616E74446174613A3A736574496E42
:108F2000746567657228542C2041726475696E6F90
:108F30004A736F6E3A3A56373432484232323A3ACE
:108F400064657461696C3A3A5265736F75726365F2
:108F50004D616E616765722A29205B7769746820AC
:108F600054203D206C6F6E6720756E7369676E6567
:108F70006420696E743B2041726475696E6F4A7338
:108F80006F6E3A3A56373432484232323A3A646572
:108F90007461696C3A3A656E61626C655F69665FBF
:108FA000743C2828626F6F6C2941726475696E6F1A
:108FB0004A736F6E3A3A56373432484232323A3A4E
:108FC00064657461696C3A3A69735F756E73696759
:108FD0006E65643C543E3A3A76616C7565292C2086
:108FE000626F6F6C3E203D20626F6F6C5D00000011
:108FF00041726475696E6F4A736F6E3A3A563734D0
:1090000032484232323A3A64657461696C3A3A6580
:109010006E61626C655F69665F743C2828626F6F81
:109020006C2941726475696E6F4A736F6E3A3A5675
:10903000373432484232323A3A64657461696C3A84
:109040003A69735F7369676E65643C543E3A3A7679
:10905000616C7565292C20626F6F6C3E20417264D3
:1090600075696E6F4A736F6E3A3A563734324842BA
:1090700032323A3A64657461696C3A3A566172699F
:10908000616E74446174613A3A736574496E7465D3
:1090900067657228542C2041726475696E6F4A733B
:1090A0006F6E3A3A56373432484232323A3A646551
:1090B0007461696C3A3A5265736F757263654D619C
:1090C0006E616765722A29205B7769746820542075
:1090D0003D20696E743B2041726475696E6F4A73FE
:1090E0006F6E3A3A56373432484232323A3A646511
:1090F0007461696C3A3A656E61626C655F69665F5E
:10910000743C2828626F6F6C2941726475696E6FB8
:109110004A736F6E3A3A56373432484232323A3AEC
:1091200064657461696C3A3A69735F7369676E6507
:10913000643C543E3A3A76616C7565292C20626F26
:109140006F6C3E203D20626F6F6C5D005420417259
:109150006475696E6F4A736F6E3A3A5637343248A7
:109160004232323A3A64657461696C3A3A566172D5
:1091700069616E74446174613A3A6173496E7465F1
:109180006772616C28636F6E7374204172647569D5
:109190006E6F4A736F6E3A3A563734324842323203
:1091A0003A3A64657461696C3A3A5265736F7572E4
:1091B00063654D616E616765722A2920636F6E7306
:1091C00074205B776974682054203D206C6F6E6753
:1091D00020756E7369676E656420696E745D00004A
:1091E000542041726475696E6F4A736F6E3A3A56D5
:1091F000373432484232323A3A64657461696C3AC3
:109200003A56617269616E74446174613A3A61738D
:10921000466C6F617428636F6E737420417264755D
:10922000696E6F4A736F6E3A3A563734324842323B
:10923000323A3A64657461696C3A3A5265736F7593
:109240007263654D616E616765722A2920636F6E76
:109250007374205B776974682054203D20666C6FBE
:1092600061745D00626174003E20426174746572D5
:109270007920566F6C746167653A20437572726528
:109280006E743A2025322E326656203234687220AF
:109290004156473A25322E3266560A0065727200F0
:1092A000636C72003E204572726F727320436C656E
:1092B000617265640A0000003E204572726F722080
:1092C000436F64653A202564202D2025730A000031
:1092D0003E20486561642025643A2025630A000029
:1092E0003E20496E7075742025643A2025733A2516
:1092F000732025730A000000727373690000000078
:109300003E20526164696F20525353493A202564CC
:109310000A0000007379730025730A00636170000E
:1093200072656C0077616B650000000045726173C7
:109330006520436F6E6669670A000000525354004F
:109340004C4544004C4544202025643A2048656142
:10935000643A2025642000004C45442025643A20CE
:10936000486561643A202564200000004E6F742037
:1093700055736564202D2000477265656E2020209E
:10938000202D2000416D626572202020202D2000BC
:109390005265642020202020202D2000426C75651D
:1093A00020202020202D20004C756E61722020206E
:1093B000202D200053686F727465640A000000005D
:1093C0004F70656E0A0000004F4B0A007772740000
:1093D0003E20436F6E666967207772697474656EAC
:1093E00020746F20666C6173680A00003E20436F32
:1093F0006E666967207772697474656E20746F2079
:1094000053440A003E20436F6E6669672077726995
:10941000746520746F205344206661696C65640A2A
:109420000000000053455400536574204865616492
:1094300020256420000000004F4E00004F4E0A001F
:1094400044494D0044494D0A000000004F46460083
:109450004F46460A00000000475245454E000000B6
:10946000475245454E0A0000414D4245520000001A
:10947000414D4245520A0000524544005245440ABB
:10948000000000004C554E41520000004C554E412A
:10949000520A00004E4F4445530000003E204E6FDC
:1094A00064657320686561726420696E2074686504
:1094B000206C617374203930206D696E757465732A
:1094C0003A0A000025642C20000000005550444159
:1094D000544500003E205374617274696E672046E3
:1094E00069726D77617265205570646174652E2EA6
:1094F0002E0A00002C0D0A005B0D0A007B0D0A00ED
:109500003A2000007D0000007B7D0000766F6964DA
:109510002041726475696E6F4A736F6E3A3A5637BE
:109520003432484232323A3A64657461696C3A3A8C
:1095300056617269616E74446174613A3A7365741C
:10954000526177537472696E672841726475696EEF
:109550006F4A736F6E3A3A56373432484232323A73
:109560003A53657269616C697A656456616C7565B8
:109570003C543E2C2041726475696E6F4A736F6E65
:109580003A3A56373432484232323A3A6465746174
:10959000696C3A3A5265736F757263654D616E61BD
:1095A0006765722A29205B776974682054203D2002
:1095B000636F6E737420636861722A5D000000003F
:1095C00047313D20416464726573732025640A004D
:1095D00047323D20526574726965732025640A0024
:1095E00047333D2052657472792054696D6520259A
:1095F000646D730A0000000047343D2044696D200B
:1096000054696D652025646D696E0A0047353D20FB
:10961000536C6565702054696D652025646D696EB5
:109620000A00000047363D204C6F77204261747479
:109630006572792025322E3166560A0047373D2063
:109640004C6F77204261747465727920526573653E
:10965000742025322E3166560A00000047383D201E
:10966000426174746572792053687574646F776EA3
:109670002025322E3166560A0000000063746350C4
:10968000726573656E74000047393D204354432072
:1096900050726573656E742025640A004731303D51
:1096A000204C4544204D6F6E69746F72696E67205F
:1096B0004D6F64652025640A000000004354430098
:1096C0004F5645524C4159004731313D204D6F6452
:1096D000652025730A0000004731323D2041776143
:1096E0006B652050696E2025640A0000496E766122
:1096F0006C69642041646A7573746D656E740A00E8
:109700004457415246000000554E55534544000011
:109710004825643D20486561642025642025730A3E
:10972000000000004825643D2048656164202564F0
:109730002044657374696E6174696F6E5B25645D46
:109740002025640A000000004825643D204865612A
:10975000642025642044696D204272696768746ED4
:109760006573732025640A004825643D20486561BF
:10977000642025642052656C656173652054696DB1
:10978000652025646D696E0A0000000052474200A2
:109790004825643D20486561642025642052474285
:1097A0000A0000004825643D204865616420256466
:1097B000204741520A0000004825643D2048656169
:1097C00064202564205265642050696E2025640A57
:1097D000000000004825643D204865616420256440
:1097E000205265642043757272656E742025646D25
:1097F000410A000048256420556E617661696C61FC
:10980000626C650A000000004825643D20486561DF
:109810006420256420526564204272696768746E12
:109820006573732025640A004825643D20486561FE
:109830006420256420426C75652050696E20256483
:109840000A0000004825643D2048656164202564C5
:1098500020416D6265722050696E2025640A000007
:109860004825643D204865616420256420426C756C
:10987000652043757272656E742025646D410A001F
:109880004825643D204865616420256420416D625F
:1098900065722043757272656E742025646D410A8D
:1098A000000000004825643D20486561642025646F
:1098B00020416D626572204272696768746E6573DB
:1098C000732025640A0000004825643D2048656136
:1098D0006420256420477265656E2050696E2025DE
:1098E000640A00004825643D2048656164202564C1
:1098F00020477265656E2043757272656E7420250F
:10990000646D410A000000004825643D20486561FF
:109910006420256420477265656E2042726967681D
:10992000746E6573732025640A0000004825643D49
:109930002048656164202564205265642052656C6E
:10994000656173652044656C617920256473656386
:109950000A0000004825643D2048656164202564B4
:109960002052656420522025640A00004825643D89
:1099700020486561642025642052656420472025C5
:10998000640A00004825643D204865616420256420
:109990002052656420422025640A00004825643D69
:1099A000204865616420256420416D626572205203
:1099B0002025640A000000004825643D20486561B8
:1099C0006420256420416D62657220472025640A69
:1099D000000000004825643D20486561642025643E
:1099E00020416D62657220422025640A000000005B
:1099F0004825643D204865616420256420477265E0
:109A0000656E20522025640A000000004825643D50
:109A1000204865616420256420477265656E204793
:109A20002025640A000000004825643D2048656147
:109A30006420256420477265656E20422025640AF3
:109A4000000000004825643D2048656164202564CD
:109A5000204C756E617220522025640A00000000BF
:109A60004825643D2048656164202564204C756E5E
:109A7000617220472025640A000000004825643DEB
:109A80002048656164202564204C756E6172204217
:109A90002025640A000000004825643D20486561D7
:109AA00064202564204477617266204C6F63616C8A
:109AB00020486561642025640A000000756E757396
:109AC000656400004925643D20496E707574202549
:109AD000642025730A0000004925643D20496E700A
:109AE0007574202564204865616420313D2025641B
:109AF0000A00000049256420556E617661696C6139
:109B0000626C650A00000000686561643000000056
:109B10004925643D20496E70757420256420486590
:109B200061643D2025640A004925643D20496E702A
:109B30007574202564204865616420323D202564C9
:109B40000A0000004925643D20496E707574202587
:109B500064205475726E6F75743D2025640A000090
:109B6000446573743A20256420434D443A202564AB
:109B70000A0000007265736F757263657320213D82
:109B8000206E756C6C70747200000000626F6F6CF8
:109B90002041726475696E6F4A736F6E3A3A563738
:109BA0003432484232323A3A64657461696C3A3A06
:109BB0004172726179446174613A3A6164645661D8
:109BC0006C756528636F6E73742054262C20417267
:109BD0006475696E6F4A736F6E3A3A56373432481D
:109BE0004232323A3A64657461696C3A3A5265734A
:109BF0006F757263654D616E616765722A29205BBE
:109C0000776974682054203D2041726475696E6FD5
:109C10004A736F6E3A3A56373432484232323A3AE1
:109C20004A736F6E56617269616E74436F6E7374BE
:109C30005D0000002F55736572732F746C6561763B
:109C40006974742F7069636F2F70726F6A656374C3
:109C5000732F7069636F5369676E616C732F417204
:109C60006475696E6F4A736F6E2F7372632F4172E2
:109C70006475696E6F4A736F6E2F41727261792FCE
:109C80004172726179496D706C2E687070000000CD
:109C9000556E757365642020000000005475726E67
:109CA0006F75742043617074757265200000000048
:109CB00052656C6561736520000000005475726E1A
:109CC0006F757420000000004F76726C6179204738
:109CD000000000004F76726C6179204100000000A6
:109CE0004F76726C61792052000000004E6F204563
:109CF00072726F72730000004C6F7720426174744F
:109D0000657279005344204D6F756E742046616909
:109D10006C656400436F6E666967205265616420FC
:109D20004661696C65640000436F6E666967204236
:109D3000616400005472616E736D697373696F6E54
:109D4000204661696C0000005761746368646F6746
:109D5000204F636375726564000000007061727467
:109D60006E6572006F7665726C61795461736B0019
:109D70004F7665726C6179204865616420256420A6
:109D80005461736B20496E697469616C697A6564AA
:109D90000A00000052464D393520434144205469A1
:109DA0006D656F75742074696D653A20256C6C64FF
:109DB0000A00000052464D3935204552524F52207C
:109DC0004652455155454E4359204D49534D4154F6
:109DD000434821206D7362203078257820637362B8
:109DE0002030782578206C736220307825780A003E
:109DF00052464D3935204572726F722120307830CD
:109E000031203D20307825780A00000052464D3937
:109E10003520307830313A20307825780A0000003B
:109E20004D6F6465204661756C742020204D6F6411
:109E300065203D2025640A00434144204661756C3D
:109E40007400000021287261775F6972715F6D6133
:109E5000736B5B6765745F636F72655F6E756D28AA
:109E6000295D2026206770696F5F6D61736B290023
:109E70002F55736572732F746C6561766974742FD6
:109E80002E7069636F2D73646B2F73646B2F322E8A
:109E9000312E312F7372632F7270325F636F6D6D6D
:109EA0006F6E2F68617264776172655F6770696F4A
:109EB0002F6770696F2E630021656E61626C656447
:109EC000207C7C206972715F6861735F68616E6479
:109ED0006C657228494F5F4952515F42414E4B3089
:109EE000290000006D616E7566616374757265723C
:109EF000203D3D204D414E5546414354555245521B
:109F00005F525049000000002F55736572732F7423
:109F10006C6561766974742F2E7069636F2D73643C
:109F20006B2F73646B2F322E312E312F7372632F90
:109F30007270323034302F7069636F5F706C61748F
:109F4000666F726D2F706C6174666F726D2E630038
:109F500070617274203D3D20504152545F52503226
:109F6000000000000A2A2A2A2050414E4943202A94
:109F70002A2A0A006E6F7420737570706F72746590
:109F8000640000004E6F207370696E6C6F636B73BA
:109F90002061726520617661696C61626C650000A8
:109FA00030783163203D3D20282A696E7374293E44
:109FB0003E313175000000002F55736572732F74A8
:109FC0006C6561766974742F2E7069636F2D73648C
:109FD0006B2F73646B2F322E312E312F7372632FE0
:109FE0007270325F636F6D6D6F6E2F686172647730
:109FF0006172655F6972712F6972712E6300000072
:10A0000064656C7461203E3D202D3230343820264A
:10A01000262064656C7461203C3D2032303436204B
:10A02000262620212864656C7461202620312900B1
:10A03000212864656C7461203E3E20313175290011
:10A0400063757272656E74203D3D205F5F756E684A
:10A05000616E646C65645F757365725F69727120AF
:10A060007C7C2063757272656E74203D3D20686152
:10A070006E646C65720000006972715F68616E6485
:10A080006C65725F636861696E5F667265655F7358
:10A090006C6F745F68656164203E3D203000000095
:10A0A000767461626C655F68616E646C6572203D98
:10A0B0003D205F5F756E68616E646C65645F75738B
:10A0C00065725F6972710000212828282875696E01
:10A0D000747074725F742972656D6F76655F7468F1
:10A0E000756D625F62697428767461626C655F6821
:10A0F000616E646C65722929202D20282875696E8F
:10A10000747074725F74296972715F68616E646CD7
:10A1100065725F636861696E5F736C6F7473292920
:10A1200020252073697A656F66287374727563746D
:10A13000206972715F68616E646C65725F636861EB
:10A14000696E5F736C6F7429290000002165786364
:10A15000657074696F6E207C7C20657863657074AF
:10A16000696F6E203D3D206E756D202B2056544149
:10A17000424C455F46495253545F495251000000DA
:10A1800069735F7368617265645F6972715F726140
:10A19000775F68616E646C657228736C6F745F685A
:10A1A000616E646C65722900657863657074696FAF
:10A1B0006E000000666F756E640000004E6F2075C3
:10A1C0007365722049525173206172652061766116
:10A1D000696C61626C6500007065726D69747320F2
:10A1E0003E3D2030202626207065726D69747320F4
:10A1F0003C3D2073656D2D3E6D61785F7065726DBD
:10A20000697473002F55736572732F746C65617672
:10A210006974742F2E7069636F2D73646B2F736470
:10A220006B2F322E312E312F7372632F636F6D6D52
:10A230006F6E2F7069636F5F73796E632F73656DD7
:10A240002E63000031203D3D202875696E747074C6
:10A25000725F74296C2D3E7370696E5F6C6F636BF7
:10A26000000000002F55736572732F746C65617662
:10A270006974742F2E7069636F2D73646B2F736410
:10A280006B2F322E312E312F7372632F636F6D6DF2
:10A290006F6E2F7069636F5F73796E632F6D757466
:10A2A00065782E6300000000746F74616C0000001C
:10A2B0006D74782D3E636F72652E7370696E5F6C7E
:10A2C0006F636B006C6F636B5F69735F6F776E6555
:10A2D000725F69645F76616C6964286D74782D3E85
:10A2E0006F776E65722900006D74782D3E656E740F
:10A2F00065725F636F756E7400000000706F6F6C45
:10A300002D3E74696D65725F616C61726D5F6E7513
:10A310006D203D3D2074696D65725F616C61726D89
:10A320005F6E756D000000002F55736572732F749A
:10A330006C6561766974742F2E7069636F2D736418
:10A340006B2F73646B2F322E312E312F7372632F6C
:10A35000636F6D6D6F6E2F7069636F5F74696D658C
:10A360002F74696D652E630064656661756C745F3A
:10A37000616C61726D5F706F6F6C5F696E6974693B
:10A38000616C697A65642829000000004174746575
:10A390006D7074656420746F20736C6565702069DE
:10A3A0006E73696465206F6620616E2065786365F1
:10A3B0007074696F6E2068616E646C65723B2075A5
:10A3C000736520627573795F7761697420696620AF
:10A3D000796F75206D7573740000000048617264B8
:10A3E0007761726520616C61726D20256420616CFB
:10A3F000726561647920636C61696D656400000059
:10A4000076636F5F66726571203E3D205049434F11
:10A410005F504C4C5F56434F5F4D494E5F4652452F
:10A42000515F485A2026262076636F5F66726571F9
:10A43000203C3D205049434F5F504C4C5F56434FAA
:10A440005F4D41585F465245515F485A0000000039
:10A450002F55736572732F746C6561766974742FF0
:10A460002E7069636F2D73646B2F73646B2F322EA4
:10A47000312E312F7372632F7270325F636F6D6D87
:10A480006F6E2F68617264776172655F706C6C2F9C
:10A49000706C6C2E630000006662646976203E3D3D
:10A4A000203136202626206662646976203C3D20D5
:10A4B0003332300028706F73745F64697631203EE8
:10A4C0003D203120262620706F73745F64697631D9
:10A4D000203C3D2037292026262028706F73745F8A
:10A4E00064697632203E3D203120262620706F732D
:10A4F000745F64697632203C3D20372900000000FB
:10A500007265665F66726571203C3D202876636FD8
:10A510005F66726571202F20313629002F557365D3
:10A5200072732F746C6561766974742F2E70696311
:10A530006F2D73646B2F73646B2F322E312E312F7E
:10A540007372632F7270325F636F6D6D6F6E2F70F9
:10A5500069636F5F666C6173682F666C6173682EE8
:10A56000630000002A282875696E74385F74202AF9
:10A5700029282828766F6964202A29726F6D5F74F4
:10A5800061626C655F666C6F6174292D32292920C8
:10A590002A2034203E3D2053465F5441424C455FC3
:10A5A00056325F53495A45002F55736572732F74A5
:10A5B0006C6561766974742F2E7069636F2D736496
:10A5C0006B2F73646B2F322E312E312F7372632FEA
:10A5D0007270325F636F6D6D6F6E2F7069636F5F46
:10A5E000646F75626C652F646F75626C655F696E10
:10A5F00069745F726F6D5F7270323034302E630039
:10A600002A282875696E74385F74202A29726F6D44
:10A610005F7461626C652D3229202A2034203E3D12
:10A620002053465F5441424C455F56325F53495A6E
:10A63000450000002F55736572732F746C65617649
:10A640006974742F2E7069636F2D73646B2F73643C
:10A650006B2F322E312E312F7372632F7270325F57
:10A66000636F6D6D6F6E2F7069636F5F666C6F6186
:10A67000742F666C6F61745F696E69745F726F6D61
:10A680005F7270323034302E630000004F757420DA
:10A690006F66206D656D6F727900000044656275AC
:10A6A00067000000626F6F74325F77323571303847
:10A6B00030000000322E312E310000007069636FCF
:10A6C000000000007069636F5369676E616C73000E
:10A6D0004E6F76203237203230323500666E692B6D
:10A6E00000000000666E69006E616E00666E692D86
:10A6F000000000002C2066756E6374696F6E3A204E
:10A7000000000000617373657274696F6E2022250A
:10A710007322206661696C65643A2066696C652005
:10A72000222573222C206C696E65202564257325F3
:10A73000730A0000726300002F55736572732F74E3
:10A740006C6561766974742F2E7069636F2D736404
:10A750006B2F73646B2F322E312E312F7372632F58
:10A760007270325F636F6D6D6F6E2F7069636F5FB4
:10A77000737464696F2F737464696F2E63000000D3
:10A780005541525420737464696E0000554152540F
:10A79000207374646F75740055415254207374644F
:10A7A000696E202F207374646F7574002F55736564
:10A7B00072732F746C6561766974742F2E7069637F
:10A7C0006F2D73646B2F73646B2F322E312E312FEC
:10A7D0007372632F7270325F636F6D6D6F6E2F7067
:10A7E00069636F5F737464696F5F7573622F7374ED
:10A7F00064696F5F7573622E6300000055534220D9
:10A80000737464696E202F207374646F7574000014
:10A8100052617370626572727920506900000000A5
:10A820005069636F00000000426F6172642043440E
:10A830004300000052657365740000006C656E2073
:10A840003E2030002F55736572732F746C656176EE
:10A850006974742F2E7069636F2D73646B2F73642A
:10A860006B2F322E312E312F7372632F7270325F45
:10A87000636F6D6D6F6E2F7069636F5F756E697159
:10A8800075655F69642F756E697175655F69642EA2
:10A8900063000000666C6173685F6F666673202BEF
:10A8A00020636F756E74203C3D205049434F5F46D6
:10A8B0004C4153485F53495A455F425954455300F0
:10A8C0002F55736572732F746C6561766974742F7C
:10A8D0002E7069636F2D73646B2F73646B2F322E30
:10A8E000312E312F7372632F7270325F636F6D6D13
:10A8F0006F6E2F68617264776172655F666C6173F9
:10A90000682F666C6173682E63000000636F6E6E63
:10A910006563745F696E7465726E616C5F666C61AD
:10A9200073685F66756E6320262620666C617368A7
:10A930005F657869745F7869705F66756E632026FD
:10A940002620666C6173685F72616E67655F657211
:10A950006173655F66756E6320262620666C617381
:10A96000685F666C7573685F63616368655F667571
:10A970006E630000636F6E6E6563745F696E74650D
:10A98000726E616C5F666C6173685F66756E632082
:10A99000262620666C6173685F657869745F7869E4
:10A9A000705F66756E6320262620666C6173685F33
:10A9B00072616E67655F70726F6772616D5F6675F9
:10A9C0006E6320262620666C6173685F666C757303
:10A9D000685F63616368655F66756E6300000000B1
:10A9E000636F6E6E6563745F696E7465726E616CC1
:10A9F0005F666C6173685F66756E632026262066ED
:10AA00006C6173685F657869745F7869705F66759B
:10AA10006E6320262620666C6173685F666C7573B2
:10AA2000685F63616368655F66756E630000000060
:10AA30006E6578745F6275666665725F70747220A9
:10AA40003C207573625F647072616D2D3E65707835
:10AA50005F64617461202B2073697A656F66287565
:10AA600073625F647072616D2D3E6570785F6461C2
:10AA7000746129002F55736572732F746C6561764C
:10AA80006974742F2E7069636F2D73646B2F7364F8
:10AA90006B2F322E312E312F6C69622F74696E79D3
:10AAA0007573622F7372632F706F727461626C655D
:10AAB0002F72617370626572727970692F72703271
:10AAC0003034302F6463645F7270323034302E6300
:10AAD00000000000556E68616E646C656420495228
:10AAE0005120307825780A007268706F7274203DAA
:10AAF0003D20300021286275665F6374726C2026E9
:10AB0000205553425F4255465F4354524C5F465571
:10AB10004C4C29002F55736572732F746C656176E8
:10AB20006974742F2E7069636F2D73646B2F736457
:10AB30006B2F322E312E312F6C69622F74696E7932
:10AB40007573622F7372632F706F727461626C65BC
:10AB50002F72617370626572727970692F727032D0
:10AB60003034302F7270323034305F7573622E6340
:10AB7000000000006275665F6374726C20262055C9
:10AB800053425F4255465F4354524C5F46554C4CCE
:10AB90000000000065702025303258207761732056
:10ABA000616C726561647920617661696C61626C67
:10ABB0006500000043616E277420636F6E74696ED8
:10ABC00075652078666572206F6E20696E616374AA
:10ABD0006976652065702025303258005741524E05
:10ABE0003A207374617274696E67206E65772074A1
:10ABF00072616E73666572206F6E20616C72656142
:10AC0000647920616374697665206570202530322F
:10AC1000580D0A0025732025643A204153534552AC
:10AC200054204641494C45440D0A00007364615F5D
:10AC300074785F686F6C645F636F756E74203C3D01
:10AC4000206C636E74202D20320000002F55736538
:10AC500072732F746C6561766974742F2E706963DA
:10AC60006F2D73646B2F73646B2F322E312E312F47
:10AC70007372632F7270325F636F6D6D6F6E2F68CA
:10AC8000617264776172655F6932632F6932632E26
:10AC90006300000068616E646C6572203D3D206356
:10ACA000757272656E74207C7C2065786365707443
:10ACB000696F6E5F69735F636F6D70696C655F74F8
:10ACC000696D655F64656661756C74286375727221
:10ACD000656E7429000000002F55736572732F7420
:10ACE0006C6561766974742F2E7069636F2D73645F
:10ACF0006B2F73646B2F322E312E312F7372632FB3
:10AD00007270325F636F6D6D6F6E2F686172647702
:10AD10006172655F657863657074696F6E2F6578C1
:10AD200063657074696F6E2E6300000030203D3DD6
:10AD30002031303030554C002F55736572732F74AD
:10AD40006C6561766974742F7069636F2F70726FB0
:10AD50006A656374732F7069636F5369676E616CA2
:10AD6000732F4672656552544F532D4B65726E6555
:10AD70006C2F706F727461626C652F5468697264B5
:10AD800050617274792F4743432F52503230343020
:10AD90002F706F72742E63007578437269746963E3
:10ADA000616C4E657374696E670000002128207B1A
:10ADB0002075696E7433325F7420756C495053523C
:10ADC0003B205F5F61736D20766F6C6174696C65A9
:10ADD000202820226D72732025302C204950535298
:10ADE00022203A20223D7222202820756C4950539F
:10ADF0005220293A3A293B202820282075696E7470
:10AE0000385F74202920756C495053522029203E08
:10AE100020303B207D20290070784C6F636B2D3EE5
:10AE20007370696E5F6C6F636B00000078457665C8
:10AE30006E7447726F7570002F55736572732F743F
:10AE40006C6561766974742F7069636F2F70726FAF
:10AE50006A656374732F7069636F5369676E616CA1
:10AE6000732F4672656552544F532D4B65726E6554
:10AE70006C2F6576656E745F67726F7570732E6385
:10AE8000000000002820757842697473546F576180
:10AE90006974466F722026202820282075696E74F8
:10AEA00033325F742029203078666630303030309D
:10AEB000305520292029203D3D20300075784269F9
:10AEC0007473546F57616974466F7220213D20304E
:10AED000000000002128202820785461736B47650A
:10AEE000745363686564756C657253746174652826
:10AEF00029203D3D20282028204261736554797027
:10AF0000655F74202920302029202920262620282A
:10AF100020785469636B73546F5761697420213DC5
:10AF20002030202920290000282075784269747378
:10AF3000546F5365742026202820282075696E746C
:10AF400033325F74202920307866663030303030FC
:10AF5000305520292029203D3D2030007078517542
:10AF6000657565536574436F6E7461696E657200D3
:10AF70002F55736572732F746C6561766974742FC5
:10AF80007069636F2F70726F6A656374732F706975
:10AF9000636F5369676E616C732F467265655254B7
:10AFA0004F532D4B65726E656C2F71756575652EEF
:10AFB0006300000070785175657565536574436F63
:10AFC0006E7461696E65722D3E75784D657373613F
:10AFD00067657357616974696E67203C20707851AA
:10AFE00075657565536574436F6E7461696E6572DE
:10AFF0002D3E75784C656E67746800002820635498
:10B00000784C6F636B202920213D2028202820695F
:10B010006E74385F742029203132372029000000F7
:10B0200070785175657565007852657475726E201B
:10B03000213D202820282028204261736554797002
:10B04000655F7420292030202920290070784E6502
:10B050007751756575650000212820282070764994
:10B0600074656D546F5175657565203D3D202828C8
:10B07000766F6964202A2930292029202626202855
:10B0800020707851756575652D3E75784974656DCC
:10B0900053697A6520213D2028205542617365540B
:10B0A0007970655F742029203055202920290000FF
:10B0B000212820282078436F7079506F7369746954
:10B0C0006F6E203D3D202820282042617365547911
:10B0D00070655F742029203220292029202626200F
:10B0E0002820707851756575652D3E75784C656EB4
:10B0F00067746820213D20312029202900000000AC
:10B10000707851756575652D3E75784974656D5318
:10B11000697A65203D3D203000000000212820286C
:10B1200020707851756575652D3E70634865616462
:10B13000203D3D202828766F6964202A2930292067
:10B1400029202626202820707851756575652D3EAA
:10B15000752E7853656D6170686F72652E784D75C8
:10B16000746578486F6C64657220213D20282876CC
:10B170006F6964202A293029202920290000000035
:10B1800028207078517565756520290021282028B0
:10B1900020282070764275666665722029203D3D24
:10B1A000202828766F6964202A2930292029202622
:10B1B0002620282028207078517565756520292D56
:10B1C0003E75784974656D53697A6520213D202864
:10B1D000205542617365547970655F742029203071
:10B1E000552029202900000021282028207076429F
:10B1F0007566666572203D3D202828766F6964205B
:10B200002A293029202920262620282070785175C7
:10B210006575652D3E75784974656D53697A65204D
:10B22000213D2028205542617365547970655F7413
:10B230002029203055202920290000002820635291
:10B24000784C6F636B202920213D2028202820691D
:10B250006E74385F742029203132372029000000B5
:10B260007851756575650000785461736B00000056
:10B270002F55736572732F746C6561766974742FC2
:10B280007069636F2F70726F6A656374732F706972
:10B29000636F5369676E616C732F467265655254B4
:10B2A0004F532D4B65726E656C2F7461736B732EEB
:10B2B0006300000075785072696F72697479203C80
:10B2C0002033320049444C45000000007578536338
:10B2D000686564756C657253757370656E646564DA
:10B2E000203D3D20300000007078544342000000B3
:10B2F00075784E65775072696F72697479203C2059
:10B3000033320000785461736B546F526573756DFE
:10B31000650000007852657475726E20213D20280A
:10B32000202D312029000000282028202820282036
:10B33000707844656C617965645461736B4C6973B2
:10B340007420292D3E75784E756D6265724F664981
:10B3500074656D73203D3D2028205542617365540E
:10B360007970655F74202920302029203F20282013
:10B37000282042617365547970655F7420292031FB
:10B380002029203A202820282042617365547970B2
:10B39000655F742029203020292029202900000001
:10B3A00075785363686564756C6572537573706501
:10B3B0006E64656420213D20305500007078507225
:10B3C0006576696F757357616B6554696D650000CB
:10B3D00028207854696D65496E6372656D656E7479
:10B3E000203E2030552029007578536368656475C8
:10B3F0006C657253757370656E646564203D3D20A5
:10B40000315500007578546F705072696F726974AD
:10B410007900000070784576656E744C697374002D
:10B4200075785363686564756C6572537573706580
:10B430006E64656420213D20282055426173655467
:10B440007970655F74202920305500007078556E42
:10B45000626C6F636B65645443420000707854699A
:10B460006D654F757400000070785469636B735498
:10B470006F576169740000007078544342203D3D6D
:10B4800020707843757272656E74544342000000F8
:10B4900070785443422D3E75784D757465786573A8
:10B4A00048656C6400000000707854434220213DE0
:10B4B00020707843757272656E74544342000000C8
:10B4C0000925630925750925750925750D0A0000EB
:10B4D0007578496E646578546F576169744F6E2052
:10B4E0003C2031007578496E646578546F4E6F74F6
:10B4F000696679203C203100785461736B546F4E3B
:10B500006F74696679000000785469636B436F75E6
:10B510006E74203D3D2028205469636B547970651A
:10B520005F74202920300000282028202628207041
:10B53000785443422D3E784576656E744C69737439
:10B540004974656D202920292D3E7078436F6E74F3
:10B5500061696E65722029203D3D202828766F693B
:10B5600064202A29302900002820707854696D65EC
:10B57000722D3E7854696D6572506572696F6449C9
:10B580006E5469636B73203E203020290000000058
:10B590002F55736572732F746C6561766974742F9F
:10B5A0007069636F2F70726F6A656374732F70694F
:10B5B000636F5369676E616C732F46726565525491
:10B5C0004F532D4B65726E656C2F74696D65727388
:10B5D0002E630000546D725100000000546D722003
:10B5E000537663007852657475726E00216C6F63D8
:10B5F0006B6F75745F696E5F70726F67726573737E
:10B60000000000002F55736572732F746C656176AE
:10B610006974742F2E7069636F2D73646B2F73645C
:10B620006B2F322E312E312F7372632F7270325F77
:10B63000636F6D6D6F6E2F7069636F5F6D756C7486
:10B6400069636F72652F6D756C7469636F72652EB7
:10B65000630000006D757465785F69735F696E697A
:10B660007469616C697A656428266C6F636B6F75A9
:10B67000745F6D7574657829000000006C6F636BF2
:10B680006F75745F696E5F70726F67726573730058
:10B690002820282075696E74385F74202A2029209C
:10B6A000282070784974657261746F722029203E79
:10B6B0003D202628207563486561705B2030205D41
:10B6C00020292029202626202820282075696E740C
:10B6D000385F74202A2029202820707849746572E8
:10B6E00061746F722029203C3D2026282075634814
:10B6F0006561705B20283135302A313032342920A1
:10B700002D2031205D202920290000002F55736550
:10B7100072732F746C6561766974742F7069636FCE
:10B720002F70726F6A656374732F7069636F5369EA
:10B73000676E616C732F4672656552544F532D4B83
:10B7400065726E656C2F706F727461626C652F4DDF
:10B75000656D4D616E672F686561705F342E6300A3
:10B760002820282075696E74385F74202A202920CB
:10B7700028207078426C6F636B2029203E3D202684
:10B7800028207563486561705B2030205D2029208A
:10B7900029202626202820282075696E74385F7499
:10B7A000202A20292028207078426C6F636B202982
:10B7B000203C3D202628207563486561705B202869
:10B7C0003135302A3130323429202D2031205D208E
:10B7D000292029002820282075696E74385F74207C
:10B7E0002A2029202820707652657475726E2029CF
:10B7F000203E3D202628207563486561705B20301F
:10B80000205D20292029202626202820282075692F
:10B810006E74385F74202A202920282070765265A3
:10B820007475726E2029203C3D20262820756348BF
:10B830006561705B20283135302A3130323429205F
:10B840002D2031205D2029202900000028202820DB
:10B850007078426C6F636B2D3E78426C6F636B53F4
:10B86000697A652029203C2028207857616E74650C
:10B870006453697A6520292029203D3D203000004D
:10B8800028202820282073697A655F742029207079
:10B89000784E6577426C6F636B4C696E6B20292024
:10B8A0002620282030783030303720292029203DAC
:10B8B0003D20300028202820282073697A655F7495
:10B8C000202920707652657475726E2029202620FA
:10B8D000282073697A655F74202920282030783009
:10B8E00030303720292029203D3D20300000000045
:10B8F0002820282075696E74385F74202A2029203A
:10B90000282070784C696E6B2029203E3D20262827
:10B91000207563486561705B2030205D20292029F7
:10B92000202626202820282075696E74385F742010
:10B930002A202920282070784C696E6B2029203C11
:10B940003D202628207563486561705B20283135CD
:10B95000302A3130323429202D2031205D20292019
:10B960002900000028202820282070784C696E6B60
:10B970002D3E78426C6F636B53697A6520292026CF
:10B980002028202820282073697A655F74202920C8
:10B99000312029203C3C202820282073697A656FBB
:10B9A00066282073697A655F742029202A20282060
:10B9B000282073697A655F7420292038202920297E
:10B9C000202D203120292029202920213D20302010
:10B9D0002920213D2030000070784C696E6B2D3E8F
:10B9E00070784E65787446726565426C6F636B2043
:10B9F0003D3D202828766F6964202A2930290000DF
:10BA0000EB7690455846415420202000464154335F
:10BA100032202020000000002A3A3C3E7C223F7F5A
:10BA2000000000002B2C3B3D5B5D000073756363E1
:10BA3000657373002F55736572732F746C6561762F
:10BA40006974742F7069636F2F70726F6A656374A5
:10BA5000732F7069636F5369676E616C732F4661F2
:10BA60007446735F5350492F73645F6472697665DF
:10BA7000722F73645F7370692E630000636861697D
:10BA80006E5F746F203C3D204E554D5F444D415FCD
:10BA90004348414E4E454C53000000002F557365FE
:10BAA00072732F746C6561766974742F2E7069637C
:10BAB0006F2D73646B2F73646B2F322E312E312FE9
:10BAC0007372632F7270325F636F6D6D6F6E2F686C
:10BAD000617264776172655F646D612F696E636C1A
:10BAE0007564652F68617264776172652F646D613A
:10BAF0002E68000064726571203C3D20445245511F
:10BB00005F464F524345000021646D615F63686189
:10BB10006E6E656C5F69735F6275737928737069A7
:10BB20005F702D3E72785F646D6129002F557365DB
:10BB300072732F746C6561766974742F7069636FAA
:10BB40002F70726F6A656374732F7069636F5369C6
:10BB5000676E616C732F46617446735F5350492F53
:10BB600073645F6472697665722F7370692E630007
:10BB70002173656D5F617661696C61626C65282611
:10BB80007370695F702D3E73656D29006F6B0000E7
:10BB90007478207C7C2072780000000021646D6144
:10BBA0005F6368616E6E656C5F6765745F69727113
:10BBB000305F737461747573287370695F702D3EA4
:10BBC00072785F646D61290021646D615F636861F3
:10BBD0006E6E656C5F6765745F697271315F7374F7
:10BBE00061747573287370695F702D3E72785F643D
:10BBF0006D6129004E6F74696669636174696F6E67
:10BC000020776169742074696D6564206F75742094
:10BC1000696E2025730A000021646D615F636861AD
:10BC20006E6E656C5F69735F627573792873706996
:10BC30005F702D3E74785F646D6129006D75746569
:10BC4000785F69735F696E697469616C697A65644C
:10BC500028267370695F702D3E6D757465782900B4
:10BC60006D757465785F69735F696E697469616C1D
:10BC7000697A656428267053442D3E6D7574657825
:10BC8000290000002F55736572732F746C656176FF
:10BC90006974742F7069636F2F70726F6A65637453
:10BCA000732F7069636F5369676E616C732F4661A0
:10BCB0007446735F5350492F73645F64726976658D
:10BCC000722F73645F636172642E63002573206654
:10BCD00061696C65640D0A0025733A25643A204356
:10BCE000617264206E6F7420726561647920796579
:10BCF000740D0A004E6F20726573706F6E7365204D
:10BD0000434D443A25640D0A000000004E6F207236
:10BD10006573706F6E736520434D443A25642072DD
:10BD20006573706F6E73653A203078256C780D0AF4
:10BD300000000000435243206572726F7220434D31
:10BD4000443A256420726573706F6E736520307895
:10BD5000256C780D0A000000496C6C6567616C20E9
:10BD6000636F6D6D616E6420434D443A25642072AB
:10BD70006573706F6E7365203078256C780D0A00DE
:10BD800056322D56657273696F6E20436172640D71
:10BD90000A00000052332F52373A203078256C7851
:10BDA0000D0A000052323A203078256C780D0A00D6
:10BDB00043617264206973204C6F636B656420205B
:10BDC0002020202020202020202020202020202073
:10BDD000202020202020200D0A0000005750204560
:10BDE0007261736520536B69702C204C6F636B2FED
:10BDF000556E6C6F636B20436D64204661696C65A2
:10BE00006420200D0A0000004572726F722020200D
:10BE10002020202020202020202020202020202022
:10BE20002020202020202020202020202020200D25
:10BE30000A0000004343204572726F7220202020C8
:10BE400020202020202020202020202020202020F2
:10BE500020202020202020202020200D0A0000006B
:10BE60004361726420454343204661696C656420E8
:10BE700020202020202020202020202020202020C2
:10BE8000202020202020200D0A000000575020569E
:10BE9000696F6C6174696F6E202020202020202043
:10BEA0002020202020202020202020202020202092
:10BEB0002020200D0A00000045726173652050614A
:10BEC00072616D2020202020202020202020202092
:10BED0002020202020202020202020202020200D75
:10BEE0000A0000004F7574206F662052616E67650E
:10BEF0002C204353445F4F766572777269746520D6
:10BF000020202020202020202020200D0A000000BA
:10BF1000496E2049646C652053746174652020204B
:10BF20002020202020202020202020202020202011
:10BF3000202020202020200D0A000000457261737F
:10BF40006520526573657420202020202020202049
:10BF500020202020202020202020202020202020E1
:10BF60002020200D0A000000496C6C6567616C2080
:10BF7000436F6D6D616E64202020202020202020E2
:10BF80002020202020202020202020202020200DC4
:10BF90000A000000436F6D20435243204572726FC8
:10BFA000722020202020202020202020202020203F
:10BFB00020202020202020202020200D0A0000000A
:10BFC00045726173652053657175656E63652045C3
:10BFD00072726F722020202020202020202020201C
:10BFE000202020202020200D0A00000041646472DF
:10BFF000657373204572726F7220202020202020EC
:10C000002020202020202020202020202020202030
:10C010002020200D0A000000506172616D6574657A
:10C0200072204572726F7220202020202020202054
:10C030002020202020202020202020202020200D13
:10C040000A000000434D4438205061747465726EDC
:10C05000206D69736D61746368203078256C782079
:10C060003A203078256C780D0A00000073645F7701
:10C070006169745F746F6B656E3A2074696D656F8A
:10C0800075740D0A0000000025733A25642052657E
:10C0900061642074696D656F75740D0A000000009D
:10C0A0005F726561645F62797465733A20496E7688
:10C0B000616C6964204352432072656365697665EB
:10C0C0006420307825687820726573756C74206FF1
:10C0D0006620636F6D7075746174696F6E2030785F
:10C0E0002568780D0A0000004469646E2774206793
:10C0F0006574206120726573706F6E73652066725F
:10C100006F6D20746865206469736B0D0A00000010
:10C11000436F756C646E277420726561642063736D
:10C120006420726573706F6E73652066726F6D2028
:10C130006469736B0D0A00005374616E646172640C
:10C140002043617061636974793A20635F73697A2F
:10C15000653A20256C750D0A000000005365637474
:10C160006F72733A203078256C6C78203A20256CF9
:10C170006C750D0A00000000436170616369747999
:10C180003A203078256C6C78203A20256C6C75202C
:10C190004D420D0A00000000534448432F534458B9
:10C1A0004320436172643A2068635F635F73697A16
:10C1B000653A20256C750D0A000000005365637414
:10C1C0006F72733A2025386C6C750D0A0000000000
:10C1D00043617061636974793A2025386C6C75200D
:10C1E0004D420D0A000000004353442073747275E1
:10C1F000637420756E737570706F727465640D0A68
:10C20000000000002122435344207374727563744C
:10C2100020756E737570706F727465645C725C6E9D
:10C220002200000025733A20496E76616C69642013
:10C2300043524320726563656976656420307825D2
:10C24000687820726573756C74206F6620636F6DFB
:10C250007075746174696F6E2030782568780D0A86
:10C26000000000007265740053696E676C652042BF
:10C270006C6F636B205772697465206661696C65C9
:10C28000643A2030782578200D0A00004D756C74D2
:10C2900069706C6520426C6F636B205772697465BE
:10C2A000206661696C65643A20307825780D0A0053
:10C2B0004E6F206469736B2C206F7220636F756CF6
:10C2C00064206E6F74207075742053442063617213
:10C2D0006420696E20746F205350492069646C6536
:10C2E0002073746174650D0A0000000054696D6567
:10C2F0006F75742077616974696E6720666F72204C
:10C30000636172640D0A00004361726420496E69C2
:10C310007469616C697A65643A204869676820438A
:10C320006170616369747920436172640D0A000071
:10C330004361726420496E697469616C697A6564ED
:10C340003A205374616E646172642043617061636A
:10C3500069747920436172643A2056657273696F1B
:10C360006E20322E780D0A004361726420496E6996
:10C370007469616C697A65643A2056657273696F95
:10C380006E20312E7820436172640D0A0000000097
:10C390004E6F20534420636172642064657465634A
:10C3A000746564210D0000004661696C6564207449
:10C3B0006F20696E697469616C697A652063617266
:10C3C000640D0A005344206361726420696E6974CD
:10C3D00069616C697A65640D0A0000005365742018
:10C3E000256C752D6279746520626C6F636B2074A7
:10C3F000696D6564206F75740D0A00006173736563
:10C400007274696F6E2022257322206661696C65E3
:10C41000643A2066696C6520222573222C206C69A1
:10C420006E652025642C2066756E6374696F6E3AA4
:10C430002025730A000000004E6F20444D41206308
:10C4400068616E6E656C73206172652061766169EA
:10C450006C61626C650000002E0000006E660000DA
:10C46000696E697479000000616E00004C435F439F
:10C470004F4C4C41544500004C435F435459504588
:10C48000000000004C435F4D4F4E4554415259004F
:10C490004C435F4E554D4552494300004C435F5459
:10C4A000494D45004C435F4D45535341474553006B
:10C4B00042616C6C6F63207375636365656465646A
:10C4C000000000002F566F6C756D65732F646174EA
:10C4D000612F6A656E6B696E732F776F726B737005
:10C4E0006163652F474E552D746F6F6C636861698A
:10C4F0006E2F61726D2D31342F7372632F6E6577DD
:10C500006C69622D63796777696E2F6E65776C69E8
:10C51000622F6C6962632F7374646C69622F676445
:10C52000746F612D6765746865782E630000000084
:10C530002F566F6C756D65732F646174612F6A651A
:10C540006E6B696E732F776F726B73706163652F9B
:10C55000474E552D746F6F6C636861696E2F617201
:10C560006D2D31342F7372632F6E65776C69622D78
:10C5700063796777696E2F6E65776C69622F6C6976
:10C5800062632F7374646C69622F6D707265632EC1
:10C5900063000000F2D80010F2D80010BED80010DE
:10C5A000F2D80010C6D80010DAD8001096D80010C3
:10C5B000F2D80010F2D80010F2D800109AD800106B
:10C5C000F2D80010A2D80010F2D80010E0D8001065
:10C5D000F2D80010F2D80010F2D80010F2D80010F3
:10C5E000F2D80010F2D80010F2D80010F2D80010E3
:10C5F000F2D80010F2D80010F2D80010AAD800101B
:10C60000F2D80010B4D80010F2D80010E8D800100A
:10C61000F4E00010EAE00010EAE00010EAE00010A8
:10C62000EAE00010EAE00010EAE00010EAE00010A2
:10C63000EAE00010EAE00010EAE0001038E1001043
:10C64000EAE00010EAE00010EAE00010EAE0001082
:10C65000EAE00010EAE00010EAE000104AE1001011
:10C66000EAE00010EAE00010EAE00010EAE0001062
:10C67000EAE0001026E10010EAE00010EAE0001015
:10C68000EAE00010EAE00010EAE00010EAE0001042
:10C6900008E1001000000000000000006FC2001060
:10C6A00065C2001059C20010CDCCCC3D0AD7233C46
:10C6B00017B7D13877CC2B329595E6241FB14F0AA6
:10C6C000000020410000C84200401C4620BCBE4C77
:10C6D000CA1B0E5AAEC59D749A9999999999B93FFA
:10C6E0007B14AE47E17A843F2D431CEBE2361A3FC0
:10C6F0003A8C30E28E79453EBC89D897B2D29C3CC8
:10C7000033A7A8D523F649393DA7F444FD0FA53238
:10C710009D978CCF08BA5B25436FAC642806C80A86
:10C72000000000000000244000000000000059400C
:10C73000000000000088C3400000000084D797413B
:10C740000080E03779C34143176E05B5B5B893460D
:10C75000F5F93FE9034F384D321D30F94877825AD9
:10C760003CBF737FDD4F15752CF100102CF10010CC
:10C77000FEF000102CF1001006F1001018F100106E
:10C78000D2F000102CF100102CF100102CF1001050
:10C79000DAF000102CF10010E2F000102CF1001083
:10C7A0001EF100102CF100102CF100102CF10010E3
:10C7B0002CF100102CF100102CF100102CF10010C5
:10C7C0002CF100102CF100102CF100102CF10010B5
:10C7D000EAF000102CF10010F4F000102CF1001021
:10C7E00026F10010EAFA0010EAFA0010B6FA00107A
:10C7F000EAFA0010BEFA0010D2FA00108EFA001009
:10C80000EAFA0010EAFA0010EAFA001092FA0010B0
:10C81000EAFA00109AFA0010EAFA0010D8FA0010AA
:10C82000EAFA0010EAFA0010EAFA0010EAFA001038
:10C83000EAFA0010EAFA0010EAFA0010EAFA001028
:10C84000EAFA0010EAFA0010EAFA0010A2FA001060
:10C85000EAFA0010ACFA0010EAFA0010E0FA001050
:10C86000080052500A38A504080052501A520A0013
:10C87000FE12011042130110481301104E13011053
:10C880004E1301104E1301104E13011062130110CC
:10C89000621301106213011062130110741301106E
:10C8A000F2130110081D0110661C0110661C011016
:10C8B000661C0110661C0110661C01106A1C011028
:10C8C000661C0110661C0110661C0110661C01101C
:10C8D000661C0110661C0110661C0110661C01100C
:10C8E000661C0110661C0110F61D0110661C01106B
:10C8F000661C0110661C0110661C0110661C0110EC
:10C90000661C0110661C0110661C0110661C0110DB
:10C91000661C0110661C0110661C0110661C0110CB
:10C92000661C0110081D0110661C0110661C011018
:10C93000661C0110661C0110661C01106A1C0110A7
:10C940009C1F0110D21E0110D21E0110D21E011018
:10C95000D21E0110D21E01102C1F0110D21E011078
:10C96000D21E0110D21E0110D21E0110D21E0110C3
:10C97000D21E0110D21E0110D21E0110D21E0110B3
:10C98000D21E0110D21F0110D21E0110D21E0110A2
:10C99000D21E0110D21E0110D21E0110D21E011093
:10C9A000D21E0110D21E0110D21E0110D21E011083
:10C9B000D21E0110D21E0110D21E0110D21E011073
:10C9C0009C1F0110D21E0110D21E0110D21E011098
:10C9D000D21E0110D21E01102C1F0110202F011099
:10C9E000202F01107A2E0110C22E01108E2E011060
:10C9F000AC2E01100E2F0110202F0110202F01103E
:10CA0000202F0110E62E0110202F0110D22E011030
:10CA1000202F0110502E0110202F0110202F011067
:10CA2000202F0110202F0110202F0110202F011086
:10CA3000202F0110202F0110202F0110202F011076
:10CA4000202F0110042F0110202F0110FA2E0110A9
:10CA5000202F01105C2E0110202F0110702E0110CC
:10CA6000202F0110202F0110202F0110202F011046
:10CA7000202F0110202F0110202F0110202F011036
:10CA8000202F0110202F0110202F0110202F011026
:10CA9000202F0110202F0110202F0110202F011016
:10CAA000202F0110202F0110202F0110202F011006
:10CAB000202F0110202F0110202F0110202F0110F6
:10CAC000202F0110202F0110202F0110202F0110E6
:10CAD000202F0110202F0110202F0110662E011091
:10CAE000F25E0110F25E0110BE5E0110F25E0110F6
:10CAF000C65E0110DA5E0110965E0110F25E011052
:10CB0000F25E0110F25E01109A5E0110F25E0110F9
:10CB1000A25E0110F25E0110E05E0110F25E0110F3
:10CB2000F25E0110F25E0110F25E0110F25E011081
:10CB3000F25E0110F25E0110F25E0110F25E011071
:10CB4000F25E0110F25E0110AA5E0110F25E0110A9
:10CB5000B45E0110F25E0110E85E01107C6001100D
:10CB60007C6001104E6001107C6001105660011065
:10CB700068600110226001107C6001107C6001106F
:10CB80007C6001102A6001107C600110326001108D
:10CB90007C6001106E6001107C6001107C600110EF
:10CBA0007C6001107C6001107C6001107C600110D1
:10CBB0007C6001107C6001107C6001107C600110C1
:10CBC0007C6001103A6001107C600110446001102B
:10CBD0007C60011072600110946301109463011075
:10CBE000B062011028630110D462011006630110C5
:10CBF0008863011094630110946301109463011021
:10CC00005E6301109463011050630110946301107E
:10CC10007262011094630110946301109463011017
:10CC200094630110946301109463011094630110E4
:10CC300094630110946301109463011094630110D4
:10CC40007A630110946301106C6301109463011006
:10CC50008A62011094630110A662011094630110AE
:10CC600094630110946301109463011094630110A4
:10CC70009463011094630110946301109463011094
:10CC80009463011094630110946301109463011084
:10CC90009463011094630110946301109463011074
:10CCA0009463011094630110946301109463011064
:10CCB0009463011094630110946301109463011054
:10CCC0009463011094630110946301109463011044
:10CCD00094630110946301109C620110B269011009
:10CCE000466A0110626A01107E6A01109A6A011098
:10CCF000B66A0110147801101478011062770110DF
:10CD0000B67701107A7701109C7701100478011032
:10CD1000147801101478011014780110DE770110D6
:10CD200014780110CC7701101478011034770110B9
:10CD3000147801101478011014780110147801107F
:10CD4000147801101478011014780110147801106F
:10CD5000147801101478011014780110FA7701107A
:10CD600014780110F0770110147801104477011045
:10CD700014780110587701101478011014780110FC
:10CD8000147801101478011014780110147801102F
:10CD9000147801101478011014780110147801101F
:10CDA000147801101478011014780110147801100F
:10CDB00014780110147801101478011014780110FF
:10CDC00014780110147801101478011014780110EF
:10CDD00014780110147801101478011014780110DF
:10CDE00014780110147801101478011014780110CF
:10CDF000147801104E7701103E7A0110D68501108B
:10CE0000BCD50110AEE50110AEE50110AEE5011094
:10CE1000AEE50110AEE50110AEE50110AEE5011082
:10CE2000AEE50110AEE50110AEE50110AEE5011072
:10CE3000AEE50110AEE50110AEE50110AEE5011062
:10CE4000AEE50110AEE50110AEE50110AEE5011052
:10CE5000AEE50110AEE50110AEE50110AEE5011042
:10CE6000AEE50110AEE50110AEE50110AEE5011032
:10CE7000AEE50110AEE501103E7A0110D685011035
:10CE8000BCD50110A88501104E7A0110D47A01108A
:10CE9000A87B0110BC7C0110907D0110607E011008
:10CEA000627F0110B8800110BA81011086820110E2
:10CEB00052830110D4840110EE8501104E890110B7
:10CEC0004E8901104E8901104E8901104E890110C2
:10CED0004E890110848A0110108D0110508F0110AD
:10CEE000249A0110709C0110849E0110C4A00110AE
:10CEF000B8A501103CAA0110E0AC0110AAAE0110C7
:10CF0000D8B001101AB30110A8B40110EAB601108C
:10CF1000B0B9011058BC0110A6BE011060C10110CB
:10CF200010C4011052C601101CC90110C0CB011061
:10CF300012CE0110CCD001107CD30110D4D401103A
:10CF4000D4D40110D4D40110D4D40110D4D40110FD
:10CF5000D4D40110D4D40110D4D40110D4D40110ED
:10CF6000D4D40110D4D40110D4D40110D4D40110DD
:10CF7000D4D40110D4D40110D4D40110D4D40110CD
:10CF8000D4D40110D4D40110D4D40110D4D40110BD
:10CF9000D4D40110D4D40110D4D40110D4D40110AD
:10CFA000D4D40110D4D40110D4D40110D4D401109D
:10CFB000D4D40110D4D40110D4D40110D4D401108D
:10CFC000D4D40110D4D40110D4D40110D4D401107D
:10CFD000D4D40110D4D40110D4D40110D4D401106D
:10CFE000D4D40110D4D40110D4D40110D4D401105D
:10CFF000D4D40110D4D40110D4D40110D4D401104D
:10D00000D4D40110D4D40110D4D40110D4D401103C
:10D01000D4D40110D4D40110D4D40110D4D401102C
:10D02000D4D40110D4D40110D4D40110D4D401101C
:10D03000D4D40110D4D40110D4D40110D4D401100C
:10D04000D4D40110D4D40110EE8501104E89011002
:10D050004E8901104E8901104E8901104E89011030
:10D060004E890110848A0110108D0110508F01101B
:10D07000249A0110709C0110849E0110C4A001101C
:10D08000B8A501103CAA0110E0AC0110AAAE011035
:10D09000D8B001101AB30110A8B40110EAB60110FB
:10D0A000B0B9011058BC0110A6BE011060C101103A
:10D0B00010C4011052C601101CC90110C0CB0110D0
:10D0C00012CE0110CCD001107CD30110D4D40110A9
:10D0D000D4D40110D4D40110D4D40110D4D401106C
:10D0E000D4D40110D4D40110D4D40110D4D401105C
:10D0F000D4D40110D4D40110D4D40110D4D401104C
:10D10000D4D40110D4D40110D4D40110D4D401103B
:10D11000D4D40110D4D40110D4D40110D4D401102B
:10D12000D4D40110D4D40110D4D40110D4D401101B
:10D13000D4D40110D4D40110D4D40110D4D401100B
:10D14000D4D40110D4D40110D4D40110D4D40110FB
:10D15000D4D40110D4D40110D4D40110D4D40110EB
:10D16000D4D40110D4D40110D4D40110D4D40110DB
:10D17000D4D40110D4D40110D4D40110D4D40110CB
:10D18000D4D40110D4D40110D4D40110D4D40110BB
:10D19000D4D40110D4D40110D4D40110D4D40110AB
:10D1A000D4D40110D4D40110D4D40110D4D401109B
:10D1B000D4D40110D4D40110D4D40110D4D401108B
:10D1C000D4D40110D4D40110D4D40110D4D401107B
:10D1D000D4D40110D4D40110EE8501104E89011071
:10D1E0004E8901104E8901104E8901104E8901109F
:10D1F0004E890110848A0110108D0110508F01108A
:10D20000249A0110709C0110849E0110C4A001108A
:10D21000B8A501103CAA0110E0AC0110AAAE0110A3
:10D22000D8B001101AB30110A8B40110EAB6011069
:10D23000B0B9011058BC0110A6BE011060C10110A8
:10D2400010C4011052C601101CC90110C0CB01103E
:10D2500012CE0110CCD001107CD30110D4D4011017
:10D26000D4D40110D4D40110D4D40110D4D40110DA
:10D27000D4D40110D4D40110D4D40110D4D40110CA
:10D28000D4D40110D4D40110D4D40110D4D40110BA
:10D29000D4D40110D4D40110D4D40110D4D40110AA
:10D2A000D4D40110D4D40110D4D40110D4D401109A
:10D2B000D4D40110D4D40110D4D40110D4D401108A
:10D2C000D4D40110D4D40110D4D40110D4D401107A
:10D2D000D4D40110D4D40110D4D40110D4D401106A
:10D2E000D4D40110D4D40110D4D40110D4D401105A
:10D2F000D4D40110D4D40110D4D40110D4D401104A
:10D30000D4D40110D4D40110D4D40110D4D4011039
:10D31000D4D40110D4D40110D4D40110D4D4011029
:10D32000D4D40110D4D40110D4D40110D4D4011019
:10D33000D4D40110D4D40110D4D40110D4D4011009
:10D34000D4D40110D4D40110D4D40110D4D40110F9
:10D35000D4D40110D4D40110D4D40110D4D40110E9
:10D36000D4D40110D4D40110EE8501104E890110DF
:10D370004E8901104E8901104E8901104E8901100D
:10D380004E890110848A0110108D0110508F0110F8
:10D39000249A0110709C0110849E0110C4A00110F9
:10D3A000B8A501103CAA0110E0AC0110AAAE011012
:10D3B000D8B001101AB30110A8B40110EAB60110D8
:10D3C000B0B9011058BC0110A6BE011060C1011017
:10D3D00010C4011052C601101CC90110C0CB0110AD
:10D3E00012CE0110CCD001107CD30110D0D5011089
:10D3F00048DC0110A4E10110F6E3011086E50110FC
:10D4000086E5011086E5011086E5011086E501102C
:10D4100086E50110D0D5011048DC0110A4E101100F
:10D42000F6E3011086E5011086E5011086E501109E
:10D4300086E5011086E5011086E50110D0D50110C2
:10D4400048DC0110A4E10110F6E3011086E50110AB
:10D4500086E5011086E5011086E5011086E50110DC
:10D4600086E50110D0D5011048DC0110A4E10110BF
:10D47000F6E3011086E5011086E5011086E501104E
:10D4800086E5011086E5011086E50110D0D5011072
:10D4900048DC0110A4E10110F6E3011086E501105B
:10D4A00086E5011086E5011086E5011086E501108C
:10D4B00086E50110D0D5011048DC0110A4E101106F
:10D4C000F6E3011086E5011086E5011086E50110FE
:10D4D00086E5011086E5011086E50110D0D5011022
:10D4E00048DC0110A4E10110F6E3011086E501100B
:10D4F00086E5011086E5011086E5011086E501103C
:10D5000086E50110D0D5011048DC0110A4E101101E
:10D51000F6E30110909C0310A49C03109C9C031044
:10D52000B09C0310BC9C0310C89C0310D49C031037
:10D53000E09C0310EC9C0310F89C0310049D031066
:10D54000149D0310289D0310349D0310489D031063
:10D5500068656164310068656164320068656164B2
:10D56000330068656164340070696E310070696E03
:10D57000320070696E330070696E340070696E3508
:10D580000070696E360070696E370070696E380021
:10D5900000C0F3450080224600C073460080A246CA
:10D5A0000024F44600E42247002474470024F44792
:10D5B000002474480024F44800000000000000002B
:10D5C00055090210590902105D0902106109021083
:10D5D0006509021067090210000000000000000049
:10D5E000230C0210CD0D021069090210AD090210C2
:10D5F0006D0902108D0902100000000000000000FB
:10D60000AD0E021061100210690E0210151002100A
:10D610006D0E02108D0E02106770696F5F73657476
:10D620005F6972715F656E61626C65640000000025
:10D630007270323034305F636869705F7665727320
:10D64000696F6E006972715F6164645F7461696CB7
:10D650005F746F5F667265655F6C6973740000006C
:10D66000696E736572745F626C5F33320000000034
:10D670006972715F72656D6F76655F68616E646C0B
:10D68000657200006D616B655F6A5F313600000096
:10D690007265736F6C76655F6A5F313600000000FB
:10D6A0006972715F6164645F7368617265645F6809
:10D6B000616E646C657200006972715F7365745F9E
:10D6C0006578636C75736976655F68616E646C65B7
:10D6D0007200000073656D5F726573657400000011
:10D6E0006D757465785F6578697400006D75746533
:10D6F000785F656E7465725F626C6F636B5F756E89
:10D7000074696C0072756E74696D655F696E6974B9
:10D710005F6D757465780000616C61726D5F706F2C
:10D720006F6C5F6765745F64656661756C7400003B
:10D73000616C61726D5F706F6F6C5F6972715F6851
:10D74000616E646C65720000FFFFFFFFFFFFFF7FEB
:10D75000706C6C5F696E69740000000064656661DE
:10D76000756C745F656E7465725F736166655F7A10
:10D770006F6E655F74696D656F75745F6D730000C2
:10D780005F5F61656162695F646F75626C655F6947
:10D790006E6974005F5F61656162695F666C6F618D
:10D7A000745F696E6974000006005250D3F07542D0
:10D7B0009CA6031006005250E182887FA4A60310A5
:10D7C00006005250ABB36053B4A60310060052508B
:10D7D000BBFF3CB6BCA6031006005250861C0302D9
:10D7E000C4A60310060052505422A29DD0A60310D6
:10D7F00005005250DE65F468740C0410EA4F021004
:10D800000250021002500210F64F02100250021095
:10D810000250021002500210025002100250021078
:10D820000250021002500210DE4F0210025002108D
:10D83000D24F02100250021002500210C64F0210C6
:10D84000E250021012510210345102101251021013
:10D85000BC5002101251021012510210125102104B
:10D8600012510210125102101251021012510210E4
:10D8700004510210125102101251021012510210E2
:10D88000125102101251021044510210C8550210D8
:10D89000DE550210DE550210DE550210DE55021074
:10D8A000DE550210DE550210DE550210DE55021064
:10D8B000DE550210DE550210DE550210DE55021054
:10D8C000DE550210DE550210DE550210DE55021044
:10D8D000DE550210DE550210DE550210DE55021034
:10D8E000DE550210DE550210DE550210DE55021024
:10D8F000DE550210DE550210DE550210DE55021014
:10D90000DE550210DE550210DE550210F6530210ED
:10D91000B2530210F6530210DE550210DE5502100B
:10D92000DE550210DE550210DE550210DE550210E3
:10D93000DE550210DE550210DE550210DE550210D3
:10D94000DE550210DE550210DE550210DE550210C3
:10D95000DE550210DE55021092510210DE55021003
:10D96000DE550210DE550210DE550210DE550210A3
:10D97000DE550210DE550210DE550210DE55021093
:10D98000925102104E54021092510210F65302109E
:10D99000B2530210F6530210000000000000F03FE6
:10D9A000000000000000244000000000000059407A
:10D9B0000000000000408F40000000000088C340CD
:10D9C00000000000006AF8400000000080842E4142
:10D9D00000000000D01263410000000084D797418E
:10D9E0000000000065CDCD41737464696F5F6765A9
:10D9F00074636861725F74696D656F75745F757368
:10DA0000000000000D0A00000600525053B4F4A1BB
:10DA100098A703100800525012000000080052504E
:10DA200092100000000000003D5D021000000000A8
:10DA3000415D02104D5D0210855D0210815D021096
:10DA4000000000000A00000000000306A600080015
:10DA5000020002009C001400030057494E55534237
:10DA60000000000000000000000080000400010031
:10DA700028004400650076006900630065004900E5
:10DA80006E0074006500720066006100630065004E
:10DA9000470055004900440000004E007B00620032
:10DAA00063003700330039003800630031002D0077
:10DAB00037003300630064002D003400630062000F
:10DAC00037002D0039003800620038002D00390081
:10DAD00031003300610038006600630061003700E8
:10DAE0006200660036007D0000000000050F210086
:10DAF000011C100500DF60DDD88945C74C9CD2654C
:10DB00009D9E648A9F00000306A60001000000009D
:10DB10000600525053B4F4A1FCA703107374646957
:10DB20006F5F7573625F696E6974000000000000CA
:10DB300010A8031020A803108C99022028A8031015
:10DB400034A8031009025400030100807D080B0073
:10DB50000202020000090400000102020004052480
:10DB6000002001052401000104240206052406000A
:10DB7000010705810308001009040100020A0000E2
:10DB8000000705020240000007058202400000096C
:10DB900004020000FF00010512011002EF02014023
:10DBA0008A2E0A0000010102030100007069636F00
:10DBB0005F6765745F756E697175655F626F6172CD
:10DBC000645F69645F737472696E6700666C617329
:10DBD000685F646F5F636D6400000000666C617372
:10DBE000685F72616E67655F70726F6772616D000A
:10DBF000666C6173685F72616E67655F65726173A1
:10DC0000650000006463645F656470745F786665D6
:10DC1000720000006463645F7365745F61646472C2
:10DC2000657373006463645F696E745F656E6162DF
:10DC30006C65000068775F656E64706F696E745F15
:10DC4000616C6C6F630000006463645F696E69748B
:10DC50000000000073796E635F65705F62756666D1
:10DC6000657200002E6B02108E6A0210CA6A0210E2
:10DC7000FE6A02102E6B02102E6B02101A6B02103D
:10DC8000CA6A02102E6B02102E6B02102E6B02104D
:10DC90002E6B02102E6B02102E6B02102E6B0210D8
:10DCA000B06A0210CC0B0020CC0B0020AE0B002081
:10DCB000620C0020040C0020180C0020340D002001
:10DCC00088700210627002101A7202103C7002100A
:10DCD0001A7202108C6F0210307002101A72021049
:10DCE000A86F0210C06F02107A7202106C720210DC
:10DCF000B2720210E6730210B0730210C873021001
:10DD0000C072021030730210D8730210757362640F
:10DD10005F656470745F7866657200007573626435
:10DD20005F656470745F6F70656E00007573626428
:10DD30005F6F70656E5F656470745F7061697200BB
:10DD400071756575655F6576656E740070726F6379
:10DD50006573735F6765745F64657363726970741C
:10DD60006F72000070726F636573735F7365745FC9
:10DD7000636F6E666967000070726F636573735FCF
:10DD8000636F6E74726F6C5F72657175657374002A
:10DD9000636F6E66696775726174696F6E5F7265D5
:10DDA000736574007475645F7461736B5F65787418
:10DDB000000000007475645F7268706F72745F6950
:10DDC0006E69740000000000A578021051790210FD
:10DDD00099790210097A0210F57A0210317C02104A
:10DDE0000000000000000000D57D0210717E0210CE
:10DDF000A57E0210F57E0210ED5D0210418002103A
:10DE000000000000757362645F636F6E74726F6C04
:10DE10005F786665725F6362000000007475645F1E
:10DE2000636F6E74726F6C5F7866657200000000DD
:10DE3000636463645F786665725F6362000000001C
:10DE4000636463645F6F70656E0000007475645F87
:10DE50006364635F6E5F77726974655F666C757328
:10DE60006800000076656E646F72645F6F70656E47
:10DE70000000000074755F656470745F7374726590
:10DE8000616D5F726561645F7866657200000000B5
:10DE900074755F656470745F73747265616D5F77CC
:10DEA000726974655F7866657200000074755F65FD
:10DEB0006470745F73747265616D5F7772697465A5
:10DEC0005F7A6C705F69665F6E65656465640000AB
:10DED00074755F656470745F76616C6964617465A4
:10DEE00000000000747573625F7268706F72745F17
:10DEF000696E6974000000006932635F7365745F66
:10DF00006261756472617465000000006578636524
:10DF10007074696F6E5F7365745F6578636C757339
:10DF20006976655F68616E646C65720078506F72C7
:10DF3000744C6F636B496E7465726E616C5370697B
:10DF40006E556E6C6F636B57697468426573744588
:10DF500066666F7274576169744F7254696D656F4C
:10DF60007574000076506F72744C6F636B496E74F9
:10DF700065726E616C5370696E556E6C6F636B5732
:10DF8000697468576169740076506F727445786976
:10DF900074437269746963616C000000784576654A
:10DFA0006E7447726F7570536574426974730000C4
:10DFB000784576656E7447726F7570576169744203
:10DFC00069747300765175657565416464546F5268
:10DFD0006567697374727900785175657565526506
:10DFE000636569766546726F6D49535200000000A3
:10DFF00078517565756553656D6170686F726554AC
:10E00000616B650078517565756552656365697604
:10E0100065000000785175657565476976654672DB
:10E020006F6D4953520000007851756575654765FD
:10E030006E6572696353656E6446726F6D495352C3
:10E04000000000007072764E6F74696679517565D4
:10E050007565536574436F6E7461696E6572000017
:10E0600078517565756547656E6572696353656E50
:10E070006400000078517565756547656E65726965
:10E0800063437265617465007851756575654765B0
:10E090006E65726963526573657400009EBA021002
:10E0A0001ABB021002BB021008BB02100EBB02100A
:10E0B000BCBC0210B2BC0210CABC0210D6BC02101A
:10E0C000DEBC0210765461736B47656E65726963DE
:10E0D0004E6F746966794769766546726F6D49530C
:10E0E00052000000785461736B47656E6572696316
:10E0F0004E6F746966790000785461736B47656E82
:10E10000657269634E6F746966795761697400005E
:10E11000765461736B5072696F7269747944697374
:10E12000696E6865726974416674657254696D657B
:10E130006F757400785461736B5072696F72697493
:10E1400079446973696E68657269740078546173A3
:10E150006B436865636B466F7254696D654F757488
:10E1600000000000765461736B52656D6F766546F2
:10E17000726F6D556E6F7264657265644576656E1B
:10E18000744C697374000000785461736B52656D50
:10E190006F766546726F6D4576656E744C69737403
:10E1A00000000000765461736B506C6163654F6EC4
:10E1B0004576656E744C69737452657374726963E5
:10E1C00074656400765461736B506C6163654F6E67
:10E1D000556E6F7264657265644576656E744C69E0
:10E1E00073740000765461736B506C6163654F6E9D
:10E1F0004576656E744C69737400000076546173E3
:10E200006B537769746368436F6E7465787400004C
:10E21000785461736B496E6372656D656E74546991
:10E22000636B0000785461736B526573756D654163
:10E230006C6C0000765461736B5374617274536339
:10E24000686564756C6572007072765461736B49B1
:10E25000735461736B53757370656E64656400000D
:10E26000765461736B526573756D65007654617396
:10E270006B53757370656E640000000076546173B3
:10E280006B5072696F726974795365740000000095
:10E29000655461736B476574537461746500000065
:10E2A000765461736B44656C6179000070727649D5
:10E2B0006E697469616C6973654E65775461736BDF
:10E2C000000000001F000000B6C00210FAC00210DB
:10E2D000FAC002103EC102104AC1021078C10210F9
:10E2E000FAC00210FAC002103EC102104AC1021068
:10E2F00070727650726F6365737352656365697689
:10E300006564436F6D6D616E647300007854696D70
:10E31000657243726561746554696D6572546173A9
:10E320006B0000006D756C7469636F72655F6C6F74
:10E33000636B6F75745F656E645F626C6F636B5F58
:10E34000756E74696C000000707276496E73657248
:10E3500074426C6F636B496E746F467265654C698D
:10E360007374000076506F72744672656500000029
:10E370007076506F72744D616C6C6F6300000000BA
:10E38000D2C80210DCC80210E8C80210EEC80210A1
:10E39000F4C80210FAC8021000C9021006C902101F
:10E3A0000CC902107D1D0100632C001E9601A01EE9
:10E3B0005A01001F0806101F0606201F0806301FFE
:10E3C0000806401F0606511F0700591F521F5B1FFA
:10E3D000541F5D1F561F5F1F601F0806701F0E0031
:10E3E000BA1FBB1FC81FC91FCA1FCB1FDA1FDB1FE5
:10E3F000F81FF91FEA1FEB1FFA1FFB1F801F0806FB
:10E40000901F0806A01F0806B01F0400B81FB91F00
:10E41000B21FBC1FCC1F0100C31FD01F0206E01F8C
:10E420000206E51F0100EC1FF31F0100FC1F4E2137
:10E430000100322170211002842101008321D024A7
:10E440001A05302C2F04602C0201672C0601752C54
:10E450000201802C6401002D260841FF1A030000F0
:10E4600061001A03E0001703F8000703FF00010032
:10E4700078010001300132010601390110014A0121
:10E480002E017901060180014D00430281018201C4
:10E4900082018401840186018701870189018A0143
:10E4A0008B018B018D018E018F01900191019101F2
:10E4B00093019401F60196019701980198013D029C
:10E4C0009B019C019D0120029F01A001A001A201CE
:10E4D000A201A401A401A601A701A701A901AA0103
:10E4E000AB01AC01AC01AE01AF01AF01B101B201B2
:10E4F000B301B301B501B501B701B801B801BA0163
:10E50000BB01BC01BC01BE01F701C001C101C201D8
:10E51000C301C401C501C401C701C801C701CA01C3
:10E52000CB01CA01CD011001DD0101008E01DE0128
:10E530001201F3010300F101F401F401F8012801D3
:10E54000220212013A020900652C3B023B023D0205
:10E55000662C3F0240024102410246020A01530278
:10E56000400081018601550289018A0158028F010C
:10E570005A0290015C025D025E025F029301610239
:10E5800062029401640265026602670297019601C5
:10E590006A02622C6C026D026E029C0170027102B2
:10E5A0009D01730274029F0176027702780279025C
:10E5B0007A027B027C02642C7E027F02A601810229
:10E5C0008202A9018402850286028702AE0144020A
:10E5D000B101B20145028D028E028F0290029102BA
:10E5E000B7017B030300FD03FE03FF03AC0304003C
:10E5F0008603880389038A03B1031103C20302005F
:10E60000A303A303C4030803CC0303008C038E03FA
:10E610008F03D8031801F2030A00F903F303F4038C
:10E62000F503F603F703F703F903FA03FA033004DB
:10E63000200350041007600422018A043601C1043B
:10E640000E01CF040100C004D0044401610526047A
:10E6500000000000C700FC00E900E200E400E00068
:10E66000E500E700EA00EB00E800EF00EE00EC0058
:10E67000C400C500C900E600C600F400F600F200C0
:10E68000FB00F900FF00D600DC00A200A300A500FB
:10E69000A7209201E100ED00F300FA00F100D100A3
:10E6A000AA00BA00BF001023AC00BD00BC00A1004E
:10E6B000AB00BB00912592259325022524256125D9
:10E6C0006225562555256325512557255D255C2551
:10E6D0005B251025142534252C251C2500253C25DB
:10E6E0005E255F255A255425692566256025502518
:10E6F0006C256725682564256525592558255225EB
:10E7000053256B256A2518250C25882584258C25FD
:10E7100090258025B103DF009303C003A303C30347
:10E72000B500C403A6039803A903B4031E22C603BD
:10E73000B50329226122B10065226422202321230E
:10E74000F7004822B0001922B7001A227F20B20039
:10E75000A025A000809A45418E418F8045454549BE
:10E7600049498E8F9092924F994F555559999A9B3E
:10E770009C9D9E9F41494F55A5A5A6A7A8A9AAABB8
:10E78000ACADAEAFB0B1B2B3B4B5B6B7B8B9BABB51
:10E79000BCBDBEBFC0C1C2C3C4C5C6C7C8C9CACB41
:10E7A000CCCDCECFD0D1D2D3D4D5D6D7D8D9DADB31
:10E7B000DCDDDEDFE0E1E2E3E4E5E6E7E8E9EAEB21
:10E7C000ECEDEEEFF0F1F2F3F4F5F6F7F8F9FAFB11
:10E7D000FCFDFEFF01030507090E10121416181C9C
:10E7E0001E000000A2A0D0EBE5B9334487C068B694
:10E7F000B72699C7454649205041525400000100B0
:10E800004546492050415254000001005C00000080
:10E8100000000200EEFEFF0001000000FFFFFFFF0E
:10E8200073645F7370695F777269746500000000DC
:10E830006368616E6E656C5F636F6E6669675F7358
:10E8400065745F64726571006368616E6E656C5FAC
:10E85000636F6E6669675F7365745F636861696E35
:10E860005F746F00696E5F7370695F6972715F6872
:10E87000616E646C657200006D795F7370695F69C9
:10E880006E6974007370695F756E6C6F636B000006
:10E890007370695F6C6F636B000000007370695F79
:10E8A0007472616E7366657200FF00007370695F59
:10E8B0007472616E736665720000000073645F7746
:10E8C000726974655F626C6F636B000073645F7282
:10E8D0006561645F626C6F636B00000073645F75F9
:10E8E0006E6C6F636B00000073645F776169745FC7
:10E8F000726561647900000073645F736563746FAF
:10E9000072735F6E6F6C6F636B00000073645F6C9B
:10E910006F636B0000002110422063308440A550DB
:10E92000C660E770088129914AA16BB18CC1ADD155
:10E93000CEE1EFF13112100273325222B5529442FD
:10E94000F772D662399318837BB35AA3BDD39CC3A5
:10E95000FFF3DEE36224433420040114E664C77449
:10E96000A44485546AA54BB528850995EEE5CFF5F5
:10E97000ACC58DD55336722611163006D776F6669D
:10E980009556B4465BB77AA719973887DFF7FEE745
:10E990009DD7BCC7C448E5588668A7784008611869
:10E9A00002282338CCC9EDD98EE9AFF94889699995
:10E9B0000AA92BB9F55AD44AB77A966A711A500A3D
:10E9C000333A122AFDDBDCCBBFFB9EEB799B588BE5
:10E9D0003BBB1AABA66C877CE44CC55C222C033C89
:10E9E000600C411CAEED8FFDECCDCDDD2AAD0BBD35
:10E9F000688D499D977EB66ED55EF44E133E322EDD
:10EA0000511E700E9FFFBEEFDDDFFCCF1BBF3AAF84
:10EA1000599F788F8891A981CAB1EBA10CD12DC1E2
:10EA20004EF16FE18010A100C230E3200450254078
:10EA300046706760B9839893FBA3DAB33DC31CD3D8
:10EA40007FE35EF3B1029012F322D23235421452C8
:10EA500077625672EAB5CBA5A89589856EF54FE524
:10EA60002CD50DC5E234C324A01481046674476418
:10EA700024540544DBA7FAB79987B8975FE77EF778
:10EA80001DC73CD7D326F2369106B0165766767668
:10EA9000154634564CD96DC90EF92FE9C899E98944
:10EAA0008AB9ABA94458654806782768C018E108B8
:10EAB0008238A3287DCB5CDB3FEB1EFBF98BD89B18
:10EAC000BBAB9ABB754A545A376A167AF10AD01A08
:10EAD000B32A923A2EFD0FED6CDD4DCDAABD8BAD64
:10EAE000E89DC98D267C076C645C454CA23C832C58
:10EAF000E01CC10C1FEF3EFF5DCF7CDF9BAFBABFB8
:10EB0000D98FF89F176E367E554E745E932EB23EA7
:10EB1000D10EF01E0009121B242D363F48415A53D6
:10EB20006C657E7719100B023D342F265158434AED
:10EB3000757C676E323B2029161F040D7A7368615D
:10EB40005E574C452B2239300F061D14636A7178CD
:10EB5000474E555C646D767F4049525B2C253E37AD
:10EB600008011A137D746F6659504B42353C272EAD
:10EB70001118030A565F444D727B60691E170C051D
:10EB80003A3328214F465D546B627970070E151C8D
:10EB9000232A31384148535A656C777E09001B128D
:10EBA0002D243F3658514A437C756E671019020B6D
:10EBB000343D262F737A6168575E454C3B322920DD
:10EBC0001F160D046A6378714E475C55222B30394D
:10EBD000060F141D252C373E0108131A6D647F762D
:10EBE00049405B523C352E2718110A03747D666F2D
:10EBF0005059424B171E050C333A21285F564D449D
:10EC00007B7269600E071C152A233831464F545D0C
:10EC1000626B7079BA25031040240310402403105E
:10EC20004024031040240310402403104024031008
:10EC300040240310402403105C2503105C250310BE
:10EC40005C2503105C2503105C2503104024031091
:10EC500040240310402403104024031040240310D8
:10EC600040240310402403104024031040240310C8
:10EC700040240310402403104024031040240310B8
:10EC800040240310402403104024031040240310A8
:10EC9000402403105C25031040240310402403107B
:10ECA0004024031040240310402403104024031088
:10ECB0004024031040240310402403104024031078
:10ECC000CC2B031040240310DE2B0310A0330310C1
:10ECD0002A3003107E3003107830031064300310A4
:10ECE0002A30031034000000CEFBFFFFCB030000EE
:10ECF000010000000000000035000000CEFBFFFF17
:10ED0000CB03000001000000000000000000000034
:10ED1000BC89D897B2D29C3C33A7A8D523F64939F1
:10ED20003DA7F444FD0FA5329D978CCF08BA5B2513
:10ED3000436FAC642806681100202020202020208A
:10ED4000202028282828282020202020202020209B
:10ED500020202020202020202088101010101010AB
:10ED600010101010101010101004040404040404F7
:10ED70000404041010101010101041414141414191
:10ED80000101010101010101010101010101010173
:10ED90000101010110101010101042424242424283
:10EDA0000202020202020202020202020202020243
:10EDB00002020202101010102000000000000000EB
:10EDC0000000000000000000000000000000000043
:10EDD0000000000000000000000000000000000033
:10EDE0000000000000000000000000000000000023
:10EDF0000000000000000000000000000000000013
:10EE00000000000000000000000000000000000002
:10EE100000000000000000000000000000000000F2
:10EE200000000000000000000000000000000000E2
:10EE300000000000000000000000000000000000D2
:10EE400000000000000000000000000000000000C2
:10EE500000000000000000000000000000000000B2
:10EE6000000000000000000000000000101112135C
:10EE7000141516171819000000000000001A1B1CBA
:10EE80001D1E1F0000000000000000000000000028
:10EE9000000000000000000000000000001A1B1C21
:10EEA0001D1E1F0000000000000000000000000008
:10EEB0000000000000000000000000000000000052
:10EEC0000000000000000000000000000000000042
:10EED0000000000000000000000000000000000032
:10EEE0000000000000000000000000000000000022
:10EEF0000000000000000000000000000000000012
:10EF00000000000000000000000000000000000001
:10EF100000000000000000000000000000000000F1
:10EF200000000000000000000000000000000000E1
:10EF300000000000000000000000000005000000CC
:10EF4000190000007D0000000080E03779C34143D4
:10EF5000176E05B5B5B89346F5F93FE9034F384D3F
:10EF6000321D30F94877825A3CBF737FDD4F1575EB
:10EF7000000000000000F03F0000000000002440FE
:10EF800000000000000059400000000000408F40D9
:10EF9000000000000088C34000000000006AF84044
:10EFA0000000000080842E4100000000D012634168
:10EFB0000000000084D797410000000065CDCD41DE
:10EFC000000000205FA00242000000E876483742BF
:10EFD000000000A2941A6D42000040E59C30A2425D
:10EFE0000000901EC4BCD64200003426F56B0C43D2
:10EFF0000080E03779C3414300A0D8855734764379
:10F0000000C84E676DC1AB43003D9160E458E143D9
:10F01000408CB5781DAF154450EFE2D6E41A4B444E
:10F0200092D54D06CFF08044F64AE1C7022DB54493
:10F03000B49DD9794378EA4460C8031068C80310C6
:10F04000A8D70310B4D70310C0D70310CCD7031030
:10F05000D8D70310E4D70310F0D703101CDA03103D
:10F0600014DA031008DA031010DB0310808800B2F2
:10F070007047F8B5040017001E002568EFF31081F3
:10F0800072B60B0028680028FCD0BFF35F8F042203
:10F09000A05E002808DC3A003300200000F0C2FF28
:10F0A0000028EAD0002009E00138A0802268BFF3E0
:10F0B0005F8F0021116083F310880120F8BD0000EC
:10F0C000F8B506000F0000F0FDFF04000D00FA2265
:10F0D000920000233800002100F0B4FF22002B0032
:10F0E00012184B41002B03DB3000FFF7C2FFF8BDC5
:10F0F00001225242004BF7E7FFFFFF7F70B5026825
:10F10000EFF3108172B60C001368002BFCD0BFF334
:10F110005F8F0422835E0625425F934208DB03680B
:10F12000BFF35F8F00221A6084F31088002070BD47
:10F130000133838000F06EFF0120F8E770B50B1EED
:10F140001ADB0621425E9A4216DB0468EFF3108157
:10F1500072B60D002268002AFCD0BFF35F8F042432
:10F16000025F9A420EDB83800368BFF35F8F002249
:10F170001A6085F3108870BD044B054A0548562176
:10F1800000F078FF838000F045FFF4E7D8A103107A
:10F19000D4D6031004A2031070B5040000F072FF6F
:10F1A00006002268EFF3108172B60D001368002B81
:10F1B000FCD0BFF35F8F6368013303D0200000F001
:10F1C00079FFEEE766602368BFF35F8F00221A6065
:10F1D00085F3108870BD70B504000268EFF31085E8
:10F1E00072B61368002BFCD0BFF35F8F63685A1CA4
:10F1F0000BD000290ED00B6000202368BFF35F8F77
:10F2000000221A6085F3108870BD00F03BFF60603B
:10F210000120F2E70020F0E7F0B583B0040017000A
:10F220001E000368002B18D000F02CFF019020680E
:10F23000EFF3108172B60B000268002AFCD0BFF316
:10F240005F8F656801350ED03A003300200000F072
:10F25000E9FE0028EBD000200FE0094B094A0A48DC
:10F26000A62100F007FF019A62602268BFF35F8F5A
:10F270000021116083F31088012003B0F0BDC04667
:10F28000B0A20310ECD6031064A20310F0B583B053
:10F29000070016001D0001A9FFF79DFF041E02D004
:10F2A000200003B0F0BD00F0EDFE019B9842F7D0C6
:10F2B00032002B003800FFF7AFFF0400F0E700003A
:10F2C000F8B506000F0000F0FDFE04000D00FA2264
:10F2D000920000233800002100F0B4FE22002B0031
:10F2E00012184B41002B03DB3000FFF795FFF8BDF0
:10F2F00001225242004BF7E7FFFFFF7F10B5026883
:10F30000EFF3108172B61368002BFCD0BFF35F8F50
:10F310004368013305D001235B42436000F07AFE6D
:10F3200010BD034B034A0448D52100F0A3FEC0469C
:10F33000C4A20310E0D6031064A20310094B1B788B
:10F34000002B08D00CE09A0080214905511808686C
:10F350000549505001333F2BF5DD024B01221A7055
:10F360007047C046F59A0220F436002010B5014BD4
:10F37000984710BDF536002000280AD003231B0251
:10F38000054A12685340C02292001340034A13609A
:10F3900070470223F3E7C0460C8001400C90014007
:10F3A000F0B5D6464F464646C0B504000D000A18D3
:10F3B00080239B039A4232D818273B881426308832
:10F3C0001D49984781463B8830881C4998478046AC
:10F3D0003B8830881A49984782463B8830881949CB
:10F3E000984706004B46002B1FD04346002B1CD0ED
:10F3F0005346002B19D0002817D0FFF79FFFC847AE
:10F40000C0478022D823520229002000D047B047AD
:10F41000FFF7ACFFE0BCBA46B146A846F0BD0A4BC8
:10F420000A4A0B48742100F025FE0A4B074A084897
:10F430007C2100F01FFEC0464946000045580000F0
:10F44000524500004643000094A80310F0DB03106F
:10F45000C0A803100CA90310F8B5DE4657464E4667
:10F460004546E0B504008B461500121880239B0327
:10F470009A4231D818273B88142630881C4998476F
:10F4800081463B8830881B49984780463B883088B6
:10F490001949984782463B883088184998470600A2
:10F4A0004B46002B1ED04346002B1BD05346002B4F
:10F4B00018D0002816D0FFF741FFC847C0472A00E0
:10F4C00059462000D047B047FFF750FFF0BCBB467D
:10F4D000B246A946A046F8BD094B0A4A0A489921F6
:10F4E00000F0C8FD094B074A0748A12100F0C2FD02
:10F4F00049460000455800005250000046430000B5
:10F5000094A80310DCDB0310C0A8031074A9031037
:10F51000F0B5D6464F464646C0B507000E0015006A
:10F5200018239A461B881422904610882849984729
:10F53000814653461B884246108826499847040056
:10F5400053461B88424610882349984780464B46BD
:10F55000002B0CD0002C0AD0002808D0FFF7EEFEBC
:10F56000C847A0470020FFF707FF2A000FE01B4B0A
:10F570001B4A1C48D12100F07DFD002B07D0002A3A
:10F5800005D0C0235B051B6E3370013A01362B009A
:10F59000134312D0C0235B059C6A08232340A407B1
:10F5A000EBD5002DE9D0511B0D29E6D83878C021C4
:10F5B00049050866013D0137DFE70120FFF7DCFE62
:10F5C000C047FFF7D3FEE0BCBA46B146A846F0BD3F
:10F5D000494600004558000046430000E0A90310DA
:10F5E000CCDB0310C0A8031010B5002308E00133E2
:10F5F000DA00002108481150844662445160DBB2B1
:10F600000E2BF4D90548F0229200002100F0FAFCFC
:10F61000034B044A1A6010BD00001050B838002097
:10F62000903C002080011050F0B5CE46474680B592
:10F6300085B0214B9F6D0024012603E0B74376007F
:10F640000134E4B2002F31D01F2C2FD83E42F6D027
:10F650001A4B9E65630899460123234001225340BB
:10F66000DBB298464B465D0045446D01144BED18E6
:10F67000280000F047FA0028E0D0114A4B465B0012
:10F6800043445B01D3189978DA8A01A8002398468D
:10F690000370073343700171826043464371012157
:10F6A00000F050FA280000F0C3F9C7E705B0C0BC6D
:10F6B000B946B046F0BDC0460000115000301150B0
:10F6C00078380020F0B5CE46474680B585B0754AFB
:10F6D0009823D55880239B022F001F401D4245D000
:10F6E000714B9A6A714B1A600024002109E0704B3B
:10F6F0005B183C3300221A7000F0C6F93100013467
:10F70000E4B20F2C18D8A60130002030684BC01886
:10F710009B193B331B78022BF1D1654B9B193A3374
:10F720001E78002EEBD0624BA1015B183C331B7896
:10F73000002BDCD13100E2E7002908D15D4B1B78BA
:10F74000002B04D15C4A903380218902D150554B63
:10F750009B6C5B055B0D01A80022027003324270B6
:10F760004360012100F0EEF98027BF02EB0606D4CA
:10F77000EB0351D580235B021F43002419E01023C3
:10F780001F43FFF751FFF3E7022399461EE04B4B5F
:10F790004A461A66434B5B6E4A4613409945F9D177
:10F7A00018E0434B424652019B180122DA700134A3
:10F7B000E4B2012C20D8A04666013D4BF618B37E7A
:10F7C000002BEED0002CDFD00123994600F08AFCFC
:10F7D0000128DCD8C02292010021300000F02EF96F
:10F7E000300000F025F900F07DFC0128D9D9324B1A
:10F7F0004A465A661A66D4E701A800230370063306
:10F8000043702F4A02AB12CA12C3012100F09AF9C9
:10F81000294B802292021A65EB040AD46B041DD492
:10F820002B042AD4AF4238D105B0C0BCB946B0468B
:10F83000F0BD80235B011F4300241A4B1C60FFF7BF
:10F84000D3FE01A80470012343700471012100F06C
:10F8500079F9194B802212031A65DFE78023DB0157
:10F860001F4301A80023037004334370012100F0FB
:10F8700069F9114B10221A65D2E780231B021F433E
:10F8800001A80023037005334370012100F05AF9E9
:10F89000094B802212011A65C4E739006940094802
:10F8A00000F0D8FB000011500040054068380020EF
:10F8B00078380020F39A02200030115000201150B7
:10F8C00000001050D4AA0310F8B504000F00838A7A
:10F8D000028B1E1C934200D9161CB6B29B1BA3823E
:10F8E0008022D2003243E378002B13D08025AD0173
:10F8F000154301225340E3706378002B0CD0A38A98
:10F90000002B02D18023DB011D43002F00D02D04EA
:10F910002800F8BD0025EBE7E068BB01C0182169AD
:10F92000320000F067FB23699B19236180231B02CF
:10F930001D43E4E7094B1B6C9B070CD48378DB0960
:10F94000012B01D0002007E0C37E022B01D0002054
:10F9500002E0012000E000207047C0460000115086
:10F9600010B5FFF7E7FF002809D0064B9B6A064A4F
:10F9700012689B1A054A94466344C62B00D810BDF2
:10F980000020FCE70040054068380020E0FCFFFF55
:10F9900070B5040083681B68002900D01B0C9D050E
:10F9A000AD0D6278002A11D11B0409D4E38A5B19DA
:10F9B000E382238BAB4201D90023A382280070BDD0
:10F9C0000D4B0E4A0E48E82100F054FB1B040DD5E8
:10F9D0002069E368890159182A0000F00BFBE38ACB
:10F9E0005B19E38223695B192361E2E7054B034A54
:10F9F0000348EE2100F03EFBF4AA031054DC031090
:10FA000014AB031074AB031010B5040083681B68BB
:10FA10000021FFF7BDFF63681B685B0002D5238BE5
:10FA2000834200D010BD01212000FFF7B1FFF9E7AC
:10FA3000002383768382C3820361704710B5002957
:10FA400002D083681B681940002A10D01143520568
:10FA50000DD5826813685B050CD4084B0B4013600E
:10FA6000074B1B6C9B0702D40C23033BFDD283681E
:10FA7000196010BD8178034800F0ECFAFFFBFFFF2E
:10FA80000000115094AB031070B5040043681E6869
:10FA90000021FFF719FF80256D010543164B1B6CF4
:10FAA0009B0715D5A3785B0617D10023A28A002AED
:10FAB00001D0002B15D0114B1E4080239B053343F2
:10FAC000626813602A0000212000FFF7B7FF70BDB5
:10FAD000A378DB0903D10133E8E70123E6E700233C
:10FAE000E4E701212000FFF7EFFE0543044A32401E
:10FAF000A023DB051343E3E700001150FFFFFFAF36
:10FB0000FFFFFFDF70B50400857E002D06D0FFF7F4
:10FB10007BFFA38A002B05D1280070BD817808489F
:10FB200000F098FA2000FFF71BFF051E03D0012309
:10FB300023770025F0E72000FFF7A6FFECE7C0469B
:10FB4000B4AB0310F0B585B006000D004378062B6A
:10FB500012D89B00694AD3589F46694B1A780121F5
:10FB60008A431A701A7801318A431A7000225A7037
:10FB70001A7802318A431A70624B1C6820001430D4
:10FB800000F088FA3100200000F06CFA6269A36985
:10FB9000BFF35F8F0021116083F31088002800D12C
:10FBA000A4E0307871782A0000F0A4FA05B0F0BD26
:10FBB000534B1B78DB07F9D5514A137804210B43CB
:10FBC0001370D9E74E4B1B78DB07EFD54C4A1378FF
:10FBD00004218B431370CFE79B1A5B014A4A9B18A1
:10FBE000DB69002B02D03078716898470134E4B2A9
:10FBF000464B1A782300511CA1420ADBA242EBD9E2
:10FC0000434B1B6862019B18002BE9D1EEE70024EF
:10FC1000EEE73B4B1B785B072AD4394BDB78DB07DD
:10FC2000C4D501AC0C220021200000F0EBF93378A0
:10FC300023700323637073680293324B1E68300095
:10FC4000143000F027FA2100300000F00BFA72693E
:10FC5000B369BFF35F8F0021116083F31088002820
:10FC600037D001AB187859782A0000F043FA9DE7A5
:10FC7000234A137804218B43137001AF0C22002117
:10FC8000380000F0BFF933783B7005237B701D4BC3
:10FC90001C682000143000F0FDF93900200000F04D
:10FCA000E1F96269A369BFF35F8F0021116083F3FB
:10FCB0001088002806D001AB187859782A0000F087
:10FCC00019FAAAE7662213491348FF3200F0EAF94D
:10FCD000A3E766220F491048FF3200F0E3F965E719
:10FCE0000E4A13780133DBB2137045E766220949E7
:10FCF0000948FF3200F0D6F958E7C046A4DC0310EB
:10FD00000C33002064330020C4DD0310F29A02207B
:10FD10005C31002040DD031014AC0310F49A022083
:10FD200010B504001000002205E0E3689B07FCD535
:10FD30008B5CA36001328242F7D300E0A368E368E2
:10FD40005B07FBD4E368DB06FCD400E0A368E36850
:10FD50005B07FBD40123236210BDF0B50700180038
:10FD60001D001C0008E0002C06D0FE68760703D5B5
:10FD7000BB681370013C013226002E430BD0002DCE
:10FD8000F1D0FE68B607EED52B000833A342EAD9BE
:10FD9000B960013DE7E7F0BDD0231B06FF221A65DD
:10FDA000D0231B061B6DDB072CD5D0231B069A6DB9
:10FDB000154B9A42F4D1EFF3108172B6D0231B0693
:10FDC0001B6D9B07FAD5D0231B060F4A5A6540BF0F
:10FDD00000E020BFD0231B061B6DDB07F9D5D02325
:10FDE0001B069A6D094B9A42F4D181F31088D023F7
:10FDF0001B061B6D9B07FAD5D0231B06034A5A65C9
:10FE000040BFCDE77047C0461E83A873E17C578C86
:10FE100010B502490C2000F05DF910BD1C04005023
:10FE200010B502490B2000F055F910BD0C0400502C
:10FE300070B50400002935D0406A1025284360625F
:10FE4000002A3DD0A06A20252843A062E0692568E9
:10FE500008358001A026F605B4466044016045607F
:10FE60008360616A0161216A206808308901614408
:10FE700008604A608B60A36A0B6163690B2B25D015
:10FE80000C2B00D076E0216AA022D205484BD25834
:10FE900001238B40134222D0464B474A47486721F3
:10FEA00000F0E8F8002A05D0416A10208143616221
:10FEB0004349C5E7434B404A4048403100F0DAF837
:10FEC000A26A20208243A2623F4ABFE7216AA022A1
:10FED000D2053E4BD25801238B40134244D1260019
:10FEE000343600213000FFF729F9E26901231900B7
:10FEF00091400A00216A8B401343A021C905862244
:10FF0000D2008B50FA2189003000FFF7D9F8051E86
:10FF100036D0E2699301A021C9058C4663441B6970
:10FF2000DB01F7D4226A9301A021C9058C46634402
:10FF30001B69DB01F7D43000FFF798F8002824D1C3
:10FF4000E3699B01A022D205944663441B69DB014F
:10FF500021D4236A9B01A022D205944663441B69E5
:10FF6000DB011ED4280070BD194B134A13486421CD
:10FF700000F080F8174B104A10486A2100F07AF818
:10FF80001549164800F056F8ECE7154B0A4A0B489D
:10FF90007F2100F06FF8134B074A0848802100F0DA
:10FFA00069F8114B044A0548812100F063F8C04606
:10FFB0001C040000C8BB0310ACE803102CBB0310EA
:10FFC000A9E8031090BB0310791500200C04000071
:10FFD0009CBB0310BC8503109CE80310F4BB03100A
:10FFE00070BB031018BC031008BB03107047C04659
:10FFF0000000000001B40248844601BC604700BF15
:020000041004E6
:100000004567021001B40248844601BC604700BF46
:100010002D44021001B40248844601BC604700BF71
:10002000A994021001B40248844601BC604700BF95
:100030007D95021001B40248844601BC604700BFB0
:100040000D18031001B40248844601BC604700BF8C
:100050004D3F021001B40248844601BC604700BF16
:10006000A115021001B40248844601BC604700BFDC
:100070008B89021001B40248844601BC604700BF6E
:100080001D57021001B40248844601BC604700BFFE
:10009000D593021001B40248844601BC604700BFFA
:1000A0008168021001B40248844601BC604700BF69
:1000B000E95A021001B40248844601BC604700BFFF
:1000C0000194021001B40248844601BC604700BF9D
:1000D0004927021001B40248844601BC604700BFB2
:1000E000ED04031001B40248844601BC604700BF20
:1000F0004D15021001B40248844601BC604700BFA0
:100100006D6A021000D01F10647E0310687E031019
:10011000747E0310847E0310947E0310A07E03106F
:100120009CC60310000020419A99414100003C41C7
:100130000A0000008C7D0310401400200D00000018
:10014000010000000E0000000000000000000000A0
:10015000010000000000000000000000000000009E
:10016000000000000000000000000000000000008F
:10017000000000000000000000000000000000007F
:10018000000000000000000000000000000000006F
:10019000000000000000000000000000000000005F
:1001A000000000000000000000000000000000004F
:1001B000000000000000000000000000000000003F
:1001C000000000000000000000000000000000002F
:1001D000000000000000000000000000000000001F
:1001E000000000000000000000000000000000000F
:1001F00000000000000000000000000000000000FF
:1002000000000000000000000000000000000000EE
:1002100000000000000000000000000000000000DE
:1002200000000000000000000000000000000000CE
:1002300000000000000000000000000000000000BE
:1002400000000000000000000000000000000000AE
:10025000000000000000000000000000000000009E
:10026000000000000000000000000000000000008E
:10027000000000000000000000000000000000007E
:10028000000000000000000000000000000000006E
:10029000000000000000000000000000000000005E
:1002A000000000000000000000000000000000004E
:1002B000000000000000000000000000000000003E
:1002C000000000000000000000000000000000002E
:1002D000000000000000000000000000000000001E
:1002E000000000000000000000000000000000000E
:1002F00000000000000000000000000000000000FE
:1003000000000000000000000000000000000000ED
:1003100000000000000000000000000000000000DD
:1003200000000000000000000000000000000000CD
:1003300000000000000000000000000000000000BD
:1003400000000000000000000000000000000000AD
:10035000000000000000000000000000000000009D
:10036000000000000000000000000000000000008D
:10037000000000000000000000000000000000007D
:10038000000000000000000000000000000000006D
:10039000000000000000000000000000000000005D
:1003A000000000000000000000000000000000004D
:1003B000000000000000000000000000000000003D
:1003C000000000000000000000000000000000002D
:1003D000000000000000000000000000000000001D
:1003E00000000000000000000000000000000440C9
:1003F0000C0000000B0000000A00000040420F004B
:1004000000000000000000000000000000000000EC
:1004100000000000000000000000000000000000DC
:1004200000000000000000000000000000000000CC
:1004300010000000000000000000010000000000AB
:1004400000000000000002000000000000000000AA
:100450000000030000000000000000000000FF009A
:100460000000000001B5486801318E460047704623
:1004700009380149884701BDB51C02100000000081
:10048000000000000000000000000000000000006C
:1004900028260020E92D0210AD2D0210692D021032
:1004A00000000000000000000000000050330000C9
:1004B0004C33000054330000523300004D53000011
:1004C0004D4300005334000043340000855B0210AC
:1004D000295C0210A55B0210395C021000000000CC
:1004E00000010000D5610210715E02103D61021032
:1004F0005D5E021000000000000100006833002073
:1005000010000C00000000000000000000000000CF
:100510000000000000000000FF0000000040044058
:1005200000000000FFA50100FFFFFFFF0000020028
:1005300000000000000000000000000088150020FE
:100540008815002090150020901500209815002097
:1005500098150020A0150020A0150020A815002047
:10056000A8150020B0150020B0150020B8150020F7
:10057000B8150020C0150020C0150020C8150020A7
:10058000C8150020D0150020D0150020D815002057
:10059000D8150020E0150020E0150020E815002007
:1005A000E8150020F0150020F0150020F8150020B7
:1005B000F815002000160020001600200816002064
:1005C0000816002010160020101600201816002013
:1005D00018160020201600202016002028160020C3
:1005E0002816002030160020301600203816002073
:1005F0003816002040160020401600204816002023
:1006000048160020501600205016002058160020D2
:100610005816002060160020601600206816002082
:100620006816002070160020701600207816002032
:1006300078160020801600208016002088160020E2
:100640008816002090160020901600209816002092
:1006500098160020A0160020A0160020A816002042
:10066000A8160020B0160020B0160020B8160020F2
:10067000B8160020C0160020C0160020C8160020A2
:10068000C8160020D0160020D0160020D816002052
:10069000D8160020E0160020E0160020E816002002
:1006A000E8160020F0160020F0160020F8160020B2
:1006B000F81600200017002000170020081700205F
:1006C000081700201017002010170020181700200E
:1006D00018170020201700202017002028170020BE
:1006E000281700203017002030170020381700206E
:1006F000381700204017002040170020481700201E
:1007000048170020501700205017002058170020CD
:10071000581700206017002060170020681700207D
:10072000681700207017002070170020781700202D
:1007300078170020801700208017002088170020DD
:10074000881700209017002090170020981700208D
:1007500098170020A0170020A0170020A81700203D
:10076000A8170020B0170020B0170020B8170020ED
:10077000B8170020C0170020C0170020C81700209D
:10078000C8170020D0170020D0170020D81700204D
:10079000D8170020E0170020E0170020E8170020FD
:1007A000E8170020F0170020F0170020F8170020AD
:1007B000F81700200018002000180020081800205A
:1007C0000818002010180020101800201818002009
:1007D00018180020201800202018002028180020B9
:1007E0002818002030180020301800203818002069
:1007F0003818002040180020401800204818002019
:1008000048180020501800205018002058180020C8
:100810005818002060180020601800206818002078
:100820006818002070180020701800207818002028
:1008300078180020801800208018002088180020D8
:100840008818002090180020901800209818002088
:1008500098180020A0180020A0180020A818002038
:10086000A8180020B0180020B0180020B8180020E8
:10087000B8180020C0180020C0180020C818002098
:10088000C8180020D0180020D0180020D818002048
:10089000D8180020E0180020E0180020E8180020F8
:1008A000E8180020F0180020F0180020F8180020A8
:1008B000F818002000190020001900200819002055
:1008C0000819002010190020101900201819002004
:1008D00018190020201900202019002028190020B4
:1008E0002819002030190020301900203819002064
:1008F0003819002040190020401900204819002014
:1009000048190020501900205019002058190020C3
:100910005819002060190020601900206819002073
:100920006819002070190020701900207819002023
:100930007819002080190020801900200000000094
:1009400003000000203000204300000000000000F1
:100950000000000000000000000000000000000097
:100960000000000000000000430000000000000044
:100970000000000000000000000000000000000077
:100980000000000000000000430000000000000024
:100990000000000000000000000000000000000057
:1009A0000000000000000000430000000000000004
:1009B0000000000000000000000000000000000037
:1009C00000000000000000004300000000000000E4
:1009D0000000000000000000000000000000000017
:1009E00000000000000000004300000000000000C4
:1009F00000000000000000000000000000000000F7
:100A000000000000000000004300000000000000A3
:100A100000000000000000000000000000000000D6
:100A2000000000000000000039540310A948031022
:100A30000000000038ED031058C4031094C10310E7
:100A400094C1031094C1031094C1031094C1031006
:100A500094C1031094C1031094C1031094C10310F6
:100A6000FFFFFFFFFFFFFFFFFFFFFFFFFFFF000094
:100A7000010041534349490000000000000000000C
:100A80000000000000000000000000000000000066
:100A900000004153434949000000000000000000ED
:100AA0000000000000000000000000000000000046
:100AB00000000000101B00200000000000000000EB
:100AC0002030002088300020F0300020000000009E
:100AD0000000000000000000000000000000000016
:100AE0000000000000000000000000000000000006
:100AF00000000000000000000000000000000000F6
:100B000000000000000000000000000000000000E5
:100B100000000000000000000000000000000000D5
:100B200000000000000000000000000000000000C5
:100B300000000000000000000000000000000000B5
:100B400000000000000000000000000000000000A5
:100B50000000000001000000000000000E33CDABDB
:100B600034126DE6ECDE05000B0000000000000012
:100B70000000000000000000000000000000000075
:100B80000000000000000000000000000000000065
:100B90000000000000000000000000000000000055
:100BA0000000000000000000000000000000000045
:100BB0000000000000000000000000000000000035
:100BC0000000000000000000000000000000000025
:100BD0000000000000000000000000000000000015
:100BE0000000000000000000000000000000000005
:100BF00000000000000000000000000000000000F5
:100C000000000000000000000000000000000000E4
:100C1000000000000000000000000000952E0210FF
:100C2000C12E0210293002101D4402107D3702101F
:100C3000854102105D2F0210DD2E0210FD2E0210E4
:100C4000112F02103D1E0210192F021061260210F2
:100C5000812E02101D170210B1C100104DE90010C5
:100C6000D9010110A10E0110754A0110396302105B
:040C70007596021063
:040000051000C0E93E
:00000001FF
