:020000041000EA
:1000000000B5324B212058609868022188439860DF
:10001000D860186158612E4B002199600221596106
:100020000121F02299502B49196001219960352056
:1000300000F044F80222904214D00621196600F024
:1000400034F8196E01211966002018661A6600F04E
:100050002CF8196E196E196E052000F02FF8012189
:100060000842F9D1002199601B49196000215960AB
:100070001A491B48016001219960EB211966A021F2
:10008000196600F012F800219960164914480160C1
:100090000121996001BC002800D000471248134993
:1000A000086003C880F30888084703B5996A0420EC
:1000B0000142FBD001200142F8D103BD02B5186610
:1000C0001866FFF7F2FF186E186E02BD00000240BE
:1000D000000000180000070000035F00212200005C
:1000E000F4000018222000A00001001008ED00E03C
:1000F00000000000000000000000000074B24E7A12
:1001000000200420F7010010C3010010C5010010F9
:10011000C1010010C1010010C1010010C101001097
:10012000C1010010C1010010C1010010C701001081
:10013000C1010010C1010010C9010010CB01001065
:10014000CD010010CD010010CD010010CD01001037
:10015000CD010010CD010010CD010010CD01001027
:10016000CD010010CD010010CD010010CD01001017
:10017000CD010010CD010010CD010010CD01001007
:10018000CD010010CD010010CD010010CD010010F7
:10019000CD010010CD010010CD010010CD010010E7
:1001A000CD010010CD010010CD010010CD010010D7
:1001B000CD010010CD010010CD010010CD010010C7
:1001C00000BE00BE00BE00BE00BE00BEEFF3058054
:1001D000103800BEF2EB88714CA700107CA700100D
:1001E0003802001090A31AE71E481F49086006C88D
:1001F00081F3088810471D480068002801D019487D
:10020000F3E70DA40ECC002902D000F012F8F9E7B4
:100210001749184A002000E001C19142FCD116495B
:100220008847164988471649884700BEFDE701C937
:1002300001C29A42FBD370477CA70010C000002087
:10024000FC0F0020B8B600100000042000000420BD
:10025000B8B60010001004200010042000000000B8
:10026000704700000000000008ED00E0000000D032
:1002700000100020B4250020895A00104109001008
:10028000495A0010F8B5C04606480749091A8B10AC
:10029000C90FC91810B5491003D0044B002B00D06A
:1002A000984710BDFC0F0020FC0F0020000000004C
:1002B000054B10B5002B03D00449054800E000BFF2
:1002C000FFF7E2FF10BDC046000000003823002009
:1002D000D88F001070B504000D000F2804D029003D
:1002E000200001F0DDFE70BD014801F079FAF6E76B
:1002F000981100200268EFF3108172B61368002B8A
:10030000FCD0BFF35F8F41607047000000B583B041
:100310000448002300930F331122034900F018FC16
:1003200003B000BD9811002000C00340074B1A6ABB
:10033000074B9A4201D000207047044B5A6A054B84
:100340009A4201D00020F7E70120F5E70080054040
:100350000DF005B1F20FFA4E10B5084C0848210017
:1003600005F0F6FC642002F05DFE201C05490860E3
:1003700003C880F30888084710BDC04600C00010BD
:10038000D88F001008ED00E0F0B5DE4657464E4627
:100390004546E0B5934CA544060000270023994646
:1003A000984600249A46EDE0D02212064021916141
:1003B000FFE0D0231B0680229A6101E18A4805F004
:1003C00098FC8A4C2000FFF795FFC0208849000266
:1003D00008F0BAFD22686368BFF35F8F00241460E1
:1003E00083F3108804AB2A221A7017325A7081489E
:1003F000022304AAFF2101F0C7FB7F4B1C807F4B27
:100400001C807F4B1C807F4B7F4A1A60794800F02C
:10041000B9FD051E00D1B2E00F236B44FF221A7014
:1004200074480D236B4400930E236B44F03A6A44E6
:1004300044A900F0C5FD44AB1B782A2BE6D144ABA0
:100440005B78442B00D198E0452BB7D0432BDDD10E
:100450006B4B1B88002B0DD16C4B6D4A1A626D4A99
:100460005A6201216C4802F0FFFF02F0B5FFFFF76E
:1004700073FFCBE7694805F03CFC5C4D2800FFF7B3
:1004800039FF802266495F4B1868F0231B069C46A3
:100490006044520008F038FD2A686B68BFF35F8F34
:1004A0000021116083F31088D6E744AAD25C3A2A6F
:1004B00018D1012416E044AAD25C514601315046BD
:1004C0003254013AD2B29046CAB29246022409E0AE
:1004D00044AAD15C52460132504631540134E4B250
:1004E000D2B292460133DBB2FF2B8FD0002F8DD1D9
:1004F000082CF7D8A2004B498A58974644AAD15CE9
:1005000052460132D2B25046315441460139C9B245
:100510004046002828D088469246E3E744AAD25CA9
:100520005146481CC1B28B465146725400220021EC
:1005300005E0B05C84466144C9B20132D2B25A458A
:10054000F7D3002914D1DA460724CBE744AAD25CBA
:10055000120291460824C5E744AAD25C4A4492B2EA
:1005600091462F000024BDE7884692460624B9E74D
:100570002F00DA4600229146B4E70223B4E70520B3
:1005800002F050FD002F22D1274A1378591C117018
:10059000272B00D83AE7130000221A70234B187853
:1005A000234B1B5C002B00D0FEE6D022120640211C
:1005B0005161002B00D0FCE6D0231B0680225A613B
:1005C00001300E2103F0AAF9184B19701EE74846B6
:1005D00085239B009D44F0BCBB46B246A946A0467D
:1005E000F0BDC046ECFDFFFFFC8F00109011002015
:1005F00000501E0098110020A2250020A6250020F2
:10060000A4250020780D002000C0001000800540C7
:100610000DF005B1F20FFA4E881300000C90001097
:10062000B41500205C9E0010A9250020A8250020FC
:10063000809E0010014B18787047C046B416002009
:10064000024B587800029B78C0187047B4160020FF
:10065000014BD8787047C046B4160020024B187979
:1006600000025B79C0187047B4160020F0B5C6468A
:1006700000B582B00400FFF7EBFF0500012800D1B0
:10068000A7E0042800D1E6E0002800D0A8E0200080
:10069000FFF7D0FF019007007A4B1E683604200058
:1006A000FFF7CEFF3618784B9E421CD9774B1B883C
:1006B000774A11685A18B2421AD1019A9446634493
:1006C00080225200934253DC704B1B88002B00D0D9
:1006D0007CE0FF3333426AD16D4B1E606D483100C0
:1006E00005F036FB72E06C48310005F031FB77E035
:1006F0006A48310005F02CFB644B1B88002B0CD1A1
:10070000624B00221A80FF2333422DD1604B1E60C2
:100710006048310005F01CFB23E0614B984618004F
:10072000FFF7E8FD80225F49594B1868F0231B064C
:100730009C466044520008F0E7FB43461A685B6839
:10074000BFF35F8F0021116083F31088D8E72B1D62
:10075000E15C4E4A1388581C1080524AD15401352E
:10076000EDB2BD42F3D33BE0512005F0B4FA37E0DF
:100770004D4805F0EDFA4A4B98461800FFF7BAFDD0
:1007800080224849424B1868F0231B069C4660446F
:10079000520008F0B9FB434619685A68BFF35F8FEF
:1007A00000230B6082F31088384A13808CE73F489F
:1007B000310005F0CDFA13E02B1DE15C334A1388BC
:1007C000581C1080374AD1540135EDB2BD42F3D3E5
:1007D00006E02E4B1B88002B21D15A2005F07BFA16
:1007E0002000FFF727FF32490B883A339BB20B807A
:1007F0002278657852199B189BB20B80A278E57815
:10080000521925795219657952199B189BB20B80A0
:10081000A279E57952199B180B8000232AE01C4E1F
:100820003168244805F094FA1D4D2800FFF762FD59
:1008300080221C493068F0231B069C46604452000D
:1008400008F062FB2A686B68BFF35F8F00211160BC
:1008500083F31088C1E72000FFF700FF094B186001
:10086000BEE71A000832A25C11490D8852190A80AD
:100870000133DBB242009342F3DB02B080BCB846E6
:10088000F0BDC0468C110020FFBF0010A425002041
:10089000780D002038900010109000101C9000106F
:1008A00090110020B41500204890001054900010C2
:1008B000A22500206090001010B5C0B01C48FFF7C2
:1008C00063FD25E01B4A013313801948FFF7CEFE74
:1008D0002E2005F000FA12E001339BB26A462A216D
:1008E000117024315170190A9170D3701248042389
:1008F000FF2101F049F91148210005F029FA0C4CBB
:1009000030220021200003F099FF2000FFF73CFD7A
:10091000002804D0074B1B885A1C9042D2D00400F8
:10092000044B1B885A1C9042D6DC0028E7D1D3E741
:10093000B4160020A6250020981100206C9000100D
:1009400030B583B001F08EFA05F0BEF94D4805F0E0
:10095000D0F9FFF7EBFC01004B4B1C682278637861
:10096000A078E578494C01950090200005F0F0F959
:10097000FFF7DCFC002817D1434B1B681A78F22ADA
:1009800012D15A78EB2A0FD19A78882A0CD1DB78C9
:10099000712B09D13E4B3F4A1A623F4A5A62FFF718
:1009A000DBFC002003B030BD3C4805F0A2F9072075
:1009B00001F02AFCD02424068023636263610620B0
:1009C00001F022FC402363626361354D3549280004
:1009D00008F0F8F90121102001F024FB0121122078
:1009E00001F020FB0121132001F01CFB6A680223A7
:1009F0001A402D490B60296805334B40CF210B402D
:100A00002A490B602A4B1A600F2001F0FDFB80235E
:100A10001B02A362274B012208210F2001F090FB4B
:100A2000254C200000F090FD09220821200000F054
:100A300041FE0021200000F0A1F80821200000F074
:100A40005DF91E49200000F06FF91421200000F02C
:100A5000DFF91B49200000F0BDFC0521200000F05B
:100A60001DFA0921200000F025FD0121200000F0E1
:100A700087F84B21200000F09DFE200000F05CFA7A
:100A8000FFF71AFF749000107C0D0020909000106A
:100A9000008005400DF005B1F20FFA4EB89000103D
:100AA00000C00340404B4C0004F0034000D0034022
:100AB00004E00340D50200109811002000C06444F7
:100AC00020A1070010B5FFF721FC10BDF0B5D646F8
:100AD0004F464646C0B584B080468A4617001E0081
:100AE0000CAB1B78994602F091FB04000D00FA2232
:100AF000920000235046002103F086FD02000B0007
:100B000012196B41002B0CDB4946029101960097AC
:100B1000404602F0A1F904B0E0BCBA46B146A8468E
:100B2000F0BD01225242014BEEE7C046FFFFFF7FBE
:100B3000F0B583B004000D0016001F0002F024F988
:100B4000009733002A002100FFF7C0FF03B0F0BD7B
:100B500010B502AC2478416002724372C472002363
:100B60008372FF2203494254034942540370437085
:100B700010BDC0461504000016040000C172704785
:100B80000173704710B504000120002102F046FBFC
:100B9000227A01239340D022120693610120002182
:100BA00002F03CFB10BD10B504000120002102F052
:100BB00035FB227A01239340D02212069361012053
:100BC000002102F02BFB10BD10B504000120002114
:100BD00002F024FB227A01239340D02212065361B3
:100BE0000120002102F01AFB10BD000070B586B094
:100BF000060005AC812323707A3B6370FFF7C2FFC8
:100C000070680222210008F0AFF93000FFF7DCFF26
:100C1000C0232370403B63703000FFF7B3FF706860
:100C20000222210008F0A0F93000FFF7CDFF0623D3
:100C3000B372304B0022F25402F0E8FA00900191B6
:100C4000002400250AE0012002F01EFB02F0DEFA7B
:100C5000009B019CC01AA14104000D00B37A062B31
:100C60000FD1FA22920000232000290002F07CFE1E
:100C70008323DB00F25A00238B42E4DC01D1824261
:100C8000E1D8B37A062B1FD002F0C0FA029003918C
:100C900000200021B37A022B21D0FA2292000023F7
:100CA00002F062FE8323DB00F25A93009B180022BD
:100CB0008A4210DD012002F0E7FA02F0A7FA029B57
:100CC000039CC01AA141E5E70B4822002B0005F068
:100CD0003FF801200CE08A4201D18342EAD8B37A7E
:100CE000022B02D0034B0022F254024BF05CC0B244
:100CF00006B070BD14040000DC90001030B583B065
:100D0000040001ADA0232B700B0A6B70A970FFF7D4
:100D100039FF60680322290008F026F92000FFF758
:100D200053FF03B030BD0000F0B5C64600B582B039
:100D300004000D1C3149281C03F0B0FC002855D0DC
:100D40002F49281C03F0A2FC002801D100204EE00E
:100D5000281C03F0B1FC00222A4B03F04AF80022C1
:100D6000294B03F028F803F0EFF8070CFFB2030A51
:100D7000DBB29846C6B201AD86232B706F70434636
:100D8000AB70EE702000FFF7FDFE606804222900C2
:100D900008F0EAF82000FFF717FF0A2002F074FAC3
:100DA0006D4606232B702000FFF7ECFE60680122E1
:100DB000694608F0D9F8606803236A4601320021C9
:100DC00008F08AF82000FFF7FFFE6978B94205D1E4
:100DD000AB78434502D1EB78B3420CD06B469A789E
:100DE000DB780A4804F0B4FF002000E0002002B0E5
:100DF00080BCB846F0BD0120F9E7C04600806144E0
:100E00000000684480842E4180844E40FC90001095
:100E100070B582B005000C00142903D8012902D84E
:100E2000022402E01424112C25D801AECD23337006
:100E3000C93B73702800FFF7A5FE686802223100E5
:100E400008F092F82800FFF7BFFE01AE8923337047
:100E5000023CE4B20A3BFF3B234373702800FFF7D8
:100E600091FE68680222310008F07EF82800FFF742
:100E7000ABFE02B070BD01AECD233370C63B7370C4
:100E80002800FFF77FFE68680222310008F06CF846
:100E90002800FFF799FE033CE4B2D6E770B582B0B4
:100EA0000400062904D007292CD02DD8022600E002
:100EB000042601AD1D232B702000FFF763FE606840
:100EC0000122290008F050F8606801236A460532C3
:100ED000332108F001F82000FFF776FE9D232B70E8
:100EE0006B780E22934333436B702000FFF74AFE6A
:100EF00060680222290008F037F82000FFF764FE3E
:100F000002B070BD0626D4E70826D2E730B583B01C
:100F1000040001AD81232B70803B6B70FFF732FE24
:100F200060680222290008F01FF82000FFF74CFE3D
:100F30000223A37203B030BD30B583B0040001AD0D
:100F400081232B707C3B6B70FFF71CFE60680222D4
:100F5000290008F009F82000FFF736FEC0232B70A7
:100F600000236B702000FFF70DFE6068022229004D
:100F700007F0FAFF2000FFF727FE0423A37203B057
:100F800030BD000010B50400837A042B02D0837AB0
:100F9000032B09D18223DB00E05C084BE35CC01A21
:100FA000431E9841C0B210BDFFF7B0FF0A2002F007
:100FB0006BF92000FFF7C0FFECE7C046110400000A
:100FC000F0B583B004000F0015000193FFF7DAFFBE
:100FD000002850D0002F46D0002D44D02A782C4B2A
:100FE000E35CE3182B498C4663441B78043B9A422C
:100FF00039DB274BE35CE31863441B78033B9A42DD
:1010000006DB234BE35CE31863441B78043B2B7043
:101010001F4EA35D1902C91A103161182A780431D4
:10102000380003F011FCA25D13029B1AE3185B7CED
:10103000019A1370A25D13029B1AE3181B7C089A95
:101040001370A35D1802C01A10302018FF2200216F
:1010500003F0F4FBA35DDBB2022B0ED8A35D0133DA
:10106000DBB20B4AA3542000FFF78CFF002802D10B
:101070002378002B03D003B0F0BD0023F1E706492D
:10108000013322003C30FFF753FD01232370F2E7C8
:10109000110400000C040000A117001030B583B04B
:1010A000040001AD81232B707B3B6B70FFF76AFD61
:1010B00060680222290007F057FF2000FFF784FD37
:1010C000C0232B7000236B702000FFF75BFD60686E
:1010D0000222290007F048FF2000FFF775FD0523D5
:1010E000A37203B030BD70B582B0040001AD81239E
:1010F0002B7003266E70FFF745FD60680222290001
:1011000007F032FF2000FFF75FFDC0232B70803B0C
:101110006B702000FFF736FD60680222290007F09F
:1011200023FF2000FFF750FDA67202B070BD000043
:1011300030B583B0040001AD81232B70013B6B708F
:10114000FFF720FD60680222290007F00DFF200054
:10115000FFF73AFD0A2002F097F801232B702000D8
:10116000FFF710FD60680122290007F0FDFE6068AE
:1011700001236A460532DD2107F0AEFE2000FFF7AD
:1011800023FD6978802903D10123A37203B030BD08
:10119000014804F0DDFDF7E73891001070B582B02A
:1011A00004000D0001AE1E233370FFF7EBFC6068F6
:1011B0000122310007F0D8FE606801236A4605323B
:1011C000002107F089FE2000FFF7FEFC002D13D060
:1011D000737804210B43737001AD9E232B702000A4
:1011E000FFF7D0FC60680222290007F0BDFE200056
:1011F000FFF7EAFC02B070BD01AA537804218B43CB
:101200005370E9E770B582B0040015007F230B40EE
:1012100001AE337066237370FFF7B4FC606801227F
:10122000310007F0A1FE606801236A4601326621A1
:1012300007F052FE2000FFF7C7FC6B465B782B706F
:1012400002B070BD10B582B001AC22000121FFF7E1
:10125000D9FF2178024804F07BFD02B010BDC046E2
:101260005491001010B504000120002101F0D6FFB8
:10127000227A01239340D0221206536101200021DB
:1012800001F0CCFF10BD0000F0B5CE46474680B55A
:101290008DB004000BAD1D232B70FFF773FC60684D
:1012A0000122290007F060FE2D236B4498466068F8
:1012B00001234246EE2107F00FFE2000FFF784FCD9
:1012C0006E78330999461E232B702000FFF75AFCD5
:1012D00060680122290007F047FE6068012342464A
:1012E000012107F0F9FD2000FFF76EFC6878030983
:1012F0009C4601A9354B0A00C1CBC1C2C1CBC1C2BA
:10130000C1CBC1C21B6813604B469E0073589946FF
:10131000022360465840C0B202F0DAFD00222C4B96
:1013200002F067FD06000F00484603F0C5F9020011
:101330000B003000390002F03EFD02F011FE061CE9
:1013400026232B702000FFF71DFC60680122290076
:1013500007F00AFE606801234246022107F0BCFD47
:101360002000FFF731FC6F7808233A009A4390463B
:101370008321C905301C03F099F9002814D0A62355
:101380002B7008233B436B702000FFF7FBFB60686A
:101390000222290007F0E8FD2000FFF715FC0DB040
:1013A000C0BCB946B046F0BD0BADA6232B7043467A
:1013B0006B702000FFF7E6FB60680222290007F04F
:1013C000D3FD2000FFF700FCE9E7C046989E00101F
:1013D00000408F4070B582B004002D4B994219DD5A
:1013E0002C4B994243DD2C4B994242DD2B4B9942C9
:1013F00041DD2B4B994240DD2A4B99423FDD2A4B80
:1014000099423EDD294B99423DDD294B99423CDC16
:10141000802600E0002601AD1D232B702000FFF781
:10142000B1FB60680122290007F09EFD606801237E
:101430006A460532442107F04FFD2000FFF7C4FB48
:101440009D232B706A788E3B134033436B702000D2
:10145000FFF798FB60680222290007F085FD200055
:10146000FFF7B2FB2000FFF70FFF02B070BD1026A0
:10147000D1E72026CFE73026CDE74026CBE7502620
:10148000C9E76026C7E77026C5E79026C3E7C046D0
:10149000781E0000A0280000F03C00004051000031
:1014A000127A0000E4A2000024F4000048E80100E1
:1014B00090D0030070B582B004000D0006290CD94D
:1014C000072937D0082937D0092937D00A2937D03A
:1014D0000B2937D002D9C02500E0602501AE1E23BC
:1014E00033702000FFF74EFB60680122310007F0E7
:1014F0003BFD606801236A460532222107F0ECFCBF
:101500002000FFF761FB9E23337072788F3B1340FE
:101510001D4375702000FFF735FB60680222310023
:1015200007F022FD2000FFF74FFB2000FFF7ACFE85
:1015300002B070BD7025D1E78025CFE79025CDE7BB
:10154000A025CBE7B025C9E770B582B00400002321
:101550008222D2008354514A8354514A8354514ABF
:1015600083548323DB00FA225200C2520126067301
:1015700040684D4907F026FC607A00F045FE207A6D
:1015800000F042FE637A32009A40D0231B069A6232
:10159000227A3100914059622000FFF715FB01AD1E
:1015A00081232B70013B6B702000FFF7EBFA606822
:1015B0000222290007F0D8FC2000FFF705FB0A20D3
:1015C00001F062FE2E702000FFF7DCFA6068012255
:1015D000290007F0C9FC606801236A460532DD2155
:1015E00007F07AFC2000FFF7EFFA6978802905D030
:1015F0002E4804F0ADFB002002B070BD01AD8E237B
:101600002B7000236B70AB702000FFF7BBFA606893
:101610000322290007F0A8FC2000FFF7D5FA8C234D
:101620002B706C3B6B702000FFF7ACFA60680222F5
:10163000290007F099FC2000FFF7C6FA92232B70CF
:101640006D336B702000FFF79DFA6068022229005D
:1016500007F08AFC2000FFF7B7FA7D212000FFF792
:10166000B9FE05212000FFF719FC07212000FFF734
:1016700021FF08212000FFF741FB0D492000FFF763
:1016800053FB0D212000FFF7C3FB01212000FFF7D2
:1016900085FD2000FFF73AFC0120ADE711040000B2
:1016A000120400001304000020A10700389100106C
:1016B00000C06444F0B5C64600B50400114B98461E
:1016C000C154114FC255C05CC0B200F09DFD4346ED
:1016D000E35C01252A009A40D02636067262434612
:1016E000E35C2A009A407261E05DC0B200F08CFDBC
:1016F000E35D2A009A407262E35D9D40756180BCA3
:10170000B846F0BD1504000016040000064BC35C8B
:10171000DBB2FF2B06D0044BC25C01239340D022E6
:10172000120693617047C04616040000064BC35C66
:10173000DBB2FF2B06D0044BC25C01239340D022C6
:10174000120693617047C04615040000064BC35C47
:10175000DBB2FF2B06D0044BC25C01239340D022A6
:10176000120653617047C0461604000010B50C0005
:101770000800FFF7EBFF002363700020002110BD7D
:10178000064BC35CDBB2FF2B06D0044BC25C0123CB
:101790009340D022120653617047C04615040000E2
:1017A00010B50C000800FFF7EBFF002323700020AA
:1017B000002110BD8323DB00C152704710B5002A01
:1017C0000BD10020C04380B210BDCC5C201880B289
:1017D0000133DBB29342F8D3F4E700230020F9E7AA
:1017E000F0B5C64600B582B0040001AD12232B70DF
:1017F000FFF7D9F960680122290007F0B5FB6B46B5
:101800005E1D606801233200772107F065FB200030
:10181000FFF728FD6F781C232B702000FFF7C3F91A
:1018200060680122290007F09FFB606801233200F5
:10183000882107F051FB2000FFF714FD6E782A0085
:1018400001212000FFF7DEFCA37A042B21D0A37A2C
:10185000042B2ED0A37A052B2BD0A37A032B00D1F7
:1018600063E1A37A062B00D172E101AD92232B70C4
:101870006D336B702000FFF796F960680222290033
:1018800007F072FB2000FFF7EDFC02B080BCB84609
:10189000F0BD5B333A009A4301D17606D7D4822358
:1018A000DB00E35CE318B34A9446634400221A70F9
:1018B000DBE77B06D1D52000FFF738FF01AD13230E
:1018C0002B702000FFF76FF960680122290007F0F4
:1018D0004BFB6B465F1D606801233A00992107F0BE
:1018E000FBFA2000FFF7BEFC6A788226F600A35DB3
:1018F000E318A0498C4663441A7010232B70200013
:10190000FFF751F960680122290007F02DFB60689C
:1019100001233A00AA2107F0DFFA2000FFF7A2FC1A
:101920008D232B702000FFF73EF96068022229000A
:1019300007F01AFB2000FFF795FC00232B70A35D36
:10194000E3188C4A944663441F78FFB22000FFF7E7
:101950002AF960680122290007F006FB002513E040
:10196000606801236A460532002107F0B5FA01AB31
:1019700059788223DB00E25C13029B1AE3185B199F
:1019800019740135EDB237007E1EF6B2002FE7D193
:101990002000FFF767FC01AD19232B702000FFF733
:1019A00002F960680122290007F0DEFA05236B4482
:1019B0009846606801234246BB2107F08DFA20005B
:1019C000FFF750FC6B789B086B4EA3551A232B70C6
:1019D0002000FFF7E8F860680122290007F0C4FA48
:1019E000606801234246CC2107F076FA2000FFF719
:1019F00039FC0122AA56614BE254A35D5BB2002B75
:101A000075DB5E4D605D40B200010F2101F05EFFAD
:101A100040B26055594AA35C63335BB2A35482233E
:101A2000DB00E35CE318534A944663441B78DBB263
:101A3000032B42D90432A15C0B025B1AE3181B7C16
:101A4000DBB26373A15C0B025B1AE3185B7CDBB255
:101A5000A373A35C1902C91A14316118A35CE318BB
:101A600063441A78043AD2B22000FFF7A7FE627BE3
:101A7000E37A9A4243D0637BDBB2FF2B3FD08221D3
:101A8000C900625C13029B1AE3189A7C615C0B022A
:101A90005B1AE318DB7C1B02D318002B41D1822395
:101AA000DB00E35CDBB2022B04D88223DB00E75CC3
:101AB0000137FFB28223DB00E75401AD90232B7086
:101AC00000236B702000FFF76EF860680222290087
:101AD00007F04AFA2000FFF7C5FBA37A052B00D0D8
:101AE000C3E6033BA372264B0022E254BDE6A25D8F
:101AF00052B22249635C9B185BB263548AE782222C
:101B0000D200A15C0B025B1AE3189B7CA15C0A0269
:101B1000521AA218D27C12029B189BB28342AED1F9
:101B2000BDE72000FFF72CFEC7E73B0700D498E68F
:101B30006378002B03D02000FFF7FEF995E61149EA
:101B4000013322001420FEF7F3FF01236370F2E754
:101B50007B0700D489E6FF07FF0F094BE754E35CDE
:101B6000002B03D02000FFF799FA7EE62000FFF754
:101B7000CDF97AE60C040000130400001204000002
:101B8000140400006D170010F0B5D646474680B526
:101B900087B00600039192461F001A005146FFF7D6
:101BA0000DFE804601F032FB04000D003000FFF70F
:101BB000ADFDB37A022B2ED0B37A042B2BD0B37A9F
:101BC000052B28D001F022FB001BA941FA2292002C
:101BD000002301F0C9FE8323DB00F35A9B0000229F
:101BE0008A42E6DC01D18342E3D8B17AC9B25048D7
:101BF00004F0AEF87378002B04D03000FFF786F9BC
:101C000000208FE04B49013332001420FEF790FF93
:101C100001237370F1E73000FFF778F901F0F6FA6D
:101C200000900191009C019D3000FEF7DFFF00282D
:101C30003BD001F0EBFA001BA941FA2292000023ED
:101C400001F092FE8323DB00F25A93009B180022DE
:101C50008A4209DD07F0EEF8642101F037FE481CE6
:101C6000C11701F0DBFADFE78A4201D18342F1D8E4
:101C70003000FFF7E7FA012001F006FB2E4804F0E0
:101C800038F83000FFF754FA7378002B04D0300096
:101C9000FFF73CF9002045E02649013332001420CB
:101CA000FEF746FF01237370F1E704AC8D23237028
:101CB000002363703000FEF765FF70680222210088
:101CC00007F052F93000FEF77FFF80232370039B5B
:101CD0006370F37AA3704346E3701B0A23713000EC
:101CE000FEF750FF70680522210007F03DF970688B
:101CF0003A00514607F038F93000FEF765FFA2239D
:101D000023703B1D63703000FEF73CFF70680222B9
:101D1000210007F029F93000FEF756FF3000FFF7E9
:101D2000E2F9012007B0C0BCBA46B046F0BDC046DB
:101D3000689100106D1700108091001010B50520FB
:101D400000F08AF8014B186010BDC04688110020D1
:101D500010B5FFF7F3FF10BDF8B5D646474680B57E
:101D600006000D001700984644002418A400294BD3
:101D70009C4664446368089A934200D26260331FB1
:101D8000DBB29A46012B2ED980221201C0239B017F
:101D9000E3181A60204BB200D158002907D05869C7
:101DA00001F0BCFD013043001B18033BFDD27F0155
:101DB00023685F40E0233B4080225201A218136059
:101DC0005346012B1AD980239B01E318802212016C
:101DD0001A60089B6360104BB6004246F250C0BCCC
:101DE000BA46B046F8BD012DCED10322C0239B01D7
:101DF000E3181A60A368DB07FCD5D8E721686940BF
:101E000003230B401360A3680122AA401A42FAD0B0
:101E1000D9E7C04600800040D41E0020F0B583B052
:101E200005000E0017001800089901F077FD030067
:101E3000089A140200943A0031002800FFF78CFF42
:101E400003B0F0BD10B582B0802464000094FFF7A9
:101E500083FF02B010BD0000014B8000C0587047E6
:101E6000D41E002010B5084C2300012201210520BA
:101E7000FFF7E8FF054801F0ABFA2300002200213C
:101E80000620FFF7DFFF10BD006CDC02008002407F
:101E900010B58023DB05186803051B0D0B4A934220
:101EA00007D10B4B034080229201934207D1000FD0
:101EB00010BD084B084A0948222103F0C9FD084B10
:101EC000054A0648232103F0C3FDC0462709000048
:101ED00000F0FF0F8C910010C09E0010B091001018
:101EE000F89100100FB400B583B0084803F001FF6B
:101EF000049B002B07D005A90191180003F008FFEF
:101F0000034803F0F6FE012003F09CFD0C92001044
:101F10005C900010EFF3108072B6034B1B68002B2F
:101F2000FBD0BFF35F8F70472C0100D0BFF35F8FF2
:101F3000024B00221A6080F3108870472C0100D0F9
:101F4000F8B506000C001500FFF7E4FFE308F718EA
:101F5000F15C07222240012393400B4205D1DBB202
:101F60000B433B70FFF7E2FFF8BD21002800FFF7AD
:101F7000B9FFF0B583B00600019114001F00FFF710
:101F8000C9FF00E00134BC420CD8E308F518F35C4B
:101F90000721214001228A401A42F3D1D2B21A43CA
:101FA0002A7001E001246442FFF7C0FF002C02DB2D
:101FB000200003B0F0BD019B002BF9D00898FFF77B
:101FC00091FF0000054A1078431CDBB21370172BF9
:101FD00002D9130010221A707047C046800D0020ED
:101FE00010B582B00100054C054B00931F23182249
:101FF0002000FFF7BEFF02B010BDC046CC1E00207F
:102000001C920010002307E0054A9A189200BFF3C3
:102010005F8F0021116001331F2BF5D97047C04637
:102020004000003410B58300084A9A181468402212
:10203000544080322240064CA44663441A60C000DB
:10204000044B9C466044416010BDC04604C0014042
:1020500004D001400040014070B50400D0231B06AD
:102060001D680D4BAA00D358002B0AD0002803D0BE
:10207000094BAD00EC5070BD08490D2000F0DAFAB4
:10208000F6E70028F7D0044BAD00E85003490022E2
:102090000D2000F0C3F9EEE7B41E00206921001006
:1020A000072303409B00C00899403C308000014B4F
:1020B000C150704700400140F8B507000D00160000
:1020C0001C00FFF7EDFFFB089B00E41807203840D9
:1020D00080008540002E05D080239B019C466444EF
:1020E0002560F8BDC0239B019C4664442560F8E749
:1020F00070B506000D00141E0BD1D0231B061B6803
:10210000002B11D0094B220029003000FFF7D4FF2B
:1021100070BD0D2000F03AF90028EED1044B054ABD
:102120000548BD2103F094FC044BECE7304101402D
:10213000AC920010D49E0010649200100041014047
:1021400070B505000E0014001800FFF785FF22008F
:1021500031002800FFF7CCFF002C00D170BD012119
:102160000D2000F0F9F8F9E7F0B5D6464F4646469F
:10217000C0B5D0231B061F681F4BBA00D358984622
:10218000002F03D01D4B9946002626E01C4B994694
:10219000FAE7EB40DB0714D524090135002C1BD0EE
:1021A00033000833AB4217D90F231A00224092465E
:1021B0002342F1D0134BBA00D358202DE9D4002389
:1021C000E8E751462800FFF76BFF4346002BE3D0BA
:1021D00051462800C047DFE708361D2E06D8F30811
:1021E00008339B004A469C583500D7E7E0BCBA4606
:1021F000B146A846F0BDC046B41E002030410140A3
:10220000004101406823002010B501238340D02203
:102210001206936293610521FFF704FF10BD0000D1
:10222000074B9B68103080001950BFF35F8FBFF3DE
:102230005F8F044B0021196082F310887047C046FD
:1022400000ED00E0240100D00048704700E400E009
:1022500010B5FFF7F9FF002302E0034A04C0013381
:10226000072BFAD910BDC0468080808010B5038846
:10227000DA0A1C2A05D15B055B1502335B00C01826
:1022800010BD034B034A16210348FF3103F0E0FB66
:10229000D8920010389F0010F092001010B5091A63
:1022A0000B1F0A4A88180A4A904208D8C90706D460
:1022B0005B105B055B0D0748184380B210BD064BF1
:1022C000064A08210648FF3103F0C2FBFC07000064
:1022D000FE0F000000E0FFFF389300102C9F00105D
:1022E000F092001010B5091A04394A08090B08D1F8
:1022F0004905490D064B0B430380064B13434380AE
:1023000010BD054B054A10210548FF3103F0A0FB25
:1023100000F0FFFF00F8FFFF68930010089F001017
:10232000F092001001238340034A10681840431EB6
:102330009841C0B27047C04600E100E0002A05D0D5
:10234000044BC0225200995019607047014A802303
:10235000D150FAE700E100E010B50A001F23034066
:10236000012199404009FFF7E9FF10BD0123834097
:10237000014A13607047C04600E200E0024B9B68D0
:1023800010308000C058704700ED00E010B5FFF736
:10239000F5FF002806D0044B984201D0012010BD63
:1023A0000020FCE70020FAE7CD01001010B5FFF790
:1023B000E5FF044BC31A00202F229A424041C0B2CD
:1023C00010BDC046840D002070B504000D00EFF371
:1023D000108672B60C4B1B68002BFBD0BFF35F8FCF
:1023E0002000FFF7CBFF094B984201D0A84205D14E
:1023F000320029002000FFF713FF70BD044B054A8F
:102400000548E72103F024FB240100D0CD01001092
:1024100078930010609F0010F0920010F0B5DE4637
:1024200057464E464546E0B589B0814601911500B4
:10243000EFF3108B72B66F4B1B68002BFBD0BFF312
:102440005F8F6D4B00269E57002E40DB7400A41951
:10245000A4006A4824180622A256674B1A70684BDB
:102460009A684B4610339B00D35898461B1A2F2B63
:102470003BD9644B984531D105AF634B3B806349F1
:1024800073009A46981980005C4B9846404402308D
:10249000FFF704FF78805E4BBB80FF23BB71FD71AB
:1024A000019B0793330053449B00434407CF07C36A
:1024B00001231C43A0465A4641464846FFF7B0FE5A
:1024C00009B0F0BCBB46B246A946A046F0BD514B90
:1024D000514A74215148FF3103F0BAFA504B4E4A29
:1024E000BD214E48490003F0B3FA012342469A4306
:1024F0009246101A0C2101F011FA00290FD153460F
:102500000027DA79AA4212D90621595600290DDB93
:102510004A005218920039491F008B18F1E7414BCD
:102520003D4A8C213D48FF3103F092FA1F00002FF5
:102530002ED005AB3C4A1A80813A5A800623FB56BE
:102540000293002B17DA394805AB9A469880029A15
:102550009A71DD71019A0792381D2100FFF79EFEE6
:10256000B880BE71254B7200921992009B1852469A
:1025700013CA13C39FE7381DFFF778FE01007000F0
:10258000801980001D4BC0180430FFF787FEDBE781
:1025900005AF1D4B3B801D49730002939B199B00A7
:1025A000164A90461A0042440392901CFFF776FEAA
:1025B0007880039A101D5146FFF770FEB8801C4BBF
:1025C00052464146521A524153431B0DBB71FD7195
:1025D000019A0792029B9B199B00434407CF07C3B4
:1025E000114B52461380813B538001231C43A0466C
:1025F00061E7C046240100D0AE250020840D0020F4
:1026000000ED00E0CD01001000A1FFFFB40D00209F
:1026100001BDFFFFB0930010489F0010F092001022
:10262000D8930010009400100148000001BD000084
:10263000AAAA0000F0B5CE46474680B583B0060092
:102640000D00EFF3108872B64F4B1B68002BFBD0C8
:10265000BFF35F8F4D4B9A6834001034A300D758F6
:102660004B4B9F4207D0AF4200D18AE00197494BC4
:10267000FB1A2F2B09D9424639003000FFF7D0FD55
:1026800003B0C0BCB946B046F0BD3000FFF74AFE0B
:10269000814600213000FFF75FFEBFF35F8FEFF34D
:1026A0000581002901D08C4211D10123019C9C435A
:1026B0000020A3689D4212D00622A256002A0DDBFC
:1026C00053009B189B00334A2000D418F1E7324B8B
:1026D000324AFA213248FF3103F0BAF920009D4214
:1026E00049D106256557002D2BDB2A4B6A0052196C
:1026F00092009B189A68A260DA79E2719B795BB2CA
:10270000A371002B0FDA2748A080224B6A005219D0
:1027100092009B18244A117899711570494630002F
:10272000FFF71AFEA7E7680040198000194BC01890
:102730000430FFF79BFD0100231D1800FFF7AEFDDD
:10274000E2E7002912D100280ED0FF238371174B36
:10275000838015490B78A3710E4A154BA41A644166
:1027600063431B0D0B70D9E7094FF2E71149201D98
:10277000FFF7B8FDD2E7104B084A09480F4903F0AC
:1027800067F9034F77E7C046240100D000ED00E071
:10279000CD010010840D002084940010189F0010BB
:1027A000F092001001BD0000AE25002001BDFFFF2A
:1027B000AAAA0000BE0D0020B89400103B02000041
:1027C000F8B5012202432D4BD31A2F2B28D8EFF353
:1027D0000583002B2BD0EFF3108472B628490968CB
:1027E0000029FBD0BFF35F8F244D26490600761BDE
:1027F00076417143090D4DB2234989689B00C95840
:1028000091421AD00021032931D81C4B4A0052189A
:1028100092009B189B795BB2AB421ED00131F2E76C
:102820001A4B1B4A9D211B48890003F011F91A4BD2
:10283000174A1848194903F00BF9134A92681849C6
:10284000D150184B1A7882711D70BFF35F8F0C4BFB
:1028500000221A6084F31088F8BD084B4A0056180D
:10286000B6009E19FF27B7710F4AB280E9E70F4BF8
:10287000074AA2210748890003F0EAF8840D0020E6
:10288000240100D0AAAA000000ED00E0C0940010CE
:10289000EC9E0010F0920010E89400107702000007
:1028A000CD010010AE25002001BDFFFFF494001003
:1028B00010B582B00100074C074B0093052300229E
:1028C0002000FFF756FB002801DB1F23181A02B077
:1028D00010BDC046B2250020FC940010024B9C465F
:1028E00061448900016070474000003410B5040065
:1028F000FFF768FB01002000FFF7F0FFFF232371C3
:10290000BFF35F8F10BD10B50400FFF75BFB010044
:102910002000FFF7E3FFFF23237100236371BFF360
:102920005F8F10BD10B50D4C09E00D4B0D4A0E48E0
:102930001A2103F08DF82000FFF7D8FF08340B4B65
:102940009C4209D22368002BF5D0012BEDD1200049
:10295000FFF7D9FF0834F2E710BDC046A80F0020EA
:1029600018950010A09F001038950010B00F00209F
:10297000034B9C46614489000160BFF35F8F704741
:102980004000003410B504000120FFF729FB0100CE
:102990002000FFF7EDFF10BD30B5846A151B0B1D3D
:1029A0009B001B581B1B9D4204D3046A01238B40D0
:1029B000234202D1043189000A5030BD000408438B
:1029C000704700000A4B1968EFF3108372B60A686B
:1029D000002AFCD0BFF35F8F054A1268BFF35F8FF8
:1029E0000021116083F3108840BF00200021704750
:1029F0007C250020F0B5DE4657464E464546E0B5FC
:102A000087B0EFF3058303221A409246AE4B920043
:102A1000D7583B78534507D10123524693409946F6
:102A2000AA4B4A461A6025E1A94BAA4AAA48922114
:102A300003F00EF87A6973009B19DB009046984406
:102A400043469C68DD68A54800F0AEFB001BA94129
:102A5000002900DA16E1002D74DB43461B699B4612
:102A60009F4B9B454FD00823F85E4346598889B257
:102A7000FFF7A4FF43465969D84702900391029992
:102A8000039A0B00100013435CD013000A000028C7
:102A900047DAA41A9D41009401954346009C019D8C
:102AA0009C60DD600021595E002900DAEAE0786967
:102AB0004B005B18DB00C3189A68DB68A41A9D41C1
:102AC000002D00DADEE039813D00083584460491AE
:102AD0002A000597B346009E019F049B002B2ADB2A
:102AE0000023D45E63001B19DB0063449C68DD682F
:102AF00030003900001BA94100291CDB1A0000210D
:102B0000595E0491E9E743465B699B461B69584659
:102B10009847002816D05B461A685B6802920393B8
:102B2000ADE76E4800F040FB029B039C1B184C4134
:102B300000930194B1E70499059F5E4643461980CE
:102B400016809FE0434600229B5E3B813A69EFF38B
:102B5000108372B611680029FCD0BFF35F8F022189
:102B60007A5E41460A807E803A69BFF35F8F00211A
:102B7000116083F3108885E03969EFF3108372B632
:102B80000A68002AFCD0BFF35F8FB88800B2012228
:102B90005242BA803A69BFF35F8F0021116083F31C
:102BA00010880500BC461CE0049300229A5E002AAF
:102BB0000EDB049B0021595E4B005B18DB00634475
:102BC0009868D96834003D00241A8D41002DEBDA55
:102BD00004995D46009B9C4644460D800023E55EBB
:102BE0002280002D12DB634658696C006419E400F2
:102BF0000419A668E7686146083108229A5EAB4668
:102C0000049163460093A0468446D0E767463EE0C1
:102C10000023BB71390008310823F85E0EE001245F
:102C20006442E5179460D56008243B5F834204D07A
:102C30000E8008243B5F138038813000431C29D06C
:102C40007C6943001B18DB00E218E65E53881BB268
:102C5000002BE4DB1100F0E722002B0051461F4857
:102C6000FFF79AFE1D4800F09FFA241A8D41002DAF
:102C700022DC1FD0194B4A465A630823FE5E002E01
:102C800000DBD7E6BB881BB2002B00DB74E7BB7907
:102C9000002BBDD10823FA5E002A0DDB79695300B1
:102CA0009B18DB00CB189C68DD68631CD4D16B1CBF
:102CB000D8D0D1E7002CDDD040BF07B0F0BCBB4678
:102CC000B246A946A046F0BD582300203C700540FE
:102CD000D0950010CC9F0010FC95001000400540DE
:102CE000F529001070B504000D0011000126AE405A
:102CF00006622800FFF768FB01212800FFF72CFB84
:102D0000024B9C466444266070BDC04638200000DB
:102D1000F8B5CE46474680B50600894690461F0066
:102D2000C160FFF74FF9154B9C466044800030614D
:102D300043463370BBB27381D02212061278727090
:102D4000012252423281B2809B187380002406E037
:102D5000621E736965002D19ED005A530134BC429F
:102D6000F6D3074B42469200D650064A41464846A3
:102D7000FFF7B8FFC0BCB946B046F8BD400000340C
:102D800058230020F529001010B5064B1B69002BB5
:102D900001D0044810BD044B044A0548652102F0E7
:102DA00057FEC046CC0D00203C960010B49F00108A
:102DB000FC950010F8B504000569EFF3108072B6B9
:102DC00029680029FCD0BFF35F8F0221665E656928
:102DD00071008919C9006D18002E02DB0027E95F18
:102DE00061802169BFF35F8F00270F6080F3108837
:102DF000002E2CDB0699296107996961AA60EB60B6
:102E00006B8801335B04590C002B00D101216980D0
:102E10003000FFF7D3FD2169EFF3108372B60A6823
:102E2000002AFCD0BFF35F8FA2882A80A680226987
:102E3000BFF35F8F0021116083F31088E36821786E
:102E400001228A4003498C4663441A60F8BD012080
:102E50004042FBE73C20000070B582B00600140041
:102E60001D0008AB1B78002B07D100F0CFF9220022
:102E70002B00121A8B41002B0ADB079B0193069B48
:102E8000009322002B003000FFF794FF02B070BDCA
:102E90000020FBE7F0B5C64600B584B005008846C3
:102EA00016001F000AAB1C78FFF76EFF0294019713
:102EB00000962A004346FFF7CFFF04B080BCB84617
:102EC000F0BD000030B504000A1443899A422EDA9E
:102ED000406953009B18DB00C3182569EFF310828B
:102EE00072B628680028FCD0BFF35F8F588885B27F
:102EF0000904090C884212D000202369BFF35F8FB8
:102F00000021196082F31088002811D0E36821782D
:102F100001228A4007498C4663441A6008E006494A
:102F2000294389B259800123A3710120E5E70020DC
:102F300030BDC0463C2000000080FFFF10B50400FB
:102F4000FFF722FF2100FFF7BDFF10BD407870475B
:102F5000F0B583B006000F00EFF30583002B1AD104
:102F600006246442E517A4197D418D4202D803D19D
:102F7000844201D90024002500F048F922002B00EA
:102F8000121A8B41002B0BDC08D03000390000F006
:102F900083F903B0F0BD1648FEF7A4FF002AF4D071
:102FA000144A0023009320002900FFF773FF002834
:102FB00013DAEAE7104B1968EFF3108372B60A6868
:102FC000002AFCD0BFF35F8F0B4A1268BFF35F8FFC
:102FD0000021116083F3108820BF084B5B6A9D427B
:102FE000E8D80649896AA142CFD29D42CDD1E1E716
:102FF00060960010C52900107C2500200040054087
:1030000070B504000D0000F001F9001969410029B4
:1030100002DBFFF79DFF70BD012040420049F8E749
:10302000FFFFFF7F10B5FA2292000023002101F07C
:10303000EBFAFFF7E5FF10BDF0B5CE46474680B589
:1030400083B005000C00EFF30583002B15D03F4B38
:103050005B6A8B4209D33D4A926A82420BD28B4211
:1030600001D0012002E0002000E0002003B0C0BC3D
:10307000B946B046F0BD0120F8E7FFF785FEC3680A
:103080009946037898462E002700484600F08CF8B1
:1030900002000B00B61A9F41434604339B004A4688
:1030A0009B581B1A0022BA420FDC0CD020BF274BC2
:1030B0005B6A9C422DD8254A926AAA422BD29C4236
:1030C00025D00120D2E7B342F0D9214A0023009352
:1030D00028002100FFF7DEFE00281EDD1B4B5B6A87
:1030E0009C4205D8194A926AAA4202D29C4200D157
:1030F00020BFFFF723FF154B5B6A9C4221D8134A80
:10310000926AAA421FD29C4219D00120AEE7002049
:10311000ACE70020AAE70120A8E70C4B5B6A9C42C1
:1031200009D80A4A926AAA4207D29C4201D00120D9
:103130009CE700209AE7002098E7012096E700200E
:1031400094E7002092E7012090E7C0460040054048
:10315000C5290010004870470040054010B50B4BD2
:103160001B69002B04D00A480A21FFF7B7FB10BDEA
:10317000FFF7F0FF0400032100F00CF803481023D0
:1031800003222100FFF7C4FDEDE7C046CC0D00206F
:103190007C25002010B5024A0248FEF7D1FE10BD82
:1031A000B0960010D01E00200200436A906A1900F9
:1031B000536A9942FAD17047416A00E0416A9942E4
:1031C000FCD300E0416A994202D1816A9142F9D36D
:1031D0007047F0B5C64600B5804614001D00FFF7E5
:1031E000E3FF06000F0022002B0092197B41994259
:1031F00002D804D1904202D901225242D31740464C
:10320000FFF7DAFF80BCB846F0BD000010B50248F9
:10321000FFF7CAFF10BDC0460040054010B50200D0
:103220000B000248FFF7D5FF10BDC0460040054027
:1032300010B5002905DB826A836A9B1A8B42FBD397
:1032400010BD08000021FFF7E9FFF9E710B5040001
:1032500008000C4B994208D84901091A890009183D
:10326000C9002000FFF7E4FF10BDFA2292000023FE
:10327000002101F0C9F902000B002000FFF7A9FFAF
:10328000F2E7C0469BC4200010B501000148FFF7DB
:10329000DDFF10BD0040054010B502000B000248E4
:1032A000FFF78AFF10BDC04600400540F0B5C64696
:1032B00000B504000E0017001D00374800F02EFB7B
:1032C0008046364BFA18364B9A4239D801003800FE
:1032D00000F024FB0200103A98235B009A4235D894
:1032E0006B1E062B38D8069B013B062B34D83F09B2
:1032F000474537D32D04069B1B031D432368002B32
:1033000036DB284B9C4244D00C2201239340264AB2
:103310001360264A1360264A1268190091430A1E58
:10332000F9D12660A060234BE31821321A6022688D
:10333000002AFCDAE56008221A6080BCB846F0BDBD
:103340001D4B1E4A1E48112102F082FB1D4B1B4AD9
:103350001B48192102F07CFB1B4B184A18481C2102
:1033600002F076FB194B154A1548232102F070FB39
:1033700022683F231340B342C3D1A3681B051B0D32
:103380008342BED1E368EE22D2021340AB42B8D1F1
:10339000D3E70D22B9E7C046001BB70080E84BD346
:1033A00080F8A93200C0024000E0004000F0004078
:1033B00008C0004004300000D4960010E49F0010C4
:1033C000249700106C97001088970010D497001075
:1033D0002D23436070470000024B1A68024B5A606D
:1033E0007047C046302300200080054010B5184BC0
:1033F0008022D2051A60174B174A1A6000290AD09A
:10340000164BE022D2041A60002809D1134B802207
:1034100012061A6010BD0E4BE022D2041A60F3E7C8
:1034200043011B1A9B001A18D2000D490A60181894
:103430000001086080235B04984201D3094A0A60B6
:10344000FFF7CAFF054B8022D2051A60E2E7C046AB
:1034500000B0054008200140FCFF010000A005402D
:1034600030230020FFFFFF0010B5034B034ADA6151
:10347000FFF7BCFF10BDC046008005402131B76A90
:1034800010B5030010000C4A8024E4051460002BE2
:103490000DD001221343094A094CD461094C5C4008
:1034A0001462516293620021FFF7A0FF10BD034B2D
:1034B0000022DA61F7E7C04600B005400080054011
:1034C000D3C007B02D3FF84F80239B000B43014A28
:1034D000D36270470080054010B5010018231B8897
:1034E00014221088984710BD10B5010018231B88BE
:1034F00016221088984710BDF0B5C64600B50700E3
:103500000E0000250123984600E00135B5420AD29D
:10351000AC003C192068FFF7DFFF20600028F4D1E1
:1035200000239846F1E7404680BCB846F0BD000055
:1035300070B504000D000648FFF7CEFF0300002C15
:1035400003DB0120A040290098470020FBE7C0468C
:1035500055420000074BAA2212011A608D22520028
:10356000DA60054B054A1A60024B5B68002BFBDAF8
:103570007047C046004002400060024000B0FA00C0
:10358000074B98420AD0162301229A40054B1A6035
:10359000054B1B6811009943FAD170471723F3E7D5
:1035A0000080034000F0004008C0004070B5046B8C
:1035B000E30701D4200070BD0B4BC3180B4A1A60FF
:1035C000456A836AAD01ED18AD020620FEF744FCA2
:1035D000074900F0A3F90100280000F09FF900213D
:1035E000FFF71CFEE6E7C046303000000103000094
:1035F0004E0E000070B504000E001500FFF7D6FF58
:10360000E36A5E403540024BE3181D60206370BDE5
:103610002C10000070B505000C000620FEF71CFC05
:10362000C000210000F07AF90130C60907D00E4B26
:103630009E4215D8400834003F26064000E0012491
:103640006C62AE62002200212800FFF7D3FF062043
:10365000FEF702FC8000A101891900F05FF970BD3E
:103660000026024CECE7C046FEFF0000FFFF000012
:10367000002909D00A22064B9C4660444342584127
:10368000044B4000C252704780225200F3E7C0460C
:103690000080FCBF8825002070B504000D000620C6
:1036A000FEF7DAFB00281ED0104B9C421CD01622DD
:1036B000012393400E4A13602000FFF761FF0021B1
:1036C0002000FFF7D5FF29002000FFF7A3FFE26AE3
:1036D00070235A400E331340064AA2181360064B5B
:1036E00023630323A36470BD1722E1E70080034036
:1036F00000E000402C1000000103000010B50400A1
:1037000001E008CC9847024B9C42FAD310BDC0465A
:10371000EC0F00207047000010B50248FFF7EEFFE5
:1037200010BDC046B00F0020054B064A1A60064B7C
:10373000064A1A60064B1A68044B9343FAD1704745
:1037400000E00040BFCDFBFE00F00040FE7F3C00EB
:1037500008C00040044BDB6C002B03D1034B8022DC
:10376000D2021A607047C046000011504C20115020
:10377000044B054A1A60054B1B68DB43DB01FAD199
:103780007047C04600F00040FFFFFF0108C0004046
:10379000034B40229A675A671A67DA667047C04639
:1037A00000F0014010B5FEF72DFC10BD70B5044DC2
:1037B000A968044CC022200001F046F8AC6070BD3E
:1037C00000ED00E00000002070B50420FEF744FB8F
:1037D000064900F0A3F805000024002C00DD70BDB0
:1037E000E0B22900FFF770FE0134F6E740420F0017
:1037F00030B583B0274B00229A67FFF7ABFE264B0C
:1038000001221A60234B5B6C012BFBD1234B03225B
:103810001A60204B9B6B012BFBD1013300930433C7
:103820001F4A01211F48FFF741FD052300931E4A4F
:1038300001211E48FFF73AFD1D4B00220221042002
:10384000FEF700FB1B4D2B00002201210520FEF797
:10385000F9FA194C2300002200210720FEF7F2FAA2
:103860002300002200210820FEF7ECFA8023DB0071
:1038700000932300002200210920FEF7CFFA2B003D
:10388000002200210620FEF7DDFAFFF79DFF03B0BE
:1038900030BDC046008000403CB0004030B0004029
:1038A000002F685900800240008C864700C002400B
:1038B000001BB70040597307006CDC02014804216B
:1038C000014B1847F00D0020F9340010124A936F95
:1038D0009B0815D29066D166002905D0FFE7FFE767
:1038E000FFE7516F106F704704B580210906C217BA
:1038F0005140002800D0C84305F00EFB002104BD54
:10390000F0B5146E556E576F166FFFF7E3FF146630
:10391000556657671667F0BD000000D0114A936FD7
:103920009B0813D210665166002905D0FFE7FFE718
:10393000FFE7516F106F704704B5002801D00020D9
:10394000C04305F0E9FA002104BDC046F0B5146E8D
:10395000556E576F166FFFF7E5FF1466556657678C
:103960001667F0BD000000D094464A4A926F920854
:10397000624601D228E0C046F0B5464E346E756E00
:10398000776F366F00F020F89446424A1466556609
:10399000576716676246F0BD94463E4A926F92089A
:1039A000624601D254E0C046F0B53A4E346E756EB0
:1039B000776F366F00F04CF89446364A14665566B9
:1039C000576716676246F0BD002B24DB11D0002933
:1039D0003EDA00B5C943404200D1013100F038F869
:1039E000C943404200D10131DB43524200D101338F
:1039F00000BD002AEBD1002801D1002905D000200C
:103A0000C90FC90701D1C043410800B505F074FAD8
:103A10000022002300BD00B500290ADBDB4352422F
:103A200000D1013300F014F8C943404200D1013104
:103A300000BDC943404200D10131DB43524200D1B5
:103A4000013300F005F8DB43524200D1013300BDE1
:103A5000002923D1002B18D1002A0CD0BC460D4FD1
:103A600038667A6600210023FFE7FFE7FFE77A6FF9
:103A7000386F67467047002801D00748010000B53D
:103A800005F03AFA0022002300BD02000B000020DE
:103A900000217047000000D0FFFFFFFF002B00D087
:103AA000BFE0130C28D1002AE7D080B4114F39664B
:103AB0007A66FFE7FFE730B4040C7B6F396F1B04B5
:103AC00023433B667A66FFE7FFE7FFE7C04684B221
:103AD0007B6F3D6F1B0423433B667A66FFE7FFE77E
:103AE000C04600232C042D0C7A6F386F00196941F1
:103AF000B0BC7047000000D0F0B594460025140E0D
:103B000001D112020835140F01D112010435940FAE
:103B100001D192000235D40F01D152000135D40BEE
:103B20000134254F7C66254C3C660E0C93B2FFE7B2
:103B3000FFE7FFE73C6F6643360C7703BE467343EF
:103B4000DF0B5B04C01AB941130C7343DB18C91AAD
:103B5000CE086643360CB64493B273431F0F1B0165
:103B6000C01AB941130C73431F0B1B05C01AB9418E
:103B7000860D8F023E436643360C092D24DB520A24
:103B80007243801A7703460A6643360C16235B1B82
:103B9000DE40DF40BF1964466643821B7046043531
:103BA00006330100D940A840C01900D30131A24218
:103BB00006D20023F0BD0000000000D0FFFFFFFF91
:103BC000121B0130F3D3F1E709277F1BFE40644647
:103BD000A2B27243801A00D20139220C7243130C34
:103BE0001204821A99410B00704604351337010004
:103BF000F940A840801900D30131002B02D1A24224
:103C00000AD2F0BD013000D30131121BFAD2013BC0
:103C1000F8D1A24200D2F0BD013000D30131121B15
:103C2000F7E7F0B51C0C00D080E00CB400251C0AAE
:103C300004D11B02160E3343120208351C0B04D1AB
:103C40001B01160F3343120104359C0B04D19B005A
:103C5000960F334392000235DC0B02D192185B4180
:103C600001351C00971864410134464F7C66464C70
:103C70003C660E0CFFE7FFE7FFE7C0463C6F66437C
:103C8000360C7703BE4697B27743C01B00D201398A
:103C9000C01B00D201399FB27743C91BC91B170C47
:103CA00077437E04FF0B801BB941CE086643360C78
:103CB0000C2D33DBB644120B1F053A431B0B97B296
:103CC0007743C01B00D201399FB27743C91B170C41
:103CD00077433E043F0C801BB941860D8F023E4363
:103CE000664329277F1BFE400C3D7746AF40BF1936
:103CF00030BCA2B2ABB272437343801A9941220C1A
:103D00007243130C1204801A994102000B00013710
:103D1000001BA941F9D2781E0021F0BD0C277F1BA2
:103D2000FE4077467F0BAF40FF19E0E700245D1CA3
:103D300007D0144F7D663966FFE7FFE7FFE7FFE72F
:103D40003C6F95B29EB265436643401BB141150C72
:103D50001E0C6543664336042F0C3E432D04401B66
:103D6000B141994204D202000B0020000021F0BDB5
:103D700001D19042F7D3801A994101349942F2D38C
:103D8000F6E70000000000D0FFFFFFFF4840414081
:103D9000484018B41B4B5B68FC46019308BD04DF28
:103DA0007F40001018B4174B1B68FC46019308BDF8
:103DB00000DF894000109446134A926F920809D29E
:103DC000624618B40F4BDB68FC46019308BD0CDF5C
:103DD000414300100C4AF0B5146E556E576F166FC4
:103DE0006246FFF7EEFF084A146655665767166786
:103DF000F0BD18B4034B9B68FC46019308BD08DF77
:103E0000E541001078230020000000D0FFB55040AD
:103E10004240504059404B40594000E0FFB5154FDB
:103E20004C00640D03D0BC4204D10C0314D8002014
:103E3000090D09055C00640D03D0BC4204D11C03CC
:103E40000AD800221B0D1B0501264B4009D44B400C
:103E500003D58B4200D18242FFBD9942FCD19042F2
:103E6000FFBD0B43DB1803431343F5D0C943491887
:103E7000FFBD0000FF07000000B5FFF7CFFF804146
:103E800000BDC04600B5FFF7C9FF01D9002000BD45
:103E9000012000BD00B5FFF7B9FF01D9002000BD2A
:103EA000012000BD00B5FFF7B1FF804100BD01203A
:103EB00040054A00121804D85A00121801D80020F0
:103EC00070470120704700000021002805D170478D
:103ED000C1174840401AFAD0C90713B5064B1B68F2
:103EE00098470CBC441CA2401005120B0349091B47
:103EF00009051943114310BD782400201F04000058
:103F000010B54C00620D8023D218DB00D21A5B057D
:103F10007E2A10DD9E3A13DACC17090349081943AB
:103F20005242D140640001341532202A05DAD040D3
:103F30000843604310BD002010BD0846604310BD1B
:103F4000C80FC018013810BD18B4044B5B6AFC469A
:103F5000019308BD24DFF144001000007823002005
:103F600018B4044BDB6FFC46019308BD7CDF714540
:103F7000001000007823002070B513231C78012C5A
:103F800012D0012C12DC214B214A93642148FFF707
:103F9000A3FA214B186070BD1C491D4A980081503E
:103FA00001331F2BF8D9ECE70023FAE71B48FFF792
:103FB0009BFA05001A48FFF797FA023803789B002E
:103FC0007F2B09DD12488022290000F03DFC022CE5
:103FD00008D0022CDADCD6E7124B134A13483321FF
:103FE00001F036FD124B1A88B5231B029A4209D103
:103FF000104B1A88104B9A4204D1104B1A88104B60
:104000009A42E6D00020FDF76DFFC0464540001003
:10401000782300204C330000782400205344000013
:1040200053460000F0970010F09F001034980010E5
:1040300054380000D8380000494600009C38000081
:104040005946000007B56046002800D100BE01882F
:104050000A0A0230DF2AFAD1C9B2820804D30288E0
:1040600040880004104300E00068024A505003906A
:1040700007BD0000782300200FB403BC0CBCF0B5D2
:104080000124E407634000E0F0B50C0DCF0F661E7D
:104090003605891B640503D3C943404200D301316F
:1040A000640D03D0661CF60A07D0E41B00207F00D5
:1040B000791C89078912803C24031D0DDF0F6E1EB9
:1040C00036059B1B6D0503D3DB43524200D30133FE
:1040D0006D0D03D06E1CF60A07D0ED1B00227F0089
:1040E0007B1C9B079B12803D2D032F1B661B58D406
:1040F000A446202E46DA20371400BC401D00BD40E7
:10410000F24033412A4380185941CB0F05D0C943AF
:10411000C043002264425041514162464D0D28D1B6
:104120000D0D07D100281FD0241940414941013A03
:104130000D0DF9D0640006D3013000D30131002CFD
:1041400001D140084000013A0BD4941CE40A04D188
:1041500012051144DB071944F0BDD907204B194360
:1041600000E0D9070020F0BD0029DDD1002CDBD113
:10417000F0BD0132C6074008CD0728434908002E8C
:10418000E1D0D9E73C2E29DA203E40371400BC406C
:1041900000D00124F24014431A00BB401C43D31743
:1041A000ACE7AC46202F08DA20360400B4400D00FE
:1041B000B540F84039412843A5E73C2F0CDA203FB1
:1041C00040360400B44000D00124F8400443080005
:1041D000B1400C43C117EAE710001900002494E72E
:1041E0000000F07FF0B50C0D661E3605891BE60A4F
:1041F0006405640D02D0651CED0A04D00020012185
:104200000905803C2403A4461C0D671E3F05DB1BEB
:10421000E70A6405640D02D0651CED0A04D0002293
:1042200001231B05803C24037740644497B484B287
:1042300096B27443070C7E43150C6F4380B26843FB
:10424000361802D3012000043F183004350C001941
:104250007D41844688B29AB250430C0C62431F0CD5
:104260007C438EB27E43921902D301263604A419F0
:104270001604170C3618674101BC81B29AB251433B
:10428000040C62431B0C5C4380B25843121802D3E7
:104290000120000424181004130C401863412D1849
:1042A0005E410020474106BC88B293B258430C0CD3
:1042B0006343120C544389B251435B1802D301216A
:1042C0000904641819041A0C091862416D18564142
:1042D0000020474118BCF902720D1143F0026A0D2B
:1042E0001043ED020A0D03D16D1940414941013BD4
:1042F000124E9B1B7600B3420ED26D0007D30130E5
:10430000002671416646354301D1400840001B0537
:10431000C918E4072144F0BD0BDA013306D101309E
:1043200004D101314F0D01D04908F2E7E107002027
:10433000F0BD013631050020EBE70000FF0300006F
:10434000F0B51C0D671E3F05DB1BE70A6405640D15
:1043500002D0661CF60A04D0002201231B05803C13
:104360002403D0252D060026F6432E661E096E6610
:10437000CE0FF619B44649004F0D02D07E1CF60A46
:1043800003D000200021403F3F033E1BB600B44451
:10439000013F7F05C91B49082E6F013676089C0234
:1043A000950D25437543ED137543AD1301356D1020
:1043B000F603761B0CB4CC02450D2C43A2B2B3B26B
:1043C0005A43270C7B43350C6F43A4B26C431B1933
:1043D00002D3012424043F191C041D0CA4187D41A0
:1043E00024196D41009A91B2ACB26143170C7C4321
:1043F0002B0C5F4392B25A43A41802D30122120439
:10440000BF182204230C52187B41019C6C431B19DA
:10441000520ED9010A434401A01A81B2B2B25143EB
:1044200003145A43360C734387B27743D617D21915
:1044300000277E4136049B191704160C7F185E4135
:104440007316ED18F301002680337541A90F06D1CC
:104450006400690AE8055B0A184309D22FE00422C8
:10446000944480337541A90AA8059B0A184326D3B2
:10447000404149412404009A019B0D005543641BAF
:104480004343E41A95B286B27543170C7E43030C7E
:104490005F4392B25A43B61802D301221204BF18E6
:1044A0003204330C52197B4152429C41002C02D4FD
:1044B0000022013051414008CA071043490802B0A8
:1044C0006246D7079210084BD218084B9A4203D283
:1044D00012058918C919F0BD0020002A01DC390035
:1044E000F0BD01331905F5E7FD030000FE070000EC
:1044F000002200B5203200F004F8080000BD0000E2
:1045000000220B150AD410B5944600F05FF814147D
:10451000013400DA0021CB17144C20470020002181
:1045200070476244343A0CD40C2A07DA04009140F4
:10453000904052422032D440214310BDD843D94349
:1045400010BD203207D40C46944052422032114113
:10455000D040204310BD0800C917203203D4524276
:104560002032104110BD1800190010BD2345001065
:104570004A00520D144BD21A13DDFF2A1EDAD2055F
:10458000CB0FDB071A43C300400F0903490A084356
:1045900010435B0001D301D0013070474308FBD2C8
:1045A000704702D0C80FC00770470A0312130132C8
:1045B000F8D1420F072AF5D1012200E0FF22C80FEF
:1045C00000028018C0057047800300000A0DCC0F60
:1045D000531E1B05C91A520503D3C943404200D3D9
:1045E0000131520D03D0531CDB0A07D0121B0020EF
:1045F0006400611C89078912803A1203014BD21AA8
:1046000070470000FF03000051434343C9188C4624
:10461000110C83B24B4310B4040C614392B280B2CC
:10462000504362431C041B0C001910BC5941130475
:10463000120CC018514161447047000007B5484052
:104640004140484001E0C04607B54200120E03D089
:10465000FF2A03D1420218D8C00DC0054A00120E2D
:1046600003D0FF2A03D14A020FD8C90DC905012280
:10467000414005D4414001D5814207BD884207BD74
:104680000143491801D0C043001807BD00B5FFF72A
:10469000DBFF01D9002000BD012000BD00B5FFF700
:1046A000CDFF01D9002000BD012000BD00B5FFF7FE
:1046B000C5FF804100BD0000034BDB6FFC4618477F
:1046C0007CDFFD47001000007C24002070B5132320
:1046D0001E782A48FEF708FF0500012E11D0012E92
:1046E00009DDAB1E1B789B007F2B40DD2448802218
:1046F000290000F0A9F82348FEF7EEFE224B1860CF
:1047000070BD1F485422290000F09EF81F4B1A88E4
:104710001F4B9A421CD1A7239B011A881D4B9A421A
:1047200016D11D4B1A881D4B9A4211D11C4B1A8869
:1047300094239B019A420BD11A4B1A881A4B9A4226
:1047400006D11A4B1A681A4B9A4201D1152307E079
:104750001848FDF7C7FB184C094A99008C500133E3
:104760001F2BF8D9144B064A1362D361B7E7134BDA
:10477000134A1448422101F06BF9C0465346000029
:104780007C2400204C33000078240020EE29000017
:10479000C40F0000C20D0000962B0000C0B5000041
:1047A000182B0000CC2A000010B50000FC2C0000E3
:1047B00051ED876450900010C94700108C9800108C
:1047C00004A00010C098001007B56046002800D172
:1047D00000BE01880A0A0230DF2AFAD1C9B2820873
:1047E00004D3028840880004104300E00068024AB5
:1047F0005050039007BD00007C240020C30FDB074E
:1048000041000A0E07D0FF2A08D00909054A891875
:104810001943400770471900002070470249C91822
:10482000FAE70000000000380000F07F0148042192
:10483000014B1847000E0020F9340010014B1B6893
:1048400018470000000E0020014B5B68184700006D
:10485000000E0020704710B5002802D00B68496890
:10486000984710BD0100002007E083001B185B0083
:10487000501C08601078C01830380A681378303B34
:10488000DBB2092BF1D97047F0B5DE4657464E46EC
:104890004546E0B583B093461F000C9B9A460D9C9D
:1048A0000E9B99460F9B9B0717D0B8460F0006003A
:1048B00022E0551C4B4641462020B84701342A00CF
:1048C000B442F6D33D004F465C46019B9B46B14641
:1048D0004646B84637002E000EE00192A3468846B1
:1048E0004E46B9460700EBE7013C551C5346185DA0
:1048F00043463900B0472A00002CF5D135003E0070
:1049000047460F9B9B0711D4100003B0F0BCBB4679
:10491000B246A946A046F0BD541C4B464146202055
:10492000B8472200531BB342F6D3EDE7B0464E46DC
:10493000B9462F005D46F5E7F0B5CE46474680B54F
:1049400085B0944698460C9D0D9C0EAB1B789946FD
:10495000109A119B129EB7071CD4002B0CD0F7079E
:104960000AD54F46002F02D10C37374204D0013B05
:1049700002E030272F550134944201D21F2CF8D980
:10498000F70707D59C4205D21F2C03D830272F5597
:104990000134F5E7F70612D5770505D4002C03D0CE
:1049A000944221D09C421FD00F9A102A2FD00F9AE8
:1049B000022A36D01F2C0AD830222A5501341F2C47
:1049C00005D84A46002A32D02D222A5501340396B2
:1049D00002930194009543466246FFF755FF05B0E8
:1049E000C0BCB946B046F0BD621E012C17D00F9F67
:1049F000102F0BD014000F9A102AD8D1B206D6D59A
:104A00001F2CD4D858222A550134D3E7023CB206D1
:104A1000F1D41F2CEFD878222A550134CAE71400AC
:104A2000C2E71F2CD3D860322A550134C2E772077F
:104A300003D52B222A550134C9E73207C7D52022D6
:104A40002A550134C3E7F0B5DE4657464E46454683
:104A5000E0B593B081468A46089209931CAB10CB0F
:104A60001B789B461E9D219B9846002C03D110234A
:104A700042469A4390468023DB0046461E4042460B
:104A80001A4218D0002C22D0002614E0424692068A
:104A90001BD54121C918C9B20A39C9B2771C0AAB62
:104AA000995529002000FEF739FFAC4210D31F2F83
:104AB0000ED83E00040029002000FEF72FFFCBB2E5
:104AC000092BE3D83033D9B2E8E76121E2E72700C8
:104AD00043460693209B05931F9B049303955B46D7
:104AE000029301970AAB0093099B089A51464846E6
:104AF000FFF722FF13B0F0BCBB46B246A946A04662
:104B0000F0BDF0B5DE4657464E464546E0B597B097
:104B10000A900B910C929A46209B9946219F22AABB
:104B200013789B46249B0993259C289B98464A46CC
:104B30003A4302D11032934398468022D200454630
:104B40001540434613420AD04A463A4341D0002515
:104B50002E0053460D934D46099B9A4621E02E00A8
:104B600053460D934D46099B9A461AE042469206DB
:104B700023D54122D218D2B20A3AD2B2731C994636
:104B80000EAB9A555246230028003900FEF704FF69
:104B9000BC4220D813D04B461F2B16D84E460500DA
:104BA0000F005246230028003900FEF7F5FED3B26D
:104BB000092BDBD83033DAB2E0E76122DAE7AA4525
:104BC000E9D94E460D9B9A4608E04E460D9B9A4603
:104BD00004E0002602E04E460D9B9A4643460693AB
:104BE000279B0593269B0493099B03935B460293A3
:104BF00001960EAB009353460C9A0B990A98FFF757
:104C00009BFE17B0F0BCBB46B246A946A046F0BD1D
:104C1000F0B5DE4657464E464546E0B591B0804673
:104C200089460C929A461A9C1B9D22002B0020005C
:104C30002900FFF73CF9002800D0F2E0012252429F
:104C4000D54B20002900FFF72DF9002800D0E8E01F
:104C500001225242D14B20002900FFF70DF9002814
:104C600000D0DEE00022002320002900FFF704F935
:104C7000002800D0EAE0069407958023DB001E9A06
:104C80001A400D921E9A1A4201D106231C930698CF
:104C9000079902000B000892099303000A000243DF
:104CA00000D1DFE0080D4005400DBD4EB446604424
:104CB000079E3203120B1E00BA4B13431F00FFF76F
:104CC00007F9B94AB94BFFF794F8B94AB94BFFF75E
:104CD00069F8089009910022B74B30003900FFF7BE
:104CE00058F8B64AB64BFFF784F802000B00089854
:104CF0000999FFF757F8FFF703F98346FFF7E8F83C
:104D000006000F00AF4AB04BFFF773F80022AF4B1D
:104D1000FFF748F8FFF7F4F80890AD4AAD4B3000C4
:104D20003900FFF766F806000F000898FFF7D0F883
:104D3000A94AAA4BFFF75DF802000B0030003900CA
:104D4000FFF727F806000F0002000B00FFF751F8ED
:104D50000A900B91089BA24A9446634400210022CA
:104D6000089109921B0509930023089332003B0028
:104D700030003900FFF716F80E900F9132003B001B
:104D800000208021C905FFF704F806000F0000226B
:104D9000944B0A980B99FFF70EF80022924BFFF7FD
:104DA00001F802000B000A980B99FFF704F80022A3
:104DB0008E4BFEF7F7FF02000B000A980B99FEF7E7
:104DC000FAFF02000B0030003900FEF7EBFF020093
:104DD0000B000E980F99FEF7EEFF0022714BFEF7C5
:104DE000E1FF089A099BFFF704F806000F000896F8
:104DF0000997069A079BFFF755F800280BD0012367
:104E00005B429C46E3440022774B30003900FEF7BA
:104E1000D2FF089009915B466333C62B45D8042620
:104E200023E01E9B04931D9B03931C9B0293009401
:104E3000019553460C9A4946404600F0FBF811B0E4
:104E4000F0BCBB46B246A946A046F0BD00210022F8
:104E500006910792069480231B069C46AC44634649
:104E600007930AE700239B4604261E9B1B0528D5B3
:104E7000089A099B190011430FD05D4A5D4B0698B3
:104E80000799FFF707F800287AD000225A4B0698B6
:104E90000799FEF7F1FF002872D01C9B5B4506DDE9
:104EA0005A469B1A013B1C9303E00526DDE70023CD
:104EB0001C938023DB001E9A1A431E9200260023B7
:104EC0009B461D9B9E4265D29F1B02231E9A1A4041
:104ED0000A921E9A134202D0002E00D000275B4691
:104EE000002B07D0089A099B06980799FEF763FFE5
:104EF000069007910022002320002900FEF7BCFF46
:104F0000002800D07CE03D4B1E9A13400493039789
:104F10001C9B0293069B079C0093019453460C9A9A
:104F20004946404600F086F8002E00D187E71E9BD8
:104F30009B0671D54525441C53460200494628006E
:104F4000C0475A46D317D2185A4005230593013E4D
:104F50000496002303930A3302935B46DB0F01930D
:104F600000925346220049464046FFF76CFD0A9BDB
:104F7000002B00D163E7020047460C9E1D9D53E0C5
:104F80001C9B002B9DD00D9B002B9AD01C9B013BA2
:104F90001C9396E7002798E7FFFFEF7FFFFFEFFFE7
:104FA00001FCFFFF0000F03FFB799F501344D33F0B
:104FB000B3C8608B288AC63F0000F83F61436F6327
:104FC000A787D23F71A379094F930A400000E03FC1
:104FD0001655B5BBB16B0240EF39FAFE422EE63FE3
:104FE000FF03000000002C40000024400000184097
:104FF0002D431CEBE2361A3F80842E41FFF7FFFF62
:10500000069C079D220029008020000684466144FA
:105010000B000692079376E765258CE7541C5346F0
:1050200049462020B8472200931BAB42F6D310001C
:1050300005E7C046F0B5DE4657464E464546E0B564
:1050400095B00690079193469946209F1E9A1F9B04
:1050500010001900FEF72BFF002831D10122524227
:10506000BC4B1E981F99FEF707FF002837D101227D
:105070005242B94B1E981F99FEF714FF00283DD1EC
:105080000022B64B1E981F99FEF70CFF00284AD14C
:105090000022B34B1E981F99FEF7EEFE002842D166
:1050A000002200231E981F99FEF7E6FE00284AD131
:1050B00000239846229B5B0500D4B0E0002452E018
:1050C000229B0393219B029303230193A54B0093FF
:1050D0004B465A4607990698FFF7D6FB08E1229BF4
:1050E0000393219B0293042301939F4B00934B4610
:1050F0005A4607990698FFF7C7FBF9E0229B5B0722
:105100000ED59A4B04222299039121990291019282
:1051100000934B465A4607990698FFF7B5FBE7E020
:10512000934B0322EFE7229B0493219B0393029767
:105130001E9B1F9C009301944B465A460799069864
:10514000FFF766FDD4E01E9A1F9B00200021FEF7AA
:1051500020FE1E901F9101239846ABE70CAB302236
:105160001A55013F01341F2C01D8092FF6D81E987B
:105170001F99FEF7C5FE0500FEF7AAFE02000B0010
:105180001E981F99FEF705FE7A4BFA009B181A68C5
:105190005B680A920B93FEF72CFE08900991FEF7CC
:1051A000D3FE0600FEF790FE02000B000898099956
:1051B000FEF7EFFD0890099100226F4BFEF772FE9B
:1051C00000282ED001363000FEF77EFE02000B00D4
:1051D0000A980B99FEF756FE002801D001350026EB
:1051E000002F2CD12800FEF773FE02000B001E9842
:1051F0001F99FEF7CEFD06000F0000225E4BFEF762
:105200003BFE002846D100225B4B30003900FEF700
:1052100049FE00283ED1EB073CD501353AE0062790
:105220004CE70022544B08980999FEF725FE002808
:10523000D6D1002E01D0F307D2D50136D0E7AA4649
:105240001F2C11D8013F0A213000FEF767FB651CB7
:1052500030310CAB19550A213000FEF75FFB092EE7
:105260000ED906002C00EBE755461F2C0CD87B1EF0
:10527000002F09D00CAA302111551F000134F4E78A
:105280002B0055461C00F0E71F2C03D80CAB2E2238
:105290001A5501341F2C10D80A212800FEF716FBDE
:1052A000661C30310CAB19550A212800FEF70EFBA5
:1052B000051E01D03400EDE734000323229A134089
:1052C000012B1CD01F2C06D84346002B32D00CAB30
:1052D0002D221A550134229B0393219B02930194A2
:1052E0000CAB00934B465A4607990698FFF7CCFA49
:1052F00015B0F0BCBB46B246A946A046F0BD219B06
:10530000002B13D04346002B02D10C3313420FD095
:10531000219B013B2193190003E00CAB30221A556D
:1053200001348C42CED21F2CF7D9CBE72199F8E774
:105330002199F6E7229B5B0704D50CAB2B221A556B
:105340000134C8E7229B1B07C5D50CAB20221A5598
:105350000134C0E7FFFFEFFFFFFFEF7F65CDCD41D9
:1053600065CDCDC16499001068990010589900105E
:105370006099001008A200100000E03FF0B5DE4682
:1053800057464E464546E0B593B007008A469346D9
:105390001193002900D12CE3002508E06C1C5B462A
:1053A0002A005146B847119B013311932500119BE8
:1053B0001878002800D11EE32528EFD1013311937E
:1053C0000023180020E00123184301321192012428
:1053D00018E00223184301321192012412E0042341
:1053E00018430132119201240CE0082318430132C2
:1053F0001192012406E01023184301321192012476
:1054000000E00024002C09D0119A1378203BD9B277
:105410001029F6D88B00C449CB589F468146119B72
:105420001A781300303BDBB2092B10D92A2A13D08B
:105430000B94119B1A782E2A20D0119A1378683B6E
:10544000D9B2122965D88B00B849CB589F4611A80C
:10545000FFF708FA0B90ECE71C9B1A1D1C921B68C7
:10546000002B04DB0B93119B01331193E1E7022224
:105470000100114389465B420B93F4E78022D2007E
:105480004946114389465A1C11925A781300303B01
:10549000DBB2092B0BD92A2ACFD11C9B1A1D1C92D7
:1054A0001C68002C08DB119B01331193C5E711A880
:1054B000FFF7D8F90400C0E70024F4E780235B007D
:1054C00049460B43511C119151786C2901D09946E2
:1054D0001FE0C0239B0049461943894602321192BE
:1054E00017E0802349460B43511C119151786829DC
:1054F00001D099460DE0C02349461943894602323E
:10550000119206E080235B00494619438946013227
:105510001192119B187867281CD8252800D25EE2CA
:105520000300253BDAB2422A00D958E29300804AB0
:10553000D3589F4680239B00494619438946013230
:105540001192E6E780235B00494619438946013200
:105550001192DEE7782800D941E2692800D23EE2C4
:105560000200693AD2B201239340724A134210D129
:105570001A0600D50CE25B0500D430E21C9B1A1D14
:105580001C921E68002C00D0BAE101225242330066
:1055900096E16F2842D005D8582841D0622803D11F
:1055A000022606E078283DD010234A469A439146C9
:1055B0000A26582838D0692805D0642803D00C2240
:1055C0004B46934399464B465A0502D501229343D5
:1055D000994669282DD064282BD04B469A0500D5D2
:1055E000AAE0DA0500D5C2E05A0600D4D3E01C9A3E
:1055F000111D1C911168FF220A404B4605930B9B1D
:105600000493039402960023019300925B462A00C0
:1056100051463800FFF717FA05002AE00826C8E7C8
:105620001026C6E71026C4E720224B4613439946AE
:10563000C1E74B469A0520D4DA0551D45A0666D5FF
:105640001C9A111D1C911168FF220A40D0171118D5
:1056500041404B4605930B9B049303940296D20F53
:10566000019200915B462A0051463800FFF7EBF9A2
:105670000500119B0133119399E61C9A073207210B
:105680008A43110008311C91116853689C46DB174E
:105690000C930D930C9A0D9B100048400E900D9B9F
:1056A00061464B400F930E980F990C9A0D9B801AF0
:1056B00099410E900F914B4608930B9B07930694CC
:1056C0000496002305936346DA0F0292009001913D
:1056D0005B462A0051463800FFF713FA0500C8E779
:1056E0001C9A111D1C911268D01711184140059386
:1056F0000B9B049303940296D20F019200915B4698
:105700002A0051463800FFF79EF90500B1E71A0656
:1057100005D51C9A111D1C910023D25E96E71C9A98
:10572000111D1C91126891E76CA00010B0A0001030
:10573000FCA00010419000001C9A073207218A4308
:10574000110008311C9108930B9B07930694049653
:1057500000230593029353681268009201935B46FD
:105760002A0051463800FFF7CCF9050081E71C9A62
:10577000111D1C9105930B9B049303940296002327
:105780000193136800935B462A0051463800FFF7E7
:105790005AF905006DE71A0606D51C9A111D1C91D1
:1057A00012681204120C28E71C9A111D1C91126831
:1057B00023E746281AD01C9B0733072293431A007D
:1057C00008321C924A4604920B9A039202941A6879
:1057D0005B68009201935B462A0051463800FFF750
:1057E00029FC0500119B01331193E0E520234A4673
:1057F0001A439146DFE7672801D0472804D1802368
:105800001B014A461A439146452801D0472803D137
:1058100020234A461A4391461C9B07330722934391
:105820001A0008321C924A4604920B9A0392029480
:105830001A685B68009201935B462A005146380063
:10584000FFF7E6F90500119B01331193AFE5022341
:105850004E461E404A4613421ED001241C9B1A1D70
:105860001C926A1C904618785B462A005146B8473D
:10587000002E14D1119B01331193454697E5551C19
:105880005B4651462020B84723002A005C1C0B9938
:105890009942F4D81500E1E701232A00F6E74246D1
:1058A00006E0561C5B4651462020B8472C003200CB
:1058B000651C0B9BA342F4D89046DBE701330A003A
:1058C0001978002902D0511E002AF7D19B1B802293
:1058D000D2004946114088464946114202D0A342AF
:1058E00000D92300022249461140109149460A423C
:1058F00008D02A00250099463B004746984626E0F6
:10590000220044E6A1462A005146B2460E0006E0B7
:10591000551C5B4631002020B84723002A005C1C40
:105920000B999942F4D8150022004C463300564694
:105930009A4691462A0025003B004746984606E0D5
:105940001D000136541C5B465146C047220030788A
:10595000002804D0002FF4D06B1E002DF0D11500CC
:105960004B464746109A002A03D1119B01331193ED
:105970001DE50B9E2A0006E0551C5B465146202083
:10598000B84723002A005C1C9E42F5D81500ECE7BE
:1059900021234A461A4313001C9A111D1C911268B8
:1059A000059308230493039408330293002301937F
:1059B00000925B462A0051463800FFF744F8050084
:1059C000119B01331193F2E46C1C5B462A00514693
:1059D0002520B847119B013311932500E7E46C1C87
:1059E0005B462A005146B847119B013311932500AD
:1059F000DDE40A4FD0E45D450DD35B465A1E5B469D
:105A000051460020B847280013B0F0BCBB46B24650
:105A1000A946A046F0BD2A00F1E7C046554800104F
:105A200010B584B00C0002A902904C600124044817
:105A3000009313006242FFF7A1FC04B010BDC04602
:105A40005748001000BEFDE710B5FFF7FBFF000050
:105A500030B583B00D001900002A0BD0074B084C5D
:105A6000019200932B000200200000F071F9012048
:105A7000FFF7E8FF034B1A00F1E7C04670990010EA
:105A8000809900105090001010B5EFF30583002BA3
:105A900000D000BEFDF740FE034C01E008CC984763
:105AA000024B9C42FAD310BDEC0F0020FC0F0020EB
:105AB00010B50300080011001B68984710BD0000D6
:105AC000F8B507000D001600437D002B02D000241E
:105AD00000200CE003681100280098472DE03B7D72
:105AE00010E03B68154802219847601C0134B4421D
:105AF00014DA002CF3DD2B19013B1B780D3B5A42C5
:105B00005341DBB22A5D0A2AF0D1002BEED1A0422C
:105B1000E7DA3B68211A28189847E2E7B04203DA2F
:105B20003B68311A28189847002E06DDAD19013D53
:105B30002B780D3B5A4253413B75F8BD58A20010DB
:105B400070B505000368002B16D00C4B1C6805E0EF
:105B5000290004C92000FFF7B3FF2469002C09D0F5
:105B60002368002BF9D0064B1B68002BF0D0A34212
:105B7000F3D1EDE700232B6070BDC046241F002049
:105B80002C1F002070B505000C000B68802B05D081
:105B900023685A1C2260E418257170BD0800FFF7C5
:105BA000CFFFF5E710B5FDF731FB074A00231218C8
:105BB0004B41002B03DB054803F0DEF910BD012249
:105BC0005242034BF7E7C04640420F00A80F0020A7
:105BD000FFFFFF7F10B5024803F086F910BDC046F5
:105BE000A80F0020F0B5CE46474680B583B006002A
:105BF0000D0090461C00FFF7D5FF81466B1C05D0B9
:105C0000002C08D0184F194B1C6807E0300003F037
:105C10002BF90500F4E7164FF5E72469002C17D09F
:105C20002368002BF9D0134B1B68002B01D0A34233
:105C3000F3D12A0031002000B8474346002BECD0B6
:105C40006B46D91D0A230B7001222000B847E4E7F8
:105C50004B46002B05D1280003B0C0BCB946B04666
:105C6000F0BDFFF7B7FFF6E7C15A0010241F002070
:105C7000B15A00102C1F00200A4A136802E01A00D3
:105C800010321B69002B09D013688342F7D1002919
:105C900007D1036913600023036102E0002900D0EB
:105CA00010607047241F002010B5064B1C6800E0F0
:105CB0002469002C04D06368002BF9D09847F7E7DB
:105CC00010BDC046241F002010B500F053F900F0AD
:105CD000F3FA012010BD10B582B004006B46D81D48
:105CE0000470012300220121FFF77CFF200002B095
:105CF00010BD70B5050003F0B7F8040001230122C0
:105D000001002800FFF76EFFFFF7CEFF200070BDF7
:105D1000F0B5A3B004000E00FFF744FF050001AF8B
:105D2000002301930948330022003900FFF778FE71
:105D300004003800FFF704FFFFF7B6FF002D02D183
:105D4000200023B0F0BDFFF745FFF9E7855B0010A9
:105D50000FB400B583B004A901C90191FFF7D8FFC2
:105D600003B008BC04B0184710B582B00C00144B47
:105D7000C3185A425341134A5B009B5E8B4204D0C6
:105D80006B46DA1D1470002115E06B46DA1D0D23F9
:105D9000137000210029F3D183699B06FCD413788A
:105DA000036001310132F5E783699B06FCD4137867
:105DB0000360013101320029F6D002B010BDC046A7
:105DC0000080FCBF8825002082B000226B46D91DD0
:105DD00006E08369DB06FCD403680B7001320131F5
:105DE000002AF6D06B46D87902B0704770B506002D
:105DF0000D00002405E0315D034B1868FFF7B4FF88
:105E00000134AC42F7DB70BD8C250020F8B50600EC
:105E10000D00002705E07C1CF719FFF7D5FF38704F
:105E20002700AF4204DA0D4A10688269D206F2D523
:105E30000B4A1268002A0AD0084A1268502191635E
:105E4000506B18390140074B9C4662441160002F8B
:105E500001D03800F8BD033FFBE7C0468C25002089
:105E6000BC1E00203410000010B5064B1B68002B30
:105E700006D0054A126800219163044A10689847C9
:105E800010BDC046BC1E00208C250020C41E002072
:105E9000024B1A6893691B07FCD470478C250020BD
:105EA00070B51D4B1B681D4A934207D0142400286F
:105EB0001ED01B4B1B68002B02D070BD1524F6E7CB
:105EC000174B1860174B196017492000FCF77CFA34
:105ED00001212000FCF740FA0F4B1B6850229A6307
:105EE000596B183A0A4011498C4663441A60E4E73A
:105EF0000B4A1268002AE0D000259D630021200093
:105F0000FCF72AFA08492000FCF794FB044B1D60BB
:105F1000044B1D60D1E7C0468C2500200080034063
:105F2000BC1E0020C41E0020695E0010341000005A
:105F300070B50D001C000D4B1860002A0BDA002C08
:105F40000EDA0A4B18682900FDF7A6FB0848012164
:105F5000FFF792FE70BD02211000FCF763F8EEE738
:105F600002212000FCF75EF8EBE7C0468C250020FC
:105F7000100E002010B5074B1B78074B1B78074B02
:105F80001B78E1210123002249020548FFF7D0FFD9
:105F900010BDC04674A7001070A700106CA70010B9
:105FA0000040034070470000014B00221A70704708
:105FB000AF2500204B79FF2B0CD18B79002B0BD117
:105FC000CB79012B0AD1082A0AD98A78054B1A7095
:105FD000092000E0002070470020FCE70020FAE7DD
:105FE0000020F8E7AF2500200120704710B50129F7
:105FF00027D1117953791B020B43134909788B423E
:1060000001D000201EE05378012B03D0022B11D0C9
:10601000002017E09178D3781B021943DB0506D5E1
:10602000480A8A05D20F7F231940FDF781FA012023
:106030004042F6E7642200210020FDF721FA01200A
:1060400000E0012010BDC046AF2500200048704789
:1060500040A3001010B51400012910D15378012B72
:106060000FD1127963791B021343072B01D0002053
:1060700006E0054A9F33210001F058FB00E00120B3
:1060800010BD0020FCE7C04698A200100123037059
:106090000048704778A2001010B50A784B781B02B0
:1060A00013438A7812041A43CB781B0613439622B3
:1060B000D200934200D010BD0120002211004042C6
:1060C000FDF736FA024B1860024B19607047C04664
:1060D000C01E0020C81E002010B5FDF797F80E4A1C
:1060E000002312184B41002B12DB0C4802F044FF36
:1060F00000280CD001200021404201F0E3F90020EB
:1061000001F07CFC0028F5D1044802F0EDFE10BD42
:1061100001225242024BE8E740420F008025002056
:10612000FFFFFF7F10B5024B1878FCF71FF910BD79
:10613000B02500200268EFF3108172B61368002BBF
:10614000FCD0BFF35F8F41607047000070B5144B07
:106150001B68002B1AD0124C2000FFF7EBFF114BED
:1061600000221A7021686368BFF35F8F0A6083F3AF
:106170001088002400250C4B1878FCF7D3F8002871
:1061800008D1002400252000290070BDFA24A400B5
:106190000025F0E7044B1878FCF7E8F8F3E7C04671
:1061A00050230020B1250020B0250020F0B585B097
:1061B000060014001D000CAB1F78FDF727F8220025
:1061C0002B0012184B41002B09DB02970B99019110
:1061D0000A9900913000FCF73FFE05B0F0BD0122A6
:1061E0005242014BF1E7C046FFFFFF7FF0B5C646C4
:1061F00000B584B00500884616001F000AAB1C7865
:10620000FCF7C2FD0294019700962A004346FFF76F
:10621000CDFF04B080BCB846F0BD000010B582B020
:106220001F48002102F080FE002818D11D4B1B687A
:10623000002B12D01B4C2000FFF77CFF1A4A13786A
:10624000DBB20121117021686268BFF35F8F00200B
:10625000086082F31088002B17D002B010BD012017
:106260000021404201F02EF9002001F09FFB0400C4
:106270000B4802F039FE002CEFD00C4B1B68002BB2
:10628000EBD00B4A10689847E7E70A4A01330093BE
:106290000023FA2080000021FFF7A8FFDDE7C046B9
:1062A0008025002050230020B1250020C01E0020A2
:1062B000C81E00204D61001010B582B0D0231B060F
:1062C0001C68FCF761FDFCF741FEA04230D1274B72
:1062D0001B780021002002F053F8254B1B68002B8F
:1062E0002CD00120FCF7E4FA224C20702249FF2335
:1062F0001840FCF769F820780121FCF72DF80520FB
:10630000FCF754F8041E1DD00120FBF769FE0100C4
:106310001A4B1800FCF72CFB194900220520FCF74A
:106320007DF818480121FFF7A7FC200002B010BD3E
:10633000154B164A1648C121FFF78AFB0C48FCF79B
:10634000D5FACEE70D4808220021FEF777FA114A68
:10635000012300930023FA2080000021FFF746FF6D
:10636000C043C40F0028E0DADBE7C04678A700107E
:1063700080250020B02500201D6200105023002041
:1063800025610010280E0020B894001070A30010A2
:10639000DC9900104D61001010B5002001F0EAFA00
:1063A00010BD000070B505000C00FFF7F5FF0028D8
:1063B00034D0002001F0FAFA002832D0FCF726FF92
:1063C0001B4A002312184B41002B19DB194802F01D
:1063D000D3FD002828D0FFF7DFFF002804D00020DD
:1063E00001F0E4FA00280FD101200021404201F021
:1063F00069F8032464420F4802F076FD200070BD66
:10640000012252420C4BE1E722002900002001F05A
:10641000D9FA041EEFD103246442ECE7032464425A
:10642000ECE703246442E9E703246442E6E7C0465C
:1064300040420F0080250020FFFFFF7FF0B5C646D9
:1064400000B580460C00FCF7E1FE314A002312182B
:106450004B41002B07DB2F4802F08EFD002806D1B0
:1064600080BCB846F0BD012252422B4BF3E7FFF748
:1064700093FF002849D1294B002000211860596062
:10648000244802F031FDEBE701200021404201F0F9
:1064900019F8002001F0B2FAFFF77EFF0028EFD0D4
:1064A000002001F027FB002820D0A542E8DA661B77
:1064B000002001F01FFB0200864200DC3200002AAF
:1064C000E2D043465919002001F0F0FA06000120FD
:1064D0000021404200F0F6FF002001F08FFAAD19D4
:1064E000FCF794FE0D4B18605960DEE7FCF78EFE5A
:1064F0000A4B1E685F680A4A002392197B41994241
:10650000BED8D2D19042D0D9BAE70025CDE7C04657
:1065100040420F0080250020FFFFFF7F80110020F8
:1065200020A1070000487047ECA300100048704706
:1065300098A3001010B50400154B1B78002B0ED04B
:10654000002C11D1134B144A5A80012301335B00F4
:106550009BB21048C02292001343038010BD0C4828
:10656000112100F025F8EBE7052C0ED80B4BA40009
:10657000E4580023122BE9D8E15C0029E6D001336E
:10658000044A58008152DBB2F4E70020E6E7C04637
:1065900090250020FC1E00200904000080A30010AC
:1065A00010B5024800F030F810BDC046702300203E
:1065B00010B5002901D0002308E00F4B0F4A104806
:1065C0003531FFF745FA3732C25401334A1E9A4239
:1065D0000ED90F2B0CD85A080A4CA45C01229A43FE
:1065E000920014410F222240092AECDC3032EBE702
:1065F000C0180023037010BD6C9A001000A4001096
:10660000749A00107023002070B588B0040004ADA7
:106610000D2200212800FEF711F90D220021684605
:10662000FEF70CF94B232B700D226946280002F06F
:106630004BFC002304E05A1D69468A5CE254013396
:10664000072BF8DD08B070BD70B582B07F23034022
:10665000C509274C5E0076197601A419A07068421E
:10666000684160700020E0702183E276012D1ED029
:10667000D800204A944660441D4A590049194901EE
:10668000521890601A4A59004919490152189268E3
:1066900000211160002B10D1154A5B005B195B01D2
:1066A000D31800225A60144ADA6002B070BDD800D4
:1066B000124A94466044A060E4E7012D0BD0591EB5
:1066C000C9000F4A94466144094A5B005B195B01AB
:1066D000D2185160E9E7591EC9000A4A944661443C
:1066E000034A5B005B195B01D2185160DDE7C046CD
:1066F000301F002084001050000110508000105006
:106700000C0010500800105010B5038B3F333F228F
:106710009343C27E022A08D008490A68C260D3188F
:106720000B60074A934202D810BD5B00F4E7054BAB
:10673000054A06485221FFF78BF9C0463423002052
:10674000FF0F1050609C001088A40010A49C001043
:10675000F8B57F250540C6096B009B195B010E4CFF
:106760001C19FFF771FF002D00D1F8BD0A4B6D0019
:10677000AD196D015D19298B2000FFF7C5FFEB7E78
:106780009B06E968054A4A401343802212061343D8
:106790006A681360E9E7C046301F0020000010500F
:1067A00010B504007F202040E4094000001940019A
:1067B000024BC01800F026F910BDC046301F002063
:1067C00010B5002804D101210520FBF7C5FD10BD3F
:1067D000034B044A98210448FF31FFF739F9C046BA
:1067E000189D001078A40010A49C001010B500287B
:1067F00005D1002200218020FFF7D2FF10BD034BFE
:10680000034AA2210348FF31FFF722F9189D001027
:1068100068A40010A49C0010024B80225202DA648B
:106820007047C0460020115070B5041E27D100F0FB
:10683000C7F8164D0C23AB671549FF220520FBF75F
:10684000EDFD144840220021FDF7F8FF0022402111
:106850000020FFF77DFF002240218020FFF778FF16
:1068600002F09AFB01232B6480239B05EB649023A9
:10687000094AEA502000FFF7CFFF012070BD074B07
:10688000074A64210748FF31FFF7E2F80000115082
:10689000DD050020301F002010D00100189D0010E1
:1068A0009CA40010A49C0010044B1970002904D073
:1068B000034A902380218902D1507047AB250020E4
:1068C000002011500B785B0602D14B78052B00D0CD
:1068D00070478A78014B1A60FAE7C04600001150F1
:1068E00010B5CA789207920F012A0AD088780B79DE
:1068F0004979090219434905490DFFF729FF01208C
:1069000010BD0020FCE710B502F046FB10BD0000F2
:1069100010B50400080011001A00002C03D1FFF785
:106920003FFF012010BD034B034A8121034889002A
:10693000FFF78EF8189D001058A40010A49C0010BA
:1069400010B57F23180008400B4205D1CB09012B5D
:106950000ED00222074B9A66C90940004018400138
:10696000054BC01880221201002102F02DFB10BD42
:106970000122EFE700201150301F002010B57F22C8
:10698000100008400A4200D110BDC909400040185B
:106990004001044BC0180023C3700022024902F0DA
:1069A00013FBF1E7301F0020FFF7FFFF04E00A7838
:1069B0000270013101301A00531E002AF7D17047CE
:1069C00010B580235B040A4A13600A4A13600A4B1D
:1069D0001A6880235B049343F9D18022520100217D
:1069E0000648FDF72BFF064B09225A6710BDC0462B
:1069F00000E0004000F0004008C0004000001050DF
:106A00000000115070B504000D001600837E002BAD
:106A100017D1A6820023E3820133A37625612000EB
:106A200002F0CAFA002804D00C4A9023802189027F
:106A3000D150200002F080FA00280AD001232377E9
:106A400070BD81780648FFF783F9200002F0ACFAA8
:106A5000DFE7200002F098FAF2E7C046002011506C
:106A60000C9E001070B50500002408E09B1A5B0125
:106A7000164A9B18DB68280098470134E4B2144B8F
:106A80001A782300511CA1420DDBA242EED9114B12
:106A90001B6862019B18002BECD10F490F48104A6C
:106AA000FFF756F910E00F4C542200212000FDF7AB
:106AB000C5FE201D1022FF21FDF7C0FE200014306E
:106AC0002022FF21FDF7BAFE70BDC04618A60010B7
:106AD000AA2500201C180020E4A50010449E0010E8
:106AE00025020000CC1900200268EFF3108172B675
:106AF0001368002BFCD0BFF35F8F4160704710B567
:106B0000FFF7B0FF00F05EFE10BD70B505000C0091
:106B10001600486900F060FE636932000121280018
:106B2000984770BDF0B5DE4657464E464546E0B53F
:106B300083B082460139C8B2FFF7F8FC002803D0C1
:106B400043789946022B0CD056495748574AFFF7CD
:106B5000FFF8002003B0F0BCBB46B246A946A046F1
:106B6000F0BDC5796C110122514B144024011978F4
:106B70001026B14321431970AD112A405201C9B208
:106B80002024A1430A431A70060009368278C3788C
:106B90001B02134383469B444B460193370066E038
:106BA000FB7899463A78BF1868E03E493E48414A2A
:106BB000FFF7CEF80020CDE7009AD31A5B013E4ED6
:106BC0009E1933692200390050469847082801D998
:106BD000844216D20135EDB2384B1B7800955A1C11
:106BE000AA423EDBAB42E7D9354B1B686E019E19CA
:106BF000002EE6D12B492C48324AFFF7A9F8002095
:106C0000A8E73400009E00904B46012B11D00020D5
:106C1000494681421BD9BB781B18DBB2244AD218E3
:106C20001279FF2A0CD1224AD3181D710130C0B24B
:106C3000EFE72169244A9142E9D1019B9946E6E7B1
:106C400018491948214AFFF783F8002082E72048B5
:106C50002B00009C2200390001F068FCA446674428
:106C600000E02E00154B1B7801339E420FDC5F4580
:106C700015D27B780B2B93D0012399467A78042A7E
:106C800093D15B46DA1B93B200251C00A4E7852252
:106C900004490548D200FFF75BF800205AE70120BD
:106CA00058E7C046B8A50010449E0010D603000067
:106CB000CC190020F103000018A60010AA2500201E
:106CC0001C180020FA030000717C00101904000059
:106CD000E01900207047704700207047002070477F
:106CE00070B505000C00CB7888780F2B53D89A002C
:106CF0002E498A589746FFF715FC021E05D012232D
:106D00002100280000F012FD46E0294929482A4ABE
:106D1000FFF71EF800203FE0FFF798F9021E3CD075
:106D20008178C3781B020B432100280000F0FEFC91
:106D300032E0022B0CD0FFF7D1FF021E2FD091784A
:106D4000D3781B020B432100280000F0EFFC23E066
:106D5000FFF7ECFB021EF2D115491648174AFEF761
:106D6000F7FF002018E02379617909021943FFF742
:106D7000E1FB021E15D003782100280000F0D6FCAC
:106D80000AE0FFF7A9FF021E0DD0037821002800BA
:106D900000F0CCFC00E0002070BD0020FCE70020EB
:106DA000FAE70020F8E70020F6E7C046B8A4001094
:106DB000A0A50010449E00103A04000061040000E9
:106DC0007047704770477047024B5878431E984190
:106DD000C0B27047CC190020024B18784007C00F92
:106DE0007047C046CC190020034B1878FF38431E6B
:106DF0009841C0B27047C0465C0E0020F8B505004F
:106E00000F00FFF7F1FF061E48D1002F21D02E48BA
:106E100054220021FDF712FD2C4B00221A702C4C3D
:106E20002000FBF763FD2B4B1C602B4C2000FBF775
:106E3000A9FD143C200001F013FF284B1C60284BD7
:106E4000002B04D02748FFF721F9274B18600024B6
:106E500010E0E922254926485200FEF779FF1DE09F
:106E60009B1A5B01234A9B185B68002B10D0984744
:106E70000134E4B21B4B1A782300511CA1420FDBF2
:106E8000A242EDD9184B1B6862019B18002BEBD175
:106E9000F822164916485200FEF75AFF3000F8BD96
:106EA000154B1D7039002800FFF7BEFC061E03D0ED
:106EB0002800FFF785FCF1E7FC220C490C48520042
:106EC000FEF746FFEAE7C046CC190020AC250020BB
:106ED000C4190020201A0020540E0020241A00207B
:106EE0008D600010AA2500201C18002008A60010A4
:106EF000449E001018A600105C0E002070B50D0016
:106F0000104B1E788B7870221A420DD10E4B997857
:106F1000280001F0B5FA041E0DD029003000FFF75B
:106F2000DFFC0400200070BD08490948094AFEF74B
:106F30000FFF0024F6E705490548074AFEF708FF5A
:106F4000F0E7C0465C0E0020CC19002070A50010B0
:106F5000449E00100B0500000C050000F0B5D6465D
:106F60004F464646C0B581460C0017009846089B20
:106F70009A46002517E018491848194AFEF7E8FE16
:106F800000263000E0BCBA46B146A846F0BD9D22BE
:106F900011491248D200FEF7DBFEF2E7099A13709E
:106FA0002378E4180135AF4214DD6378052BE2D174
:106FB000E1788907890F4145DDD121004846FFF777
:106FC0009DFF061EE3D0A378DA09012AE6D05246D7
:106FD0001370E5E70126D4E780A50010449E001059
:106FE000E704000010B57F200840C90940004018A0
:106FF0003030044BC0180430034B196801F0FCF921
:1070000010BDC046CC190020201A002010B57F20EA
:107010000840C909400040183030044BC018043003
:10702000034B196801F010FA10BDC046CC190020BE
:10703000201A0020F0B5C64600B582B001931A4868
:1070400000787F250D40CE09184C6F00E419A41973
:1070500030342479E4071DD4144C6F00E419A419CA
:10706000303423790127BC4667463B432371019B9B
:10707000FFF74EFC002813D10C4B6D005B199B19D8
:1070800030331A7901218A431A711A7903318A43FC
:107090001A7105E006490748074AFEF759FE002025
:1070A00002B080BCB846F0BD5C0E0020CC190020B8
:1070B00060A50010449E00103905000070B50A4B11
:1070C00018787F240C40CD09FFF73AFC074A64008A
:1070D00013195B1930331A7902210A431A711A798C
:1070E00001210A431A7170BD5C0E0020CC190020EA
:1070F00070B50A4B18787F240C40CD09FFF73EFC91
:10710000074A640013195B1930331A7902218A4344
:107110001A711A7901398A431A7170BD5C0E002008
:10712000CC1900207F220A40C909044B52009B1849
:107130005B18303318798007C00F7047CC190020D6
:10714000F0B585B005000C00002000F045FB237869
:1071500060221A40602A1AD0402A20D02378DB0609
:10716000DB0E012B00D1D6E0022B00D116E1002B63
:1071700000D07CE1202A1CD0002A00D07FE1637877
:10718000092B00D97DE19B00C54AD3589F46553253
:10719000C449C5489200FEF7DBFD002668E1C348FC
:1071A00000F01AFB220001212800FEF753FF060021
:1071B0005EE123790F2B00D95DE1BD4AD3181B791D
:1071C000BC4A1278934207D2BB4A11685B01C918C6
:1071D000002909D100264BE1511C994200DA4CE10B
:1071E0009B1A5B01B549591822002800FFF78DFC56
:1071F00006003DE1200000F0F5FAA1782800FFF735
:10720000F5FAAB4A137802210B43137001262FE1E4
:10721000A74B5B7802AA06321370012321002800D5
:1072200000F084FA012623E1A678A14B5B78B342F3
:107230002CD09F4B5B78002B0CD19D4B5E70002EA9
:1072400022D031002800FFF76DFC061E12D0FFF798
:10725000B7FD1BE000212800FFF726FB2800FFF701
:1072600052FB934FBB7801932800FFF7FBFB019B78
:10727000BB70E2E7C9228B498B489200FEF768FD9C
:107280008B4B00225A70F3E0FFF79BFD2100280092
:1072900000F038FA0126EBE021002800FFF720FD7E
:1072A0000600E5E0A278E3781B021343012B01D02E
:1072B0000026DDE07E4A137808210B43137021007D
:1072C000280000F01FFA0126D2E0A278E3781B0222
:1072D0001343012B01D00026CAE0754A1378082118
:1072E0008B4313702100280000F00CFA0126BFE048
:1072F0006F4B1A78510992080223134001220A4069
:10730000134302AA0632138002232100280000F052
:107310000DFA0126ACE023790F2B00D9B3E0644AC3
:10732000D3181B79634A1278934223D2624A1168B8
:107330005B01C918002900D1A7E022002800FFF74F
:10734000E4FB061E00D093E0237860221A4200D0AE
:107350008EE063780A3B012B00D989E0002000F021
:107360003BFA63780A2B0ED02100280000F0CAF9FE
:1073700001267DE0511C994200DA88E09B1A5B01EE
:107380004E495918D9E702AB9A1D002313700133F7
:107390002100280000F0CAF9013669E021797F2038
:1073A0000840CE0970230B4217D1414B40001B18F7
:1073B0009B191B7D3F480078834215D23E480668E2
:1073C0005B01F618002A19D0002E62D0220031008D
:1073D0002800FFF79AFB06004AE032493248384A53
:1073E000FEF7B6FC002643E0461C9E4204DB1B1A57
:1073F0005B01324E9E19E5E70026E3E76378012B37
:1074000010D0032B0ED0002B45D12800FFF78AFEA9
:1074100002AB9A1D108002232100280000F086F99B
:10742000012625E0A078E2781202024304D1012B64
:1074300019D02800FFF742FE002E2ED02200310086
:107440002800FFF762FB002000F0C6F9184B352238
:107450009B5CDB07DE0F002B0AD12100280000F027
:1074600051F9012604E02800FFF742FEE4E7002678
:10747000300005B0F0BD0026FAE70026F8E7002648
:10748000F6E70026F4E70026F2E70026F0E70026FC
:10749000EEE70026ECE70026EAE70126E8E7C0462B
:1074A00014A50010CCA50010449E001055600010DB
:1074B000CC190020AA2500201C18002018A60010B6
:1074C0009503000030B585B0FFF78EFC002808D189
:1074D00005B030BD01AC2078FFF711FB2279604B7D
:1074E0009A70604B1C6820001430FFF7FDFA01A968
:1074F000200001F058FB6269A369BFF35F8F002190
:10750000116083F310880028E2D001AB5B78082B70
:10751000E7D89B00544AD3589F4601AB1878FFF731
:10752000EEFAFFF74EFCDCE7504B1B78002B2DD01A
:107530004E4A1378013BDBB213701378002BD0D185
:10754000474B1A78012401210A431A703422995CAE
:10755000A1439954995C0420814399540132995C68
:10756000A1439954995C8143995401AB187802A9BD
:10757000FFF7E6FD0028B4D101AC20780021FFF729
:10758000DFF920788021FFF7DBF9AAE7384939488D
:10759000394AFEF7DDFB9BE701AB19797F220A40F0
:1075A000CC092F4B50001B181B19303318790125BB
:1075B000A843187118790335A8431871002A15D00B
:1075C000274B52009B181B191B7D2C4A12789342A3
:1075D00013D22B4A12685B01D318002B15D09C697B
:1075E00001A84279039B0078A0477AE701A8427975
:1075F000039B007800F004F973E7501C984204DB09
:107600009B1A5B011F4A9B18E9E7A42218491948F5
:107610009200FEF79DFB5BE7114B1B78DB0700D464
:107620005FE70F4B18780007C00FFFF7CBFB58E759
:107630000B4B1B78DB0700D453E7FFF7C4FB50E785
:10764000029B002B00D14CE70398984749E7044B75
:10765000DB78DB0700D444E70298FFF73CFB40E708
:10766000CC190020241A00203CA50010AC250020D5
:10767000F8A50010449E001065020000AA25002015
:107680001C18002018A6001010B50023CB56002BA4
:1076900005DB802100230022FFF7CCFC10BD002178
:1076A000F8E70000F8B50500144B9F89DE89BB1B85
:1076B0009BB21C1C402B00D94024A4B20F4B1B785A
:1076C0005BB2002B08DB0021B74213D00C4A230029
:1076D0002800FFF7AFFCF8BDB74209D0074B996807
:1076E000402C09D806482200FDF7AEF88021EBE7D0
:1076F0008021E9E70022EAE70020ECE7AC1900204E
:107700006C19002070B506000D00074C08222000FF
:10771000FDF79AF80023A360E381A38129003000DC
:10772000FFF7B2FF70BDC046AC190020F0B5C646E9
:1077300000B580460C0016001D001F4B08221F00DC
:107740001800FDF781F8BE600023FB81A379E17981
:10775000090219430B1CA94200D92B1C99B2164AE5
:107760009381A279E3791B02134319D0002901D038
:10777000002E08D04046FFF795FF041E0AD02000D7
:1077800080BCB846F0BD0D490D487222FEF7E0FA04
:107790000024F4E709490A487422FEF7D9FAEEE713
:1077A00021004046FFF770FF041EE8D1034904485A
:1077B0007622FEF7CDFAE2E7AC19002070A60010A1
:1077C000449E001010B5034814220021FDF736F83E
:1077D00010BDC046AC190020014B18617047C0466F
:1077E000AC19002010B50100044C08222000FDF760
:1077F0002BF80023A360E381A38110BDAC19002006
:1078000070B505001C00C909314B1B78DB098B42A0
:1078100016D0002C07D02F492F489D22FEF798FA4A
:107820000024200070BD2A4C2100FFF74BF823698B
:10783000002B03D0264A0321280098470124F0E7B3
:10784000234B1B785BB2002B07DB214B9868002889
:107850003CD022492200FCF7F7FF1D4AD389A1B290
:107860005B189BB2D381916809199160D2889342C9
:1078700001D03F2C1FD8164B1B69002B05D0144A92
:1078800002212800984700280BD011492800FFF753
:10789000FBFE041EC5D10F490F48C522FEF758FA5A
:1078A000BFE700212800FFF74BF880212800FFF7F1
:1078B00047F80124B5E72800FFF7F4FE041EB0D115
:1078C00004490548CD22FEF743FAAAE70024A8E7B9
:1078D000AC19002058A60010449E00106C1900201E
:1078E00070B50500FFF770FA002802D100242000CF
:1078F00070BDFFF771FA041EF8D11C4BC8226A4311
:107900009B18DB78002BF1D0C8266E431036174B3E
:10791000F618300001F030F93F28E8D9134BC8229F
:107920006A439B18D9780020FFF75CFB002801D13F
:107930000400DCE7300001F01FF93F280DD9EA010F
:107940000B4BD218094BC82169435B18D9784023E7
:107950000020FFF76FFB0400C9E7044BC8226A430D
:107960009B18D9780020FFF751FBC0E7A41800202E
:107970002018002010B50400FFF726FA002801D1D6
:10798000002010BDFFF728FA002808D1064BC822B6
:1079900062439B181B79DB0703D50130F1E7002018
:1079A000EFE70020EDE7C046A418002010B5C8237B
:1079B000434310330248181801F0ACF810BDC0461C
:1079C000A418002070B50400C820604303001033E1
:1079D00007481818074B9A4208D892B201F004F9E8
:1079E00005002000FFF77CFF280070BD024AF5E784
:1079F000A4180020FEFF0000FFFF000070B5050086
:107A0000FFF7E2F9002801D1002070BDFFF7E4F98B
:107A10000028F9D1C8246C432034204BE4180434E6
:107A2000200001F077F8002801D10020EDE71B4B82
:107A3000C8226A439B1899780020FFF7D3FA0028E0
:107A400001D10020E1E7EE014036154BF618402247
:107A50003100200001F0C8F8041E14D00F4BC822DA
:107A60006A439B189978030032000020FFF7E2FA7E
:107A7000002801D02000C8E70A490B48D522FEF7AC
:107A800067F90020C1E7054BC8226A439B18997823
:107A90000020FFF7BBFA0020B7E7C046A41800207B
:107AA00020180020A0A60010449E001070B505000C
:107AB000C824444320340C4BE41804340B4B9A4242
:107AC0000BD892B2200001F0C6F80600200001F0A9
:107AD00021F83F2803D8300070BD054AF2E728009E
:107AE000FFF78CFFF7E7C046A4180020FEFF000058
:107AF000FFFF000010B5C82358432030024BC018C8
:107B0000043001F039F810BDA4180020F0B5CE46BD
:107B1000474680B583B02648C8220021FCF78EFE78
:107B2000244B00221A700027002F04D003B0C0BCE1
:107B3000B946B046F0BD1E4EC8247C433519FF231C
:107B40006B71E1235B02AB60002398462B736B7370
:107B50000833AB73210038318919200010308019A7
:107B6000434600930133402200F096FF2100783114
:107B7000891920002030801904300123009340220D
:107B800000F08AFF2300B8339946B1444846FAF71B
:107B9000ADFEC034A4192000FAF7A8FE4346EB61FD
:107BA0004B462B622C6343466B630137FFB2BBE746
:107BB000A4180020A018002010B50023002B01D02D
:107BC000012010BD19000D4AC82058431218106A30
:107BD000146B002806D0094AC82058431218002008
:107BE000D0611062002C06D0044AC82041435218CC
:107BF0000021116351630133DBB2DFE7A4180020D9
:107C000070B50024002C00D070BD2500C820604352
:107C1000154BC01805220021FCF710FE134B1B78F2
:107C2000DB070FD5114B1B789B0713D5C820684382
:107C300020300D4BC0180430012101F030F8013420
:107C4000E4B2DFE7C82060431030074BC01801F0F2
:107C500007F8E7E7C82068432030034BC01804301A
:107C600000F0FEFFE2E7C046A4180020A0180020A4
:107C7000F0B585B003904B79022B63D18B79022B41
:107C800064D10027002F07D0002F0FD18B783370DD
:107C90000C780C19092515E0C8237B432C4E9E193E
:107CA000B378002BF0D00137FFB2EBE7422229492D
:107CB0002948FF32FEF74CF8002544E023785D198F
:107CC000ADB2E4186378242B01D19542F6D9052B87
:107CD00009D06378042B02D163790A2B18D03800BD
:107CE000FFF7FEFD2FE021000398FFF707F90028BA
:107CF00006D0A378737023785D19ADB2E418E8E775
:107D0000542214491448FF32FEF722F800251AE0E5
:107D100021784D19ADB26118B31C0193F31C009387
:107D2000022302220398FFF719F9002802D00E352A
:107D3000ADB2D4E7B122074907485200FEF708F870
:107D4000002500E00025280005B0F0BD0025FAE779
:107D5000A418002094A60010449E0010F8B514004A
:107D6000127860231340202B00D082E00025002DE4
:107D70000ED0002D00D07EE06378222B42D017D8A1
:107D8000202B1FD0212B11D1012933D0012071E0EC
:107D9000C8236B433C4A9E18D25C277963791B0247
:107DA0003B439A42E5D00135EDB2E0E7002061E0C7
:107DB000232B05D101294BD003294ED0012059E0B6
:107DC000002057E0012903D0032909D0012051E008
:107DD0003200083207232100FFF7A8FC012049E008
:107DE0002A4B002B49D0310008312800FEF754F906
:107DF00001203FE03200083207232100FFF796FC04
:107E0000012037E0012903D0032906D0012031E009
:107E10002100FFF777FC01202CE0A278E3781B0219
:107E20001343012427001F405A08144033710121D5
:107E30007940C9B23000243000F031FF144B002BE0
:107E40001DD022003900280000E000BF012011E011
:107E50002100FFF757FC01200CE00E4B002B10D047
:107E6000A378E17809021943280000E000BF01204F
:107E700000E00020F8BD0020FCE70120FAE7012027
:107E8000F8E70120F6E7C046A4180020996000102A
:107E90000000000000000000F0B5D646474680B55F
:107EA00083B001900F0000930024002C0FD0002C11
:107EB0001AD1A046EB78BB421ED0AB78BB4254D05F
:107EC0000124200003B0C0BCBA46B046F0BDC825AE
:107ED00065433C4BED18EB78BB42E8D0AB78BB4236
:107EE000E5D00134E4B2E0E7E622374937485200F2
:107EF000FDF72EFF0024E4E710239A46AA44E1018F
:107F0000334BC9186B461A88504600F0A4FE314B1B
:107F1000002B1AD06B79FF2B17D0002600E001361A
:107F2000009B9E4211D26A79294B4146C9015B18D8
:107F30009B5D9A42F3D1504600F002FE0028EED13C
:107F40006979200000E000BFE9E7234B002B04D053
:107F5000504600F0F5FD002803D02000FFF7C0FCDC
:107F6000ABE7200000E000BFF7E71C4B002B02D07E
:107F7000200000E000BF2000FFF740FD002801D0F6
:107F800001249EE72800243000F0C4FD002815D10C
:107F9000009B002B14D09E0601D0012491E7A97804
:107FA0000198FFF71FF8041E01D1012489E7A97881
:107FB000002300220198FFF73DF882E7012480E7C3
:107FC00001247EE7A418002084A60010449E00101F
:107FD0002018002000000000000000000000000049
:107FE000002817D10C4B9322920042439B182A334E
:107FF000FF331B78002B09D1074B93229200424399
:108000009B185B79002B03D0013004E0012002E0D3
:10801000002000E000207047681B002010B50028F9
:1080200001D0002010BD932189004143024BC918A3
:10803000043100F001FBF5E7681B0020F0B5D646DF
:108040004F464646C0B584B0214893229200002195
:10805000FCF7F4FB0025002D05D004B0E0BCBA46C7
:10806000B146A846F0BD9324A4006C4323004933D5
:10807000FF33174A91464B440433EE01154A9246AA
:10808000B21820002930FF3048444021884603912F
:10809000029280277F000197009300230022002195
:1080A00000F057FA230020334B440833403656443F
:1080B0002000484404304246039202960197009300
:1080C00000233F3A002100F044FA0135EDB2C2E747
:1080D000681B0020E81A002070B50025002D01D093
:1080E000012070BD9324A4006C4320002930FF3090
:1080F000054E801900F05EFAA019043000F05AFA1B
:108100000135EDB2EAE7C046681B0020F0B5C6466F
:1081100000B50025002D02D080BCB846F0BD9324E8
:10812000A4006C430C4B9846E618002737702000DB
:108130003130FF30404400F093FD083420004044CB
:10814000043000F08DFD33002A33FF331F70777148
:108150000135EDB2DEE7C046681B0020F0B5C6462B
:1081600000B582B001900F004B79FF2B00D08CE05E
:108170000C780C19A5180026002E01D0002085E0EF
:108180003000FFF72DFF002802D00136F6B2F3E7EA
:1081900093239B0073433F4A98469044BB784246E2
:1081A000137033E0AC426DD221000198FEF7A6FEB9
:1081B000002836D00136F6B2A378DB09012B37D080
:1081C00040463130FF3000F04BFDA1789422520040
:1081D00043469B185970217963791B020B435B0559
:1081E0005B0D2D498C46634459424B415B0041462F
:1081F000895C022081430B4341468B5489180198C6
:1082000000F05CFA002836D02378E4183B79B342BA
:1082100038D96378052BC5D0AC42C3D22378E41893
:10822000F7E71E491E48E022FDF792FD00202DE0F1
:1082300040460C3000F014FDA37842465371227979
:1082400063791B0213435B055B0D134A9446634439
:108250005A4253415B004246127902218A4313433A
:10826000424613710B4BD31A9B100E485843C0B2B1
:10827000FFF7D4FEC8E709490948E822FDF768FD81
:10828000002003E0E01B80B200E0002002B080BCD0
:10829000B846F0BD681B002000FEFFFFB8A6001026
:1082A000449E00109B1DB508F0B583B006001D006C
:1082B0000024002C0CD0002C57D101942A23FF332A
:1082C000FB5C8B4215D07B798B4236D001204DE090
:1082D00093239B006343264FDF193B002A33FF3370
:1082E0001B788B42E7D07B798B42E4D00134E4B237
:1082F000DFE73B003133FF339B88002B12D11D4B4E
:10830000002B07D0019BD9011B4BC918AAB2200032
:1083100000E000BF39002931FF31300000F0CEF914
:10832000012023E03B002933FF335968AAB238000B
:108330003130FF3000F08FFCE1E7104B002B04D010
:108340002904090C200000E000BF3C1D2100300082
:1083500000F072F9002801D0012007E02A00210076
:10836000300000F029F9012000E0002003B0F0BD4A
:10837000681B002000000000E81A00200000000038
:1083800010B582B000290AD001281CD80B78002B28
:1083900019D0164A1354012B1ED0012419E001A94B
:1083A00001230B7000234B700020FEF727FD041EF5
:1083B00003D00E4B01221A700BE00D490D484722E5
:1083C000FDF7C6FC05E00A490A485A22FDF7C0FC41
:1083D0000024200002B010BDFEF710FD041EF8D1ED
:1083E000034904485F22FDF7B3FCF2E7C0190020FF
:1083F00038A70010449E001070B504000D000378EB
:10840000DB07D80F002B1DD123785B07DE0F002B75
:1084100019DB01214942280000F09EFD2378DB078B
:10842000DA0F002B07D123785B0709D423780422C5
:10843000134323700126280000F056FD300002E0AF
:108440001600F8E7002070BD70B506000C00012191
:108450004942200000F080FD33785B07DD0F002BE0
:1084600004DB200000F040FD280070BD3378DB07FE
:1084700004D43378042293433370F2E70025F0E705
:1084800010B5027943791B0213435B055B0DC2787B
:108490009207920F022A14D0032A2DD0012A3CD130
:1084A000022904D01E4A9A4204D3012036E08022D9
:1084B000D200F8E71B491C48D122FDF749FC0020F7
:1084C0002CE0022903D0402B0FD8012026E0802287
:1084D0009200934201D1012020E012491248293A2A
:1084E000FF3AFDF735FC002018E00E490E48DB226C
:1084F000FDF72EFC002011E0022904D040229A4210
:1085000004D301200AE08022D200F8E7054906489A
:10851000E122FDF71DFC002000E0002010BDC04658
:10852000FF03000024A70010449E001030B58A18F5
:1085300001E00C78091991420AD24C78052CF8D147
:108540008D787A342C4064000419ED096355F0E706
:1085500030BDF0B585B0040003920AAA40CA17885E
:108560000DAA158801220A40017801208143114398
:10857000217020000830009301233A00310000F000
:108580008BFA002E01D0002F05D10C9B6360658013
:10859000012005B0F0BD26001C363000FAF7A6F920
:1085A000039B002B04D0330000266361A661ECE737
:1085B0000023FAE701207047F8B506000C0015000B
:1085C0000B789B0711D58027BF002000083000F0F2
:1085D000A1FA002825D1002D25D0013F3D4224D10C
:1085E0002378DB0703D500201CE04027EDE7617806
:1085F0003000FEF7F7FC0028F5D02378DB0707D51D
:10860000B5220B490B485200FDF7A2FB002009E000
:108610006178002300223000FEF70CFD002801D114
:10862000EEE70020F8BD0020FCE70020FAE7C04696
:1086300000A70010449E001070B505000C000E004D
:108640000836300000F066FA002830D02378DB07C7
:1086500001D5002070BD61782800FEF7C3FC00281A
:10866000F7D061686288300000F0BEFA061E14D0B0
:108670002378DB0707D5BC220E490F485200FDF7CF
:1086800067FB0020E6E76268617803002800FEF7D8
:10869000D1FC0028EFD03000DCE72378DB0701D5E0
:1086A0000020D7E761782800FEF7B0FCF8E700204B
:1086B000D0E7C046E4A60010449E0010F8B50500BF
:1086C0000C008B89002B22D10B78DB0701D5002011
:1086D000F8BD4978FEF786FC0028F8D06388227838
:1086E000D20707D5D922304930485200FDF730FB78
:1086F0000020EDE76178002B07D062682800FEF7C4
:1087000099FC0028EED06088E2E70022F6E70B78BB
:108710009B070DD58026B60027000837380000F0EB
:108720002BFA86423DD82378DB0703D50020CFE71C
:108730004026F1E761782800FEF754FC0028F5D0C8
:10874000380000F019FA864221D87642B6B2628823
:108750003040031C904200D9131C9EB22378DB07E3
:1087600007D5C82210491148FF32FDF7F1FA002061
:10877000AEE76178002E08D0626833002800FEF76B
:1087800059FC0028EDD03000A2E70022F5E723785D
:10879000DB0701D500209BE761782800FEF736FC57
:1087A000F8E7002094E7C046C8A60010449E0010D9
:1087B00003008A1890B2814202D85A00904203DB2B
:1087C0005B009BB2C01A80B2704770B5050008000C
:1087D000AC889A420BD3D11A89B200291ED08C42A0
:1087E00010D2944209D8121B93B26B810AE0D11ABD
:1087F00089B26600891989B2EFE7A21893B2F4E74B
:108800001B1B9BB29C42FBD92968EA885204520C7C
:108810005343C918FCF718F8012070BD0020FCE78D
:10882000F8B5CE46474680B505008C4608A90978BC
:108830008488E01A80B21C1B1419A4B2EF887F044C
:108840007E0C07007743BFB27443A4B2A1462C68E4
:10885000A04673434344002906D1904208D3724393
:1088600019006046FBF7F0FFC0BCB946B046F8BD42
:108870003A00190064462000FBF7E6FF2968E0197A
:108880004A46FBF7E1FFEFE7F0B5C64600B582B018
:108890001E0008AB1B8809AC277884889E420FD342
:1088A000F51AADB2002D1FD0AC4205D2B44210D89B
:1088B000331B9BB24381250095420FD315000DE079
:1088C000F51AADB2A8466500AC4645466544ADB262
:1088D000E8E7A619B3B2EDE71B1B9BB29C42FBD99C
:1088E00000972A00FFF79CFF280002B080BCB84622
:1088F000F0BDF0B583B004000D0016001F00006944
:10890000002803D00121494200F026FB23899BB2B5
:10891000628901970092320029002000FFF7B4FF1E
:108920000500618989B2A0882A00FFF741FF6081B4
:108930002069002801D000F0D7FA280003B0F0BD6C
:10894000F8B5CE46474680B505008C4608A908789C
:10895000AC88E11A89B21C1B1419A4B2EF887F04F9
:108960007E0C0F007743BFB27443A4B2A1462C68BB
:10897000A04673434344002806D1914208D3724372
:1089800061461800FBF760FFC0BCB946B046F8BDB1
:108990003A00644621001800FBF756FF2868E119E9
:1089A0004A46FBF751FFEFE7F0B585B006000391AB
:1089B000171E029300D16DE0C068002803D001218A
:1089C000494200F0C9FA3489A4B2718989B2F379B5
:1089D000DB0918D1B3888C420FD3611A89B28B425C
:1089E00056D95B1A9BB23A1C9F4200D91A1C95B209
:1089F000002D45D0B288230033E0611A89B25A00B5
:108A0000891889B2EBE7B588BD420ED8029B002BCE
:108A100021D17B1BF7887F047F0C5F43039B9C461F
:108A2000BC44634603930C00E2E78C420DD3631A07
:108A30009BB2DB196A0093420FDBEA1B92B228005B
:108A4000FFF7B6FE04003D00D2E7631A9BB26A004E
:108A50009B189BB2EDE70C00CAE73D00C8E79B1AE4
:108A60009BB29A42FBD9029A00922A0003993000E5
:108A7000FFF766FFB0882A002100FFF799FE3081DA
:108A8000F068002801D000F02FFA280005B0F0BDF2
:108A90000025F5E71500F8E7F0B583B00400019173
:108AA00016001D0008AB1F7880231B029A422DD8A8
:108AB000C068002803D00121494200F04DFA206926
:108AC000002803D00121494200F046FA019B2360AF
:108AD000A6806D046B0CE588ED0BED031D43E5806E
:108AE000FB01E2797F2717401F43E7710023638171
:108AF0002381E068002801D000F0F6F92069002801
:108B000006D000F0F1F9012003B0F0BD0020FBE732
:108B10000120F9E710B5828801898BB2408984B2BF
:108B2000884207D81B1B9BB2101C9A4200D9181C04
:108B300080B210BD1B1B9BB251005B189BB2F3E7C8
:108B400003894089181A43425841C0B2704710B592
:108B50008488028993B2418988B2914206D81B1A4F
:108B60009BB20020A3424041C0B210BD1B1A9BB271
:108B700062009B189BB2F4E710B5828801898BB222
:108B8000408984B2884206D81B1B9BB29A4208D9FE
:108B9000D01A80B210BD1B1B9BB251005B189BB258
:108BA000F4E70020F6E770B504000D000069002826
:108BB00003D00121494200F0CFF9228992B26389A2
:108BC0009BB229002000FFF700FE0500618989B2F1
:108BD000A0882A00FFF7ECFD60812069002801D001
:108BE00000F082F9280070BD10B50023FFF781FE68
:108BF00010BDF8B504000E00C068002803D00121A4
:108C0000494200F0A9F92589ADB22000FFF79FFF86
:108C1000002802D0E779FF0916D0A2882B0001E0D6
:108C20009B1A9BB29A42FBD92068E2885204520CEC
:108C30005343C0183100FBF707FEA088012229002A
:108C4000FFF7B6FD20810127E068002801D000F081
:108C50004BF93800F8BD10B50023FFF7A5FE10BD95
:108C600010B50400C068002803D00121494200F07B
:108C700073F92069002803D00121494200F06CF902
:108C8000002363812381E068002801D000F02CF9E3
:108C90002069002801D000F027F9012010BD70B52F
:108CA00004000D00C068002803D00121494200F0F3
:108CB00053F92069002803D00121494200F04CF902
:108CC000ED01E3797F2119402943E171E068002833
:108CD00001D000F009F92069002801D000F004F962
:108CE000012070BD074B98420AD0112301229A40FF
:108CF000054B1A60054B1B6811009943FAD1704768
:108D00001023F3E700C0034000F0004008C000401B
:108D1000F8B5DE4657464E464546E0B581460E005C
:108D20000620F9F799F880464B465A6802231A4004
:108D3000934604224A449246214A4A44136002243C
:108D400000E00234FE2C1AD8002520023200002355
:108D50000021FBF759FC002903D1A942F1D140457C
:108D6000EFD980277F00012F0CD97D1E2100694398
:108D70004046FAF7D3FDB04204D82F00F3E780272E
:108D80007F00F0E74B461C617A1E12021B685A40B6
:108D9000FF231B021A4080235B014B441A6080238F
:108DA0009B0153445A461A60390061434046FAF722
:108DB000B5FDF0BCBB46B246A946A046F8BDC046CC
:108DC0000430000070B504000D00154B984224D00B
:108DD000112201239340134A13602000FFF782FF02
:108DE00029002000FFF794FF626802231A400E4911
:108DF00061180B60256807214D40C8312940802546
:108E00006D0165192960094961180A60084A94468C
:108E10006444032222600B6070BD1022D9E7C04673
:108E200000C0034000E000400430000004200000C7
:108E300024200000094B10B51C68094A98342068AA
:108E40006168084BFBF7E0FB0122002380185941C1
:108E5000206061604800400810BDC046600E0020E0
:108E60002D7F954C2DF4515810B583070AD003007F
:108E7000032102E001330B4205D01A78002AF9D110
:108E8000181A10BD030019680C4A0D4C8A188A4341
:108E900022420FD15968094A04338A188A43224270
:108EA00008D15968054A04338A188A432242F1D00E
:108EB00000E001331A78002AFBD1E1E7FFFEFEFE55
:108EC00080808080F8B5C04601B40248844601BC69
:108ED000604700BF2904002001B40248844601BC59
:108EE000604700BF730C002001B40248844601BCF7
:108EF000604700BF0902002001B40248844601BC5B
:108F0000604700BFB10C002001B40248844601BC98
:108F1000604700BF7103002001B40248844601BCD1
:108F2000604700BFB10C002001B40248844601BC78
:108F3000604700BFC100002001B40248844601BC64
:108F4000604700BF7908002001B40248844601BC94
:108F5000604700BFB902002001B40248844601BC4A
:108F6000604700BFCD01002001B40248844601BC27
:108F7000604700BF390C002001B40248844601BCA0
:108F8000604700BF9901002001B40248844601BC3B
:108F9000604700BFA109002001B40248844601BC1B
:108FA000604700BF0105002001B40248844601BCAF
:108FB000604700BF4909002001B40248844601BC53
:108FC000604700BF4D08002001B40248844601BC40
:108FD000604700BF550900204A756D70696E6720B3
:108FE000746F204170706C69636174696F6E206189
:108FF0007420307825580D0A000000004572617316
:10900000696E6720466C6173680D00005A0D0000A0
:10901000533A20307825780D0A000000433A204169
:109020006464723A203078255820466C6173683A3F
:1090300020307825580D0A00466C617368696E67A8
:1090400020307825580D0A004620307825580D0A22
:1090500000000000523A20307825580D0A00000028
:109060005A4620307825580D0A0000003F3A256402
:109070000D0A00005069636F20426F6F746C6F615E
:1090800064657220537461727465640D00000000A1
:109090005570646174653A20256420466C6173687C
:1090A0003A203078255820307825582030782558B7
:1090B00020307825580D0A00456E746572696E6718
:1090C00020426F6F746C6F616465722055706461CB
:1090D0007465204D6F64650D0000000052464D39E7
:1090E00035204341442054696D656F75742074695F
:1090F0006D653A20256C6C640A00000052464D39BB
:1091000035204552524F52204652455155454E4307
:1091100059204D49534D4154434821206D736220DD
:1091200030782578206373622030782578206C733E
:109130006220307825780A0052464D393520457234
:10914000726F72212030783031203D2030782578C0
:109150000A00000052464D393520307830313A202F
:10916000307825780A0000004D6F646520466175EF
:109170006C742020204D6F6465203D2025640A001A
:10918000434144204661756C740000006D616E754A
:109190006661637475726572203D3D204D414E5588
:1091A00046414354555245525F5250490000000019
:1091B0002F55736572732F746C6561766974742FA3
:1091C0002E7069636F2D73646B2F73646B2F322E57
:1091D000312E312F7372632F7270323034302F7012
:1091E00069636F5F706C6174666F726D2F706C6114
:1091F00074666F726D2E630070617274203D3D2045
:10920000504152545F525032000000000A2A2A2A6C
:109210002050414E4943202A2A2A0A004E6F2073CB
:1092200070696E6C6F636B7320617265206176612B
:10923000696C61626C65000021287261775F6972F8
:10924000715F6D61736B5B6765745F636F72655FA0
:109250006E756D28295D2026206770696F5F6D61CE
:10926000736B29002F55736572732F746C6561766B
:109270006974742F2E7069636F2D73646B2F736420
:109280006B2F322E312E312F7372632F7270325F3B
:10929000636F6D6D6F6E2F68617264776172655F69
:1092A0006770696F2F6770696F2E630021656E614B
:1092B000626C6564207C7C206972715F6861735F99
:1092C00068616E646C657228494F5F4952515F4214
:1092D000414E4B302900000030783163203D3D2065
:1092E000282A696E7374293E3E31317500000000F2
:1092F0002F55736572732F746C6561766974742F62
:109300002E7069636F2D73646B2F73646B2F322E15
:10931000312E312F7372632F7270325F636F6D6DF8
:109320006F6E2F68617264776172655F6972712F09
:109330006972712E6300000064656C7461203E3DAB
:10934000202D323034382026262064656C7461204C
:109350003C3D203230343620262620212864656C9E
:109360007461202620312900212864656C746120F5
:109370003E3E20313175290063757272656E74202E
:109380003D3D205F5F756E68616E646C65645F75FE
:109390007365725F697271207C7C2063757272657F
:1093A0006E74203D3D2068616E646C657200000043
:1093B0006972715F68616E646C65725F6368616930
:1093C0006E5F667265655F736C6F745F686561641C
:1093D000203E3D2030000000767461626C655F685D
:1093E000616E646C6572203D3D205F5F756E6861E3
:1093F0006E646C65645F757365725F69727100009D
:10940000212828282875696E747074725F74297217
:10941000656D6F76655F7468756D625F62697428EB
:10942000767461626C655F68616E646C657229292F
:10943000202D20282875696E747074725F742969F4
:1094400072715F68616E646C65725F636861696E9A
:109450005F736C6F7473292920252073697A656F97
:109460006628737472756374206972715F68616EC7
:10947000646C65725F636861696E5F736C6F742999
:109480002900000021657863657074696F6E207C27
:109490007C20657863657074696F6E203D3D206E39
:1094A000756D202B20565441424C455F464952531E
:1094B000545F49525100000066616C736500000002
:1094C00069735F7368617265645F6972715F72610D
:1094D000775F68616E646C657228736C6F745F6827
:1094E000616E646C65722900657863657074696F7C
:1094F0006E000000666F756E640000004E6F207590
:1095000073657220495251732061726520617661E2
:10951000696C61626C65000031203D3D20287569F1
:109520006E747074725F74296C2D3E7370696E5F17
:109530006C6F636B000000002F55736572732F749E
:109540006C6561766974742F2E7069636F2D736416
:109550006B2F73646B2F322E312E312F7372632F6A
:10956000636F6D6D6F6E2F7069636F5F73796E637C
:109570002F6D757465782E6300000000746F746140
:109580006C0000006D74782D3E636F72652E7370F1
:10959000696E5F6C6F636B006C6F636B5F69735FA9
:1095A0006F776E65725F69645F76616C6964286D60
:1095B00074782D3E6F776E65722900006D74782D7A
:1095C0003E656E7465725F636F756E7400000000B7
:1095D000706F6F6C2D3E74696D65725F616C617246
:1095E0006D5F6E756D203D3D2074696D65725F61C4
:1095F0006C61726D5F6E756D000000002F557365B4
:1096000072732F746C6561766974742F2E70696340
:109610006F2D73646B2F73646B2F322E312E312FAD
:109620007372632F636F6D6D6F6E2F7069636F5F01
:1096300074696D652F74696D652E6300646566617C
:10964000756C745F616C61726D5F706F6F6C5F6978
:109650006E697469616C697A65642829000000008C
:10966000417474656D7074656420746F20736C65EB
:10967000657020696E73696465206F6620616E2075
:10968000657863657074696F6E2068616E646C657F
:10969000723B2075736520627573795F77616974B9
:1096A00020696620796F75206D7573740000000065
:1096B000486172647761726520616C61726D20250A
:1096C0006420616C726561647920636C61696D65A9
:1096D0006400000076636F5F66726571203E3D2016
:1096E0005049434F5F504C4C5F56434F5F4D494E7E
:1096F0005F465245515F485A2026262076636F5FA9
:1097000066726571203C3D205049434F5F504C4C80
:109710005F56434F5F4D41585F465245515F485A2F
:10972000000000002F55736572732F746C656176AD
:109730006974742F2E7069636F2D73646B2F73645B
:109740006B2F322E312E312F7372632F7270325F76
:10975000636F6D6D6F6E2F68617264776172655FA4
:10976000706C6C2F706C6C2E630000006662646914
:1097700076203E3D203136202626206662646976BA
:10978000203C3D203332300028706F73745F646971
:109790007631203E3D203120262620706F73745F85
:1097A00064697631203C3D20372920262620287008
:1097B0006F73745F64697632203E3D203120262627
:1097C00020706F73745F64697632203C3D203729C6
:1097D000000000007265665F66726571203C3D2086
:1097E0002876636F5F66726571202F2031362900FD
:1097F0002A282875696E74385F74202A2928282839
:10980000766F6964202A29726F6D5F7461626C657E
:109810005F666C6F6174292D322929202A2034203B
:109820003E3D2053465F5441424C455F56325F53A4
:10983000495A45002F55736572732F746C656176B4
:109840006974742F2E7069636F2D73646B2F73644A
:109850006B2F322E312E312F7372632F7270325F65
:10986000636F6D6D6F6E2F7069636F5F646F75628C
:109870006C652F646F75626C655F696E69745F7289
:109880006F6D5F7270323034302E63002A28287575
:10989000696E74385F74202A29726F6D5F7461621B
:1098A0006C652D3229202A2034203E3D2053465F0E
:1098B0005441424C455F56325F53495A45000000BF
:1098C0002F55736572732F746C6561766974742F8C
:1098D0002E7069636F2D73646B2F73646B2F322E40
:1098E000312E312F7372632F7270325F636F6D6D23
:1098F0006F6E2F7069636F5F666C6F61742F666C3B
:109900006F61745F696E69745F726F6D5F727032E0
:109910003034302E6300000044656275670000003B
:10992000626F6F74325F773235713038300000000B
:10993000322E312E310000007069636F000000008C
:10994000626F6F746C6F6164657200004E6F762099
:109950003236203230323500666E692B000000004E
:10996000666E69006E616E00666E692D0000000013
:109970002C2066756E6374696F6E3A2000000000DB
:10998000617373657274696F6E202225732220667D
:1099900061696C65643A2066696C652022257322D2
:1099A0002C206C696E65202564257325730A0000E0
:1099B0005541525420737464696E000055415254ED
:1099C000207374646F75740055415254207374642D
:1099D000696E202F207374646F7574002F55736542
:1099E00072732F746C6561766974742F2E7069635D
:1099F0006F2D73646B2F73646B2F322E312E312FCA
:109A00007372632F7270325F636F6D6D6F6E2F7044
:109A100069636F5F737464696F5F7573622F7374CA
:109A200064696F5F7573622E6300000055534220B6
:109A3000737464696E202F207374646F75740000F2
:109A40005261737062657272792050690000000083
:109A50005069636F00000000426F617264204344EC
:109A60004300000052657365740000006C656E2051
:109A70003E2030002F55736572732F746C656176CC
:109A80006974742F2E7069636F2D73646B2F736408
:109A90006B2F322E312E312F7372632F7270325F23
:109AA000636F6D6D6F6E2F7069636F5F756E697137
:109AB00075655F69642F756E697175655F69642E80
:109AC00063000000666C6173685F6F666673202BCD
:109AD00020636F756E74203C3D205049434F5F46B4
:109AE0004C4153485F53495A455F425954455300CE
:109AF0002F55736572732F746C6561766974742F5A
:109B00002E7069636F2D73646B2F73646B2F322E0D
:109B1000312E312F7372632F7270325F636F6D6DF0
:109B20006F6E2F68617264776172655F666C6173D6
:109B3000682F666C6173682E63000000636F6E6E41
:109B40006563745F696E7465726E616C5F666C618B
:109B500073685F66756E6320262620666C61736885
:109B60005F657869745F7869705F66756E632026DB
:109B70002620666C6173685F72616E67655F6572EF
:109B80006173655F66756E6320262620666C61735F
:109B9000685F666C7573685F63616368655F66754F
:109BA0006E630000636F6E6E6563745F696E7465EB
:109BB000726E616C5F666C6173685F66756E632060
:109BC000262620666C6173685F657869745F7869C2
:109BD000705F66756E6320262620666C6173685F11
:109BE00072616E67655F70726F6772616D5F6675D7
:109BF0006E6320262620666C6173685F666C7573E1
:109C0000685F63616368655F66756E63000000008E
:109C1000636F6E6E6563745F696E7465726E616C9E
:109C20005F666C6173685F66756E632026262066CA
:109C30006C6173685F657869745F7869705F667579
:109C40006E6320262620666C6173685F666C757390
:109C5000685F63616368655F66756E63000000003E
:109C60006E6578745F6275666665725F7074722087
:109C70003C207573625F647072616D2D3E65707813
:109C80005F64617461202B2073697A656F66287543
:109C900073625F647072616D2D3E6570785F6461A0
:109CA000746129002F55736572732F746C6561762A
:109CB0006974742F2E7069636F2D73646B2F7364D6
:109CC0006B2F322E312E312F6C69622F74696E79B1
:109CD0007573622F7372632F706F727461626C653B
:109CE0002F72617370626572727970692F7270324F
:109CF0003034302F6463645F7270323034302E63DE
:109D000000000000556E68616E646C656420495205
:109D10005120307825780A007268706F7274203D87
:109D20003D20300021286275665F6374726C2026C6
:109D3000205553425F4255465F4354524C5F46554F
:109D40004C4C29002F55736572732F746C656176C6
:109D50006974742F2E7069636F2D73646B2F736435
:109D60006B2F322E312E312F6C69622F74696E7910
:109D70007573622F7372632F706F727461626C659A
:109D80002F72617370626572727970692F727032AE
:109D90003034302F7270323034305F7573622E631E
:109DA000000000006275665F6374726C20262055A7
:109DB00053425F4255465F4354524C5F46554C4CAC
:109DC0000000000065702025303258207761732034
:109DD000616C726561647920617661696C61626C45
:109DE0006500000043616E277420636F6E74696EB6
:109DF00075652078666572206F6E20696E61637488
:109E00006976652065702025303258005741524EE2
:109E10003A207374617274696E67206E657720747E
:109E200072616E73666572206F6E20616C7265611F
:109E3000647920616374697665206570202530320D
:109E4000580D0A0025732025643A2041535345528A
:109E500054204641494C45440D0A0000AA04001014
:109E6000B6040010D0040010D0040010D00400107C
:109E7000FC0400101C0500104C05001058050010D3
:109E800001010100010101000100010000000000CA
:109E9000080052500A38A50400C0F345008022464D
:109EA00000C073460080A2460024F44600E4224726
:109EB000002474470024F447002474480024F44824
:109EC0007270323034305F636869705F76657273C8
:109ED000696F6E006770696F5F7365745F69727137
:109EE0005F656E61626C6564000000006972715F9D
:109EF0006164645F7461696C5F746F5F66726565ED
:109F00005F6C697374000000696E736572745F62E0
:109F10006C5F3332000000006972715F72656D6FB3
:109F200076655F68616E646C657200006D616B657B
:109F30005F6A5F31360000007265736F6C76655F33
:109F40006A5F3136000000006972715F6164645FAE
:109F50007368617265645F68616E646C657200004D
:109F60006972715F7365745F6578636C7573697628
:109F7000655F68616E646C65720000006D75746584
:109F8000785F6578697400006D757465785F656EDB
:109F90007465725F626C6F636B5F756E74696C0081
:109FA00072756E74696D655F696E69745F6D7574E5
:109FB00065780000616C61726D5F706F6F6C5F67D8
:109FC00065745F64656661756C740000616C6172D4
:109FD0006D5F706F6F6C5F6972715F68616E646CEA
:109FE00065720000706C6C5F696E6974000000003F
:109FF0005F5F61656162695F646F75626C655F690F
:10A000006E6974005F5F61656162695F666C6F6154
:10A01000745F696E6974000006005250D3F0754297
:10A020001899001006005250E182887F2099001094
:10A0300006005250ABB360533099001006005250E6
:10A04000BBFF3CB63899001006005250861C030234
:10A0500040990010060052505422A29D4C990010C5
:10A0600005005250DE65F468B8B60010EA530010DF
:10A070000254001002540010F65300100254001055
:10A080000254001002540010025400100254001038
:10A090000254001002540010DE530010025400104D
:10A0A000D25300100254001002540010C653001086
:10A0B000E2540010125500103455001012550010D3
:10A0C000BC5400101255001012550010125500100B
:10A0D00012550010125500101255001012550010A4
:10A0E00004550010125500101255001012550010A2
:10A0F000125500101255001044550010C859001098
:10A10000DE590010DE590010DE590010DE59001033
:10A11000DE590010DE590010DE590010DE59001023
:10A12000DE590010DE590010DE590010DE59001013
:10A13000DE590010DE590010DE590010DE59001003
:10A14000DE590010DE590010DE590010DE590010F3
:10A15000DE590010DE590010DE590010DE590010E3
:10A16000DE590010DE590010DE590010DE590010D3
:10A17000DE590010DE590010DE590010F6570010AD
:10A18000B2570010F6570010DE590010DE590010CB
:10A19000DE590010DE590010DE590010DE590010A3
:10A1A000DE590010DE590010DE590010DE59001093
:10A1B000DE590010DE590010DE590010DE59001083
:10A1C000DE590010DE59001092550010DE590010C3
:10A1D000DE590010DE590010DE590010DE59001063
:10A1E000DE590010DE590010DE590010DE59001053
:10A1F000925500104E58001092550010F65700105E
:10A20000B2570010F6570010000000000000F03FA9
:10A210000000000000002440000000000000594041
:10A220000000000000408F40000000000088C34094
:10A2300000000000006AF8400000000080842E4109
:10A2400000000000D01263410000000084D7974155
:10A250000000000065CDCD410D0A000006005250FF
:10A2600053B4F4A1C8990010080052501200000025
:10A27000080052509210000000000000A55F00107E
:10A2800000000000A95F0010B55F0010ED5F001036
:10A29000E95F0010000000000A0000000000030653
:10A2A000A6000800020002009C00140003005749A9
:10A2B0004E555342000000000000000000008000E6
:10A2C0000400010028004400650076006900630076
:10A2D000650049006E007400650072006600610050
:10A2E00063006500470055004900440000004E002F
:10A2F0007B006200630037003300390038006300E0
:10A3000031002D0037003300630064002D0034005D
:10A310006300620037002D00390038006200380009
:10A320002D00390031003300610038006600630001
:10A33000610037006200660036007D00000000000A
:10A34000050F2100011C100500DF60DDD88945C71D
:10A350004C9CD2659D9E648A9F00000306A6000166
:10A36000000000000600525053B4F4A12C9A0010D3
:10A37000737464696F5F7573625F696E69740000FE
:10A3800000000000409A0010509A00109025002014
:10A39000589A0010649A00100902540003010080CA
:10A3A0007D080B0002020200000904000001020205
:10A3B00000040524002001052401000104240206F4
:10A3C00005240600010705810308001009040100A7
:10A3D000020A000000070502024000000705820291
:10A3E0004000000904020000FF00010512011002F4
:10A3F000EF0201408A2E0A00000101020301000061
:10A400007069636F5F6765745F756E697175655FAD
:10A41000626F6172645F69645F737472696E670012
:10A42000666C6173685F646F5F636D640000000059
:10A43000666C6173685F72616E67655F70726F678B
:10A4400072616D00666C6173685F72616E67655FF3
:10A4500065726173650000006463645F65647074B5
:10A460005F786665720000006463645F7365745FA3
:10A4700061646472657373006463645F696E745FC2
:10A48000656E61626C65000068775F656E64706F11
:10A49000696E745F616C6C6F630000006463645F7D
:10A4A000696E69740000000073796E635F65705FA8
:10A4B0006275666665720000966D0010F66C00109D
:10A4C000326D0010666D0010966D0010966D0010D4
:10A4D000826D0010326D0010966D0010966D0010A8
:10A4E000966D0010966D0010966D0010966D001020
:10A4F000966D0010186D0010900A0020900A002040
:10A50000720A0020260B0020C80A0020DC0A002066
:10A51000F80B0020F0720010CA7200108274001054
:10A52000A472001082740010F47100109872001070
:10A53000827400101072001028720010E274001073
:10A54000D47400101A7500104E76001018760010A2
:10A5500030760010287500109875001040760010B5
:10A56000757362645F656470745F7866657200001D
:10A57000757362645F656470745F6F70656E000010
:10A58000757362645F6F70656E5F656470745F7031
:10A590006169720071756575655F6576656E7400D9
:10A5A00070726F636573735F6765745F646573630F
:10A5B000726970746F72000070726F636573735F9D
:10A5C0007365745F636F6E666967000070726F63B6
:10A5D0006573735F636F6E74726F6C5F72657175B4
:10A5E00065737400636F6E66696775726174696F15
:10A5F0006E5F7265736574007475645F7461736B0C
:10A600005F657874000000007475645F7268706F35
:10A6100072745F696E697400000000000D7B0010A9
:10A62000B97B0010017C0010717C00105D7D001072
:10A63000997E001000000000000000003D80001026
:10A64000D98000100D8100105D8100105560001050
:10A65000A982001000000000757362645F636F6E72
:10A6600074726F6C5F786665725F636200000000F1
:10A670007475645F636F6E74726F6C5F7866657219
:10A6800000000000636463645F786665725F636204
:10A6900000000000636463645F6F70656E0000001B
:10A6A0007475645F6364635F6E5F77726974655F1E
:10A6B000666C75736800000076656E646F72645F27
:10A6C0006F70656E0000000074755F656470745F84
:10A6D00073747265616D5F726561645F78666572DF
:10A6E0000000000074755F656470745F7374726558
:10A6F000616D5F77726974655F78666572000000EE
:10A7000074755F656470745F73747265616D5F7793
:10A71000726974655F7A6C705F69665F6E656564A7
:10A720006564000074755F656470745F76616C6960
:10A730006461746500000000747573625F72687014
:10A740006F72745F696E697400000000909E001063
:10A7500018A0001024A0001030A000103CA0001091
:10A7600048A0001054A0001060A0001070A20010BB
:10A7700068A200105CA2001064A3001010B50300D2
:10A780000468EFF3108272B620680028FCD0BFF393
:10A790005F8F0420185600280BDB002910D00860BA
:10A7A00000201B68BFF35F8F0021196082F31088BF
:10A7B00010BDD0210906097849B219710120F0E7CE
:10A7C0000020EEE7F0B5D6464F464646C0B5050038
:10A7D000904699460368002B20D0D0231B061B7897
:10A7E0005BB29A462F68EFF3108472B63E68002E73
:10A7F000FCD0BFF35F8F0423EB56002B14DB2B68D8
:10A80000BFF35F8F00221A6084F3108840464946E8
:10A8100000F0C0FD0028E5D000200FE00A4B0B4AF5
:10A820000B48A62100F0E6FD53462B712B68BFF3C1
:10A830005F8F00221A6084F310880120E0BCBA46C2
:10A84000B146A846F0BDC04684950010889F001010
:10A850003895001070B582B0060015001C0001A9E3
:10A86000FFF78CFF002807D1019B5BB2D0221206B4
:10A87000127852B2934201D102B070BD2A00230077
:10A880003000FFF79FFFF7E7F8B506000F0000F074
:10A89000C9FD04000D00FA229200002338000021B7
:10A8A00000F098FD22002B0012184B41002B03DB17
:10A8B0003000FFF787FFF8BD01225242004BF7E757
:10A8C000FFFFFF7F10B50168EFF3108372B60A68CF
:10A8D000002AFCD0BFF35F8F04228256002A0ADBD5
:10A8E000FF2202710268BFF35F8F0021116083F3C2
:10A8F000108840BF10BD034B034A0448D52100F027
:10A9000079FDC046989500107C9F00103895001086
:10A91000094B1B78002B08D00CE09A0080214905D8
:10A92000511808680549505001333F2BF5DD024BA3
:10A9300001221A707047C046AD250020B41D0020CA
:10A9400010B5014B984710BDB51D002000280AD056
:10A9500003231B02054A12685340C0229200134091
:10A96000034A136070470223F3E7C0460C8001409E
:10A970000C900140F0B5D6464F464646C0B504009F
:10A980000D000A1880239B039A4232D818273B886F
:10A99000142630881D49984781463B8830881C49D9
:10A9A000984780463B8830881A49984782463B88BA
:10A9B00030881949984706004B46002B1FD0434664
:10A9C000002B1CD05346002B19D0002817D0FFF7BE
:10A9D0009FFFC847C0478022D82352022900200089
:10A9E000D047B047FFF7ACFFE0BCBA46B146A84637
:10A9F000F0BD0A4B0A4A0B48742100F0FBFC0A4BDD
:10AA0000074A08487C2100F0F5FCC0464946000092
:10AA1000455800005245000046430000C49A00100B
:10AA200044A40010F09A00103C9B0010F8B5DE46DC
:10AA300057464E464546E0B504008B4615001218B1
:10AA400080239B039A4231D818273B8814263088EC
:10AA50001C49984781463B8830881B499847804667
:10AA60003B8830881949984782463B883088184986
:10AA7000984706004B46002B1ED04346002B1BD0A8
:10AA80005346002B18D0002816D0FFF741FFC847C7
:10AA9000C0472A0059462000D047B047FFF750FF73
:10AAA000F0BCBB46B246A946A046F8BD094B0A4ACF
:10AAB0000A48992100F09EFC094B074A0748A1214A
:10AAC00000F098FC49460000455800005250000034
:10AAD00046430000C49A001030A40010F09A001001
:10AAE000A49B0010F0B5D6464F464646C0B50700B9
:10AAF0000E00150018239A461B88142290461088D1
:10AB000028499847814653461B8842461088264963
:10AB10009847040053461B884246108823499847AB
:10AB200080464B46002B0CD0002C0AD0002808D0C1
:10AB3000FFF7EEFEC847A0470020FFF707FF2A00F7
:10AB40000FE01B4B1B4A1C48D12100F053FC002B8B
:10AB500007D0002A05D0C0235B051B6E3370013A75
:10AB600001362B00134312D0C0235B059C6A0823D7
:10AB70002340A407EBD5002DE9D0511B0D29E6D8C1
:10AB80003878C02149050866013D0137DFE701201B
:10AB9000FFF7DCFEC047FFF7D3FEE0BCBA46B14684
:10ABA000A846F0BD49460000455800004643000055
:10ABB000109C001020A40010F09A001010B5002383
:10ABC00008E00133DA00002108481150844662444D
:10ABD0005160DBB20E2BF4D90548F022920000211F
:10ABE00000F0C8FB034B044A1A6010BD000010506F
:10ABF000701F00203423002080011050F0B5CE4695
:10AC0000474680B585B0214B9F6D0024012603E0A7
:10AC1000B74376000134E4B2002F31D01F2C2FD877
:10AC20003E42F6D01A4B9E656308994601232340A5
:10AC300001225340DBB298464B465D0045446D010E
:10AC4000144BED18280000F047FA0028E0D0114A14
:10AC50004B465B0043445B01D3189978DA8A01A81C
:10AC600000239846037007334370017182604346A6
:10AC70004371012100F050FA280000F0C3F9C7E742
:10AC800005B0C0BCB946B046F0BDC046000011508A
:10AC900000301150301F0020F0B5CE46474680B539
:10ACA00085B0754A9823D55880239B022F001F40FA
:10ACB0001D4245D0714B9A6A714B1A6000240021E5
:10ACC00009E0704B5B183C3300221A7000F0C6F9A3
:10ACD00031000134E4B20F2C18D8A6013000203026
:10ACE000684BC0189B193B331B78022BF1D1654B85
:10ACF0009B193A331E78002EEBD0624BA1015B18F2
:10AD00003C331B78002BDCD13100E2E7002908D16D
:10AD10005D4B1B78002B04D15C4A90338021890263
:10AD2000D150554B9B6C5B055B0D01A80022027056
:10AD3000033242704360012100F0EEF98027BF0228
:10AD4000EB0606D4EB0351D580235B021F4300249E
:10AD500019E010231F43FFF751FFF3E70223994641
:10AD60001EE04B4B4A461A66434B5B6E4A46134005
:10AD70009945F9D118E0434B424652019B180122F4
:10AD8000DA700134E4B2012C20D8A04666013D4BB4
:10AD9000F618B37E002BEED0002CDFD001239946AD
:10ADA00000F020FB0128DCD8C022920100213000F5
:10ADB00000F02EF9300000F025F900F013FB012817
:10ADC000D9D9324B4A465A661A66D4E701A80023FD
:10ADD0000370063343702F4A02AB12CA12C301211B
:10ADE00000F09AF9294B802292021A65EB040AD4EA
:10ADF0006B041DD42B042AD4AF4238D105B0C0BC9B
:10AE0000B946B046F0BD80235B011F4300241A4BB6
:10AE10001C60FFF7D3FE01A8047001234370047186
:10AE2000012100F079F9194B802212031A65DFE73E
:10AE30008023DB011F4301A8002303700433437008
:10AE4000012100F069F9114B10221A65D2E7802325
:10AE50001B021F4301A80023037005334370012127
:10AE600000F05AF9094B802212011A65C4E7390033
:10AE70006940094800F0C6FA000011500040054042
:10AE8000281F0020301F0020AB250020003011506B
:10AE90000020115000001050049D0010F8B504006F
:10AEA0000F00838A028B1E1C934200D9161CB6B277
:10AEB0009B1BA3828022D2003243E378002B13D065
:10AEC0008025AD01154301225340E3706378002BC8
:10AED0000CD0A38A002B02D18023DB011D43002F5D
:10AEE00000D02D042800F8BD0025EBE7E068BB0189
:10AEF000C0182169320000F045FA23699B192361CB
:10AF000080231B021D43E4E7094B1B6C9B070CD4F9
:10AF10008378DB09012B01D0002007E0C37E022BE0
:10AF200001D0002002E0012000E000207047C04670
:10AF30000000115010B5FFF7E7FF002809D0064BBD
:10AF40009B6A064A12689B1A054A94466344C62BBC
:10AF500000D810BD0020FCE700400540281F00205D
:10AF6000E0FCFFFF70B5040083681B68002900D077
:10AF70001B0C9D05AD0D6278002A11D11B0409D46C
:10AF8000E38A5B19E382238BAB4201D90023A382BE
:10AF9000280070BD0D4B0E4A0E48E82100F02AFA39
:10AFA0001B040DD52069E368890159182A0000F0B7
:10AFB000E9F9E38A5B19E38223695B192361E2E71C
:10AFC000054B034A0348EE2100F014FA249D0010BB
:10AFD000A8A40010449D0010A49D001010B504000A
:10AFE00083681B680021FFF7BDFF63681B685B0077
:10AFF00002D5238B834200D010BD01212000FFF732
:10B00000B1FFF9E7002383768382C382036170472F
:10B0100010B5002902D083681B681940002A10D09F
:10B02000114352050DD5826813685B050CD4084B9B
:10B030000B401360074B1B6C9B0702D40C23033B94
:10B04000FDD28368196010BD8178034800F0DAF9F9
:10B05000FFFBFFFF00001150C49D001070B50400FD
:10B0600043681E680021FFF719FF80256D01054325
:10B07000164B1B6C9B0715D5A3785B0617D10023D5
:10B08000A28A002A01D0002B15D0114B1E4080232C
:10B090009B053343626813602A0000212000FFF7FC
:10B0A000B7FF70BDA378DB0903D10133E8E70123C3
:10B0B000E6E70023E4E701212000FFF7EFFE054368
:10B0C000044A3240A023DB051343E3E7000011509C
:10B0D000FFFFFFAFFFFFFFDF70B50400857E002D8F
:10B0E00006D0FFF77BFFA38A002B05D1280070BD97
:10B0F0008178084800F086F92000FFF71BFF051E45
:10B1000003D0012323770025F0E72000FFF7A6FFF7
:10B11000ECE7C046E49D0010F0B585B006000D00D8
:10B120004378062B12D89B00694AD3589F46694B37
:10B130001A7801218A431A701A7801318A431A70E9
:10B1400000225A701A7802318A431A70624B1C68C6
:10B150002000143000F02EF93100200000F05AF9E0
:10B160006269A369BFF35F8F0021116083F31088C8
:10B17000002800D1A4E0307871782A0000F012F99C
:10B1800005B0F0BD534B1B78DB07F9D5514A137856
:10B1900004210B431370D9E74E4B1B78DB07EFD527
:10B1A0004C4A137804218B431370CFE79B1A5B0141
:10B1B0004A4A9B18DB69002B02D0307871689847A7
:10B1C0000134E4B2464B1A782300511CA1420ADB39
:10B1D000A242EBD9434B1B6862019B18002BE9D1BB
:10B1E000EEE70024EEE73B4B1B785B072AD4394B94
:10B1F000DB78DB07C4D501AC0C220021200000F075
:10B20000B9F8337823700323637073680293324B69
:10B210001E683000143000F0CDF82100300000F03E
:10B22000F9F87269B369BFF35F8F0021116083F38E
:10B230001088002837D001AB187859782A0000F020
:10B24000B1F89DE7234A137804218B43137001AFB3
:10B250000C220021380000F08DF833783B70052374
:10B260007B701D4B1C682000143000F0A3F83900DF
:10B27000200000F0CFF86269A369BFF35F8F00215F
:10B28000116083F31088002806D001AB1878597834
:10B290002A0000F087F8AAE7662213491348FF3214
:10B2A00000F090F8A3E766220F491048FF3200F043
:10B2B00089F865E70E4A13780133DBB2137045E76E
:10B2C000662209490948FF3200F07CF858E7C04679
:10B2D000F8A40010CC190020241A002018A6001091
:10B2E000AA2500201C18002094A50010449E0010E0
:10B2F000AC25002010B504001000002205E0E36832
:10B300009B07FCD58B5CA36001328242F7D300E03F
:10B31000A368E3685B07FBD4E368DB06FCD400E0CA
:10B32000A368E3685B07FBD40123236210BDF0B57B
:10B33000070018001D001C0008E0002C06D0FE6865
:10B34000760703D5BB681370013C013226002E43FB
:10B350000BD0002DF1D0FE68B607EED52B000833D8
:10B36000A342EAD9B960013DE7E7F0BD7047C046A6
:10B370000000000001B40248844601BC604700BFE1
:10B380003D48001001B40248844601BC604700BF3C
:10B39000AD69001001B40248844601BC604700BF9B
:10B3A0003930001001B40248844601BC604700BF38
:10B3B000D56C001001B40248844601BC604700BF50
:10B3C000E96A001001B40248844601BC604700BF2E
:10B3D000515D001001B40248844601BC604700BFC3
:10B3E0000946001001B40248844601BC604700BF12
:10B3F000911E001001B40248844601BC604700BFA2
:10B40000515A001001B40248844601BC604700BF95
:10B41000E51E001001B40248844601BC604700BF2D
:10B42000F38B001001B40248844601BC604700BFA2
:10B430000D32001000C00010D4C000101000000039
:10B4400000000000000001000000000000000000FB
:10B4500000000200000000000000000000000300E7
:10B4600000000000000000000000FF0000000000DD
:10B4700001B5486801318E460047704609380149D8
:10B48000884701BDC1270010000000000000000037
:10B49000000000000000000000000000001000207C
:10B4A0000000000000000000000000005033000019
:10B4B0004C33000054330000523300004D53000061
:10B4C0004D4300005334000043340000ED5D001094
:10B4D000915E00100D5E0010A15E001000000000E3
:10B4E000000100003D640010D9600010A563001049
:10B4F000C56000100000000000010000281A0020B4
:10B5000010000C000000000000000000000000001F
:10B510000000000000000000FF000000680E002096
:10B520000000000000000000E41600204C1700207E
:10B53000B417002000000000000000000000000020
:10B5400000000000000000000000000000000000FB
:10B5500000000000000000000000000000000000EB
:10B5600000000000000000000000000000000000DB
:10B5700000000000000000000000000000000000CB
:10B5800000000000000000000000000000000000BB
:10B5900000000000000000000000000000000000AB
:10B5A000000000000000000000000000000000009B
:10B5B000000000000000000000000000010000008A
:10B5C000000000000E33CDAB34126DE6ECDE05005A
:10B5D0000B00000000000000000000000000000060
:10B5E000000000000000000000000000000000005B
:10B5F000000000000000000000000000000000004B
:10B60000000000000000000000000000000000003A
:10B61000000000000000000000000000000000002A
:10B62000000000000000000000000000000000001A
:10B63000000000000000000000000000000000000A
:10B6400000000000000000000000000000000000FA
:10B6500000000000000000000000000000000000EA
:10B66000000000000000000000000000293700106A
:10B6700055370010BD3800102D480010793F0010DC
:10B68000CD460010F13700107137001091370010CF
:10B69000A537001025290010AD3700105D310010CE
:10B6A0001537001051220010B1020010C50A001019
:10B6B000511D0010A16500100000000000000000F6
:10B6C000000000000000000000000000000000007A
:10B6D000000000000000000000000000000000006A
:10B6E000000000000000000000000000000000005A
:10B6F000000000000000000000000000000000004A
:10B700000000000000000000000000000000000039
:10B710000000000000000000000000000000000029
:10B720000000000000000000000000000000000019
:10B730000000000000000000000000000000000009
:10B7400000000000000000000000000000000000F9
:10B7500000000000000000000000000000000000E9
:10B7600000000000000000000000000000000000D9
:10B7700000000000000000000000000000000000C9
:10B7800000000000000000000000000000000000B9
:10B7900000000000000000000000000000000000A9
:10B7A0000000000000000000000000000000000099
:10B7B0000000000000000000000000000000000089
:10B7C0000000000000000000000000000000000079
:10B7D0000000000000000000000000000000000069
:10B7E0000000000000000000000000000000000059
:10B7F0000000000000000000000000000000000049
:10B800000000000000000000000000000000000038
:10B810000000000000000000000000000000000028
:10B820000000000000000000000000000000000018
:10B830000000000000000000000000000000000008
:10B8400000000000000000000000000000000000F8
:10B8500000000000000000000000000000000000E8
:10B8600000000000000000000000000000000000D8
:10B8700000000000000000000000000000000000C8
:10B8800000000000000000000000000000000000B8
:10B8900000000000000000000000000000000000A8
:10B8A0000000000000000000000000000000000098
:10B8B0000000000000000000000000000000000088
:10B8C0000000000000000000000000000000000078
:10B8D0000000000000000000000000000000000068
:10B8E0000000000000000000000000000000000058
:10B8F0000000000000000000000000000000000048
:10B900000000000000000000000000000000000037
:10B910000000000000000000000000000000000027
:10B920000000000000000000000000000000000017
:10B930000000000000000000000000000000000007
:10B9400000000000000000000000000000000000F7
:10B9500000000000000000000000000000000000E7
:10B9600000000000000000000000000000000000D7
:10B9700000000000000000000000000000000000C7
:10B9800000000000000000000000000000000000B7
:10B9900000000000000000000000000000000000A7
:10B9A0000000000000000000000000000000000097
:10B9B0000000000000000000000000000000000087
:10B9C0000000000000000000000000000000000077
:10B9D0000000000000000000000000000000000067
:10B9E0000000000000000000000000000000000057
:10B9F0000000000000000000000000000000000047
:10BA00000000000000000000000000000000000036
:10BA10000000000000000000000000000000000026
:10BA20000000000000000000000000000000000016
:10BA30000000000000000000000000000000000006
:10BA400000000000000000000000000000000000F6
:10BA500000000000000000000000000000000000E6
:10BA600000000000000000000000000000000000D6
:10BA700000000000000000000000000000000000C6
:10BA800000000000000000000000000000000000B6
:10BA900000000000000000000000000000000000A6
:10BAA0000000000000000000000000000000000096
:10BAB0000000000000000000000000000000000086
:10BAC0000000000000000000000000000000000076
:10BAD0000000000000000000000000000000000066
:10BAE0000000000000000000000000000000000056
:10BAF0000000000000000000000000000000000046
:10BB00000000000000000000000000000000000035
:10BB10000000000000000000000000000000000025
:10BB20000000000000000000000000000000000015
:10BB30000000000000000000000000000000000005
:10BB400000000000000000000000000000000000F5
:10BB500000000000000000000000000000000000E5
:10BB600000000000000000000000000000000000D5
:10BB700000000000000000000000000000000000C5
:10BB800000000000000000000000000000000000B5
:10BB900000000000000000000000000000000000A5
:10BBA0000000000000000000000000000000000095
:10BBB0000000000000000000000000000000000085
:10BBC0000000000000000000000000000000000075
:10BBD0000000000000000000000000000000000065
:10BBE0000000000000000000000000000000000055
:10BBF0000000000000000000000000000000000045
:10BC00000000000000000000000000000000000034
:10BC10000000000000000000000000000000000024
:10BC20000000000000000000000000000000000014
:10BC30000000000000000000000000000000000004
:10BC400000000000000000000000000000000000F4
:10BC500000000000000000000000000000000000E4
:10BC600000000000000000000000000000000000D4
:10BC700000000000000000000000000000000000C4
:10BC800000000000000000000000000000000000B4
:10BC900000000000000000000000000000000000A4
:10BCA0000000000000000000000000000000000094
:10BCB0000000000000000000000000000000000084
:10BCC0000000000000000000000000000000000074
:10BCD0000000000000000000000000000000000064
:10BCE0000000000000000000000000000000000054
:10BCF0000000000000000000000000000000000044
:10BD00000000000000000000000000000000000033
:10BD10000000000000000000000000000000000023
:10BD20000000000000000000000000000000000013
:10BD30000000000000000000000000000000000003
:10BD400000000000000000000000000000000000F3
:10BD500000000000000000000000000000000000E3
:10BD600000000000000000000000000000000000D3
:10BD700000000000000000000000000000000000C3
:10BD800000000000000000000000000000000000B3
:10BD900000000000000000000000000000000000A3
:10BDA0000000000000000000000000000000000093
:10BDB0000000000000000000000000000000000083
:10BDC0000000000000000000000000000000000073
:10BDD0000000000000000000000000000000000063
:10BDE0000000000000000000000000000000000053
:10BDF0000000000000000000000000000000000043
:10BE00000000000000000000000000000000000032
:10BE10000000000000000000000000000000000022
:10BE20000000000000000000000000000000000012
:10BE30000000000000000000000000000000000002
:10BE400000000000000000000000000000000000F2
:10BE500000000000000000000000000000000000E2
:10BE600000000000000000000000000000000000D2
:10BE700000000000000000000000000000000000C2
:10BE800000000000000000000000000000000000B2
:10BE900000000000000000000000000000000000A2
:10BEA0000000000000000000000000000000000092
:10BEB0000000000000000000000000000000000082
:10BEC0000000000000000000000000000000000072
:10BED0000000000000000000000000000000000062
:10BEE0000000000000000000000000000000000052
:10BEF0000000000000000000000000000000000042
:10BF00000000000000000000000000000000000031
:10BF10000000000000000000000000000000000021
:10BF20000000000000000000000000000000000011
:10BF30000000000000000000000000000000000001
:10BF400000000000000000000000000000000000F1
:10BF500000000000000000000000000000000000E1
:10BF600000000000000000000000000000000000D1
:10BF700000000000000000000000000000000000C1
:10BF800000000000000000000000000000000000B1
:10BF900000000000000000000000000000000000A1
:10BFA0000000000000000000000000000000000091
:10BFB0000000000000000000000000000000000081
:10BFC0000000000000000000000000000000000071
:10BFD0000000000000000000000000000000000061
:10BFE0000000000000000000000000000000000051
:10BFF0000000000000000000000000000000000041
:10C0000000200420F7C00010C3C00010C5C00010FD
:10C01000C1C00010C1C00010C1C00010C1C00010DC
:10C02000C1C00010C1C00010C1C00010C7C00010C6
:10C03000C1C00010C1C00010C9C00010CBC00010AA
:10C04000CDC00010CDC00010CDC00010CDC000107C
:10C05000CDC00010CDC00010CDC00010CDC000106C
:10C06000CDC00010CDC00010CDC00010CDC000105C
:10C07000CDC00010CDC00010CDC00010CDC000104C
:10C08000CDC00010CDC00010CDC00010CDC000103C
:10C09000CDC00010CDC00010CDC00010CDC000102C
:10C0A000CDC00010CDC00010CDC00010CDC000101C
:10C0B000CDC00010CDC00010CDC00010CDC000100C
:10C0C00000BE00BE00BE00BE00BE00BEEFF3058095
:10C0D000103800BEF2EB8871B8EC0310ECEC0310E2
:10C0E00038C1001090A31AE71E481F49086006C80F
:10C0F00081F3088810471D480068002801D01948BE
:10C10000F3E70DA40ECC002902D000F012F8F9E7F5
:10C110001749184A002000E001C19142FCD116499C
:10C120008847164988471649884700BEFDE701C978
:10C1300001C29A42FBD37047ECEC0310C000002010
:10C14000C81C0020F4080410000004200000042093
:10C15000F408041000100420001004200000000067
:10C16000704700000000000008ED00E0000000D073
:10C17000C81C0020009B0220ED5402109DE5001019
:10C18000AF540210F8B5C04606480749091A8B108B
:10C19000C90FC91810B5491003D0044B002B00D0AB
:10C1A000984710BDC81C0020C81C002000000000DB
:10C1B000054B10B5002B03D00449054800E000BF33
:10C1C000FFF7E2FF10BDC04600000000943C0020D5
:10C1D0005055031030B5032910D80023002406E081
:10C1E0000268D25C55426A4114430133DBB2CAB2E1
:10C1F0009A42F5D801235C40E0B230BD0020FCE754
:10C20000094B0A4A1A6000221A719A6019000C310F
:10C21000D9621A8604325A86053A9A8600203C2151
:10C220005854DA877047C046142A00207411002041
:10C2300010B5C0218901024829F022F910BDC0467D
:10C2400000D01F0010B50100C0229201014829F062
:10C25000F7F810BD00D01F0010B50800110017F04E
:10C2600081FF10BD10B5080017F094FF10BD10B588
:10C27000080017F061FF10BD10B50400080080230E
:10C280005B029C420DD221000931230009330AD2FE
:10C2900003681B689847002802D0C480012383806C
:10C2A00010BD0020FCE70020FAE70000F8B5070009
:10C2B0000D00140000280ED080235B02994210D29A
:10C2C00013689B680A000932010020009847061E87
:10C2D00008D0C5800BE0074B074A0848332119F006
:10C2E000E9F8002623685B68390020009847300091
:10C2F000F8BDC04650550310605503101C5603107E
:10C3000010B50368002B04D042688A4207D3585CFA
:10C3100010BD064B064A07482B2119F0CBF8064BF7
:10C32000034A04482C2119F0C5F8C046785603107A
:10C3300084560310CC5603103457031070B5040014
:10C340000D0005E00B6823602B685B6828009847A8
:10C3500021680029F6D170BD10B5002903D003680B
:10C360000B60016010BD034B034A0448433119F0D0
:10C37000A1F8C04650550310EC5703109057031016
:10C3800070B50368002504E01968016011E01D0024
:10C390001B68002B12D01C0008348C42F7D19988FE
:10C3A000013989B29980002908D1002DECD0196893
:10C3B000296011684C6819001000A04770BD00008A
:10C3C00010B50068002800D010BD034B034A044894
:10C3D000272119F06FF8C0464C580310605803101D
:10C3E000CC58031070B504000D000B79042B0CD051
:10C3F000052B17D0022B1ED1080027F02BFB256040
:10C40000606000232372200070BD0D68002D07D0EE
:10C41000280027F01FFB2560606001232372F2E7EC
:10C420000020F8E70B681A000832DB8802604360DE
:10C4300000230372E7E700230360436001330372C4
:10C44000E1E7000010B50379002B03D10623037147
:10C45000017010BD034B044AD4210448FF3119F088
:10C4600029F8C046305903104C5903109059031055
:10C4700010B50379002B05D1002909D005230371DC
:10C48000016010BD064B074A0748084919F012F829
:10C49000074B044A89310448890019F00BF8C0465B
:10C4A00030590310F0590310905903102302000073
:10C4B000EC99031010B50379002B08D140230371C8
:10C4C000002303804380013B0380438010BD034B66
:10C4D000034A8E210348890018F0ECFF30590310FD
:10C4E0005C5A03109059031010B50379002B08D142
:10C4F00020230371002303804380013B038043809A
:10C5000010BD034B034A0448044918F0D3FFC0464A
:10C5100030590310BC5A0310905903104602000012
:10C5200010B504004168002904D003681868036846
:10C530005B689847200010BD70B50400002383603D
:10C540004368002B00D070BD056829681F20FFF7E5
:10C5500093FE002801D06060F5E701232B71FAE714
:10C5600070B504000D004068002803D0A168C3889E
:10C57000994208D06368002B04D0A268511CA160C6
:10C580009B181D7270BD2668490001313268FFF7A3
:10C590008DFE002801D06060ECE701233371FAE7DB
:10C5A00010B54B68002B0AD08A689B1800221A72BB
:10C5B0004B680833896803604160027210BD034B09
:10C5C000034A04484D2118F075FFC046205B031054
:10C5D000345B0310905B031000B587B000900191AD
:10C5E000002804D0010003A8FFF7FCFE039807B061
:10C5F00000BD000010B50378052B03D8044A9B004A
:10C60000985810BD034B044A0448452118F052FFC6
:10C610005C110020F05B0310345C03107C5C0310A1
:10C6200010B50078002802D00138C0B210BD034B0D
:10C63000034A0448132118F03DFFC046EC5C031088
:10C64000F85C0310845D0310A0239B01CB189BB200
:10C650008022D20093420AD390239B01CB189BB235
:10C660008022D200934207D34160012070478905A0
:10C67000890D01800020F9E703889B028905890D57
:10C680000B43802252029446634443600120EDE74D
:10C6900010B50378022B02D1C168806810BD034B2E
:10C6A000034A0448532118F005FFC046EC5D03100F
:10C6B000105E0310745E031010B50378032B02D1D3
:10C6C000C168806810BD034B034A0448582118F024
:10C6D000F1FEC046D45E0310FC5E0310745E0310CE
:10C6E00010B50378012B01D1806810BD024B034ABD
:10C6F00003485D2118F0DEFE605F03107C5F0310CD
:10C70000745E031010B50378042B02D1C1688068F1
:10C7100010BD034B034A0448632118F0CBFEC0460A
:10C72000BC5F0310D85F0310745E031030B589B08E
:10C730000500324B32481860C0229201290026F0D1
:10C74000D5FF002843D01EF0D1F900240AE02000D4
:10C7500014F01AFF01AB18550021200014F02EFF31
:10C760000134E4B2192CF2D9FA24E400254822005D
:10C77000002116F019FA16F0F3F8234822002900D8
:10C7800016F012FA002406E001AB195D200014F047
:10C7900015FF0134E4B2192CF6D91EF079FA15F020
:10C7A0009FFE1A4A002316F079FB1000190016F0BC
:10C7B0006DFE0022164B16F080FD02000B0015489E
:10C7C00019F05EF8144819F02BF809B030BD15F0D7
:10C7D00087FE0E4A002316F061FB1000190016F0C8
:10C7E00055FE00220A4B16F068FD02000B000948B6
:10C7F00019F046F8094819F013F8E6E75811002037
:10C8000000D01F1031C2001045C2001040420F007E
:10C8100000408F4018600310246003103C60031038
:10C8200010B5014814F088FD5860031010B5014898
:10C8300014F082FD7460031010B515F051FE0E4A1D
:10C84000002316F02BFB1000190016F01FFE00222B
:10C850000A4B16F032FD02000B00094819F010F8DF
:10C86000084818F0DDFF1EF041F9FA2001214000D0
:10C8700016F0BEF8FEE7C04640420F0000408F4071
:10C88000186003109060031010B5D0231B0680249D
:10C8900064015C628020000158628021C9005962F5
:10C8A000802292015A629C61986199619A6110BDDF
:10C8B00010B50068002800D010BD034B034A04489F
:10C8C000262118F0F7FDC046B4610310C4610310BF
:10C8D0003862031010B5016082804B425941074B0A
:10C8E0009C46624453425A418A4200D110BD044BD7
:10C8F000044A0548162118F0DDFDC0460100FFFF7F
:10C9000094620310B86203103862031010B5006817
:10C91000002800D010BD034B034A0448262118F01C
:10C92000C9FDC046B461031084630310386203106C
:10C930007047000010B5016082804B425941074B9F
:10C940009C46624453425A418A4200D110BD044B76
:10C95000044A0548162118F0ADFDC0460100FFFF4E
:10C9600094620310086403103862031010B501606C
:10C9700082804B425941074B9C46624453425A4184
:10C980008A4200D110BD044B044A0548162118F014
:10C9900091FDC0460100FFFF94620310E0640310A4
:10C9A0003862031001604260002303727047000088
:10C9B000F0B5C64600B505000E000479002C13D171
:10C9C0004B68032B16D8022303714B689846DFB2DD
:10C9D000BC421CD221003000FFF792FC002810D08E
:10C9E00028550134E4B2F3E70D4B0E4A0E480F49C7
:10C9F00018F060FD0E4B0B4A85210B48890018F09A
:10CA000059FD0C4B074A08480B4918F053FDFF230A
:10CA1000424613400022EA5480BCB846F0BDC046EE
:10CA200030590310B0650310905903101302000031
:10CA300048660310686603101B02000070B5141EE0
:10CA400004DD0C4E002C03DD002506E00A4EF9E75C
:10CA50006442F9E764100135EDB2002C08D0E30719
:10CA6000F8D5EB00F3181A685B6816F044FCF1E7A0
:10CA700070BDC04618C40310D0C3031070B50C1E9F
:10CA800004DD0B4E002C03DD002506E0094EF9E71E
:10CA90006442F9E764100135EDB2002C06D0E307DB
:10CAA000F8D5AB00F15817F05AF9F3E770BDC0465E
:10CAB000B8C30310A0C3031010B5040008006168D8
:10CAC000002902D003685B689847002363602380D5
:10CAD000638010BD70B505000E00002407E0286AD1
:10CAE000E300C0183100FFF7E7FF0134A4B2AB8CBC
:10CAF000A342F4D80023AB84013B2B85296AA942C9
:10CB000006D033685B68300098472D620423EB84BD
:10CB100070BD10B5040001680C30FFF7DBFF002387
:10CB20002371216820000830FFF708FC10BD10B504
:10CB30000400080061686288D20003689B68984717
:10CB4000002802D060606388238010BD70B50400A7
:10CB50000D00838C002B11D1216AA1420DD0A28C33
:10CB6000E38C9A4209D0D2002B689B682800984732
:10CB7000206200280BD0A38CE38470BD006A074AB2
:10CB800094466344DB00C018FFF7D1FFE4E7044B91
:10CB9000044A0548922118F08DFCC046FFFFFF1F94
:10CBA00070660310846603105461031010B5438847
:10CBB0008B4203D94068C900401810BD024B034A9C
:10CBC00003484B2118F076FC306703103C670310D4
:10CBD0003862031010B50B4B994211D0CB097F225C
:10CBE0001140828C9A4205D9006ADB00C018FFF719
:10CBF000DDFF10BD044B054A0548712118F05AFCB1
:10CC00000020F6E7FFFF00002468031038680310D7
:10CC10005461031070B505000C000E8D0A4B9E4246
:10CC20000CD031002000FFF7D5FF010003882385D9
:10CC300032002800FFF77EFE280070BD034B044A37
:10CC40000448992118F036FCFFFF00002469031006
:10CC50003C6903105461031010B582B004000091C8
:10CC600001924188084A914205D16B469B88038016
:10CC7000438002B010BD0C331800FFF7ABFF6B46CA
:10CC80009B88C3806380F4E7FFFF000070B5040059
:10CC90000368002B08D0DD880C3108002900FFF75D
:10CCA00099FF2060A58070BD024B034A0348102104
:10CCB00018F000FCF0690310F86903106C6A0310A7
:10CCC00082B030B583B004006846009101920793AA
:10CCD000FFF7EEFD07AB9D88C58061880A4B99423E
:10CCE00008D16B469B882380658003B030BC08BCAC
:10CCF00002B0184709980C30FFF76CFF6B469B8811
:10CD0000C3806580F1E7C046FFFF000070B584B0C6
:10CD100004000D000C30FFF75DFF010002AE2A0099
:10CD20003000FFF707FE6D4608223100684617F015
:10CD30004FFAA28E009B1A80AB88A38604B070BD08
:10CD4000F0B5C64600B582B080460E00048810E0FB
:10CD500030000C302100FFF73DFF0100C7882200A2
:10CD60006846FFF7B7FD0099019A300000F031F8EE
:10CD70003C00064B9C42EBD101235B4242461380B0
:10CD8000538002B080BCB846F0BDC046FFFF000033
:10CD900070B504000D000379DB070DD42379DB06A1
:10CDA00012D4237960221A4203D029002000FFF711
:10CDB000C7FF0023237170BD016808312A6828006D
:10CDC0000830FFF7DDFAE9E721882800FFF79EFF2A
:10CDD000E7E770B586B004006D46009101926846A1
:10CDE000FFF766FD2100FFF7D3FF0098FFF7A0FDD6
:10CDF0000100AA8804AE3000FFF79CFD02AD0822B6
:10CE00003100280017F0E4F9A28E029B1A80AB884B
:10CE1000A38606B070BD10B50B000279D20605D509
:10CE200001880C331800FFF7D5FE10BD0020FCE789
:10CE3000704770B504000800FFF7FAFF230026C80A
:10CE400026C3200070BD704710B504004B68002B4E
:10CE500009D04A880888824209D300232360013B15
:10CE6000A380200010BD0360013B8380F9E7501CC4
:10CE70004880D10059182000FFF75CFDF1E7000061
:10CE800030B583B005008B8C002B15D0013B9CB2D4
:10CE9000096AE300C9186846FFF7D6FF0099002920
:10CEA00010D06B469A88E401121992B22800FFF75D
:10CEB00041FD280003B030BD054B064A0648A121BC
:10CEC00018F0F8FA00232B60013BAB80F1E7C04675
:10CED000D06A0310DC6A03105461031070B50400BB
:10CEE0000800E38C80229200934219D05B009DB22F
:10CEF000216AA14209D0EA0003689B689847061E90
:10CF000012D02662E584012070BDE90003681B6829
:10CF10009847061E06D02022210017F059F9F0E7A5
:10CF20000020F1E70020EFE70020EDE770B50500F5
:10CF30000C00100000290AD0C90013681B6898472C
:10CF40006860002809D02C8000236B8070BD044BE2
:10CF5000044A0548332118F0ADFA0024F3E7C0462F
:10CF6000906B0310986B03103862031070B50400C7
:10CF70000E00828CC38C9A4211D0236AA58C681C47
:10CF800080B2A084ED005D1980239B0098420CD0F4
:10CF9000802132002800FFF7C9FF280070BDFFF78D
:10CFA0009DFF0028E9D10025F7E77F21F1E7000088
:10CFB000F0B583B007000C0016000D8D124B9D429A
:10CFC0000DD18B8C002B0FD06846FFF759FF009BCB
:10CFD000002B09D06B463A0003CB03C201E0FFF7F8
:10CFE00019FE380003B0F0BD31002000FFF7BEFF8E
:10CFF000002804D021003800FFF742FFF1E70023AA
:10D000003B60013BBB80ECE7FFFF000030B583B025
:10D0100005000C000A680C316846FFF7C9FF009B49
:10D02000002B10D06846FFF771FC011E03D00023CF
:10D030000371013BC3806B469A882800FFF74AFCC6
:10D04000280003B030BD0133237100232B60013B66
:10D05000AB80F5E770B582B005000C006846FFF7BD
:10D06000D5FF009E002E05D023003100019A280034
:10D07000FFF7F2FD300002B070BDF0B587B00500DB
:10D080000E001400110004A8FFF7C0FF049F002F3A
:10D0900010D0210002A8FFF7B9FF029B002B0CD093
:10D0A00033600194039B0093029B0499059A280026
:10D0B000FFF706FE380007B0F0BD1F00FAE730B5F5
:10D0C00083B005000C000A680C316846FFF770FF5A
:10D0D000009B002B0BD06C466846FFF717FC010045
:10D0E000A2882800FFF742FC280003B030BD0133BE
:10D0F000237100232B60013BAB80F5E782B070B554
:10D1000084B001AC01906160A2600993002816D040
:10D11000099B002B19D0029E0A9B9E421DD1002420
:10D12000B44218D2210001A8FFF7EAF80500210057
:10D1300009A8FFF7E5F8854215D10134F0E70B4B5C
:10D140000B4A0C482D2118F0B5F90B4B084A094839
:10D150002E2118F0AFF9012000E0002004B070BCCF
:10D1600008BC02B018470020F8E7C046A46C0310C2
:10D17000B46C0310206E0310846E031030B587B0BA
:10D180000D00046800E02468002C11D02100083153
:10D19000E28803A8FFF706FC04AB6A4603CB03C290
:10D1A000039B28686968AA68FFF7A8FF0028EAD0EF
:10D1B000200007B030BD0000F0B589B005000E1E9C
:10D1C00025D04468002C28D00834019487683900A1
:10D1D00001A8FEF7FFFF002825D1E41900232370E2
:10D1E0002C6805AFAA6801993800FFF7DBFB200027
:10D1F00008303900FFF7C2FF041E1FD083880133B7
:10D20000838021003000FFF733F909B0F0BD174BE0
:10D21000174A18481D2118F04DF9174B144A1548A4
:10D220001E2118F047F902AD3A0021002800FFF74F
:10D23000B9FB29003000FFF7BBFBE6E72F68686801
:10D24000A9683A68FFF732F8041E07D0286808304A
:10D250002100FFF781F800236B60D2E701233B71C7
:10D26000064B034A03482A2118F024F9946E031050
:10D27000A86E0310905B0310205B03105055031041
:10D2800070470000F0B5DE4657464E464546E0B5CD
:10D2900087B08246884600291CD009782B291FD0E8
:10D2A0002D2923D12C398C46E0448B464146087801
:10D2B00001003039C9B2092937D92E2861D000239D
:10D2C00052461370504607B0F0BCBB46B246A94662
:10D2D000A046F0BD9F4BA04AA0486E3118F0EAF876
:10D2E00001218C46E04400218B46DFE700218B467C
:10D2F000DCE79B498C4226D96346002B5AD15B461A
:10D30000002B41D080231B069D4255D801D1002C13
:10D3100052D100236242AB4102215046017082602B
:10D32000C360CFE74C4522D9E6E7002400254146FB
:10D3300009788C463039C9B289460929DCD889492F
:10D340008D42D9D8D5D0A10FAB000B43A20020004D
:10D3500029008018594100184941009001910400AA
:10D360000D004E460027F1438946691CDAD000982B
:10D3700001998019794104000D0001218C46E04497
:10D38000D5E700240025D2E70323524613709460AA
:10D39000D56097E70A2200232000290015F07EFDC2
:10D3A00004000D00013636B280235B039D42F1D2AA
:10D3B000414606E00026F7E70026F5E7013636B2DB
:10D3C00001310A781300303BDBB2092BF6D98846CD
:10D3D0002E2A0FD043461B78652B35D0452B33D0F2
:10D3E0000022B61843461B78002B7DD000235246FE
:10D3F000137067E701239C46E044B446424613E0BD
:10D40000A70FA9003943A00024184D4124196D41EC
:10D41000029300230393029E039FA4197D41664655
:10D42000013E33B29C4601321378303BDBB2092B0C
:10D4300007D84D4FBD42F6D8E2D14C4FBC42F2D88E
:10D44000DEE766469046C5E74346581C5B782D2BC1
:10D4500015D02B2B16D00027002201780B00303B73
:10D46000DBB2092B39D893009B185B0030395A186E
:10D47000B1189A235B00994208DC0130EDE70130D6
:10D480000127E9E7404602300027E5E7002F0BD0EF
:10D490005B46002B06D080221206012351460B70FA
:10D4A0008A600FE70022F8E75B46002B0ED00020D1
:10D4B0002F49FFF7E5FE0D000200802109066B18D9
:10D4C0000421504601708260C360FBE600202849B9
:10D4D000FFF7D6FE02000B00F2E7002F02D0524207
:10D4E00080467EE780467CE7330026334C2B01D80C
:10D4F000002D15D02000290015F0C8FF3200FFF7DD
:10D500009DFA04000D005B46002B03D08021090624
:10D510006B181D000423524613709460D560D1E649
:10D52000002D03D180231B049C42E3D2200029005C
:10D5300016F0DCFC3100FFF7A1FA5B46002B04D1AA
:10D540000123524613709060BCE680231B069C4664
:10D550006044F5E7106F0310186F0310745E03103A
:10D5600099999999999999199999010098999999DD
:10D570000000F07F7047000010B5FFF7FBFF006868
:10D58000002800D010BD0148FCE7C0468CBE031047
:10D59000704710B504000800FFF7FAFF206004236D
:10D5A0006360033B2372200010BDF0B587B0040018
:10D5B0000E00110003AD2800FFF7EBFF6B466A4633
:10D5C00083CD83C2220040C223CB23C2200007B0F8
:10D5D000F0BD704710B504000800FFF7FAFF2060A7
:10D5E00007236360063B2372200010BDF0B587B0AF
:10D5F00004000E00110003AD2800FFF7EBFF6B469F
:10D600006A4683CD83C2220040C223CB23C22000BE
:10D6100007B0F0BD704770B504000800FFF7FAFFCF
:10D62000230026C826C3200070BD82B0F0B58BB0A1
:10D63000060010921193139D131E0AD00C88280027
:10D640000C302100FFF7C6FA029002AB9C80012447
:10D650000FE00260013B838030000BB0F0BC08BCDF
:10D6600002B0184701235C40E4B2290002A8FFF78A
:10D670000DFB029B002B1ED0002CF3D002A8FEF75E
:10D680009FFE010004AF3800FEF7ACFE390007A88A
:10D69000FFF7C1FF08AB6A4603CB03C2079B109894
:10D6A0001199129AFFF72AFD0028DBD002AB320055
:10D6B00003CB03C2D0E73360013BB380CCE710B5A6
:10D6C00088B00391049205930A9B0193059B0093F4
:10D6D0000A00049B010006A8FFF7A7FF0698002890
:10D6E00004D00A9906A8FFF7D1FA069808B010BD31
:10D6F0000023FF2282425B41D8B2704710B504007C
:10D70000FFF7F6FF002801D0E0B210BD0020FCE7D3
:10D71000002806DBC30FFF22002182424B41D8B212
:10D7200070470020FCE710B50400FFF7F1FF002868
:10D7300001D0E0B210BD0020FCE70123002902D196
:10D7400002D1FF2800D90023D8B2704710B50400D9
:10D75000FFF7F3FF002801D0E0B210BD0020FCE786
:10D7600000290ADB0123002902DD0023D8B270471B
:10D770000029FBD1FF28F9D9F7E70020F7E710B51A
:10D780000400FFF7EDFF002801D0E0B210BD00203B
:10D79000FCE7000010B5041C002116F027FB002850
:10D7A00007D00549201C16F019FB002802D00120E3
:10D7B00000E0002010BDC04600007F4310B5041CEF
:10D7C000FFF7E8FF002804D0201C16F075FBC0B25C
:10D7D00010BD0020FCE7000070B504000D00002221
:10D7E000002315F0E1FD002809D00022054B2000A0
:10D7F000290015F0D1FD002802D0012000E0002012
:10D8000070BDC04600E06F4070B504000D00FFF72A
:10D81000E3FF002805D02000290015F01FFEC0B24C
:10D8200070BD0020FCE710B50378032B18D00AD890
:10D83000012B11D0022B04D1C1688068FFF79FFF34
:10D840000DE000200BE0042B04D1C1688068FFF7D5
:10D85000DBFF04E0002002E08068FFF7AFFF10BDAF
:10D86000C1688068FFF772FFF9E710B584B0010066
:10D870006846FFF707FD6846FFF7D5FF04B010BD07
:10D8800010B50400FFF7C7FA23791E2B31D89B008F
:10D89000194AD3589F4620782CE02068FFF72EFFC6
:10D8A00028E02068FFF73FFF24E041680068FFF7A9
:10D8B0004DFF1FE041680068FFF761FF1AE020009C
:10D8C000FFF7D3FF16E020680028F9D10B4B0C4A74
:10D8D00018210C48FF3117F0EDFD20680830EFE704
:10D8E0002068FFF76BFF05E041680068FFF78CFFD9
:10D8F00000E0002010BDC0468CC20310786F0310FA
:10D90000886F0310905903102F2801D939280ED998
:10D910002E280ED005D9452811D0652811D164389C
:10D9200006E02B2807D02D2807D12C3800E0012055
:10D9300070470120FCE70120FAE70020F8E701200A
:10D94000F6E70020F4E7000010B50379002B04D1BE
:10D950000E2303710160012010BD034B034AED212A
:10D960000348490017F0A6FD305903101870031042
:10D970009059031010B58379002B0BD103685A1C02
:10D9800002601B78002B0BDD002B0CDB03710123E5
:10D99000437110BD054B064A0648252117F08AFD44
:10D9A00001228271F0E70023F0E7C04624710310E2
:10D9B0002C710310AC71031010B50400200010305E
:10D9C000637D002B0FD0237D002B0FD0202B14D88C
:10D9D000092B12D3093BDBB20A4ADA40D2070CD535
:10D9E00000236375EAE7FFF7C5FFECE7237B002B15
:10D9F00001D1012004E0022002E001232373002072
:10DA000010BDC0461300800070B504000D0010303A
:10DA1000637D002B06D0237D9D4206D100236375D4
:10DA2000012070BDFFF7A6FFF5E70020F9E770B50C
:10DA300004000D0008E0237D002B10D02A789A42C4
:10DA40000FD10135002363752878002808D0200005
:10DA50001030637D002BEED1FFF78CFFEBE7022047
:10DA600070BD0320FCE770B505000E0000230B809D
:10DA700000240EE0FFF77EFF12E0303BDBB20F2BFD
:10DA80001CD8328812011343338000236B75013494
:10DA9000E4B2032C0ED8280010306B7D002BE9D0A7
:10DAA0002B7D002B08D0402BE7D920229343373B16
:10DAB000DBB2E4E7002070BD0220FCE70320FAE7B8
:10DAC00030B583B00D007F2811D9694600230B7053
:10DAD0003F220240803B13434B70800983B21F2BCF
:10DAE0000AD840235B4203438B70CC1C25E0C1B2B3
:10DAF0002800FEF735FD24E03F21014080225242FC
:10DB00000A4369468A709A090F2A05D820235B4286
:10DB10001343CB7001AC10E03F21114080225242F0
:10DB20000A436946CA701B0B1022524213430B7101
:10DB30004C1D02E02800FEF713FD013C217800296E
:10DB4000F8D103B030BD000070B584B0040002AB62
:10DB500000221A80039206001036437D002B03D06A
:10DB6000257D0023637526E03000FFF703FFF7E70C
:10DB70003000FFF7FFFE21E0002363756B46991D1F
:10DB80002000FFF770FF002801D004B070BD6B4685
:10DB9000D98802A8FEF758FD00280CD00398210070
:10DBA000FFF78EFF07E05978002929D0002363751D
:10DBB0002000FEF7D5FC637D002BD9D0217D00230A
:10DBC00063758D4213D0002916D05C29F0D1300046
:10DBD000FFF7D0FE227D002A10D0752ACCD00A4B48
:10DBE00019780029E0D08A42DDD00233F8E7636873
:10DBF000002B07D00020C8E70220C6E70220C4E7B8
:10DC00000320C2E70420C0E70472031070B50400CB
:10DC10000E00FEF791FC2000FFF796FF051E01D0D5
:10DC2000280070BD31002000FFF7C6FAF8E7012098
:10DC3000002900D00020C0B27047000010B5006875
:10DC4000002800D010BD034B034A0448262117F0DA
:10DC500031FCC046B461031018720310386203101F
:10DC6000F0B583B0040016001F000379002B0BD120
:10DC700010003900FFF7DBFF051E0BD00A232371CC
:10DC80002660280003B0F0BD0B4B0C4A0C487E21E7
:10DC900017F010FC08996846FFF711FA009B002B5B
:10DCA000EFD01A232371684683882380FFF7C6FFCD
:10DCB000066047600125E4E73059031094720310B1
:10DCC00008740310F0B583B0040016001F00037938
:10DCD000002B12D11000390015F010FC051C16F0B5
:10DCE00013F932003B0015F049FB00280BD00E233E
:10DCF00023712560012003B0F0BD0D4B0D4A0E4885
:10DD00004C2117F0D7FB08996846FFF7D8F9009B1C
:10DD1000002B0AD01E232371684683882380FFF7D7
:10DD20008DFF066047600120E5E70020E3E7C0467D
:10DD3000305903106874031008740310802212060F
:10DD40000023801859410123002900D00023D8B2B4
:10DD500070470000F0B583B0040016001F0003797F
:10DD6000002B0BD110003900FFF7E8FF051E0BD088
:10DD70000C2323712660280003B0F0BD0B4B0C4A26
:10DD80000C48672117F096FB08996846FFF797F94A
:10DD9000009B002BEFD01C232371684683882380CF
:10DDA000FFF74CFF066047600125E4E73059031098
:10DDB0007475031008740310F0B5CE46474680B55D
:10DDC00087B006008946102398468044437D002B87
:10DDD00014D0377D00243800FFF796FD002811D0BD
:10DDE0003E2C0FD800237375651CEDB234192777CC
:10DDF0004046FFF7BFFD377D2C00ECE74046FFF7BC
:10DE0000B9FDE6E734190023237731001C3102AC59
:10DE10002000FFF737FA2478032C26D013D8012CE2
:10DE200036D0022C0DD102A8FEF732FC02000B0006
:10DE3000B16900914846FFF78DFF002836D00024D5
:10DE400020E003241EE0042C0DD102A8FEF75AFCAA
:10DE500002000B00B16900914846FFF733FF00282C
:10DE600010D000240EE003240CE002A8FEF724FCEE
:10DE700002000B00B16900914846FFF7F1FE00284F
:10DE800012D00024200007B0C0BCB946B046F0BD97
:10DE900002A8FEF725FC011CB2694846FFF754FDB5
:10DEA000002805D00024EDE70424EBE70424E9E78B
:10DEB0000424E7E72F2801D9392809D95E2801D998
:10DEC0007A2807D9402807D95A2807D9002004E022
:10DED000012002E0012000E0002070470120FCE763
:10DEE00070B5040006001036437D002B09D0257D57
:10DEF000002D0AD02800FFF7DDFF002812D10320F3
:10DF000020E03000FFF736FDF1E7104B104AE22128
:10DF10001048490017F0CEFA257D2800FFF7CAFF08
:10DF200000280CD00023637529002000FEF718FBA1
:10DF3000637D002BF0D13000FFF71CFDECE7636838
:10DF4000002B00D070BD0420FCE7C04680A3031066
:10DF5000DC760310A477031010B50400FEF7ECFA8A
:10DF600020001030637D002B08D0237D272B08D0A4
:10DF7000222B06D02000FFF7B3FF05E0FFF7FAFCE5
:10DF8000F3E72000FFF7E0FD10BD0000F0B58DB015
:10DF900005000E0003AA1370DBB2002B00D17BE05A
:10DFA00010306B7D002B0CD02B7D7B2B0CD10023F4
:10DFB0006B752800FFF700FD041E0BD020000DB08C
:10DFC000F0BDFFF7D7FCEFE7344B354A3548F32176
:10DFD00017F070FA7D212800FFF716FD00282CD0DD
:10DFE000ECE7AA6905A93000FFF747F8011E4DD0FC
:10DFF0002800FFF7E1F8059C03A8FEF711FB031CBE
:10E0000000222100280000F04FF8041ED6D128007D
:10E01000FFF7D2FC041ED1D17D212800FFF7F4FCCC
:10E020000028CBD12C212800FFF7EEFC002831D0AE
:10E030002800FFF7C1FC041EC0D12800FFF78CFFA9
:10E04000041EBBD12800FFF7B7FC041EB6D13A214D
:10E050002800FFF7D9FC00281AD006AF29003800A5
:10E06000FEF79EFA09AC39002000FEF7E2FEAB692C
:10E07000009309990A9A0B9B3000FFF720FB05904B
:10E080000028AED0A969FEF783FEB4E7042495E723
:10E09000032493E7032491E705248FE70478031012
:10E0A00018780310A477031070B506000C001D1C2F
:10E0B000FFF782FC00281CD130001030737D002B4C
:10E0C0000CD0337D7B2B10D85B2B0AD35B3BDAB2B1
:10E0D000202A0AD893001F4AD3589F46FFF74AFCCC
:10E0E000EFE7222B1AD0272B18D021003000FFF7A2
:10E0F00063FE70BD2000FEF7DDF901002B1C00223D
:10E10000300000F08BF8F4E72000FEF7EDF9010095
:10E110002B1C00223000FFF739FFEAE72100300016
:10E12000FFF774FDE5E701212000FEF78BF90A49AE
:10E130003000FFF77CFCDCE700212000FEF782F9CD
:10E1400006493000FFF773FCD3E705493000FFF7BD
:10E150006EFCCEE708C303108079031048830310D8
:10E160008879031070B504000D000022FFF79CFFB2
:10E17000002806D1237D002B03D02B791B0700D567
:10E18000032070BDF0B5C64600B59AB004008846BD
:10E1900001AE328007003837FEF7BBFC00233B712D
:10E1A00003AD0394049305932B73424607926B755A
:10E1B000AB7509947378002239002800FFF7D2FF6D
:10E1C000061C2800FEF7ACF9216820000C30FEF791
:10E1D000BDFC301C1AB080BCB846F0BD10B582B092
:10E1E00004000800FFF7C6F9FFF7C6F9010001AB0C
:10E1F0000A225A701A886B461A80009A2000FFF78C
:10E20000C1FF02B010BD00B583B00191FEF71BFE47
:10E2100001A9FFF7E3FF03B000BD000070B582B0B5
:10E2200005000E0001AA1370DBB2002B43D01030A2
:10E230006B7D002B0CD02B7D5B2B0CD100236B75E1
:10E240002800FFF7B9FB041E0BD0200002B070BD00
:10E25000FFF790FBEFE71A4B1A4A1B489D2117F076
:10E2600029F95D212800FFF7CFFB0028EDD1A9692E
:10E270003000FEF7EFFE041E1FD001A8FEF7D0F914
:10E28000031C002221002800FFF70EFF041EDCD132
:10E290002800FFF791FB041ED7D15D212800FFF76E
:10E2A000B3FB0028D1D12C212800FFF7ADFB0028BB
:10E2B000DDD10334C9E70524C7E70424C5E7C04618
:10E2C00090790310A4790310A477031070B58AB075
:10E2D0000391049205930379202B0ED107AA03AB77
:10E2E00070CB70C2002806D00E9A00920799089A47
:10E2F000099BFFF7E4F90AB070BD0020EEE7F0B526
:10E3000087B0030002CB0800383003AAE0CBE0C29C
:10E310000B00383305D000910399049A059BFFF751
:10E32000D5FF07B0F0BD10B582B00400FFF7E7FFDE
:10E33000216800900191FEF74FF902B010BD000076
:10E3400030B57E4CA5447E4B7E4A1A60002012F008
:10E3500067FE22F049FF002819D022F0F3FF7A4926
:10E360000122C6208001684420F0DEFF002825D16C
:10E37000764B774A774969447748684421F0B7FD7E
:10E3800000285AD10124002C5CD101251BE014F097
:10E39000A7F8724A002314F081FD1000190015F04F
:10E3A00075F800226E4B14F088FF02000B006D48D8
:10E3B00017F066FA6C4817F033FACEE7022000F047
:10E3C000C5FB01240025C0229201002102A815F0FE
:10E3D000FFFE00230193002D01D0002C46D1584BA5
:10E3E0001968C022920102A815F0F2FE5F4802A946
:10E3F000FFF709FF6B461870C3B2002B66D15C4C67
:10E400006C445C4A59492000FFF7CFF82000FFF721
:10E410008AFF5949032225F051FA002800D074E000
:10E42000564B01221A7048490022002020F07CFF40
:10E43000FEF72AFA524B9D4430BD032000F086FBC4
:10E440000024A0E701224F4969444F48684420F066
:10E450009BFF002808D0082801D12500B3E703203E
:10E4600000F074FB2500AEE72500ACE7C02201AB4D
:10E47000920102A94448684421F03CF900280AD0DE
:10E48000032000F063FB2E4B1968C022920102A802
:10E4900015F09EFEAAE714F023F8304A002314F08A
:10E4A000FDFC1000190014F0F1FF00222C4B14F0B9
:10E4B00004FF02000B002B4817F0E2F901993348E2
:10E4C00017F0DEF902A8FEF731F98FE714F008F82B
:10E4D000224A002314F0E2FC1000190014F0D6FFC9
:10E4E00000221F4B14F0E9FE02000B001D4817F03C
:10E4F000C7F96846FEF77EF80100254B180017F0B3
:10E50000BFF9032000F054FB79E7224C6C44194A10
:10E5100016492000FFF749F82000FFF704FF1E49C5
:10E52000072225F0CBF9002803D1144B02221A70E0
:10E5300079E7124B00221A7075E7C04694C9FFFFB5
:10E540005811002000D01F101C7B0310207B0310EB
:10E550008CBE0310083000002831000040420F003C
:10E5600000408F4018600310087B0310142A00201D
:10E57000483600006C7B0310747B0310E09A022085
:10E580006C36000022300000E8330000307B0310BE
:10E59000547B031058360000787B031010B514F03C
:10E5A00033F917F0FDF813F09BFF864A002314F0AF
:10E5B00075FC1000190014F069FF0022824B14F062
:10E5C0007CFE02000B00814817F05AF980480022B7
:10E5D000042117F055F900F043FAFFF7B1FE07F0F8
:10E5E0002BF801F00FFD7B4B1B78002B22D0012B69
:10E5F0007AD0022B00D18EE001F0A0F8002800D1E3
:10E60000C6E013F06DFF6F4A002314F047FC1000C2
:10E61000190014F03BFF00226B4B14F04EFE020079
:10E620000B006A4817F02CF96B4817F0F9F81CF04A
:10E6300021FAFEE713F054FF624A002314F02EFC87
:10E640001000190014F022FF00225F4B14F035FE79
:10E6500002000B005D4817F013F9604817F0E0F86E
:10E6600000F0A0FD02F028FA04F014FD02F03EFFD5
:10E6700002F004F8002819D113F032FF514A0023A8
:10E6800014F00CFC1000190014F000FF00224E4B97
:10E6900014F013FE02000B004C4817F0F1F850483C
:10E6A00017F0BEF8012000F0CBFAA5E703F0D6F989
:10E6B0000028A1D113F014FF424A002314F0EEFB0E
:10E6C0001000190014F0E2FE00223F4B14F0F5FD9B
:10E6D00002000B003D4817F0D3F8424817F0A0F8AD
:10E6E000022000F0ADFA87E713F0FAFE354A002366
:10E6F00014F0D4FB1000190014F0C8FE0022324BB5
:10E7000014F0DBFD02000B00304817F0B9F8364872
:10E7100017F086F870E713F0E3FE2A4A002314F09E
:10E72000BDFB1000190014F0B1FE0022264B14F0BE
:10E73000C4FD02000B00254817F0A2F82B4817F083
:10E740006FF800F02FFD02F0B7F902F0CFFE10F0E5
:10E75000A9FA01F093FF002800D04DE713F0C0FEA6
:10E76000184A002314F09AFB1000190014F08EFED2
:10E770000022154B14F0A1FD02000B00134817F006
:10E780007FF8174817F04CF8012000F059FA33E7EA
:10E7900013F0A6FE0B4A002314F080FB10001900B2
:10E7A00014F074FE0022084B14F087FD02000B00E9
:10E7B000064817F065F80E4817F032F8032000F00D
:10E7C0003FFA1EE740420F0000408F4018600310E0
:10E7D000807B0310E09A0220CC7B0310987B03100F
:10E7E00098600310A4600310B07B0310BC7B03107F
:10E7F000B460031030B585B00500FFF780FD04005C
:10E800002D6802A902904D600822684615F0E0FCD0
:10E81000002C05D029002000FFF732F805B030BDEC
:10E820000020FBE770B53E4CA544050000242B5D9D
:10E83000002B05D0C0239B019C4201D20134F6E796
:10E84000002012F0EDFB22F0CFFC00283AD022F09D
:10E8500079FD14F085F83349012268A820F064FDA1
:10E86000061E46D1304B314A0AA952A821F03FFB7F
:10E8700000284FD0CD26F6006E442D4A2D49300099
:10E88000FEF7B4FE3000FFF7B5FF03002A4A282147
:10E89000684616F091FD0A226946FFA80C3020F068
:10E8A00073FD061E28D1002322002900FFA80C308A
:10E8B00021F046F8061E1FD1FFA80C3021F044FAC3
:10E8C000060019E013F00CFE1C4A002314F0E6FACF
:10E8D0001000190014F0DAFD0022194B14F0EDFCC1
:10E8E00002000B00174816F0CBFF174816F098FFF0
:10E8F000ADE7022000F02AF90A490022002020F0AA
:10E9000013FDFDF7C1FF73425E41F0B2CF23DB0080
:10E910009D4470BD4220684421F0F8FAAAE7C04641
:10E9200088F9FFFF1C7B0310207B03108CBE0310B3
:10E93000DC7B0310142A0020E47B031040420F000C
:10E9400000408F4018600310087B031010B5FDF7DE
:10E9500057FC10BD70B518E001210E4814F048F8BE
:10E960000D4B01221A7013F0FBFFD0252D068026D7
:10E97000B6046E61FA24A40020001CF039FA13F0EA
:10E98000EFFFAE6120001CF033FA034B1B78002B25
:10E99000E2D0E8E788130000DC9A0220F0B5C64612
:10E9A00000B5002400E000242B4B1D78002D1ED064
:10E9B000A54214D9D0252D0640236B6180266E61B7
:10E9C000FA201CF015FAAE61FA201CF011FA01349D
:10E9D000E4B2214B1B780533A342E4DBE4E7D02308
:10E9E0001B0680225A61FA201CF002FAEFE71B4B4B
:10E9F0001E78002E24D0A64218D9D02636064023F1
:10EA00009846736180277761FA201CF0F1F943463C
:10EA1000B361B761FA201CF0EBF90134E4B20F4B9B
:10EA20001B780533A342BFDA2C00BDE7D0231B06B9
:10EA300040225A6140325A61FA201CF0D9F9ECE7C1
:10EA4000D0231B0640229A6140325A6100201CF0FC
:10EA500067FA3400A8E7C046DB9A0220DA9A02205F
:10EA600010B582B02D4B00221A70192012F02EFC26
:10EA7000D024240680239B0463626361072012F084
:10EA800025FC802363626361062012F01FFC402393
:10EA90006362636122492348234B0193012300935E
:10EAA000002380221BF069FE802220492048214B50
:10EAB000019302230093002352001BF05EFE13F02B
:10EAC0000FFD1D4A002314F0E9F91000190014F09D
:10EAD000DDFC0022194B14F0F0FB02000B00184C77
:10EAE000200016F0CDFE174816F09AFE13F0F8FC41
:10EAF000114A002314F0D2F91000190014F0C6FCDA
:10EB000000220E4B14F0D9FB02000B00200016F07F
:10EB1000B7FE0D4816F084FE02B010BDDC9A02204C
:10EB2000387C031055E90010F8280020447C0310BD
:10EB30009DE90010F428002040420F0000408F4063
:10EB400018600310547C03106C7C031010B5040093
:10EB500013F0C6FC104A002314F0A0F910001900AD
:10EB600014F094FC00220D4B14F0A7FB02000B00E4
:10EB70000B4816F085FE0B48210016F081FE0A4B6B
:10EB80001B78002B01D0002C05D1074B1C70074BC4
:10EB900018681BF01DFF10BD40420F0000408F4061
:10EBA00018600310887C0310DB9A0220F4280020F0
:10EBB000F8B5050013F094FC1A4A002314F06EF91E
:10EBC0001000190014F062FC0022174B14F075FBC2
:10EBD00002000B00154816F053FE1548290016F0E8
:10EBE0004FFE002400E00024AC4212D2D0263606AC
:10EBF0004023736180277761FA2013F0AFFCB7617F
:10EC0000FA2013F0ABFC0134E4B26B1DA342EADB43
:10EC1000EAE7D0231B0680225A61FA2013F09EFCFB
:10EC2000F1E7C04640420F0000408F4018600310DB
:10EC3000947C0310014B18787047C046DB9A022081
:10EC4000F0B5C64600B5060013F04AFC1C4A002386
:10EC500014F024F91000190014F018FC0022194BCC
:10EC600014F02BFB02000B00174816F009FE1748A2
:10EC7000310016F005FE002400E00024B44215D255
:10EC8000D0252D06402398466B6180276F61FA20BE
:10EC900013F064FC4346AB61AF61FA2013F05EFCF5
:10ECA0000134E4B2731DA342E7DBE7E7D0231B0680
:10ECB00040225A6140325A61FA2013F04FFCEFE7CC
:10ECC00040420F0000408F4018600310AC7C0310DE
:10ECD00010B504001F2112F0C5F900220021200008
:10ECE00012F0DAF90021200012F0DCFA10BD000069
:10ECF000F0B5DE4657464E464546E0B5A5B028225B
:10ED000000211AA815F05EFA6022002102A815F071
:10ED100059FA01239B46002398469A4699460027B4
:10ED20000193B3E02C00082C0EDC651C1AABAA0082
:10ED3000D058A200D050002115F042F80028F1D0A0
:10ED4000A4001AABE650EDE723960024002005E06E
:10ED5000A2001AABD15814F0E7FF0134092CF7DDFB
:10ED6000584914F0E6FF041C574B18607D1CADB2E7
:10ED7000E1231B019F421DD25B46002B1AD1534B4E
:10ED80001C68534B1968201C15F022F8002805D088
:10ED90005049201C15F032F800283BD14E4B196821
:10EDA000201C15F02BF8002843D14B46002B5DD0DA
:10EDB0004C4630E0019B581CC0B29F0002ABFC5097
:10EDC000182114F02DF8CBB20193002501E0013594
:10EDD000EDB2172D0BD8AB0002AA9858002114F001
:10EDE000EFFF0028F3D0AB0002AA9C50EFE700240D
:10EDF0000020172C07D8A20002ABD15814F094FFC2
:10EE00000134E4B2F5E7354914F093FF2F4B186055
:10EE10000025B4E701244346002B05D1002C09D07E
:10EE200002F02AFDA04608E003F008F90023984606
:10EE300003E000244B46002B1AD1244B1E68284BBC
:10EE40001968301C14F0C4FF002814D02149301C6C
:10EE500014F0D4FF00280ED05346002B0ED102F040
:10EE60000BFD00F053FC01239A4607E04C46E1E716
:10EE700002F00CFEE1E75346002B1CD1FA20800083
:10EE80001BF0B6FFA1462F0000239B46154B042222
:10EE90001A60154B1B68DB05FBD5134B586880B215
:10EEA00014F0B1FF114914F05AFF114914F03CFF5E
:10EEB000061C002437E702F0E9FD00F033FC0023D4
:10EEC0009A46DBE700002041D82F0020DC2F0020ED
:10EED000801100200000A0407C1100200000C041F3
:10EEE0007811002000E0044000C00440499A103C22
:10EEF000CDCC4C3F014B18687047C046DC2F00203A
:10EF0000014B18687047C046D82F0020704710B5D5
:10EF100004000800FFF7FAFF20600A236360093B42
:10EF20002372200010BDF0B587B004000E00110060
:10EF300003AD2800FFF7EBFF6B466A4683CD83C223
:10EF4000220040C223CB23C2200007B0F0BD70478F
:10EF500010B504000800FFF7FAFF20600C2363607F
:10EF60000B3B2372200010BDF0B587B004000E00EB
:10EF7000110003AD2800FFF7EBFF6B466A4683CD17
:10EF800083C2220040C223CB23C2200007B0F0BDC1
:10EF9000704710B504000800FFF7FAFF20600F2348
:10EFA00063600E3B2372200010BDF0B587B00400F3
:10EFB0000E00110003AD2800FFF7EBFF6B466A4619
:10EFC00083CD83C2220040C223CB23C2200007B0DE
:10EFD000F0BD0120704710B5041CFFF7FAFF0028B0
:10EFE00003D0201C14F090FF10BD00200021FBE78F
:10EFF0000120704770B505000C00FFF7F9FF0028ED
:10F0000004D02800210014F035FA70BD0020002142
:10F01000FBE70120704770B505000C00FFF7F9FF12
:10F02000002804D02800210014F030FA70BD002020
:10F030000021FBE70120704770B504000D00FFF7C9
:10F04000F9FF002802D02000290070BD0020002117
:10F05000FBE710B50378032B1AD00BD8012B13D084
:10F06000022B04D1C1688068FFF7C4FF0FE00020C5
:10F0700000210CE0042B04D1C1688068FFF7DCFF9D
:10F0800005E00020002102E08068FFF7A4FF10BD2A
:10F09000C1688068FFF7BFFFF9E710B584B00100D1
:10F0A0006846FEF7EFF86846FFF7D3FF04B010BDDF
:10F0B00010B50400FDF7AFFE23791E2B30D89B005E
:10F0C000194AD3589F46207814F088F92AE020681E
:10F0D00014F084F926E0206814F084F922E04168F5
:10F0E000006814F0D3F91DE04168006814F0C2F91B
:10F0F00018E02000FFF7D1FF14E020680028F9D1C4
:10F100000A4B0B4A0B48EA2116F0D4F92068083064
:10F11000F0E7206814F0F8FE04E04168006801E0C0
:10F120000020002110BDC04660C40310786F03109A
:10F13000C47C03109059031030B585B00500FFF76B
:10F14000DEF804002D6802A902904D60082268468E
:10F1500015F03EF8002C05D029002000FFF7A8FF8D
:10F1600005B030BD00200021FAE770B584B005007D
:10F170000E00FFF7C4F804002B6802A902904B6050
:10F180000822684615F024F8002C06D023791B07C6
:10F1900003D52800FFF7D0FF01E03068716804B0A4
:10F1A00070BD000030B595B019F000FE1A20FFF7D1
:10F1B0008FFD304B1B68E022D20113402E4A1360B2
:10F1C00002AD2E4A2E4C21002800FFF7ACFE002293
:10F1D0002C4B0692079306A92800FFF7C6FF14F0F0
:10F1E0008DF9294B186008AD284A21002800FFF747
:10F1F000BBFE274A274B0C920D930CA92800FFF762
:10F20000B4FF14F07BF9244B18600EAD234A2100A3
:10F210002800FFF7CAFE0022214B1292139312A975
:10F220002800FFF7A2FF14F069F91E4B1860802236
:10F230001D491E481E4B01930323009300235200D7
:10F240001BF09BFA13F04CF91A4A002313F026FE28
:10F250001000190014F01AF90022174B14F02DF8C1
:10F2600002000B00154816F00BFB154816F0D8FAF3
:10F2700015B030BD00C0044000D004404C7D0310E8
:10F28000142A00200080274080110020587D0310A0
:10F2900033333333333328407C110020687D03102F
:10F2A0000000244078110020787D0310F1EC00105C
:10F2B000D42F002040420F0000408F401860031000
:10F2C000887D031030B583B004000D000023019346
:10F2D0000F4B1B68002B01D00F2808D0019B012B7E
:10F2E0000FD02900200011F029FF03B030BD0948DC
:10F2F00010F030FF064B186801AA00211CF02EFC0C
:10F30000ECE7002BEDD0044B802252051A60E8E7B1
:10F31000AC2B0020B02B002004ED00E000B583B042
:10F320000448002300930F331122034910F086F89C
:10F3300003B000BDB02B002000C00340F0B5C646AE
:10F3400000B584B007000E0015001C0001212A4BF7
:10F35000186849421AF02EFE00201BF0ADFA8046D4
:10F360000E2100201BF0B8FA13F0BAF8234A00234C
:10F3700013F094FD1000190014F088F80022204BBF
:10F3800013F09BFF02000B001E4816F079FA1E488E
:10F3900000942B003200390016F072FA03AA17709D
:10F3A000D6705570947019480423FF2111F0C4F8E9
:10F3B000002812D0164B1B78002B15D14146002097
:10F3C0001BF08AFA0C4B18680023002200211AF067
:10F3D0004BFB04B080BCB846F0BD0530FFF7B6FB70
:10F3E0000B4B01221A70E9E70020FFF7AFFB084B37
:10F3F00000221A70E2E7C046A82B002040420F000E
:10F4000000408F4018600310A47D0310B02B002033
:10F41000EE9A022030B585B00090019102920393DC
:10F420000121274B186849421AF0C4FD00201BF047
:10F4300043FA05000E2100201BF04EFA13F050F89D
:10F44000204A002313F02AFD1000190014F01EF8C2
:10F4500000221D4B13F031FF02000B001B4816F079
:10F460000FFA1B4816F0DCF91A480E236A46FF21F2
:10F4700011F062F8002810D0174B1B78002B17D121
:10F48000290000201BF028FA0D4B186800230022E9
:10F4900000211AF0E9FA05B030BDD0231B06402246
:10F4A0005A610530FFF752FB0B4B01221A70E7E758
:10F4B0000020FFF74BFB084B00221A70E0E7C04624
:10F4C000A82B002040420F0000408F40186003101E
:10F4D000D47D0310B02B0020EE9A022030B583B00B
:10F4E00001AC20800121284B186849421AF062FDC6
:10F4F00000201BF0E1F905000E2100201BF0ECF9C3
:10F5000012F0EEFF214A002313F0C8FC100019008E
:10F5100013F0BCFF00221E4B13F0CFFE02000B00C5
:10F520001C4816F0ADF9217862781B4816F0A8F94E
:10F530001A4802232200FF2110F0FEFF002810D0FD
:10F54000174B1B78002B17D1290000201BF0C4F9A2
:10F550000D4B18680023002200211AF085FA03B031
:10F5600030BDD0231B0640225A610530FFF7EEFA6A
:10F570000B4B01221A70E7E70020FFF7E7FA084B70
:10F5800000221A70E0E7C046A82B002040420F007E
:10F5900000408F4018600310E47D0310B02B002062
:10F5A000EE9A0220F0B5D6464F464646C0B58AB020
:10F5B00080460D0017009A460121294B18684942E0
:10F5C0001AF0F8FC00201BF077F981460E2100208C
:10F5D0001BF082F9002407E00530FFF7B7FA214B52
:10F5E00001221A702034A4B2AC4228D213F0B8F928
:10F5F00001AE202200216B46981D14F0E3FD377008
:10F6000053467370434619192A1B202A00D9202219
:10F610006B46981D14F0DCFD1348222301AAFF213C
:10F6200010F08AFF0028D7D00E4B1B78002BD9D0C2
:10F630000020FFF78BFA0B4B00221A70D2E74946E5
:10F6400000201BF049F9064B186800230022002116
:10F650001AF00AFA0AB0E0BCBA46B146A846F0BDB4
:10F66000A82B0020EE9A0220B02B002070B50600D7
:10F670000D000121194B186849421AF09BFC00202B
:10F680001BF01AF904000E2100201BF025F9144884
:10F690002B003200FF2110F04FFF00280FD0114B3C
:10F6A0001B78002B12D1210000201BF015F90B4B09
:10F6B00018680023002200211AF0D6F970BD053029
:10F6C000FFF744FA074B01221A70ECE70020FFF71E
:10F6D0003DFA044B00221A70E5E7C046A82B002033
:10F6E000B02B0020EE9A022010B5044B186814F0DD
:10F6F00093FC14F0AFFB40B210BDC046D02F0020E9
:10F70000014B18787047C046EC9A022010B50348A8
:10F7100010F09CF9024B01221A7010BDB02B002092
:10F72000ED9A022010B5034810F094F8024B002225
:10F730001A7010BDB02B0020ED9A022010B50348BE
:10F7400010F0BAF9002800D0012010BDB02B002025
:10F7500000487047A82A0020F0B589B094464D684B
:10F76000019502AB0C000834C4CCC4C31431D0C919
:10F77000D0C3856003000C3302A970C970C370C97F
:10F7800070C36346436209B0F0BDF8B505001400CC
:10F790001E000F8818000C303900FDF71BFA286096
:10F7A000AF8004E031002800FDF770FA013C2A68C0
:10F7B000002A01D0002CF5D12800F8BD00B583B097
:10F7C0001300002805D00A0001006846FFF7DDFF9E
:10F7D000009803B000BD10B5002804D00379402B79
:10F7E00002D1FFF7EBFF10BD0020FAE7704710B51C
:10F7F00004000800FFF7FAFF206005236360043B64
:10F800002372200010BDF0B587B004000E00110077
:10F8100003AD2800FFF7EBFF6B466A4683CD83C23A
:10F82000220040C223CB23C2200007B0F0BD7047A6
:10F8300010B504000800FFF7FAFF20600B23636097
:10F840000A3B2372200010BD704710B50400080069
:10F85000FFF7FAFF206009236360083B2372200052
:10F8600010BDF0B587B004000E00110003AD2800F4
:10F87000FFF7EBFF6B466A4683CD83C2220040C28E
:10F8800023CB23C2200007B0F0BDC043C00F704798
:10F89000012070470123002902D102D1002800DA9B
:10F8A0000023D8B2704780221206002380185941E5
:10F8B0000123002900D00023D8B2704710B50400FE
:10F8C000FDF7A9FA23791A2B17D009D80A2B10D0E3
:10F8D0000C2B03D12068FFF7DBFF0DE000200BE0CD
:10F8E0001C2B04D141680068FFF7DDFF04E0002015
:10F8F00002E02068FFF7C9FF10BD41680068FFF70C
:10F90000C9FFF9E700B583B000900191002803D04A
:10F91000FFF7D4FF03B000BD0020FBE710B50400E3
:10F92000FFF7B3FF002801D0200010BD0020FCE746
:10F9300010B50400FFF7ACFF002801D0200010BD77
:10F940000020FCE710B50400FFF7A4FF002801D059
:10F95000200010BD0020FCE710B50400FFF7A3FF56
:10F96000002801D0200010BD0020FCE770B5040085
:10F970000D000022084B13F017FD002809D0074A9C
:10F98000074B2000290013F007FD002802D00120BA
:10F9900000E0002070BDC0460000E0C10000C0FFD4
:10F9A000FFFFDF4170B504000D00FFF7DFFF002807
:10F9B00004D02000290013F02DFD70BD0020FCE7CD
:10F9C0007047000010B5041CCF21090614F00EFA90
:10F9D00000280AD00748FFF7F3FF011C201C14F091
:10F9E000FDF9002803D0012000E0002010BD002018
:10F9F000FCE7C046FFFFFF4E10B5041CFFF7E2FF17
:10FA0000002803D0201C14F025FA10BD0020FCE7CC
:10FA100010B50378032B18D00AD8012B11D0022B74
:10FA200004D1C1688068FFF797FF0DE000200BE06C
:10FA3000042B04D1C1688068FFF7B4FF04E0002004
:10FA400002E08068FFF7D8FF10BDC1688068FFF74B
:10FA500079FFF9E710B584B001006846FDF712FCA4
:10FA60006846FFF7D5FF04B010BD000010B50400D4
:10FA7000FDF7D1F923791E2B31D89B00194AD358B1
:10FA80009F4620782CE02068FFF748FF28E0206898
:10FA9000FFF74EFF24E041680068FFF753FF1FE0C7
:10FAA00041680068FFF758FF1AE02000FFF7D2FF17
:10FAB00016E020680028F9D10B4B0C4A18210C489D
:10FAC000FF3115F0F7FC20680830EFE72068FFF7FA
:10FAD00093FF05E041680068FFF764FF00E0002045
:10FAE00010BDC046DCC40310786F0310047E031001
:10FAF0009059031030B585B00500FEF700FC0400F6
:10FB00002D6802A902904D600822684614F060FB3F
:10FB1000002C05D029002000FFF7A8FF05B030BD5C
:10FB20000020FBE730B583B004000D00FEF7E7FBD3
:10FB3000216800900191FFF7E5FE002802D12868B6
:10FB400003B030BD2000FFF7D5FFF9E730B587B02F
:10FB500012F0C6FC2B4A002313F0A0F91000190084
:10FB600013F094FC0022284B13F0A7FB02000B00BB
:10FB7000264815F085FE264815F052FE01AC254AB0
:10FB800025492000FFF76DFE9623059305A9200067
:10FB9000FFF7C8FFC50F2D186D10ADB21F4C002127
:10FBA000200010F07BF909220821200010F030FA23
:10FBB0001B4B197820000FF057FC082120000FF094
:10FBC0002BFD184920000FF03DFD142120000FF0FF
:10FBD000ADFD1549200010F0A7F8052120000FF019
:10FBE000EBFD0921200010F00FF9012120000FF09A
:10FBF00043FC2900200010F095FA20000FF02AFEA7
:10FC000007B030BD40420F0000408F401860031025
:10FC10008C7E0310A07E0310142A0020B02B00203D
:10FC2000EC9A022000C0644420A10700F0B5D7B0D0
:10FC300010AB04221A7300225A7383E16278C4481D
:10FC400015F01EFE63784E2B03D0C24815F0E8FD78
:10FC5000A1E0A2781109E5782B090F242240BE48C3
:10FC60002C40009415F00CFEEFE755226A44127800
:10FC7000BA4909788A4202D0FF2A00D091E016984A
:10FC8000149056236B44197801F04CFFB44B18685C
:10FC9000002114F095F8002807D0B2480FF0E6FBD9
:10FCA000AF4C14F0B5F8206022E0AE480FF0DEFB58
:10FCB00014F0AEF8002114F052F8A94C216814F0A9
:10FCC00033F8206014E055226A441278A349097879
:10FCD0008A4201D0FF2A66D110AC0E2216A920005C
:10FCE00014F076FA10981199129A139B01F08AFB7E
:10FCF00012F0F6FB9C4A002313F0D0F81000190014
:10FD000013F0C4FB0022994B13F0D7FA02000B004A
:10FD1000974815F0B5FD93480FF0A8FB0100954BEF
:10FD2000180015F0ADFD56236B441C78924B1B5DFB
:10FD3000002B02D1904B01221A5512F0D1FB8F4BB0
:10FD4000E4001B191860596086480FF0A9FD0028CF
:10FD50006BD016ACFF220021200014F033FA0023F0
:10FD600055226A44137056226A441370FF22573397
:10FD70006B441A707B4855236B44009356236B44A5
:10FD8000A83A6A4421000FF0A9FD12F0E9FD21789C
:10FD90002A2900D152E757236B441B78042B00D14A
:10FDA00063E70E2B8FD0022B27D0222BA0D1333329
:10FDB0006B441B78694A1478A34201D0FF2B97D17A
:10FDC00006AD222216A9280014F002FA2B789C42D4
:10FDD0008ED12C0056236B441B7805930AAB6A46E0
:10FDE00023CB23C2196811609B88938006986168B1
:10FDF000A268E36804F072FE7AE755226A4412783A
:10FE0000564909788A4201D0FF2ACED10FAB16AAF3
:10FE100012881A801B78994200D069E756236B44F8
:10FE200019780F9801F016FA62E74E4810F070F951
:10FE300007240440631FDBB2012B08D9032C06D032
:10FE4000072C04D04E4A13780133137002E04C4B58
:10FE500000221A704A4B1B780A2B01D8002443E079
:10FE600012F03EFB404A002313F018F8100019006E
:10FE700013F00CFB00223D4B13F01FFA02000B00A5
:10FE80003B4D280015F0FCFC3E48210015F0F8FC25
:10FE900034480FF0DBFDFFF759FE12F021FB324A28
:10FEA000002312F0FBFF1000190013F0EFFA0022FC
:10FEB0002E4B13F002FA02000B00280015F0E0FCB4
:10FEC000314815F0ADFCC9E72B4B00225A552B4B9E
:10FED000EA009B181E685F6812F002FB801BB941A4
:10FEE000002918DB0134A4B2FE2C1CD82500224BBB
:10FEF0001B5D002BEBD0214BE2009B181E685F6856
:10FF000012F0EEFA801BB9410129DDDCDFD11F4B75
:10FF10009842DCD9D8E712F0E3FA184BED005B19F0
:10FF200018605960DEE70D4B1A78134B0121995484
:10FF30000122FA239B00009300235242002100205B
:10FF40001BF0DCFC124B1B78002B00D1FCE6EFE72A
:10FF5000AC7E03109CC00310B47E0310EC9A022008
:10FF6000D02F0020B02B002040420F0000408F40D7
:10FF70001860031000900310A82A0020301E0020F3
:10FF8000EA9A0220C07E0310D87E0310FFFC704561
:10FF9000ED9A0220F0B587B004000430FEF7AFF907
:10FFA000616803AA23001433E0CBE0C2002805D027
:10FFB00000910399049A059BFEF788F907B0F0BDFC
:10FFC00010B504000430FFF7E5FF616AA268FFF78F
:10FFD00002FC10BD30B585B00500FFF7F1FF04004D
:10FFE000AD6802A902904D600822684614F0F0F84E
:10FFF000002C05D029002000FDF742FC05B030BDE3
:020000041001E9
:100000000020FBE7F0B5A5B05548FF22002114F011
:10001000D9F85448FF22D200002114F0D3F815ADCE
:10002000514A524C21002800FDF7E0FA2800FEF763
:10003000E1FB4F4E30704F4A210019A8FFF7E3FB58
:10004000199F209721AB1AAA13CA13C315004A4956
:100050001000FFF7EDFB0BAC230007CD07C303A98E
:100060004F6005AB21AAA1CAA1C32200A1CAA1C3A6
:1000700000222000FFF770FB2000FFF7ABFF3F4B93
:100080001870012019F0C2FD3D4B18603D4C3E49EF
:10009000200018F053FE0121102010F0E3FF012191
:1000A000122010F0DFFF0121132010F0DBFF636846
:1000B0000222134035490A60216805325140C83296
:1000C0000A4033490A60334A13600F2011F0FEF8EA
:1000D000D0231B06802212029A622F4B0122082194
:1000E0000F2011F07BF8FFF731FD12F0F9F92B4AE0
:1000F000002312F0D3FE1000190013F0C7F90022FC
:10010000274B13F0DAF802000B00264C200015F004
:10011000B7FB3178244815F0B3FBA02223492448CB
:10012000244B01930D230093002392001AF025FB2A
:1001300012F0D6F9194A002312F0B0FE100019008F
:1001400013F0A4F90022164B13F0B7F802000B00CD
:10015000200015F095FB184815F062FB25B0F0BDA6
:10016000A82A0020301E0020DC7B0310142A002067
:10017000EC9A0220E47E0310EC7E0310EB9A02203E
:10018000A82B002000C00340404B4C0004F003406B
:1001900000D0034004E00340C5F2001040420F00CD
:1001A00000408F4018600310F87E0310047F031096
:1001B0002DFC0010AC2B0020107F031010B5FFF7B2
:1001C000ADF810BDD0B5DAE012F08AF9744B220117
:1001D0009B189860D9602EE0714B22019B185B79C7
:1001E000002B01D0002847D06D4B22019B181B79B2
:1001F000002B04D16A4B9B189B79002B51D1684B83
:1002000022019B189E68DF6812F06AF9801BB941D1
:10021000002900DAA4E00134072C00DDA8E0E1B2F7
:10022000604800220EF082FE5D4B22019B189871FF
:10023000DB799842C8D15A4B220199188879C87144
:10024000D35C012BC8D0032BC6D0022BC4D0043BF7
:10025000DBB2042B05D8524B22019B181B79984224
:1002600047D14F4B2201D35C002BC8D14C4B22010C
:100270009B189A791A71C2E7494B9B189E68DF68F0
:1002800012F02EF9801BB941002903DCACD1464B9A
:100290009842A9D9424B22019B1800225A711A7127
:1002A000ADE73F4B9B189E68DF6812F019F9801B81
:1002B000B941002903DCA2D13C4B98429FD9384B6D
:1002C0002201991801200871D35C022B06D1344B0E
:1002D000CA7812019B181B79002B06D1304B2201E2
:1002E0009B18587801F0F0FA89E7887801F0ECFA69
:1002F00085E72B4B9B189E68DF6812F0F1F8801B96
:10030000B941002903DCACD1294B9842A9D9244B2F
:100310002201D35C042B07D0214B22019B189A7930
:100320001A7100F079FF6AE712F0DAF8214A002327
:1003300012F0B4FD1000190013F0A8F800221E4BB3
:1003400012F0BBFF02000B001C4815F099FA144B89
:1003500022019B189A791A48210015F091FADBE7DF
:1003600012F0BEF80E4B22019B189860D96052E73C
:100370000C48FF210EF07BFD05201AF039FD01210C
:10038000104C2068494219F015FE06480EF096FD03
:10039000206800230022002119F066FB00243BE7BF
:1003A000C81C0020C028002007A507006F17000008
:1003B00037C7000040420F0000408F401860031014
:1003C000287F0310D428002010B5094909482022AD
:1003D0000EF04AFD0721084B06E000221A715A71FF
:1003E0009A71DA71013910330029F6DA10BDC0466E
:1003F00070150020C0280020C81C0020014B186880
:100400007047C046D428002010B50249802213F05E
:10041000DFFE10BDC81C0020002301E00133DBB269
:10042000072B12D8094A19018A5C013AD2B2012A73
:10043000F4D8064A521852788242EFD1034A521831
:100440000121117100215171E8E77047C81C00209B
:10045000002301E00133DBB2072B10D8084A190151
:100460008A5C032AF6D1064A521852788242F1D1A8
:10047000034A52180121117100215171EAE77047B6
:10048000C81C002030B500230AE0114AAA5C8A4249
:100490000FD10F4A24011219012454710133DBB228
:1004A000072B13D81C000A4A1D01521952788242A8
:1004B000EBD0074A2501AA5C8A42EFD10229EDD18F
:1004C000034A521992788242E8D1E2E730BDC04631
:1004D000C81C002070B505000023002014E01F4C4C
:1004E0001E01A4196478AC4216D11C4A0C011219E1
:1004F0001479002C06D0194A090152185279002AA1
:1005000000D120000133DBB2072B25D81900134A94
:100510001C01A25C012AE2D0022AF3D10F4A0C018D
:1005200012195278AA420ED00C4A0C011219927874
:10053000AA42E7D1094A1419E47824011219127960
:10054000002ADFD0D1E7054A1419E47824011219F2
:100550001279002AC9D0E7E770BDC046C81C002048
:1005600010B50400002301E00133DBB2072B14D8DF
:100570000B4A19018A5C032AF6D1094A52185278AB
:10058000A242F1D1064A521810790028ECD0044A50
:1005900052185279002AE7D100E0002010BDC04671
:1005A000C81C002010B50400002301E00133DBB2B9
:1005B000072B14D80B4A19018A5C052AF6D1094A7F
:1005C00052185278A242F1D1064A521810790028E6
:1005D000ECD0044A52185279002AE7D100E00020FA
:1005E00010BDC046C81C002010B50400002301E067
:1005F0000133DBB2072B14D80B4A19018A5C062A97
:10060000F6D1094A52185278A242F1D1064A52183C
:1006100010790028ECD0044A52185279002AE7D108
:1006200000E0002010BDC046C81C002010B504002A
:10063000002301E00133DBB2072B14D80B4A190168
:100640008A5C072AF6D1094A52185278A242F1D19F
:10065000064A521810790028ECD0044A52185279F0
:10066000002AE7D100E0002010BDC046C81C0020D1
:10067000014B18787047C046D39A022010B5024843
:10068000FF210EF0F4FB10BDC028002010B50023A0
:100690000024002001E00133DBB2072B0DD8074A0C
:1006A00019018A5C082AF6D1044A52181279A2402C
:1006B0001043C0B20134E4B2EDE710BDC81C002005
:1006C000704770B504000800FFF7FAFF0568002DB9
:1006D00008D0280023F0BEF9256060600023237253
:1006E000200070BD0020F7E7F0B58BB005000B00CF
:1006F000110005AC220041CB41C216001000FCF7EE
:1007000048FF6A466B4603CC03C319003000D0C8CB
:10071000D0C1291D11CA11C12A000C3213CB13C23A
:1007200028000BB0F0BDF0B58BB005000B00110038
:1007300005AC220041CB41C216001000FFF757F86C
:100740006A466B4603CC03C319003000D0C8D0C141
:10075000291D11CA11C12A000C3213CB13C2280063
:100760000BB0F0BDF0B58BB005000B00110005AC6F
:10077000220041CB41C216001000FCF72BFF6A4655
:100780006B4603CC03C319003000D0C8D0C1291D6B
:1007900011CA11C12A000C3213CB13C228000BB0AE
:1007A000F0BD00B585B0010001A8FFF78AFF019BED
:1007B000002B02D0002005B000BD0120FBE70000A7
:1007C00082B0F0B5CE46474680B585B001AC019009
:1007D0006160A2600D93002819D00D9B002B1CD0E6
:1007E000029B99460E9B984699451CD24F46002481
:1007F000BC4223D2210001A8FBF782FD05002100A5
:100800000DA8FBF77DFD85420FD10134F0E7104BB9
:10081000104A1148142114F04DFE104B0D4A0E4899
:10082000152114F047FE1F00E1E7281A05B0C0BCEF
:10083000B946B046F0BC08BC02B01847C14502D367
:1008400004D80020F2E701204042EFE70120EDE765
:10085000A46C03103C7F0310206E0310846E031001
:1008600030B58DB003AD03910492059306AC010041
:100870002000FFF726FF290009A8FCF7DAFA0AABE7
:100880006A4603CB03C2099B06980799089AFFF7AB
:1008900097FF002805DB02DC01200DB030BD0420ED
:1008A000FBE70220F9E710B50B00006809685A68F9
:1008B0009B68FFF7D5FF10BD30B591B004000D0067
:1008C0001100FCF7A8FA2379202B25D8052B11D28B
:1008D000032B4BD0042B2BD0022B17D1200023F05D
:1008E000B9F801A90194486000230B722800FFF7B2
:1008F000DAFF0FE0053BDBB201229A401300204AE9
:1009000013423BD1DA0724D41B010CD42868002100
:10091000FFF747FF11B030BD402BF7D16B680C9447
:100920000D930020F6E76B680E940F930020F1E71B
:100930002468002C0BD0200023F08CF804A9049428
:10094000486001230B722800FFF7ADFFE2E70020AB
:10095000F4E723681A000832DB8807A907924B6086
:1009600000230B722800FFF79EFFD3E723681A00CD
:100970000832DB880A920B930020CBE70020C9E7FE
:10098000A202A00200B585B000900191002808D015
:10099000019B02A902924B601A00FFF78DFF05B080
:1009A00000BD00211000FFF7FCFEF8E700B585B0A0
:1009B000009001911268039203AAFFF7E3FF05B0CC
:1009C00000BDF0B587B003004068996803AA0C33F6
:1009D000E0CBE0C2002805D000910399049A059B62
:1009E000FDF774FC07B0F0BD10B5FFF7EAFF002873
:1009F00004D0007943425841C0B210BD0120FCE749
:100A000030B585B00500FFF7DCFF0400AD6802A932
:100A100002904D600822684613F0DAFB002C05D0E6
:100A200029002000FCF72CFF05B030BD0020FBE7BB
:100A300070B584B004000E000800FFF7C2FF050087
:100A4000B66802A902904E600822684613F0C0FB07
:100A500025606660200004B070BD10B584B00191BF
:100A600002AC01002000FFF7E3FF01AA02980399FE
:100A7000FFF79CFF013843425841C0B204B010BD9B
:100A800070B584B005000E000800FDF738FC0400C6
:100A9000366802A902904E600822684613F098FB5F
:100AA000002C02D02379202B04D12C606E6028000A
:100AB00004B070BD0024F8E7F0B5C64600B5D14CCF
:100AC000A544D14AD14C210012A8FCF76EFD12A911
:100AD00002A8FFF7D5FFCE4A210016A8FCF765FD56
:100AE00016A904A8FFF7CCFFCA4A21001AA8FCF7F0
:100AF0005CFD1AA906A8FFF7C3FFC74A21001EA87C
:100B0000FCF753FD1EA908A8FFF7BAFFC34A21004E
:100B100022A8FCF74AFD22A90AA8FFF7B1FFC04AA4
:100B2000210026A8FCF741FD26A90CA8FFF7A8FF85
:100B3000BC4A21002AA8FCF738FD2AA90EA8FFF715
:100B40009FFFB94A21002EA8FCF72FFD2EA910A85F
:100B5000FFF796FF012019F059F8B44B1860B4481C
:100B6000B44918F013F80321042010F07BFA032194
:100B7000052010F077FA00220121042010F08CFAF1
:100B800000220121052010F087FAAB48FF210EF06A
:100B90006EF9002424E050AEA84A29003000FFF787
:100BA000A3FDA7493000FFF758FF002862D0A54EEB
:100BB00027010323BB5556AB9846A34A29001800CA
:100BC000FFF792FD4046FFF71BFFF61970700138E2
:100BD00070709C4B22019B1800225A711A710134CB
:100BE000072C00DDE7E0E30002AA9B58002BF6D0BB
:100BF000E300D518914A290032A8FFF775FD934903
:100C000032A8FFF72AFF0028C5D08E4E2701012306
:100C1000BB558F4A290038A8FFF785FD38A8FFF794
:100C2000EFFEF6197070013870708A4A29003EA8EC
:100C3000FFF779FD3EA8FFF7D7FE0028C9D1814E06
:100C40000223BB55834A290044A8FFF76CFD44A842
:100C5000FFF7D6FEF619B0700138B0707E4A290051
:100C60004AA8FFF77FFD4AA8FFF7CAFEF0700138D7
:100C7000F070AEE75CAE714A29003000FFF734FD3A
:100C800075493000FFF7E9FE002804D06D4B2201C2
:100C90000421D1549DE762AE684A29003000FFF775
:100CA00023FD6E493000FFF7D8FE00281BD0654EAB
:100CB00027010523BB5568AB9846634A29001800F5
:100CC000FFF712FD4046FFF79BFEF6197070644B6C
:100CD0001B78834201D2624B18705A4B22019B1839
:100CE0000138587075E76EAE544A29003000FFF79E
:100CF000FBFC5C493000FFF7B0FE00281BD0514ED2
:100D000027010623BB5574AB98464F4A29001800AB
:100D1000FFF7EAFC4046FFF773FEF6197070504B80
:100D20001B78834201D24E4B1870464B22019B1810
:100D3000013858704DE77AAE404A29003000FFF77D
:100D4000D3FC49493000FFF788FE00281BD03D4EF8
:100D500027010723BB5580AB98463B4A2900180062
:100D6000FFF7C2FC4046FFF74BFEF61970703C4B94
:100D70001B78834201D23A4B1870324B22019B18E8
:100D80000138587025E786AE2C4A29003000FFF75D
:100D9000ABFC36493000FFF760FE002804D0294B39
:100DA00022010821D15414E7264B22019B18FF226F
:100DB0005A709A700DE780222D492E480023019326
:100DC000063300930023520019F0D7FC11F088FB82
:100DD000184A002312F062F81000190012F056FBB6
:100DE0000022254B12F069FA02000B00234814F090
:100DF00047FD234814F014FD8C239B009D4480BCC8
:100E0000B846F0BDD0FDFFFFA4800310142A0020D7
:100E1000AC800310B4800310BC800310C4800310A6
:100E2000CC800310D4800310DC800310D428002071
:100E30007015002040420F00C02800206C7B03107A
:100E4000FC800310C81C002004810310E480031000
:100E5000E47E0310EC800310F48003100C81031077
:100E6000D39A022018810310248103102C810310CF
:100E700038810310C501011000408F401860031035
:100E80004081031010B5FFF79FFA10BDF0B5DE46A4
:100E900057464E464546E0B5E1B05CAB04221A73B6
:100EA00000225A7307213CAB06E000221A715A71E6
:100EB0009A71DA71013910330029F6DA07211CAB77
:100EC00006E000221A715A719A71DA7101391033F1
:100ED0000029F6DA4746F1E01A013CAFBC4662440D
:100EE0001279002A12D019017A18517801228A4009
:100EF0001443E4B20133DBB2072B29D819001A01DD
:100F00003CAD555D6A1ED2B2012AE5D9032D10D041
:100F1000042DEFD109013CAA52181279002AE9D018
:100F20000122824049461143CAB291460130C0B203
:100F3000E0E70A013CAFBC4662441279002AE7D0E0
:100F400009017A18517801228A401643F6B2D1E796
:100F50004746FDF7CFFF1390A54B1B78002B02D11E
:100F6000A44B00221A70A34B1B78002B00D11BE16D
:100F7000A14B1B78002B00D018E1A04B1F785CAB75
:100F80001F709F4B1B78002B00D1A2E000200DF0BA
:100F900037FE5CAC607001200DF032FEA0700220C4
:100FA0000DF02EFEE07003200DF02AFE2071FFF7F9
:100FB0006DFB60710023A371E37123720DF03AFEA3
:100FC00060819049139812F0CAFE12F09DFF12F052
:100FD00007FB12F043FAC0B25CAC60723B09149399
:100FE00063789846A3789B46E37815932279169206
:100FF00065791795A6791896E379199308256557A9
:10100000EB17ED185D40EAB21A9206091B96668945
:10101000330B9946330A9A4632090F231F40BC46C8
:1010200000271197109704210F910E970F373E401C
:101030000D963A400C9251460F400B9749460A9143
:10104000184009901B9808902B4007931A9F3B115A
:10105000069319980590189E0496179D0395169A65
:101060000292159B01935B46009343466246149996
:10107000654814F005FC5C985D995E9A5F9BFEF7ED
:10108000C9F9624A13780133DBB21370604A1278EF
:1010900093423AD8139F80223CA91CA813F098F8D9
:1010A000544B1B78002B00D09CE00122594B00933D
:1010B00000235242002100201AF020FC3CA8FFF738
:1010C000A3F9002300200022914600260024B84600
:1010D00012E7002000F024FC5CAD6870012000F0F5
:1010E0001FFCA870022000F01BFCE870032000F039
:1010F00017FC28716C71AE714B46EB71FEF7F4FA78
:10110000287200F031FC68815BE7404B00221A70C6
:10111000384B1A70002614E060000019344A801819
:101120000134610009198918032213F051F8E4B25F
:10113000062CF1D92E4B00225A759A75DA750136B4
:10114000F6B2072E1DD83100294B720092199B1858
:101150009B78002B06D1264B720092199B185A7867
:10116000013A5A70224B4A005218D35C002BE6D049
:101170001F4B4A0052189B185B78002BDFD13400BC
:10118000D6E7139F87E70133DBB2072B10D81A018C
:101190003CA9891808791CA98A1812799042F2D0C2
:1011A000144A01211170EEE70023EEE70023ECE77B
:1011B000391C139C201C12F0B2FDFA21890512F093
:1011C0001DFE00280AD1211C381C12F0A8FDFA21AE
:1011D000890512F013FE002800D15CE7054B0122BF
:1011E0001A7058E7FA20400019F002FE66E7C04680
:1011F000DC280020D49A0220D79A0220D59A022017
:10120000D89A02200000204154810310D69A02206F
:10121000D99A02208813000000B583B0074B012241
:101220001A70074B00221A70064B186800920223AE
:1012300000211AF0D9FB03B000BDC046D49A0220A9
:10124000D69A0220D8280020014B18707047C0465B
:10125000D79A022070B58AB001AB18800D0000202B
:1012600019F02AFB04005D4B1B68002B69D000239A
:10127000072B12D819005A4A5800C018825CAA429B
:1012800004D0002A02D00133DBB2F1E7544B4A000C
:101290005218D5549B1803225A7001AB58780C2869
:1012A0004FD883004F4AD3589F46420012189B18CC
:1012B00001229A700AE00130C0B2072813D8010059
:1012C000474B42001218D65CAE42EED0444B4A0067
:1012D00052189B189B78002BEDD1002EEBD01C00F0
:1012E000E9E70124E9E7002C04D03F4B00221A7003
:1012F0003E4B1A7011F0F4F83D4A002311F0CEFD78
:101300001000190012F0C2F800223A4B11F0D5FF7C
:1013100002000B00384814F0B3FA384822002900C4
:1013200014F0AEFA0DE0FFF777FF0AE000F0AEFB35
:1013300007E00338C4B22000FFF76EF8200000F089
:10134000C3FA0AB070BD0738C4B22000FFF780F8B6
:10135000200000F0B9FAF4E711F0C2F8244A0023A3
:1013600011F09CFD1000190012F090F80022214BA2
:1013700011F0A3FF02000B001F4814F081FA20486F
:1013800014F04EFA0E21002019F0A6FA19F0AEFB67
:1013900000250AE0280010F0F7F803AB58550021AB
:1013A000280010F00BF90135EDB2192DF2D9FAF73A
:1013B0003FFF002506E003AB595D280010F0FEF862
:1013C0000135EDB2192DF6D92100002019F084FA6B
:1013D00019F05EFCB5E7FBF72FFAB2E7D82800203A
:1013E000DC28002068C50310D49A0220D69A022077
:1013F00040420F0000408F401860031084810310AA
:10140000A8810310F0B5DE4657464E464546E0B586
:10141000A1B01CAC1C901D911E921F93314B1B78E8
:10142000002B06D021B0F0BCBB46B246A946A04670
:10143000F0BD2278110963789C46A3781493E07874
:1014400015902579169566791796A7791897E379F7
:1014500019930823E356D8171D18454013956B467A
:101460004C201B1818781A90657A2E091B966089F3
:10147000070BB846070AB9460309267B3709BA465F
:10148000677B3C09A3460F242240274011975F4603
:10149000109726400F9657460E970F2630400D9016
:1014A00033400C934F463E400B9647460A972540E3
:1014B00009951B9E0896139D2C4007941A9C231196
:1014C0000693199C0594189F0497179E0396169DE2
:1014D000029515980190149B00936346024814F0FE
:1014E000CFF99FE7D79A02205481031070B58CB0D2
:1014F00003AD264A264C21002800FCF777F8280087
:10150000FDF778F9234D287007AE234A21003000FB
:10151000FCF76CF80A230B930BA93000FEF702FBD3
:101520001E4B18701E4B00221A701E4B2978197022
:10153000032159709A701C4B1B78022B22D08022F9
:101540001A491B481B4B019305230093002392006B
:1015500019F013F910F0C4FF174A002311F09EFC94
:101560001000190011F092FF0022144B11F0A5FE9B
:1015700002000B00124814F083F9124814F050F9DD
:101580000CB070BD104B01321A70D8E7DC7B031031
:10159000142A0020D59A0220B8810310D99A02207B
:1015A000D69A0220DC280020E09A0220C081031095
:1015B0008D0E0110D828002040420F0000408F40BF
:1015C00018600310CC810310D89A022010B50029AE
:1015D00004D0086803685B6902499847002000212D
:1015E00010BDC04600007F4310B503490348044BBB
:1015F00001220DF0FBFC10BD70150020882A002090
:101600000080654210B50C1E08D0086803689B680E
:101610009847022805D120230022E254002000210F
:1016200010BD10F05DFF0E4A002311F037FC1000D2
:10163000190011F02BFF00220A4B11F03EFE0200B0
:101640000B00094814F01CF9084814F0E9F8206868
:1016500003685B6800219847FFF7DEFDDBE7C046C3
:1016600040420F0000408F4018600310E4810310D7
:10167000F0B5D6464F464646C0B584B080468A4649
:1016800017001E000CAB1B78994610F029FF0400D0
:101690000D00FA22920000235046002112F022FB96
:1016A00002000B0012196B41002B0CDB4946029122
:1016B00001960097404610F023FD04B0E0BCBA4606
:1016C000B146A846F0BD01225242014BEEE7C046AA
:1016D000FFFFFF7FF0B583B004000D0016001F0070
:1016E00010F0A6FC009733002A002100FFF7C0FF8E
:1016F00003B0F0BDF8B507000D00032912D800248F
:10170000002608E021003800FAF7FAFD434258416C
:1017100006430134E4B2EBB2A342F3D801235E40A6
:10172000F0B2F8BD0020FCE7F0B585B001AC019047
:101730006160A2601E000A9F8F4201D300240CE06A
:10174000084B094A0948422113F0B4FE351921001B
:1017500001A8FAF7D5FD28700134BC42F6D305B0D4
:10176000F0BDC046F481031004820310206E031004
:1017700010B50379002B05D1002909D0042303718A
:10178000016010BD064B074A0748084913F092FE56
:10179000074B044A83310448890013F08BFEC0468E
:1017A0003059031090820310905903100B0200006F
:1017B000EC990310F8B504000E001100002508E0B4
:1017C0002C4BE200121BD2009B185B190122DA722B
:1017D0000135284BE000001BC0001B181F79AF42E9
:1017E00009DD244BE200121BD2009B185B195B79C8
:1017F000B342EDD1E4E70020002500E0013087424C
:1018000011DD1C4BE200121BD2009B181B18DB7A67
:10181000002BF3D1174BC200121AD2009B180022E2
:101820009A740125EAE7002D22D14B1EDBB2012B71
:1018300004D92000FEF726FE002111E0012120003E
:10184000FEF720FE02212000FEF71CFEF4E7094B04
:10185000E200121BD2009B185B180022DA720131E1
:10186000044BE200121BD2009B181B798B42EEDC6A
:10187000F8BDC046501D002010B5002400E0013422
:10188000032C0BDC0C4AE3001B1BD90088580028F2
:10189000F5D003681B6804219847F0E7074B1978D7
:1018A000FF2903D1064B00221A7010BD0548002203
:1018B0000DF0E0FBF6E7C046501D0020E49A022040
:1018C000E69A0220882A002000B583B0124AC3009D
:1018D0001B1ADB009B58002B1BD0002108E00E4B8D
:1018E000C200121AD2009B185B180022DA72013172
:1018F0000529F4DD084BC200121AD2009B18002201
:101900009A74064B8000C0580092022300211AF0FE
:101910006BF803B000BDC046501D0020582A0020BF
:1019200010B5104AC300181AC000805800280FD004
:1019300003689B68984702280CD005D800280BD074
:1019400001280BD1403004E0032809D1493000E0E0
:101950004F2010BD5220FCE74720FAE74F20F8E760
:101960004F20F6E7501D002070B5FEF747FD01211E
:10197000494218F01FFB22480DF004FCFEF73EFD23
:1019800000230022002118F06FF81E4B1B78002B5B
:1019900006D100251C4B1B78002B1AD1280070BDE6
:1019A00017480DF07BFC002810D10025F2E7013428
:1019B000E4B20F2CEED8124821000DF0B1FB012843
:1019C000F5D10123A3401D43ADB2F0E7002400256B
:1019D000EFE70B480DF074FC0028DFD0002401E095
:1019E0000134E4B20F2CD9D8054821000DF098FB42
:1019F0000228F5D10123A3401D43ADB2F0E7C04654
:101A0000882A0020E29A0220E39A022070B5FEF7AD
:101A1000F5FC0121494218F0CDFA0D480DF0B2FB5A
:101A2000FEF7ECFC00230022002118F01DF8002432
:101A3000002508E0064821000DF072FB6300984085
:101A400005430134E4B20F2CF4D9280070BDC04620
:101A5000882A002000487047682A002010B50248F4
:101A60000DF061FB10BDC046882A002010B5054A64
:101A7000C300181AC000805803681B6902499847C0
:101A800010BDC046501D002000007F4310B51F4B05
:101A90001B78002B03D01E4B1B78002B30D01D4829
:101AA0000DF05AFC002400E00134032C19DC1A4A22
:101AB000E3001B1BDB009B58002BF5D0E0B2FFF7C7
:101AC000D5FF124B1B78002BEED1134AE3001B1BF2
:101AD000DB00985803681B6800219847FFF79CFBC0
:101AE000E2E70E4B1978FF290BD1084B01221A703F
:101AF000074B00221A7010F0F3FC094B1860596074
:101B000010BD0448FF220DF0B5FAEEE7E69A022078
:101B1000E79A0220882A0020501D0020E49A022023
:101B2000481D0020F0B5D6464F464646C0B582B0A7
:101B300001900D00FDF7E4FD814600240023009391
:101B400000272CE0B74AE3001B1BDB009B58002B4F
:101B500002D05346009301270136B24BE200121B1C
:101B6000D2009B181B79B34218DD002F16D1AD4B64
:101B7000E200121BD2009B189B195B79AB42EBD1A0
:101B8000E3B29A461800FEF7A5FC0028DAD101ABB3
:101B9000DB78412BE0D0612BD4D1DDE70134032C7D
:101BA00003DC002F01D10026D7E701AB1B784B45A2
:101BB00015D04B450DD0A9450BD001ABDB78412B9F
:101BC00005D0612B03D0522B01D0722B01D1FFF72E
:101BD0005DFF02B0E0BCBA46B146A846F0BD01AA1E
:101BE0009478002CE5D1002FE3D0A945E1D010F086
:101BF00077FC8D4A002311F051F91000190011F003
:101C000045FC0022894B11F058FB02000B0088486C
:101C100013F036FE00990E0001ABDF7885482B00EB
:101C20003A0013F02DFEFFF731FF672F0AD8412F3E
:101C30000BD33B00413BDAB2262A06D893007E4AFA
:101C4000D3589F46722F00D1C7E0002435E101AB85
:101C50005B78002B2AD00098FEF782FC0400032258
:101C600029000098FFF7A6FD6E4AF3009B1BDB00DE
:101C7000985803689B68984701281DD0694AF3006B
:101C80009B1BDB00985803681B6800219847FFF7EF
:101C9000C3FA644BF200921BD2009B1800229A7484
:101CA00010F01EFC654B18605960CEE701224721F9
:101CB0002800FDF743FBCEE7002CDFD1594B38223B
:101CC00072439B1820331B78002BE2D15C4B1B78AE
:101CD000FA2080005843534BD4185A49012322005C
:101CE000FFF7F8FC203401232370D2E701AB5B78C7
:101CF000002B6CD04B4AF3009B1BDB009858036809
:101D00009B689847002811D0464B38227243D05820
:101D100003689B689847012808D0424B38227243D9
:101D2000D05803689B68984704288ED13D4AF40038
:101D3000A31BDB009146985803681B680121984754
:101D4000FFF76AFA012229000098FFF733FDA41B70
:101D5000E4004C440023A37410F0C2FB374B18601E
:101D6000596010F0BDFBA061E16130342378022B93
:101D700000D06AE72B4C363398461D007543651931
:101D800031352B78013B42465343185903681B6891
:101D9000022198472B78013B994610F0A1FB4B4656
:101DA00042465343E3189861D9612B78013B994629
:101DB00010F096FB4B4642465343E3189862D962B3
:101DC0002B78013B5343E4180023A3743DE7012221
:101DD00052212800FDF7B2FA8CE7A94512D3114A27
:101DE000F3009B1BDB00985803689B689847012809
:101DF0000DD0002C28D00023012252212800FDF70D
:101E00009DFA22E70098FEF765FB0400E7E7054B23
:101E1000F200921BD2009B1820331B78002BEAD0D3
:101E2000E7E7C046501D002040420F0000408F40B1
:101E300018600310E08203109CC50310481D0020A9
:101E4000841100200516011001AB5B78002B2AD00D
:101E5000754AF400A31BDB001500985803681B6843
:101E600002219847FFF7D8F903210098FEF70AFBF3
:101E700001210098FEF706FB02210098FEF702FB05
:101E8000A31BDB00EC180023A37410F029FB674BA5
:101E90001860596010F024FBA061E16110F020FB94
:101EA000A062E162D1E6012241212800FDF746FA55
:101EB000CEE7722F7FD00134E4B2032C00D988E63C
:101EC0002500594AE3001B1BDB0098580028F2D07C
:101ED0001300E200121BD2009B1830331B78022B38
:101EE000E9D1514BE200121BD2009B1831331B7811
:101EF000013B9E42DFD1672FDBD8412FDBD33B0074
:101F0000413BDAB2262AD6D89300494AD3589F4695
:101F100003689B689847012812D0434B38226A43D4
:101F2000D05803681B680021984703212000FEF762
:101F3000A9FA3D4B38226A439B1800229A74BAE7EB
:101F40002000FEF70DFB0028E7D1374B3822624313
:101F50009B1820331B78002BE7D1364B1B78FA20D7
:101F6000800058431300304A984690443249012378
:101F70004246FFF7AFFB4346203301221A70D4E7F5
:101F800003681B680221984701212000FEF77AFAB6
:101F900003212000FEF776FA234A38235D435519C2
:101FA0000023AB7410F09CFAA861E96110F098FA74
:101FB000A862E9627FE703689B689847012829D0F7
:101FC000194AEB0099465B1BDB0090469858036862
:101FD0001B680221984703212000FEF753FA0121D4
:101FE0002000FEF74FFA02212000FEF74BFA4B4685
:101FF0005B1BDB0043449A4600235246937410F067
:102000006FFA53469861D96110F06AFA53469862A4
:10201000D96250E7044B38226A439B1820331B785F
:10202000002B00D147E7CBE7501D0020481D0020C2
:1020300038C60310841100200516011010B50A4B94
:102040001B78002B0ED110BD0134032CFBDC074A9A
:10205000E3001B1BD9008B58002BF5D0E0B2FFF733
:1020600005FDF1E70024F0E7E69A0220501D00206C
:1020700010B5074BC200111AC900CC585B18587C28
:1020800011F0C1FE011C23681B692000984710BD98
:10209000501D0020F8B510F023FA7E4B18605960EF
:1020A000C4E0994200D0DBE0904200D9CFE0D7E015
:1020B000002400E00134032C0ADC774AE3001B1BF8
:1020C000DB009B58002BF5D0E0B2FFF7D1FFF1E722
:1020D000724B01221A70DBE003681B6804219847E9
:1020E0000134032C09DC6C4AE3001B1BDB0098580D
:1020F0000028F1D1F4E70024F3E769480DF0F2F885
:10210000684B00221A70FFF787F8C1E0624AE300CB
:102110001B1BDB00985803681B6800219847FFF7DA
:102120007BF810F0DDF95B4B186059600134032C2B
:1021300036DC594AE3001B1BDB0098580028F5D019
:1021400003689B689847022813D0534AE3001B1B7F
:10215000DB00985803689B689847012809D04E4ACD
:10216000E3001B1BDB00985803689B689847032813
:10217000DCD1494DE3001B1BDB00ED18AE69EF69B4
:1021800010F0AEF9801BB941474A002310F06EFEF3
:10219000EA7C00239942B9DCC3D19042C1D9B5E7AA
:1021A0003C4B1C685D6810F09BF9001BA94100299D
:1021B00001DB002410E010F093F9364B18605960F1
:1021C000F7E710F08DF9344BE200121BD2009B1898
:1021D0009861D9610FE00134032C23DC2E4BE2001F
:1021E000121BD2009B189E69DF6910F079F9801BE1
:1021F000B9410029E5DB284BE200121BD2009B18F5
:102200009E6ADF6A10F06CF9801BB9410029E2DA9E
:1022100010F066F9204BE200121BD2009B18986266
:10222000D962D8E7FA20800018F0E2FD194B1C684B
:102230005D6810F055F9001BA9411B4A002310F0FE
:1022400015FE1A4B1A780023994200DC29E7154B3A
:102250001B78002B04D0114B1B78002B00D127E7F3
:102260000C4B1C685D6810F03BF9001BA9410E4A3D
:10227000002310F0FBFD0E4B1A780023994202DC7C
:1022800006D1904204D9074B1B78002B00D032E7CF
:1022900000244CE7481D0020501D0020E79A022032
:1022A000882A0020E69A022000879303E59A0220FC
:1022B000E99A022010B5054AC300181AC0008058D8
:1022C00003681B690021984710BDC046501D0020BF
:1022D000F0B5DE4657464E464546E0B583B08146EA
:1022E000C5B2012398467EE0D24BE000001BC0003F
:1022F0001B189B180122DA720022002000E0013234
:10230000964217DDCB4BE7003F1BFF00DB199B1804
:10231000DB7A002BF3D1C74BE7003F1BFF00DB1933
:102320009B185B79002BEAD0C24BDB190020987414
:102330000800E4E7002800D17EE02800FEF7CAF894
:102340008246002800D0C5E02800FEF709F90028E1
:1023500028D0B84AE3001B1BDB0093469B445B4636
:102360009E6ADF6A10F0BCF8801BB941B24A0023B4
:1023700010F07CFD5B4621331A780023994200DD82
:1023800035E100D130E14346002B00D02FE1A94ACE
:10239000E3001B1BDB00985803689B6898470228E2
:1023A00000D024E12800FEF7DBF8002800D0B6E1D9
:1023B000A04AE3001B1BDB00985803689B68984702
:1023C000022801D0002398462800FEF783F8002851
:1023D00005D12800FEF7C4F8002800D1AEE1974BE4
:1023E000187818F005FDFF244B461C40914BE20085
:1023F000121BD2009B189B7C0A2B9ED98D4BE200AE
:10240000121BD2009B18D97A00293CD00022894B9C
:10241000E000001BC0001B181E79964200DC6BE731
:10242000844BE000001BC0001B189B18DB7A002BBC
:1024300000D159E70132EAE77E4BE200121BD200DD
:102440009B1800229A7401212800FEF71BF8022134
:102450002800FEF717F803212800FEF713F80021E3
:1024600008E0744BE200121BD2009B185B1800229C
:10247000DA7201316F4BE200121BD2009B181B79FC
:102480008B42EEDC59E76B4BE200121BD2009B182B
:1024900000229A7401212800FDF7F4FF0221280090
:1024A000FDF7F0FF03212800FDF7ECFF002108E015
:1024B000604BE200121BD2009B185B180022DA72FC
:1024C00001315C4BE200121BD2009B181B798B423E
:1024D000EEDC32E7FFF7DAFA0120FEF7B5FE584BE3
:1024E0001B78002B03D0574B1B78002B01D0FFF734
:1024F000CDFA002200239A4600E001324D4BE10064
:10250000091BC9005B181B79934212DD494BE1009E
:10251000091BC9005B189B18DB7A002BEDD1454BDA
:10252000E100091BC9005B18DB7A002BE5D09A4655
:10253000E3E7404A885803689B68984700284FD0D3
:102540005346002B4ED101212800FDF79BFF0221AD
:102550002800FDF797FFF7E60137364BE100091B2E
:10256000C9005B181B79BB4235DD324BE100091B0A
:10257000C9005B18DB19DB7A002BEDD12D4E7618E4
:10258000F7197879002300225221FCF7D7FE2800A2
:10259000FFF790FE2C49012332001420FFF79AF830
:1025A000B37C0133B3740FF09BFF234A002310F078
:1025B00075FC1000190010F069FF0022234B10F089
:1025C0007CFE02000B00224813F05AF97A79214868
:1025D000210013F055F903212800FDF753FFB3E65E
:1025E0000027BAE70027B8E7904200D8CBE6FFF70C
:1025F0004DFA0120FEF728FE002200E001320D4BCB
:10260000E100091BC9005B181B79934224DD094BCB
:10261000E100091BC9005B189B18DB7A002BEDD188
:10262000044BE100091BC9005B18DB7A002BE5D0E5
:102630009A46E3E7501D002040420F00E89A02202E
:10264000E69A0220E79A0220CD15011000408F4043
:102650001860031000830310474A885803689B687A
:102660009847002809D0444AE3001B1BDB00985818
:1026700003689B689847042807D15346002B04D170
:1026800003212800FDF7FEFE92E600273A4BE20008
:10269000121BD2009B181B79BB4237DD364BE20080
:1026A000121BD2009B18DB19DB7A002B01D00137FB
:1026B000ECE7314EB618F71978790023002247214C
:1026C000FCF73CFE2800FFF7F5FD2C490123320002
:1026D0001420FEF7FFFFB37C0133B3740FF000FF4B
:1026E000274A002310F0DAFB1000190010F0CEFE8C
:1026F0000022244B10F0E1FD02000B00224813F0F1
:10270000BFF87A792148210013F0BAF80121280096
:10271000FDF7B8FE02212800FDF7B4FE48E6164B8F
:10272000E200121BD2009B1821331B78002B00D132
:102730003EE603212800FDF7A5FE39E6FEF784FDFD
:1027400001212800FDF79EFE02212800FDF79AFED8
:1027500003212800FDF796FE074BE200121BD20072
:102760009B1800229A74013A009200230021002055
:1027700019F0C4F837E6C046501D0020CD150110F1
:1027800040420F0000408F40186003101C8303106C
:1027900010B5044AC300181AC000805803681B68AB
:1027A000984710BD501D002070B586B001AB0C1DC0
:1027B00060CC60C30C3170C970C30300083301A939
:1027C00030C930C370C970C3C26106B070BD70B586
:1027D000030008330A00083230CA30C370CA70C31D
:1027E0001C3134C934C370BDF0B587B004000E008D
:1027F000110003AD2800FDF71BF86B466A4683CD38
:1028000083C2220040C223CB23C2200007B0F0BD08
:10281000F0B58BB005000B00110005AC220041CBD8
:1028200041C216001000FDF703F86A466B4603CC60
:1028300003C319003000D0C8D0C1291D11CA11C16D
:102840002A000C3213CB13C228000BB0F0BD704726
:1028500010B504000800FFF7FAFF2060032363604F
:10286000023B2372200010BDF0B58BB005000B00B9
:10287000110005AC220041CB41C216001000FFF749
:10288000E7FF6A466B4603CC03C319003000D0C88B
:10289000D0C1291D11CA11C12A000C3213CB13C299
:1028A00028000BB0F0BDF0B58BB005000B00110097
:1028B00005AC220041CB41C216001000FCF769FBB9
:1028C0006A466B4603CC03C319003000D0C8D0C1A0
:1028D000291D11CA11C12A000C3213CB13C22800C2
:1028E0000BB0F0BDF0B58BB005000B00110005ACCE
:1028F000220041CB41C216001000FCF729FB6A46BA
:102900006B4603CC03C319003000D0C8D0C1291DC9
:1029100011CA11C12A000C3213CB13C228000BB00C
:10292000F0BD704710B504000800FFF7FAFF206003
:1029300008236360073B2372200010BDF0B587B009
:1029400004000E00110003AD2800FFF7EBFF6B46FB
:102950006A4683CD83C2220040C223CB23C220001B
:1029600007B0F0BD70B586B0050003AC039162609E
:10297000A36000290AD003A9FAF700FC041E0BD0BB
:10298000838801338380200006B070BD0E4B0F4A50
:102990000F482E2112F08EFD049E0A993000F9F79F
:1029A0006BFC041EEFD003000833009603980499D3
:1029B000059AFEF7B9FEA6190023337221002800FC
:1029C000F9F7CAFCDFE7C0463883031050830310D1
:1029D0009057031010B586B004000391049205933C
:1029E000081E09D02000083022680092049A059B36
:1029F000FFF7B8FF002801D006B010BD01232371F6
:102A0000FAE7000030B585B005000191029203930A
:102A10000379002B19D10199002926D001AB1C7A2A
:102A2000002C18D101A84168FEF764FE041E17D1DE
:102A30000199029A039B0898FFF7CCFF011E0CD066
:102A40002800F9F715FD012407E0094B094A0A4857
:102A5000182112F02FFDFEF78BFE200005B030BDCF
:102A600001A92800F9F7A4FFF7E70024F5E7C0461D
:102A700030590310208403100874031010B586B079
:102A8000041E0391049205930AD00899FAF780F97D
:102A9000089A00920399049A059B2000FFF7B2FF61
:102AA00006B010BDF8B5066847680C684D6822008E
:102AB0002B003000390010F069FC00280BD12200F7
:102AC0002B003000390010F077FC002801D10120E4
:102AD000F8BD0220FCE70420FAE710B5046842685C
:102AE00008684B68934207DC04D09A4208DC05D0A2
:102AF000012010BDA042F8D90420FAE78442F7D99A
:102B00000220F6E710B50468426808684B689342F3
:102B100007D804D09A4208D805D0012010BDA042A1
:102B2000F8D90420FAE78442F7D90220F6E770B515
:102B300084B004000E000800FBF7E1FB05003668D6
:102B400002A902904E600822684611F041FB256000
:102B50006660200004B070BD10B5FBF7D0FB002804
:102B600004D0007943425841C0B210BD0120FCE7B7
:102B700010B582B00400FDF724FFA1680090019118
:102B8000F9F72AFD02B010BD70B584B005000E0043
:102B90000800FDF716FF0400B66802A902904E6017
:102BA0000822684611F014FB002C02D02379202B58
:102BB00004D12C606E60280004B070BD0024F8E7DA
:102BC00070B588B0029103920D00160005AC0100AB
:102BD0002000FFF7A7FE00960599069A079B28009C
:102BE000FFF74CFF08B070BD10B504000430FDF7CE
:102BF000E8FEE169E268FCF7EEFD10BD30B585B096
:102C00000500FFF7F1FF0400ED6802A902904D6096
:102C10000822684611F0DCFA002C05D029002000BB
:102C2000FAF72EFE05B030BD0020FBE710B584B0EA
:102C30000C00006811F068F900900191206810F014
:102C4000D1FB0290039102A96846FFF72BFF04B065
:102C500010BD00B585B00268436800920193086812
:102C600010F0C0FB0290039102A96846FFF71AFF1B
:102C700005B000BD00B583B00B680093DB1701936E
:102C80006946FFF72AFF03B000BD00B583B00B68AB
:102C90000093DB1701936946FFF734FF03B000BDD3
:102CA000F0B587B004000430FDF78BFEE16803AA9D
:102CB00023001C33E0CBE0C2002805D0009103992B
:102CC000049A059BFBF702FB07B0F0BD30B585B059
:102CD0000500FFF7E5FF0400ED6802A902904D60D2
:102CE0000822684611F074FA002C05D02900200053
:102CF000FAF7C6FD05B030BD0020FBE710B50400B3
:102D00000430FFF7CDFFE16A2269FCF764FD10BDD6
:102D100030B585B00500FFF7F1FF04002D6902A969
:102D200002904D600822684611F052FA002C05D03E
:102D300029002000FAF7A4FD05B030BD0020FBE714
:102D400030B585B00500FFF7ABFF0400ED6802A9C0
:102D500002904D600822684611F03AFA002C05D026
:102D600029002000FCF782FE05B030BD0020FBE703
:102D700030B583B004000D00FFF792FFE1680090CA
:102D80000191FCF7BFFD002802D1286803B030BDD7
:102D90002000FFF7D5FFF9E730B585B00500FDF756
:102DA00010FE0400AD6802A902904D60082268463A
:102DB00011F00EFA002C05D029002000FCF756FE79
:102DC00005B030BD0020FBE730B583B004000D0036
:102DD000FDF7F7FDA16800900191FCF793FD002835
:102DE00002D1286803B030BD2000FFF7D5FFF9E716
:102DF00002680B689A4204DB01DC01207047022064
:102E0000FCE70420FAE700B583B00378019301A83A
:102E1000FFF7EEFF03B000BD30B597B004000D0022
:102E20001100F9F7F8FF2379402B6BD89B00374A44
:102E3000D3589F46296800222000FFF7F7FE62E082
:102E400029680022FFF705FF5DE06B681294139379
:102E5000002058E06B6814941593002053E0200084
:102E600020F0F8FD01AB0194029000221A720020BC
:102E700049E02468002C09D0200020F0EBFD04ABD1
:102E80000494059001221A7200203CE00020F6E72D
:102E9000236819000831DA8807AB079108920022ED
:102EA0001A7200202FE023681A000832DB880A9289
:102EB0000B93002027E023680C93DB170D93296800
:102EC00000220CA8FFF7D6FE1DE023680E93002316
:102ED0000F93296800220EA8FFF7D7FE13E0296898
:102EE0000022FFF7C7FE0EE029680022FFF7CDFEA3
:102EF00009E0237847206844037029680022FFF71F
:102F000082FF00E0002017B030BDC046D4C60310D9
:102F100000B585B0009001911300002807D00A0089
:102F200002A902934A60FFF777FF05B000BD0020B9
:102F3000FBE700B585B0009001911268039203AAE7
:102F4000FFF7E6FF05B000BD30B583B00C0001000F
:102F50006846FFF7ECFD220000980199FFF7E9FFB2
:102F6000013843425841C0B203B030BD70B58AB099
:102F700006000391049205930E9D290008A8FAF714
:102F800045F8089C002C1AD0290006A8FAF73EF84C
:102F9000069C002C13D008A8F9F78AFC0095039929
:102FA000049A059BFFF72EFD00280BD00195079B87
:102FB0000093069B0899099A3000F9F781FE2000DA
:102FC0000AB070BD0024FAE730B587B0050003AC45
:102FD0000391049205930A9B0093059BFAF76FFBFC
:102FE000002801D007B030BD0A9A009203996268A8
:102FF000A3682800FFF7BAFFF4E710B586B0040015
:10300000039104920593081E0CD02379002B0BD05A
:10301000202B0ED12000089A00920399049A059B58
:10302000FFF7D2FF06B010BD2000F9F75DFA0028C7
:10303000F1D10020F6E700B583B003004068002816
:1030400006D09A680092D9681A695B69FFF7D5FFC4
:1030500003B000BD70B584B004000D00FFF7EBFFB6
:10306000A36802A902904B600822684611F0B0F8EC
:103070000099019A2800FFF7A3FDA368002B05D053
:103080001B79002B04D1012004B070BD0020FBE7A8
:103090000020F9E7F0B5DE4657464E464546E0B516
:1030A0009A4CA544002204920023059306930B93A7
:1030B0000C930D93964B1A80964A974C210066A864
:1030C000FCF7A1FB66A95EA8FDF7DAFC934A210094
:1030D0006AA8FCF798FB6AA960A8FDF7D1FC904AA2
:1030E00021006EA8FCF78FFB6EA962A8FDF7C8FC53
:1030F0008C4A210072A8FCF786FB72A964A8FDF730
:10310000BFFC8949894B012252A80BF06FFF884907
:1031100052AB0A0031CB31C213CB13C203CB03C273
:10312000002412E0E6B2824D0022310028000BF0AC
:103130006BFF0022310028000BF09CFF7D4B6200EA
:10314000981800214170D15401340F2CEADD7A4ADD
:10315000714C210076A8FAF749FA0A237A937AA9E2
:1031600076A8FCF7DFFC754B1870754A21007BA828
:10317000FCF777FB96237F937FA97BA8FCF7D2FC13
:10318000704B1870704A210080A8FAF72FFA0F23AD
:10319000849384A980A8FCF7C5FC6C4B18706C4A1A
:1031A000210085A8FCF75DFB1E23899389A985A8CA
:1031B000FCF7B8FC674B1870674A21008AA8FFF734
:1031C00013FB02238E938EA98AA8FFF7BDFE002869
:1031D00008D0624B01221A70614B1A700027FF233E
:1031E00008933BE05C4A4C498FA8FFF7FDFA0123A6
:1031F000939393A98FA8FFF7A7FE002806D0574BFB
:1032000001221A70564B00221A70E7E7534B002236
:103210001A70534B1A70E1E7524BFA00D21BD200DE
:103220009B18303301221A704F4A2100A0A8FDF7E5
:103230005BFAA0A8FDF7D8FB002852D1FB005EAADC
:103240009B58002B09D0474BFA00D21BD2009B1889
:1032500030331B78002B00D08EE00137032F01DDC7
:1032600001F075FAFB005EACE4183F4A210094A817
:10327000FDF73AFA94A8FFF77BFC3C49082220F0BE
:103280001DFB0028C8D0384A21009AA8FDF72CFA67
:103290009AA8FDF7A9FB002804D0FB005EAA9B5862
:1032A000002BB9D1304A2100ACA8FDF71DFAACA81B
:1032B000FFF75EFC2E49052220F000FB00281BD002
:1032C0002849FA00D31BDB00CB18303300201870DC
:1032D000D21BD20050500023089306930593049309
:1032E000ACE7214A2100A6A8FDF7FEF921490022FA
:1032F000A6A8FFF7AFFEA1E71A4BFA00D21BD20037
:103300009B18303302221A7098E7C046D4F4FFFFAE
:10331000CE9A0220E47E0310142A0020EC800310D1
:10332000E0840310E88403107015002000806542DB
:10333000882A0020682A0020B8810310E19A022020
:10334000A07E0310E89A0220F0840310E59A022080
:10335000F8840310E99A022004850310E29A0220FF
:10336000E39A0220501D00206C7B0310108503108F
:103370001C85031024850310FE4A2100B4A8FDF724
:10338000B3F9B4A9B2A8FFF7FFFBB29B002B01D1A0
:1033900000F014FDF84B99461A002100BAA8FFF777
:1033A00063FAF64B0EAA94466344BBAA03CA03C34E
:1033B000F34B6344BDAA23CA23C3F24D6544F249CB
:1033C0008A462800FFF744FA46AB07CD07C352AD43
:1033D00054ABEA4A0EA98C46624403CA03C3E84AC6
:1033E000624443CA43C346AA43CA43C3A84628000B
:1033F000FFF76CFC0138C3B207934B4609931A00E0
:103400002100C0A8FFF730FAE04B0EAA94466344AF
:10341000C1AA03CA03C391231B016344C3AA43CABD
:1034200043C3DB4860448146DA488346010048468E
:10343000FAF7D0F80C22494646A810F0C9FE54AB62
:10344000D24A0EA98C46624403CA03C391221201D8
:10345000624443CA43C346A90A0043CA43C328007F
:10346000FFF734FC0F900490CB490A910A00210029
:10347000C6A8FDF758F9C94B0EAA94466344C7AADB
:1034800003CA03C3C64B6344C9AA43CA43C3C5495D
:103490006144894651464846FFF7DAF946A90B00D0
:1034A0004A4643CA43C354ABBC490EAA944661443E
:1034B0000A0003CA03C3BA4961440A0043CA43C3AA
:1034C00046A90A0043CA43C32800FFF7FFFB01389F
:1034D000C1B20E910A9A2100CCA8FDF724F98C23E1
:1034E0001B010EAA94466344CDAA03CA03C3AE4B84
:1034F0006344CFAA43CA43C38B231B016344994649
:1035000059461800FAF766F80C22494646A810F00A
:103510005FFE54AB8C2109010EAA944661440A0057
:1035200003CA03C3A04961440A0043CA43C346A96E
:103530000A0043CA43C32800FFF7C8FB1090059058
:103540008C4906910A002100D2A8FDF7CDF89749D1
:103550000EAB9C4661440B00D3AA03CA03C3944933
:1035600061440B0043CA43C39249614489465146B2
:103570004846FFF76DF946A90B004A4643CA43C3C4
:1035800054AB8A490EAA944661440A0003CA03C395
:10359000874961440A0043CA43C346A90A0043CA93
:1035A00043C32800FFF792FB0138C0B28146069A58
:1035B0002100D8A8FDF798F87F490EAB9C466144DE
:1035C0000B00D9AA03CA03C38821090161440B0077
:1035D00043CA43C3794961448A4659465046F9F77C
:1035E000F9FF0C22514646AE300010F0F1FD54AB0D
:1035F00071490EAA944661440A0003CA03C3882194
:10360000090161440A0043CA43C346A90A0043CAE8
:1036100043C32800FFF75AFB11900690684B0799A7
:1036200048001A18032151700E9949008B465A1808
:10363000012151704A46520099188C4604218A464D
:10364000614656464E707E1CF6B2C6545946CE545C
:10365000D654202010F0C2FD8246FCF7CFFE0200B7
:1036600058494E4601960E9B0093079B50460DF01D
:1036700061FC554AFB00DB1BDB0056469E5011984F
:1036800010F0C1FB8246109810F0BDFB81460F98E8
:1036900010F0B9FB011C53464A46079630000DF066
:1036A00065FC099A2100DEA8FFF7DEF8474B0EAA59
:1036B00094466344DFAA03CA03C3454B6344E1AAAB
:1036C00043CA43C3434B63449A46434EB146310019
:1036D0001800FFF7BDF82E00534607CB07C614AB02
:1036E0003A480EAA94466044020003CA03C338480D
:1036F0006044020043CA43C32E0007CE07C312AE84
:1037000031002800FFF763F829003BA8FFF75FF8B6
:103710003AAEB346002345933000FFF7F9FA0E9016
:10372000099A2100E4A8FFF79FF883231B010EAA42
:1037300094466344E5AA03CA03C3284B6344E7AA3B
:1037400043CA43C382231B0163449A464946180077
:10375000FFF77EF80C225146280010F039FD1EAB11
:10376000832000010EAA94466044020003CA03C3EA
:1037700036E0C04630850310388503102C09000060
:10378000340900001C0900003C85031008090000F2
:10379000F80800004085031048850310E408000085
:1037A000EC080000D4080000C80800009C080000D5
:1037B000A40800008C0800007808000068080000D9
:1037C000682A0020882A0020501D0020540800008C
:1037D0005C08000044080000508503103808000011
:1037E000FE486044020043CA43C32E0007CE07C30D
:1037F0001CAE31002800FEF7EAFF290047AE30007A
:10380000FEF7E5FF0121519146AE3000FFF780FA47
:103810000F90099A2100EAA8FFF726F8F04B0EAAAC
:1038200094466344EBAA03CA03C3EE4B6344EDAA78
:1038300043CA43C3EC4961448A4649465046FFF7B0
:1038400007F82E00534607CB07C628ABE44A0EA95B
:103850008C46624403CA03C3E24A624443CA43C378
:103860002E0007CE07C326AE31001E001800FEF75B
:10387000AEFF310053AE3000FEF7A9FF0221E9622E
:103880002800FFF745FA00900F9B0E9A0221079837
:103890000DF0B8FBD548099002002100F0A8FCF714
:1038A00042FFFD23DB000EAA94466344F1AA03CA3B
:1038B00003C3FE23DB006344F3AA43CA43C3FB20D4
:1038C000C000604482464946FEF7C2FF0C225146C2
:1038D000280010F07DFC14ABFD20C0000EAA944619
:1038E0006044020003CA03C3FE20C000604402001B
:1038F00043CA43C32E0007CE07C312AE31002800CF
:10390000FEF765FF29003BAE3000FEF760FF5E4624
:103910000023F3623000FFF7FBF90E90099B9B46F2
:103920001A002100F6A8FCF7FEFEB14B0EAA944641
:103930006344F7AA03CA03C3AE4B6344F9AA43CA5C
:1039400043C3AD48604482464946FEF781FF2E00DE
:10395000534607CB07C61EABA5480EAA9446604443
:10396000020003CA03C3A3486044020043CA43C31E
:103970002E0007CE07C31CAE31002800FEF727FF3C
:10398000290047AE3000FEF722FF0121519146AEDB
:103990003000FFF7BDF982465A462100FCA8FCF72B
:1039A000C2FEF426F6000EAB9C4666443300FDAA28
:1039B00003CA03C3F526F6006644330043CA43C373
:1039C000F226F600664449463000FEF741FF0C221D
:1039D0003100280010F0FCFB28ABF426F6000EAAFC
:1039E00094466644320003CA03C3F526F6006644D3
:1039F000320043CA43C32A0043CA43C326AE310040
:103A00001800FEF7E4FE30AE310053A8FEF7DFFEEB
:103A10000226EE622800FFF77BF9009053460E9ACB
:103A2000012107980DF0EEFA0A9A2100FFA80C3048
:103A3000FCF779FE714A0EAB9C4662441300FFAA64
:103A4000103203CA03C36E4A62441300FFAA18323D
:103A500043CA43C36B4E664449463000FEF7F8FE46
:103A60002B0007CE07C314AB644A0EA98C466244F0
:103A700003CA03C3624A624443CA43C307CD07C3B0
:103A800012AD29004046FEF7A2FE41463BA8FEF7D4
:103A90009EFE3AADAB46002345932800FFF738F968
:103AA0000990594DA9462A002100FFA82430FCF7AF
:103AB0003AFEEB25ED000EAB9C4665442B00FFAAB9
:103AC000283203CA03C3EC25ED0065442B0023CA4A
:103AD00023C3E925ED0065442E004C4DA84629007E
:103AE0003000FEF7B5FE0C22310052AB180010F08A
:103AF0006FFB1EABEB22D2000EA98C46624403CAB8
:103B000003C3EC22D200624443CA43C352A90A0051
:103B100043CA43C352AE1CA93000FEF758FE310021
:103B200047A8FEF754FE46AA924601215191100083
:103B3000FFF7EEF80A904A462100FFA83C30FCF758
:103B4000F2FD334A0EAB9C4662441300FFAA40329A
:103B500003CA03C32F4A62441300FFAA483223CA90
:103B600023C32D4A6244914641461000FEF770FE81
:103B700032004B4623CB23C228AB254A0EA98C46E4
:103B8000624403CA03C3234A624423CA23C33200E4
:103B900023CA23C3994626A91800FEF718FE4946F2
:103BA00053AA1000FEF713FE02225D923000FFF7C9
:103BB000AFF800900A9B099A002107980DF022FAAD
:103BC000164A09922100FFA85430FCF7ACFDE2230D
:103BD000DB000EAA9446634422E0C0463808000089
:103BE0000C08000014080000FC07000054850310B6
:103BF000C4070000CC070000B40700007C070000E9
:103C0000840700006C0700004885031050850310EE
:103C1000340700003C070000240700005C85031007
:103C2000FFAA583203CA03C3E323DB006344FFAA9D
:103C3000603223CA23C34146E022D2006244150009
:103C40001000FEF705FE0C222900300010F0C0FA2B
:103C500014ABE222D2000EA98C46624403CA03C30D
:103C6000E322D200624423CA23C3320023CA23C3FF
:103C700012A93000FEF7ABFD31003BA8FEF7A7FD0F
:103C800058460023C362FFF743F80A90099A2100BF
:103C9000FFA86C30FCF747FD444B0EAA94466344E2
:103CA000FFAA703203CA03C3414B6344FFAA7832B0
:103CB00023CA23C33F4B63449B4641461800FEF78B
:103CC000C7FD33005A4623CA23C31EAB374A0EA989
:103CD0008C46624403CA03C3354A624423CA23C3E1
:103CE000320023CA23C31CAB19003000FEF76FFD5E
:103CF000310047AB1800FEF76AFD53460121D96237
:103D00001800FFF705F88346099A2100FFA88430C0
:103D1000FCF709FDD923DB000EAA94466344FFAAF1
:103D2000883203CA03C3DA23DB006344FFAA90325C
:103D300023CA23C3D723DB0063449A4641461800B5
:103D4000FEF786FD0C225146300010F041FA28ABF8
:103D5000D922D2000EA98C46624403CA03C3DA22D8
:103D6000D200624423CA23C3320023CA23C326AB32
:103D700019004846FEF72BFD494653AB1800FEF7E5
:103D800026FD02215D913000FEF7C2FF00905B46E8
:103D90000A9A032107980DF035F9074BFA00D21B58
:103DA000D2009B1800221A710025BBE3EC0600002C
:103DB000F4060000DC060000501D0020FC4A210033
:103DC000FFA8A430FCF7AFFCFFA9A431FFA89C30EA
:103DD000FEF7DAFEFFAB9C331B68002B00D193E3A8
:103DE000F34B99461A002100FFA8BC30FCF79BFC5E
:103DF000F04B0EAA94466344FFAAC03203CA03C321
:103E00009A231B016344FFAAC83223CA23C3EA4E84
:103E10006644EA493000FEF71BFD46AD0C22310036
:103E2000280010F0D5F954ABE24A0EA98C46624442
:103E300003CA03C39A221201624443CA43C32A003D
:103E400043CA43C352AB98461800FEF73FFF013800
:103E5000C3B29B464A462100FFA8D430FCF763FC5E
:103E6000D74B0EAA94466344FFAAD83203CA03C3B1
:103E7000D44B6344FFAAE03243CA43C3D24E6644E4
:103E8000D2493000F9F7A6FB2B0007CE07C354AB8D
:103E9000CB4A0EA98C46624403CA03C3C94A624492
:103EA00043CA43C32A0043CA43C34046FEF70EFF3A
:103EB00004904A462100FFA8EC30FCF734FC95231F
:103EC0001B010EAA94466344FFAAF03203CA03C33F
:103ED000BF4B6344FFAAF83243CA43C3942636015A
:103EE0006644BC493000FBF712F80C223100280070
:103EF00010F06EF954AB952212010EA98C46624463
:103F000003CA03C3B24A624443CA43C307CD07C3CB
:103F1000FF23A022D2006A44136011004046FEF73E
:103F200027FFC3B20B93AC4B5A465200991801209D
:103F30004870791C9954A94A2100A9486844FCF7A3
:103F4000F2FBA7496944A7486844FEF71DFEA54B4C
:103F50006B441B68002B00D1D9E2A04B99461A0094
:103F60002100A1486844FCF7DEFBA04B0EAA944652
:103F70006344A522D2006A4403CA03C39C4B634432
:103F8000A622D2006A4423CA23C39A4E66448B49B0
:103F90003000FEF75DFC46AD2B0007CE07C354ABE7
:103FA000924A0EA98C46624403CA03C3904A6244F3
:103FB00043CA43C32A0043CA43C352AB98461800BE
:103FC000FEF784FE0138C3B207934A4621008548B4
:103FD0000EAB9C466044FCF7A6FB9E231B010EAA79
:103FE00094466344A122D200624403CA03C3824BB5
:103FF0006344A222D200624443CA43C39D263601D1
:10400000664472493000F9F7E5FA0C2231002800C5
:1040100010F0DEF854AB9E2212010EA98C466244C9
:1040200003CA03C3744A624443CA43C32A0043CA4F
:1040300043C34046FEF74AFE05904A4621006F48BA
:104040000EAB9C466044FCF76EFB6D4B0EAA94468B
:104050006344A422D200624403CA03C3694B63448D
:10406000A522D200624443CA43C3674E66445949FD
:104070003000FAF74CFF2B0007CE07C354AB604A61
:104080000EA98C46624403CA03C35E4A624443CA13
:1040900043C307CD07C3FF235C4961440B605B4901
:1040A00061444046FEF764FEC1B20C914A4B079A48
:1040B0005200991802204870791C9954544A2100E2
:1040C000A820C0000EAB9C466044FEF7CDFBA821A3
:1040D000C9000EAB9C466144A720C0006044FEF7B7
:1040E00053FDA723DB000EAA944663441B68002BF4
:1040F00000D10FE2464B9A461A002100AB20C000C7
:104100006044FEF7B1FBA7231B010EAA944663444B
:10411000404A624403CA03C33F4B63443F4A62447C
:1041200023CA23C3A6263601664424493000FEF77D
:104130008FFB46AD0C223100280010F049F854AB3B
:10414000A72212010EA98C46624403CA03C3324A55
:10415000624443CA43C32A0043CA43C352AB99468D
:104160001800FEF7B3FD0138C2B209925246210091
:10417000AE20C0000EAB9C466044FEF775FB284B9A
:104180000EAA94466344274A624403CA03C3264BDB
:104190006344264A624443CA43C3254B634498465A
:1041A0000A491800F9F716FA2B00424642E0C046C9
:1041B0004885031098090000880900003C85031019
:1041C000740900007C0900006409000040850310A8
:1041D0005809000064850310682A002054850310E4
:1041E0000C0500000405000024050000040A00007E
:1041F0000C0A0000F4090000E80900001C0500009A
:10420000BC090000C4090000AC090000340500002E
:10421000388503105C050000780A00006405000082
:104220004C0A000074050000540A00007C050000E0
:104230003C0A000043CA43C354ABCC4A0EA98C4687
:10424000624403CA03C3CA4A624443CA43C32A003E
:1042500043CA43C34846FEF739FD06905246210043
:10426000B120C0000EAB9C466044FEF7FDFAC14B86
:104270000EAA94466344C04A624403CA03C3A323FC
:104280001B016344BD4A624443CA43C3BC4B6344FD
:104290009846BC491800FAF73AFE0C22414628001D
:1042A0000FF096FF54ABB34A0EA98C46624403CA82
:1042B00003C3A3221201624443CA43C307CD07C309
:1042C000FF23B422D2006244136011004846FEF777
:1042D0004FFDC3B20D93AC4B099A520099180320BD
:1042E0004870791C9954A94A2100A9480EAB9C46F4
:1042F0006044FCF718FAA6490EAB9C466144A548F9
:104300006044FEF741FCA34B0EAA944663441B682D
:10431000002B00D101E19D4B9A461A0021009E48D6
:104320006044FCF700FA9D4B0EAA94466344B92200
:10433000D200624403CA03C3994B6344BA22D20039
:10434000624423CA23C3974B634498469649180096
:10435000FEF77EFA46AD2B00424643CA43C354AB38
:104360008E4A0EA98C46624403CA03C38C4A624437
:1043700043CA43C32A0043CA43C352AB99461800F9
:10438000FEF7A4FC0138C3B2984652462100874884
:104390000EAB9C466044FCF7C6F9854B0EAA9446CA
:1043A0006344BC22D200624403CA03C3AC231B0192
:1043B0006344BD22D200624443CA43C37D497E4B5D
:1043C00063441800F9F706F90C227B4B0EA98C46C2
:1043D0006344190028000FF0FBFE54AB744A0EA989
:1043E0008C46624403CA03C3AC221201624443CA2E
:1043F00043C32A0043CA43C34846FEF767FC0890FC
:10440000524621006D480EAB9C466044FCF78BF988
:104410006B4B0EAA94466344BF22D200624403CA87
:1044200003C3684B6344C022D200624443CA43C3FF
:10443000654B63449A4653491800FAF768FD2B0010
:10444000524643CA43C354AB5D4A0EA98C466244EC
:1044500003CA03C35B4A624443CA43C307CD07C3CD
:10446000FF235A4A6244136011004846FEF780FC5D
:10447000C3B29946444B42465200991805204870F1
:10448000791C99541C200FF0A9FE0500FBF7B6FF1C
:1044900002004F4943460293099B0193079B0093F7
:1044A0005B4628000CF086F94A4AFB00DB1BDB0068
:1044B0009D5006980FF0A7FC824605980FF0A3FCCC
:1044C000804604980FF09FFC061C08980FF09BFC98
:1044D000009053464246311C28000CF091F90B9A8B
:1044E000002128000CF086F90C9A012128000CF01C
:1044F00081F90D9A022128000CF07CF94A4603212B
:1045000028000CF077F948E4FF239B4613E5FF23CE
:104510000793D3E5FF230993E5E6FF2399469846E1
:10452000B0E70135052D59DC2B4A2100C220C0001F
:104530000EAB9C466044FEF76BF92A00C221C9000D
:104540000EAB9C46614452A8FEF72EF952A8FEF726
:1045500055FB0028E5D01F4BFA00D21BD2009B1858
:104560001A799918487101321A71DAE74C0A000079
:10457000540A0000280A00008C0500009405000081
:10458000180A000064850310682A00205C85031067
:10459000AC050000A4050000C4050000DC0A000012
:1045A000E40A0000CC0A00003C850310DC05000092
:1045B000B80A000040850310A80A0000F4050000B6
:1045C000940A00009C0A0000840A00000C06000007
:1045D000882A0020501D0020EC7E0310DD4BFA00DD
:1045E000D21BD2009B181B79002B5BD0DA4A21002A
:1045F000C520C0000EAB9C466044FEF735F9FF2392
:10460000C822D2000EA98C46624413601100C52056
:10461000C0006044FEF7D8FBCE4DFB00DB1BDB0087
:10462000ED186874CD4A2100CD480EAB9C4660441D
:10463000FCF798F80623CB4A0EA98C466244136017
:104640001100C7486044FEF7BFFBE8742B0020331D
:1046500000261E70C44A2100CC20C0000EAB9C4630
:104660006044FEF720F9CF23DB000EAA9446634492
:104670001E60CF21C9006144CC20C0006044FEF719
:10468000A3FB2B002133187030352B78022B23D05D
:10469000B04BFA00D21BD2009B18313300221A70A3
:1046A000FEF7DBFD0DF01CFFB04A00230EF0F6FB19
:1046B000100019000EF0EAFE0022AD4B0EF0FDFDD9
:1046C00002000B00AB4811F0DBF8AB4811F0A8F882
:1046D0000420FAF76DFA89E7A84A2100A8480EAB32
:1046E0009C466044FEF7FEF80023A64A0EA98C46BD
:1046F000624413601100A2486044FEF765FBC0B23B
:10470000944BFA00D21BD2009B183133187000284A
:1047100001D0FEF7A2FD0DF0E3FE944A00230EF057
:10472000BDFB100019000EF0B1FE0022904B0EF000
:10473000C4FD02000B008F4811F0A2F8791C9248CA
:1047400011F09EF80420FAF733FAFEF786FD8F4A3F
:104750008F49D320C0000EAB9C466044FEF7EEF8B4
:10476000D320C0000EAB9C466044FEF7F5F900284C
:1047700008D0884BFF221A70864B1B780F2B16D956
:10478000002461E0814A8249D520C0000EAB9C46DE
:104790006044FEF7D3F8D520C0000EAB9C466044C1
:1047A000FAF728F87B4B187001381870E4E70DF021
:1047B00097FE6E4A00230EF071FB100019000EF0F8
:1047C00065FE00226A4B0EF078FD02000B0069487E
:1047D00011F056F86F4D29786F4811F051F829788B
:1047E0006E4C6F4A20000AF00FFC2978FF2220004F
:1047F0000AF040FCC4E70DF073FE5C4A00230EF0A3
:104800004DFB100019000EF041FE0022584B0EF037
:1048100054FD02000B00574811F032F84D4BE200F6
:10482000121BD2009B185B195B795E482A0021009D
:1048300011F026F80135474BE200121BD2009B18FD
:104840001B79AB42D7DC0134032C08DC414AE3007E
:104850001B1BDB009B58002BF5D00025EBE7002548
:1048600013E00134032C0BDC3A4AE3001B1BDB0092
:1048700098580028F5D0E9B203681B689847F0E71C
:10488000FA2080000DF01CFD0135032D01DC002411
:10489000E8E7002400E00134032C0BDC2D4AE300A0
:1048A0001B1BDB0098580028F5D003681B68022109
:1048B0009847F0E70EF0CCF8002817D03A4B1B6A67
:1048C000002B15D1384B5B6A002B13D0002400E07D
:1048D0000134032C11DC1F4AE3001B1BDB009B5837
:1048E000002BF5D0E0B2FBF7B3FDF1E70024F0E7D1
:1048F0000024EEE70620FAF729F92B4A0023136279
:1049000053622A4A01211170294A137080222949D1
:1049100029482A4B0193072300930023920015F0A6
:104920002CFF0DF0DDFD114A00230EF0B7FA100048
:1049300019000EF0ABFD00220D4B0EF0BEFC020084
:104940000B000C4810F09CFF1D4810F069FF00247C
:1049500039E0C046501D00208C850310FC800310F8
:10496000440600005C0600009085031040420F00E2
:1049700000408F401860031070850310A08503105D
:104980007C06000094060000B0850310D485031057
:10499000142A0020E49A0220E0850310882A0020CF
:1049A00000006842F085031000800540E69A02206E
:1049B000E79A02200886031095200110542A00204F
:1049C000148603100134032C2CD81A4AE3001B1B55
:1049D000DB009B58002BF5D0C82217491748A300CD
:1049E000174D5B1901930C231B1B009323005200EE
:1049F00015F0C3FE0DF074FD124A00230EF04EFABE
:104A0000100019000EF042FD00220F4B0EF055FC75
:104A100002000B000D4810F033FF611C0C4810F031
:104A20002FFFCFE70B4B9D44F0BCBB46B246A946D7
:104A3000A046F0BD501D00202C860310D12201108D
:104A4000582A002040420F0000408F401860031099
:104A50003C8603102C0B000010B5FCF7C5FD10BD03
:104A600010B50379002B05D100290AD00323037167
:104A7000016010BD064B074AF6210748490010F0B7
:104A800019FD064B034AEE310348FF3110F012FDC9
:104A9000305903105C86031090590310EC990310F1
:104AA00010B5002801D1012010BD0138FFF7F8FF33
:104AB000830018184000F7E770B5466805E00C78E9
:104AC0005D1C45601C70013A013143680468A342D3
:104AD00001D2002AF3D1981B70BD000084B0F8B554
:104AE00006900791089209930FAB1E7806AB5B788E
:104AF000002B14D11D4D2C781D4B22011219500092
:104B00001818222206A90FF063FB1A4B1E55013418
:104B100007231C402C70F8BC08BC04B018473709A8
:104B20000F231E4014483200390010F0A9FE002463
:104B30000AE01A2010F066FE0EE00F48320039003D
:104B400010F09EFE0134E4B21F2C0BD82300183362
:104B50006B449D780A2DECD0280010F053FE0A2DEE
:104B6000F0D1EAE70A2010F04DFED4E7DD9A0220EA
:104B7000FC2800200C2A0020C8860310F0B5C64689
:104B800000B5844CA54405000391002015F094FE67
:104B900080460E21002015F09FFE7F4A8026F600F9
:104BA00004AF0023009304333100380010F004FCFC
:104BB0007A4A7B49222002AB9C46604410F0FCFB01
:104BC000784A3100383912A810F0F6FB764A3100E5
:104BD0005139592002AB9C46604410F0EDFB734AFA
:104BE00031006E39762002AB9C46604410F0E4FB45
:104BF0006F4A31008939912002AB9C46604410F025
:104C0000DBFB6C4A3100A339AB2002AB9C4660440D
:104C100010F0D2FB684A3100BD39C52002AB9C467A
:104C2000604410F0C9FB654A3100DA39E22002AB7A
:104C30009C46604410F0C0FB614A3100F739FF2008
:104C400002AB9C46604410F0B7FB5E4A31000D3960
:104C5000FF3947A810F0B0FB932464005A4A311B77
:104C6000381910F0A9FB0E34584A311B381910F0CE
:104C7000A3FB2134564A311B381910F09DFB1A341E
:104C8000544A311B381910F097FB2534524A311B16
:104C9000381910F091FB4434504A311B381910F088
:104CA0008BFB32344E4A311B381910F085FB0F3420
:104CB0004C4A311B381910F07FFB1E34A4B24A4A0B
:104CC000311B381910F078FB2034A4B2474A311B4D
:104CD000381910F071FB2034A4B2454A311B381941
:104CE00010F06AFB2034A4B2424A311B381910F08C
:104CF00063FB2034A4B2404A311B381910F05CFB2E
:104D00001F34A4B23D4A311B381910F055FB1F3433
:104D1000A4B23B4A311B381910F04EFB1F34A4B229
:104D2000384A311B381910F047FB1F34A4B2364AF9
:104D3000311B381910F040FB1F34A4B2334A311B29
:104D4000381910F039FB1F34A4B2314A311B38191D
:104D500010F032FB1F34A4B22E4A311B381910F068
:104D60002BFB1F34A4B22C48390010F089FD002D14
:104D700009D14146002015F0AFFD8223DB009D44A0
:104D800080BCB846F0BD0123039A21003800FAF731
:104D900009FCEEE7F0FBFFFFD0860310F08603105E
:104DA000E6030000108703102C8703104C870310C4
:104DB0006887031084870310A0870310C08703103F
:104DC000E0870310F8870310148803102488031069
:104DD00048880310648803108C880310D48803105B
:104DE0000889031018890310388903105C8903109F
:104DF00080890310A4890310C8890310E88903106F
:104E0000088A0310288A0310488A0310688A03104E
:104E1000888A0310A88A0310C88A0310F0B5D64602
:104E20004F464646C0B581464168006800223B4B6C
:104E30000EF0BAFA002841D180256D000824002325
:104E400098464B461E685F680022002330003900F8
:104E50000EF0B2FA002807D0314A324B3000390048
:104E60000EF09AFA002832D14046E0BCBA46B1466C
:104E7000A846F0BD6D10013C64B2002CE1DB4B464E
:104E80001E685F68E3009A46274B53441A685B68C4
:104E9000300039000EF088FA0028EBD0234B534441
:104EA0001A685B68300039000EF025FA4B4618602E
:104EB00059604346EB181BB29846DBE780256D002E
:104EC000082400239846D8E76D10013C64B2002CFA
:104ED000CADB4B461E685F68E3009A46134B534497
:104EE000186859680022124B0EF005FA02000B00F8
:104EF000300039000EF04AFA0028E5D00A4B53443E
:104F00001A685B68300039000EF0F5F94B461860FE
:104F1000596043465B1B1BB29846D5E7D0126341EC
:104F2000F168E388B5F8E43E18C40310D0C3031059
:104F300000002440F0B5DE4657464E464546E0B5F3
:104F400087B080460492059310AB00241C572000C4
:104F5000FFF7A6FD050004A8FFF760FF0390824657
:104F6000049A059B00920193100019000EF076FA46
:104F7000814606000BE00A2128000DF051FF0500D4
:104F8000013C64B20A2130000DF04AFF0600092EF0
:104F9000F1D848460EF022FA02000B000098019961
:104FA0000EF079F906000F0028000EF017FA020043
:104FB0000B00300039000EF09EF906000F000EF0D5
:104FC0004DFA83460EF00AFA02000B003000390059
:104FD0000EF061F902000B000EF066F90EF03EFAD9
:104FE00058440600854217D801239C46E1445346A5
:104FF000002B28D04B46092B27D9039B01331BB22A
:105000009A4600260123994606E00A2130000DF059
:1050100007FF0600013C64B20A2130000DF000FFDA
:10502000002901D1002CF0DC43464A461A605E603C
:1050300052461A819C72404607B0F0BCBB46B2464D
:10504000A946A046F0BD0026E6E70026E4E7016099
:10505000426000230372704770B584B004000B688F
:10506000002B15D04E681D8830000C302900F7F752
:10507000B1FD02A902908D806D46082268460FF0AE
:10508000A7F8230006CD06C3A660200004B070BDBB
:105090000360013B8380F8E770B584B004000B68BF
:1050A000002B15D04E681D8830000C302900F7F712
:1050B00091FD02A902908D806D46082268460FF08E
:1050C00087F8230006CD06C3A660200004B070BD9B
:1050D0000360013B8380F8E7F0B5C64600B588B0B1
:1050E0000400049105921D00002202604260012329
:1050F0000372C2600261002916D004AB9846180002
:10510000F7F75EF901006E466846F7F76BF927007E
:105110000ECE0EC729004046F7F7B8FD049A06AB3D
:105120000692079503CB03C7200008B080BCB846A1
:10513000F0BD10B504008168F7F7A8FDA168200054
:10514000F7F7A4FD200010BDF0B5CE46474680B568
:1051500083B006009046994600230360013B83809C
:105160000D880AE06F462A0001006846F7F7B2FB97
:10517000009B3360BB88B380E588084B9D4207D015
:1051800048460C302900F7F725FD04004045E9D1D9
:10519000300003B0C0BCB946B046F0BDFFFF000010
:1051A000F0B587B00500009101921C000F1E1BD0C6
:1051B0000A00010002A8FFF7C7FFFE88029B002B30
:1051C00014D002A8F7F774FBC6800B4B9E420FD099
:1051D0006B469A8804AD39002800F7F77BFB0499E9
:1051E000059A2000F7F7F5FD07B0F0BD2E80ECE73B
:1051F00002AB9B886B80EBE7FFFF000030B583B00C
:105200000400009101920D1E0AD011002800F7F74A
:10521000BFFD21002800F7F715F9012003B030BDCC
:105220000020FBE710B5041E04D0F7F7B1FD200005
:10523000F7F740F910BD10B5041E04D0F7F7A8FD2C
:105240002000F7F751F910BD70B504000D00086893
:105250004968FFF7F0FF6B6820606360200070BD55
:1052600010B5030000685968002801D0F7F768FD01
:1052700010BD10B5030000685968002801D0F7F789
:105280005FFD10BDF0B585B00500009101921C00D6
:105290000E1E18D0CF8818000C303900F7F79AFC92
:1052A0000100C388F38002AE3A003000F7F712FB2A
:1052B0000299039A2000F7F78CFD23000099019AC8
:1052C0002800FFF76DFF05B0F0BD30B583B06B4629
:1052D00030C930C3009B002B02D01A79202A04D198
:1052E000019A0360426003B030BD0023F8E770B557
:1052F00004000D1E08D008001EF0ACFB25606060A5
:1053000000232372200070BD0020F7E7F0B587B0BE
:1053100004000E00110003AD2800FFF7E8FF6B4604
:105320006A4683CD83C2220040C223CB23C2200021
:1053300007B0F0BD70B58B68836003000C330A00C2
:105340000C3270CA70C370CA70C3243134C934C3FC
:1053500070BD70B58CB0040015006846FFF7EAFF19
:10536000201D6946FFF7E6FF656320000CB070BDA5
:10537000704770B504000800FFF7FAFF230026C845
:1053800026C3200070BDF0B58BB005000B001100E6
:1053900005AC220041CB41C216001000FFF7E9FF27
:1053A0006A466B4603CC03C319003000D0C8D0C195
:1053B000291D11CA11C12A000C3213CB13C22800B7
:1053C0000BB0F0BDF0B583B006000C0015000788E7
:1053D00010000C303900F7F7FDFB00906B469F8002
:1053E0000098002807D0002C05D029006846F7F760
:1053F0004DFC013CF4E7002809D0002C09D029001D
:105400003000F7F727FE002803D0013CF5E7013410
:10541000F3E703B0F0BD70B50C0015000379002B65
:1054200006D0402B08D12A002100FFF7CBFF70BD2A
:10543000F7F740F80028F6D10020F8E770B584B0FF
:1054400004000568466802A902954E600822684675
:105450000EF0BEFE002D03D031002800F7F798FCB7
:105460006368002B05D01B79002B04D1012004B008
:1054700070BD0020FBE70020F9E770B586B004009E
:105480006846009101921E0002A90B0024C824C3A3
:105490001D00082218000EF09BFE230006CD06C357
:1054A0000023A360E6602374200006B070BD82B0C4
:1054B00070B58AB003AD0390049105920F931E005E
:1054C00007AC29002000F7F7B4FC109B0093079964
:1054D000089A099B3000FDF7D1FA0AB070BC08BCED
:1054E00002B0184770B504000D0008001EF0B2FAB3
:1054F000020029002000FFF7DFFAA368C018A060AF
:1055000070BD70B58AB0040003910492059308AE93
:105510000E9B0193059B00930A00049B0100300041
:10552000F8F783F806AD0822310028000EF050FE8F
:105530000E9B0699079A2000FFF7A4FE0AB070BDE3
:1055400070B58AB00391049205930379202B0ED194
:1055500007AA03AB70CB70C2002806D00E9A009247
:105560000799089A099BFFF7CCFF0AB070BD00208D
:10557000EEE7000010B5002903D00449FFF7B2FFA1
:1055800010BD0349FFF7AEFFFAE7C046807903106C
:105590004883031070B50500002405E00449280085
:1055A000FFF7A0FF0134E4B22B7CA342F6D870BD14
:1055B000CC8A031070B582B0041C009101920D1EBC
:1055C0000BD0160011002800F7F7E2FB3200211C77
:1055D0002800F8F7B9F902B070BD0020FBE770B5FC
:1055E00088B0029103920D00160005AC0100200066
:1055F000FDF72EF900960599069A079B2800FDF7FE
:105600003DFA08B070BD70B588B0029103920D00EC
:10561000160005AC01002000F7F7DCFF00960599A5
:10562000069A079B2800FDF729FA08B070BD10B54F
:10563000F9F7E0F810BD000010B586B002AC134ACF
:1056400013492000F7F7D2FF2000F9F7D3F8114BE8
:1056500018708022104911480024019404230093FB
:105660000023D20115F089F80D4B1C700D4B1C70F6
:105670000D488822520000210EF0A4FD0B4808229C
:1056800000210EF09FFD06B010BDC046DC7B03106C
:10569000142A0020DF9A0220D08A0310F1E30110BF
:1056A000DD9A0220DE9A0220FC2800200C2A00202D
:1056B00010B5F8F738FE10BDF0B58BB005000391BA
:1056C000F8F71DFE060007AC03A92000FAF7F9FF62
:1056D0002A6804ABA1CCA1C3002E06D00092049985
:1056E000059A069B3000FFF72BFF0BB0F0BD10B5FD
:1056F00082B00400FAF74EFC616800900191F6F761
:105700006BFF02B010BD10B5FFF7F1FF10BD30B553
:1057100085B00500FAF73EFC04006D6802A902900E
:105720004D60082268460EF053FD002C05D029007C
:105730002000F8F7A5F805B030BD0020FBE710B554
:10574000FFF7E5FF10BDF0B58BB005000391FAF748
:1057500021FC060007AC03A92000FAF7B2FF6A6833
:1057600004ABA1CCA1C3002E06D000920499059AE7
:10577000069B3000FFF7E4FE0BB0F0BD10B5FAF762
:1057800009FC002804D0007943425841C0B210BD42
:105790000120FCE770B588B0029103920D0016005D
:1057A00005AC01002000FAF722F800960599069A48
:1057B000079B2800FDF762F908B070BD10B5FAF735
:1057C00009FC10BD10B51D4B00E002331A78002A09
:1057D00002D05C78A142F8D1002A1BD0436801684E
:1057E0008B4213D2591C41605C2119705B3983686C
:1057F0005B188360436801688B4209D2591C416081
:105800001A70012283689B18836010BD0021EEE7A7
:105810000022F7E700290DD043680268934207D2BF
:105820005A1C42601970012283689B188360ECE760
:105830000022F9E70249FFF755FEE6E70872031078
:10584000DC8A031070B5040000290CD0436800689E
:1058500083420ED2581C6060222018702138A36841
:105860001B18A3600EE00F4B0F4A104830310FF0A9
:1058700021FE0020F3E74E1C09782000FFF7A2FF6D
:105880002A003100551E002AF5D1636821688B4239
:1058900004D25A1C626022221A70213AA3689B1813
:1058A000A36070BDE48A0310F48A0310AC8B03106C
:1058B00010B50400521AFFF7FFF8A368C018A060E3
:1058C00010BDF0B5C64600B588B0804615001C0076
:1058D000162702AB9C4667440A22002328002100B9
:1058E0000DF0DCFA3032013F3A70019526000A22B1
:1058F0000023280021000DF0D1FA05000C00002E35
:10590000EAD102D1019B092BE6D8162202AB9C46B4
:10591000624439004046FFF7CBFF08B080BCB84670
:10592000F0BD70B511001E1E02DBFFF7CAFF70BD8F
:105930004368026893420DD25A1C42602D221A70AD
:105940002C3A83689B1883600C0035000023624268
:10595000AB41EAE70022F4E710B5012402000B0096
:105960000DF00CFD002800D00024E0B210BD70B591
:1059700004000D00002200230DF000FD00280DD1D1
:1059800022002B00200029000DF08EFC22002B00AD
:105990000DF0F4FC002802D0012000E0002070BDD2
:1059A00000B583B00300086819685A680091019235
:1059B000FFF700FE03B000BD10B584B004000A007C
:1059C00003684168029303910091106851689268DE
:1059D000FFF76DFD6368002B05D01B79002B04D108
:1059E000012004B010BD0020FBE70020F9E770B5EE
:1059F00084B0006801AB1A0070C970C2002219009F
:105A0000FFF7DAFF04B070BD00B583B0030008787B
:105A100019685A6800910192FFF7F0FB03B000BDCE
:105A200001207047F0B585B004000D000292039389
:105A3000161E0CD01F0019001000F7F7A9F90097E7
:105A400022002B003000F8F73DF905B0F0BD002032
:105A5000FBE700B583B00300086849681A685B6813
:105A600000920193FFF7DEFF03B000BD00B583B0E5
:105A700000680A684B680092019300226946FFF7AC
:105A8000E8FF03B000BD0000F0B583B004000F00D4
:105A900016000379002B0AD10800FFF7C1FF051E8D
:105AA0000BD00A2323712760280003B0F0BD0C4BF4
:105AB0000C4A0D487E210FF0FDFC31006846F7F7D7
:105AC000FEFA009B002BEFD01A23237168468388CF
:105AD0002380F8F7B3F80760002343600125E3E76C
:105AE000305903100C8C03100874031070B582B089
:105AF0000400009101920D1E0BD016001100280029
:105B0000F7F746F9320021002800FFF7BDFF02B089
:105B100070BD0020FBE7012070470000F0B583B0A6
:105B200004000F0016000379002B0AD10800FFF7CC
:105B3000F2FF051E0BD00C2323712760280003B051
:105B4000F0BD0C4B0C4A0D4867210FF0B3FC31003F
:105B50006846F7F7B4FA009B002BEFD01C232371A3
:105B6000684683882380FC17F8F768F8076044606C
:105B70000125E3E7305903107C8D031008740310EE
:105B800070B582B00400009101920D1E0BD016007A
:105B900011002800F7F7FCF8320021002800FFF779
:105BA000BDFF02B070BD0020FBE770B584B00400FB
:105BB0000E000800FAF7EEF90500766802A90290D7
:105BC0004E60082268460EF003FB256066602000E8
:105BD00004B070BDF0B587B004000430FAF7DAF90C
:105BE000A16803AA23002433E0CBE0C2002805D03B
:105BF00000910399049A059BF8F768FB07B0F0BD84
:105C000030B585B00500FFF7E5FF0400AD6802A9D7
:105C100002904D60082268460EF0DAFA002C05D09A
:105C200029002000F7F72CFE05B030BD0020FBE76F
:105C300010B5FFF7E5FF10BD10B504000430FFF705
:105C4000C9FF616BE268F9F7C6FD10BD30B585B0DC
:105C50000500FFF7F1FF0400ED6802A902904D6016
:105C6000082268460EF0B4FA002C05D02900200066
:105C7000F7F706FE05B030BD0020FBE710B5FFF7D3
:105C8000E5FF10BDF0B587B007000C0016256D4488
:105C90000A2120000DF0C4F83031013D29702600A2
:105CA0000A2120000DF0BCF80400092EF0D81622BD
:105CB0006A4429003800FFF7FBFD07B0F0BDF0B5DE
:105CC00085B007000C0004AE0CE00A2120000DF0A6
:105CD000A7F83031013E31700A2120000DF0A0F804
:105CE00004002A00551E6DB2002AEED1711E2E232B
:105CF0000B7004AA3800FFF7DBFD05B0F0BD0120F2
:105D0000704710B5041CFFF7FAFF002801D0201CD3
:105D100010BD0020FCE70120704770B505000C00A5
:105D2000FFF7F9FF002804D0280021000EF0CEF87C
:105D300070BD0020FCE70120704770B505000C0025
:105D4000FFF7F9FF002804D0280021000EF0CEF85C
:105D500070BD0020FCE70120704770B504000D0005
:105D6000FFF7F9FF002804D0200029000DF0C6FB42
:105D700070BD0020FCE710B50378032B18D00AD8BB
:105D8000012B11D0022B04D1C1688068FFF7C5FF39
:105D90000DE000200BE0042B04D1C1688068FFF700
:105DA000DCFF04E0002002E08068FFF7AAFF10BDDE
:105DB000C1688068FFF7C1FFF9E710B584B0010042
:105DC0006846F7F75FFA6846FFF7D5FF04B010BDE5
:105DD00010B50400F7F71FF823791E2B30D89B006D
:105DE000184AD3589F4620780EF00DF829E0206815
:105DF0000EF009F825E020680EF00AF821E041686D
:105E000000680EF073F81CE0416800680EF05EF860
:105E100017E02000FFF7D1FF13E020680028F9D138
:105E2000094B0A4A0A48EA210FF044FB206808306F
:105E3000F0E7206805E0416800680DF05FFB00E0D6
:105E4000002010BDD8C70310786F0310D88E031040
:105E50009059031030B585B00500F8F750FA0400EA
:105E60002D6802A902904D60082268460EF0B0F934
:105E7000002C05D029002000FFF7AAFF05B030BD97
:105E80000020FBE710B5FFF7E5FF10BD704710B528
:105E900004000800FFF7FAFF206006236360053B5B
:105EA0002372200010BD70B588B0029103920D00DE
:105EB000160005AC01002000FFF7E9FF00960599E8
:105EC000069A079B2800FCF7D9FD08B070BDF0B515
:105ED00087B006000C0016256D440A2120000CF046
:105EE0009FFF89B23031013D297027000A2120002F
:105EF0000CF096FF84B2092FEFD816226A442900CD
:105F00003000FFF7D5FC07B0F0BD10B5002903DB6A
:105F100089B2FFF7DCFF10BD4368026893420BD2E1
:105F20005A1C42602D221A702C3A83689B18836099
:105F300089B2494289B2ECE70022F6E7F0B5C646DD
:105F400000B586B0040016001F000CAB1B785BB2D6
:105F5000984610003900FFF7FFFC002835D13000CB
:105F60003900FFF704FD002834D10022002330005F
:105F700039000DF00BFA002831D103AD43460093F0
:105F800032003B002800FEF7D5FF03992000FFF701
:105F900079FE0A22AA56002A34D103AB0821595EA1
:105FA00000290ED063682268934230D25A1C626086
:105FB00065221A70643AA3689B18A3602000FFF75B
:105FC000A4FF06B080BCB846F0BD12492000FFF720
:105FD00089FAF6E70F492000FFF784FAF1E76368D2
:105FE00022689A420CD95A1C62602D221A702C3AEF
:105FF000A3689B18A360802109067B181F00BCE7DB
:106000000022F5E704992000FFF759FEC5E70022BA
:10601000D1E7C04688790310F0B591B004000D00B7
:106020001100F6F7F8FE2379402B00D994E09B008D
:106030004D4AD3589F4620680DF066FF02000B00C2
:10604000062100912800FFF779FFA86889E002681F
:106050004368092100912800FFF770FFA86880E0DD
:106060002100280000F05EFE7BE02100280000F007
:10607000A5FE76E020001DF0EDFC020005AB0594C6
:1060800006900021197202A9C1CBC1C121002800CC
:10609000FFF7D8FBA86864E02468002C13D0200028
:1060A0001DF0D8FC060008A908944E6001230B726D
:1060B0000C2202A80EF08CF8320021002800FFF715
:1060C000C1FBA8684DE00026EDE723681900083100
:1060D000DA880BAB0B910C920020187202A8D0CB7F
:1060E000D0C02800FFF7AEFBA8683AE023681C0088
:1060F0000834DE880EA90E944E60082202A80EF025
:1061000067F8320021002800FEF7D6FCAB68C01803
:10611000A86026E02268D3172800FFF702FCA868D1
:106120001FE0226800232800FFF7CBFBA86818E0D7
:10613000026843682800FFF7F4FBA86811E00268D2
:1061400043682800FFF7BDFBA8680AE02178280013
:10615000FFF710FAA86804E004492800FFF7C2F925
:10616000A86811B0F0BDC04654C803108879031068
:1061700010B51400002804D00A002100FFF74CFFDE
:1061800010BD03491000FFF7ADF9A068F8E7C0465D
:106190008879031070B58AB0029003910092019340
:1061A000029E0C0005AD0B001100019A2800FFF7BC
:1061B00064F92A0021003000FFF7DAFF0AB070BD51
:1061C00070B584B00090019114001D00D2180292A5
:1061D00003942300FFF7DEFF854202D92418002331
:1061E000237004B070BD0000F0B5D6464F46464659
:1061F000C0B5D44CA54406000D000492002407212C
:10620000D14B02AA9446634406E000221A715A71E7
:106210009A71DA71013910330029F6DA802292007E
:106220000021CA4802AB9C4660440DF0CBFFC84930
:10623000032230001DF042FB00282ED0C549032266
:1062400030001DF03BFB002800D06FE0301DC2493C
:1062500003221DF033FB002849D1BC4A02AB9C4607
:106260006244BE4B51CB51C211001A680A609B8830
:106270008B800020F8F76AFC1124B948B34902ABBF
:106280009C4661440FF0FCFA002D45D1B54B9D446E
:10629000E0BCBA46B146A846F0BDF8F731FE0DF0B5
:1062A00033FE06000F00F8F725FEAF4C80239A4618
:1062B000A64B02AA9446634499460DF025FE02902F
:1062C00003910096019722005346990048460FF02B
:1062D00073F884B2A24849460FF0D2FA002DD5D007
:1062E0000123049A21004846F9F75CF9CEE7F8F754
:1062F000A1FC0400F8F79EFC9C4A80219C4B800086
:10630000C358009323008900904802ACA44660441F
:106310000FF052F884B2B0E70123049A21008B48B1
:1063200002ACA4466044F9F73DF9AFE79149042275
:1063300030001DF0C3FA002800D186E08E49022209
:1063400030001DF0BBFA002800D180E08B49042208
:1063500030001DF0B3FA002800D1D3E088490322B1
:1063600030001DF0ABFA002800D121E1854903225D
:1063700030001DF0A3FA002800D137E18249032242
:1063800030001DF09BFA002800D13FE17F49042234
:1063900030001DF093FA002800D147E17C49052226
:1063A00030001DF08BFA002800D06DE1B01D6A4965
:1063B00003221DF083FA002800D067E7634902AB8F
:1063C0009C466144734B0A0051CB51C21B88138019
:1063D00063480FF055FA002D00D02AE1002014F098
:1063E0006BFA05000E21002014F076FA14F07EFB03
:1063F000002433E13000FBF793FA07000136664AC8
:1064000080218900091B514802AB9C466044001959
:10641000009733000EF0D0FF2418A4B2F6B2032E7A
:10642000E8D94F48494902AB9C4661440FF028FA2D
:10643000002D00D12AE70123049A2100434802AC31
:10644000A4466044F9F7AEF820E70026E7E73E48A7
:1064500002AB9C466044F9F7D7FF002611E04F4B92
:1064600099462DE04D4B9C464D4A634602934B4660
:106470000193009743460EF09FFF2418A4B2013603
:10648000F6B2072E2AD8314802AB9C466044001968
:1064900080218900091BB446731C98462A4A02AB26
:1064A00099464A443701B946BF5CBA463D4F534608
:1064B0009B00DF594A441279002AD0D03A4B9946C2
:1064C00063461B019C46204A02AB9A4652446244F2
:1064D0005279002AC6D0344B9C46C5E720481B4958
:1064E00002AB9C4661440FF0CBF9002D00D1CDE604
:1064F0000123049A2100154802ACA4466044F9F730
:1065000051F8C3E6F9F7F0F80300284A80210F4C50
:1065100002A884466444890020000EF04DFF86B234
:106520000F4821000FF0ACF9002D00D1AEE6012399
:10653000049A3100054802ACA4466044F9F732F8E9
:10654000A4E6C04658CDFFFF183200001830000006
:106550005C8F0310948F0310988F03109C8F03108F
:10656000C88A0310A8320000608F0310B08F031098
:10657000B0D103100481031080A40310F08F031026
:106580000C90031014900310189003101C9003102B
:106590003460031024900310C88F0310805603103A
:1065A000D88F031090D10310B0A30310F88F0310FD
:1065B000CA4E02AB9C466644C949300015F01AF930
:1065C000C84A80213300890030000EF0F5FE84B205
:1065D000C54831000FF054F9002D00D156E60123D3
:1065E000049A21003000F8F7DDFF4FE6301D1BF064
:1065F0008BF8C4B2013CE4B2032C00D946E620007B
:10660000F9F70AFF2000FBF75FF93FE6301D1BF0AA
:106610007BF8C4B2013CE4B2032C00D936E620007A
:10662000F9F716FF2000FBF74FF92FE6FBF72EFADC
:106630002CE60123049A0D21A84802ACA44660442C
:10664000F8F7B0FFCAE620000AF09EFF08AB185525
:10665000002120000AF0B2FF0134E4B2192CF2D973
:10666000F5F7E6FD002406E008AB195D20000AF00E
:10667000A5FF0134E4B2192CF6D92900002014F04A
:106680002BF914F005FB01E69849032230001DF0B8
:1066900015F9002844D09649032230001DF00EF968
:1066A000002840D09349032230001DF007F900284C
:1066B00000D147E19049032230001DF0FFF8002887
:1066C00000D1AEE18D49052230001DF0F7F8002819
:1066D00000D183E28A49062230001DF0EFF800283D
:1066E00000D0E7E27D4902AB9C466144854B0A003D
:1066F00051CB51C251CB51C218681060988890801C
:106700009B79937178480FF0BBF8002D00D0C7E259
:106710007D4B7E4A1A627E4A5A62F6F78DF8B5E5DD
:10672000F6F78AF8B2E5FBF771F98046FBF792F9C4
:106730000700002638E0731C0593764A8021890003
:10674000091B664802AB9A46504400196346009301
:10675000059B0EF031FE2418A4B241E06E4A802160
:106760008900091B5D4802AB9C46604400190EF08D
:1067700023FE2418A4B273004246DA4003231340D8
:10678000022B7BD0012B00D186E0644A8021890056
:10679000091B524802AB9C46604400190EF00CFEE7
:1067A0002418A4B20136F6B20F2E00D982E073008D
:1067B000FA189146FB5C9C46082EBCD8731C0593C6
:1067C000574A80218900091B444802AB9A4650442D
:1067D000001963460093059B0EF0EEFD2418A4B249
:1067E0004B465B78052BC6D89B004E4AD3589F4634
:1067F0004D4A80218900091B384802AB9C46604401
:1068000000190EF0D9FD2418A4B2B4E7474A80213C
:106810008900091B314802AB9C46604400190EF008
:10682000CBFD2418A4B2A6E7414A80218900091BA8
:106830002A4802AB9C46604400190EF0BDFD2418A6
:10684000A4B298E73B4A80218900091B234802AB88
:106850009C46604400190EF0AFFD2418A4B28AE7EC
:10686000354A80218900091B1C4802AB9C466044C4
:1068700000190EF0A1FD2418A4B27CE72F4A802154
:106880008900091B154802AB9C46604400190EF0B4
:1068900093FD2418A4B285E7294A80218900091BA9
:1068A0000E4802AB9C46604400190EF085FD24188A
:1068B000A4B277E70C48094902AB9C4661440EF04C
:1068C000DFFF002D00D1E1E40123049A21000348F9
:1068D00002ACA4466044F8F765FED7E41830000027
:1068E000FFFF000010900310C88A031034900310BB
:1068F00038900310C49003101C9103108C91031066
:10690000C4910310CC910310008005400DF005B137
:10691000F20FFA4E5090031064900310C0900310D1
:106920003C90031058C90310709003107C90031022
:106930008890031094900310A0900310AC90031063
:10694000B890031008ACC027BF013A000021200016
:106950000DF038FCDA4902AB9C466144D94B0B6020
:10696000383B4B6006AE082230000DF031FC3B0096
:10697000220006980799FFF723FC2000F5F7D6FEC2
:10698000D14902AB9C466144D04B0A0051CB51C265
:1069900051CB51C2188810809B789370CC480EF070
:1069A0006FFF002D23D108A8F7F73CFF002828D05F
:1069B000C54902AB9C466144C64B0A0051CB51C24B
:1069C00013CB13C21724C248BF4902AB9C46614493
:1069D0000EF056FF002D00D158E40123049A210047
:1069E000B94802ACA4466044F8F7DCFD4EE401234C
:1069F000049A1A21B44802ACA4466044F8F7D2FDC8
:106A0000D1E7B14902AB9C466144B34B0A0051CB7C
:106A100051C213CB13C2196811601B7913711C2466
:106A2000D1E7301D1AF070FEC2B29146C3B2AB4A34
:106A300080218900A44802ACA44660440EF0BCFC4E
:106A4000070084B201235B429C46E1444B46DBB223
:106A50009946032B54D80636A149022230001CF077
:106A60002DFF00283CD09F49032230001CF026FF58
:106A700000285BD09C49032230001CF01FFF002837
:106A800065D09A49052230001CF018FF00286FD00D
:106A90009749052230001CF011FF00287AD0954953
:106AA000032230001CF00AFF002800D184E0924944
:106AB000052230001CF002FF002821D103214846A6
:106AC000FBF766FE8D4A80218900C91B7E4802AB18
:106AD0009C466044C0190EF06FFC0634A4B20FE06F
:106AE0004846FAF7C3FF864A80218900C91B7648C9
:106AF00002AB9C466044C0190EF05EFC0334A4B2A5
:106B00007348714902AB9C4661440EF0B9FE002DFA
:106B100001D1FFF7BBFB0123049A21006A4802ACB4
:106B2000A4466044F8F73EFDFFF7B0FB4846FBF78C
:106B30009FFA744A80218900C91B634802AB9C46B6
:106B40006044C0190EF038FC0434A4B2D8E74846BB
:106B5000FBF7B0FB6C4A80218900C91B5A4802AB85
:106B60009C466044C0190EF027FC0434A4B2C7E769
:106B700000214846FBF70CFE644A80218900C91BAE
:106B8000514802AB9C466044C0190EF015FC063417
:106B9000A4B2B5E701214846FBF7FAFD5C4A802123
:106BA0008900C91B484802AB9C466044C0190EF0DE
:106BB00003FC0634A4B2A3E702214846FBF7E8FD34
:106BC000544A80218900C91B3F4802AB9C4660445F
:106BD000C0190EF0F1FB0434A4B291E7F8F7B8FD48
:106BE0000600394A02AB9C4662444B4B91CB91C2A2
:106BF000110015CB15C115CB15C11A880A809B78D9
:106C00008B700024A146262701E00134A4B2FE2C9B
:106C100029D8335D002BF8D0404A80218900C91B58
:106C2000294802AB9C466044C01923000EF0C4FB07
:106C30003F18BFB24B460133DBB299460A21180018
:106C40000CF0EEF8C9B20029DFD1354A8021890065
:106C5000C91B1D4802AB9C466044C0190EF0ACFB3A
:106C60003F18BFB2D1E72E4A80218900C91B164EBA
:106C700002AB9C466644F0190EF09EFB3C18A4B291
:106C8000134831000EF0FCFD002D01D1FFF7FEFA94
:106C90000123049A21003000F8F784FCFFF7F6FA8C
:106CA0000123049A1E21084802ACA4466044F8F768
:106CB00079FC2DE504992800FDF760FFFFF7E6FA5F
:106CC000983200004C2A002018300000C8900310B1
:106CD000C88A0310E4900310FC9003102091031065
:106CE0003091031038910310449103105091031018
:106CF00060910310709103107C9103108491031034
:106D0000349103103C9103104891031058910310E3
:106D1000689103107491031094910310BC910310B7
:106D200028BB031030B583B00400C0680D880C3058
:106D30002900F5F74FFF00906B469D8000282ED06C
:106D400019492000FEF7CEFB237C0133237403E0B6
:106D500016492000FEF7C6FB009B002B12D0200036
:106D6000FEF718FC6846F5F72BFBE2682100FFF7F9
:106D700053F9E1686846F5F789FF009B002BE7D0DF
:106D80000B49E6E7237C013B23742000FEF702FC5D
:106D900008492000FEF7A6FBA06803B030BD0649F5
:106DA0002000FEF79FFBF7E7F091031080BF031070
:106DB000EC9103107C79031020B7031070B582B0FA
:106DC0000400C0680D880C302900F5F703FF00901F
:106DD0006B469D8000283CD020492000FEF782FBB6
:106DE000237C0133237401250FE02000FEF7D2FB42
:106DF00010E01B492000FEF775FB03E01949200055
:106E0000FEF770FB01235D40EDB2009B002B13D019
:106E1000002DEAD16846F5F7D3FAE2682100FFF7C2
:106E2000FBF8E1686846F5F731FF002DE1D1009BE2
:106E3000002BE3D00C49E2E7237C013B23742000C4
:106E4000FEF7A8FB09492000FEF74CFBA06802B042
:106E500070BD07492000FEF745FBF7E7F4910310EA
:106E6000F891031080BF0310EC910310FC91031004
:106E70000092031000B583B00300026810003830A0
:106E80001100383105D0009259689A68DB68FCF728
:106E9000B4F803B000BD30B583B004000D68FFF74F
:106EA000E9FF0100226800900192281CFEF782FB96
:106EB00003B030BD10B504000022FFF7ECFF200046
:106EC00010BD70B582B006000C684D68FFF7D2FFA8
:106ED000020033680090019320002900FEF7A2FD14
:106EE00002B070BD10B504000022FFF7EAFF2000D9
:106EF00010BD30B583B004000D78FFF7BBFF010073
:106F00002268009001922800FEF778F903B030BDA6
:106F100010B504000022FFF7ECFF200010BD70B593
:106F200084B004000D00FFF7A5FF236802A90290BA
:106F30004B60082268460DF04BF90099019A280031
:106F4000FEF74DFB2368002B05D01B79002B04D1E5
:106F5000012004B070BD0020FBE70020F9E710B568
:106F600004000022FFF7DBFF200010BD70B584B0E5
:106F700004000D00FFF77EFF236802A902904B601A
:106F8000082268460DF024F90099019A2800FEF7BE
:106F90003AFB2368002B05D01B79002B04D101207C
:106FA00004B070BD0020FBE70020F9E710B5040035
:106FB0000022FFF7DBFF200010BD70B584B0040095
:106FC0000D00FFF757FF236802A902904B600822CB
:106FD00068460DF0FDF80099019A2800FBF7F0FDD6
:106FE0002368002B05D01B79002B04D1012004B0AD
:106FF00070BD0020FBE70020F9E710B50400002277
:10700000FFF7DBFF200010BD30B583B004000D6832
:10701000FFF730FF01002268009001922800FEF780
:1070200065FD03B030BD10B504000022FFF7ECFF92
:10703000200010BD30B583B004000D68FFF71AFFC3
:1070400001002268009001922800FEF799FD03B02C
:1070500030BD10B504000022FFF7ECFF200010BD8A
:1070600010B582B004000430FFF704FF002806D0FA
:10707000636800936169A269E369FBF7BEFF02B030
:1070800010BD70B584B004000D00FFF7E9FF636820
:1070900002A902904B60082268460DF099F8009909
:1070A000019A2800FEF776FB6368002B05D01B7958
:1070B000002B04D1012004B070BD0020FBE70020AC
:1070C000F9E710B504000022FFF7DBFF200010BD38
:1070D00030B583B004000D68FFF7C2FF010062689D
:1070E000009001922800FEF74BFD03B030BD10B5B3
:1070F00004000022FFF7ECFF200010BD70B584B043
:1071000004000D00FFF7ACFF636802A902904B601A
:10711000082268460DF05CF80099019A2800FEF7F5
:1071200072FA6368002B05D01B79002B04D1012073
:1071300004B070BD0020FBE70020F9E710B50400A3
:107140000022FFF7DBFF200010BD70B584B0040003
:107150000D00FFF785FF636802A902904B600822CB
:1071600068460DF035F80099019A2800FBF728FDD4
:107170006368002B05D01B79002B04D1012004B0DB
:1071800070BD0020FBE70020F9E710B504000022E5
:10719000FFF7DBFF200010BD70B584B004000D00C8
:1071A000FFF75EFF636802A902904B600822684601
:1071B0000DF00EF80099019A2800FEF774FE63683E
:1071C000002B05D01B79002B04D1012004B070BD29
:1071D0000020FBE70020F9E710B504000022FFF7CC
:1071E000DBFF200010BD30B583B004000D68FFF751
:1071F00037FF01006268009001922800FEF776FCDC
:1072000003B030BD10B504000022FFF7ECFF2000F2
:1072100010BD10B504000430FFF722FF002803D092
:10722000616AA268FEF7F7F810BD30B583B00400BC
:107230000D68FFF7EEFF0100A268009001922800A0
:10724000FEF754FC03B030BD10B504000022FFF778
:10725000ECFF200010BD10B582B004000430FFF731
:10726000FFFE002806D0A3680093616AA26AE36A61
:10727000FBF7C3FE02B010BD30B583B004000D684B
:10728000FFF7E9FF0100A268009001922800FEF7D5
:1072900077FC03B030BD10B504000022FFF7ECFF0F
:1072A000200010BD30B583B004000D68FFF7D3FF98
:1072B0000100A268009001922800FEF717FC03B0BD
:1072C00030BD10B504000022FFF7ECFF200010BD18
:1072D00010B504000430FFF7BEFF002803D0616B37
:1072E000E268FEF798F810BD30B583B004000D6871
:1072F000FFF7EEFF0100E268009001922800FEF720
:10730000F5FB03B030BD10B504000022FFF7ECFF21
:10731000200010BD70B586B00400009101921D00E0
:107320000379002B12D10099019A03AE3000FDF7CA
:107330008EFE0399049A059B2800FBF74BFB011E68
:1073400002D02000FDF78CFB06B070BD024B034A53
:1073500003480F210EF0AEF83059031004920310C9
:107360000874031030B583B00400009101921D0031
:10737000002808D01900F5F70BFD2B000099019AA1
:107380002000FFF7C7FF03B030BDF0B587B00400A1
:107390000668476804AB9C46049605976B460A004E
:1073A00003CA03C30822614618000CF011FF3B001A
:1073B0000099019A3000FFF7D5FF6368002B05D0D4
:1073C0001B79002B04D1012007B0F0BD0020FBE7A2
:1073D0000020F9E730B583B000686A4630C930C292
:1073E00000226946FFF7D1FF03B030BDF0B585B08C
:1073F00005000C0002920393161E0CD01F0019000A
:107400001000F5F7C5FC00972A0023003000F6F7BE
:10741000A1FC05B0F0BD0020FBE700B583B0030080
:10742000086849681A685B6800920193FFF7DEFFFD
:1074300003B000BD00B583B000680A684B680092D5
:10744000019300226946FFF7E8FF03B000BDF0B5E5
:1074500085B005000C0002920393161E0CD01F008D
:1074600019001000F5F794FC00972A002300300063
:10747000F6F7F6FB05B0F0BD0020FBE700B583B0E2
:107480000300086849681A685B6800920193FFF777
:10749000DEFF03B000BD00B583B000680A684B682A
:1074A0000092019300226946FFF7E8FF03B000BD98
:1074B00030B591B004000D001100F5F7ACFC237954
:1074C000402B73D89B003E4AD3589F4628682368B8
:1074D000009300226946FEF763FA6EE0010028007F
:1074E000FEF7C4FA69E02100280007F062FA64E0C0
:1074F0002100280007F012FB5FE020001CF0AAFA30
:1075000001A90194486000230B722800FEF76FFA6E
:1075100053E02468002C0BD020001CF09BFA04A937
:107520000494486001230B722800FEF760FA44E0DF
:107530000020F4E723681A000832DB8807A90792C5
:107540004B6000230B722800FEF751FA35E02368E8
:107550001A000832DB880AA90A924B602800FFF75C
:1075600039FF2AE023680C93DB170D930CA9280040
:10757000FFF760FF21E023680E9300230F930EA90D
:107580002800FFF788FF18E001002800FFF752FFEE
:1075900013E001002800FFF77EFF0EE02378286843
:1075A00069460B700022FEF72FFA06E028680023D8
:1075B000009300226946FDF741FF11B030BDC0467F
:1075C00070C9031000B587B0009001911300002826
:1075D00007D0019A04A904934A60FFF769FF07B036
:1075E00000BD0022039203A91800FDF727FFF6E76C
:1075F00010B588B00290039100920193002810D03A
:1076000004A902AB0A0011CB11C214000822200009
:107610000CF0DEFD220000980199FFF7D3FF08B0BF
:1076200010BD0020FBE770B586B004000268436817
:1076300004A8049205936B460A0042CA42C31E0086
:107640000822010018000CF0C3FD009A019B02986B
:107650007168FFF7CDFF6368002B05D01B79002B05
:1076600004D1012006B070BD0020FBE70020F9E73F
:1076700030B585B00091019202AD01002800FEF7FF
:1076800094FA002229006846FFF7CDFF05B030BD0F
:1076900070B584B004000D00FFF7E2FC636802A936
:1076A00002904B60082268460CF092FD0099019A06
:1076B0002800FFF7DDFF6368002B05D01B79002B46
:1076C00004D1012004B070BD0020FBE70020F9E7E1
:1076D00010B504000022FFF7DBFF200010BD000002
:1076E000F0B5DE4657464E464546E0B5C84CA54483
:1076F0000400049105928022920000214AA80CF017
:1077000061FD237898460023499300234893012381
:1077100000250020002108E04E1CFFAF2C377A54D2
:10772000F1B200E001250133DBB2E25C002A0AD0AD
:10773000FF2B08D03D2AF5D0002DEDD0461CCAAF56
:107740003A54F0B2EFE7FFA82C3019F0DDFF040047
:10775000CAAE300019F0D8FF4990300019F0CEFFC2
:107760000BF0CCFE81464890642120000BF058FBC2
:10777000C0B20138C3B29A460A2120000BF050FB78
:10778000CFB2023FFBB29B4642A9A24F0B003A0088
:1077900043CA43C343CA43C30A2120000BF040FB42
:1077A0000690C3B2013BDEB238A93B0018330A0091
:1077B00083CB83C283CB83C283CB83C21B6813601A
:1077C0004346473BDAB2222A01D906F0BCFD9300BA
:1077D000914AD3589F460C2C01D900F0B1FDA4006A
:1077E0008E4B1B599F46002D04D0499B002B01D086
:1077F000FF2B29D98A4A8B49A420C00006AB9C469E
:107800006044F5F7F3FEA420C00006AB9C4660443C
:10781000FDF70DFF0300844A80214AAD890028004E
:107820000DF0CAFD84B2814829000EF029F8049BAE
:10783000002B01D106F094FD0123059A21002800B8
:10784000F7F7B0FE06F08CFD754A7649A220C0001D
:1078500006AB9C466044F5F7C9FE49A9A220C000CA
:1078600006AB9C466044FFF7DEFBC3E7002D04D067
:10787000499B002B01D0FF2B39D96D4A6949A820BB
:10788000C00006AB9C466044F5F7B0FEA820C000DF
:1078900006AB9C466044FDF7CAFE002839D0644A16
:1078A0006049644806AB9C466044F5F79FFE61481A
:1078B00006AB9C466044FDF7BAFE03005E4A802199
:1078C0004AAD890028000DF077FD84B257482900A1
:1078D0000DF0D6FF049B002B01D106F041FD0123E2
:1078E000059A21002800F7F75DFE06F039FD504AA1
:1078F0004C49A620C00006AB9C466044F5F776FED6
:1079000049A9A620C00006AB9C466044FFF78BFB4C
:10791000B3E70A23AA22D20006A98C466244136068
:10792000434A404945486044F5F760FEAA21C90032
:1079300006AB9C46614441486044FFF78AFBAEE7D2
:10794000002D04D0499B002B01D0FF2B39D93C4A94
:1079500034493C4806AB9C466044F7F782FF3948FF
:1079600006AB9C466044FDF762FE002839D0344ADD
:107970002C49B520C00006AB9C466044F7F771FF68
:10798000B520C00006AB9C466044FDF750FE0300E6
:107990002D4A80214AAD890028000DF00DFD84B2EA
:1079A000224829000DF06CFF049B002B01D106F04A
:1079B000D7FC0123059A21002800F7F7F3FD06F014
:1079C000CFFC1F4A1749214806AB9C466044F7F795
:1079D00048FF49A91D4806AB9C466044FFF723FBBE
:1079E000B5E764231A4A06A98C4662441360144A18
:1079F0000C49B320C0006044F7F733FF144906ABCD
:107A00009C466144B320C0006044FFF722FBAEE710
:107A10007CDEFFFFCCD1031074CA031000CB03102F
:107A2000DC7B0310142A0020B8920310C88A0310CC
:107A3000B881031064050000C892031054050000CB
:107A4000A07E031084050000D89203107405000086
:107A500094050000002D04D0499B002B01D0FF2B82
:107A600039D9E64AE649B920C00006AB9C466044D5
:107A7000F5F7BCFDB920C00006AB9C466044FDF79D
:107A8000D6FD002839D0DD4ADD49DE4806AB9C46EC
:107A90006044F5F7ABFDDB4806AB9C466044FDF760
:107AA000C6FD0300D84A80214AAD890028000DF0A8
:107AB00083FC84B2D54829000DF0E2FE049B002B24
:107AC00001D106F04DFC0123059A21002800F7F7AB
:107AD00069FD06F045FCC94AC949B720C00006AB9C
:107AE0009C466044F5F782FD49A9B720C00006AB6B
:107AF0009C466044FFF797FAB3E70F23BB22D200FE
:107B000006A98C4662441360BC4ABD49C048604423
:107B1000F5F76CFDBB21C90006AB9C466144BC482F
:107B20006044FFF796FAAEE7002D04D0499B002B86
:107B300001D0FF2B39D9B74AB149B74806AB9C46AB
:107B40006044F7F78EFEB44806AB9C466044FDF7F0
:107B50006EFD002839D0AF4AA949C620C00006AB47
:107B60009C466044F7F77DFEC620C00006AB9C46ED
:107B70006044FDF75CFD0300A84A80214AAD8900FE
:107B800028000DF019FC84B2A04829000DF078FE01
:107B9000049B002B01D106F0E3FB0123059A210091
:107BA0002800F7F7FFFC06F0DBFB9A4A94499C4853
:107BB00006AB9C466044F7F754FE49A9984806ABCB
:107BC0009C466044FFF72FFAB5E71E23954A06A9A5
:107BD0008C46624413608F4A8949C420C0006044C7
:107BE000F7F73FFE8F4906AB9C466144C420C000B6
:107BF0006044FFF72EFAAEE7002D0ED048460CF099
:107C000083F9894A894B0BF0CFFB002805D08849BE
:107C100048460CF0E3F8002842D1864A7849CA2049
:107C2000C00006AB9C466044F7F77DF9CA20C0004F
:107C300006AB9C466044FEF725F900210CF0C0F825
:107C400000283FD17B4A6E49CF20C00006AB9C463E
:107C50006044F7F768F9CF20C00006AB9C4660444B
:107C6000FEF710F9744C80264AAD0CF04DF90090E7
:107C700001912200B10028000DF09EFB84B2634800
:107C800029000DF0FDFD049B002B01D106F068FBDF
:107C90000123059A21002800F7F784FC06F060FB19
:107CA000644A5749C820C00006AB9C466044F7F7B9
:107CB0003AF948A9C820C00006AB9C466044FFF7CB
:107CC000F9F8AAE700225D4BCC21C90006A884463A
:107CD00061440A604B60574A4949CD20C000604466
:107CE000F7F721F9CC21C90006AB9C466144CD20B1
:107CF000C0006044FFF7F6F8A4E7002D0ED0484618
:107D00000CF002F9484A494B0BF04EFB002805D015
:107D1000474948460CF062F8002842D1484A3849A1
:107D2000D320C00006AB9C466044F7F71DF9D32072
:107D3000C00006AB9C466044FEF7A4F800210CF09E
:107D40003FF800283FD13E4A2D49D820C00006AB5D
:107D50009C466044F7F708F9D820C00006AB9C4663
:107D60006044FEF78FF8374C80264AAD0CF0CCF813
:107D7000009001912200B10028000DF01DFB84B29B
:107D8000224829000DF07CFD049B002B01D106F058
:107D9000E7FA0123059A21002800F7F703FC06F013
:107DA000DFFA274A1649D120C00006AB9C46604442
:107DB000F7F7DAF848A9D120C00006AB9C4660442A
:107DC000FFF778F8AAE7204A204BD521C90006A87A
:107DD000844661440A604B60194A0949D620C000B4
:107DE0006044F7F7C1F8D521C90006AB9C46614451
:107DF000D620C0006044FFF775F8A4E7F0840310B4
:107E0000142A0020EC050000F0920310C88A031029
:107E1000DC050000F88403100C0600000493031036
:107E2000FC0500001C0600009A9999999999B93FA0
:107E3000000010424C7D03101C930310008027406B
:107E4000587D0310349303103333333333332840D6
:107E5000002D0ED048460CF057F8E44AE44B0BF0E6
:107E6000A3FA002805D0E34948460BF0B7FF0028E5
:107E700042D1E14AE149DC20C00006AB9C466044A7
:107E8000F7F793F8DC20C00006AB9C466044FDF792
:107E9000F9FF00210BF094FF00283FD1D64AD749C3
:107EA000E120C00006AB9C466044F7F77EF8E12075
:107EB000C00006AB9C466044FDF7E4FFD04C802632
:107EC0004AAD0CF021F8009001912200B100280089
:107ED0000DF072FA84B2CB4829000DF0D1FC049B5E
:107EE000002B01D106F03CFA0123059A210028005D
:107EF000F7F758FB06F034FABF4AC049DA20C00051
:107F000006AB9C466044F7F750F848A9DA20C00059
:107F100006AB9C466044FEF7CDFFAAE70022BA4BB1
:107F2000DE21C90006A8844661440A604B60B24A5B
:107F3000B249DF20C0006044F7F737F8DE21C900FE
:107F400006AB9C466144DF20C0006044FEF7CAFFD8
:107F5000A4E7002D02D0499B012B39D9AB4AA74990
:107F6000E520C00006AB9C466044F6F7DCFFE52048
:107F7000C00006AB9C466044FDF759FB002839D091
:107F8000A24A9E49A24806AB9C466044F6F7CBFF46
:107F90009F4806AB9C466044FDF749FB03009D4AA1
:107FA00080214AAD890028000DF006FA84B2954878
:107FB00029000DF065FC049B002B01D106F0D0F9DF
:107FC0000123059A21002800F7F7ECFA06F0C8F91A
:107FD0008E4A8A49E320C00006AB9C466044F6F70F
:107FE000A2FF49A9E320C00006AB9C466044FFF70E
:107FF0001AF8B3E7884B06AA9446634400221A7025
:10800000824A7E4985486044F6F78DFF824906AB77
:108010009C46614481486044FEF77AFFB0E7002D3A
:1080200002D0499B022B39D97D4A74497D4806AB61
:108030009C466044FAF7D8FB7A4806AB9C466044FD
:10804000FDF7F5FA002839D0754A6C49F220C000D6
:1080500006AB9C466044FAF7C7FBF220C00006ABB3
:108060009C466044FDF7E3FA03006F4A80214AAD65
:10807000890028000DF0A0F984B2624829000DF0B3
:10808000FFFB049B002B01D106F06AF90123059A3E
:1080900021002800F7F786FA06F062F9604A57498E
:1080A000624806AB9C466044FAF79EFB49A95F48CC
:1080B00006AB9C466044FEF7B6FFB5E700235C4A7A
:1080C00006A98C4662441360554A4C49F020C00012
:1080D0006044FAF789FB564906AB9C466144F020A0
:1080E000C0006044FEF7B5FFAEE7002D1ED0514939
:1080F0000322CAA81BF0E2FB002853D04E490722F6
:10810000CAA81BF0DBFB00285ED14C4A3B49F62095
:10811000C00006AB9C466044F5F747FA4649F62096
:10812000C00006AB9C466044FEF740FF434A33491B
:10813000FA20C00006AB9C466044F5F736FAFA20F8
:10814000C00006AB9C466044FAF706FD00287BD1D0
:108150003A4A2A49FE20C00006AB9C466044F5F727
:1081600024FAFE20C00006AB9C466044FDF7A0FA4E
:108170000300334A80214AAD890028000DF01CF924
:1081800084B2204829000DF07BFB049B002B01D119
:1081900006F0E6F80123059A21002800F7F702FA15
:1081A00006F0DEF8254A1549F420C00006AB9C46CF
:1081B0006044F5F7FAF91F49F420C00006AB9C466D
:1081C0006044FEF7CCFEB1E71C4A0C49F820C00021
:1081D00006AB9C466044F5F7E8F91A49F820C00060
:1081E00006AB9C466044FEF708FF9FE79A99999971
:1081F0009999B93F00001042687D0310142A0020AD
:1082000054930310C88A0310000024407493031091
:108210004C070000809303103B0700003C07000060
:10822000048503106C070000949303105C070000A2
:108230007C070000B4930310B89303106C7B031009
:10824000C093031024850310E84AE949FC20C000CC
:1082500006AB9C466044F5F7A8F9E649FC20C0004F
:1082600006AB9C466044FEF7C8FE71E7002D16D0B1
:10827000499B5A1E0F2A01D9FF2B10D1DE4ADC4937
:108280008020000106AB9C466044FAF757FB49A9E1
:108290008020000106AB9C466044FEF7C4FED64A2F
:1082A000D3498120000106AB9C466044FAF746FBA7
:1082B0008120000106AB9C466044FDF7B8F9002818
:1082C00027D0CD4ACA49CD4806AB9C466044FAF750
:1082D00035FBCA4806AB9C466044FDF7A8F903008D
:1082E000C74A80214AAD890028000DF065F884B2A4
:1082F000C44829000DF0C4FA049B002B01D106F0FC
:108300002FF80123059A21002800F7F74BF906F012
:1083100027F8FF238222120106A98C4662441360CB
:10832000B54AB349B8486044FAF708FB822109010D
:1083300006AB9C466144B4486044FEF78AFEC0E741
:108340004AA9B24B0A0031CB31C211CB11C2AD48A0
:108350000DF096FA049B002B01D106F001F80123E1
:10836000059A13214AA8F7F71DF905F0F9FF230034
:10837000653BA6225200934201D904F077FF9B008F
:10838000A34AD3589F46002D41D0A2490722CAA82C
:108390001BF094FA002800D1BBE09F490522CAA82F
:1083A0001BF08CFA002800D0EAE006235246534323
:1083B00042AAD2188E49994806AB9C466044FCF705
:1083C000A5FF964B06AA944663441E68944B6344EB
:1083D0001E60944B6344944A624423CA23C3934D62
:1083E000654482492800F5F7D4F81EAB1A0083CD06
:1083F00083C22B962CAA8B4906A88446614461C986
:1084000061C223CB23C28A492AA8FEF75AFE06235B
:108410005246534342AEF61875493200854806ABC2
:108420009C466044FCF772FF824B06AA9446634464
:108430001F68814B63441F60804B6344804A6244E1
:1084400023CA23C37F4D654468492800F5F7A1F886
:108450001EAB9C461A000BCD0BC22B972CAA77495A
:1084600006AB98464144A1C9A1C2634623CB23C2AF
:108470002AA8FDF783F9002800D005E15C49320005
:10848000714806AB9C466044FCF740FF6E4B06AA61
:10849000944663441E686D4B63441E606C4B63449A
:1084A0006C4A624423CA23C36B4D65444F4928007C
:1084B000F5F76FF81EAB1A0083CD83C22B962CAA5A
:1084C000634906A88446614461C961C223CB23C2C3
:1084D0002AA8FDF718F9614A80214AAD0190534658
:1084E000013300932300890028000CF065FF84B25B
:1084F000444829000DF0C4F9049B002B01D105F07C
:108500002FFF0123059A21002800F7F74BF805F00B
:1085100027FF06235246534342AAD21834495048F3
:1085200006AB9C466044FCF7F1FE4D4B06AA944610
:1085300063441E684B4B63441E6087235B016344A6
:10854000494A624423CA23C3484F67442749380035
:10855000F5F71FF81EAD0C22390028000BF038FE8D
:108560002B962CAB8722520106A98C46624443CA43
:1085700043C307CD07C31F492AA8FEF706FE46E7F7
:1085800006235246534342AAD2181949384806AB2B
:108590009C466044FCF7BAFE354B06AA94466344F9
:1085A0001E68344B63441E60334B6344334A624459
:1085B00023CA23C3324F67440C493800F4F7E9FF5C
:1085C0001EAD0C22390028000BF002FE2B962CABBE
:1085D000294A06A98C46624443CA43C307CD07C350
:1085E00028492AA8FEF7F8FD11E7C0466C7B031066
:1085F000142A002024850310D485031034080000B9
:10860000D0930310C88A031024080000E4930310D9
:1086100034CB0310108503101C8503105408000090
:10862000F8100000FC10000058080000EC100000DA
:10863000F89303107408000030110000341100009A
:108640007808000024110000940800006811000060
:108650006C110000980800005C11000008940310E1
:1086600044080000DC10000048080000D0100000A2
:1086700064080000141100001811000068080000D0
:108680000811000000940310DE493200DE48404427
:10869000FCF73CFEDC4B43441F68DC4B43441F604B
:1086A000DB4B4344DB4A424423CA23C38A235B0196
:1086B00043449846D8491800F4F76BFF1EAD0C22CE
:1086C000414628000BF084FD2B972CABD04A06A91D
:1086D0008C46624483CA83C307CD07C3CF492AA807
:1086E000FEF77AFDCAE6002D04D0499B002B01D08D
:1086F000FF2B57D953465B0053445B0042AAD21864
:10870000C049C74806AB9C466044FCF7FFFDC44B1C
:1087100006AA944663441E688D235B0163441E6071
:10872000C04B6344C04A624423CA23C3BF4D65445F
:10873000BF492800F7F77CF82AA8030086CD86C336
:108740001F9620ABB74A06A98C46624462CA62C330
:10875000020062CA62C35E4632001EA9F6F7FCFF41
:108760002AA8FDF72BF8B34A80214AAD0290019662
:108770005346013300932300890028000CF01CFEAF
:1087800084B2AD4829000DF07BF8049B002B01D189
:1087900005F0E6FD0123059A21002800F6F702FF07
:1087A00005F0DEFD06235246534342AAD2189549EE
:1087B000A24806AB9C466044FCF7A8FD9F4B06AA66
:1087C000944663441E689E4B63441E609D4B634405
:1087D0009D4A624423CA23C39C4B634498469449F0
:1087E0001800F7F725F82AAD0C22414628000BF0B7
:1087F000EFFC1F9620AB934A06A98C46624443CAFD
:1088000043C32A0043CA43C35A461EA92800F6F7A9
:10881000A3FF49A92800FEF717FD6BE7002D05D03F
:10882000499B072B02D9FF2B00D881E00623524633
:10883000534342AEF61873493200854806AB9C4656
:108840006044FCF763FD824B06AA944663441F68AC
:10885000804B63441F60804B6344804A624423CA58
:1088600023C37F4D65447F492800F9F7F1FF1EAB14
:108870009C461A000BCD0BC22B972CAA764906AB4F
:1088800098464144A1C9A1C2634623CB23C22AA86A
:10889000FCF755FF002800D181E05A4932007248A8
:1088A00006AB9C466044FCF731FD6F4B06AA94462C
:1088B00063441E686D4B63441E606D4B63446D4A98
:1088C000624423CA23C36C4D654466492800F9F706
:1088D000BFFF1EAB1A0083CD83C22B962CAA64491E
:1088E00006A88446614461C961C223CB23C22AA879
:1088F000FCF725FF614A80214AAD019053460133C0
:1089000000932300890028000CF056FD84B24A48E9
:1089100029000CF0B5FF049B002B01D105F020FDD0
:108920000123059A21002800F6F73CFE05F018FD0A
:1089300006235246534342AAD2183249504806AB46
:108940009C466044FCF7E2FC4D4B06AA9446634407
:108950001E684C4B63441E608E235B0163444A4A8D
:10896000624423CA23C3494F67443E493800F9F79C
:108970006FFF1EAD0C22390028000BF029FC2B964E
:108980002CAB8E22520106A98C46624443CA43C3D3
:1089900007CD07C349A92AA8FEF734FC46E7FF2301
:1089A0003B4A42441360174932003A484044FCF7BE
:1089B000ADFC384B43441F68374B43441F60374B73
:1089C0004344374A424423CA23C3364B4344984660
:1089D00024491800F9F73CFF1EAD0C22414628003F
:1089E0000BF0F6FB2B972CAB2C4A06A98C46624465
:1089F00083CA83C307CD07C3254961442AA8FEF76C
:108A000076FB4AE7142A0020840800004C1100007D
:108A100050110000880800006C7B031000940310C4
:108A2000B4080000A4110000B80800009411000070
:108A3000EC7E03101C940310C88A0310A4080000E5
:108A40008411000088110000A808000078110000BF
:108A5000D4080000D8110000DC110000D808000084
:108A6000CC1100008C850310F808000010120000E3
:108A700014120000FC0800000412000040940310CF
:108A8000C4080000BC110000C8080000B0110000BC
:108A9000E4080000E8080000F4110000F8110000EC
:108AA000EC080000E8110000002D05D0499B002BC8
:108AB00002D0FF2B00D883E006235246534342AE38
:108AC000F61874493200744806AB9C466044FCF7C3
:108AD0001DFC714B06AA944663441F686F4B6344A8
:108AE0001F606F4B63446F4A624423CA23C36E4DB9
:108AF00065446E492800F4F76DFD1EAB9C461A00D4
:108B00000BCD0BC22B972CAA654906AB9846414466
:108B1000A1C9A1C2634623CB23C22AA8FCF70FFE3A
:108B2000002800D182E05B493200614806AB9C46D8
:108B30006044FCF7EBFB5E4B06AA944663441E6858
:108B400094235B0163441E605A4B634494221201D8
:108B5000624423CA23C3584D654454492800F4F79E
:108B600039FD1EAB1A0083CD83C22B962CAA514926
:108B700006A88446614461C961C223CB23C22AA8E6
:108B8000FCF7DDFD4D4A80214AAD0190534601338B
:108B900000932300890028000CF00EFC84B24848A2
:108BA00029000CF06DFE049B002B01D105F0D8FBD1
:108BB0000123059A21002800F6F7F4FC05F0D0FB0C
:108BC00006235246534342AAD21832493D4806ABC7
:108BD0009C466044FCF79AFB3A4B06AA94466344D1
:108BE0001E68394B63441E60384B6344384A624404
:108BF00023CA23C391277F0167442C493800F4F727
:108C0000E9FC1EAD0C22390028000BF0E1FA2B968E
:108C10002CAB2E4A06A98C46624443CA43C307CDF7
:108C200007C349A92AA8FEF7EDFA45E70623294A12
:108C3000424413601749320027484044FCF766FB62
:108C4000254B43441F68254B43441F60244B43443A
:108C500093221201424423CA23C3224B4344984621
:108C600012491800F4F7B6FC1EAD0C22414628004C
:108C70000BF0AEFA2B972CAB194A06A98C4662442E
:108C800083CA83C307CD07C3124961442AA8FEF7EC
:108C90002EFA48E7142A00201809000048120000A4
:108CA0004C1200001C0900003C120000FC80031064
:108CB0003C0900008412000074120000609403104C
:108CC000C88A0310080900002C12000030120000AE
:108CD0000C090000280900002C09000064120000A3
:108CE0006812000058120000002D00D11CE1B749A5
:108CF0000322CAA81AF0E2FD002800D090E2062361
:108D00005246534342AA93469B44B1495A46B148FE
:108D100006AB9C466044FCF7F9FAAE4B06AA9446B3
:108D200063441E68AC4B63441E6095235B0163443F
:108D300095221201624423CA23C3A84F6744A8495D
:108D40003800F6F754FD1EAD0C22390028000BF058
:108D50003FFA2B962CAB9522520106A98C46624411
:108D600043CA43C307CD07C32AA8FCF707FD002861
:108D700000D06BE1964E5A4631009A4806AB9C46AD
:108D80006044FCF7C3FA974B06AA944663441B68F9
:108D90009846954B634442461A60944B634496222E
:108DA0001201624423CA23C398277F0167448C4B76
:108DB000069319003800F6F71AFD1EAD0C22390093
:108DC00028000BF005FA42462B922CAB874A06A9E5
:108DD0008C46624483CA83C32A0083CA83C35A462B
:108DE000310083486044FCF791FA814B06AA94460F
:108DF00063441A6891467F4B63441A607E4B634418
:108E000097221201624483CA83C37C4B6344984611
:108E10007B491800F4F7BDFB16AB9C461A0041468F
:108E200089C989C24A461F9220AA734806AB984650
:108E30004044010089C989C2634683CB83C22AAA00
:108E400011002800FEF744FC5A4631006D484044AA
:108E5000FCF75CFA06996B484044FCF72DFC5A4637
:108E6000310069484044FCF751FA674BC44643441B
:108E70001B689846654B634442461A60644B6344E2
:108E800099221201624483CA83C3624B63449946A8
:108E900061491800F6F7ABFC0C22494628000BF09C
:108EA00097F943462B932CAB594A06A98C4662444A
:108EB00083CA83C32A0083CA83C3584B98461900C8
:108EC0002AA8FCF740FC5A463100554806AB9C46A0
:108ED0006044FCF71BFA524B06AA944663441B6895
:108EE0009946504B63444A461A604F4B63449A225A
:108EF0001201624443CA43C34C4E66444C4930009D
:108F0000F9F7A6FC2B0007CE07C34B462B932CABDF
:108F1000454A06A98C46624443CA43C307CD07C3EA
:108F200041462AA8FCF70FFC06235246534342AAA7
:108F3000D2182749A820000106AB9C466044FCF7E4
:108F4000E5F9A8231B0106AA944663441E68394B21
:108F500063441E60384B6344384A624423CA23C3C7
:108F6000374D654426492800F4F713FB1EAB1A0061
:108F700083CD83C22B962CAA2F4906A88446614430
:108F800061C961C223CB23C22AA8FCF7F7FB0028E2
:108F900001D000F007FC2B4A802153460133009397
:108FA000230089004AA80CF007FA27484AA90CF0C8
:108FB00067FC049B002B01D105F0D2F90123059A2F
:108FC00011214AA8F6F7EEFA05F0CAF984940310C5
:108FD000142A00204C0900009C120000901200008E
:108FE000548503105C0900000C13000010130000EE
:108FF0006C090000F0120000F4120000E4120000FE
:10900000308503107C0900008C090000D412000098
:10901000D8120000C81200004885031064850310B0
:109020009C090000B8120000BC120000AC12000045
:1090300038850310981400009C140000840A000076
:109040008C14000088940310C88A0310654B06AA8C
:109050009446634400221A60634B5A461F0019006D
:109060009B2000016044FCF751F99B231B0106AAD9
:10907000944663441B6898465C4B634440461860C2
:109080009B235B0163445A486044020023CA23C304
:10909000584E6644584B069319003000F4F779FA9D
:1090A0002AAD0C22310028000BF092F816A8814658
:1090B0004646179618AB9B20400106AA944660448A
:1090C000020043CA43C32E0007CE07C3079640469B
:1090D0001F900C2218A8010020A80BF079F823ABF0
:1090E0001BAA43CA43C3454806AB9C4660440600DE
:1090F0004349F9F7ADFB0EAB07CE07C340462C90B2
:10910000079B20AA43CA43C330AB43CA43C30EAA3A
:1091100043CA43C3334806AB9C4660440100280061
:10912000FEF7B9F89C20000106AB9C466044002283
:1091300002605A46390033486044FCF7E7F8314A88
:1091400006AB9C46624416682F4A624416602F4A5A
:10915000624413002E4A624483CA83C32D4A624488
:10916000904606991000F4F714FA0C2241462800A4
:109170000BF02EF84A465660244A06AB9C466244E1
:10918000130018AA83CB83C213002A0083CA83C3A7
:109190001F960C2218A920A80BF01AF823AB1BAAC3
:1091A00083CA83C31C4F06AB9C4667441B493800E7
:1091B000F4F710FA0EAB07CF07C32C96079B20AA33
:1091C00023CA23C330AB23CA23C30EAA23CA23C393
:1091D0009C21090106AB9C4661442AA8FEF75BF876
:1091E000A2E6C046AC090000142A00205C1300006F
:1091F000B409000050130000308503104413000030
:109200003C850310C409000034130000381300002B
:10921000C8090000281300001C130000408503103B
:1092200006235246534342AAD3180693A0499846B0
:109230001A00A04806AB9C466044FCF767F89D49BD
:1092400006AB9C4661440E689B4961440E609B4995
:1092500061440B009A4A624423CA23C3994D654472
:1092600099492800F4F795F91EAB1A0083CD83C203
:109270002B962CAA914906A88446614461C961C213
:1092800023CB23C22AA8FCF779FA002800D057E1A3
:10929000874B42469B4619008C4806AB9C4660446F
:1092A000FCF734F8894906AB9C4661440F6888494D
:1092B00061440F60874961440B00874A624423CAB6
:1092C00023C3864E6644804989463000F4F761F92D
:1092D0001EAD0C22310028000AF07AFF2B972CAB30
:1092E0007C4A06A98C46624483CA83C32A0083CA87
:1092F00083C3434606931A00594679486044FCF7F5
:1093000005F8774906AB9C4661440968884675496B
:10931000614440460860744961440B00734A6244EA
:1093200083CA83C3724F6744724907913800F6F7C6
:109330005EFA16AB1A0043CF43C240461F9020AAE4
:10934000694806A98C4660440100C1C9C1C283CBEB
:1093500083C22AA801002800FEF7BAF9069E32004F
:109360005946654806AB9C466044FBF7CFFF49462B
:10937000614806AB9C466044FCF79EF906963200B5
:1093800059465E4806AB9C466044FBF7BFFF5B480E
:1093900006AB9C46604407685948604407605948DA
:1093A00060440300584A624443CA43C39E204001BC
:1093B000604480465549F6F71AFA0C2241462800C7
:1093C0000AF006FF2B972CAB4E4A06A98C46624446
:1093D00083CA83C32A0083CA83C34D4881460100E0
:1093E0002AA8FCF7B0F9069E32005946494806AB58
:1093F0009C466044FBF78AFF464806AB9C466044A7
:10940000006880464448604447460760434B6344D5
:1094100043486044020083CA83C3424F67440799AC
:109420003800F6F7E4F92B0007CF07C341462B912C
:109430002CAB3A4906AA944661440A0083CA83C306
:109440002A0083CA83C349462AA8FCF77CF9320064
:109450005946354806AB9C466044FBF757FF324BF4
:1094600006AA944663441F68304B63441F60304B28
:109470006344304A624443CA43C32F4B6344984613
:109480002E491800F9F7E4F90C22414628000AF0A9
:109490009FFE2B972CAB264A06A98C46624443CAF2
:1094A00043C307CD07C349462AA8FCF74CF93BE55F
:1094B000142A0020D4090000781300007C13000057
:1094C000D80900006C13000030850310E409000087
:1094D0000414000008140000E8090000F81300005C
:1094E000F4090000E8130000EC130000F809000084
:1094F000DC13000054850310040A0000140A000065
:10950000CC130000D0130000180A00004885031097
:1095100050850310240A0000B0130000B4130000AB
:10952000280A0000A4130000340A0000941300006D
:1095300098130000380A00008813000038850310D3
:10954000E14A06AB9C46624400231360DF4B069A57
:1095500009931900DE486044FBF7D8FEDC4D06ABEA
:109560009C4665442D68A846DA4D654446462E6003
:10957000A4235B016344D84A624423CA23C3D74F60
:109580006744D74D079529003800F6F730F92AAD22
:109590000C22390028000AF01BFE16AEB3464746DF
:1095A000179718ABA422520106A98C46624483CABD
:1095B00083C32E0007CE07C347461F970C2218AF60
:1095C000390020A80AF004FE23AB1BAA83CA83C378
:1095D000C44F06AB9C466744C3493800F9F738F9D5
:1095E0000EAA9146130007CF07C347462C9708964B
:1095F000330020AA83CA83C383CA83C34A4683CA6B
:1096000083C3B14F06AB9C46674439002800FDF781
:1096100042FEB64F06AB9C46674400203860069A6F
:10962000099E3100B24F67443800FBF76FFEB04F20
:1096300006AB9C4667443F68B846AE4F6744424617
:109640003A60AD4F67443B00A6273F0167443A00AC
:1096500083CA83C3A94F674407993800F6F7C7F850
:109660000C22390028000AF0B3FD5F4642467A60BA
:10967000A14F06AB9C4667443B0018AA83CB83C22C
:1096800013002A0083CA83C347461F970C2218AFD2
:10969000390020AF38000AF09BFD23AB1BAA83CA18
:1096A00083C3974F06AB9C46674496493800F3F74F
:1096B00091FF4B4607CF07C347462C97089B20AA2C
:1096C00083CA83C330AB83CA83C34A4683CA83C376
:1096D000864F06AB9C46674439002800FDF7DBFD4A
:1096E000894F06AB9C46674400203860069A3100DB
:1096F000A72000016044FBF709FEA722120106AB78
:109700009C4662441768814A62441760804A6244FA
:109710001300804A624443CA43C3A12252016244F7
:10972000904607991000F6F762F80C22414628008F
:109730000AF04EFD5A465760754A06AB9C46624495
:10974000130018AA43CB43C213002A0043CA43C3E1
:109750001F970C2218A920A80AF03AFD23AB1BAAD8
:1097600043CA43C36C4A06AB9C46624416006B492D
:109770001000F5F7CCFB4B4607CE07C32C97089B90
:1097800020AA23CA23C330AB23CA23C34A4623CA11
:1097900023C35D4906AB9C4661442AA8FDF77BFDC7
:1097A000FFF7C2FB5E4A802153460133009323003A
:1097B00089004AA80BF000FEFFF7F7FB002D05D04B
:1097C000499B002B02D0102B00D8BBE00623524649
:1097D000534342AAD2183D49AA20000106AB9C4639
:1097E0006044FBF793FDAA231B0106AA9446634439
:1097F0001B6899464B4B63444A461A604A4B634484
:109800004A4A624423CA23C3494E66444949300048
:10981000F9F71EF82AAD28000ECE0EC006904A4673
:10982000179218AB404A06A98C46624443CA43C308
:109830002A0043CA43C34A461F9220AF0C229346D4
:1098400018A938000AF0C4FC23AB1BAA43CA43C3BF
:10985000394A06AB9C466244904623491000F8F70B
:10986000F7FF0EAE5A46414630000AF0B1FC4A46B8
:109870002C92069B07CF07C330AB3A0023CA23C301
:1098800007CE07C32AA8FCF7D3F92C4A80214AAD9A
:1098900001905346013300932300890028000BF008
:1098A0008BFD84B2264829000BF0EAFF049B002BB5
:1098B00001D104F055FD0123059A21002800F5F798
:1098C00071FE04F04DFDC046440A0000142A002039
:1098D000480A00007C1400004C0A000070140000CC
:1098E00054850310641400003C850310580A0000DE
:1098F0005C0A0000541400005814000048140000D2
:109900003C140000408503106C0A00002C14000079
:1099100030140000740A0000141400006485031061
:109920009C940310E8140000EC140000A40A00004A
:10993000DC14000038850310D0140000B09403102C
:10994000C88A031006235246534342AAD218A0499C
:10995000A920000106AB9C466044FBF7D7FCA92375
:109960001B0106AA944663441B689946A6235B0123
:1099700063444A461A60974B6344974A624423CA39
:1099800023C3964E664496493000F8F761FF2AAD2E
:1099900028000ECE0EC006904A46179218AB8D4A8C
:1099A00006A98C46624443CA43C32A0043CA43C340
:1099B0004A461F9220AF0C22934618A938000AF09D
:1099C00007FC23AB1BAA43CA43C3864A06AB9C468B
:1099D0006244904684491000F8F73AFF0EAE5A46AA
:1099E000414630000AF0F4FB4A462C92069B07CF12
:1099F00007C330AB3A0023CA23C307CE07C349A924
:109A00002AA8FDF75EFCE1E6002D02D0499B3A2B27
:109A10007DD906235246534342AAD2186C49AC2042
:109A2000000106AB9C466044FBF770FCAC231B01B5
:109A300006AA944663441B6899466C4B63444A46A5
:109A40001A606B4B63446B4A624423CA23C36A4E59
:109A5000664463493000F8F7FBFE2AAD28000ECEBD
:109A60000EC006904A46179218AB614A06A98C466A
:109A7000624443CA43C32A0043CA43C34A461F92AF
:109A800020AF0C22934618A938000AF0A1FB23ABA3
:109A90001BAA43CA43C3A922520106AB9C46624497
:109AA000904656491000F3F795FD0EAE5A464146D2
:109AB00030000AF08DFB4A462C92069B07CF07C365
:109AC00030AB3A0023CA23C307CE07C32AA8FCF74A
:109AD000AFF84B4A80214AAD0190534601330093C1
:109AE0002300890028000BF067FC84B24548290058
:109AF0000BF0C6FE049B002B01D104F031FC0123C6
:109B0000059A21002800F5F74DFD04F029FC0623F5
:109B10005246534342AAD2182D49AB20000106AB4E
:109B20009C466044FBF7F2FBAB231B0106AA94465C
:109B300063441B689946344B63444A461A60334B6E
:109B40006344334A624423CA23C3324E66442449E1
:109B50003000F8F77DFE2AAD28000ECE0EC006902C
:109B60004A46179218AB294A06A98C46624443CA52
:109B700043C32A0043CA43C34A461F9220AF0C2264
:109B8000934618A938000AF023FB23AB1BAA43CA4B
:109B900043C3214A06AB9C466244904617491000D5
:109BA000F3F718FD0EAE5A46414630000AF010FB9E
:109BB0004A462C92069B07CF07C330AB3A0023CA14
:109BC00023C307CE07C349A92AA8FDF77AFB20E7DC
:109BD000142A0020C4140000940A0000B4140000E9
:109BE00038850310A81400003C85031038150000C8
:109BF0003C150000C40A00002C150000408503102D
:109C0000CC940310C88A031010150000141500002E
:109C1000B40A000004150000F814000006235246A0
:109C2000534342AA90469844EA494246AD20000177
:109C300006AB9C466044FBF769FBAD231B0106AAFB
:109C4000944663441F68E44B63441F60E34B6344E2
:109C5000E34A624443CA43C3E24B63449946E24940
:109C60001800F3F796FC1EAE0C22494630000AF0AD
:109C7000AFFA2B972CABD94A06A98C46624483CA0B
:109C800083C307CE07C32AA8FBF778FD00287DD041
:109C9000002D03D0499BFF2B00D880E0CD494246E0
:109CA000AF20000106AB9C466044FBF72FFBAF23BF
:109CB0001B0106AA944663441B689946CB4B634438
:109CC0004A461A60CA4B6344CA4A624423CA23C341
:109CD000C94D6544C9492800F8F7BAFD2AAE0C27DA
:109CE0003A00290030000AF073FA4B46179318AB7C
:109CF000BF4A06A98C46624423CA23C3350007CD58
:109D000007C3A8464B461F9320AD3A0018A9280068
:109D10000AF05EFA23AB1BAA83CA83C3B84F06AB13
:109D20009C466744B7493800F5F7F1F80EAB9C46FE
:109D30001A000BCF0BC24A462C92424643CD43C277
:109D4000290061C961C2634623CB23C22AA8FBF75D
:109D50006FFFAD4A802101905346013300932300E9
:109D600089004AA80BF028FB84B2A8484AA90BF046
:109D700087FD049B002B01D104F0F2FA0123059A20
:109D800021004AA8F5F70EFC04F0EAFAA04A802167
:109D9000230089004AA80BF00FFB1124E5E78D4949
:109DA0004246AE20000106AB9C466044FBF7AEFA8B
:109DB000AE231B0106AA944663441B689B46954B41
:109DC00063445A461A60AC235B016344924A62447E
:109DD00023CA23C3914D654488492800F8F738FD0C
:109DE0002AAE0C273A00290030000AF0F1F95B4650
:109DF000179318ABAC22520106A98C46624423CAC1
:109E000023C3350007CD07C3A9465B461F9320AD8A
:109E10003A0018A928000AF0DBF923AB1BAA83CA71
:109E200083C37F4F06AB9C46674476493800F5F7FD
:109E30006EF80EAB9C461A000BCF0BC25A462C9202
:109E40004A4643CD43C2290061C961C2634623CB60
:109E500023C249A92AA8FDF734FA1FE7002D05D02F
:109E6000499B002B02D0102B00D8EFE0062352466E
:109E7000534342AEF61857493200B320000106ABF7
:109E80009C466044FBF742FAB3231B0106AA9446A2
:109E900063441F68634B63441F60634B6344634ABE
:109EA000624423CA23C3B1235B01634498464E49ED
:109EB0001800F3F76EFB1EAD0C22414628000AF095
:109EC00087F92B972CAB584A06A98C46624483CA63
:109ED00083C307CD07C32AA8FBF750FC002800D096
:109EE0009FE13C493200B420000106AB9C4660442F
:109EF000FBF70CFAB4231B0106AA944663441B68C3
:109F000099464B4B63444A461A604A4B63444A4A5B
:109F1000624423CA23C3494D654433492800F3F7FB
:109F200038FB2AAE0C273A00290030000AF050F91D
:109F30004B46179318AB3F4A06A98C46624423CA86
:109F400023C3350007CD07C3A8464B461F9320AD5A
:109F50003A0018A928000AF03BF923AB1BAA83CAD0
:109F600083C3374F06AB9C46674436493800F8F741
:109F70006FFC0EAB9C461A000BCF0BC24A462C92CC
:109F8000424643CD43C2290061C961C2634623CB27
:109F900023C22AA8FBF74CFE2B4A8021019053468E
:109FA00001330093230089004AA80BF005FA84B21C
:109FB00016484AA90BF064FC049B002B01D104F065
:109FC000CFF90123059A21004AA8F5F7EBFA04F02E
:109FD000C7F9C046142A0020541500005815000087
:109FE000D40A00004815000030850310A4150000B5
:109FF000A8150000F40A0000981500003885031029
:10A000008C1500006485031000950310C88A0310A6
:10A01000EC9403107C150000E40A000070150000A9
:10A02000641500002C16000030160000340B0000F0
:10A030005416000058160000440B0000481600009B
:10A040003C1600003C850310209503100623524661
:10A05000534342AEF618A8493200B020000106ABC7
:10A060009C466044FBF752F9B0231B0106AA9446B4
:10A0700063441F68AE235B0163441F609F4B6344CE
:10A080009F4A624423CA23C39E4D65449E492800CB
:10A09000F3F77FFA1EAB9C461A000BCD0BC22B9731
:10A0A0002CAA964906AB98464144A1C9A1C2634671
:10A0B00023CB23C22AA8FBF761FB002854D18E4989
:10A0C0003200B12000014044FBF720F9B1231B010D
:10A0D00043441B6899468D4B43444A461A608C4B57
:10A0E00043448C4A424423CA23C38B4E4644864988
:10A0F0003000F3F74EFA2AAD28000ECE0EC00690BF
:10A100004A46179218AB824A424443CA43C32A00C4
:10A1100043CA43C34A461F9220AF0C22934618A954
:10A1200038000AF055F823AB1BAA43CA43C37B4A45
:10A13000424490467A491000F8F78AFB0EAE5A4620
:10A14000414630000AF044F84A462C92069B07CF5D
:10A1500007C330AB3A0023CA23C307CE07C349A9BC
:10A160002AA8FDF7AEF881E663493200B22000016B
:10A1700006AB9C466044FBF7C9F8B2231B0106AA54
:10A18000944663441B689946664B63444A461A608A
:10A19000654B6344654A624423CA23C3644E6644E4
:10A1A00064493000F5F723FB2AAD28000ECE0EC01F
:10A1B00006904A46179218AB5B4A06A98C46624441
:10A1C00043CA43C32A0043CA43C34A461F9220AF2F
:10A1D0000C22934618A9380009F0FAFF23AB1BAAFA
:10A1E00043CA43C3544A06AB9C46624490464C491A
:10A1F0001000F8F72DFB0EAE5A464146300009F02C
:10A20000E7FF4A462C92069B07CF07C330AB3A00C4
:10A2100023CA23C307CE07C349A92AA8FDF751F8CB
:10A2200024E635493200B520000106AB9C46604467
:10A23000FBF76CF8B5231B0106AA944663441B6820
:10A2400099463E4B63444A461A60B4235B0163441B
:10A250003B4A624423CA23C33A4D6544354928002A
:10A26000F5F7C5FA2AAE0C273A002900300009F0AC
:10A27000AFFF4B46179318ABB422520106A98C4688
:10A28000624423CA23C3350007CD07C3A8464B4603
:10A290001F9320AD3A0018A9280009F099FF23ABBD
:10A2A0001BAA83CA83C3284F06AB9C4667441C493C
:10A2B0003800F8F7CDFA0EAB9C461A000BCF0BC254
:10A2C0004A462C92424643CD43C2290061C961C22D
:10A2D000634623CB23C22AA8FBF7AAFC1B4A802192
:10A2E0000190534601330093230089004AA80BF0E4
:10A2F00063F884B25CE6C046142A0020C41500004E
:10A30000040B0000B415000030850310E8150000B0
:10A31000EC150000140B0000DC150000D015000047
:10A320003C8503101016000014160000240B0000DA
:10A330000416000054850310F81500007C16000078
:10A34000540B000070160000641600003C950310CA
:10A35000002D03D0499B3A2B00D8B2E00623524689
:10A36000534342AEF618CC493200B920000106AB87
:10A370009C466044FAF7CAFFB9231B0106AA94461B
:10A3800063441F68C54B63441F60C54B6344C54AA3
:10A39000624423CA23C3C44B63449846C34918008C
:10A3A000F3F7F7F81EAD0C224146280009F010FF24
:10A3B0002B972CABBA4A06A98C46624483CA83C346
:10A3C00007CD07C32AA8FBF7D9F9002800D099E1E7
:10A3D000B1493200BA20000106AB9C466044FAF74E
:10A3E00095FFBA231B0106AA944663441B6899464D
:10A3F000AF4B63444A461A60AE4B6344AE4A624474
:10A4000023CA23C3B9256D016544A8492800F3F781
:10A41000C0F82AAE0C273A002900300009F0D8FE17
:10A420004B46179318ABA34A06A98C46624423CA2D
:10A4300023C3350007CD07C3A8464B461F9320AD65
:10A440003A0018A9280009F0C3FE23AB1BAA83CA4F
:10A4500083C39A4F06AB9C46674499493800F3F78B
:10A46000B9F80EAB9C461A000BCF0BC24A462C9291
:10A47000424643CD43C2290061C961C2634623CB32
:10A4800023C22AA8FBF7D4FB8E4A802101905346B1
:10A4900001330093230089004AA80AF08DFF84B29B
:10A4A00089484AA90BF0ECF9049B002B01D103F079
:10A4B00057FF0123059A21004AA8F5F773F803F026
:10A4C0004FFF06235246534342AEF61872493200FC
:10A4D000B620000106AB9C466044FAF717FFB6238E
:10A4E0001B0106AA944663441F68784B63441F60AF
:10A4F000774B6344774A624423CA23C3764D65444D
:10A500006A492800F3F745F81EAB9C461A000BCDAC
:10A510000BC22B972CAA6E4906AB98464144A1C9A1
:10A52000A1C2634623CB23C22AA8FBF727F9002840
:10A5300055D159493200B72000014044FAF7E6FEF0
:10A54000B7231B0143441B689946B6235B01434470
:10A550004A461A60614B4344614A424423CA23C3BA
:10A56000604E464451493000F3F713F82AAD2800F5
:10A570000ECE0EC006904A46179218AB574A424478
:10A5800043CA43C32A0043CA43C34A461F9220AF6B
:10A590000C22934618A9380009F01AFE23AB1BAA17
:10A5A00043CA43C3504A4244904645491000F3F71A
:10A5B00011F80EAE5A464146300009F009FE4A46EF
:10A5C0002C92069B07CF07C330AB3A0023CA23C3A4
:10A5D00007CE07C349A92AA8FCF773FEBEE62E4999
:10A5E0003200B820000106AB9C466044FAF78EFEAC
:10A5F000B8231B0106AA944663441B6899463B4B4B
:10A6000063444A461A603A4B63443A4A624423CA56
:10A6100023C3394E664439493000F5F7E8F82AADCE
:10A6200028000ECE0EC006904A46179218AB304A4C
:10A6300006A98C46624443CA43C32A0043CA43C3A3
:10A640004A461F9220AF0C22934618A9380009F001
:10A65000BFFD23AB1BAA43CA43C3294A06AB9C4692
:10A660006244904616491000F2F7B4FF0EAE5A4607
:10A670004146300009F0ACFD4A462C92069B07CFBC
:10A6800007C330AB3A0023CA23C307CE07C349A987
:10A690002AA8FCF716FE61E6142A00200417000021
:10A6A00008170000940B0000F81600003085031016
:10A6B0002C17000030170000A40B00001417000036
:10A6C0004085031058950310C88A0310981600009F
:10A6D0009C160000640B00008C160000C4160000DD
:10A6E000740B0000B4160000A8160000E816000065
:10A6F000EC160000840B0000DC16000054850310EB
:10A70000D0160000C2493200BB20000106AB9C46B7
:10A710006044FAF7FBFDBB231B0106AA9446634481
:10A720001B689946BB4B63444A461A60BA4B634464
:10A73000BA4A624423CA23C3B94D6544B9492800C3
:10A74000F5F755F82AAE0C273A002900300009F039
:10A750003FFD4B46179318ABAF4A06A98C4662449F
:10A7600023CA23C3350007CD07C3A8464B461F9312
:10A7700020AD3A0018A9280009F02AFD23AB1BAA36
:10A7800083CA83C3A84F06AB9C466744A7493800D9
:10A79000F2F720FF0EAB9C461A000BCF0BC24A46C5
:10A7A0002C92424643CD43C2290061C961C263462F
:10A7B00023CB23C22AA8FBF73BFA9D4A80210190B4
:10A7C000534601330093230089004AA80AF0F4FDA0
:10A7D00084B265E606235246534342AA9046984403
:10A7E0008B494246BC20000106AB9C466044FAF708
:10A7F0008DFDBC231B0106AA944663441F688D4B44
:10A8000063441F608C4B63448C4A624443CA43C315
:10A810008B4E66448B493000F2F7BBFE1EAB9C4664
:10A820001A000BCE0BC22B972CAA834906AB994674
:10A830004944C1C9C1C2634643CB43C22AA8FAF7FF
:10A840009DFF00287ED0002D03D0499BFF2B00D810
:10A8500081E06F494246BE20000106AB9C46604441
:10A86000FAF754FDBE231B0106AA944663441B68F5
:10A870009946BE235B0163444A461A60724B6344A7
:10A88000724A624423CA23C3714E6644654930004C
:10A89000F4F7ADFF2AAD28000ECE0EC006904A4652
:10A8A000179218AB684A06A98C46624443CA43C350
:10A8B0002A0043CA43C34A461F9220AF0C22934644
:10A8C00018A9380009F084FC23AB1BAA43CA43C370
:10A8D000604A06AB9C46624490465F491000F4F71C
:10A8E00016FB0EAE5A464146300009F071FC4A464E
:10A8F0002C92069B07CF07C330AB3A0023CA23C371
:10A9000007CE07C32AA8FBF793F9544A8021019088
:10A91000534601330093230089004AA80AF04CFDF6
:10A9200084B24F484AA90AF0ABFF049B002B01D127
:10A9300003F016FD0123059A21004AA8F4F732FE20
:10A9400003F00EFD474A8021230089004AA80AF03F
:10A9500033FD1124E5E72E494246BD20000106AB38
:10A960009C466044FAF7D2FCBD231B0106AA94461C
:10A9700063441B689B463C4B63445A461A603B4BFE
:10A9800063443B4A624423CA23C33A4E6644254982
:10A990003000F4F72CFF2AAD28000ECE0EC0069032
:10A9A0005A46179218AB314A06A98C46624443CAEC
:10A9B00043C32A0043CA43C35A461F9220AF0C2206
:10A9C00018A9380009F004FC23AB1BAA43CA43C3EF
:10A9D000BC22520106AB9C46624491461E491000BF
:10A9E000F4F795FA0EAE0C224946300009F0F0FB60
:10A9F0005A462C92069B07CF07C330AB3A0023CAB6
:10AA000023C307CE07C349A92AA8FCF75AFC20E7AD
:10AA1000142A00205417000058170000B40B00003F
:10AA200048170000548503103C17000040850310B0
:10AA3000789503107017000074170000C40B000015
:10AA40006417000030850310C4170000E40B0000F9
:10AA5000B4170000A8170000648503109C9503102C
:10AA6000C88A0310EC940310981700009C1700008C
:10AA7000D40B00008C170000002D04D0499B002B44
:10AA800001D0102B7CD906235246534342AAD21838
:10AA9000DE49C020000106AB9C466044FAF736FC54
:10AAA000C0231B0106AA944663441B689946D84BF1
:10AAB00063444A461A60D74B6344D74A624423CA68
:10AAC00023C3D64E6644D6493000F4F790FE2AAD33
:10AAD00028000ECE0EC006904A46179218ABCD4AFB
:10AAE00006A98C46624443CA43C32A0043CA43C3EF
:10AAF0004A461F9220AF0C22934618A9380009F04D
:10AB000067FB23AB1BAA43CA43C3C64A06AB9C469A
:10AB100062449046C4491000F7F79AFE0EAE5A46BA
:10AB20004146300009F054FB4A462C92069B07CF61
:10AB300007C330AB3A0023CA23C307CE07C32AA8F2
:10AB4000FBF776F8B94A80214AAD019053460133AC
:10AB500000932300890028000AF02EFC84B2B44838
:10AB600029000AF08DFE049B002B01D103F0F8FBB5
:10AB70000123059A21002800F4F714FD03F0F0FBEF
:10AB800006235246534342AAD218A049BF200001CF
:10AB900006AB9C466044FAF7B9FBBF231B0106AA2B
:10ABA000944663441B689946A24B63444A461A6024
:10ABB000A14B6344A14A624423CA23C3A04E664406
:10ABC00097493000F4F713FE2AAD28000ECE0EC0D0
:10ABD00006904A46179218AB974A06A98C466244DB
:10ABE00043CA43C32A0043CA43C34A461F9220AF05
:10ABF0000C22934618A9380009F0EAFA23AB1BAAE5
:10AC000043CA43C38F4A06AB9C466244904686497A
:10AC10001000F7F71DFE0EAE5A464146300009F00F
:10AC2000D7FA4A462C92069B07CF07C330AB3A00AF
:10AC300023CA23C307CE07C349A92AA8FCF741FBAF
:10AC400021E7002D02D0499B3A2B7DD9062352469D
:10AC5000534342AAD2186D49C220000106AB9C465C
:10AC60006044FAF753FBC2231B0106AA94466344CF
:10AC70001B689946C3235B0163444A461A60724BC2
:10AC80006344724A624423CA23C3714E66446449D2
:10AC90003000F4F7ACFD2AAD28000ECE0EC00690B1
:10ACA0004A46179218AB684A06A98C46624443CAC2
:10ACB00043C32A0043CA43C34A461F9220AF0C2213
:10ACC000934618A9380009F083FA23AB1BAA43CA9C
:10ACD00043C3604A06AB9C46624490465E491000FE
:10ACE000F2F778FC0EAE5A464146300009F070FA91
:10ACF0004A462C92069B07CF07C330AB3A0023CAC3
:10AD000023C307CE07C32AA8FAF792FF534A80212C
:10AD10004AAD019053460133009323008900280077
:10AD20000AF04AFB84B2424829000AF0A9FD049BBC
:10AD3000002B01D103F014FB0123059A2100280008
:10AD4000F4F730FC03F00CFB06235246534342AAAF
:10AD5000D2182E49C120000106AB9C466044FAF788
:10AD6000D5FAC1231B0106AA944663441B68994681
:10AD70003B4B63444A461A603A4B63443A4A624446
:10AD800023CA23C3394E664425493000F4F72FFD0A
:10AD90002AAD28000ECE0EC006904A46179218AB78
:10ADA000304A06A98C46624443CA43C32A0043CAB8
:10ADB00043C34A461F9220AF0C22934618A938007D
:10ADC00009F006FA23AB1BAA43CA43C3C1225201AE
:10ADD00006AB9C46624490461F491000F2F7FAFB0E
:10ADE0000EAE5A464146300009F0F2F94A462C921E
:10ADF000069B07CF07C330AB3A0023CA23C307CE55
:10AE000007C349A92AA8FCF75CFA1FE7142A002007
:10AE10001018000014180000040C000004180000B2
:10AE200048850310F81700003C850310C0950310F7
:10AE3000C88A0310E8170000EC170000F40B0000AC
:10AE4000DC170000D017000064180000240C00007C
:10AE5000541800004818000040850310DC950310CA
:10AE6000381800003C180000140C00002C180000DA
:10AE700006235246534342AA90469844D349424639
:10AE8000C320000106AB9C466044FAF73FFAC32397
:10AE90001B0106AA944663441F68CD4B63441F60A0
:10AEA000C4235B016344CB4A624443CA43C3CA4BD5
:10AEB00063449946C9491800F2F76BFB1EAE0C2299
:10AEC0004946300009F084F92B972CABC42252017B
:10AED00006A98C46624483CA83C307CE07C32AA847
:10AEE000FAF74CFC00287ED0002D03D0499BFF2BA5
:10AEF00000D881E0B5494246C520000106AB9C461A
:10AF00006044FAF703FAC5231B0106AA944663447A
:10AF10001B689946B24B63444A461A60B14B63447E
:10AF2000B14A624423CA23C3C6256D016544AF49B3
:10AF30002800F4F75CFC2AAE0C273A002900300008
:10AF400009F046F94B46179318ABA64A06A98C465A
:10AF5000624423CA23C3350007CD07C3A8464B4626
:10AF60001F9320AD3A0018A9280009F031F923AB4E
:10AF70001BAA83CA83C39E4F06AB9C4667449D4968
:10AF80003800F3F7C4FF0EAB9C461A000BCF0BC280
:10AF90004A462C92424643CD43C2290061C961C250
:10AFA000634623CB23C22AA8FAF742FE924A8021A5
:10AFB0000190534601330093230089004AA80AF008
:10AFC000FBF984B28D484AA90AF05AFC049B002B75
:10AFD00001D103F0C5F90123059A21004AA8F4F72D
:10AFE000E1FA03F0BDF9864A8021230089004AA8CE
:10AFF0000AF0E2F91124E5E774494246C420000151
:10B0000006AB9C466044FAF781F9C4231B0106AAEB
:10B01000944663441B689B467A4B63445A461A60C5
:10B02000794B6344794A624423CA23C3784D65440B
:10B030006E492800F4F7DBFB2AAE0C273A00290002
:10B04000300009F0C5F85B46179318AB6E4A06A9A5
:10B050008C46624423CA23C3350007CD07C3A946E3
:10B060005B461F9320AD3A0018A9280009F0B0F8FC
:10B0700023AB1BAA83CA83C3664F06AB9C466744B7
:10B080005C493800F3F743FF0EAB9C461A000BCF28
:10B090000BC25A462C924A4643CD43C2290061C98D
:10B0A00061C2634623CB23C249A92AA8FCF709F948
:10B0B00020E7002D02D0499BFF2B52D90623524690
:10B0C000534342AAD2184149C720000106AB9C460F
:10B0D0006044FAF71BF9C7231B0106AA9446634490
:10B0E0001E684D4B63441E604C4B63444C4A6244A3
:10B0F00023CA23C34B4F67444B493800F3F749FF3A
:10B100001EAD0C223900280009F062F82B962CABFA
:10B11000424A06A98C46624443CA43C307CD07C3CB
:10B120002AA8FAF70CFB414A80214AAD0190534608
:10B13000013300932300890028000AF03DF984B20E
:10B140002E4829000AF09CFB049B002B01D103F040
:10B1500007F90123059A21002800F4F723FA03F0E8
:10B16000FFF806235246534342AAD2181749C62075
:10B17000000106AB9C466044FAF7C8F8C6231B01E1
:10B1800006AA944663441E68294B63441E60294BFB
:10B190006344294A624423CA23C3284D6544224993
:10B1A0002800F3F7F6FE1EAB1A0083CD83C22B9660
:10B1B0002CAA204906A88446614461C961C223CBF8
:10B1C00023C249A92AA8FCF71DF877E7142A002012
:10B1D0007C180000340C000070180000308503104B
:10B1E000CC180000D0180000540C00004885031053
:10B1F000B41800006485031000960310C88A031079
:10B20000EC940310A4180000A8180000440C0000DF
:10B21000981800008C18000004190000081900009C
:10B22000740C0000F8180000908503102496031099
:10B23000E8180000EC180000640C0000DC180000A6
:10B2400006235246534342AA90469844ED4942464B
:10B25000C820000106AB9C466044FAF757F8C823A3
:10B260001B0106AA944663441F68C9235B0163441B
:10B270001F60E54B6344E54A624443CA43C3E44E5E
:10B280006644E4493000F2F784F91EAB9C461A008C
:10B290000BCE0BC22B972CAADB4906AB994649442F
:10B2A000C1C9C1C2634643CB43C22AA8FAF766FAB2
:10B2B000002800D0DCE0002D02D0499BFF2B7BD979
:10B2C000D0494246CA20000106AB9C466044FAF7CA
:10B2D0001DF8CA231B0106AA944663441B689846BE
:10B2E000CD4B634442461A60CC4B6344CC4A624423
:10B2F00023CA23C3CB4E6644CB493000F7F7A8FAE4
:10B300002AAD2B0007CE07C34346179318ABC34A99
:10B3100006A98C46624443CA43C32A0043CA43C3B6
:10B3200043462B932CAF0C239B461A0018A93800D8
:10B3300008F04EFF2FAB1BAA43CA43C3BB4B06AA60
:10B34000944663449946BA491800F7F781FA0EAE5D
:10B350005A464946300008F03BFF4346209321AB54
:10B3600007CF07C33A0083CA83C307CE07C30022AF
:10B370001EA92800F9F7EDFF2800FAF77FFCAD4A77
:10B3800080210190534601330093230089004AA88D
:10B390000AF012F884B2A8484AA90AF071FA049B8C
:10B3A000002B01D102F0DCFF0123059A21004AA8FD
:10B3B000F4F7F8F802F0D4FF92494246C9200001A0
:10B3C0004844F9F7A3FFC9231B01CC464B441B6833
:10B3D00099469A4B63444A461A60994B6344994A8A
:10B3E000624423CA23C3984E66448F493000F7F75E
:10B3F0002FFA2AAD2B0007CE07C34B46179318AB85
:10B400008F4A06A98C46624443CA43C32A0043CAF2
:10B4100043C34B462B932CAF0C2218A9380008F0DD
:10B42000D7FE2FAB1BAA43CA43C3884B06AA944638
:10B4300063449B467E491800F7F70AFA0EAE0C22C9
:10B440005946300008F0C4FE4B46209321AB07CF8D
:10B4500007C33A0083CA83C307CE07C300221EA9CD
:10B460002800F9F776FF49A92800FBF74CFF27E7EA
:10B47000774A8021230089004AA809F09DFF112402
:10B4800089E706235246534342AA904698445D49B1
:10B490004246CB20000106AB9C466044F9F736FFDC
:10B4A000CB231B0106AA944663441F68694B63447F
:10B4B0001F60694B6344694A624443CA43C3CC2357
:10B4C0005B016344994653491800F2F762F81EAED7
:10B4D0000C224946300008F07BFE2B972CAB5E4ACD
:10B4E00006A98C46624483CA83C307CE07C32AA831
:10B4F000FAF744F9002800D01DE1002D03D0499B44
:10B50000FF2B00D8B6E03F494246CD20000106ABF4
:10B510009C466044F9F7FAFECD231B0106AA944627
:10B5200063441B6898464E4B634442461A60CF23DF
:10B530005B0163444B4A624423CA23C34A4E6644B8
:10B5400039493000F7F784F92AAD0C273A00310069
:10B55000280008F03DFE4346179318ABCF22520156
:10B5600006A98C46624443CA43C32A0043CA43C364
:10B5700043462B932CAE3A0018A9300008F028FE61
:10B580002FAB1BAA83CA83C3384F06AB9C466744C4
:10B5900027493800F7F75CF90EAB9C461A000BCF31
:10B5A0000BC24246209221AA83CE83C23100C1C978
:10B5B000C1C2634643CB43C201221EA92800F9F74A
:10B5C000C8FE2800FAF75AFB294A80210190534609
:10B5D00001330093230089004AA809F0EDFE84B2EC
:10B5E00015484AA90AF04CF9049B002B01D102F03E
:10B5F000B7FE0123059A21004AA8F3F7D3FF02F012
:10B60000AFFEC046142A002024190000840C00005C
:10B61000141900003085031070190000741900001F
:10B62000A40C0000641900003885031058190000AC
:10B63000508503104C960310C88A03104819000067
:10B640004C190000940C00003C1900003019000057
:10B65000EC9403108C19000090190000B40C000049
:10B66000DC190000D40C0000D0190000C41900003F
:10B6700064960310C5494246CC20000106AB9C46A7
:10B680006044F9F743FECC231B0106AA94466344A9
:10B690001B689946BE4B63444A461A60BD4B6344DF
:10B6A000BD4A624423CA23C3BC4E6644BC49300031
:10B6B000F7F7CEF82AAD0C273A003100280008F041
:10B6C00087FD4B46179318ABB24A06A98C466244D5
:10B6D00043CA43C32A0043CA43C34B462B932CAEF1
:10B6E0003A0018A9300008F073FD2FAB1BAA83CADB
:10B6F00083C3AC4F06AB9C466744AB493800F7F7B1
:10B70000A7F80EAB9C461A000BCF0BC24A462092FC
:10B7100021AA83CE83C23100C1C9C1C2634643CBD3
:10B7200043C201221EA92800F9F713FE49A92800E7
:10B73000FBF7E9FDE7E69D4A8021230089004AA83E
:10B7400009F03AFE11244BE706235246534342AA1E
:10B75000904698448D494246CE20000106AB9C4657
:10B760006044F9F7D3FDCE231B0106AA9446634437
:10B770001F688F4B63441F608E4B63448E4A624444
:10B7800043CA43C38D4E66448D493000F1F701FF33
:10B790001EAB9C461A000BCE0BC22B972CAA8549D8
:10B7A00006AB99464944C1C9C1C2634643CB43C2B3
:10B7B0002AA8F9F7E3FF002800D0DDE0002D02D031
:10B7C000499BFF2B7BD971494246D020000106AB33
:10B7D0009C466044F9F79AFDD0231B0106AA9446C3
:10B7E00063441B689846774B634442461A60764B25
:10B7F0006344764A624423CA23C3754E664468494B
:10B800003000F7F725F82AAD2B0007CE07C34346D3
:10B81000179318AB6C4A06A98C46624443CA43C3CB
:10B820002A0043CA43C343462B932CAF0C239B46A9
:10B830001A0018A9380008F0CBFC2FAB1BAA43CA8A
:10B8400043C3644B06AA944663449946564918007C
:10B85000F6F7FEFF0EAE5A464946300008F0B8FC37
:10B860004346209321AB07CF07C33A0083CA83C363
:10B8700007CE07C302221EA92800F9F76AFD280097
:10B88000FAF7FCF9544A80210190534601330093A2
:10B89000230089004AA809F08FFD84B24F484AA9C5
:10B8A00009F0EEFF049B002B01D102F059FD0123AA
:10B8B000059A21004AA8F3F775FE02F051FD3349BD
:10B8C0004246CF2000014844F9F720FDCF231B0159
:10B8D000CC464B441B689946D1235B0163444A46DE
:10B8E0001A603F4B63443F4A624423CA23C33E4E1F
:10B8F00066442B493000F6F7ABFF2AAD2B0007CE8C
:10B9000007C34B46179318AB354A06A98C466244C9
:10B9100043CA43C32A0043CA43C34B462B932CAFAD
:10B920000C2218A9380008F053FC2FAB1BAA43CAFD
:10B9300043C32E4B06AA944663449B461A491800FB
:10B94000F6F786FF0EAE0C225946300008F040FC98
:10B950004B46209321AB07CF07C33A0083CA83C36A
:10B9600007CE07C302221EA92800F9F7F2FC49A955
:10B970002800FBF7C8FC26E70C4A80212300890039
:10B980004AA809F019FD112488E7C046142A0020AE
:10B99000B4190000B8190000C40C0000A819000078
:10B9A000388503109C19000050850310EC94031097
:10B9B000F8190000FC190000E40C0000EC1900006C
:10B9C00030850310481A00004C1A0000040D0000D6
:10B9D0003C1A0000301A00007C960310C88A03103D
:10B9E000241A0000F40C0000141A0000081A0000C9
:10B9F00006235246534342AA90469844EE49424693
:10BA0000D120000106AB9C466044F9F77FFCD123AE
:10BA10001B0106AA944663441F68E84B63441F60F9
:10BA2000E74B6344E74A624443CA43C3E64B63447B
:10BA30009946E6491800F1F7ACFD1EAE0C224946C6
:10BA4000300008F0C5FB2B972CABDD4A06A98C46CD
:10BA5000624483CA83C307CE07C32AA8F9F78EFEC0
:10BA6000002800D0E2E0002D02D0499BFF2B7BD9BB
:10BA7000D1494246D320000106AB9C466044F9F709
:10BA800045FCD3231B0106AA944663441B689846D1
:10BA9000CF4B634442461A60CE4B6344CE4A624465
:10BAA00023CA23C3CD4E6644CD493000F3F79FFE31
:10BAB0002AAD0C273A003100280008F089FB4346E4
:10BAC000179318ABC34A06A98C46624443CA43C3C2
:10BAD0002A0043CA43C343462B932CAE3A0018A90D
:10BAE000300008F075FB2FAB1BAA83CA83C3BD4F80
:10BAF00006AB9C466744BC493800F6F7A9FE0EAB7E
:10BB00009C461A000BCF0BC24246209221AA83CE3C
:10BB100083C23100C1C9C1C2634643CB43C20022C4
:10BB20001EA92800F9F715FC2800FAF7A7F8AF4A74
:10BB300080210190534601330093230089004AA8D5
:10BB400009F03AFC84B2AA484AA909F099FE049B7C
:10BB5000002B01D102F004FC0123059A21004AA820
:10BB6000F3F720FD02F0FCFB93494246D22000018E
:10BB700006AB9C466044F9F7C9FBD2231B0106AA19
:10BB8000944663441B6899469A4B63444A461A603C
:10BB9000994B6344994A624423CA23C3D42676014D
:10BBA00066448F493000F3F722FE2AAD0C273A0095
:10BBB0003100280008F00CFB4B46179318AB8E4A57
:10BBC00006A98C46624443CA43C32A0043CA43C3FE
:10BBD0004B462B932CAE3A0018A9300008F0F8FA27
:10BBE0002FAB1BAA83CA83C3854F06AB9C46674411
:10BBF0007D493800F6F72CFE0EAB9C461A000BCFA1
:10BC00000BC24A46209221AA83CE83C23100C1C909
:10BC1000C1C2634643CB43C200221EA92800F9F7E4
:10BC200098FB49A92800FBF76EFB21E7754A8021A4
:10BC3000230089004AA809F0BFFB112483E70623EB
:10BC40005246534342AA904698445B494246D42008
:10BC5000000106AB9C466044F9F758FBD4231B0156
:10BC600006AA944663441F68674B63441F60674B92
:10BC70006344674A624443CA43C3664E66445349B9
:10BC80003000F1F786FC1EAB9C461A000BCE0BC2AF
:10BC90002B972CAA5D4906AB99464944C1C9C1C23C
:10BCA000634643CB43C22AA8F9F768FD002800D0B9
:10BCB00019E1002D03D0499BFF2B00D8B6E03E4987
:10BCC0004246D620000106AB9C466044F9F71EFBB5
:10BCD000D6231B0106AA944663441B689846D923C1
:10BCE0005B01634442461A604B4B63444B4A6244D7
:10BCF00023CA23C34A4E664439493000F3F777FD1F
:10BD00002AAD2B0007CE07C34346179318AB424A10
:10BD100006A98C46624443CA43C32A0043CA43C3AC
:10BD200043462B932CAF0C239B461A0018A93800CE
:10BD300008F04EFA2FAB1BAA43CA43C3394B06AADD
:10BD400094466344994628491800F6F781FD0EAEE3
:10BD50005A464946300008F03BFA4346209321AB4F
:10BD600007CF07C33A0083CA83C307CE07C30122A4
:10BD70001EA92800F9F7EDFA2800F9F77FFF2A4AF3
:10BD800080210190534601330093230089004AA883
:10BD900009F012FB84B216484AA909F071FD049B10
:10BDA000002B01D102F0DCFA0123059A21004AA8F8
:10BDB000F3F7F8FB02F0D4FA142A0020641A00000A
:10BDC000681A0000140D0000581A00003085031096
:10BDD000B41A0000B81A0000340D0000A81A0000C0
:10BDE000548503109C1A000050850310949603108C
:10BDF000C88A03108C1A0000901A0000240D00005D
:10BE0000741A0000EC940310D01A0000D41A000039
:10BE1000440D0000C41A0000241B0000640D000043
:10BE2000141B0000081B0000B0960310C7494246CF
:10BE3000D52000014844F9F769FAD5231B01CC4607
:10BE40004B441B689946C24B63444A461A60C14B37
:10BE50006344C14A624423CA23C3C04E6644C049F6
:10BE60003000F3F7C4FC2AAD2B0007CE07C34B46C6
:10BE7000179318ABB74A06A98C46624443CA43C31A
:10BE80002A0043CA43C34B462B932CAF0C2218A95C
:10BE9000380008F09DF92FAB1BAA43CA43C3D72330
:10BEA0005B0106AA944663449B46AE491800F6F728
:10BEB000CFFC0EAE0C225946300008F089F94B46F3
:10BEC000209321AB07CF07C33A0083CA83C307CEB1
:10BED00007C301221EA92800F9F73BFA49A9280047
:10BEE000FBF711FAEBE6A04A8021230089004AA85B
:10BEF00009F062FA11244EE706235246534342AA40
:10BF00009046984491494246D720000106AB9C4692
:10BF10006044F9F7FBF9D7231B0106AA9446634452
:10BF20001F68924B63441F60DA235B016344904AAD
:10BF3000624443CA43C38F4B634499468E491800F9
:10BF4000F1F727FB1EAE0C224946300008F040F9FD
:10BF50002B972CABDA22520106A98C46624483CA85
:10BF600083C307CE07C32AA8F9F708FC002800D02E
:10BF7000E2E0002D02D0499BFF2B7CD97349424659
:10BF8000D920000106AB9C466044F9F7BFF9D923DC
:10BF90001B0106AA944663441B689846774B63448A
:10BFA00042461A60764B6344764A624423CA23C3EE
:10BFB000DC26760166446A493000F3F718FC2AADA6
:10BFC0000C273A003100280008F002F94346179385
:10BFD00018AB6B4A06A98C46624443CA43C32A0085
:10BFE00043CA43C343462B932CAE3A0018A93000F2
:10BFF00008F0EEF82FAB1BAA83CA83C3624F06ABCF
:10C000009C46674457493800F6F722FC0EAB9C4625
:10C010001A000BCF0BC24246209221AA83CE83C2C4
:10C020003100C1C9C1C2634643CB43C202221EA92B
:10C030002800F9F78EF92800F9F720FE534A8021ED
:10C040000190534601330093230089004AA809F068
:10C05000B3F984B24E484AA909F012FC049B002BA4
:10C0600001D102F07DF90123059A21004AA8F3F7D6
:10C0700099FA02F075F935494246D820000106AB1D
:10C080009C466044F9F742F9D8231B0106AA94465E
:10C0900063441B6899463F4B63444A461A603E4BD3
:10C0A00063443E4A624423CA23C33D4E66442C493E
:10C0B0003000F3F79CFB2AAD0C273A003100280032
:10C0C00008F086F84B46179318AB334A06A98C46FE
:10C0D000624443CA43C32A0043CA43C34B462B931B
:10C0E0002CAE3A0018A9300008F072F82FAB1BAA4A
:10C0F00083CA83C32B4F06AB9C466744194938005B
:10C10000F6F7A6FB0EAB9C461A000BCF0BC24A46B5
:10C11000209221AA83CE83C23100C1C9C1C2634625
:10C1200043CB43C202221EA92800F9F712F949A9FC
:10C130002800FBF7E8F821E70B4A8021230089005B
:10C140004AA809F039F9112484E7C046142A0020CE
:10C15000F81A0000FC1A0000540D0000EC1A000050
:10C160005485031050850310EC9403103C1B000011
:10C17000740D0000301B0000308503108C1B000084
:10C18000901B0000940D0000741B0000CC9603105F
:10C19000C88A0310641B0000681B0000840D0000A7
:10C1A000581B00004C1B000006235246534342AA72
:10C1B00090469844EB494246DA20000106AB9C4683
:10C1C0006044F9F7A3F8DA231B0106AA94466344F6
:10C1D0001F68E54B63441F60E44B6344E44A6244D8
:10C1E00043CA43C3E34E6644E3493000F1F7D1F953
:10C1F0001EAB9C461A000BCE0BC22B972CAADB4918
:10C2000006AB99464944C1C9C1C2634643CB43C248
:10C210002AA8F9F7B3FA002800D0DDE0002D02D0FB
:10C22000499BFF2B7CD9CF494246DC20000106AB5D
:10C230009C466044F9F76AF8DC231B0106AA944681
:10C2400063441B689846CD4B634442461A60CC4B0E
:10C250006344CC4A624423CA23C3CB4E6644CB49D1
:10C260003000F3F7C4FA2AAD2B0007CE07C34346CC
:10C27000179318ABC24A06A98C46624443CA43C30B
:10C280002A0043CA43C343462B932CAF0C239B463F
:10C290001A0018A9380007F09BFF2FAB1BAA43CA4E
:10C2A00043C3DF235B0106AA944663449946B84919
:10C2B0001800F6F7CDFA0EAE5A464946300007F0A0
:10C2C00087FF4346209321AB07CF07C33A0083CAB9
:10C2D00083C307CE07C300221EA92800F9F739F847
:10C2E0002800F9F7CBFCAB4A80210190534601337B
:10C2F0000093230089004AA809F05EF884B2A6489A
:10C300004AA909F0BDFA049B002B01D102F028F8DC
:10C310000123059A21004AA8F3F744F902F020F816
:10C3200090494246DB2000014844F8F7EFFFDB2349
:10C330001B01CC464B441B689946984B63444A46C4
:10C340001A60974B6344974A624423CA23C3964EAC
:10C3500066448E493000F3F74AFA2AAD2B0007CE27
:10C3600007C34B46179318AB8D4A06A98C46624407
:10C3700043CA43C32A0043CA43C34B462B932CAF43
:10C380000C2218A9380007F023FF2FAB1BAA43CAC1
:10C3900043C3864B06AA944663449B467C491800D7
:10C3A000F6F756FA0EAE0C225946300007F010FF91
:10C3B0004B46209321AB07CF07C33A0083CA83C300
:10C3C00007CE07C300221EA92800F8F7C2FF49A91B
:10C3D0002800FAF798FF26E7754A80212300890094
:10C3E0004AA808F0E9FF112489E70623524653437F
:10C3F00042AA904698445B494246DD20000106ABC4
:10C400009C466044F8F782FFDD231B0106AA944690
:10C4100063441F68674B63441F60674B6344674A0C
:10C42000624443CA43C3664B634499465249180069
:10C43000F1F7AFF81EAE0C224946300007F0C8FEF7
:10C440002B972CAB5C4A06A98C46624483CA83C3F3
:10C4500007CE07C32AA8F9F791F9002800D020E1F8
:10C46000002D03D0499BFF2B00D8B7E03D49424641
:10C47000DF20000106AB9C466044F8F747FFDF234E
:10C480001B0106AA944663441B6898464D4B6344BF
:10C4900042461A604C4B63444C4A624423CA23C34D
:10C4A0004B4E664439493000F3F7A1F92AAD0C2709
:10C4B0003A003100280007F08BFE4346179318AB73
:10C4C000414A06A98C46624443CA43C32A0043CA70
:10C4D00043C343462B932CAE3A0018A9300007F013
:10C4E00077FE2FAB1BAA83CA83C33A4F06AB9C4689
:10C4F000674427493800F6F7ABF90EAB9C461A00A3
:10C500000BCF0BC24246209221AA83CE83C23100B8
:10C51000C1C9C1C2634643CB43C201221EA9280040
:10C52000F8F717FF2800F9F7A9FB2B4A80210190A3
:10C53000534601330093230089004AA808F03CFFCA
:10C5400084B215484AA909F09BF9049B002B01D13C
:10C5500001F006FF0123059A21004AA8F3F722F80B
:10C5600001F0FEFE142A0020A81B0000AC1B0000F6
:10C57000A40D00009C1B000030850310F81B000078
:10C58000FC1B0000C40D0000EC1B000048850310DC
:10C5900050850310E8960310C88A0310D01B0000D2
:10C5A000D41B0000B40D0000C41B0000B81B000029
:10C5B000EC940310141C0000181C0000D40D0000A3
:10C5C000081C0000641C0000681C0000F40D000042
:10C5D000581C00004C1C000004970310C64942463A
:10C5E000DE20000106AB9C466044F8F78FFEDE2398
:10C5F0001B0106AA944663441B689946BF4B6344DB
:10C600004A461A60E2235B016344BD4A624423CA7E
:10C6100023C3BC4E6644BC493000F3F7E8F82AADAA
:10C620000C273A003100280007F0D2FD4B46179343
:10C6300018ABE222520106A98C46624443CA43C3A6
:10C640002A0043CA43C34B462B932CAE3A0018A989
:10C65000300007F0BDFD2FAB1BAA83CA83C3AB4FCD
:10C6600006AB9C466744AA493800F6F7F1F80EABD2
:10C670009C461A000BCF0BC24A46209221AA83CEB9
:10C6800083C23100C1C9C1C2634643CB43C2012248
:10C690001EA92800F8F75DFE49A92800FAF733FE25
:10C6A000E4E69C4A8021230089004AA808F084FE21
:10C6B000112446E706235246534342AA9046984423
:10C6C0008D494246E020000106AB9C466044F8F7E5
:10C6D0001DFEE0231B0106AA944663441F68E42361
:10C6E0005B0163441F608C4B63448C4A624443CAC1
:10C6F00043C38B4E66448B493000F0F74AFF1EABB4
:10C700009C461A000BCE0BC22B972CAA824906AB73
:10C7100099464944C1C9C1C2634643CB43C22AA812
:10C72000F9F72CF8002800D0DCE0002D02D0499B5E
:10C73000FF2B7BD970494246E220000106AB9C46A4
:10C740006044F8F7E3FDE2231B0106AA9446634424
:10C750001B689846744B634442461A60734B6344AB
:10C76000734A624423CA23C3724E6644664930004A
:10C77000F3F73DF82AAD2B0007CE07C343461793C6
:10C7800018AB6A4A06A98C46624443CA43C32A00CE
:10C7900043CA43C343462B932CAF0C239B461A003A
:10C7A00018A9380007F014FD2FAB1BAA43CA43C3D6
:10C7B000614B06AA94466344994655491800F6F71A
:10C7C00047F80EAE5A464946300007F001FD434691
:10C7D000209321AB07CF07C33A0083CA83C307CE98
:10C7E00007C302221EA92800F8F7B3FD2800F9F7B5
:10C7F00045FA524A802101905346013300932300A9
:10C8000089004AA808F0D8FD84B24D484AA909F029
:10C8100037F8049B002B01D101F0A2FD0123059AFA
:10C8200021004AA8F2F7BEFE01F09AFD32494246C5
:10C83000E12000014844F8F769FDE1231B01CC46E3
:10C840004B441B6899463F4B63444A461A603E4B33
:10C8500063443E4A624423CA23C33D4E66442A4988
:10C860003000F2F7C4FF2AAD2B0007CE07C34B46BA
:10C87000179318AB344A06A98C46624443CA43C393
:10C880002A0043CA43C34B462B932CAF0C2218A952
:10C89000380007F09DFC2FAB1BAA43CA43C32D4BA6
:10C8A00006AA944663449B4619491800F5F7D0FF41
:10C8B0000EAE0C225946300007F08AFC4B462093FE
:10C8C00021AB07CF07C33A0083CA83C307CE07C390
:10C8D00002221EA92800F8F73CFD49A92800FAF712
:10C8E00012FD27E70B4A8021230089004AA808F09F
:10C8F00063FD112489E7C046142A00203C1C000077
:10C90000E40D0000301C000048850310241C0000CA
:10C9100050850310EC940310841C0000040E0000EA
:10C92000741C000030850310D01C0000D41C0000D3
:10C93000240E0000C41C0000B81C00002097031047
:10C94000C88A0310A81C0000AC1C0000140E0000D4
:10C950009C1C0000901C000006235246534342AA30
:10C9600090469844EF494246E320000106AB9C46BE
:10C970006044F8F7CBFCE3231B0106AA944663440A
:10C980001F68E94B63441F60E84B6344E84A624414
:10C9900043CA43C3E7235B0163449946E549180052
:10C9A000F0F7F7FD1EAE0C224946300007F010FCF0
:10C9B0002B972CABDD4A06A98C46624483CA83C3FD
:10C9C00007CE07C32AA8F8F7D9FE002800D0E3E075
:10C9D000002D02D0499BFF2B7DD9D2494246E5204C
:10C9E000000106AB9C466044F8F790FCE5231B0170
:10C9F00006AA944663441B689846CF4B634442465C
:10CA00001A60EA235B016344CC4A624423CA23C30D
:10CA1000CB4E6644CB493000F2F7E9FE2AAD0C2735
:10CA20003A003100280007F0D3FB4346179318ABB8
:10CA3000EA22520106A98C46624443CA43C32A0033
:10CA400043CA43C343462B932CAE3A0018A9300087
:10CA500007F0BEFB2FAB1BAA83CA83C3BA4F06AB3A
:10CA60009C466744B9493800F5F7F2FE0EAB9C4688
:10CA70001A000BCF0BC24246209221AA83CE83C25A
:10CA80003100C1C9C1C2634643CB43C200221EA9C3
:10CA90002800F8F75EFC2800F9F7F0F8AC4A80218E
:10CAA0000190534601330093230089004AA808F0FF
:10CAB00083FC84B2A7484AA908F0E2FE049B002B3D
:10CAC00001D101F04DFC0123059A21004AA8F2F79B
:10CAD00069FD01F045FC93494246E420000106ABA4
:10CAE0009C466044F8F712FCE4231B0106AA944616
:10CAF00063441B689946984B63444A461A60974BB7
:10CB00006344974A624423CA23C3964E66448D49C0
:10CB10003000F2F76CFE2AAD0C273A0031002800F5
:10CB200007F056FB4B46179318AB8C4A06A98C4668
:10CB3000624443CA43C32A0043CA43C34B462B93B0
:10CB40002CAE3A0018A9300007F042FB2FAB1BAA0D
:10CB500083CA83C3844F06AB9C4667447B49380035
:10CB6000F5F776FE0EAB9C461A000BCF0BC24A4679
:10CB7000209221AA83CE83C23100C1C9C1C26346BB
:10CB800043CB43C200221EA92800F8F7E2FB49A9C3
:10CB90002800FAF7B8FB20E7744A802123008900B7
:10CBA0004AA808F009FC112484E70623524653439F
:10CBB00042AA904698445B494246E620000106ABF3
:10CBC0009C466044F8F7A2FBE6231B0106AA9446A4
:10CBD00063441F68664B63441F60664B6344664A48
:10CBE000624443CA43C3654E664452493000F0F77D
:10CBF000D0FC1EAB9C461A000BCE0BC22B972CAA66
:10CC00005C4906AB99464944C1C9C1C2634643CB9E
:10CC100043C22AA8F8F7B2FD002800D019E1002D80
:10CC200003D0499BFF2B00D8B6E03E494246E8209E
:10CC3000000106AB9C466044F8F768FBE8231B0143
:10CC400006AA944663441B6898464D4B634442468B
:10CC50001A604C4B63444C4A624423CA23C34B4E74
:10CC6000664438493000F2F7C2FD2AAD2B0007CEEA
:10CC700007C34346179318AB424A06A98C46624441
:10CC800043CA43C32A0043CA43C343462B932CAF32
:10CC90000C239B461A0018A9380007F099FA2FAB0D
:10CCA0001BAA43CA43C33A4B06AA94466344994617
:10CCB00026491800F5F7CCFD0EAE5A46494630001D
:10CCC00007F086FA4346209321AB07CF07C33A000B
:10CCD00083CA83C307CE07C301221EA92800F8F721
:10CCE00038FB2800F8F7CAFF2A4A802101905346F2
:10CCF00001330093230089004AA808F05DFB84B249
:10CD000014484AA908F0BCFD049B002B01D101F096
:10CD100027FB0123059A21004AA8F2F743FC01F002
:10CD20001FFBC046142A0020EC1C0000F01C000071
:10CD3000340E0000308503103C1D0000540E00002E
:10CD4000301D00005C850310241D00005085031079
:10CD50003C970310C88A0310141D0000181D000022
:10CD6000440E0000081D0000FC1C0000EC940310A1
:10CD7000581D00005C1D0000640E00004C1D0000EA
:10CD8000A81D0000AC1D0000840E00009C1D0000CA
:10CD9000901D000058970310C6494246E720000145
:10CDA0004844F8F7B3FAE7231B01CC464B441B6811
:10CDB0009946EC235B0163444A461A60BE4B6344C8
:10CDC000BE4A624423CA23C3BD4E6644BD493000F7
:10CDD000F2F70DFD2AAD2B0007CE07C34B46179384
:10CDE00018ABB54A06A98C46624443CA43C32A001D
:10CDF00043CA43C34B462B932CAF0C2218A93800CF
:10CE000007F0E6F92FAB1BAA43CA43C3AE4B06AAF1
:10CE1000944663449B46AD491800F5F719FD0EAEE4
:10CE20000C225946300007F0D3F94B46209321AB32
:10CE300007CF07C33A0083CA83C307CE07C30122C3
:10CE40001EA92800F8F785FA49A92800FAF75BFA25
:10CE5000EBE69F4A8021230089004AA808F0ACFA3B
:10CE600011244DE706235246534342AA9046984464
:10CE700090494246E920000106AB9C466044F8F721
:10CE800045FAE9231B0106AA944663441F68914BA7
:10CE900063441F60904B6344904A624443CA43C357
:10CEA0008F4B634499468F491800F0F772FB1EAE12
:10CEB0000C224946300007F08BF92B972CAB864AA1
:10CEC00006A98C46624483CA83C307CE07C32AA837
:10CED000F8F754FC002800D0E2E0002D02D0499B76
:10CEE000FF2B7BD973494246EB20000106AB9C46E1
:10CEF0006044F8F70BFAEB231B0106AA944663443F
:10CF00001B689846784B634442461A60774B6344EB
:10CF1000774A624423CA23C3764E66446949300087
:10CF2000F2F765FC2AAD0C273A003100280007F023
:10CF30004FF94346179318AB6C4A06A98C466244D6
:10CF400043CA43C32A0043CA43C343462B932CAE70
:10CF50003A0018A9300007F03BF92FAB1BAA83CA8F
:10CF600083C3654F06AB9C46674458493800F5F7C4
:10CF70006FFC0EAB9C461A000BCF0BC242462092B0
:10CF800021AA83CE83C23100C1C9C1C2634643CB4B
:10CF900043C202221EA92800F8F7DBF92800F8F79F
:10CFA0006DFE564A802101905346013300932300C1
:10CFB00089004AA808F000FA84B251484AA908F04A
:10CFC0005FFC049B002B01D101F0CAF90123059AF3
:10CFD00021004AA8F2F7E6FA01F0C2F935494246C3
:10CFE000EA20000106AB9C466044F8F78FF9EA237B
:10CFF0001B0106AA944663441B689946414B63444F
:10D000004A461A60404B6344404A624423CA23C3E1
:10D01000EF26760166442B493000F2F7E8FB2AAD93
:10D020000C273A003100280007F0D2F84B4617933E
:10D0300018AB354A06A98C46624443CA43C32A004A
:10D0400043CA43C34B462B932CAE3A0018A9300079
:10D0500007F0BEF82FAB1BAA83CA83C32C4F06ABC5
:10D060009C46674419493800F5F7F2FB0EAB9C4625
:10D070001A000BCF0BC24A46209221AA83CE83C24C
:10D080003100C1C9C1C2634643CB43C202221EA9BB
:10D090002800F8F75EF949A92800FAF734F921E7E2
:10D0A0000B4A8021230089004AA808F085F9112441
:10D0B00083E7C046142A0020841D0000740E00007F
:10D0C000741D00005C850310681D0000508503106E
:10D0D000EC940310C41D0000C81D0000940E000055
:10D0E000B81D000030850310141E0000181E00003B
:10D0F000B40E0000081E0000FC1D00007497031011
:10D10000C88A0310EC1D0000F01D0000A40E0000F2
:10D11000D41D000006235246534342AA9046984429
:10D12000CA494246EC20000106AB9C466044F8F731
:10D13000EDF8EC231B0106AA944663441F68C44B18
:10D1400063441F60C34B6344C34A624443CA43C33E
:10D15000C24E6644C2493000F0F71BFA1EAB9C4633
:10D160001A000BCE0BC22B972CAABA4906AB9946D4
:10D170004944C1C9C1C2634643CB43C22AA8F8F798
:10D18000C2FAB849052216F099FB002800D0D9E070
:10D19000002D04D0499B002B01D0042B7DD9AB4935
:10D1A0004246EE20000106AB9C466044F8F7AEF81C
:10D1B000EE231B0106AA944663441B689946F42398
:10D1C0005B0163444A461A60A74B6344A74A624422
:10D1D00023CA23C3A64E6644A2493000F2F707FBD8
:10D1E0002AAD28000ECE0EC006904A46179218AB04
:10D1F0009D4A06A98C46624443CA43C32A0043CAD7
:10D2000043C34A461F9220AF0C22934618A9380008
:10D2100006F0DEFF23AB1BAA43CA43C3954A06AB05
:10D220009C466244904694491000F1F791FE0EAE80
:10D230005A464146300006F0CBFF4A462C92069BE8
:10D2400007CF07C330AB3A0023CA23C307CE07C3B7
:10D250002AA8F8F7EDFC894A802101905346013352
:10D260000093230089004AA808F0A6F84AA9844B35
:10D270000A0031CB31C211CB11C2824808F000FB49
:10D28000049B002B01D101F06BF80123059A1321B7
:10D290004AA8F2F787F901F063F86C494246ED209D
:10D2A00000014844F8F732F8ED231B014B441B689A
:10D2B0009B46754B4B445A461A60744B4B44744A18
:10D2C0004A4423CA23C3734E4E4466493000F2F7E2
:10D2D0008EFA2AAD28000ECE0EC006905A4617923E
:10D2E00018AB6A4A4A4443CA43C32A0043CA43C3E9
:10D2F0005A461F9220AF0C2218A9380006F068FF8A
:10D3000023AB1BAA43CA43C3F22252014A449146AB
:10D3100059491000F1F71CFE0EAE0C2249463000B0
:10D3200006F056FF5A462C92069B07CF07C330AB38
:10D330003A0023CA23C307CE07C349A92AA8F9F78D
:10D34000C0FF2CE7544A8021230089004AA808F036
:10D3500033F88BE723000B3B492B01D900F0DFFFAB
:10D360009B004E4AD3589F46002D00D1E6E04C4921
:10D370000722CAA816F0A2FA002800D1A6E049495F
:10D380000722CAA816F09AFA002800D15FE14649A0
:10D390000722CAA816F092FA002800D18DE143496D
:10D3A0000822CAA816F08AFA002800D1BCE1404938
:10D3B0000822CAA816F082FA002800D1EAE13D4905
:10D3C0000622CAA816F07AFA002800D11AE23A49D1
:10D3D0000822CAA816F072FA002800D096E20523A7
:10D3E000734338AAD2181949F520000106AB9C46B0
:10D3F0006044F7F78BFFF5231B0106AA94466344AC
:10D400001F682E4B63441F602D4B63442D4A6244BA
:10D4100023CA23C32C4B6344984611491800F0F7E4
:10D42000B8F81EAD0C224146280006F0D1FE2B971D
:10D430002CAB234A06A98C46624483CA83C307CD1A
:10D4400007C31D492AA8F9F7A0FE77E0142A002097
:10D45000301E0000341E0000C40E0000241E000018
:10D460006C7B03101C850310841E0000E40E00007A
:10D47000741E0000681E0000A08503109097031022
:10D48000E4930310C88A0310581E00005C1E0000BD
:10D49000D40E00004C1E0000EC94031068D0031062
:10D4A000E4800310FC800310F48003100C8103104F
:10D4B00018810310248103102C810310441F0000E5
:10D4C000481F0000540F0000381F0000B3009B19D4
:10D4D00038AAD218E649EF20000106AB9C4660440A
:10D4E000F7F714FFEF231B0106AA944663441F6855
:10D4F000E04B63441F60F5235B016344DE4A6244F2
:10D5000023CA23C3DD4B63449846DD491800F0F776
:10D5100040F81EAD0C224146280006F059FE2B971C
:10D520002CABF522520106A98C46624483CA83C300
:10D5300007CD07C3D3492AA8F9F700FEB3009B190A
:10D5400038AFFF18CA493A00F720000106AB9C46E5
:10D550006044F7F7DBFEF7231B0106AA94466344F9
:10D560001E68C94B63441E60FC235B016344C74AC9
:10D57000624423CA23C3C64B63449946C04918007A
:10D58000F0F707F81EAD0C224946280006F020FEF1
:10D590002B962CABFC22520106A98C46624443CA4E
:10D5A00043C307CD07C32AA8F8F7E8F8002800D03E
:10D5B000E3E1AF493A00F920000106AB9C46604424
:10D5C000F7F7A4FEF9231B0106AA944663441F68DB
:10D5D000B04B63441F60B04B6344B04A624423CAFB
:10D5E00023C3AF4E6644A6493000EFF7D2FF1EAD0D
:10D5F0000C223100280006F0EBFD2B972CABA64A3D
:10D6000006A98C46624483CA83C307CD07C32AA8F0
:10D61000F8F779F8A34A80214AAD0190069B009360
:10D6200023008900280007F0C7FE84B29E48290025
:10D6300008F026F9049B002B01D100F091FE012394
:10D64000059A21002800F1F7ADFF00F089FE0523BF
:10D65000734338AAD2188649F020000106AB9C46D5
:10D660006044F7F753FEF0231B0106AA9446634477
:10D670001F688E4B63441F608D4B63448D4A624428
:10D6800023CA23C38C4D65447D492800EFF781FFF1
:10D690001EAB9C461A000BCD0BC22B972CAA8449BB
:10D6A00006AB98464144A1C9A1C2634623CB23C21D
:10D6B00082492AA8F9F742FD40E70523734338AAB7
:10D6C000D2186B49F120000106AB9C466044F7F785
:10D6D0001DFEF1231B0106AA944663441F68784B84
:10D6E00063441F60774B6344774A624423CA23C371
:10D6F000764B6344984662491800EFF74AFF1EAD27
:10D700000C224146280006F063FD2B972CAB6D4A96
:10D7100006A98C46624483CA83C307CD07C36C49FC
:10D720002AA8F9F70BFD09E70523734338AAD21895
:10D730004F49F220000106AB9C466044F7F7E6FD36
:10D74000F2231B0106AA944663441F68614B63449D
:10D750001F60614B6344614A624423CA23C3604D26
:10D76000654447492800EFF714FF1EAB9C461A009A
:10D770000BCD0BC22B972CAA574906AB98464144B8
:10D78000A1C9A1C2634623CB23C256492AA8F9F7EF
:10D79000FCFCD3E60523734338AAD2183449F3209E
:10D7A000000106AB9C466044F7F7B0FDF3231B0174
:10D7B00006AA944663441F684B4B63441F604B4B5F
:10D7C00063444B4A624423CA23C3F8235B01634486
:10D7D00098462B491800EFF7DCFE1EAD0C2241469F
:10D7E000280006F0F5FC2B972CAB404A06A98C4686
:10D7F000624483CA83C307CD07C33E492AA8F9F709
:10D80000C4FC9BE60523734338AAD2181849F420B8
:10D81000000106AB9C466044F7F778FDF4231B013A
:10D8200006AA944663441F68334B63441F60334B1E
:10D830006344334A624423CA23C3324D65441049CA
:10D840002800EFF7A6FE1EAB9C461A000BCD0BC2BC
:10D850002B972CAA294906AB98464144A1C9A1C2DD
:10D86000634623CB23C228492AA8F9F7B5FC65E60D
:10D87000142A00209C1E0000F40E0000901E0000E0
:10D880006C7B0310E48003107C1F0000740F000009
:10D89000701F0000B41F0000B81F0000940F0000AC
:10D8A000A81F0000BC970310C88A0310B81E000010
:10D8B000BC1E0000040F0000AC1E0000FC80031022
:10D8C000D41E0000D81E0000140F0000C81E000067
:10D8D000F4800310F01E0000F41E0000240F00006E
:10D8E000E41E00000C8103100C1F0000101F00003C
:10D8F000340F000018810310281F00002C1F0000A7
:10D90000440F00001C1F00002481031005237343F3
:10D9100038AAD218D749F620000106AB9C466044CD
:10D92000F7F7F4FCF6231B0106AA944663441F682C
:10D93000FB235B0163441F60CF4B6344CF4A6244C7
:10D9400023CA23C3CE4D6544CE492800EFF721FEFC
:10D950001EAB9C461A000BCD0BC22B972CAAC649B6
:10D9600006AB98464144A1C9A1C2634623CB23C25A
:10D97000C5492AA8F9F730FCE0E5BE493A00F8208D
:10D98000000106AB9C466044F7F7C0FCF8231B017E
:10D9900006AA944663441E68BC4B63441E60BC4B9D
:10D9A0006344BC4A624423CA23C3BB4D6544B549A2
:10D9B0002800EFF7EEFD1EAB9C461A000BCD0BC204
:10D9C0002B962CAAB24906AB9846414461C961C264
:10D9D000634623CB23C2AC492AA8F9F7FDFBE8E54F
:10D9E000B3009B1938AFFF18A2493A00FA20000192
:10D9F00006AB9C466044F7F789FCFA231B0106AA94
:10DA0000944663441B689946A44B63444A461A6093
:10DA1000A34B6344A34A624443CA43C3A24B634437
:10DA2000984698491800EFF7B4FD1EAB9C461A00C3
:10DA3000414649C949C24B462B932CAA984906AB8B
:10DA40009846414449C949C2634643CB43C22AA8C8
:10DA5000F7F759FE9549072215F030FF002800D04E
:10DA60008EE0002D04D0499B002B01D0042B4AD915
:10DA700080493A00FD20000106AB9C466044F7F760
:10DA800045FCFD231B0106AA944663441F68884B8E
:10DA900063441F60874B6344874A624423CA23C39D
:10DAA000864D654486492800F1F7A1FE1EAB1A0099
:10DAB00043CD43C22B972CAA7E4906A884466144D5
:10DAC000A1C9A1C223CB23C22AA8F7F738FE7D4AF9
:10DAD00080210190069B0093230089004AA807F04B
:10DAE0006BFC84B278484AA907F0CAFE049B002B5D
:10DAF00001D100F035FC0123059A21004AA8F1F775
:10DB000051FD00F02DFC5B4D3A002900FB20000187
:10DB10004044F7F7FBFB6D49FB2000014044F7F759
:10DB2000CBFD3A002900FC2000014044F7F7EEFB52
:10DB3000FC231B0143441E68654B43441E60654B38
:10DB40004344654A424423CA23C3FF235B01434441
:10DB500099465B491800F1F74AFE1EAD0C22494672
:10DB6000280006F035FB2B962CAB5A4A424443CA98
:10DB700043C307CD07C349A92AA8F9F743FB77E7B1
:10DB80003C493A00FE20000106AB9C466044F7F792
:10DB9000BDFBFE231B0106AA944663441B689946FD
:10DBA0004E4B63444A461A604D4B63444D4A6244AF
:10DBB00043CA43C34C4B63449A4632491800EFF7BB
:10DBC000E8FC2AAB98460C225146180006F000FBF0
:10DBD0004B460F9310AB424A06A98C46624443CA97
:10DBE00043C3464607CE07C30EA8F7F78CFD3F494F
:10DBF000072215F063FE002800D087E0002D00D03A
:10DC000040E11C493A003A4806AB9C466044F7F7AD
:10DC10007DFB374B06AA944663441F68354B63442B
:10DC20001F60354B6344354A624423CA23C3344DD5
:10DC3000654434492800F1F7DAFD1EAB1A0043CDE4
:10DC400043C22B972CAA2C4906A884466144A1C93B
:10DC5000A1C223CB23C22AA8F7F771FD2A4A80214B
:10DC60000190069B0093230089004AA807F0A4FBBB
:10DC700084B237E7142A0020641F0000640F0000FC
:10DC8000541F00006C7B0310B4970310981F000012
:10DC90009C1F0000840F00008C1F0000D01F00009C
:10DCA000D41F0000A40F0000C41F0000E480031074
:10DCB000082000000C200000D40F0000FC1F000012
:10DCC000E47E0310D0970310C88A03100481031068
:10DCD000EC1F0000F01F0000C40F00002420000013
:10DCE00028200000E40F000018200000FC80031032
:10DCF00050100000B0200000B420000054100000BC
:10DD0000A42000000098031008980310D5493A0099
:10DD1000FF20000106AB9C466044F7F7F7FAFF23AB
:10DD20001B0106AA944663441B68994681239B0104
:10DD300063444A461A60CC4B6344CC4A624443CAAB
:10DD400043C3CB4B63449846CA491800EFF721FC04
:10DD50002AAB9C461A00414649C949C24B46179313
:10DD600018AAC14906AB9846414449C949C263460D
:10DD700043CB43C216A8F7F7C6FCBF49082215F0EB
:10DD80009DFD002800D139E7B6493A0080204001C6
:10DD90004044F7F7BBFA80235B0143441B68994674
:10DDA000B64B43444A461A60B54B4344B54A4244D5
:10DDB00043CA43C3B44B43449A46AE491800EFF7F5
:10DDC000E8FB2AAB98460C225146180006F000FAF0
:10DDD0004B461F9320ABAA4A06A98C46624443CA0D
:10DDE00043C3464607CE07C31EA8F7F78CFCA749D6
:10DDF000072215F063FD002800D1FFE699493A009B
:10DE0000A34806AB9C466044F7F780FAA04B06AAED
:10DE1000944663441B6899469E4B63444A461A6085
:10DE20009D4B63449D4A624443CA43C39C4B634435
:10DE3000984690491800EFF7ACFB0BAB9C461A00D4
:10DE4000414649C949C24B462B932CAA924906AB7D
:10DE50009846414449C949C2634643CB43C22AA8B4
:10DE6000F7F751FC8F49062215F028FD002800D154
:10DE7000C4E68D4A8021230089004AA807F09CFA55
:10DE800010242FE6499B002B00D1BAE6042B00D9C1
:10DE9000B7E6744D3A0029008120400106AB9C464C
:10DEA0006044F7F733FA81498120400106AB9C4674
:10DEB0006044F7F701FC3A0029007D4806AB9C4618
:10DEC0006044F7F723FA7B49794806AB9C466044E7
:10DED000F7F7F2FB3A0029008220400106AB9C468E
:10DEE0006044F7F713FA82235B0106AA9446634461
:10DEF0001E68714B63441E60704B6344704A6244F9
:10DF000023CA23C36F4B634499466F491800EFF748
:10DF100040FB1EAD0C224946280006F059F92B960D
:10DF20002CAB664A06A98C46624443CA43C307CD5C
:10DF300007C349A92AA8F9F765F962E6B3009B1956
:10DF400038AFFF1847493A008320400106AB9C4692
:10DF50006044F7F7DBF983235B0106AA9446634428
:10DF60001B689946594B63444A461A60584B6344B0
:10DF7000584A624443CA43C383239B0163449A467D
:10DF80003C491800EFF705FB1EAB98460C225146A2
:10DF9000180006F01DF94B462B932CAB4C4A06A9F2
:10DFA0008C46624443CA43C3464607CE07C32AA8E9
:10DFB000F7F7A9FB4849072215F080FC002800D09C
:10DFC000DCE0002D05D0499B002B02D0042B00D8AB
:10DFD00092E024493A00414806AB9C466044F7F77A
:10DFE00095F93E4B06AA944663441F683C4B634434
:10DFF0001F603C4B63443C4A624423CA23C33B4EEC
:10E0000066442C493000F1F7F2FB1EAD0C223100C2
:10E01000280006F0DDF82B972CAB324A06A98C4677
:10E02000624483CA83C307CD07C32AA8F7F787FBD7
:10E030002F4A80210190069B0093230089004AA863
:10E0400007F0BAF984B22B484AA907F019FC049BDF
:10E05000002B00D184E10123059A21004AA8F1F7A1
:10E06000A1FA7DE1142A002044200000F40F0000F2
:10E07000342000006C7B03100C8103105C20000036
:10E0800060200000041000005020000018810310E0
:10E0900010100000782000007C2000001410000008
:10E0A0006C20000024810310EC970310E47E031021
:10E0B00030100000EC800310942000009820000035
:10E0C000441000008820000004810310CC200000D0
:10E0D000D020000064100000E480031090100000C5
:10E0E000042100000821000094100000F820000026
:10E0F00020980310C88A0310A14D3A002900A148B6
:10E1000006AB9C466044F7F701F99F499D4806AB72
:10E110009C466044F7F7D0FA3A0029008420400179
:10E1200006AB9C466044F7F7F1F884235B0106AA2E
:10E13000944663441E68954B63441E60944B63444D
:10E14000944A624423CA23C3934D654493492800EB
:10E15000F1F74DFBC44642460BCD0BC22B962CAAC1
:10E160008B4906AB9846414461C961C2634623CBE3
:10E1700023C249A92AA8F9F745F82AE7884A802145
:10E18000230089004AA807F017F910245BE7B300C1
:10E190009B1938AA90469844794942468520400107
:10E1A00006AB9C466044F7F7B1F885235B0106AAED
:10E1B000944663441B6899467A4B63444A461A6006
:10E1C000794B6344794A624483CA83C3784F674476
:10E1D00078493800EFF7DDF91EAB1A0043CF43C290
:10E1E0004A462B922CAA704906A884466144C1C9AC
:10E1F000C1C283CB83C22AA8F7F785FA6E490722EA
:10E2000015F05CFB002800D080E0002D02D0499B77
:10E21000082B47D95A4942468620400106AB9C4606
:10E220006044F7F773F886235B0106AA94466344BB
:10E230001F68624B63441F60614B6344614A6244E0
:10E2400023CA23C3604D654460492800EFF7C2F933
:10E250001EAB1A0043CD43C22B972CAA584906A8DF
:10E2600084466144A1C9A1C223CB23C22AA8F7F7DF
:10E2700066FA574A80210190069B0093230089008B
:10E280004AA807F099F884B252484AA907F0F8FA68
:10E29000049B002B64D00123059A21004AA8F1F7C2
:10E2A00081F95DE0364942464B4806AB9C466044E6
:10E2B000F7F72CF8484B06AA944663441F68474B6F
:10E2C00063441F6085239B016344454A624423CA1B
:10E2D00023C3444B634499463C491800EFF77AF94D
:10E2E0001EAD0C224946280005F072FF2B972CAB7F
:10E2F0008522920106A98C46624483CA83C307CD56
:10E3000007C349A92AA8F8F77DFF83E7244A80219B
:10E31000230089004AA807F04FF81024B4E74AA95F
:10E32000314B0A0031CB31C211CB11C2294807F061
:10E33000A7FA049B002B13D00123059A13214AA8A6
:10E34000F1F730F90CE04AA9274B0A0031CB31C272
:10E3500011CB11C21F4807F093FA049B002B07D181
:10E36000224B9D44F0BCBB46B246A946A046F0BD38
:10E370000123059A13214AA8F1F714F9F0E7C046E2
:10E38000142A00207010000004810310E82000000F
:10E39000EC20000084100000DC200000EC80031062
:10E3A000EC9703102021000024210000A41000009D
:10E3B000142100006C7B0310E4800310582100003E
:10E3C0005C210000C41000004C210000F480031008
:10E3D0003C980310C88A0310B01000003C210000D4
:10E3E000B410000030210000E493031084210000E9
:10E3F000F0B5D6464F464646C0B5CB4CA544802224
:10E40000D200002142A805F0DDFE0023994698467F
:10E410000026002700251DE200200CF04DFA040024
:10E420000E2100200CF058FAC04B1A78C04B110195
:10E43000891849005B18DB78303BDBB2092B12D816
:10E44000BB4BC8180230BB4B9A5C0121F9F748F965
:10E45000210000200CF040FAB44A13780133072160
:10E460000B401370FDE1100180184000B04BC01844
:10E470000230B04B9A5C0121F7F7B6FEE8E7002DB9
:10E4800000D019E10023994698460026012701256E
:10E490001AE0002D00D012E100239946013398467E
:10E4A0000026002701250FE0002D0DD101239946FC
:10E4B0000023984600260027013505E000239946F1
:10E4C0009846012600270125082C43D07F2C41D0F7
:10E4D000002E54D1002F01D0052D56D04346002BDD
:10E4E00007D0012D05D90D2C00D10DE10A2C00D14A
:10E4F0000AE1002E07D0012D05D90D2C00D149E1EC
:10E500000A2C00D146E14B46002B00D1BCE0012D86
:10E5100000D8B9E00D2C02D00A2C00D0B4E042AAF9
:10E52000117802AB197052785A70032D00D959E155
:10E53000022102AC2000F1F799F88022D2000021DC
:10E5400042A805F03FFEFF220021200005F03AFE20
:10E55000002599E0002DBBD06B1E42AA0021D154AA
:10E560009BB2013BD154023DADB2082007F04AF9FD
:10E57000202007F047F9082007F044F9AAE76B1EAE
:10E5800042AAD05C07F03EF9A4E701AB00221A7062
:10E5900042AB5B78402B0BD9602B04D9573BDCB2E4
:10E5A0002401E4B208E0373BDCB22401E4B203E02A
:10E5B000303BDCB22401E4B201AB1C7042AB9B786F
:10E5C000402B07D9602B02D9573BDBB204E0373B25
:10E5D000DBB201E0303BDBB2E418E4B201AB1C700B
:10E5E00000225A7042ABDB78402B0BD9602B04D948
:10E5F000573BDDB22D01EDB208E0373BDDB22D0116
:10E60000EDB203E0303BDDB22D01EDB201AB5D7048
:10E6100042AB1B79402B07D9602B02D9573BDBB2A9
:10E6200004E0373BDBB201E0303BDBB2ED18EDB28A
:10E6300001AB5D7003F054FF3F4A002304F02EFC51
:10E640001000190004F022FF00223C4B04F035FEBC
:10E6500002000B003A4807F013F93A482A0021005B
:10E6600007F00EF9384B19788C4201D0FF2C47D1B6
:10E670000198F2F7EFFDFF2C3ED08022D20000215E
:10E6800042A805F09FFD0025642007F091F8C4B270
:10E690002300083BDBB2772B00D9D8E08023DB00D6
:10E6A0009D4200D3D3E042AB5C55002D01D0013533
:10E6B000ADB23A2C00D1E2E67E2C00D1E9E623008F
:10E6C000413BDBB2192B04D92300613BDBB2192B90
:10E6D00002D8002D00D1F1E62A2C00D1E4E6002D6D
:10E6E00000D0F1E60D2C02D00A2C00D0ECE600217F
:10E6F0000020F6F743FAE7E60198F0F7EFFEBCE7F3
:10E700000198F0F7EBFEB8E742AB5B78402B1DD9E0
:10E71000602B04D9573BDAB21201D2B21AE0373B70
:10E72000DAB21201D2B215E0F8FAFFFFDE9A022047
:10E73000FC2800200C2A002040420F0000408F409F
:10E740001860031058980310DF9A0220303BDAB2A9
:10E750001201D2B242AB9B78402B07D9602B02D971
:10E76000573BDBB204E0373BDBB201E0303BDBB2CE
:10E77000D218D2B2033DA9B200230C20FF30684466
:10E78000F0F710FF8022D200002142A805F01AFD08
:10E79000002579E700200CF08FF804000E210020FE
:10E7A0000CF09AF80A2007F02DF842AB5B78303B6A
:10E7B000DBB2092B10D80022002142A8F8F790FF05
:10E7C000210000200CF088F88022D200002142A80D
:10E7D00005F0F8FC002557E70022002142A8F7F7D2
:10E7E00003FDEDE742AB9A7802AB9A700322032156
:10E7F00011E0303BDBB21B0102AC635418E0481C53
:10E80000824602A8445CA4466344303B43545346CA
:10E81000D9B20232D2B21000AA4200DB89E642AB82
:10E820009B5C402BE5D9373BDBB21B0102AC635448
:10E83000013042AB1B5C402BE1D9481C844602AC42
:10E84000605C1B18373B63546346D9B2E1E7642030
:10E850000CF0CEFA054B1A78054B1B789A4200D083
:10E86000DAE5002006F0A4FFC4B211E7DD9A022029
:10E87000DE9A022070B584B006000D00141E18D078
:10E88000110002A8EEF7C2FB029B002B1DD06846C8
:10E890000093019400222900F8F7C5FE051E0ED052
:10E8A00023000299039A3000EEF7D6F9280004B04D
:10E8B00070BD074B074A08483D2106F0FBFD029951
:10E8C000039A2000EEF785FAF0E70025EEE7C04650
:10E8D0006C980310849803102C99031010B5030052
:10E8E00000685A68002802D0FFF7C4FF10BD00205E
:10E8F000FCE710B58AB00400009101920368002B78
:10E900001FD0F6F7ADFC694604A8F6F7A5FB002377
:10E91000079307AB012252429A80049B002B0DD033
:10E92000069A02A902934A602000FFF7D7FF002849
:10E9300005D004A88168EEF7A9F9EEE701200AB036
:10E9400010BD0020FBE710B588B002900391009243
:10E95000019300280ED000980199F6F763FC019A04
:10E9600006AB069007920299039A1800FFF7C1FFC1
:10E9700008B010BD0590002205A96846F6F75EFDB7
:10E98000F6E710B582B00400026843680092019374
:10E9900008684968FFF7D7FF6368002B05D01B792B
:10E9A000002B04D1012002B010BD0020FBE70020A5
:10E9B000F9E730B585B00568426802AB0291039271
:10E9C00008221900684605F003FC00226946280069
:10E9D000FFF7D7FF05B030BD70B586B005000C005D
:10E9E000F4F729FBAB6804A904904B606B4605CC97
:10E9F00005C31C000822180005F0EAFB009A019BE1
:10EA000002986168F8F7F4FDAB68002B05D01B791C
:10EA1000002B04D1012006B070BD0020FBE70020D0
:10EA2000F9E770B598B00500009101920368002BDA
:10EA300032D0002932D0F6F71CFC694602A8F6F75E
:10EA40002BFB0023059305AB012252429A8002E082
:10EA500002A8F6F76EFB029B002B1AD0049B08ACB1
:10EA60000299039A2000F6F737FB13AA130043CC50
:10EA700043C30DAE29003000F6F785FC16A90B0044
:10EA800005CC05C300223000FFF7A6FF0028DFD128
:10EA900000E0012018B070BD0020FBE70020F9E77E
:10EAA00030B58BB00290039100920193002802D000
:10EAB0000379002B08D100230593002205A968469D
:10EAC000F6F7BCFC0BB030BD06AC69462000F6F78B
:10EAD000BBFB08AD02A92800F6F7F7FB0899099AD5
:10EAE0002000FFF79EFFEDE710B584B00400086832
:10EAF0004968009001912268636802920393FFF7CE
:10EB0000CFFF6368002B05D01B79002B04D10120B7
:10EB100004B010BD0020FBE70020F9E730B585B058
:10EB20000568426802AB0291039208221900684608
:10EB300005F04EFB002269462800FFF7D5FF05B01F
:10EB400030BD0000F8B505000027C6B228E030004F
:10EB5000F1F74AFD002805D0274AFF232B40012169
:10EB6000D15427E03000F1F71DFD002805D0224ADE
:10EB7000FF232B400021D1541CE01F4AFF232B40D0
:10EB80000421D15416E01D4B1878002300224721A0
:10EB9000F0F7D4FB184B1F5DFA2080000CF028F929
:10EBA0003000F1F743FD0028D1D0134AFF232B405A
:10EBB0000221D154FF242C400F4B1B5DBB42EBD0F4
:10EBC000F2F72AFB0C4B1B5D012B04D0022B0AD061
:10EBD000002BDFD1D7E7094B187800230022522100
:10EBE000F0F7ACFBD6E7054B187800230022412153
:10EBF000F0F7A4FBCEE7C046E02F0020F19A0220F8
:10EC00000B4B1B5C022B0AD005D8002B09D0012B23
:10EC100009D1412004E0032B07D14C2000E0522011
:10EC200070474720FCE74F20FAE74F20F8E7C0463F
:10EC3000E02F002070B5002600240BE0012513E032
:10EC4000164B1B78002B03D0012D01D90136B6B22B
:10EC50000134E4B2F1F70CFDA0421CD92000F1F719
:10EC6000A1FC0028EAD100252000F1F7BDFC002816
:10EC700001D00135EDB22000F1F7D8FC002801D019
:10EC80000135EDB2064B1B78002BD9D0002DD7D122
:10EC90000136B6B2D4E7300070BDC046F09A02200B
:10ECA000EF9A022010B592B003AC384A38492000E0
:10ECB000F3F79AFD0223079307A92000F4F744F91C
:10ECC000002814D0334B01221A70334B1A700DAC4C
:10ECD000324A2F492000EEF789FC6323119311A9D2
:10ECE0002000F0F71FFF2E4B187000231FE008AC28
:10ECF000264A27492000F3F777FD01230C930CA93E
:10ED00002000F4F721F9002806D0224B01221A70C6
:10ED1000214B00221A70DAE71E4B00221A701E4B9C
:10ED20001A70D4E71F4A0421D1540133DBB2032BFC
:10ED3000F8D9002423E0C8221B491C480023019372
:10ED40000C331B1B0093230052000BF016FD03F045
:10ED5000C7FB174A002304F0A1F81000190004F0C3
:10ED600095FB0022134B04F0A8FA02000B00124896
:10ED700006F086FD01341148210006F081FDF1F70F
:10ED800077FCA042D7D812B010BDC046048503104E
:10ED9000142A0020EF9A0220F09A0220549A0310BD
:10EDA000F19A0220E02F00205C9A031045EB01103D
:10EDB00040420F0000408F4018600310689A031013
:10EDC000F0B5D6464F464646C0B584B081460F00E2
:10EDD000924698460CAB1E780D9C002503F080FBF4
:10EDE0000019694100290EDB029003910096434609
:10EDF00052463900484609F0F3FE04B0E0BCBA467A
:10EE0000B146A846F0BD012040420149ECE7C046AA
:10EE1000FFFFFF7FF0B5D6464F464646C0B584B0EB
:10EE200081460F00924698460CAB1E780D9C00253B
:10EE300003F056FB0019694100290EDB0290039193
:10EE40000096434652463900484609F0E8FE04B0B1
:10EE5000E0BCBA46B146A846F0BD01204042014997
:10EE6000ECE7C046FFFFFF7F41600270704730B59E
:10EE700085B005000F236B4419700024042C13DCAB
:10EE800029786868FA235B0001930023009301331B
:10EE90000F226A44FFF794FF01280DD005200021BE
:10EEA00003F026FB0134E9E700240520002103F0EC
:10EEB0001FFB200005B030BD0124F6E770B582B01D
:10EEC00004000026042E13DC621C21786068FA23FB
:10EED0005B000193002300930133FFF79BFF0500C4
:10EEE000012805D00520002103F002FB0136E9E7E7
:10EEF000012D0DD0002311E06178114101230B4059
:10EF000059424B41A1184B720132072AF4DD07E048
:10EF10000022FAE7E218002151720133072BF9DDD4
:10EF20000520002103F0E4FA02B070BD70B50400C2
:10EF30000D00002A02D16419607A70BDFFF7BEFF90
:10EF4000F9E70000F0B5D6464F464646C0B584B056
:10EF500081460F00924698460CAB1E780D9C00250A
:10EF600003F0BEFA0019694100290EDB02900391FB
:10EF70000096434652463900484609F031FE04B037
:10EF8000E0BCBA46B146A846F0BD01204042014966
:10EF9000ECE7C046FFFFFF7FF0B5D6464F4646463A
:10EFA000C0B584B081460F00924698460CAB1E78DF
:10EFB0000D9C002503F094FA0019694100290EDB2D
:10EFC000029003910096434652463900484609F0A4
:10EFD00026FE04B0E0BCBA46B146A846F0BD01200A
:10EFE00040420149ECE7C046FFFFFF7F016002712C
:10EFF0008360002304E0C218002111740133DBB2E6
:10F000000F2BF8D970470000F0B585B005000C0053
:10F01000161C0F2927D88768111C381C04F0D8FE4D
:10F02000002800D1371C183403AE3470381C04F0AB
:10F030006BFF00220D4B04F040F900220C4B04F052
:10F040005AF904F00BFA707029792868FA239B00AA
:10F0500001930023009302333200FFF773FF0A206D
:10F06000002103F045FA05B0F0BDC04600B04C40A9
:10F0700000E06F40F0B5CE46474680B585B005004C
:10F080000C0016000F293ED889088B1C984647189B
:10F090003B7B9C4603222240520003239340DB43E8
:10F0A0005BB2604603403B73F72E31D9012797408E
:10F0B0006A183B43137303AF43463B7069180B7BDD
:10F0C0007B7029792868FA235B0099460193002315
:10F0D0009846009302333A00FFF734FF0A200021DC
:10F0E00003F006FA08343C707E70297928684B4694
:10F0F00001934346009302333A00FFF723FF0A20AF
:10F10000002103F0F5F905B0C0BCB946B046F0BD2A
:10F11000082ED0D9022797406A183B431373CAE7D9
:10F120004018007C704700B585B003AA0123137016
:10F1300088335370017900686C33FF3301930023E7
:10F1400000930233FFF7FEFE013002D0012005B02C
:10F1500000BD0020FBE700B585B003AA01231370B2
:10F160000F33537001790068E533FF3301930023B7
:10F1700000930233FFF7E6FE0A20002103F0B8F9FE
:10F1800005B000BDF0B5CE46474680B585B0040059
:10F19000FFF7E1FF0120002103F0AAF903AD0123ED
:10F1A0002B7021792068FA267600019600932A00B8
:10F1B000FFF7C8FE217920680196002300930133F0
:10F1C0002A00FFF7E9FE0A20002103F091F92B78CD
:10F1D0000022AA56002A08DB00265B0607D430006E
:10F1E00005B0C0BCB946B046F0BD0126F5E7002722
:10F1F0000025032F24DC3B00463303AA90461370FE
:10F2000021792068FA235B0099460193F43BFF3B88
:10F210000093FFF797FE217920684B460193002366
:10F22000009301334246FFF7B7FE43461B78FA00CE
:10F2300093401D430A20002103F05AF90137D8E713
:10F24000002304E0E21802211174012601330F2B80
:10F25000C5DC5A002900D1400A0003210A40012AD6
:10F26000F0D0022A15D0D917032007000F40FF184D
:10F27000BF10FF223A40A218177B890F5A1802408C
:10F28000521A520017413842E0D0E218002111749E
:10F29000DCE7E218012111740126D7E710B504005C
:10F2A000FFF770FF002800D110BD00230F2B05DCF5
:10F2B000E218127C012AF7D00133F7E70020F3E7C8
:10F2C00010B50400FFF75EFF002800D110BD002339
:10F2D0000F2B05DCE218127C022AF7D00133F7E786
:10F2E0000020F3E7F0B585B00500002406E0002219
:10F2F00021002800FFF7BEFE0134E4B20F2CF6D93E
:10F3000003AC0026267029792868FA277F00019728
:10F31000012300932200FFF715FE29792868019741
:10F32000009601230D226A44FFF736FE05200021D6
:10F3300003F0DEF86378102213436370297928689C
:10F340000197009602232200FFF7FCFD0520002113
:10F3500003F0CEF805B0F0BDF0B585B0040003AD04
:10F3600000262E7001790068FA277F00019701239B
:10F3700000932A00FFF7E6FD2179206801970096A7
:10F3800001230D226A44FFF707FE0520002103F048
:10F39000AFF86B78102293436B7021792068019746
:10F3A000009602232A00FFF7CDFDFA20400000213D
:10F3B00003F09EF805B0F0BDF0B5D6464F46464680
:10F3C000C0B584B080468A4617001E000CAB1B787F
:10F3D000994603F085F804000D00FA2292000023FC
:10F3E0005046002104F07EFC02000B0012196B4114
:10F3F000002B0CDB4946029101960097404602F033
:10F400007FFE04B0E0BCBA46B146A846F0BD01227A
:10F410005242014BEEE7C046FFFFFF7FF0B583B0DD
:10F4200004000D0016001F0002F002FE00973300DA
:10F430002A002100FFF7C0FF03B0F0BD10B502ACF9
:10F440002478416002724372C47200238372FF22E7
:10F4500003494254034942540370437010BDC046EF
:10F460001504000016040000C1727047014BC05C17
:10F4700040B27047120400000173704710B50400D9
:10F480008323DB00C058002803D0012149420AF041
:10F4900091FD0120002103F02BF8227A01239340F3
:10F4A000D022120693610120002103F021F810BD43
:10F4B00010B504000120002103F01AF8227A01237C
:10F4C0009340D022120693610120002103F010F82E
:10F4D00010BD10B504000120002103F009F8227AC4
:10F4E00001239340D022120653610120002102F033
:10F4F000FFFF8323DB00E058002804D00023002214
:10F5000000210AF0B1FA10BD70B586B0060005AC56
:10F51000812323707A3B6370FFF7B0FF706802228B
:10F52000210015F0BDFF3000FFF7D3FFC02323708B
:10F53000403B63703000FFF7A1FF7068022221009A
:10F5400015F0AEFF3000FFF7C4FF0623B3722F4B58
:10F550000022F25402F0C4FF009001910024002523
:10F560000AE0012002F0FAFF02F0BAFF009B019CC2
:10F57000C01AA14104000D00B37A062B0ED1FA2265
:10F58000920000232000290003F070FC204BF25A67
:10F5900000238B42E5DC01D18242E2D8B37A062B0C
:10F5A0001ED002F09DFF0290039100200021B37A4B
:10F5B000022B20D0FA229200002303F057FC144BB8
:10F5C000F25A93009B1800228A4210DD012002F0BB
:10F5D000C5FF02F085FF029B039CC01AA141E6E72C
:10F5E0000C4822002B0006F04BF901200CE08A4267
:10F5F00001D18342EAD8B37A022B02D0034B002216
:10F60000F254024BF05CC0B206B070BD14040000AE
:10F610001C0400008C9A031030B583B0040001ADC7
:10F62000A0232B700B0A6B70A970FFF727FF60688F
:10F630000322290015F034FF2000FFF74AFF03B032
:10F6400030BD0000F0B5C64600B582B004000D1C08
:10F650003149281C04F0CAFB002855D02F49281C2A
:10F6600004F0BCFB002801D100204EE0281C04F06F
:10F670004BFC00222A4B03F03EFE0022294B03F0F4
:10F680001CFE03F0EBFE070CFFB2030ADBB2984648
:10F69000C6B201AD86232B706F704346AB70EE701F
:10F6A0002000FFF7EBFE60680422290015F0F8FE49
:10F6B0002000FFF70EFF0A2002F050FF6D460623E0
:10F6C0002B702000FFF7DAFE60680122694615F012
:10F6D000E7FE606803236A460132002115F098FEB8
:10F6E0002000FFF7F6FE6978B94205D1AB784345B3
:10F6F00002D1EB78B3420CD06B469A78DB780A489B
:10F7000006F0BEF8002000E0002002B080BCB84641
:10F71000F0BD0120F9E7C046008061440000684464
:10F7200080842E4180844E40AC9A031070B582B024
:10F7300005000C00142903D8012902D8022402E094
:10F740001424112C25D801AECD233370C93B73701E
:10F750002800FFF793FE68680222310015F0A0FE32
:10F760002800FFF7B6FE01AE89233370023CE4B2F5
:10F770000A3BFF3B234373702800FFF77FFE686856
:10F780000222310015F08CFE2800FFF7A2FE02B025
:10F7900070BD01AECD233370C63B73702800FFF7F8
:10F7A0006DFE68680222310015F07AFE2800FFF72E
:10F7B00090FE033CE4B2D6E770B582B0040006299F
:10F7C00004D007292CD02DD8022600E0042601AD54
:10F7D0001D232B702000FFF751FE606801222900D5
:10F7E00015F05EFE606801236A460532332115F08C
:10F7F0000FFE2000FFF76DFE9D232B706B780E220D
:10F80000934333436B702000FFF738FE6068022299
:10F81000290015F045FE2000FFF75BFE02B070BD29
:10F820000626D4E70826D2E730B583B0040001AD40
:10F8300081232B70803B6B70FFF720FE60680222F3
:10F84000290015F02DFE2000FFF743FE0223A372CE
:10F8500003B030BD30B583B0040001AD81232B70FF
:10F860007C3B6B70FFF70AFE60680222290015F0EE
:10F8700017FE2000FFF72DFEC0232B7000236B70B6
:10F880002000FFF7FBFD60680222290015F008FE4A
:10F890002000FFF71EFE0423A37203B030BD00005A
:10F8A00010B50400837A042B02D0837A032B09D18C
:10F8B0008223DB00E05C084BE35CC01A431E9841E6
:10F8C000C0B210BDFFF7B0FF0A2002F047FE2000D3
:10F8D000FFF7C0FFECE7C04611040000F0B583B0AD
:10F8E00004000F0015000193FFF7DAFF002850D045
:10F8F000002F46D0002D44D02A782C4BE35CE3182F
:10F900002B498C4663441B78043B9A4239DB274BD6
:10F91000E35CE31863441B78033B9A4206DB234B0A
:10F92000E35CE31863441B78043B2B701F4EA35D1C
:10F930001902C91A103161182A780431380004F00C
:10F9400047FCA25D13029B1AE3185B7C019A1370BB
:10F95000A25D13029B1AE3181B7C089A1370A35D27
:10F960001802C01A10302018FF22002104F02AFCCF
:10F97000A35DDBB2022B0ED8A35D0133DBB20B4AD1
:10F98000A3542000FFF78CFF002802D12378002B1E
:10F9900003D003B0F0BD0023F1E706490133220094
:10F9A0003C30FFF73BFD01232370F2E71104000018
:10F9B0000C040000FD00021030B583B0040001AD5E
:10F9C00081232B707B3B6B70FFF758FD6068022230
:10F9D000290015F065FD2000FFF77BFDC0232B708B
:10F9E00000236B702000FFF749FD606802222900A8
:10F9F00015F056FD2000FFF76CFD0523A37203B040
:10FA000030BD70B582B0040001AD81232B70032698
:10FA10006E70FFF733FD60680222290015F040FD8B
:10FA20002000FFF756FDC0232B70803B6B70200039
:10FA3000FFF724FD60680222290015F031FD200047
:10FA4000FFF747FDA67202B070BD000030B583B06D
:10FA5000040001AD81232B70013B6B70FFF70EFD9D
:10FA600060680222290015F01BFD2000FFF731FD20
:10FA70000A2002F073FD01232B702000FFF7FEFC2B
:10FA800060680122290015F00BFD606801236A46B9
:10FA90000532DD2115F0BCFC2000FFF71AFD697866
:10FAA000802903D10123A37203B030BD014805F0C2
:10FAB000E7FEF7E7E89A031030B583B0040001AD24
:10FAC0000A4B1B782B70FFF7D9FC606801222900D4
:10FAD00015F0E6FC606801232A00112115F098FC5E
:10FAE0002000FFF7F6FC287803B030BDB4B1031056
:10FAF00070B582B004000D0001AE1E233370FFF715
:10FB0000BDFC60680122310015F0CAFC6068012369
:10FB10006A460532002115F07BFC2000FFF7D9FC76
:10FB2000002D13D0737804210B43737001AD9E2315
:10FB30002B702000FFF7A2FC60680222290015F05C
:10FB4000AFFC2000FFF7C5FC02B070BD01AA5378DE
:10FB500004218B435370E9E770B582B004001500AF
:10FB60007F230B4001AE337066237370FFF786FC72
:10FB700060680122310015F093FC606801236A4639
:10FB80000132662115F044FC2000FFF7A2FC6B4611
:10FB90005B782B7002B070BD10B582B001AC220052
:10FBA0000121FFF7D9FF2178024805F069FE02B074
:10FBB00010BDC046049B031010B5040001200021B5
:10FBC00002F096FC227A01239340D0221206536160
:10FBD0000120002102F08CFC10BD0000F0B5CE46E3
:10FBE000474680B58DB004000BAD1D232B70FFF789
:10FBF00045FC60680122290015F052FC2D236B445E
:10FC00009846606801234246EE2115F001FC200071
:10FC1000FFF75FFC6E78330999461E232B70200096
:10FC2000FFF72CFC60680122290015F039FC6068A0
:10FC300001234246012115F0EBFB2000FFF749FCB0
:10FC4000687803099C4601A9354B0A00C1CBC1C2A3
:10FC5000C1CBC1C2C1CBC1C21B6813604B469E0061
:10FC600073589946022360465840C0B203F0BAFB6D
:10FC700000222C4B03F03FFB06000F00484604F027
:10FC800043F902000B003000390003F016FB03F0CB
:10FC900035FC061C26232B702000FFF7EFFB606865
:10FCA0000122290015F0FCFB606801234246022175
:10FCB00015F0AEFB2000FFF70CFC6F7808233A002C
:10FCC0009A4390468321C905301C04F097F8002818
:10FCD00014D0A6232B7008233B436B702000FFF742
:10FCE000CDFB60680222290015F0DAFB2000FFF747
:10FCF000F0FB0DB0C0BCB946B046F0BD0BADA623BD
:10FD00002B7043466B702000FFF7B8FB606802223F
:10FD1000290015F0C5FB2000FFF7DBFBE9E7C04633
:10FD20000CD2031000408F4070B582B004002D4B00
:10FD3000994219DD2C4B994243DD2C4B994242DD0F
:10FD40002B4B994241DD2B4B994240DD2A4B994286
:10FD50003FDD2A4B99423EDD294B99423DDD294B3F
:10FD600099423CDC802600E0002601AD1D232B706B
:10FD70002000FFF783FB60680122290015F090FB4B
:10FD8000606801236A460532442115F041FB2000DA
:10FD9000FFF79FFB9D232B706A788E3B1340334304
:10FDA0006B702000FFF76AFB60680222290015F0E3
:10FDB00077FB2000FFF78DFB2000FFF70FFF02B05D
:10FDC00070BD1026D1E72026CFE73026CDE74026AC
:10FDD000CBE75026C9E76026C7E77026C5E790261F
:10FDE000C3E7C046781E0000A0280000F03C0000D9
:10FDF00040510000127A0000E4A2000024F4000048
:10FE000048E8010090D0030070B582B004000D00F6
:10FE100006290CD9072937D0082937D0092937D026
:10FE20000A2937D00B2937D002D9C02500E0602538
:10FE300001AE1E2333702000FFF720FB6068012213
:10FE4000310015F02DFB606801236A46053222213E
:10FE500015F0DEFA2000FFF73CFB9E23337072782A
:10FE60008F3B13401D4375702000FFF707FB606850
:10FE70000222310015F014FB2000FFF72AFB2000BE
:10FE8000FFF7ACFE02B070BD7025D1E78025CFE74B
:10FE90009025CDE7A025CBE7B025C9E770B582B0A6
:10FEA000040000238222D2008354524A8354524ACF
:10FEB0008354524A8354524BFA225200C252043B9A
:10FEC000C1500126067340684E4908F037FF607A3A
:10FED00001F0FCF9207A01F0F9F9637A32009A40D6
:10FEE000D0231B069A62227A310091405962200089
:10FEF000FFF7EFFA01AD81232B70013B6B702000FF
:10FF0000FFF7BCFA60680222290015F0C9FA200048
:10FF1000FFF7DFFA0A2002F021FB2E702000FFF726
:10FF2000ADFA60680122290015F0BAFA6068012371
:10FF30006A460532DD2115F06BFA2000FFF7C9FA99
:10FF40006978802905D0304805F09AFC002002B07D
:10FF500070BD01AD8E232B7000236B70AB70200041
:10FF6000FFF78CFA60680322290015F099FA200047
:10FF7000FFF7AFFA8C232B706C3B6B702000FFF700
:10FF80007DFA60680222290015F08AFA2000FFF746
:10FF9000A0FA92232B706D336B702000FFF76EFA7E
:10FFA00060680222290015F07BFA2000FFF791FA21
:10FFB0007D212000FFF7B8FE05212000FFF7FCFBA4
:10FFC00007212000FFF720FF08212000FFF724FB76
:10FFD0000E492000FFF736FB0D212000FFF7A6FB9E
:10FFE00001212000FFF784FD2000FFF71DFC012008
:10FFF000ADE7C04611040000120400001304000025
:020000041002E8
:100000001C04000020A10700E89A031000C064440B
:10001000F0B5C64600B50400114B9846C154114FC7
:10002000C255C05CC0B201F051F94346E35C012502
:100030002A009A40D026360672624346E35C2A00C4
:100040009A407261E05DC0B201F040F9E35D2A00C0
:100050009A407262E35D9D40756180BCB846F0BD18
:100060001504000016040000064BC35CDBB2FF2B36
:1000700006D0044BC25C01239340D0221206936148
:100080007047C04616040000064BC35CDBB2FF2B72
:1000900006D0044BC25C01239340D0221206936128
:1000A0007047C04615040000064BC35CDBB2FF2B53
:1000B00006D0044BC25C01239340D0221206536148
:1000C0007047C0461604000010B50C000800FFF78A
:1000D000EBFF002363700020002110BD064BC35CC2
:1000E000DBB2FF2B06D0044BC25C01239340D0222D
:1000F000120653617047C0461504000010B50C008D
:100100000800FFF7EBFF002323700020002110BD43
:1001100010B582B001AC22000121FFF71DFD20784F
:1001200002B010BD014BC1527047C0461C04000014
:1001300010B5002A0BD10020C04380B210BDCC5CAA
:10014000201880B20133DBB29342F8D3F4E70023E6
:100150000020F9E7F0B5C64600B582B004000023E0
:1001600000938323DB00C058002803D06A46002197
:1001700009F0E4FF01AD12232B702000FFF798F97E
:1001800060680122290015F08BF96B465E1D6068DE
:1001900001233200772115F03BF92000FFF70CFD19
:1001A0006F781C232B702000FFF782F96068012212
:1001B000290015F075F9606801233200882115F0D7
:1001C00027F92000FFF7F8FC6E782A0001212000B3
:1001D000FFF7C2FCA37A042B30D0A37A042B3DD0C6
:1001E000A37A052B3AD0A37A032B00D172E1A37A2C
:1001F000062B00D181E101AD92232B706D336B7022
:100200002000FFF755F960680222290015F048F92F
:100210002000FFF7D1FC8323DB00E058002809D041
:10022000694609F09DFD009B002B03D0BC4B80224A
:1002300052051A6002B080BCB846F0BD5B333A008C
:100240009A4301D17606C8D48223DB00E35CE3182D
:10025000B44A9446634400221A70CCE77B06C2D5A8
:100260002000FFF711FF01AD13232B702000FFF7D3
:100270001FF960680122290015F012F96B465F1D15
:10028000606801233A00992115F0C2F82000FFF7B9
:1002900093FC6A788226F600A35DE318A1498C4698
:1002A00063441A7010232B702000FFF701F9606877
:1002B0000122290015F0F4F8606801233A00AA2110
:1002C00015F0A6F82000FFF777FC8D232B70200097
:1002D000FFF7EEF860680222290015F0E1F820002F
:1002E000FFF76AFC00232B70A35DE3188D4A944648
:1002F00063441F78FFB22000FFF7DAF8606801223C
:10030000290015F0CDF8002513E0606801236A4646
:100310000532002115F07CF801AB59788223DB000F
:10032000E25C13029B1AE3185B1919740135EDB2F4
:1003300037007E1EF6B2002FE7D12000FFF73CFC0D
:1003400001AD19232B702000FFF7B2F8606801227D
:10035000290015F0A5F805236B4498466068012331
:100360004246BB2115F054F82000FFF725FC6B78BE
:100370009B086D4EA3551A232B702000FFF798F8A9
:1003800060680122290015F08BF86068012342465D
:10039000CC2115F03DF82000FFF70EFC0122AA56F3
:1003A000624BE254A35D5BB2002B75DB5F4D605D79
:1003B00040B200010F2102F00BFD40B260555B4AD4
:1003C000A35C63335BB2A3548223DB00E35CE318DA
:1003D000544A944663441B78DBB2032B42D904325F
:1003E000A15C0B025B1AE3181B7CDBB26373A15C9C
:1003F0000B025B1AE3185B7CDBB2A373A35C1902EC
:10040000C91A14316118A35CE31863441A78043ADA
:10041000D2B22000FFF78CFE627BE37A9A4243D08F
:10042000637BDBB2FF2B3FD08221C900625C1302E9
:100430009B1AE3189A7C615C0B025B1AE318DB7C65
:100440001B02D318002B41D18223DB00E35CDBB21B
:10045000022B04D88223DB00E75C0137FFB2822342
:10046000DB00E75401AD90232B7000236B7020005C
:10047000FFF71EF860680222290015F011F820002D
:10048000FFF79AFBA37A052B00D0B4E6033BA372D7
:10049000274B0022E254AEE6A25D52B22349635CD0
:1004A0009B185BB263548AE78222D200A15C0B02E4
:1004B0005B1AE3189B7CA15C0A02521AA218D27C38
:1004C00012029B189BB28342AED1BDE72000FFF71A
:1004D00005FEC7E73B0700D489E66378002B03D00D
:1004E0002000FFF7B7F986E61249013322001420F5
:1004F000FEF794FF01236370F2E77B0700D47AE6EE
:10050000FF07FF0F0A4BE754E35C002B03D02000EA
:10051000FFF752FA6FE62000FFF786F96BE6C04658
:1005200004ED00E00C0400001304000012040000BD
:1005300014040000C9000210F0B5D646474680B545
:1005400087B00600039192461F001A005146FFF73C
:10055000EFFD804601F0C4FF04000D003000FFF7FE
:1005600083FDB37A022B2DD0B37A042B2AD0B37A31
:10057000052B27D001F0B4FF001BA941FA229200FD
:10058000002302F073FC554BF35A9B0000228A4271
:10059000E7DC01D18342E4D8B17AC9B2504805F012
:1005A0006FF97378002B04D03000FFF73DF900207D
:1005B0008EE04C49013332001420FEF72FFF012357
:1005C0007370F1E73000FFF72FF901F089FF009019
:1005D0000191009C019D3000FEF796FF00283AD063
:1005E00001F07EFF001BA941FA229200002302F0D5
:1005F0003DFC3A4BF25A93009B1800228A4209DDD7
:1006000011F0E6FB642102F0E3FB481CC11701F086
:100610006FFFE0E78A4201D18342F1D83000FFF753
:10062000BBFA012001F09AFF2F4805F0F9F83000DD
:10063000FFF70CFA7378002B04D03000FFF7F4F8C2
:10064000002045E02749013332001420FEF7E6FE82
:1006500001237370F1E704AC8D23237000236370D2
:100660003000FEF70BFF70680222210014F018FF23
:100670003000FEF72EFF80232370039B6370F37A14
:10068000A3704346E3701B0A23713000FEF7F6FEA9
:1006900070680522210014F003FF70683A0051468B
:1006A00014F0FEFE3000FEF714FFA22323703B1D62
:1006B00063703000FEF7E2FE70680222210014F041
:1006C000EFFE3000FEF705FF3000FFF79AF901203A
:1006D00007B0C0BCBA46B046F0BDC0461C0400001E
:1006E000189B0310C9000210309B031001207047B3
:1006F0000120704700207047002070477047704706
:10070000007A704710B50400081C054903F011FB7E
:100710006061217A23681B682000984710BDC0469D
:1007200000007F4310B50400081C054903F001FBDD
:100730006061217A23685B682000984710BDC0463D
:1007400000007F4370B5040001218069494209F02F
:1007500031FC6068FEF716FD237A022B23D00BD8FC
:10076000002B13D0012B05D16068A17AFEF7D8FCCD
:10077000050010E000250EE0032B05D16068217B09
:10078000FEF7CEFC050006E0002504E06068617A13
:10079000FEF7C6FC0500A06900230022002109F035
:1007A00063F9280070BD6068E17AFEF7B9FC0500C6
:1007B000F1E70000F8B5040006A8067807A8057858
:1007C00008A80078094F2760094F276061606372AD
:1007D000A672E5722073A261002A01D02000F8BD44
:1007E000012009F013FAA061F8E7C0463CD20310DB
:1007F0005CD20310042901D04018427370470000F6
:10080000F8B504000F1C161C1D1C04230372FF22E4
:100810000021FFF7EFFFFF2201212000FFF7EAFF91
:10082000FF2202212000FFF7E5FFFF220321200025
:10083000FFF7E0FF23681B691B492000984701214F
:10084000A069494209F0B6FB6068617A3A1CFEF77C
:10085000DBFB6068A17A321CFEF7D6FB6068E17AA8
:100860002A1CFEF7D1FB6068217B069AFEF7CCFBC1
:100870006068617A0022FEF7FDFB6068A17A0022C1
:10088000FEF7F8FB6068E17A0022FEF7F3FB606890
:10089000217B0022FEF7EEFBA0690023002200214D
:1008A00009F0E2F8F8BDC04600007F43F8B5DE4627
:1008B00057464E464546E0B506000D001400431865
:1008C000587B7369984603F0A3FA414603F047FA50
:1008D00003F0F2FAC7B23319587B03F099FA414694
:1008E00003F03DFA03F0E8FAC3B29846022D1ED099
:1008F00009D8002D0FD0012D02D1B37A99460CE012
:10090000FF23994609E0032D02D1337B994604E089
:10091000FF23994601E0737A9946022C1ED00CD829
:10092000002C12D0012C05D1B37A9A460FE0F37A4D
:100930009946F2E7FF239A4609E0032C02D1337B64
:100940009A4604E0FF239A4601E0737A9A46012111
:10095000B069494209F02EFB002520E0F37A9A465F
:10096000F5E7280078433221494202F031FAC4B257
:10097000E419E4B240466843322102F029FAC3B2D6
:100980009B46706822004946FEF774FB70685A4621
:100990005146FEF76FFB012001F0E0FD0135322DDD
:1009A000DFDDB06900230022002109F05DF8F0BC12
:1009B000BB46B246A946A046F8BD70B504000D007E
:1009C0004318587B666903F023FA311C03F0C7F91A
:1009D00003F072FAC6B2042D35D8217AA94208D1A3
:1009E000022D2ED014D8002D18D0012D0ED1A57AAD
:1009F00015E02A002000FFF759FF25722368DB6805
:100A00002000984743425841C0B21DE0FF2506E050
:100A1000032D01D1257B02E0FF2500E0657A01214D
:100A2000A069494209F0C6FA606832002900FEF761
:100A300021FBA06900230022002109F015F8012004
:100A400002E0E57AEBE7012070BDF0B5DE465746DF
:100A50004E464546E0B583B006000D001400002365
:100A600001934318587B7369984603F0D1F94146C6
:100A700003F075F903F020FAC7B23319587B03F07D
:100A8000C7F9414603F06BF903F016FAC3B2984672
:100A9000022D1ED009D8002D0FD0012D02D1B37A1E
:100AA00099460CE0FF23994609E0032D02D1337BE0
:100AB000994604E0FF23994601E0737A9946022C97
:100AC0001ED00CD8002C12D0012C05D1B37A9A4636
:100AD0000FE0F37A9946F2E7FF239A4609E0032CE8
:100AE00002D1337B9A4604E0FF239A4601E0737AF1
:100AF0009A46B06901AA002109F020FB002520E0F8
:100B0000F37A9A46F5E7280078433221494202F009
:100B10005FF9C4B2E419E4B240466843322102F0FE
:100B200057F9C3B29B46706822004946FEF7A2FA05
:100B300070685A465146FEF79DFA012001F00EFDFD
:100B40000135322DDFDDB06900230022002108F0DD
:100B50008BFF019803B0F0BCBB46B246A946A04645
:100B6000F0BD000070B582B004000D004318587B42
:100B7000666903F04DF9311C03F0F1F803F09CF9BC
:100B8000C6B200230193042D2BD8217AA94208D1A3
:100B9000022D30D00ED8002D12D0012D08D1A57A0B
:100BA0000FE02A002000FFF750FF0190257218E0A7
:100BB000FF2506E0032D01D1257B02E0FF2500E0A3
:100BC000657AA06901AA002109F0B8FA60683200CC
:100BD0002900FEF74FFAA06900230022002108F047
:100BE00043FF019B002B03D0044B802252051A6067
:100BF000012002B070BDE57AE3E7C04604ED00E0F5
:100C0000007A704710B50400081C054903F091F8FC
:100C1000A061217A23681B682000984710BDC04658
:100C200000007F4310B50400081C054903F081F85B
:100C3000A061217A23685B682000984710BDC046F8
:100C400000007F43F8B504000D00032900D98FE0B0
:100C50004B005B18C318187BA66903F0D9F8311C48
:100C600003F07DF803F028F9C6B2731EDBB2062B41
:100C700000D808260121E069494209F09BF9606823
:100C8000617A3200FEF7F6F9E069002300220021C4
:100C900008F0EAFE6B005B19E318587BA66903F0C5
:100CA000B7F8311C03F05BF803F006F9C6B2731E07
:100CB000DBB2062B00D808260121E069494209F081
:100CC00079F96068A17A3200FEF7D4F9E06900236F
:100CD0000022002108F0C8FE6B005B19E318987B26
:100CE000A66903F095F8311C03F039F803F0E4F835
:100CF000C6B2731EDBB2062B00D8082601277F423E
:100D0000E069390009F056F96068E17A3200FEF7CF
:100D1000B1F9E06900230022002108F0A5FEE06996
:100D2000390009F047F96068FEF72CFA6068617ACB
:100D3000FEF7F6F9002809D00026E069002300221A
:100D4000002108F091FE25723000F8BD6068A17A9C
:100D5000FEF7E6F9002801D00026EEE76068E17AA8
:100D6000FEF7DEF9002801D10126E6E70026E4E7D8
:100D70000121C069494209F01DF96068617A0022C9
:100D8000FEF778F96068A17A0022FEF773F96068CF
:100D9000E17A0022FEF76EF9E069002300220021CB
:100DA00008F062FE042323720126CDE770B504002B
:100DB0000121C069494209F0FDF86068617AFEF7D7
:100DC000AFF90001302606406068A17AFEF7A8F965
:100DD00083000C20184006436068E17AFEF7A0F912
:100DE000032505403543E06900230022002108F077
:100DF0003BFE280070BD000070B582B004000D00FD
:100E000000230193032900D974E04B005B18C31839
:100E1000187BA66902F0FCFF311C02F0A0FF03F072
:100E20004BF8C6B2731EDBB2062B00D80826E06969
:100E300001AA002109F082F96068617A3200FEF7A8
:100E400019F96B005B19E318587BA66902F0E0FF03
:100E5000311C02F084FF03F02FF8C2B2531EDBB244
:100E6000062B00D808226068A17AFEF703F96B0010
:100E70005B19E318987BA66902F0CAFF311C02F0E7
:100E80006EFF03F019F8C2B2531EDBB2062B00D876
:100E900008226068E17AFEF7EDF86068FEF772F903
:100EA0006068617AFEF73CF9002811D00026E069FD
:100EB00000230022002108F0D7FD2572019B002BA2
:100EC00003D01B4B802252051A60300002B070BD67
:100ED0006068A17AFEF724F9002801D00026E6E731
:100EE0006068E17AFEF71CF9002801D10126DEE7EF
:100EF0000026DCE7C06901AA002109F01FF960683B
:100F0000617A0022FEF7B6F86068A17A0022FEF747
:100F1000B1F86068E17A0022FEF7ACF8E0690023DE
:100F20000022002108F0A0FD042323720126C5E75A
:100F300004ED00E070B5040004A8057805A8007869
:100F4000084E2660084E266061606372A572E072EA
:100F5000E261002A01D0200070BD012008F056FE99
:100F6000E061F8E73CD203107CD20310F8B504002E
:100F70000F1C161C1D1C0423037200202073FB335E
:100F80006373A073AA22E273553A22746074A37447
:100F9000E07420759B3B6375193BA3750533E375BE
:100FA00023681B691649200098470121E0694942DE
:100FB00009F000F86068617A3A1CFEF725F860686D
:100FC000A17A321CFEF720F86068E17A2A1CFEF74D
:100FD0001BF86068617A0022FEF74CF86068A17A1D
:100FE0000022FEF747F86068E17A0022FEF742F837
:100FF000E06900230022002108F036FDF8BDC0465C
:1010000000007F4330B503AC2578042905D04C009F
:101010006118401802734373857330BD0120704717
:1010200010B50400FFF7FAFFA04205D3AE20800000
:101030006043024BC01810BD0020FCE7881100205F
:101040000120704710B50400FFF7E8FFA04205D368
:10105000200100198000024BC01810BD0020FCE7E1
:101060004014002010B58300084A9A1814684022E2
:10107000544080322240064CA44663441A60C000AB
:10108000044B9C466044416010BDC04604C0014012
:1010900004D001400040014080000C4B9C4660445D
:1010A00000290ED00823002A0DD004221343026821
:1010B00053400C2213408022520194466044036046
:1010C00070470023EFE70022F0E7C04604C001406C
:1010D0008000064BC31809011B68594030230B40A0
:1010E000034A9446604403607047C04604C0014010
:1010F00004D0014070B50400D0231B061D680D4BC1
:10110000AA00D358002B0AD0002803D0094BAD0009
:10111000EC5070BD08490D2000F0BEFBF6E700283A
:10112000F7D0044BAD00E850034900220D2000F039
:10113000A7FAEEE7F4370020051202100723034058
:101140009B00C00899403C308000014BC150704763
:1011500000400140F8B507000D0016001C00FFF725
:10116000EDFFFB089B00E418072038408000854015
:10117000002E05D080239B019C4664442560F8BD69
:10118000C0239B019C4664442560F8E770B50600C7
:101190000D00141E0BD1D0231B061B68002B11D091
:1011A000094B220029003000FFF7D4FF70BD0D204D
:1011B00000F01EFA0028EED1044B054A0548BD2177
:1011C00004F078F9044BECE730410140B09B031088
:1011D00094D20310689B03100041014070B50500D4
:1011E0000E0014001800FFF785FF220031002800D0
:1011F000FFF7CCFF002C00D170BD01210D2000F0C5
:10120000DDF9F9E7F0B5D6464F464646C0B5D023DE
:101210001B061F681F4BBA00D3589846002F03D0F7
:101220001D4B9946002626E01C4B9946FAE7EB40F9
:10123000DB0714D524090135002C1BD033000833FB
:10124000AB4217D90F231A00224092462342F1D015
:10125000134BBA00D358202DE9D40023E8E75146B8
:101260002800FFF76BFF4346002BE3D051462800D0
:10127000C047DFE708361D2E06D8F30808339B0069
:101280004A469C583500D7E7E0BCBA46B146A84666
:10129000F0BDC046F437002030410140004101401C
:1012A000603F0020002906D08000064B9C46604429
:1012B0004023036070478000034B9C4660444023FA
:1012C0000360F7E704E0014004F0014010B501239A
:1012D0008340D0221206936293610521FFF7C2FE7C
:1012E00010BD000010B58023DB05186803051B0D39
:1012F0000B4A934207D10B4B034080229201934249
:1013000007D1000F10BD084B084A0948222104F0FC
:10131000D1F8084B054A0648232104F0CBF8C04613
:101320002709000000F0FF0FDC9B0310ACD2031074
:10133000009C0310489C03100FB400B583B008480C
:1013400004F06EFA049B002B07D005A90191180048
:1013500004F076FA034804F063FA012004F060F820
:101360005C9C031028BB031010B50148FFF7E4FF95
:101370006C9C0310EFF3108072B6034B1B68002BBC
:10138000FBD0BFF35F8F70472C0100D0BFF35F8F9E
:10139000024B00221A6080F3108870472C0100D0A5
:1013A000F8B506000C001500FFF7E4FFE308F71896
:1013B000F15C07222240012393400B4205D1DBB2AE
:1013C0000B433B70FFF7E2FFF8BD21002800FFF759
:1013D000B3FFF0B583B00600019114001F00FFF7C2
:1013E000C9FF00E00134BC420CD8E308F518F35CF7
:1013F0000721214001228A401A42F3D1D2B21A4376
:101400002A7001E001246442FFF7C0FF002C02DBD8
:10141000200003B0F0BD019B002BF9D00898FFF726
:101420008BFF0000054A1078431CDBB21370172BAA
:1014300002D9130010221A707047C046841400208D
:1014400010B582B00100054C054B00931F231822F4
:101450002000FFF7BEFF02B010BDC0460C380020D0
:101460007C9C0310002307E0054A9A189200BFF302
:101470005F8F0021116001331F2BF5D97047C046E3
:1014800040000034074B9B68103080001950BFF3B8
:101490005F8FBFF35F8F044B0021196082F31088C8
:1014A0007047C04600ED00E0240100D000487047BE
:1014B00000E400E010B5FFF7F9FF002302E0034A63
:1014C00004C00133072BFAD910BDC046808080804C
:1014D00010B50388DA0A1C2A05D15B055B150233B7
:1014E0005B00C01810BD034B034A16210348FF31AF
:1014F00003F0E0FF989C03100CD30310B09C031082
:1015000010B5091A0B1F0A4A88180A4A904208D8CF
:10151000C90706D45B105B055B0D0748184380B212
:1015200010BD064B064A08210648FF3103F0C2FFF2
:10153000FC070000FE0F000000E0FFFFF89C031016
:1015400000D30310B09C031010B5091A04394A08DF
:10155000090B08D14905490D064B0B430380064B87
:101560001343438010BD054B054A10210548FF3148
:1015700003F0A0FF00F0FFFF00F8FFFF289D03101D
:10158000DCD20310B09C031001238340034A10688F
:101590001840431E9841C0B27047C04600E100E0C9
:1015A000002A05D0044BC0225200995019607047A0
:1015B000014A8023D150FAE700E100E010B50A00AB
:1015C0001F230340012199404009FFF7E9FF10BDA7
:1015D00001238340014A13607047C04600E200E0E7
:1015E000024B9B6810308000C058704700ED00E04F
:1015F00010B5FFF7F5FF002806D0044B984201D044
:10160000012010BD0020FCE70020FAE7CDC000104B
:1016100010B5FFF7E5FF044BC31A00202F229A42B2
:101620004041C0B210BDC0468814002070B504000F
:101630000D00EFF3108672B60C4B1B68002BFBD02D
:10164000BFF35F8F2000FFF7CBFF094B984201D01B
:10165000A84205D1320029002000FFF713FF70BD1A
:10166000044B054A0548E72103F024FF240100D07C
:10167000CDC00010389D031034D30310B09C03106C
:10168000F0B5DE4657464E464546E0B589B0814640
:1016900001911500EFF3108B72B66F4B1B68002B96
:1016A000FBD0BFF35F8F6D4B00269E57002E40DBB3
:1016B0007400A419A4006A4824180622A256674B95
:1016C0001A70684B9A684B4610339B00D358984663
:1016D0001B1A2F2B3BD9644B984531D105AF634B77
:1016E0003B80634973009A46981980005C4B98468A
:1016F00040440230FFF704FF78805E4BBB80FF233D
:10170000BB71FD71019B0793330053449B0043441D
:1017100007CF07C301231C43A0465A46414648460B
:10172000FFF7B0FE09B0F0BCBB46B246A946A046E2
:10173000F0BD514B514A74215148FF3103F0BAFEBC
:10174000504B4E4ABD214E48490003F0B3FE0123E1
:1017500042469A439246101A0C2101F061FB00297F
:101760000FD153460027DA79AA4212D906215956D9
:1017700000290DDB4A005218920039491F008B18CE
:10178000F1E7414B3D4A8C213D48FF3103F092FE89
:101790001F00002F2ED005AB3C4A1A80813A5A8098
:1017A0000623FB560293002B17DA394805AB9A46FD
:1017B0009880029A9A71DD71019A0792381D210072
:1017C000FFF79EFEB880BE71254B72009219920001
:1017D0009B18524613CA13C39FE7381DFFF778FEC4
:1017E00001007000801980001D4BC0180430FFF705
:1017F00087FEDBE705AF1D4B3B801D49730002935D
:101800009B199B00164A90461A0042440392901C72
:10181000FFF776FE7880039A101D5146FFF770FEA1
:10182000B8801C4B52464146521A524153431B0D3D
:10183000BB71FD71019A0792029B9B199B00434467
:1018400007CF07C3114B52461380813B53800123BE
:101850001C43A04661E7C046240100D0F89A02204C
:101860008814002000ED00E0CDC0001000A1FFFFB3
:10187000B814002001BDFFFF709D03101CD303109E
:10188000B09C0310989D0310C09D031001480000F8
:1018900001BD0000AAAA0000F0B5CE46474680B5BB
:1018A00083B006000D00EFF3108872B64F4B1B6833
:1018B000002BFBD0BFF35F8F4D4B9A683400103480
:1018C000A300D7584B4B9F4207D0AF4200D18AE0CC
:1018D0000197494BFB1A2F2B09D94246390030009A
:1018E000FFF7D0FD03B0C0BCB946B046F0BD300034
:1018F000FFF74AFE814600213000FFF75FFEBFF38D
:101900005F8FEFF30581002901D08C4211D10123B3
:10191000019C9C430020A3689D4212D00622A2563F
:10192000002A0DDB53009B189B00334A2000D4187B
:10193000F1E7324B324AFA213248FF3103F0BAFD67
:1019400020009D4249D106256557002D2BDB2A4BEF
:101950006A00521992009B189A68A260DA79E271C3
:101960009B795BB2A371002B0FDA2748A080224B32
:101970006A00521992009B18244A117899711570C7
:1019800049463000FFF71AFEA7E7680040198000BB
:10199000194BC0180430FFF79BFD0100231D1800F0
:1019A000FFF7AEFDE2E7002912D100280ED0FF2399
:1019B0008371174B838015490B78A3710E4A154B21
:1019C000A41A644163431B0D0B70D9E7094FF2E77A
:1019D0001149201DFFF7B8FDD2E7104B084A09480E
:1019E0000F4903F067FD034F77E7C046240100D09D
:1019F00000ED00E0CDC0001088140020449E0310CC
:101A0000ECD20310B09C031001BD0000F89A022034
:101A100001BDFFFFAAAA0000C214002048830310E2
:101A20003B02000070B505000C00FFF73FFDAB085E
:101A30009B00C218116803232B40DB00FF20984055
:101A400081439C402143116070BD0000F8B5012224
:101A500002432D4BD31A2F2B28D8EFF30583002BED
:101A60002BD0EFF3108472B6284909680029FBD007
:101A7000BFF35F8F244D26490600761B76417143E4
:101A8000090D4DB2234989689B00C95891421AD06B
:101A90000021032931D81C4B4A00521892009B1890
:101AA0009B795BB2AB421ED00131F2E71A4B1B4A65
:101AB0009D211B48890003F0FDFC1A4B174A18486A
:101AC000194903F0F7FC134A92681849D150184B92
:101AD0001A7882711D70BFF35F8F0C4B00221A6061
:101AE00084F31088F8BD084B4A005618B6009E19BA
:101AF000FF27B7710F4AB280E9E70F4B074AA221CF
:101B00000748890003F0D6FC88140020240100D087
:101B1000AAAA000000ED00E0789E0310C0D20310D6
:101B2000B09C0310A09E031077020000CDC00010EF
:101B3000F89A022001BDFFFFAC9E031010B582B0E1
:101B40000100074C074B0093052300222000FFF7FC
:101B500040FC002801DB1F23181A02B010BDC0464C
:101B6000FD9A0220B49E031070B504000E0015000B
:101B7000FFF758FC0100200000F006F8A680E58081
:101B8000BFF35F8F70BD0000024B9C46614489002B
:101B9000016070474000003410B50400FFF742FCBC
:101BA00001002000FFF7F0FF01235B426360BFF3F9
:101BB0005F8F10BD10B50400FFF734FC010020005A
:101BC000FFF7E2FF01235B42636000232372BFF350
:101BD0005F8F10BD10B50D4C09E00D4B0D4A0E483E
:101BE0001A2103F067FC2000FFF7D6FF08340B4BE7
:101BF0009C4209D22368002BF5D0012BEDD12000A7
:101C0000FFF7D8FF0C34F2E710BDC046501C00208F
:101C10003C9F031080D303105C9F0310701C0020B6
:101C2000034B9C46614489000160BFF35F8F70479E
:101C30004000003410B504000120FFF701FC010052
:101C40002000FFF7EDFF10BD30B5846A151B0B1D9A
:101C50009B001B581B1B9D4204D3046A01238B402D
:101C6000234202D1043189000A5030BD00040843E8
:101C700070470000F0B5DE4657464E464546E0B593
:101C800087B0EFF3058303221A409246AE4B9200D1
:101C9000D7583B78534507D1012352469340994684
:101CA000AA4B4A461A6025E1A94BAA4AAA489221A2
:101CB00003F000FC7A6973009B19DB00904698449E
:101CC00043469C68DD68A54800F0D8FB001BA9418D
:101CD000002900DA16E1002D74DB43461B699B46A0
:101CE0009F4B9B454FD00823F85E4346598889B2E5
:101CF000FFF7BCFF43465969D84702900391029908
:101D0000039A0B00100013435CD013000A00002854
:101D100047DAA41A9D41009401954346009C019D19
:101D20009C60DD600021595E002900DAEAE07869F4
:101D30004B005B18DB00C3189A68DB68A41A9D414E
:101D4000002D00DADEE039813D000835844604913B
:101D50002A000597B346009E019F049B002B2ADBB7
:101D60000023D45E63001B19DB0063449C68DD68BC
:101D700030003900001BA94100291CDB1A0000219A
:101D8000595E0491E9E743465B699B461B695846E7
:101D90009847002816D05B461A685B680292039346
:101DA000ADE76E4800F06AFB029B039C1B184C4198
:101DB00000930194B1E70499059F5E46434619805C
:101DC00016809FE0434600229B5E3B813A69EFF319
:101DD000108372B611680029FCD0BFF35F8F022117
:101DE0007A5E41460A807E803A69BFF35F8F0021A8
:101DF000116083F3108885E03969EFF3108372B6C0
:101E00000A68002AFCD0BFF35F8FB88800B20122B5
:101E10005242BA803A69BFF35F8F0021116083F3A9
:101E200010880500BC461CE0049300229A5E002A3C
:101E30000EDB049B0021595E4B005B18DB00634402
:101E40009868D96834003D00241A8D41002DEBDAE2
:101E500004995D46009B9C4644460D800023E55E48
:101E60002280002D12DB634658696C006419E4007F
:101E70000419A668E7686146083108229A5EAB46F5
:101E8000049163460093A0468446D0E767463EE04F
:101E90000023BB71390008310823F85E0EE00124ED
:101EA0006442E5179460D56008243B5F834204D008
:101EB0000E8008243B5F138038813000431C29D0FA
:101EC0007C6943001B18DB00E218E65E53881BB2F6
:101ED000002BE4DB1100F0E722002B0051461F48E5
:101EE000FFF7B2FE1D4800F0C9FA241A8D41002DFB
:101EF00022DC1FD0194B4A465A630823FE5E002E8F
:101F000000DBD7E6BB881BB2002B00DB74E7BB7994
:101F1000002BBDD10823FA5E002A0DDB796953003E
:101F20009B18DB00CB189C68DD68631CD4D16B1C4C
:101F3000D8D0D1E7002CDDD040BF07B0F0BCBB4605
:101F4000B246A946A046F0BDB43C00203C70054016
:101F5000F49F0310ACD3031020A0031000400540F1
:101F6000751C021070B504000D0011000126AE4072
:101F700006622800FFF75AFB01212800FFF71EFB2D
:101F8000024B9C466444266070BDC0463820000069
:101F9000F8B5CE46474680B50600894690461F00F4
:101FA000C160FFF73FFA154B9C46604480003061EA
:101FB00043463370BBB27381D0221206127872701E
:101FC000012252423281B2809B187380002406E0C5
:101FD000621E736965002D19ED005A530134BC422D
:101FE000F6D3074B42469200D650064A4146484631
:101FF000FFF7B8FFC0BCB946B046F8BD400000349A
:10200000B43C0020751C021010B5084B1A68EFF3A1
:10201000108172B61368002BFCD0BFF35F8F0348AA
:1020200007F00AF90020002110BDC04674410020CD
:1020300010B5064B1B69002B01D0044810BD044BA2
:10204000044A0548652103F035FAC046D014002043
:1020500060A0031094D3031020A00310F8B504006F
:102060000569EFF3108072B629680029FCD0BFF330
:102070005F8F0221665E656971008919C9006D185C
:10208000002E02DB0027E95F61802169BFF35F8FCB
:1020900000270F6080F31088002E2CDB0699296141
:1020A00007996961AA60EB606B8801335B04590C86
:1020B000002B00D1012169803000FFF7D7FD216995
:1020C000EFF3108372B60A68002AFCD0BFF35F8F6B
:1020D000A2882A80A6802269BFF35F8F0021116049
:1020E00083F31088E368217801228A4003498C46F3
:1020F00063441A60F8BD01204042FBE73C20000029
:1021000070B582B0060014001D0008AB1B78002BD0
:1021100007D100F0E5F922002B00121A8B41002BA9
:102120000ADB079B0193069B009322002B003000E3
:10213000FFF794FF02B070BD0020FBE7F0B5C64684
:1021400000B584B00500884616001F000AAB1C7855
:10215000FFF76EFF0294019700962A004346FFF7AF
:10216000CFFF04B080BCB846F0BD000030B504001D
:102170000A1443899A422EDA406953009B18DB0007
:10218000C3182569EFF3108272B628680028FCD0C6
:10219000BFF35F8F588885B20904090C884212D0BA
:1021A00000202369BFF35F8F0021196082F310883C
:1021B000002811D0E368217801228A4007498C4623
:1021C00063441A6008E00649294389B25980012313
:1021D000A3710120E5E7002030BDC0463C2000008F
:1021E0000080FFFF10B50400FFF722FF2100FFF77A
:1021F000BDFF10BD40787047F0B583B006000F00FA
:10220000EFF30583002B1AD196246442E517A41935
:102210007D418D4202D803D1844201D9002400259A
:1022200000F05EF922002B00121A8B41002B0BDC10
:1022300008D03000390000F099F903B0F0BD134820
:10224000FFF77AF8002AF4D0114A00230093200007
:102250002900FFF773FF00280DDAEAE70D4B1A6833
:10226000EFF3108172B61368002BFCD0BFF35F8FC1
:10227000084806F08DFF084B5B6A9D42EED8064980
:10228000896AA142D5D29D42D3D1E7E784A0031049
:1022900009200210744100200040054070B5040080
:1022A0000D0000F01DF900196941002902DBFFF75C
:1022B000A3FF70BD012040420049F8E7FFFFFF7F08
:1022C00010B5FA2292000023002101F00BFDFFF768
:1022D000E5FF10BDF0B5CE46474680B583B005009A
:1022E0000C00EFF30583002B15D03F4B5B6A8B424C
:1022F00009D33D4A926A82420BD28B4201D001201F
:1023000002E0002000E0002003B0C0BCB946B046A7
:10231000F0BD0120F8E7FFF78BFEC368994603780C
:1023200098462E002700484600F0A8F802000B004F
:10233000B61A9F41434604339B004A469B581B1ADA
:102340000022BA420FDC0CD020BF274B5B6A9C42B4
:102350002DD8254A926AAA422BD29C4225D0012030
:10236000D2E7B342F0D9214A00230093280021008C
:10237000FFF7E4FE00281EDD1B4B5B6A9C4205D87C
:10238000194A926AAA4202D29C4200D120BFFFF7AA
:1023900029FF154B5B6A9C4221D8134A926AAA42D4
:1023A0001FD29C4219D00120AEE70020ACE70020EC
:1023B000AAE70120A8E70C4B5B6A9C4209D80A4AAD
:1023C000926AAA4207D29C4201D001209CE70020D9
:1023D0009AE7002098E7012096E7002094E7002084
:1023E00092E7012090E7C046004005400920021016
:1023F000004870470040054010B50B4B1B69002B8F
:1024000004D00A480A21FFF7BFFB10BDFFF7F0FF19
:102410000400032100F028F80348102303222100C0
:10242000FFF7B6FDEDE7C046D01400207441002050
:1024300001684268084B5B6A9A4209D80648806A7C
:10244000884207D29A4201D0012002E0002000E039
:10245000002070470120FCE7004005400260436017
:10246000004870473124021010B5024A0248FEF7B6
:1024700097FF10BDD4A00310103800200200436A5B
:10248000906A1900536A9942FAD17047416A00E094
:10249000416A9942FCD300E0416A994202D1816AC3
:1024A0009142F9D37047F0B5C64600B58046140096
:1024B0001D00FFF7E3FF06000F0022002B0092191A
:1024C0007B41994202D804D1904202D90122524262
:1024D000D3174046FFF7DAFF80BCB846F0BD0000D6
:1024E00010B50248FFF7CAFF10BDC04600400540C6
:1024F00010B502000B000248FFF7D5FF10BDC04623
:102500000040054010B5002905DB826A836A9B1AEA
:102510008B42FBD310BD08000021FFF7E9FFF9E76C
:1025200010B5040008000C4B994208D84901091A5B
:1025300089000918C9002000FFF7E4FF10BDFA2246
:1025400092000023002101F0CDFB02000B002000CF
:10255000FFF7A9FFF2E7C0469BC4200010B50100B9
:102560000148FFF7DDFF10BD0040054010B5020037
:102570000B000248FFF78AFF10BDC046004005402F
:10258000074B98420AD0162301229A40054B1A6045
:10259000054B1B6811009943FAD170471723F3E7E5
:1025A0000080034000F0004008C0004070B5046B9C
:1025B000E30701D4200070BD0B4BC3180B4A1A600F
:1025C000456A836AAD01ED18AD02062000F016F9E8
:1025D000074900F025FC0100280000F021FC002143
:1025E000FFF786FFE6E7C046303000000103000039
:1025F0004E0E000070B504000E001500FFF7D6FF68
:10260000E36A5E403540024BE3181D60206370BDF5
:102610002C10000070B505000C00062000F0EEF84C
:10262000C000210000F0FCFB0130C60907D00E4BB2
:102630009E4215D8400834003F26064000E00124A1
:102640006C62AE62002200212800FFF7D3FF062053
:1026500000F0D4F88000A101891900F0E1FB70BD01
:102660000026024CECE7C046FEFF0000FFFF000022
:10267000002909D00A22064B9C4660444342584137
:10268000044B4000C252704780225200F3E7C0461C
:102690000080FCBF8441002070B504000D000620BE
:1026A00000F0ACF800281ED0104B9C421CD0162223
:1026B000012393400E4A13602000FFF761FF0021C1
:1026C0002000FFF7D5FF29002000FFF7A3FFE26AF3
:1026D00070235A400E331340064AA2181360064B6B
:1026E00023630323A36470BD1722E1E70080034046
:1026F00000E000402C10000001030000F8B5D646B1
:10270000474680B506000D0017009846440024187F
:10271000A400294B9C4664446368089A934200D203
:102720006260331FDBB29A46012B2ED98022120140
:10273000C0239B01E3181A60204BB200D158002936
:1027400007D0586900F06CFB013043001B18033BB5
:10275000FDD27F0123685F40E0233B40802252018D
:10276000A21813605346012B1AD980239B01E3184A
:10277000802212011A60089B6360104BB60042462B
:10278000F250C0BCBA46B046F8BD012DCED10322EE
:10279000C0239B01E3181A60A368DB07FCD5D8E7C8
:1027A0002168694003230B401360A3680122AA40FB
:1027B0001A42FAD0D9E7C046008000401438002001
:1027C000F0B583B005000E0017001800089900F05E
:1027D00027FB0300089A140200943A0031002800F5
:1027E000FFF78CFF03B0F0BD10B582B08024640009
:1027F0000094FFF783FF02B010BD0000014B800082
:10280000C05870471438002010B5084C230001222E
:1028100001210520FFF7E8FF054800F09DF823009F
:10282000002200210620FFF7DFFF10BD006CDC0254
:1028300000800240F0B5C64600B504000E00170047
:102840001D00374800F0ECFA8046364BFA18364B3C
:102850009A4239D80100380000F0E2FA0200103A3A
:1028600098235B009A4235D86B1E062B38D8069BFE
:10287000013B062B34D83F09474537D32D04069B2F
:102880001B031D432368002B36DB284B9C4244D09E
:102890000C2201239340264A1360264A1360264ADD
:1028A0001268190091430A1EF9D12660A060234BDB
:1028B000E31821321A602268002AFCDAE560082257
:1028C0001A6080BCB846F0BD1D4B1E4A1E4811213F
:1028D00002F0F0FD1D4B1B4A1B48192102F0EAFDD6
:1028E0001B4B184A18481C2102F0E4FD194B154AED
:1028F0001548232102F0DEFD22683F231340B34236
:10290000C3D1A3681B051B0D8342BED1E368EE2231
:10291000D2021340AB42B8D1D3E70D22B9E7C0468B
:10292000001BB70080E84BD380F8A93200C00240FA
:1029300000E0004000F0004008C00040043000000B
:10294000F8A00310D0D3031048A1031090A10310E6
:10295000ACA10310F8A103102D23436070470000C1
:10296000024B1A68024B5A607047C046803C0020F8
:102970000080054010B5184B8022D2051A60174B15
:10298000174A1A6000290AD0164BE022D2041A60B6
:10299000002809D1134B802212061A6010BD0E4B7D
:1029A000E022D2041A60F3E743011B1A9B001A18B5
:1029B000D2000D490A6018180001086080235B04EA
:1029C000984201D3094A0A60FFF7CAFF054B8022EB
:1029D000D2051A60E2E7C04600B005400820014079
:1029E000FCFF010000A00540803C0020FFFFFF002D
:1029F00010B5034B034ADA61FFF7BCFF10BDC046B8
:102A0000008005402131B76A10B5030010000C4A60
:102A10008024E4051460002B0DD001221343094AE1
:102A2000094CD461094C5C401462516293620021EC
:102A3000FFF7A0FF10BD034B0022DA61F7E7C046A5
:102A400000B0054000800540D3C007B02D3FF84FCF
:102A5000024B9868431E9841C0B270470080054001
:102A600080239B000B43014AD362704700800540DE
:102A700010B5010018231B8814221088984710BD38
:102A800010B5010018231B8816221088984710BD26
:102A9000F0B5C64600B507000E0000250123984694
:102AA00000E00135B5420AD2AC003C192068FFF7BE
:102AB000DFFF20600028F4D100239846F1E740466C
:102AC00080BCB846F0BD000070B504000D0006489B
:102AD000FFF7CEFF0300002C03DB0120A0402900FC
:102AE00098470020FBE7C04655420000D0231B0654
:102AF0001B68002B01D0002070470120FCE700007C
:102B000010B50400D0231B061A680D4B9200D35851
:102B100083F31088FFF7EAFF002801D0002010BDE2
:102B2000FA22920000232000002101F0DBF809F0D6
:102B30008DFB002801D00020F1E702204042EEE7A3
:102B4000783C002010B5FFF7D1FF00280AD0D02331
:102B50001B061A68EFF3108172B6054B9200D15034
:102B6000002010BD034B044A0448B32102F0A2FC2C
:102B7000783C002048830310DCD3031014A2031018
:102B800010B50400D0231B061B68002B05D10028BC
:102B900004D009F043FB200000E0012010BD00003C
:102BA00000487047E8140020F8B504000D00170035
:102BB000FFF7F6FF061E0AD0436838009847002842
:102BC00004D12800A047B36838009847F8BD042016
:102BD0004042FBE7074BAA2212011A608D225200E5
:102BE000DA60054B054A1A60024B5B68002BFBDA82
:102BF0007047C046004002400060024000B0FA004A
:102C000010B5040001E008CC9847024B9C42FAD36F
:102C100010BDC046AC1C00207047000010B5024833
:102C2000FFF7EEFF10BDC046701C0020054B064AA2
:102C30001A60064B064A1A60064B1A68044B934307
:102C4000FAD1704700E00040BFCDFBFE00F000402D
:102C5000FE7F3C0008C00040044BDB6C002B03D11E
:102C6000034B8022D2021A607047C0460000115008
:102C70004C201150044B054A1A60054B1B68DB437E
:102C8000DB01FAD17047C04600F00040FFFFFF01B2
:102C900008C00040034B40229A675A671A67DA66F9
:102CA0007047C04600F0014010B5FEF7DBFB10BDD9
:102CB00070B5044DA968044CC022200001F088FAC8
:102CC000AC6070BD00ED00E00000002070B5042095
:102CD000FFF794FD064900F0A3F805000024002C3E
:102CE00000DD70BDE0B22900FFF7BAFE0134F6E75F
:102CF00040420F0030B583B0274B00229A67FFF7A0
:102D000069FF264B01221A60234B5B6C012BFBD120
:102D1000234B03221A60204B9B6B012BFBD1013309
:102D2000009304331F4A01211F48FFF783FD052349
:102D300000931E4A01211E48FFF77CFD1D4B002217
:102D400002210420FFF750FD1B4D2B000022012122
:102D50000520FFF749FD194C230000220021072020
:102D6000FFF742FD2300002200210820FFF73CFD71
:102D70008023DB0000932300002200210920FFF7BD
:102D80001FFD2B00002200210620FFF72DFDFFF77D
:102D90009DFF03B030BDC046008000403CB0004005
:102DA00030B00040002F685900800240008C8647F8
:102DB00000C00240001BB70040597307006CDC02E2
:102DC00001480421014B184700150020912A0210E8
:102DD000124A936F9B0815D29066D166002905D0E0
:102DE000FFE7FFE7FFE7516F106F704704B58021E1
:102DF0000906C2175140002800D0C84312F028FB32
:102E0000002104BDF0B5146E556E576F166FFFF7B5
:102E1000E3FF1466556657671667F0BD000000D0E3
:102E2000114A936F9B0813D210665166002905D092
:102E3000FFE7FFE7FFE7516F106F704704B5002809
:102E400001D00020C04312F003FB002104BDC046A6
:102E5000F0B5146E556E576F166FFFF7E5FF1466E9
:102E6000556657671667F0BD000000D094464A4A81
:102E7000926F9208624601D228E0C046F0B5464EF5
:102E8000346E756E776F366F00F020F89446424AC4
:102E900014665566576716676246F0BD94463E4A0B
:102EA000926F9208624601D254E0C046F0B53A4EA5
:102EB000346E756E776F366F00F04CF89446364A74
:102EC00014665566576716676246F0BD002B24DB13
:102ED00011D000293EDA00B5C943404200D101318A
:102EE00000F038F8C943404200D10131DB4352427F
:102EF00000D1013300BD002AEBD1002801D1002907
:102F000005D00020C90FC90701D1C043410800B551
:102F100012F08EFA0022002300BD00B500290ADB62
:102F2000DB43524200D1013300F014F8C943404260
:102F300000D1013100BDC943404200D10131DB4322
:102F4000524200D1013300F005F8DB43524200D178
:102F5000013300BD002923D1002B18D1002A0CD049
:102F6000BC460D4F38667A6600210023FFE7FFE775
:102F7000FFE77A6F386F67467047002801D007482F
:102F8000010000B512F054FA0022002300BD020037
:102F90000B00002000217047000000D0FFFFFFFF62
:102FA000002B00D0BFE0130C28D1002AE7D080B45A
:102FB000114F39667A66FFE7FFE730B4040C7B6F88
:102FC000396F1B0423433B667A66FFE7FFE7FFE7A1
:102FD000C04684B27B6F3D6F1B0423433B667A6619
:102FE000FFE7FFE7C04600232C042D0C7A6F386FF3
:102FF00000196941B0BC7047000000D0F0B594469C
:103000000025140E01D112020835140F01D112014E
:103010000435940F01D192000235D40F01D1520032
:103020000135D40B0134254F7C66254C3C660E0CD3
:1030300093B2FFE7FFE7FFE73C6F6643360C770389
:10304000BE467343DF0B5B04C01AB941130C7343D4
:10305000DB18C91ACE086643360CB64493B27343E4
:103060001F0F1B01C01AB941130C73431F0B1B0523
:10307000C01AB941860D8F023E436643360C092DB6
:1030800024DB520A7243801A7703460A6643360CE1
:1030900016235B1BDE40DF40BF1964466643821B7C
:1030A0007046043506330100D940A840C01900D34A
:1030B0000131A24206D20023F0BD0000000000D082
:1030C000FFFFFFFF121B0130F3D3F1E709277F1B3E
:1030D000FE406446A2B27243801A00D20139220C2B
:1030E0007243130C1204821A99410B007046043586
:1030F00013370100F940A840801900D30131002B9B
:1031000002D1A2420AD2F0BD013000D30131121B1C
:10311000FAD2013BF8D1A24200D2F0BD013000D377
:103120000131121BF7E7F0B51C0C00D080E00CB4A5
:1031300000251C0A04D11B02160E33431202083567
:103140001C0B04D11B01160F3343120104359C0BD9
:1031500004D19B00960F334392000235DC0B02D161
:1031600092185B4101351C00971864410134464FA9
:103170007C66464C3C660E0CFFE7FFE7FFE7C04667
:103180003C6F6643360C7703BE4697B27743C01B4D
:1031900000D20139C01B00D201399FB27743C91B4D
:1031A000C91B170C77437E04FF0B801BB941CE0867
:1031B0006643360C0C2D33DBB644120B1F053A4325
:1031C0001B0B97B27743C01B00D201399FB27743E4
:1031D000C91B170C77433E043F0C801BB941860D79
:1031E0008F023E43664329277F1BFE400C3D7746F6
:1031F000AF40BF1930BCA2B2ABB272437343801A66
:103200009941220C7243130C1204801A9941020056
:103210000B000137001BA941F9D2781E0021F0BD37
:103220000C277F1BFE4077467F0BAF40FF19E0E77E
:1032300000245D1C07D0144F7D663966FFE7FFE769
:10324000FFE7FFE73C6F95B29EB265436643401BC4
:10325000B141150C1E0C6543664336042F0C3E43EA
:103260002D04401BB141994204D202000B00200002
:103270000021F0BD01D19042F7D3801A9941013469
:103280009942F2D3F6E70000000000D0FFFFFFFFF5
:1032900048404140484018B41B4B5B68FC460193D2
:1032A00008BD04DFB336021018B4174B1B68FC4688
:1032B000019308BD00DFBD3602109446134A926F99
:1032C000920809D2624618B40F4BDB68FC460193A2
:1032D00008BD0CDF753902100C4AF0B5146E556E3E
:1032E000576F166F6246FFF7EEFF084A1466556681
:1032F00057671667F0BD18B4034B9B68FC460193F3
:1033000008BD08DF19380210703F0020000000D00F
:10331000FFB550404240504059404B40594000E0BA
:10332000FFB5154F4C00640D03D0BC4204D10C0313
:1033300014D80020090D09055C00640D03D0BC42BF
:1033400004D11C030AD800221B0D1B0501264B408B
:1033500009D44B4003D58B4200D18242FFBD994234
:10336000FCD19042FFBD0B43DB1803431343F5D060
:10337000C9434918FFBD0000FF07000000B5FFF773
:10338000CFFF01D0002000BD012000BD00B5FFF738
:10339000C7FF804100BDC04600B5FFF7C1FF01D99E
:1033A000002000BD012000BD00B5FFF7B1FF01D92D
:1033B000002000BD012000BD00B5FFF7A9FF80413E
:1033C00000BD012040054A00121804D85A00121806
:1033D00001D800207047012070470000002100281C
:1033E00005D17047C1174840401AFAD0C90713B534
:1033F000064B1B6898470CBC441CA2401005120BDE
:103400000349091B09051943114310BD70400020F1
:103410001F04000010B54C00620D8023D218DB00A1
:10342000D21A5B057E2A10DD9E3A13DACC17090307
:10343000490819435242D140640001341532202A10
:1034400005DAD0400843604310BD002010BD084697
:10345000604310BDC80FC018013810BD18B4044B2C
:103460005B6AFC46019308BD24DF253B0210000087
:10347000703F002018B4044BDB6DFC46019308BD7F
:103480005CDF313C02100000703F002018B4044B98
:103490005B6EFC46019308BD64DF293C021000000E
:1034A000703F0020C94211D300B5490049080022ED
:1034B00000F018F8002904D4002240428A41114645
:1034C00000BD80210906002000BD000018B4044B97
:1034D000DB6EFC46019308BD6CDF333B021000003D
:1034E000703F002018B4044B9B6FFC46019308BD4D
:1034F00078DF4F3B02100000703F002018B4044BEF
:10350000DB6FFC46019308BD7CDFBD3B0210000071
:10351000703F002070B513231C78012C12D0012CB1
:1035200012DC214B214A93642148FFF7A1FA214B79
:10353000186070BD1C491D4A9800815001331F2B33
:10354000F8D9ECE70023FAE71B48FFF799FA0500E2
:103550001A48FFF795FA023803789B007F2B09DDA4
:1035600012488022290000F033FE022C08D0022CE1
:10357000DADCD6E7124B134A1348332101F09AFFE5
:10358000124B1A88B5231B029A4209D1104B1A8894
:10359000104B9A4204D1104B1A88104B9A42E6D035
:1035A0000020FDF7C9FEC04679360210703F0020AA
:1035B0004C3300007040002053440000534600008C
:1035C0005CA2031000D40310A0A203105438000022
:1035D000D8380000494600009C38000059460000D9
:1035E00070B50B0D5B055B0D214A944663445A1C74
:1035F00024DB5A1C28D03422D21A002A1DDD3324A1
:10360000E41A2500203D26D40126AE4033000125D2
:10361000A5402A0012184B412500203D21D4022646
:10362000AE4031000225A5402800002544428D41CE
:103630001600264030002B40190070BD0022C90F33
:10364000CB0710001900F8E7CB0FDB070020094A71
:103650001A431100F1E720252D1B0126EE4033000F
:10366000D5E720252D1B0226EE403100DAE7C046C3
:1036700001FCFFFF0000F03F07B56046002800D1C5
:1036800000BE01880A0A0230DF2AFAD1C9B28208D4
:1036900004D3028840880004104300E00068024A16
:1036A0005050039007BD0000703F00200FB403BCD2
:1036B0000CBCF0B50124E407634000E0F0B50C0D4C
:1036C000CF0F661E3605891B640503D3C9434042EC
:1036D00000D30131640D03D0661CF60A07D0E41B49
:1036E00000207F00791C89078912803C24031D0D6E
:1036F000DF0F6E1E36059B1B6D0503D3DB43524265
:1037000000D301336D0D03D06E1CF60A07D0ED1BFC
:1037100000227F007B1C9B079B12803D2D032F1BEB
:10372000661B58D4A446202E46DA20371400BC402D
:103730001D00BD40F24033412A4380185941CB0F50
:1037400005D0C943C0430022644250415141624602
:103750004D0D28D10D0D07D100281FD0241940414F
:103760004941013A0D0DF9D0640006D3013000D370
:103770000131002C01D140084000013A0BD4941CC7
:10378000E40A04D112051144DB071944F0BDD9073E
:10379000204B194300E0D9070020F0BD0029DDD1FE
:1037A000002CDBD1F0BD0132C6074008CD0728430D
:1037B0004908002EE1D0D9E73C2E29DA203E4037D7
:1037C0001400BC4000D00124F24014431A00BB4056
:1037D0001C43D317ACE7AC46202F08DA2036040090
:1037E000B4400D00B540F84039412843A5E73C2FCF
:1037F0000CDA203F40360400B44000D00124F840E9
:1038000004430800B1400C43C117EAE71000190057
:10381000002494E70000F07FF0B50C0D661E36051D
:10382000891BE60A6405640D02D0651CED0A04D00C
:10383000002001210905803C2403A4461C0D671EBD
:103840003F05DB1BE70A6405640D02D0651CED0A29
:1038500004D0002201231B05803C240377406444EC
:1038600097B484B296B27443070C7E43150C6F4331
:1038700080B26843361802D3012000043F18300498
:10388000350C00197D41844688B29AB250430C0C25
:1038900062431F0C7C438EB27E43921902D30126F1
:1038A0003604A4191604170C3618674101BC81B2FE
:1038B0009AB25143040C62431B0C5C4380B25843E0
:1038C000121802D30120000424181004130C40180D
:1038D00063412D185E410020474106BC88B293B277
:1038E00058430C0C6343120C544389B251435B1888
:1038F00002D301210904641819041A0C0918624141
:103900006D1856410020474118BCF902720D114351
:10391000F0026A0D1043ED020A0D03D16D1940410A
:103920004941013B124E9B1B7600B3420ED26D0003
:1039300007D30130002671416646354301D1400866
:1039400040001B05C918E4072144F0BD0BDA013320
:1039500006D1013004D101314F0D01D04908F2E701
:10396000E1070020F0BD013631050020EBE7000043
:10397000FF030000F0B51C0D671E3F05DB1BE70AC7
:103980006405640D02D0661CF60A04D000220123EF
:103990001B05803C2403D0252D060026F6432E6609
:1039A0001E096E66CE0FF619B44649004F0D02D0BF
:1039B0007E1CF60A03D000200021403F3F033E1B3F
:1039C000B600B444013F7F05C91B49082E6F01367C
:1039D00076089C02950D25437543ED137543AD1391
:1039E00001356D10F603761B0CB4CC02450D2C434B
:1039F000A2B2B3B25A43270C7B43350C6F43A4B237
:103A00006C431B1902D3012424043F191C041D0C10
:103A1000A4187D4124196D41009A91B2ACB2614362
:103A2000170C7C432B0C5F4392B25A43A41802D369
:103A300001221204BF182204230C52187B41019C5E
:103A40006C431B19520ED9010A434401A01A81B2DA
:103A5000B2B2514303145A43360C734387B27743CF
:103A6000D617D21900277E4136049B191704160C6D
:103A70007F185E417316ED18F301002680337541FF
:103A8000A90F06D16400690AE8055B0A184309D248
:103A90002FE00422944480337541A90AA8059B0AAB
:103AA000184326D3404149412404009A019B0D004C
:103AB0005543641B4343E41A95B286B27543170C11
:103AC0007E43030C5F4392B25A43B61802D30122DD
:103AD0001204BF183204330C52197B4152429C41EC
:103AE000002C02D40022013051414008CA07104383
:103AF000490802B06246D7079210084BD218084B0B
:103B00009A4203D212058918C919F0BD0020002A73
:103B100001DC3900F0BD01331905F5E7FD030000B4
:103B2000FE070000002200B5203200F010F8080067
:103B300000BD002200B500F00CF8CA179A4200D16F
:103B400000BDD8430121C907414000BD00220B152B
:103B50000AD410B5944600F0A7F81414013400DA22
:103B60000021CB17144C20470020002170476244ED
:103B7000343A0CD40C2A07DA0400914090405242A7
:103B80002032D440214310BDD843D94310BD203248
:103B900007D40C469440524220321141D040204379
:103BA00010BD0800C917203203D452422032104100
:103BB00010BD1800190010BD6F3B02104A00520DD5
:103BC000144BD21A13DDFF2A1EDAD205CB0FDB0706
:103BD0001A43C300400F0903490A084310435B001E
:103BE00001D301D0013070474308FBD2704702D0A7
:103BF000C80FC00770470A0312130132F8D1420FF1
:103C0000072AF5D1012200E0FF22C80F0002801828
:103C1000C00570478003000000210A00002104E075
:103C200000210A00C11704E00022002306E0C0467C
:103C30000022CB1758405940C01A994130B5184C52
:103C4000A21A002903D1010010D00020203A4C15FF
:103C500012D104D2013A001849414C0DFAD3114C4B
:103C6000A24204D212058918DB07C91830BDD2431D
:103C7000520D00200021F5E703D4013A0018494114
:103C8000FBD50B324405C00A4D052843C90A640020
:103C900003D0002460416141E1E7E0D34408F8E744
:103CA00032040000FE0700000A0DCC0F531E1B0556
:103CB000C91A520503D3C943404200D30131520D02
:103CC00003D0531CDB0A07D0121B00206400611CC8
:103CD00089078912803A1203014BD21A70470000FB
:103CE000FF03000051434343C9188C46110C83B2B3
:103CF0004B4310B4040C614392B280B25043624310
:103D00001C041B0C001910BC59411304120CC018E0
:103D10005141614470470000484041404840002301
:103D20009C46114B5B68184700239C460E4B1B6852
:103D300018470E4A936F9B0804D200239C460A4BF7
:103D4000DB681847F0B5146E556E576F166FFFF7A6
:103D5000F4FF064A1466556657671667F0BD0023E0
:103D60009C46014B9B68184774400020000000D01F
:103D700007B548404140484001E0C04607B5420011
:103D8000120E03D0FF2A03D1420218D8C00DC0057D
:103D90004A00120E03D0FF2A03D14A020FD8C90DE0
:103DA000C9050122414005D4414001D5814207BDEA
:103DB000884207BD0143491801D0C043001807BD20
:103DC00000B5FFF7DBFF01D0002000BD012000BDE2
:103DD00000B5FFF7D3FF804100BDC04600B5FFF737
:103DE000CDFF01D9002000BD012000BD00B5FFF7C7
:103DF000BFFF01D9002000BD012000BD00B5FFF7C5
:103E0000B7FF804100BD491A002807D10846704716
:103E1000C10FC90700D54042002817D0F44603B4AB
:103E20000B4B1B68984706BC81409E38404280314E
:103E300007D20B0607D04900490AC00510430843C2
:103E400060470130F8E7490A8902F5E7704700004A
:103E50007040002041000A0E80231B067E2A0BDDE5
:103E60009E3A0BDAC1174002400818435242D04034
:103E7000490001314843704700207047C00FC01807
:103E800001387047C0420DD300B540004008002102
:103E900000F012F8002801D4404200BD8020000646
:103EA00000BD0000034BDB69FC4618471CDFD14016
:103EB000021000007440002000239C46014B5B6A06
:103EC0001847000074400020054A1047C21791426D
:103ED000FAD0044BDB6DFC4618475CDF9F400210B4
:103EE000113E021074400020054A10470029FBD003
:103EF000044B5B6EFC46184764DF8D4002100000E7
:103F0000073E021074400020034BDB6FFC4618474D
:103F10007CDFE940021000007440002070B51323DC
:103F20001E782A48FEF7ACFD0500012E11D0012EA7
:103F300009DDAB1E1B789B007F2B40DD24488022CF
:103F4000290000F045F92348FEF792FD224B186046
:103F500070BD1F485422290000F03AF91F4B1A88FF
:103F60001F4B9A421CD1A7239B011A881D4B9A42D2
:103F700016D11D4B1A881D4B9A4211D11C4B1A8821
:103F800094239B019A420BD11A4B1A881A4B9A42DE
:103F900006D11A4B1A681A4B9A4201D1152307E031
:103FA0001848FDF7C9F9184C094A99008C5001339B
:103FB0001F2BF8D9144B064A1362D361B7E7134B92
:103FC000134A1448422101F075FAC04653460000D6
:103FD000744000204C33000070400020EE290000A7
:103FE000C40F0000C20D0000962B0000C0B50000F9
:103FF000182B0000CC2A000010B50000FC2C00009B
:1040000051ED87648CBE031059400210F8A20310D2
:1040100014D403102CA30310C20DFF2313407F3BC5
:104020005A1C0FDB5A1C10D01722D21A002A08DDA6
:104030001622D21A012393401818022393405B42A0
:1040400018407047C00FC007FBE7C00FC307FE2032
:1040500080051843F5E7000007B56046002800D149
:1040600000BE01880A0A0230DF2AFAD1C9B28208EA
:1040700004D3028840880004104300E00068024A2C
:104080005050039007BD000074400020002230B55E
:10409000002906D5CD0705434808013A10E0002263
:1040A00030B505000D430FD0CD170C16AC4205D12D
:1040B000C901440E2143C0010732F6E7050008009C
:1040C00052423D320149884730BD0000EF290000CF
:1040D0000021C2158032803201D0024A10470020F0
:1040E00070470000CD2A0000C30FDB0741000A0E15
:1040F00007D0FF2A08D00909054A89181943400743
:1041000070471900002070470249C918FAE70000FB
:10411000000000380000F07F10B5002804D04018DF
:10412000034B984200D810BD0248FDF705F9C04680
:104130000000042084A3031070B50500084E300071
:1041400011F0EEF928000DF039FB0400300011F0F9
:1041500067F929002000FFF7DFFF200070BDC0468F
:10416000501C002070B504000D00094E300011F005
:10417000D7F9290020000DF045FE0400300011F0B1
:104180004FF929002000FFF7C7FF200070BDC0468F
:10419000501C002070B50400054D280011F0C0F936
:1041A00020000DF015FB280011F03AF970BDC04653
:1041B000501C002001480421014B18471015002015
:1041C000912A0210014B1B681847000010150020AF
:1041D000014B5B68184700001015002010B5FFF771
:1041E000ABFF10BD9A4200D288547047704710B59B
:1041F000002802D00B684968984710BD01000020D4
:1042000007E083001B185B00501C08601078C01882
:1042100030380A681378303BDBB2092BF1D970478C
:10422000F0B5DE4657464E464546E0B583B0934668
:104230001F000C9B9A460D9C0E9B99460F9B9B075B
:1042400017D0B8460F00060022E0551C4B464146E9
:104250002020B84701342A00B442F6D33D004F462F
:104260005C46019B9B46B1464646B84637002E0049
:104270000EE00192A34688464E46B9460700EBE79A
:10428000013C551C5346185D43463900B0472A008F
:10429000002CF5D135003E0047460F9B9B0711D4FB
:1042A000100003B0F0BCBB46B246A946A046F0BD24
:1042B000541C4B4641462020B8472200531BB342B2
:1042C000F6D3EDE7B0464E46B9462F005D46F5E71A
:1042D000F0B5CE46474680B585B0944698460C9DCD
:1042E0000D9C0EAB1B789946109A119B129EB70736
:1042F0001CD4002B0CD0F7070AD54F46002F02D153
:104300000C37374204D0013B02E030272F550134EF
:10431000944201D21F2CF8D9F70707D59C4205D249
:104320001F2C03D830272F550134F5E7F70612D597
:10433000770505D4002C03D0944221D09C421FD095
:104340000F9A102A2FD00F9A022A36D01F2C0AD883
:1043500030222A5501341F2C05D84A46002A32D073
:104360002D222A5501340396029301940095434669
:104370006246FFF755FF05B0C0BCB946B046F0BD78
:10438000621E012C17D00F9F102F0BD014000F9A14
:10439000102AD8D1B206D6D51F2CD4D858222A55E7
:1043A0000134D3E7023CB206F1D41F2CEFD87822B7
:1043B0002A550134CAE71400C2E71F2CD3D8603253
:1043C0002A550134C2E7720703D52B222A5501343E
:1043D000C9E73207C7D520222A550134C3E7F0B513
:1043E000DE4657464E464546E0B593B081468A467E
:1043F000089209931CAB10CB1B789B461E9D219BFA
:104400009846002C03D1102342469A4390468023BD
:10441000DB0046461E4042461A4218D0002C22D0ED
:10442000002614E0424692061BD54121C918C9B2A4
:104430000A39C9B2771C0AAB995529002000FEF74A
:10444000EFFCAC4210D31F2F0ED83E000400290011
:104450002000FEF7E5FCCBB2092BE3D83033D9B20C
:10446000E8E76121E2E7270043460693209B059396
:104470001F9B049303955B46029301970AAB00933D
:10448000099B089A51464846FFF722FF13B0F0BC3B
:10449000BB46B246A946A046F0BDF0B5DE4657463B
:1044A0004E464546E0B597B00A900B910C929A465D
:1044B000209B9946219F22AA13789B46249B09930F
:1044C000259C289B98464A463A4302D11032934392
:1044D00098468022D20045461540434613420AD0F2
:1044E0004A463A4341D000252E0053460D934D468F
:1044F000099B9A4621E02E0053460D934D46099B99
:104500009A461AE04246920623D54122D218D2B2E8
:104510000A3AD2B2731C99460EAB9A555246230002
:1045200028003900FEF7BAFCBC4220D813D04B4615
:104530001F2B16D84E4605000F00524623002800B8
:104540003900FEF7ABFCD3B2092BDBD83033DAB23B
:10455000E0E76122DAE7AA45E9D94E460D9B9A4683
:1045600008E04E460D9B9A4604E0002602E04E46C7
:104570000D9B9A4643460693279B0593269B0493DF
:10458000099B03935B46029301960EAB009353463F
:104590000C9A0B990A98FFF79BFE17B0F0BCBB462C
:1045A000B246A946A046F0BDF0B5DE4657464E4697
:1045B0004546E0B591B0804689460C929A461A9CD1
:1045C0001B9D22002B0020002900FEF7FAFE002888
:1045D00000D0F2E001225242D54B20002900FEF724
:1045E000EBFE002800D0E8E001225242D14B20002F
:1045F0002900FEF7CBFE002800D0DEE000220023D9
:1046000020002900FEF7C2FE002800D0EAE0069450
:1046100007958023DB001E9A1A400D921E9A1A42BB
:1046200001D106231C930698079902000B000892FB
:10463000099303000A00024300D1DFE0080D4005A2
:10464000400DBD4EB4466044079E3203120B1E005F
:10465000BA4B13431F00FEF7C5FEB94AB94BFEF72C
:104660004AFEB94AB94BFEF71FFE08900991002295
:10467000B74B30003900FEF70EFEB64AB64BFEF7D8
:104680003AFE02000B0008980999FEF70DFEFEF7AE
:10469000C1FE8346FEF7A6FE06000F00AF4AB04BF0
:1046A000FEF729FE0022AF4BFEF7FEFDFEF7B2FE3D
:1046B0000890AD4AAD4B30003900FEF71CFE0600F5
:1046C0000F000898FEF78EFEA94AAA4BFEF713FECC
:1046D00002000B0030003900FEF7DDFD06000F0080
:1046E00002000B00FEF707FE0A900B91089BA24AFE
:1046F0009446634400210022089109921B05099306
:104700000023089332003B0030003900FEF7CCFD57
:104710000E900F9132003B0000208021C905FEF76A
:10472000BAFD06000F000022944B0A980B99FEF781
:10473000C4FD0022924BFEF7B7FD02000B000A9861
:104740000B99FEF7BAFD00228E4BFEF7ADFD02007D
:104750000B000A980B99FEF7B0FD02000B00300029
:104760003900FEF7A1FD02000B000E980F99FEF72D
:10477000A4FD0022714BFEF797FD089A099BFEF7F6
:10478000BAFD06000F0008960997069A079BFEF7E8
:1047900013FE00280BD001235B429C46E344002219
:1047A000774B30003900FEF788FD089009915B4691
:1047B0006333C62B45D8042623E01E9B04931D9B20
:1047C00003931C9B02930094019553460C9A49460F
:1047D000404600F0FBF811B0F0BCBB46B246A9461B
:1047E000A046F0BD00210022069107920694802386
:1047F0001B069C46AC44634607930AE700239B468E
:1048000004261E9B1B0528D5089A099B19001143F5
:104810000FD05D4A5D4B06980799FEF7C5FD00284D
:104820007AD000225A4B06980799FEF7AFFD002870
:1048300072D01C9B5B4506DD5A469B1A013B1C93BC
:1048400003E00526DDE700231C938023DB001E9A8E
:104850001A431E92002600239B461D9B9E4265D252
:104860009F1B02231E9A1A400A921E9A134202D0DC
:10487000002E00D000275B46002B07D0089A099B2A
:1048800006980799FEF719FD06900791002200236C
:1048900020002900FEF77AFD002800D07CE03D4B87
:1048A0001E9A1340049303971C9B0293069B079C3C
:1048B0000093019453460C9A4946404600F086F80E
:1048C000002E00D187E71E9B9B0671D54525441C11
:1048D0005346020049462800C0475A46D317D2180B
:1048E0005A4005230593013E0496002303930A339F
:1048F00002935B46DB0F0193009253462200494628
:104900004046FFF76CFD0A9B002B00D163E70200D5
:1049100047460C9E1D9D53E01C9B002B9DD00D9B7C
:10492000002B9AD01C9B013B1C9396E7002798E72D
:10493000FFFFEF7FFFFFEFFF01FCFFFF0000F03FF5
:10494000FB799F501344D33FB3C8608B288AC63F7E
:104950000000F83F61436F63A787D23F71A37909D5
:104960004F930A400000E03F1655B5BBB16B0240C3
:10497000EF39FAFE422EE63FFF03000000002C4014
:1049800000002440000018402D431CEBE2361A3F83
:1049900080842E41FFF7FFFF069C079D220029001F
:1049A00080200006844661440B000692079376E758
:1049B00065258CE7541C534649462020B847220001
:1049C000931BAB42F6D3100005E7C046F0B5DE46B8
:1049D00057464E464546E0B595B00690079193463A
:1049E0009946209F1E9A1F9B10001900FEF7E9FCB4
:1049F000002831D101225242BC4B1E981F99FEF76C
:104A0000C5FC002837D101225242B94B1E981F998C
:104A1000FEF7D2FC00283DD10022B64B1E981F990C
:104A2000FEF7CAFC00284AD10022B34B1E981F99FA
:104A3000FEF7ACFC002842D1002200231E981F99EB
:104A4000FEF7A4FC00284AD100239846229B5B0570
:104A500000D4B0E0002452E0229B0393219B0293F8
:104A600003230193A54B00934B465A46079906989A
:104A7000FFF7D6FB08E1229B0393219B02930423BB
:104A800001939F4B00934B465A4607990698FFF7B0
:104A9000C7FBF9E0229B5B070ED59A4B04222299B3
:104AA000039121990291019200934B465A4607992E
:104AB0000698FFF7B5FBE7E0934B0322EFE7229B55
:104AC0000493219B039302971E9B1F9C00930194C8
:104AD0004B465A4607990698FFF766FDD4E01E9AA2
:104AE0001F9B00200021FEF7D6FB1E901F91012383
:104AF0009846ABE70CAB30221A55013F01341F2C0E
:104B000001D8092FF6D81E981F99FEF783FC0500DF
:104B1000FEF768FC02000B001E981F99FEF7BBFB16
:104B20007A4BFA009B181A685B680A920B93FEF79F
:104B3000E2FB08900991FEF791FC0600FEF74EFC9F
:104B400002000B0008980999FEF7A5FB089009914F
:104B500000226F4BFEF730FC00282ED001363000CB
:104B6000FEF73CFC02000B000A980B99FEF714FCC0
:104B7000002801D001350026002F2CD12800FEF797
:104B800031FC02000B001E981F99FEF784FB060003
:104B90000F0000225E4BFEF7F9FB002846D10022F1
:104BA0005B4B30003900FEF707FC00283ED1EB07D5
:104BB0003CD501353AE006274CE70022544B0898D3
:104BC0000999FEF7E3FB0028D6D1002E01D0F307A8
:104BD000D2D50136D0E7AA461F2C11D8013F0A21B1
:104BE0003000FEF71DF9651C30310CAB19550A2158
:104BF0003000FEF715F9092E0ED906002C00EBE760
:104C000055461F2C0CD87B1E002F09D00CAA302132
:104C100011551F000134F4E72B0055461C00F0E746
:104C20001F2C03D80CAB2E221A5501341F2C10D880
:104C30000A212800FEF7CCF8661C30310CAB195560
:104C40000A212800FEF7C4F8051E01D03400EDE764
:104C500034000323229A1340012B1CD01F2C06D8AA
:104C60004346002B32D00CAB2D221A550134229B27
:104C70000393219B029301940CAB00934B465A463D
:104C800007990698FFF7CCFA15B0F0BCBB46B246C0
:104C9000A946A046F0BD219B002B13D04346002B14
:104CA00002D10C3313420FD0219B013B21931900F9
:104CB00003E00CAB30221A5501348C42CED21F2CAB
:104CC000F7D9CBE72199F8E72199F6E7229B5B0713
:104CD00004D50CAB2B221A550134C8E7229B1B07C5
:104CE000C5D50CAB20221A550134C0E7FFFFEFFFFA
:104CF000FFFFEF7F65CDCD4165CDCDC1E0A30310B2
:104D0000E4A30310D4A30310DCA3031018D60310EC
:104D10000000E03FF0B5DE4657464E464546E0B55A
:104D200093B007008A4693461193002900D12CE3E3
:104D3000002508E06C1C5B462A005146B847119BD1
:104D4000013311932500119B1878002800D11EE330
:104D50002528EFD1013311930023180020E001230F
:104D6000184301321192012418E002231843013242
:104D70001192012412E004231843013211920124FC
:104D80000CE00823184301321192012406E010239D
:104D9000184301321192012400E00024002C09D0B4
:104DA000119A1378203BD9B21029F6D88B00C44948
:104DB000CB589F468146119B1A781300303BDBB2DB
:104DC000092B10D92A2A13D00B94119B1A782E2A5A
:104DD00020D0119A1378683BD9B2122965D88B007C
:104DE000B849CB589F4611A8FFF708FA0B90ECE79B
:104DF0001C9B1A1D1C921B68002B04DB0B93119B40
:104E000001331193E1E702220100114389465B421D
:104E10000B93F4E78022D2004946114389465A1C7D
:104E200011925A781300303BDBB2092B0BD92A2A96
:104E3000CFD11C9B1A1D1C921C68002C08DB119BF7
:104E400001331193C5E711A8FFF7D8F90400C0E7B3
:104E50000024F4E780235B0049460B43511C119169
:104E600051786C2901D099461FE0C0239B00494628
:104E7000194389460232119217E0802349460B43B9
:104E8000511C11915178682901D099460DE0C02339
:104E90004946194389460232119206E080235B009D
:104EA00049461943894601321192119B18786728A7
:104EB0001CD8252800D25EE20300253BDAB2422A44
:104EC00000D958E29300804AD3589F4680239B0024
:104ED00049461943894601321192E6E780235B0077
:104EE00049461943894601321192DEE7782800D9F4
:104EF00041E2692800D23EE20200693AD2B20123BF
:104F00009340724A134210D11A0600D50CE25B0599
:104F100000D430E21C9B1A1D1C921E68002C00D08D
:104F2000BAE101225242330096E16F2842D005D8FF
:104F3000582841D0622803D1022606E078283DD0C7
:104F400010234A469A4391460A26582838D06928A1
:104F500005D0642803D00C224B46934399464B4618
:104F60005A0502D501229343994669282DD0642819
:104F70002BD04B469A0500D5AAE0DA0500D5C2E051
:104F80005A0600D4D3E01C9A111D1C911168FF220F
:104F90000A404B4605930B9B04930394029600230F
:104FA000019300925B462A0051463800FFF717FA3A
:104FB00005002AE00826C8E71026C6E71026C4E741
:104FC00020224B4613439946C1E74B469A0520D40D
:104FD000DA0551D45A0666D51C9A111D1C91116828
:104FE000FF220A40D017111841404B4605930B9BF6
:104FF000049303940296D20F019200915B462A001B
:1050000051463800FFF7EBF90500119B013311936E
:1050100099E61C9A073207218A43110008311C9136
:10502000116853689C46DB170C930D930C9A0D9BEB
:10503000100048400E900D9B61464B400F930E9818
:105040000F990C9A0D9B801A99410E900F914B4627
:1050500008930B9B079306940496002305936346DD
:10506000DA0F0292009001915B462A005146380007
:10507000FFF713FA0500C8E71C9A111D1C9112686E
:10508000D0171118414005930B9B0493039402968B
:10509000D20F019200915B462A0051463800FFF77B
:1050A0009EF90500B1E71A0605D51C9A111D1C9141
:1050B0000023D25E96E71C9A111D1C91126891E79D
:1050C0007CD40310C0D403100CD503104190000011
:1050D0001C9A073207218A43110008311C9108935A
:1050E0000B9B079306940496002305930293536841
:1050F0001268009201935B462A0051463800FFF780
:10510000CCF9050081E71C9A111D1C9105930B9B9E
:1051100004930394029600230193136800935B4663
:105120002A0051463800FFF75AF905006DE71A06C4
:1051300006D51C9A111D1C9112681204120C28E746
:105140001C9A111D1C91126823E746281AD01C9B3B
:105150000733072293431A0008321C924A460492EE
:105160000B9A039202941A685B68009201935B4663
:105170002A0051463800FFF729FC0500119B013336
:105180001193E0E520234A461A439146DFE767285A
:1051900001D0472804D180231B014A461A43914677
:1051A000452801D0472803D120234A461A43914677
:1051B0001C9B0733072293431A0008321C924A466D
:1051C00004920B9A039202941A685B68009201930E
:1051D0005B462A0051463800FFF7E6F90500119BAF
:1051E00001331193AFE502234E461E404A46134257
:1051F0001ED001241C9B1A1D1C926A1C9046187814
:105200005B462A005146B847002E14D1119B01334A
:105210001193454697E5551C5B4651462020B847FB
:1052200023002A005C1C0B999942F4D81500E1E791
:1052300001232A00F6E7424606E0561C5B4651462B
:105240002020B8472C003200651C0B9BA342F4D8E9
:105250009046DBE701330A001978002902D0511E7D
:10526000002AF7D19B1B8022D20049461140884674
:105270004946114202D0A34200D9230002224946E6
:105280001140109149460A4208D02A00250099464B
:105290003B004746984626E0220044E6A1462A0005
:1052A0005146B2460E0006E0551C5B4631002020F8
:1052B000B84723002A005C1C0B999942F4D81500CA
:1052C00022004C46330056469A4691462A00250055
:1052D0003B004746984606E01D000136541C5B46DD
:1052E0005146C04722003078002804D0002FF4D067
:1052F0006B1E002DF0D115004B464746109A002A30
:1053000003D1119B013311931DE50B9E2A0006E08A
:10531000551C5B4651462020B84723002A005C1CE0
:105320009E42F5D81500ECE721234A461A431300A4
:105330001C9A111D1C911268059308230493039471
:10534000083302930023019300925B462A005146E2
:105350003800FFF744F80500119B01331193F2E484
:105360006C1C5B462A0051462520B847119B01332F
:1053700011932500E7E46C1C5B462A005146B847B0
:10538000119B013311932500DDE40A4FD0E45D4504
:105390000DD35B465A1E5B4651460020B847280095
:1053A00013B0F0BCBB46B246A946A046F0BD2A00E9
:1053B000F1E7C046ED4102100CB430B585B00A00EB
:1053C00008AC08CC0394054D009401002800FFF7B9
:1053D000A1FC05B030BC08BC02B01847E541021082
:1053E00010B582B0044C009313000A0001002000A5
:1053F000FFF790FC02B010BDE541021010B584B07B
:105400000C0002A902904C60012404480093130090
:105410006242FFF77FFC04B010BDC046EF410210AE
:1054200000BEFDE703000A4A1268002A08D0084AB5
:105430001068C318074A9A4206D3054A136070479A
:10544000034A05491160F2E701204042F7E7C046F0
:105450007438002000000420009B022010B50300D7
:1054600008001100002B05D1044B1A685B6800F09E
:1054700035F910BD01204042FBE7C046C8D30310F8
:1054800010B5030008001400013B012B06D80123CE
:105490000022210000F0D8F8200010BD0120404279
:1054A000FBE701204042704701204042704710B5A1
:1054B000FFF7B6FF30B583B00D001900002A0BD0FE
:1054C000074B084C019200932B000200200000F0D3
:1054D000D7F90120FFF7A4FF034B1A00F1E7C046FC
:1054E000ECA30310FCA303108CBE031010B5EFF364
:1054F0000583002B00D000BEFDF790FB034C01E0BC
:1055000008CC9847024B9C42FAD310BDAC1C00203B
:10551000C81C002010B50300080011001B68984744
:1055200010BD0000F8B507000D001600437D002BEC
:1055300002D0002400200CE00368110028009847E6
:105540002DE03B7D10E03B68154802219847601C28
:105550000134B44214DA002CF3DD2B19013B1B7823
:105560000D3B5A425341DBB22A5D0A2AF0D1002B8F
:10557000EED1A042E7DA3B68211A28189847E2E703
:10558000B04203DA3B68311A28189847002E06DD2E
:10559000AD19013D2B780D3B5A4253413B75F8BD87
:1055A00084D6031070B505000368002B16D00C4B91
:1055B0001C6805E0290004C92000FFF7B3FF246937
:1055C000002C09D02368002BF9D0064B1B68002B58
:1055D000F0D0A342F3D1EDE700232B6070BDC046AD
:1055E000643800207038002070B505000C000B688E
:1055F000802B05D023685A1C2260E418257170BDE9
:105600000800FFF7CFFFF5E710B5FCF769FF074A81
:10561000002312184B41002B03DB05480FF058FF05
:1056200010BD01225242034BF7E7C04640420F0033
:10563000581C0020FFFFFF7F10B502480FF0F0FE5E
:1056400010BDC046581C0020F0B5CE46474680B578
:1056500083B006000D0090461C00FFF7D5FF814681
:105660006B1C05D0002C08D0184F194B1C6807E0A4
:1056700030000EF0EFF90500F4E7164FF5E7246966
:10568000002C17D02368002BF9D0134B1B68002B7C
:1056900001D0A342F3D12A0031002000B84743468D
:1056A000002BECD06B46D91D0A230B700122200081
:1056B000B847E4E74B46002B05D1280003B0C0BC37
:1056C000B946B046F0BDFFF7B7FFF6E72555021023
:1056D000643800201555021070380020F0B583B0F2
:1056E00006000F0001920093164B1C6808E0A368A7
:1056F000002B04D0390030009847002820DC2469B2
:10570000002C06D0104B1D68002DF0D0A542F6D11C
:10571000EDE700990A000D4B5B6A994209D80B49E5
:10572000896A0198814209D29A4202D002204042FD
:1057300006E001200021FCF7DBFED5E70220404215
:1057400003B0F0BD643800207038002000400540F0
:105750000A4A136802E01A0010321B69002B09D0B4
:1057600013688342F7D1002907D10369136000232E
:10577000036102E0002900D0106070476438002007
:1057800010B5064B1C6800E02469002C04D0636847
:10579000002BF9D09847F7E710BDC04664380020C9
:1057A00010B500F07FF900F01FFB012010BD0000D4
:1057B00030B583B004000025FCF792FE22002B00D8
:1057C00012184B41002B0ADB012101A8FFF786FFCD
:1057D000002802DB07D001AB187803B030BD0122EE
:1057E0005242044BF0E7044B044A04210448FF31C1
:1057F000FFF760FEFFFFFF7F2CA4031068D60310A5
:1058000030A4031010B582B004006B46D81D04709C
:10581000012300220121FFF717FF200002B010BD75
:1058200070B505000EF016F90400012301220100F5
:105830002800FFF709FFFFF7A3FF200070BD00005D
:10584000F0B5A3B004000E00FFF7DEFE050001AFC7
:10585000002301930948330022003900FFF7CEFDF1
:1058600004003800FFF79EFEFFF78AFF002D02D1EB
:10587000200023B0F0BDFFF7DFFEF9E7E955021085
:105880000FB400B583B004A901C90191FFF7D8FF97
:1058900003B008BC04B0184710B582B00C00144B1C
:1058A000C3185A425341134A5B009B5E8B4204D09B
:1058B0006B46DA1D1470002115E06B46DA1D0D23CE
:1058C000137000210029F3D183699B06FCD413785F
:1058D000036001310132F5E783699B06FCD413783C
:1058E0000360013101320029F6D002B010BDC0467C
:1058F0000080FCBF8441002082B000226B46D91D8D
:1059000006E08369DB06FCD403680B7001320131C9
:10591000002AF6D06B46D87902B0704770B5060001
:105920000D00002405E0315D034B1868FFF7B4FF5C
:105930000134AC42F7DB70BD88410020F8B50600A9
:105940000D00002705E07C1CF719FFF7D5FF387024
:105950002700AF4204DA0D4A10688269D206F2D5F8
:105960000B4A1268002A0AD0084A12685021916333
:10597000506B18390140074B9C4662441160002F60
:1059800001D03800F8BD033FFBE7C0468841002046
:10599000FC3700203410000010B5064B1B68002BAC
:1059A00006D0054A126800219163044A106898479E
:1059B00010BDC046FC37002088410020043800207C
:1059C000024B1A6893691B07FCD47047884100207A
:1059D00070B51D4B1B681D4A934207D01424002844
:1059E0001ED01B4B1B68002B02D070BD1524F6E7A0
:1059F000174B1860174B196017492000FBF716FE6C
:105A000001212000FBF7DAFD0F4B1B6850229A633F
:105A1000596B183A0A4011498C4663441A60E4E70E
:105A20000B4A1268002AE0D000259D630021200067
:105A3000FBF7C4FD08492000FBF72EFF044B1D6057
:105A4000044B1D60D1E7C046884100200080034020
:105A5000FC3700200438002099590210341000004F
:105A600070B50D001C000D4B1860002A0BDA002CDD
:105A70000EDA0A4B18682900FCF70EFE08480121CF
:105A8000FFF766FE70BD02211000FBF7EBFAEEE7B0
:105A900002212000FBF7E6FAEBE7C0468841002030
:105AA0002015002010B5074B1B78074B1B78074BC0
:105AB0001B78E1210123002249020548FFF7D0FFAE
:105AC00010BDC046E4EC0310E0EC0310DCEC031066
:105AD0000040034070470000014B00221A707047DD
:105AE000F99A02204B79FF2B0CD18B79002B0BD12B
:105AF000CB79012B0AD1082A0AD98A78054B1A706A
:105B0000092000E0002070470020FCE70020FAE7B1
:105B10000020F8E7F99A02200120704710B501290A
:105B200027D1117953791B020B43134909788B4212
:105B300001D000201EE05378012B03D0022B11D09E
:105B4000002017E09178D3781B021943DB0506D5B6
:105B5000480A8A05D20F7F231940FCF7B5FF0120C0
:105B60004042F6E7642200210020FCF74DFF0120AF
:105B700000E0012010BDC046F99A0220004870479D
:105B80006CD7031010B51400012910D15378012BE4
:105B90000FD1127963791B021343072B01D0002028
:105BA00006E0054A9F33210001F058FB00E0012088
:105BB00010BD0020FCE7C046C4D6031001230370CB
:105BC00000487047A4D6031010B50A784B781B0222
:105BD00013438A7812041A43CB781B061343962288
:105BE000D200934200D010BD01200022110040429B
:105BF000FCF76AFF024B1860024B19607047C04601
:105C0000003800200838002010B5FCF769FC0E4A67
:105C1000002312184B41002B12DB0C480FF058FCEC
:105C200000280CD001200021404201F0E3F90020BF
:105C300001F07CFC0028F5D104480FF0F1FB10BD09
:105C400001225242024BE8E740420F007C41002013
:105C5000FFFFFF7F10B5024B1878FBF7B9FC10BDB2
:105C6000FB9A02200268EFF3108172B61368002BD2
:105C7000FCD0BFF35F8F41607047000070B5144BDC
:105C80001B68002B1AD0124C2000FFF7EBFF114BC2
:105C900000221A7021686368BFF35F8F0A6083F384
:105CA0001088002400250C4B1878FBF76DFC0028A9
:105CB00008D1002400252000290070BDFA24A4008A
:105CC0000025F0E7044B1878FBF782FCF3E7C046A9
:105CD000AC3C0020FC9A0220FB9A0220F0B585B073
:105CE000060014001D000CAB1F78FCF7F9FB220026
:105CF0002B0012184B41002B09DB02970B990191E5
:105D00000A9900913000FCF7FBF905B0F0BD0122C3
:105D10005242014BF1E7C046FFFFFF7FF0B5C64698
:105D200000B584B00500884616001F000AAB1C7839
:105D3000FCF77EF90294019700962A004346FFF78C
:105D4000CDFF04B080BCB846F0BD000010B582B0F5
:105D50001F4800210FF08CFB002818D11D4B1B6839
:105D6000002B12D01B4C2000FFF77CFF1A4A13783F
:105D7000DBB20121117021686268BFF35F8F0020E0
:105D8000086082F31088002B17D002B010BD0120EC
:105D90000021404201F02EF9002001F09FFB040099
:105DA0000B480FF03DFB002CEFD00C4B1B68002B79
:105DB000EBD00B4A10689847E7E70A4A0133009393
:105DC0000023FA2080000021FFF7A8FFDDE7C0468E
:105DD0007C410020AC3C0020FC9A022000380020CE
:105DE000083800207D5C021010B582B0D0231B065D
:105DF0001C68FCF71DF9FCF7FDF9A04230D1274BD8
:105E00001B780021002002F053F8254B1B68002B63
:105E10002CD00120FBF792FE224C20702249FF2358
:105E20001840FBF703FC20780121FBF7C7FB052096
:105E3000FBF7EEFB041E1DD00120FBF701FB010068
:105E40001A4B1800FBF7ECFE194900220520FBF75E
:105E500017FC18480121FFF77BFC200002B010BDA1
:105E6000154B164A1648C121FFF724FB0C48FBF7D7
:105E700093FECEE70D4808220021FEF7A3F9114A50
:105E8000012300930023FA2080000021FFF746FF42
:105E9000C043C40F0028E0DADBE7C046E8EC03109B
:105EA0007C410020FB9A02204D5D0210AC3C00209A
:105EB000555C021038150020488303109CD703104E
:105EC000A4A403107D5C021010B5002001F0EAFAD2
:105ED00010BD000070B505000C00FFF7F5FF0028AD
:105EE00034D0002001F0FAFA002832D0FCF7F8FA9A
:105EF0001B4A002312184B41002B19DB19480FF0E5
:105F0000E7FA002828D0FFF7DFFF002804D00020A0
:105F100001F0E4FA00280FD101200021404201F0F5
:105F200069F8032464420F480FF07AFA200070BD2C
:105F3000012252420C4BE1E722002900002001F02F
:105F4000D9FA041EEFD103246442ECE7032464422F
:105F5000ECE703246442E9E703246442E6E7C04631
:105F600040420F007C410020FFFFFF7FF0B5C64696
:105F700000B580460C00FCF7B3FA314A0023121832
:105F80004B41002B07DB2F480FF0A2FA002806D167
:105F900080BCB846F0BD012252422B4BF3E7FFF71D
:105FA00093FF002849D1294B002000211860596037
:105FB00024480FF035FAEBE701200021404201F0C0
:105FC00019F8002001F0B2FAFFF77EFF0028EFD0A9
:105FD000002001F027FB002820D0A542E8DA661B4C
:105FE000002001F01FFB0200864200DC3200002A84
:105FF000E2D043465919002001F0F0FA06000120D2
:106000000021404200F0F6FF002001F08FFAAD19A8
:10601000FCF766FA0D4B18605960DEE7FCF760FA92
:106020000A4B1E685F680A4A002392197B41994215
:10603000BED8D2D19042D0D9BAE70025CDE7C0462C
:1060400040420F007C410020FFFFFF7FA827002077
:1060500020A107000048704718D803100048704777
:10606000C4D7031010B50400154B1B78002B0ED0BD
:10607000002C11D1134B144A5A80012301335B00C9
:106080009BB21048C02292001343038010BD0C48FD
:10609000112100F025F8EBE7052C0ED80B4BA400DE
:1060A000E4580023122BE9D8E15C0029E6D0013343
:1060B000044A58008152DBB2F4E70020E6E7C0460C
:1060C0008C9902203C38002009040000ACD7031052
:1060D00010B5024800F030F810BDC046683F0020FF
:1060E00010B5002901D0002308E00F4B0F4A1048DB
:1060F0003531FFF7DFF93732C25401334A1E9A4275
:106100000ED90F2B0CD85A080A4CA45C01229A43D2
:10611000920014410F222240092AECDC3032EBE7D6
:10612000C0180023037010BD34A503102CD8031031
:106130003CA50310683F002070B588B0040004AD92
:106140000D2200212800FEF73DF80D2200216846AF
:10615000FEF738F84B232B700D22694628000FF00C
:106160004FF9002304E05A1D69468A5CE25401336A
:10617000072BF8DD08B070BD70B582B07F230340F7
:10618000C509274C5E0076197601A419A0706842F3
:10619000684160700020E0702183E276012D1ED0FE
:1061A000D800204A944660441D4A590049194901C3
:1061B000521890601A4A59004919490152189268B8
:1061C00000211160002B10D1154A5B005B195B01A7
:1061D000D31800225A60144ADA6002B070BDD800A9
:1061E000124A94466044A060E4E7012D0BD0591E8A
:1061F000C9000F4A94466144094A5B005B195B0180
:10620000D2185160E9E7591EC9000A4A9446614410
:10621000034A5B005B195B01D2185160DDE7C046A1
:106220007838002084001050000110508000105079
:106230000C0010500800105010B5038B3F333F2264
:106240009343C27E022A08D008490A68C260D31864
:106250000B60074A934202D810BD5B00F4E7054B80
:10626000054A06485221FFF725F9C046903C002018
:10627000FF0F105028A70310B4D803106CA7031009
:10628000F8B57F250540C6096B009B195B010E4CD4
:106290001C19FFF771FF002D00D1F8BD0A4B6D00EE
:1062A000AD196D015D19298B2000FFF7C5FFEB7E4D
:1062B0009B06E968054A4A401343802212061343AD
:1062C0006A681360E9E7C046783800200000105083
:1062D00010B504007F202040E4094000001940016F
:1062E000024BC01800F026F910BDC04678380020D7
:1062F00010B5002804D101210520FBF75FF910BD7E
:10630000034B044A98210448FF31FFF7D3F8C046F5
:10631000E0A70310A4D803106CA7031010B5002841
:1063200005D1002200218020FFF7D2FF10BD034BD2
:10633000034AA2210348FF31FFF7BCF8E0A703108E
:1063400094D803106CA70310024B80225202DA6427
:106350007047C0460020115070B5041E27D100F0D0
:10636000C7F8164D0C23AB671549FF220520FBF734
:1063700087F9144840220021FDF724FF0022402124
:106380000020FFF77DFF002240218020FFF778FFEB
:106390000FF0CEF801232B6480239B05EB64902340
:1063A000094AEA502000FFF7CFFF012070BD074BDC
:1063B000074A64210748FF31FFF77CF800001150BD
:1063C000190700207838002010D00100E0A7031042
:1063D000C8D803106CA70310044B1970002904D00F
:1063E000034A902380218902D1507047F39A0220FA
:1063F000002011500B785B0602D14B78052B00D0A2
:1064000070478A78014B1A60FAE7C04600001150C5
:1064100010B5CA789207920F012A0AD088780B79B2
:106420004979090219434905490DFFF729FF012060
:1064300010BD0020FCE710B50FF07AF810BD000089
:1064400010B50400080011001A00002C03D1FFF75A
:106450003FFF012010BD034B034A812103488900FF
:10646000FFF728F8E0A7031084D803106CA70310E7
:1064700010B57F23180008400B4205D1CB09012B32
:106480000ED00222074B9A66C9094000401840010D
:10649000054BC0188022120100210FF039F810BD01
:1064A0000122EFE7002011507838002010B57F223C
:1064B000100008400A4200D110BDC9094000401830
:1064C0004001044BC0180023C370002202490FF0A2
:1064D0001FF8F1E778380020FFF7FFFF04E00A78A3
:1064E0000270013101301A00531E002AF7D17047A3
:1064F00010B580235B040A4A13600A4A13600A4BF2
:106500001A6880235B049343F9D180225201002151
:106510000648FDF757FE064B09225A6710BDC046D4
:1065200000E0004000F0004008C0004000001050B3
:106530000000115070B504000D001600837E002B82
:1065400017D1A6820023E3820133A37625612000C0
:106550000EF0AEFF002804D00C4A9023802189025F
:10656000D15020000EF07CFF00280AD001232377B1
:1065700070BD81780648FFF783F920000EF0B8FF60
:10658000DFE720000EF0ACFFF2E7C046002011501C
:10659000D4A8031070B50500002408E09B1A5B0125
:1065A000164A9B18DB68280098470134E4B2144B64
:1065B0001A782300511CA1420DDBA242EED9114BE7
:1065C0001B6862019B18002BECD10F490F48104A41
:1065D000FFF756F910E00F4C542200212000FDF780
:1065E000F1FD201D1022FF21FDF7ECFD20001430ED
:1065F0002022FF21FDF7E6FD70BDC04644DA0310FE
:10660000F29A02205C31002010DA03100CA903106A
:10661000250200000C3300200268EFF3108172B6EF
:106620001368002BFCD0BFF35F8F4160704710B53B
:10663000FFF7B0FF00F05EFE10BD70B505000C0066
:106640001600486900F060FE6369320001212800ED
:10665000984770BDF0B5DE4657464E464546E0B514
:1066600083B082460139C8B2FFF7F8FC002803D096
:1066700043789946022B0CD056495748574AFFF7A2
:10668000FFF8002003B0F0BCBB46B246A946A046C6
:10669000F0BDC5796C110122514B144024011978C9
:1066A0001026B14321431970AD112A405201C9B2DD
:1066B0002024A1430A431A70060009368278C37861
:1066C0001B02134383469B444B460193370066E00D
:1066D000FB7899463A78BF1868E03E493E48414AFF
:1066E000FFF7CEF80020CDE7009AD31A5B013E4EAB
:1066F0009E1933692200390050469847082801D96D
:10670000844216D20135EDB2384B1B7800955A1CE5
:10671000AA423EDBAB42E7D9354B1B686E019E199E
:10672000002EE6D12B492C48324AFFF7A9F8002069
:10673000A8E73400009E00904B46012B11D00020AA
:10674000494681421BD9BB781B18DBB2244AD218B8
:106750001279FF2A0CD1224AD3181D710130C0B220
:10676000EFE72169244A9142E9D1019B9946E6E786
:1067700018491948214AFFF783F8002082E720488A
:106780002B00009C2200390001F068FCA4466744FD
:1067900000E02E00154B1B7801339E420FDC5F4555
:1067A00015D27B780B2B93D0012399467A78042A53
:1067B00093D15B46DA1B93B200251C00A4E7852227
:1067C00004490548D200FFF75BF800205AE7012092
:1067D00058E7C046E4D903100CA90310D603000003
:1067E0000C330020F103000044DA0310F29A022077
:1067F0005C310020FA030000A177021019040000A8
:1068000020330020704770470020704700207047F9
:1068100070B505000C00CB7888780F2B53D89A0000
:106820002E498A589746FFF715FC021E05D0122301
:106830002100280000F012FD46E0294929482A4A93
:10684000FFF71EF800203FE0FFF798F9021E3CD04A
:106850008178C3781B020B432100280000F0FEFC66
:1068600032E0022B0CD0FFF7D1FF021E2FD091781F
:10687000D3781B020B432100280000F0EFFC23E03B
:10688000FFF7ECFB021EF2D115491648174AFEF736
:10689000F7FF002018E02379617909021943FFF717
:1068A000E1FB021E15D003782100280000F0D6FC81
:1068B0000AE0FFF7A9FF021E0DD00378210028008F
:1068C00000F0CCFC00E0002070BD0020FCE70020C0
:1068D000FAE70020F8E70020F6E7C046E4D8031006
:1068E000CCD903100CA903103A0400006104000085
:1068F0007047704770477047024B5878431E984165
:10690000C0B270470C330020024B18784007C00F0C
:106910007047C0460C330020034B1878FF38431EE5
:106920009841C0B27047C0466C150020F8B505000C
:106930000F00FFF7F1FF061E48D1002F21D02E488F
:1069400054220021FDF73EFC2C4B00221A702C4CE7
:106950002000FBF721F92B4B1C602B4C2000FBF790
:1069600069F9143C200001F013FF284B1C60284BF0
:10697000002B04D02748FFF721F9274B186000248B
:1069800010E0E922254926485200FEF779FF1DE074
:106990009B1A5B01234A9B185B68002B10D0984719
:1069A0000134E4B21B4B1A782300511CA1420FDBC7
:1069B000A242EDD9184B1B6862019B18002BEBD14A
:1069C000F822164916485200FEF75AFF3000F8BD6B
:1069D000154B1D7039002800FFF7BEFC061E03D0C2
:1069E0002800FFF785FCF1E7FC220C490C48520017
:1069F000FEF746FFEAE7C0460C330020F49A022077
:106A0000043300206033002064150020643300202C
:106A1000BD5B0210F29A02205C31002034DA0310D0
:106A20000CA9031044DA03106C15002070B50D009A
:106A3000104B1E788B7870221A420DD10E4B99782C
:106A4000280001F0B5FA041E0DD029003000FFF730
:106A5000DFFC0400200070BD08490948094AFEF720
:106A60000FFF0024F6E705490548074AFEF708FF2F
:106A7000F0E7C0466C1500200C3300209CD90310B1
:106A80000CA903100B0500000C050000F0B5D6465C
:106A90004F464646C0B581460C0017009846089BF5
:106AA0009A46002517E018491848194AFEF7E8FEEB
:106AB00000263000E0BCBA46B146A846F0BD9D2293
:106AC00011491248D200FEF7DBFEF2E7099A137073
:106AD0002378E4180135AF4214DD6378052BE2D149
:106AE000E1788907890F4145DDD121004846FFF74C
:106AF0009DFF061EE3D0A378DA09012AE6D05246AC
:106B00001370E5E70126D4E7ACD903100CA90310F4
:106B1000E704000010B57F200840C9094000401874
:106B20003030044BC0180430034B196801F0FCF9F5
:106B300010BDC0460C3300206033002010B57F200C
:106B40000840C909400040183030044BC0180430D8
:106B5000034B196801F010FA10BDC0460C33002039
:106B600060330020F0B5C64600B582B001931A48E4
:106B700000787F250D40CE09184C6F00E419A41948
:106B800030342479E4071DD4144C6F00E419A4199F
:106B9000303423790127BC4667463B432371019B70
:106BA000FFF74EFC002813D10C4B6D005B199B19AD
:106BB00030331A7901218A431A711A7903318A43D1
:106BC0001A7105E006490748074AFEF759FE0020FA
:106BD00002B080BCB846F0BD6C1500200C3300201C
:106BE0008CD903100CA903103905000070B50A4BAD
:106BF00018787F240C40CD09FFF73AFC074A64005F
:106C000013195B1930331A7902210A431A711A7960
:106C100001210A431A7170BD6C1500200C3300204D
:106C200070B50A4B18787F240C40CD09FFF73EFC65
:106C3000074A640013195B1930331A7902218A4319
:106C40001A711A7901398A431A7170BD6C150020C6
:106C50000C3300207F220A40C909044B52009B18C4
:106C60005B18303318798007C00F70470C33002051
:106C7000F0B585B005000C00002000F045FB23783E
:106C800060221A40602A1AD0402A20D02378DB06DE
:106C9000DB0E012B00D1D6E0022B00D116E1002B38
:106CA00000D07CE1202A1CD0002A00D07FE163784C
:106CB000092B00D97DE19B00C54AD3589F46553228
:106CC000C449C5489200FEF7DBFD002668E1C348D1
:106CD00000F01AFB220001212800FEF753FF0600F6
:106CE0005EE123790F2B00D95DE1BD4AD3181B79F2
:106CF000BC4A1278934207D2BB4A11685B01C9189B
:106D0000002909D100264BE1511C994200DA4CE1DF
:106D10009B1A5B01B549591822002800FFF78DFC2A
:106D200006003DE1200000F0F5FAA1782800FFF709
:106D3000F5FAAB4A137802210B43137001262FE1B9
:106D4000A74B5B7802AA06321370012321002800AA
:106D500000F084FA012623E1A678A14B5B78B342C8
:106D60002CD09F4B5B78002B0CD19D4B5E70002E7E
:106D700022D031002800FFF76DFC061E12D0FFF76D
:106D8000B7FD1BE000212800FFF726FB2800FFF7D6
:106D900052FB934FBB7801932800FFF7FBFB019B4D
:106DA000BB70E2E7C9228B498B489200FEF768FD71
:106DB0008B4B00225A70F3E0FFF79BFD2100280067
:106DC00000F038FA0126EBE021002800FFF720FD53
:106DD0000600E5E0A278E3781B021343012B01D003
:106DE0000026DDE07E4A137808210B431370210052
:106DF000280000F01FFA0126D2E0A278E3781B02F7
:106E00001343012B01D00026CAE0754A13780821EC
:106E10008B4313702100280000F00CFA0126BFE01C
:106E20006F4B1A78510992080223134001220A403D
:106E3000134302AA0632138002232100280000F027
:106E40000DFA0126ACE023790F2B00D9B3E0644A98
:106E5000D3181B79634A1278934223D2624A11688D
:106E60005B01C918002900D1A7E022002800FFF724
:106E7000E4FB061E00D093E0237860221A4200D083
:106E80008EE063780A3B012B00D989E0002000F0F6
:106E90003BFA63780A2B0ED02100280000F0CAF9D3
:106EA00001267DE0511C994200DA88E09B1A5B01C3
:106EB0004E495918D9E702AB9A1D002313700133CC
:106EC0002100280000F0CAF9013669E021797F200D
:106ED0000840CE0970230B4217D1414B40001B18CC
:106EE0009B191B7D3F480078834215D23E480668B7
:106EF0005B01F618002A19D0002E62D02200310062
:106F00002800FFF79AFB06004AE032493248384A27
:106F1000FEF7B6FC002643E0461C9E4204DB1B1A2B
:106F20005B01324E9E19E5E70026E3E76378012B0B
:106F300010D0032B0ED0002B45D12800FFF78AFE7E
:106F400002AB9A1D108002232100280000F086F970
:106F5000012625E0A078E2781202024304D1012B39
:106F600019D02800FFF742FE002E2ED0220031005B
:106F70002800FFF762FB002000F0C6F9184B35220D
:106F80009B5CDB07DE0F002B0AD12100280000F0FC
:106F900051F9012604E02800FFF742FEE4E700264D
:106FA000300005B0F0BD0026FAE70026F8E700261D
:106FB000F6E70026F4E70026F2E70026F0E70026D1
:106FC000EEE70026ECE70026EAE70126E8E7C04600
:106FD00040D90310F8D903100CA90310855B0210E7
:106FE0000C330020F29A02205C31002044DA0310B6
:106FF0009503000030B585B0FFF78EFC002808D15E
:1070000005B030BD01AC2078FFF711FB2279604B51
:107010009A70604B1C6820001430FFF7FDFA01A93C
:10702000200001F058FB6269A369BFF35F8F002164
:10703000116083F310880028E2D001AB5B78082B45
:10704000E7D89B00544AD3589F4601AB1878FFF706
:10705000EEFAFFF74EFCDCE7504B1B78002B2DD0EF
:107060004E4A1378013BDBB213701378002BD0D15A
:10707000474B1A78012401210A431A703422995C83
:10708000A1439954995C0420814399540132995C3D
:10709000A1439954995C8143995401AB187802A992
:1070A000FFF7E6FD0028B4D101AC20780021FFF7FE
:1070B000DFF920788021FFF7DBF9AAE73849394862
:1070C000394AFEF7DDFB9BE701AB19797F220A40C5
:1070D000CC092F4B50001B181B1930331879012590
:1070E000A843187118790335A8431871002A15D0E0
:1070F000274B52009B181B191B7D2C4A1278934278
:1071000013D22B4A12685B01D318002B15D09C694F
:1071100001A84279039B0078A0477AE701A8427949
:10712000039B007800F004F973E7501C984204DBDD
:107130009B1A5B011F4A9B18E9E7A42218491948CA
:107140009200FEF79DFB5BE7114B1B78DB0700D439
:107150005FE70F4B18780007C00FFFF7CBFB58E72E
:107160000B4B1B78DB0700D453E7FFF7C4FB50E75A
:10717000029B002B00D14CE70398984749E7044B4A
:10718000DB78DB0700D444E70298FFF73CFB40E7DD
:107190000C3300206433002068D90310F49A0220D5
:1071A00024DA03100CA9031065020000F29A0220F1
:1071B0005C31002044DA031010B50023CB56002BBD
:1071C00005DB802100230022FFF7CCFC10BD00214D
:1071D000F8E70000F8B50500144B9F89DE89BB1B5A
:1071E0009BB21C1C402B00D94024A4B20F4B1B782F
:1071F0005BB2002B08DB0021B74213D00C4A2300FE
:107200002800FFF7AFFCF8BDB74209D0074B9968DB
:10721000402C09D806482200FCF7DAFF8021EBE772
:107220008021E9E70022EAE70020ECE7EC320020C9
:10723000AC32002070B506000D00074C082220007B
:10724000FCF7C6FF0023A360E381A381290030007F
:10725000FFF7B2FF70BDC046EC320020F0B5C64665
:1072600000B580460C0016001D001F4B08221F00B1
:107270001800FCF7ADFFBE600023FB81A379E17924
:10728000090219430B1CA94200D92B1C99B2164ABA
:107290009381A279E3791B02134319D0002901D00D
:1072A000002E08D04046FFF795FF041E0AD02000AC
:1072B00080BCB846F0BD0D490D487222FEF7E0FAD9
:1072C0000024F4E709490A487422FEF7D9FAEEE7E8
:1072D00021004046FFF770FF041EE8D1034904482F
:1072E0007622FEF7CDFAE2E7EC3200209CDA0310BA
:1072F0000CA9031010B5034814220021FCF762FF0B
:1073000010BDC046EC320020014B18617047C046EA
:10731000EC32002010B50100044C08222000FCF7DC
:1073200057FF0023A360E381A38110BDEC3200204E
:1073300070B505001C00C909314B1B78DB098B4275
:1073400016D0002C07D02F492F489D22FEF798FA1F
:107350000024200070BD2A4C2100FFF74BF8236960
:10736000002B03D0264A0321280098470124F0E788
:10737000234B1B785BB2002B07DB214B986800285E
:107380003CD022492200FCF723FF1D4AD389A1B239
:107390005B189BB2D381916809199160D28893429E
:1073A00001D03F2C1FD8164B1B69002B05D0144A67
:1073B00002212800984700280BD011492800FFF728
:1073C000FBFE041EC5D10F490F48C522FEF758FA2F
:1073D000BFE700212800FFF74BF880212800FFF7C6
:1073E00047F80124B5E72800FFF7F4FE041EB0D1EA
:1073F00004490548CD22FEF743FAAAE70024A8E78E
:10740000EC32002084DA03100CA90310AC32002007
:1074100070B50500FFF770FA002802D100242000A3
:1074200070BDFFF771FA041EF8D11C4BC8226A43E5
:107430009B18DB78002BF1D0C8266E431036174B13
:10744000F618300001F030F93F28E8D9134BC82274
:107450006A439B18D9780020FFF75CFB002801D114
:107460000400DCE7300001F01FF93F280DD9EA01E4
:107470000B4BD218094BC82169435B18D9784023BC
:107480000020FFF76FFB0400C9E7044BC8226A43E2
:107490009B18D9780020FFF751FBC0E7E4310020AA
:1074A0006031002010B50400FFF726FA002801D152
:1074B000002010BDFFF728FA002808D1064BC8228B
:1074C00062439B181B79DB0703D50130F1E70020ED
:1074D000EFE70020EDE7C046E431002010B5C823F7
:1074E000434310330248181801F0ACF810BDC046F1
:1074F000E431002070B50400C8206043030010335D
:1075000007481818074B9A4208D892B201F004F9BC
:1075100005002000FFF77CFF280070BD024AF5E758
:10752000E4310020FEFF0000FFFF000070B5050001
:10753000FFF7E2F9002801D1002070BDFFF7E4F960
:107540000028F9D1C8246C432034204BE4180434BB
:10755000200001F077F8002801D10020EDE71B4B57
:10756000C8226A439B1899780020FFF7D3FA0028B5
:1075700001D10020E1E7EE014036154BF61840221C
:107580003100200001F0C8F8041E14D00F4BC822AF
:107590006A439B189978030032000020FFF7E2FA53
:1075A000002801D02000C8E70A490B48D522FEF781
:1075B00067F90020C1E7054BC8226A439B189978F8
:1075C0000020FFF7BBFA0020B7E7C046E4310020F7
:1075D00060310020CCDA03100CA9031070B505004F
:1075E000C824444320340C4BE41804340B4B9A4217
:1075F0000BD892B2200001F0C6F80600200001F07E
:1076000021F83F2803D8300070BD054AF2E7280072
:10761000FFF78CFFF7E7C046E4310020FEFF0000D3
:10762000FFFF000010B5C82358432030024BC0189C
:10763000043001F039F810BDE4310020F0B5CE4639
:10764000474680B583B02648C8220021FCF7BAFD22
:10765000244B00221A700027002F04D003B0C0BCB6
:10766000B946B046F0BD1E4EC8247C433519FF23F1
:107670006B71E1235B02AB60002398462B736B7345
:107680000833AB732100383189192000103080197C
:10769000434600930133402200F096FF21007831E9
:1076A00089192000203080190430012300934022E2
:1076B00000F08AFF2300B8339946B1444846FAF7F0
:1076C0006BFAC034A4192000FAF766FA4346EB615E
:1076D0004B462B622C6343466B630137FFB2BBE71B
:1076E000E4310020E031002010B50023002B01D050
:1076F000012010BD19000D4AC82058431218106A05
:10770000146B002806D0094AC820584312180020DC
:10771000D0611062002C06D0044AC82041435218A0
:107720000021116351630133DBB2DFE7E431002054
:1077300070B50024002C00D070BD2500C820604327
:10774000154BC01805220021FCF73CFD134B1B789C
:10775000DB070FD5114B1B789B0713D5C820684357
:1077600020300D4BC0180430012101F030F80134F5
:10777000E4B2DFE7C82060431030074BC01801F0C7
:1077800007F8E7E7C82068432030034BC0180430EF
:1077900000F0FEFFE2E7C046E4310020E0310020C7
:1077A000F0B585B003904B79022B63D18B79022B16
:1077B00064D10027002F07D0002F0FD18B783370B2
:1077C0000C780C19092515E0C8237B432C4E9E1913
:1077D000B378002BF0D00137FFB2EBE74222294902
:1077E0002948FF32FEF74CF8002544E023785D1964
:1077F000ADB2E4186378242B01D19542F6D9052B5C
:1078000009D06378042B02D163790A2B18D0380091
:10781000FFF7FEFD2FE021000398FFF707F900288E
:1078200006D0A378737023785D19ADB2E418E8E749
:10783000542214491448FF32FEF722F800251AE0BA
:1078400021784D19ADB26118B31C0193F31C00935C
:10785000022302220398FFF719F9002802D00E35FF
:10786000ADB2D4E7B122074907485200FEF708F845
:10787000002500E00025280005B0F0BD0025FAE74E
:10788000E4310020C0DA03100CA90310F8B514008D
:10789000127860231340202B00D082E00025002DB9
:1078A0000ED0002D00D07EE06378222B42D017D876
:1078B000202B1FD0212B11D1012933D0012071E0C1
:1078C000C8236B433C4A9E18D25C277963791B021C
:1078D0003B439A42E5D00135EDB2E0E7002061E09C
:1078E000232B05D101294BD003294ED0012059E08B
:1078F000002057E0012903D0032909D0012051E0DD
:107900003200083207232100FFF7A8FC012049E0DC
:107910002A4B002B49D0310008312800FEF754F9DA
:1079200001203FE03200083207232100FFF796FCD8
:10793000012037E0012903D0032906D0012031E0DE
:107940002100FFF777FC01202CE0A278E3781B02EE
:107950001343012427001F405A08144033710121AA
:107960007940C9B23000243000F031FF144B002BB5
:107970001DD022003900280000E000BF012011E0E6
:107980002100FFF757FC01200CE00E4B002B10D01C
:10799000A378E17809021943280000E000BF012024
:1079A00000E00020F8BD0020FCE70120FAE70120FC
:1079B000F8E70120F6E7C046E4310020C95B021079
:1079C0000000000000000000F0B5D646474680B534
:1079D00083B001900F0000930024002C0FD0002CE6
:1079E0001AD1A046EB78BB421ED0AB78BB4254D034
:1079F0000124200003B0C0BCBA46B046F0BDC82583
:107A000065433C4BED18EB78BB42E8D0AB78BB420A
:107A1000E5D00134E4B2E0E7E622374937485200C6
:107A2000FDF72EFF0024E4E710239A46AA44E10163
:107A3000334BC9186B461A88504600F0A4FE314BF0
:107A4000002B1AD06B79FF2B17D0002600E00136EF
:107A5000009B9E4211D26A79294B4146C9015B18AD
:107A60009B5D9A42F3D1504600F002FE0028EED111
:107A70006979200000E000BFE9E7234B002B04D028
:107A8000504600F0F5FD002803D02000FFF7C0FCB1
:107A9000ABE7200000E000BFF7E71C4B002B02D053
:107AA000200000E000BF2000FFF740FD002801D0CB
:107AB00001249EE72800243000F0C4FD002815D1E1
:107AC000009B002B14D09E0601D0012491E7A978D9
:107AD0000198FFF71FF8041E01D1012489E7A97856
:107AE000002300220198FFF73DF882E7012480E798
:107AF00001247EE7E4310020B0DA03100CA9031062
:107B000060310020000000000000000000000000C4
:107B1000002817D10C4B9322920042439B182A3322
:107B2000FF331B78002B09D1074B9322920042436D
:107B30009B185B79002B03D0013004E0012002E0A8
:107B4000002000E000207047A834002010B5002875
:107B500001D0002010BD932189004143024BC91878
:107B6000043100F001FBF5E7A8340020F0B5D6465B
:107B70004F464646C0B584B021489322920000216A
:107B8000FCF720FB0025002D05D004B0E0BCBA4670
:107B9000B146A846F0BD9324A4006C4323004933AA
:107BA000FF33174A91464B440433EE01154A92467F
:107BB000B21820002930FF30484440218846039104
:107BC000029280277F00019700930023002200216A
:107BD00000F057FA230020334B4408334036564414
:107BE00020004844043042460392029601970093D5
:107BF00000233F3A002100F044FA0135EDB2C2E71C
:107C0000A83400202834002070B50025002D01D0B4
:107C1000012070BD9324A4006C4320002930FF3064
:107C2000054E801900F05EFAA019043000F05AFAEF
:107C30000135EDB2EAE7C046A8340020F0B5C646EB
:107C400000B50025002D02D080BCB846F0BD9324BD
:107C5000A4006C430C4B9846E618002737702000B0
:107C60003130FF30404400F093FD083420004044A0
:107C7000043000F08DFD33002A33FF331F7077711D
:107C80000135EDB2DEE7C046A8340020F0B5C646A7
:107C900000B582B001900F004B79FF2B00D08CE033
:107CA0000C780C19A5180026002E01D0002085E0C4
:107CB0003000FFF72DFF002802D00136F6B2F3E7BF
:107CC00093239B0073433F4A98469044BB784246B7
:107CD000137033E0AC426DD221000198FEF7A6FE8E
:107CE000002836D00136F6B2A378DB09012B37D055
:107CF00040463130FF3000F04BFDA1789422520015
:107D000043469B185970217963791B020B435B052D
:107D10005B0D2D498C46634459424B415B00414603
:107D2000895C022081430B4341468B54891801989A
:107D300000F05CFA002836D02378E4183B79B3428F
:107D400038D96378052BC5D0AC42C3D22378E41868
:107D5000F7E71E491E48E022FDF792FD00202DE0C6
:107D600040460C3000F014FDA3784246537122794E
:107D700063791B0213435B055B0D134A944663440E
:107D80005A4253415B004246127902218A4313430F
:107D9000424613710B4BD31A9B100E485843C0B286
:107DA000FFF7D4FEC8E709490948E822FDF768FD56
:107DB000002003E0E01B80B200E0002002B080BCA5
:107DC000B846F0BDA834002000FEFFFFE4DA03103F
:107DD0000CA903109B1DB508F0B583B006001D006B
:107DE0000024002C0CD0002C57D101942A23FF33FF
:107DF000FB5C8B4215D07B798B4236D001204DE065
:107E000093239B006343264FDF193B002A33FF3344
:107E10001B788B42E7D07B798B42E4D00134E4B20B
:107E2000DFE73B003133FF339B88002B12D11D4B22
:107E3000002B07D0019BD9011B4BC918AAB2200007
:107E400000E000BF39002931FF31300000F0CEF9E9
:107E5000012023E03B002933FF335968AAB23800E0
:107E60003130FF3000F08FFCE1E7104B002B04D0E5
:107E70002904090C200000E000BF3C1D2100300057
:107E800000F072F9002801D0012007E02A0021004B
:107E9000300000F029F9012000E0002003B0F0BD1F
:107EA000A83400200000000028340020000000005A
:107EB00010B582B000290AD001281CD80B78002BFD
:107EC00019D0164A1354012B1ED0012419E001A920
:107ED00001230B7000234B700020FEF727FD041ECA
:107EE00003D00E4B01221A700BE00D490D484722BA
:107EF000FDF7C6FC05E00A490A485A22FDF7C0FC16
:107F00000024200002B010BDFEF710FD041EF8D1C1
:107F1000034904485F22FDF7B3FCF2E70033002079
:107F200064DB03100CA9031070B504000D00037886
:107F3000DB07D80F002B1DD123785B07DE0F002B4A
:107F400019DB0121494228000DF0A2FA2378DB0752
:107F5000DA0F002B07D123785B0709D4237804229A
:107F600013432370012628000DF05AFA300002E076
:107F70001600F8E7002070BD70B506000C00012166
:107F8000494220000DF084FA33785B07DD0F002BA7
:107F900004DB20000DF044FA280070BD3378DB07C5
:107FA00004D43378042293433370F2E70025F0E7DA
:107FB00010B5027943791B0213435B055B0DC27850
:107FC0009207920F022A14D0032A2DD0012A3CD105
:107FD000022904D01E4A9A4204D3012036E08022AE
:107FE000D200F8E71B491C48D122FDF749FC0020CC
:107FF0002CE0022903D0402B0FD8012026E080225C
:108000009200934201D1012020E012491248293AFE
:10801000FF3AFDF735FC002018E00E490E48DB2240
:10802000FDF72EFC002011E0022904D040229A42E4
:1080300004D301200AE08022D200F8E7054906486F
:10804000E122FDF71DFC002000E0002010BDC0462D
:10805000FF03000050DB03100CA9031030B58A1891
:1080600001E00C78091991420AD24C78052CF8D11C
:108070008D787A342C4064000419ED096355F0E7DB
:1080800030BDF0B585B0040003920AAA40CA178833
:108090000DAA158801220A4001780120814311436D
:1080A000217020000830009301233A00310000F0D5
:1080B0008BFA002E01D0002F05D10C9B63606580E8
:1080C000012005B0F0BD26001C363000F9F764FD34
:1080D000039B002B04D0330000266361A661ECE70C
:1080E0000023FAE701207047F8B506000C001500E0
:1080F0000B789B0711D58027BF002000083000F0C7
:10810000A1FA002825D1002D25D0013F3D4224D1E0
:108110002378DB0703D500201CE04027EDE76178DA
:108120003000FEF7F7FC0028F5D02378DB0707D5F1
:10813000B5220B490B485200FDF7A2FB002009E0D5
:108140006178002300223000FEF70CFD002801D1E9
:10815000EEE70020F8BD0020FCE70020FAE7C0466B
:108160002CDB03100CA9031070B505000C000E00E9
:108170000836300000F066FA002830D02378DB079C
:1081800001D5002070BD61782800FEF7C3FC0028EF
:10819000F7D061686288300000F0BEFA061E14D085
:1081A0002378DB0707D5BC220E490F485200FDF7A4
:1081B00067FB0020E6E76268617803002800FEF7AD
:1081C000D1FC0028EFD03000DCE72378DB0701D5B5
:1081D0000020D7E761782800FEF7B0FCF8E7002020
:1081E000D0E7C04610DB03100CA90310F8B505005A
:1081F0000C008B89002B22D10B78DB0701D50020E6
:10820000F8BD4978FEF786FC0028F8D0638822780C
:10821000D20707D5D922304930485200FDF730FB4C
:108220000020EDE76178002B07D062682800FEF798
:1082300099FC0028EED06088E2E70022F6E70B7890
:108240009B070DD58026B60027000837380000F0C0
:108250002BFA86423DD82378DB0703D50020CFE7F1
:108260004026F1E761782800FEF754FC0028F5D09D
:10827000380000F019FA864221D87642B6B26288F8
:108280003040031C904200D9131C9EB22378DB07B8
:1082900007D5C82210491148FF32FDF7F1FA002036
:1082A000AEE76178002E08D0626833002800FEF740
:1082B00059FC0028EDD03000A2E70022F5E7237832
:1082C000DB0701D500209BE761782800FEF736FC2C
:1082D000F8E7002094E7C046F4DA03100CA9031075
:1082E00003008A1890B2814202D85A00904203DB00
:1082F0005B009BB2C01A80B2704770B505000800E1
:10830000AC889A420BD3D11A89B200291ED08C4274
:1083100010D2944209D8121B93B26B810AE0D11A91
:1083200089B26600891989B2EFE7A21893B2F4E71F
:108330001B1B9BB29C42FBD92968EA885204520C51
:108340005343C918FBF744FF012070BD0020FCE730
:10835000F8B5CE46474680B505008C4608A9097891
:108360008488E01A80B21C1B1419A4B2EF887F0421
:108370007E0C07007743BFB27443A4B2A1462C68B9
:10838000A04673434344002906D1904208D3724368
:1083900019006046FBF71CFFC0BCB946B046F8BDEB
:1083A0003A00190064462000FBF712FF2968E01923
:1083B0004A46FBF70DFFEFE7F0B5C64600B582B0C1
:1083C0001E0008AB1B8809AC277884889E420FD317
:1083D000F51AADB2002D1FD0AC4205D2B44210D870
:1083E000331B9BB24381250095420FD315000DE04E
:1083F000F51AADB2A8466500AC4645466544ADB237
:10840000E8E7A619B3B2EDE71B1B9BB29C42FBD970
:1084100000972A00FFF79CFF280002B080BCB846F6
:10842000F0BDF0B583B004000D0016001F00006918
:10843000002803D0012149420DF02AF823899BB27C
:10844000628901970092320029002000FFF7B4FFF3
:108450000500618989B2A0882A00FFF741FF608189
:108460002069002801D00CF0DBFF280003B0F0BD2C
:10847000F8B5CE46474680B505008C4608A9087871
:10848000AC88E11A89B21C1B1419A4B2EF887F04CE
:108490007E0C0F007743BFB27443A4B2A1462C6890
:1084A000A04673434344002806D1914208D3724347
:1084B00061461800FBF78CFEC0BCB946B046F8BD5B
:1084C0003A00644621001800FBF782FE2868E11993
:1084D0004A46FBF77DFEEFE7F0B585B00600039155
:1084E000171E029300D16DE0C068002803D001215F
:1084F00049420CF0CDFF3489A4B2718989B2F37975
:10850000DB0918D1B3888C420FD3611A89B28B4230
:1085100056D95B1A9BB23A1C9F4200D91A1C95B2DD
:10852000002D45D0B288230033E0611A89B25A0089
:10853000891889B2EBE7B588BD420ED8029B002BA3
:1085400021D17B1BF7887F047F0C5F43039B9C46F4
:10855000BC44634603930C00E2E78C420DD3631ADC
:108560009BB2DB196A0093420FDBEA1B92B2280030
:10857000FFF7B6FE04003D00D2E7631A9BB26A0023
:108580009B189BB2EDE70C00CAE73D00C8E79B1AB9
:108590009BB29A42FBD9029A00922A0003993000BA
:1085A000FFF766FFB0882A002100FFF799FE3081AF
:1085B000F068002801D00CF033FF280005B0F0BDB2
:1085C0000025F5E71500F8E7F0B583B00400019148
:1085D00016001D0008AB1F7880231B029A422DD87D
:1085E000C068002803D0012149420CF051FF2069E6
:1085F000002803D0012149420CF04AFF019B23606F
:10860000A6806D046B0CE588ED0BED031D43E58042
:10861000FB01E2797F2717401F43E7710023638145
:108620002381E068002801D00CF0FAFE20690028C0
:1086300006D00CF0F5FE012003B0F0BD0020FBE7F2
:108640000120F9E710B5828801898BB2408984B294
:10865000884207D81B1B9BB2101C9A4200D9181CD9
:1086600080B210BD1B1B9BB251005B189BB2F3E79D
:1086700003894089181A43425841C0B2704710B567
:108680008488028993B2418988B2914206D81B1A24
:108690009BB20020A3424041C0B210BD1B1A9BB246
:1086A00062009B189BB2F4E710B5828801898BB2F7
:1086B000408984B2884206D81B1B9BB29A4208D9D3
:1086C000D01A80B210BD1B1B9BB251005B189BB22D
:1086D000F4E70020F6E770B504000D0000690028FB
:1086E00003D0012149420CF0D3FE228992B2638962
:1086F0009BB229002000FFF700FE0500618989B2C6
:10870000A0882A00FFF7ECFD60812069002801D0D5
:108710000CF086FE280070BD10B50023FFF781FE27
:1087200010BDF8B504000E00C068002803D0012178
:1087300049420CF0ADFE2589ADB22000FFF79FFF46
:10874000002802D0E779FF0916D0A2882B0001E0AB
:108750009B1A9BB29A42FBD92068E2885204520CC1
:108760005343C0183100FBF733FDA08801222900D4
:10877000FFF7B6FD20810127E068002801D00CF04A
:108780004FFE3800F8BD10B50023FFF7A5FE10BD61
:1087900010B50400C068002803D0012149420CF044
:1087A00077FE2069002803D0012149420CF070FEB9
:1087B000002363812381E068002801D00CF030FEA3
:1087C0002069002801D00CF02BFE012010BD70B5EF
:1087D00004000D00C068002803D0012149420CF0BC
:1087E00057FE2069002803D0012149420CF050FEB9
:1087F000ED01E3797F2119402943E171E068002808
:1088000001D00CF00DFE2069002801D00CF008FE0C
:10881000012070BD074B83420AD0042301229A40F5
:10882000054B1A60054B1B6811009943FAD170473C
:108830000323F3E77015002000F0004008C000405B
:10884000F0B5DE4657464E464546E0B587B00700D0
:1088500093461800039310AB1A780592119D129A53
:1088600090463B680022DA663B6859603B680132FB
:10887000DA660290002399460493002600242DE036
:108880003B79002B39D0012337E0059A002A01D02B
:10889000002236E0012234E0002E0CD13B685B6BF5
:1088A000DB0608D4002DF7D000214046A84706007B
:1088B0000443E4B2F0E7002E09D13B6880229A58C5
:1088C0000492002A28D1002C39D1CA4527D0002C87
:1088D0003DD101239C46E144019B9B46029B994567
:1088E00035DA039B013B9A46002D02D00121404618
:1088F000A8474B46002BC3D000239B02CA45C4D0D7
:108900000022520213435A46013201925A4611780C
:108910003A680B431361C5E75B6D01240FE0059BCB
:10892000002BD4D10BE000214046A84706000443A9
:10893000E4B2002E06D13B685B6B9B0502D4002D90
:10894000F1D1F6E7002EC2D13B681B6EBFE7002CC9
:1089500008D0002E10D1049A002A11D0D30713D4C6
:10896000130715D5059B3B71484607B0F0BCBB46C5
:10897000B246A946A046F0BD02235B429946F1E704
:1089800001235B429946EDE701235B429946E9E703
:1089900001235B429946E5E7F0B5DE4657464E4671
:1089A0004546E0B585B005009246180003930EAB2E
:1089B0001A7891460F9E109A90462B680022DA662C
:1089C0002B6859602B680132DA6602900027002379
:1089D000019300244346B8461F00029B984545DAA0
:1089E000039B013B9B46002E02D001213800B0477B
:1089F0002B685A6F102AFBD04246002A0BD0002267
:108A00009202C3450CD0002149020A43802149004B
:108A10000A431A6119E02A79002AF1D00122EFE70E
:108A20004946002901D00021EEE70121ECE7002EA4
:108A300005D000213800B04701900443E4B2002C77
:108A400016D12B689A6F002A08D12B6880229A5879
:108A50005A6B5206EBD55B6D0124E8E71B69524661
:108A6000137001239C46E044E244B6E7474600E029
:108A70004746002C04D0019B002B0BD002277F42DD
:108A80004B462B71380005B0F0BCBB46B246A94638
:108A9000A046F0BD01277F42F2E70000F0B5D646C0
:108AA0004F464646C0B505000C000520F9F7A6FE66
:108AB0000600600880192100FAF7B2F907004300A8
:108AC0009946814405214846FAF7AAF980463B1A9F
:108AD0009A46274B9C423CD8700080192549FAF7EA
:108AE0009FF9441C4346023BA34239D32B68002222
:108AF000DA662B6819680432514002320A4080213C
:108B000049018C4663441A602B685246DA612B682F
:108B100042461A624B464F2B28D950214846FAF755
:108B20007FF92A68A023D0502B68DA6F54402404C0
:108B3000240C114A944663441C602B680122DA66B7
:108B400039003000FAF76CF9E0BCBA46B146A846E5
:108B5000F0BD700080190949FAF762F9441CC1E7B9
:108B6000074B084A08485D21FCF7A4FC0120D8E720
:108B70003F420F00809698007C10000040787D01F5
:108B800024A9031078DB031044A9031070B5040076
:108B90000D00114B98421DD00422012393400F4A2F
:108BA00013602000FFF736FE002323712268D3668E
:108BB00022686621FF3111602268D36322689363C3
:108BC000226888336339FF39D15029002000FFF72C
:108BD00065FF70BD0322E0E77015002000E0004053
:108BE000F0B5CE46474680B589B081468846160026
:108BF0001F0010AB1C7804AD129A139B2800F9F7E4
:108C00002DFC0295019000943B00320041464846FD
:108C1000FFF716FE09B0C0BCB946B046F0BDF0B5CE
:108C2000CE46474680B589B08146884616001F006B
:108C300010AB1C7804AD129A139B2800F9F70EFCB8
:108C40000295019000943B00320041464846FFF7F0
:108C5000A3FE09B0C0BCB946B046F0BD074B984270
:108C60000AD0112301229A40054B1A60054B1B685C
:108C700011009943FAD170471023F3E700C0034075
:108C800000F0004008C00040F8B5DE4657464E46AA
:108C90004546E0B581460E000620F9F7AFFD804657
:108CA0004B465A6802231A40934604224A4492468D
:108CB000214A4A441360022400E00234FE2C1AD8F0
:108CC00000252002320000230021FBF70BF80029C9
:108CD00003D1A942F1D14045EFD980277F00012F70
:108CE0000CD97D1E210069434046FAF799F8B0423D
:108CF00004D82F00F3E780277F00F0E74B461C6184
:108D00007A1E12021B685A40FF231B021A4080235E
:108D10005B014B441A6080239B0153445A461A60FE
:108D2000390061434046FAF77BF8F0BCBB46B246D7
:108D3000A946A046F8BDC0460430000070B5040046
:108D40000D00154B984224D0112201239340134A61
:108D500013602000FFF782FF29002000FFF794FF37
:108D6000626802231A400E4961180B6025680721CA
:108D70004D40C831294080256D0165192960094998
:108D800061180A60084A94466444032222600B601A
:108D900070BD1022D9E7C04600C0034000E000408B
:108DA0000430000004200000242000000123084AB1
:108DB0001360084A1360084B1A6801239343FAD1E1
:108DC000064B01221A60054B1B68DB05FBD570477B
:108DD00000E0004000F0004008C0004000C0044037
:108DE000054B984204D3054B984203D3002000E082
:108DF000002070470120FCE7C0C00010CCC000106C
:108E0000044B9B6880001950BFF35F8F82F310887A
:108E10007047C04600ED00E0024B9B688000C058E0
:108E20007047C04600ED00E0F8B505000E00EFF316
:108E3000108772B6FFF7F0FF0400B04203D0FFF7CF
:108E4000CFFF002806D03A0031002800FFF7D8FFF6
:108E50002000F8BD024B034A03483721FCF72AFBE8
:108E60008CA903108CDB0310D0A9031070470000FD
:108E70000B4A13681868203080F30988022080F3B9
:108E80001488BFF36F8F3FBCAE4608BC04BC62B60B
:108E90001847C046C046C046C046C046C046C04649
:108EA000C83C00200000000000000000000000009E
:108EB000EFF30980164B1A6820381060F0C0444662
:108EC0004D4656465F46F0C00D221207146E556E91
:108ED000566F176F3038F0C008B572B601F0ACFFAE
:108EE00062B60CBC116808681030F0C8A046A946EC
:108EF000B246BB4680F309880D2212073038F0C80D
:108F00001466556656671767F0C81847C046C046CE
:108F1000C83C002010B5F8F727FA000000B583B070
:108F200002E0D0231B069B6DD0231B061B6DDB07C5
:108F3000F7D4D0231B06FF221A6500230193114B9F
:108F40001968EFF3108372B60A68002AFCD0BFF3E9
:108F50005F8F0D480168002202600A480068BFF375
:108F60005F8F026083F31088084B186801AA00F035
:108F70005BFB019B002B03D0054B802252051A603E
:108F800003B000BDC43C0020A49902200C9A02202A
:108F900004ED00E070B504000D00F9F7A1FA241A01
:108FA0008D41200029000A4A01235B428018594163
:108FB000002906DC01D0002070BDFA239B009842F6
:108FC000F9D3FA2292000023F9F750FFF4E7C046E4
:108FD00018FCFFFF10B5031F802464041C60043BD1
:108FE0001960044B01000C390B600300203B1A6030
:108FF000403810BD158F0210044B802252051A60B4
:10900000BFF34F8FBFF36F8F7047C04604ED00E092
:1090100072B6044A136801331360BFF34F8FBFF376
:109020006F8F7047A099022010B5094B1B68002B69
:1090300006D0013B064A1360002B00D162B610BD7A
:10904000044B054ADC210548FF31FCF733FAC046E2
:10905000A099022090AA031008DC031030AA031084
:10906000EFF3108072B6704780F3108870470000ED
:1090700010B5FFF7F5FF040001F04CFD002803D008
:10908000034B802252051A602000FFF7EDFF10BD50
:1090900004ED00E010B5094C00232360084A13607A
:1090A0000520F9F7ABFBFA218900F9F7B9FE013881
:1090B000044B18600723236010BDC04610E000E099
:1090C00018E000E014E000E010B51F4B1968FF2223
:1090D00012040A431A601968FF2212060A431A6032
:1090E0001A490E20FFF7A0FE19490F20FFF79CFE3A
:1090F00018490B20FFF798FEFFF7CCFF164B002214
:109100001A60D0231B061C68144A1470FF221A65CB
:1091100002E0D0231B069B6DD0231B061B6DDB07D3
:10912000F7D40F34FF212000F8F77CFC0C49200015
:10913000F8F77CFA01212000F8F740FAFFF798FED3
:1091400001F07AFEFFF7E6FE20ED00E0B18E02109E
:10915000719002106D8E0210A099022078150020E7
:109160001D8F021010B5094B1B78D0221206106813
:10917000834200D010BDEFF30583002B02D05B00CB
:10918000C018F7E702F0FEF9F4E7C04678150020B2
:1091900010B582B00300EFF30582D2B2002A12D1DB
:1091A0000268002A16D01C480478D0200006006807
:1091B000844215D0BFF35F8F0023136081F31088C2
:1091C00020BF02B010BD154B154AF9211548890082
:1091D000FCF770F9144B124A12481449FCF76AF96B
:1091E000BFF35F8F0020106081F31088104A106871
:1091F0001B68104A9446634499100A005C2B00D9FE
:10920000183A0121914001235B420093002301227F
:1092100000F028F9D5E7C04678150020A4AA03106D
:10922000E4DB031030AA031010AB0310E5030000C9
:109230000C9A022000FFFF2F10B582B00A000368CD
:109240002C498C46634499100C005C2B01D91839C9
:109250000C000121A140284B1C78D0231B061B6861
:109260009C4220D040BF0468244B1B689C423BD0EA
:109270001C68002CFCD0BFF35F8F214C23680B438C
:1092800023601E4B1B68BFF35F8F00211960002312
:10929000D02109064B650168BFF35F8F0B6082F335
:1092A000108802B010BD40BF0368BFF35F8F00207D
:1092B000186082F31088EFF30583DBB2002B04D132
:1092C000104B186800F05EF9EBE7002301930D4B9B
:1092D000186801AA00F0A8F9019B002BE1D00A4B05
:1092E000802252051A60DCE7054C23680B4323609B
:1092F000CDE7C04600FFFF2F78150020C43C0020BA
:10930000A49902200C9A022004ED00E0F0B583B08D
:1093100005000F0016001C00EFF30583DBB2002BE5
:1093200015D10368002B18D02C4A1178D0221206D0
:109330001268914217D0BFF35F8F00221A6087F343
:10934000108830002100F8F7C5FF03B0F0BD244BB2
:10935000244A25482549FCF7ADF8254B214A2248E7
:109360002449FCF7A7F830002100FFF713FE031E85
:1093700025D02A68BFF35F8F0021116087F3108822
:109380001D4A10682A681D498C46624491100D00E0
:109390005C2A01D918390D000121A940009300234E
:1093A000012200F05FF8164B5B6A9C420FD8144A0A
:1093B000926AB2420FD29C4209D00120C5E72B68C5
:1093C000BFF35F8F00221A6087F31088EBE7FFF787
:1093D00013FE0020B9E70120B7E7C046781500204A
:1093E000A4AA0310ACDB031030AA03104A04000047
:1093F00010AB03104B0400000C9A022000FFFF2F5B
:109400000040054010B5F8F70DF8054B9C46604448
:109410008000044B186000F018F8034B186010BD72
:1094200040000034C43C00200C9A0220002A03D1E2
:10943000014206D1100003E00840884203D000201A
:1094400070470120FCE70120FAE710B51C2002F06C
:109450007FFF041E03D0002308C000F0F1F82000B5
:1094600010BD0000F0B5C64600B506000D0017009F
:10947000984600282FD080235B04994232D20029DD
:1094800037D002F085F8002802D1069B002B37D197
:1094900001F02CFB3468424629002000FFF7C6FF8C
:1094A000002834D0002F48D02300AB433360002382
:1094B000069301F0EDFB069B002B08D000283FD05F
:1094C00002F006FA040083013DD52402240A20009C
:1094D00080BCB846F0BD254B254A48212548FF31C0
:1094E000FBF7E8FF244B224AA42122484900FBF75E
:1094F000E1FF224B1E4A4A211E48FF31FBF7DAFFEB
:109500001F4B1B4AA6211B484900FBF7D3FF069BB4
:10951000002BCED0002F0DD100214346002B02D0CE
:109520008023DB0419432943301D069A01F082FD94
:109530000024BEE780214904EFE700230693B8E743
:10954000FFF75AFDBCE7FFF763FD34684246290088
:109550002000FFF76BFF002804D0002F02D023006B
:10956000AB433360FFF760FDAFE7C04624AB0310A9
:1095700030DC031030AB03107CAB0310B4AB031032
:10958000CCAB0310F8B504000D0000280DD08023EB
:109590005B0499420FD206000C3601F0A7FA20694D
:1095A00023682B432360002717E0174B174A1848FE
:1095B0001849FBF77FFF184B144A15481749FBF76A
:1095C00079FF21681940994206D111E02368802172
:1095D0008904194301F01EFE2800B0420CD04568F2
:1095E000026813021B0A5101EBD421680B42F3D02D
:1095F000D201EBD51F43E9E72368BB43236001F0A9
:1096000047FB2068F8BDC04624AB03101CDC0310E8
:1096100030AB03103202000020AC03103302000014
:1096200010B5FFF7AFFF10BD10B51300034C0A00D3
:109630000100200002F0EAFC10BDC0462196021095
:10964000030008334360012252428260C360036119
:1096500000230360704700230361704743684B6039
:109660009A688A60516099600861036801330360F9
:10967000704730B50D686B1C10D0030008331C0018
:109680005B681A68AA42FAD963684B6099608C607B
:109690006160086103680133036030BD0469F3E76A
:1096A0000369416882688A60416851605A688242F1
:1096B00005D000220261186801381860704782687E
:1096C0005A60F6E70300406A002803D01B6B1B6852
:1096D0002020C01A704710B50400FFF799FCA26B58
:1096E000E36B9A4204D00024FFF79EFC200010BDDB
:1096F0000124F9E710B50400FFF78AFCA36B002BE7
:1097000004D10124FFF790FC200010BD0024F9E7EC
:1097100070B504001500866B026C002A0CD103683A
:10972000002B03D000200136A66370BD806801F0D5
:109730009BFF0023A360F6E7002D0DD14068FAF7E8
:1097400047FD6368226C9B186360A26893421AD33A
:10975000236863602800E6E7C068FAF739FDE3682C
:10976000226C51429B1AE3602268934202D2A368A2
:109770005B18E360022D01D00020D4E7002E04D056
:10978000013E0020CFE72800CDE70020CBE710B551
:10979000030008001A6C002A0AD0DC68A418DC60F8
:1097A00099688C4201D31968D960D968FAF710FD1D
:1097B00010BD000070B582B00190846C002C0AD0FE
:1097C000A26BE36B9A420CD2A26B93420FD8002596
:1097D000280002B070BD194B194A1A481A49FBF704
:1097E00069FE1A4B164A17481949FBF763FE4523D1
:1097F000E65C76B2002201A92000FFF789FF050090
:10980000731C0AD1636A002BE2D02000243001F0DF
:1098100081FC0028DCD00125DAE701F075F98642E9
:10982000D6D27F2E04D0013676B24523E654CFE758
:10983000084B034A03480849FBF73CFE54AC0310AD
:10984000C4DC031068AC0310F80C0000ACAC0310CF
:10985000F90C0000F4AC0310190D000070B5050000
:10986000FFF7D6FB4523EC5C64B20AE06B6A002B81
:1098700017D02800243001F04DFC00280ED1013C07
:1098800064B2002C0DDDAB6C002BEFD02800FFF78D
:1098900091FF0028F3D001F09FFDF0E701F09CFD5F
:1098A000EDE74523FF22EA54FFF7BEFBFFF7B0FBCD
:1098B0004423EC5C64B201E0013C64B2002C0BDD9B
:1098C0002B69002B08D02800103001F023FC002861
:1098D000F2D001F081FDEFE74423FF22EA54FFF7C5
:1098E000A3FB70BDF8B504000D0000282AD0C26BA0
:1098F000002A51D0036C0026110C1F0C002935D111
:10990000391E26D1002E47D1FFF782FB2268E36B78
:10991000206C010059435118A1600021A1636260CD
:10992000013B4343D218E260FF234422A354013297
:10993000A354002D27D12369002B1BD1FFF774FB03
:109940000120F8BD184B194A38211948FF31FBF79F
:10995000B1FD101C92B29BB2534380B289B2414315
:109960001B0CC918090CCDD00126CBE7180CFBD174
:10997000181CEFE72000103001F0CCFB0028DDD0F0
:10998000FFF73AFBDAE720001030FFF759FE20001E
:109990002430FFF755FED1E7064B044AB6210448B0
:1099A0004900FBF787FDC04618AD031008DD031022
:1099B00068AC031020AD031070B51D00049C002995
:1099C0000BD12460E063216401212000FFF78AFFAE
:1099D0005023E5540023A36470BD2260F2E7000029
:1099E000F0B583B004000D00170000282ED000222F
:1099F000030C080C002B25D1031E16D1002A25D1FB
:109A0000280060430300553320D8543002F0A0FCF6
:109A1000061E07D00200543200903B0029002000AF
:109A2000FFF7CAFF300003B0F0BD201CA6B2A9B2F8
:109A3000714380B29BB24343090C5B181B0CDDD011
:109A40000122DBE7290CFBD1281CEFE7024B034A7C
:109A500003480449FBF72EFD44AD0310F4DC03106A
:109A600068AC03102A020000F0B585B004000F00B6
:109A700001921E00002813D0002917D0022E02D117
:109A8000E36B012B1BD101F083FD051E1ED1019B51
:109A9000002B5CD04E4B4F4A4F485049FBF70AFD14
:109AA0004F4B4C4A4C484F49FBF704FD036C002BCD
:109AB000E4D04D4B474A48484C49FBF7FBFC4C4B24
:109AC000444AEE2144488900FBF7F4FC00253EE0BF
:109AD000A56B320039002000FFF71AFEA36C002BA3
:109AE00010D0022E01D1002D04D12000FFF762FE1C
:109AF000002804D1FFF798FA012005B0F0BDFFF768
:109B00007BFAF7E7636A002B04D10028F2D0FFF755
:109B100073FAEFE72000243001F0FCFA0028E9D0C6
:109B2000FFF76AFAE6E7FFF77FFA0020E5E702A809
:109B300001F0EAFB013517E00022E2541FE00022A9
:109B4000E25421E02000FFF789FE01F0A1F8FFF7C1
:109B50005FFAA26BE36B9A42BAD3022EB8D0019B94
:109B6000002BE0D0002DE2D0FFF75EFA00F0BEFF40
:109B7000FFF74EFA4423E25C52B20132DCD04523B7
:109B8000E25C52B20132DAD0FFF74EFA01A902A824
:109B900001F0C6FB002813D12000FFF79CFD002830
:109BA000D0D001992000103001F026FA2000FFF7F4
:109BB00055FE01F06DF80028C9D1FFF71DFAC6E780
:109BC0002000FFF74BFE01F063F8002095E7C04648
:109BD000CCAB0310E0DC031068AC0310BB03000047
:109BE00018AD0310B603000050AD0310B70300001A
:109BF000A8AD031010B5002807D0002383600360D0
:109C0000C36000220021FFF72FFF10BD10B5020036
:109C100000210120FFF7E4FE0400FFF7EBFF200026
:109C200010BD0000F0B5D646474680B583B00400AD
:109C30000F0001921D00002819D000291ED0022D0E
:109C400002D1E36B012B22D1FFF70AFA8046A26B07
:109C5000E36B9A4221D3022D1FD000244046FFF728
:109C600003FA200003B0C0BCBA46B046F0BD334B87
:109C7000334A92213348C900FBF71CFC036C002BCC
:109C8000DDD0314B2E4A2F483049FBF713FC304BC7
:109C90002B4A2C482F49FBF70DFC4523E65C76B296
:109CA000A36B9A462A0039002000FFF731FD731C90
:109CB00025D1A36C002B10D0022D02D15346002BCE
:109CC0002FD12000FFF776FD00282CD0019A002A22
:109CD0002BD0012313600124C0E7636A002B01D15C
:109CE0000124BBE72000243001F014FA00281ED024
:109CF000019A002A1DD0012313600124AEE700F071
:109D000003FF864217D27F2E05D0013676B2452357
:109D1000E6540124A2E7104B094A0A480F49FBF711
:109D2000C9FB01249AE7012498E7012496E701245E
:109D300094E7012492E7012490E7C04618AD031090
:109D4000A8DC031068AC031050AD031091040000B0
:109D5000A8AD031092040000F4AC03101E0500002F
:109D6000F8B504000D00002821D0036C002B25D18C
:109D70000368002B28D0FFF773F90600A36BE26B92
:109D80009A424DD94522A75C7FB20133A3637B1C65
:109D900034D1A36C002B20D02000FFF70BFD00284E
:109DA00044D0002D44D001232B60012439E0244B02
:109DB000244AA8212448C900FBF77CFB234B214AF5
:109DC00021482349FBF776FB8368002BD3D0214B36
:109DD0001C4A1D482049FBF76DFB636A002B01D12B
:109DE00001241EE02000243001F094F9002821D045
:109DF000002D21D001232B60012412E000F084FE0D
:109E000087421BD27F2F05D001377FB24523E7540D
:109E1000012406E0114B0B4A0B481149FBF74AFBA2
:109E200000243000FFF720F92000F8BD0124F8E7F6
:109E30000124F6E70124F4E70124F2E70124F0E726
:109E400018AD031094DC031068AC0310F8AD0310D8
:109E50004405000014AE031049050000F4AC0310E3
:109E6000CB050000F0B585B004000E00019200287B
:109E70000ED0002912D001F08BFB051E17D1019BDB
:109E8000002B4ED0434B444A44484549FBF712FB54
:109E9000444B414A41484449FBF70CFB036C002BFF
:109EA000E9D0424B3C4A3D484149FBF703FB0025C2
:109EB00037E031002000FFF76AFC013FA763236908
:109EC000002B04D1FFF7B0F8012005B0F0BD200051
:109ED000103001F01FF90028F4D0FFF78DF8F1E7FA
:109EE000FFF7A2F80020F0E702A801F00DFA013513
:109EF00021E044230022E25428E045230022E254DA
:109F000029E02000FFF7AAFC00F0C2FE09E02000D3
:109F1000FFF7A4FC00F0BCFE2000FFF7EBFB0028DD
:109F200035D1FFF775F8A76B002FC2D1019B002B2D
:109F3000D6D0002DD8D0FFF777F800F0D7FDFFF787
:109F400067F84423E35C5BB20133D2D04523E35C82
:109F50005BB20133D1D0FFF767F801A902A801F085
:109F6000DFF90028D3D12000FFF7C4FB0028C8D0B8
:109F700001992000243001F03FF82000FFF76EFC2B
:109F800000F086FE0028CCD1FFF736F8C9E70020A4
:109F90009BE7C046CCAB031084DC031068AC031015
:109FA000F205000078AE0310E905000084AE03104E
:109FB000ED05000070B584B0041E01910BD0036C58
:109FC000002B0ED101F0E4FA061E16D1019B002BE6
:109FD0000DD1050058E0514B514A52485249FBF708
:109FE00069FA524B4E4A4F485149FBF763FA514BBD
:109FF0004B4A4C485049FBF75DFA0025002643E0E8
:10A00000013BA3632368002B07D02369002B08D1F1
:10A01000FFF70AF8012004B070BD01F065FCA060F4
:10A02000F3E72000103001F075F80028F0D0FEF7BB
:10A03000E3FFEDE7FEF7F8FF0020ECE702A801F0F0
:10A0400063F901362AE044230022E25431E045233B
:10A050000022E25432E0FEF7DBFFA06801F0AAFA2A
:10A060000500FEF7E1FF39E02000FFF7F7FB00F005
:10A070000FFE09E02000FFF7F1FB00F009FE2000D1
:10A08000FFF738FB002838D1FEF7C2FFA36B002B87
:10A09000B6D1019B002BCDD0002ECFD0FEF7C4FF50
:10A0A00000F024FDFEF7B4FF4423E35C5BB2013310
:10A0B000C9D04523E35C5BB20133C8D0FEF7B4FFDF
:10A0C00001A902A801F02CF90028D3D12000FFF744
:10A0D00011FB0028C8D02368002BBCD001992000B8
:10A0E000243000F089FF2000FFF7B8FB00F0D0FD1E
:10A0F0000028C9D1FEF780FFC6E7002D01D100205E
:10A1000089E7FEF785FF2000FFF7DCFA0100A06871
:10A1100001F00AFBFEF788FFF1E7C04678AE0310B6
:10A1200070DC031068AC031082060000F8AD031069
:10A1300086060000CCAB03108B060000F0B5C646C7
:10A1400000B582B004000D000192002819D000294A
:10A150001DD0FEF785FF0700A66B002E40D04423DC
:10A16000E35C5BB2984629002000FFF710FB013E3C
:10A17000A6634346013320D12369002B10D101246B
:10A180002FE01F4B1F4A20482049FBF793F9036C2F
:10A19000002BDED01E4B1B4A1B481E49FBF78AF9D9
:10A1A0002000103000F0B6FF002822D0019A002ACB
:10A1B00021D001231360012413E000F0A5FC8045A9
:10A1C0001BD243467F2B05D001335BB24422A354FC
:10A1D000012406E0104B0B4A0B481049FBF76AF9C3
:10A1E00000243800FEF740FF200002B080BCB846D3
:10A1F000F0BD0124F5E70124F3E70124F1E7C046AF
:10A2000018AD031058DC031068AC0310FD07000004
:10A21000E0AE0310FE07000034AF03104408000056
:10A2200070B5002804D0002922D00024002209E0C3
:10A23000104B114A11481249FBF73CF9114BEC182D
:10A2400014E00132072A0FD80E4BD5005B195B686A
:10A250008342F3D0002CF4D10A4BD500EB58002BED
:10A26000EFD1084BEC18ECE7002C01D021606060C6
:10A2700070BDC04658AF031044DC031068AC031037
:10A28000C90B0000489A022070B504000D001600AA
:10A29000FEF7BEFE4423E35C5BB201330DD04523E1
:10A2A000E35C5BB201330CD0FEF7BEFEA36B002B68
:10A2B0000BD02000FFF7D2FA70BD44230022E254F5
:10A2C000EDE745230022E254EEE72000243032007F
:10A2D000290000F0EFFEECE7002803DB814202DCFE
:10A2E000481E00E000207047002301E001300133E8
:10A2F0000278A52AFAD0980870470000084B1B681E
:10A300001B68002B04D1074B012252421A60704790
:10A31000034B1B68DB681A68024B1A60F7E7C046FC
:10A32000D03C0020209A022010B5002805D04269B8
:10A33000114B9A4207D0002010BD104B104A114813
:10A340001149FBF7B7F8836A104A934210D0002BEB
:10A3500009D00020F0E7C218C532FF321278012A76
:10A3600008D0013300E00023002BF4DD0120E3E7F7
:10A370000020E1E70020DFE7949A022060AF03109D
:10A38000C8DE031068AF0310DE0C0000349A022010
:10A39000F8B5DE46574680B582460E0015009B464E
:10A3A0000A9C206B9200A521F9F70CFF276B364B16
:10A3B0009C466544AD007F19072297436764002ED1
:10A3C0000DD000250F2D07D8725D631934331A7034
:10A3D000002A01D00135F5E743230022E254089B0F
:10A3E0001F2B4BD8089BE3622365201DFFF733F931
:10A3F00020001830FFF72FF924612023089A9B1AB8
:10A40000A361646220008030A02252000021F9F78D
:10A41000D9FE1E4B8422A350190068310432A1508A
:10A42000D0330432A35023001933FF33012000211D
:10A430001860596090235B00154AE2520233154AB6
:10A44000E2520233144AE2520233144AE252023315
:10A45000134AE25202330522E25202330632E2523A
:10A460005A4651463800FEF7B5FD2060099B002B87
:10A4700000D01C60C0BCBB46B246F8BD094B0A4ABE
:10A480000A480B49FBF716F8FFFFFF3F203000207A
:10A490000E330000CDABFFFF341200006DE6FFFF6E
:10A4A000ECDEFFFFACAF03102CDF031068AF03102E
:10A4B00066070000F0B587B00490059116001F00F4
:10A4C000900001F045FF051E1FD0E420400001F080
:10A4D0003FFF041E15D0E42252000021F9F772FE5E
:10A4E00025630023039302940D9B01930C9B00931F
:10A4F0003B00320005990498FFF74AFF200007B09F
:10A50000F0BD280001F0F0FFF8E70400F6E70000D6
:10A5100070B5002407E0A3001B1998000E4BC0186B
:10A52000FFF78EF801341F2CF5D90C4D2800FFF7EA
:10A5300087F80B4C2000FFF783F80A48FFF780F8F4
:10A540000948FFF77DF80948FFF77AF8084B1D60C6
:10A55000084B1C6070BDC046E03C0020E49902201E
:10A56000F8990220349A0220A89A0220949A022094
:10A57000D03C0020D83C002010B50400FEF748FD78
:10A58000284A136801331360274B1B68002B0CD03B
:10A59000264B1B68002B0DD1234B1B68DA6AE36A3C
:10A5A0009A4207D8204B1C6004E01F4B1C601368C4
:10A5B000012B31D01E4A136801331360A364E16A92
:10A5C0001C4B1B68994201D91A4B19601A4A8B001F
:10A5D0005B189B00D3185B68A3609868E060211D3E
:10A5E00041609960E06A83001918890089186161E7
:10A5F00019188900895801311B189B009950FEF7E2
:10A6000013FD0A4B1B68002B05D0074B1B68DA6A49
:10A61000E36A9A4203D310BDFFF77AFFCAE7FEF759
:10A62000EBFCF8E7A8990220C83C0020889A022099
:10A63000B4990220B8990220E03C002010B5040033
:10A64000803009F097F9206B01F04EFF200001F0F7
:10A650004BFF10BD10B514E0FEF7DAFC0B4BDB68C6
:10A66000DC68201DFFF71CF8094A1368013B1360E2
:10A67000084A1368013B1360FEF7D6FC2000FFF781
:10A68000DDFF044B1B68002BE6D110BDA89A022009
:10A69000A8990220AC99022010B5FFF7DBFF034B0D
:10A6A0001B68012BF9D9FEF7A7FCF6E7E03C002078
:10A6B000F0B583B004000191214B1E68214B1F6847
:10A6C000214B1D68214B1968C622FF320020885497
:10A6D00018680430FEF7E4FF631C0DD034191B4BDF
:10A6E0001B685C60A6421ED9184B1968043128000B
:10A6F000FEF7BFFF03B0F0BD019B002BEED0144A64
:10A700005168124B1868816018688C68C4601868BA
:10A71000043060601868043088601B685A611368F0
:10A7200001331360E6E7094B196804313800FEF77E
:10A73000A0FF084B1B68A342DCD9064B1C60D9E77D
:10A74000BC9A0220D03C0020D83C0020C83C00200D
:10A75000949A0220209A022010B5040009F06AF9A8
:10A76000200009F077F902E02023235401300E285D
:10A77000FAD920180023037010BD10B582B0059CD3
:10A780000194049C0094FFF795FE002804D0FFF785
:10A79000F3FE012002B010BD01204042FAE70000A4
:10A7A00010B586B000230F2B17DC0F4AD25C02A92C
:10A7B000CA54002A11D00133F5E780220B48A300C8
:10A7C0000B495B18019300230093D20002A9FFF705
:10A7D000D4FF002805D0013401E000240120002C22
:10A7E000EBDD06B010BDC046BCAF031099A6021049
:10A7F000149A0220F0B5C64600B5041E1FD0244BA3
:10A800001B68834235D0FEF703FC6569A66A214BBD
:10A810001F68214B1B689846FEF706FC1F4B9E42A3
:10A820002BD0BD422BD045452BD01D4B9D420CD08B
:10A830001C4B9D4229D0002D19D001201AE01A4B43
:10A840001A4A1B481B49FAF735FEA36A002B09D0A8
:10A8500002200FE0E218C532FF321278012A12D02E
:10A86000013300E00023002BF4DD032002E004208C
:10A8700000E0002080BCB846F0BD0120FAE70220CD
:10A88000F8E70220F6E70220F4E70420F2E7C046EA
:10A89000C83C0020D03C0020D83C0020349A022044
:10A8A000949A0220A89A0220E0AF031010DF031050
:10A8B00068AF0310C209000010B50400FEF7A8FB42
:10A8C000002C04D0E46AFEF7AFFB200010BD014B62
:10A8D0001C68F7E7C83C002070B504000D001F2974
:10A8E00012D8FEF795FB002C14D0236D9D4230D07A
:10A8F00013D9304A1268A2422ED02E4A1268D26A68
:10A90000AA422BD300260DE02B4B2C4A2C482D4974
:10A91000FAF7D0FD274B1C68E7E7264A1268A242E7
:10A920001ED00026E26A934201D0954200D9E5622A
:10A930002565A369002B02DB20235B1BA3616169F2
:10A9400093009B189B00204A9B1899420AD0002E26
:10A950002CD1FEF769FB70BD0026E3E70126E1E795
:10A960000126DFE7251D2800FEF79AFEE16A174B56
:10A970001B68994201D9154B1960134A8B005B186B
:10A980009B00D3185B68A3609968E1604D609D608F
:10A99000E06A830019188900891861611918890013
:10A9A000895801311B189B009950D0E7FEF724FB12
:10A9B000CFE7C046C83C0020E8AF0310FCDE031020
:10A9C00068AF0310DC0A0000E03C0020B8990220C8
:10A9D00070B5041E0DD0204B1B68834208D0FEF7D3
:10A9E00017FB2000FFF7A0FC002808D1FEF71CFB96
:10A9F00070BD1A4B1A4A1B481B49FAF75BFD251D0F
:10AA00002800FEF74DFEE16A184B1B68994201D9F8
:10AA1000164B1960164A8B005B189B00D3185B68B5
:10AA2000A3609968E1604D609D60E06A8300191839
:10AA300089008918616119188900895801311B182A
:10AA40009B009950044B1B68DA6AE36A9A42CDD2A4
:10AA5000FEF7D2FACAE7C046C83C0020FCAF03109C
:10AA6000E0DE031068AF0310220D0000B899022049
:10AA7000E03C002010B5FFF793FE012804D0013020
:10AA800019D0104B1B6810BD01F094FA0128F6D1C3
:10AA900072B60D4B1B6880330C4A13600C4B0122BD
:10AAA00052421A600B4B02321A600B4B00221A60A2
:10AAB000FEF70AFBE5E7094B094A0A480A49FAF793
:10AAC000F9FCC04644DF0310C83C0020081B0020EE
:10AAD000209A0220889A0220BC9A02200CB003100F
:10AAE000B4DE031068AF0310AD0E0000024A136815
:10AAF000013313607047C046B0990220014B1868BB
:10AB00007047C046BC9A0220014B18687047C04687
:10AB1000A8990220F8B54F4B1B68002B00D093E09A
:10AB20004D4B1E6801361E60002E10D14B4B1B682A
:10AB30001B68002B21D1494A1168494B18681060E5
:10AB40001960484A136801331360FFF7D7FB464B7F
:10AB50001B68B34217D90020444B1B68D96A444A8A
:10AB60008B005B1899008B58012B00D90120414BB9
:10AB70001B68002B6DD001206BE03F4B3F4A4048E3
:10AB80004049FAF797FC002033E0374B012252424C
:10AB90001A60E1E7344B1A60DEE7D96851603EE0A5
:10ABA00000219962116801391160DA6A3649096831
:10ABB0008A4201D934490A602D499400A418A200A0
:10ABC0008A1852689A609468DC6065609560DC6AF7
:10ABD000A2001719BD006D185D61BD006D580135EB
:10ABE000BC006550DA6A214B1B68DB6A9A4200D9C7
:10ABF00001201A4B1B681B68002BC6D0174B1B6823
:10AC0000DB68DB685A689642C4D35A699C68D96885
:10AC1000A1609C684C6051681D1DA942BDD00021F7
:10AC200059611168013911609A6A002ABDD0DC6946
:10AC3000196AA160DC694C605468190018318C42B3
:10AC4000AED1196A5160ABE7104A13680133136043
:10AC50000020F8BDB0990220BC9A0220D03C002010
:10AC6000D83C0020249A0220209A0220C83C0020D0
:10AC7000E03C0020C89A022020B0031090DE0310B0
:10AC800068AF031063120000B8990220309A0220C6
:10AC900010B5FEF7BDF94A4B1B68002B0DD0484B91
:10ACA0001A68013A1A601B68002B00D082E0454BFD
:10ACB0001B68002B0DD100247DE0434B434A4448E0
:10ACC0004449FAF7F7FB196A516015E0D9685160F9
:10ACD00021E00023404A1268002A4AD03E4BDB683C
:10ACE000DB689A6AD869196A8160D86948605068D7
:10ACF000190018318842E6D00021996211680139A3
:10AD000011605A699868D96881609868486051688C
:10AD10001C1DA142DAD0002159611168013911606E
:10AD2000D86A2E4A1268904201D92C4A10602C49E8
:10AD30008200121892008A1852689A609068D8604F
:10AD400044609460DC6AA2001019800040185861C9
:10AD50001019800040580130121992005050D96AE1
:10AD6000204A1268D26A9142B4D91F4A0121116067
:10AD7000B0E7002B01D0FFF7C1FA1C4B1C68002C78
:10AD80000CD1194B1C68002C15D0164B1B68FEF714
:10AD900033F901240FE0013C002C07D0FFF7BAFE85
:10ADA0000028F8D0104B01221A60F4E70F4B002264
:10ADB0001A60E6E70024FEF737F9200010BDC04610
:10ADC000B0990220A899022098B00310A4DE0310C5
:10ADD00068AF03108F0F0000349A0220B899022048
:10ADE000E03C0020C83C0020C89A0220309A022093
:10ADF00010B5041E0DD0FFF779FE0B4B1B68012B1D
:10AE00000AD100212000FFF753FCFFF741FF002883
:10AE100001D1FEF7F1F810BD044B054A9921054810
:10AE20000901FAF747FBC046B0990220E0B00310D1
:10AE300020DF031068AF031010B52E4B1B68002BEA
:10AE400003D02D4B01221A6010BD2B4B00221A603B
:10AE50002A4B1B681B6B1968294A914202D1596819
:10AE6000914212D0254B196834311868E1F7D8FCAB
:10AE7000244B1B6824499A00D21890004258002A9B
:10AE800011D1002B09D0013BF4E799689142E9D137
:10AE9000DA681B4B9A42E5D1EAE71C4B1C4A1D4875
:10AEA0001D49FAF707FB08009900CC18A200821888
:10AEB000546864685460C9188A00083212189442B1
:10AEC00010D0114A9900C918880012185268D16828
:10AED0000A4A11600B490B601368136880330F4AEC
:10AEE0001360B1E702009900C91888001218D168F0
:10AEF0005160E6E7B0990220C89A0220C83C0020C1
:10AF0000A5A5A5A5B8990220E03C0020FCB003103F
:10AF10007CDE031068AF0310FE130000081B002046
:10AF200070B50400FEF774F8002C1CD0251D280015
:10AF3000FEF7B6FBA36A002B03D020001830FEF703
:10AF4000AFFB24482900FEF789FB0023002B0DDD11
:10AF5000FEF76AF8204B1B68002B15D11F4B1B68AE
:10AF6000A34218D070BD1D4B1C68DFE7E218C53244
:10AF7000FF321278012A01D00133E7E7E218C53227
:10AF8000FF3200211170F7E7FEF742F8FFF7B6F93C
:10AF9000FEF74AF8E2E7104B1B68002B0CD0104B71
:10AFA0001B68002B02D1FEF727F8DBE70D4B0E4A9A
:10AFB0000E480F49FAF77EFA064B1B680D4A1268D5
:10AFC0009A4203D1054B00221A60CBE7FFF734FF0A
:10AFD000C8E7C046949A0220889A0220C83C002004
:10AFE000B0990220C4AF0310ECDE031068AF031069
:10AFF000AA0C0000A899022010B50C00002809D066
:10B00000074B19681831FEF734FB01212000FFF7C8
:10B010004FFB10BD034B044A04480549FAF74AFAAE
:10B02000C83C00200CB1031064DE031068AF0310AD
:10B030008414000070B503001000002B1ED0154AC8
:10B040001268002A20D0144C2568802212060A4378
:10B05000AA615A682168CA61216895680D622168F1
:10B0600018316960216818319160226893621A680A
:10B0700001321A600121FFF71BFB70BD074B084A24
:10B0800008480949FAF716FA084B054A05480849DD
:10B09000FAF710FAB0990220C83C00200CB1031056
:10B0A00044DE031068AF0310A214000018B10310AF
:10B0B000A614000070B5030008001100002B18D082
:10B0C0005A680F4C2568EA61256896682E622568E3
:10B0D00018357560256818359560226893621A687E
:10B0E00001321A60002901D001204042FFF7E0FA46
:10B0F00070BD044B044A05480549FAF7DBF9C04620
:10B10000C83C00200CB1031024DE031068AF03100C
:10B11000C214000010B5C368DB68002B4CD09A6ADB
:10B12000D869196A8160D869486051681800183078
:10B13000814247D0002199621168013911602B4A80
:10B140001268002A44D15A699868D9688160986861
:10B15000486051681C1DA14237D000215961116817
:10B1600001391160D86A224A1268904201D9204AF6
:10B17000106020498200121892008A1852689A6062
:10B180009068D86044609460DC6AA2001019800066
:10B19000401858611019800040580130121992006F
:10B1A0005050DA6A144B1B68DB6A9A421CD9134B65
:10B1B00001221A60012010BD114B124A1248134996
:10B1C000FAF778F9196A5160B4E7D9685160C4E7B1
:10B1D0000F4A5168D9618C681C62606088609A620D
:10B1E000116801311160DCE70020E4E7B09902202A
:10B1F000B8990220E03C0020C83C0020C89A0220F8
:10B2000044B1031008DE031068AF0310F914000006
:10B21000349A022010B5314B1B68002B4CD0802390
:10B220001B060B430360C368002B4BD002694468C4
:10B230008168A16044684C605168814248D0002117
:10B2400001611168013911605A699868D968816093
:10B250009868486051681C1DA1423CD0002159618A
:10B26000116801391160D86A1D4A1268904201D9EB
:10B270001B4A10601B498200121892008A185268FB
:10B280009A609068D86044609460DC6AA2001019EB
:10B290008000401858611019800040580130121980
:10B2A00092005050DA6A104B1B68DB6A9A4202D94E
:10B2B0000E4B01221A6010BD0D4B0E4A0E480F496D
:10B2C000FAF7F8F80E4B0B4A0B480E49FAF7F2F86A
:10B2D00081685160B3E7D9685160BFE7B099022037
:10B2E000B8990220E03C0020C83C0020C89A022007
:10B2F00018B10310E4DD031068AF03104715000018
:10B3000044B1031052150000034B1B680360034B4C
:10B310001B6843607047C046249A0220BC9A0220F2
:10B32000F8B504000D00002819D000291DD0FDF744
:10B330006FFE204B1A686368D61A1F490868C62139
:10B34000FF31415C002916D01B4B1A68C623FF331E
:10B350000021D1540124FDF767FE2000F8BD174BF2
:10B36000174A18481849FAF7A5F8184B144A15480F
:10B370001749FAF79FF82968481C18D0276815481C
:10B380000068874205D0934203D800232B60012434
:10B39000E1E7B14203D800232B600124DBE79B1ACD
:10B3A0005B182B602000FFF7AFFF0024D3E70024D9
:10B3B000D1E7C046BC9A0220C83C002054B103101B
:10B3C000CCDD031068AF0310A915000060B10310B5
:10B3D000AA150000249A0220014B01221A6070472E
:10B3E000C89A022070B504000D001600002827D06E
:10B3F0002C60220034326A60E26A2A61226BEA61C0
:10B4000022682A62626C6A62A26CAA60226D6A611A
:10B410000022AA61052B34D01F4A1268A24212D022
:10B420002B73032B12D0FDF7F3FDA26A1B4B9A423C
:10B4300024D0FDF7F9FD002E28D10023AB6270BDAA
:10B44000154A1468D4E700232B73F4E7FFF74EFB8B
:10B45000A36A002B07D002232B73FFF719FCE2E746
:10B4600002232B73F9E70023002BF6DCE218C53228
:10B47000FF321278012AF3D00133F5E701232B7351
:10B48000D7E72000FFF7B6F92873D4E7206BFEF763
:10B490002BFFA862D3E7C046C83C0020349A0220A4
:10B4A000F0B5C64600B50600170008239846884444
:10B4B0000D68002D0ED0CC68002509E0E0682C2135
:10B4C000694371183B000122FFF78CFF0135646866
:10B4D0004445F3D1280080BCB846F0BDF8B506005D
:10B4E0000C001700FFF702FB204B1B68A34237D864
:10B4F00020240025013C2C2068433018A1000919A4
:10B5000089001B4BC9180122FFF7CAFF2D18002C18
:10B51000F0D12C34200068433018164B19680222F1
:10B52000FFF7BEFF4519200068433018124B196819
:10B530000222FFF7B5FF45192000684330180F4974
:10B540000422FFF7ADFF45196C4330190C49032263
:10B55000FFF7A6FF4519002F03D000233B6000E052
:10B560000025FFF795FB2800F8BDC046A8990220EA
:10B57000E03C0020D03C0020D83C0020A89A0220CB
:10B58000949A0220014B18687047C046C83C0020BE
:10B59000064B1B68002B07D0054B1B68002B01D006
:10B5A000002002E0022000E001207047889A02207B
:10B5B000B099022070B5041E4CD0C26A274B1B689C
:10B5C000DB6A9A423ED28369002B05DB234B1B6862
:10B5D000D96A20235B1A8361616993009B189B00E1
:10B5E0001F4A9B18994205D01C4B1B68DB6AE3621B
:10B5F000012030E0251D2800FEF752F8174B1B688C
:10B60000D96AE162174B1B68994201D9154B196041
:10B61000134A8B005B189B00D3185B68A360996882
:10B62000E1604D609D60E06A830019188900891807
:10B63000616119188900895801311B189B009950C4
:10B64000012008E0026D054B1B68DB6A9A4203D3B8
:10B65000002000E0002070BD0120FCE7C83C002075
:10B66000E03C0020B899022070B5041E45D0254B5F
:10B670001B6883420CD1436D002B0FD0013B436507
:10B68000C16A026D91423AD0002B0DD0002070BDEE
:10B690001D4B1E4A1E481F49F9F70CFF1E4B1B4A43
:10B6A0001B481E49F9F706FF051D2800FDF7F8FFA6
:10B6B000216DE16220235B1AA361194B1B6899423B
:10B6C00001D9174B1960174A8B005B189B00D318E0
:10B6D0005B68A3609968E1604D609D60E06A8300EB
:10B6E0001918890089186161191889008958013170
:10B6F0001B189B0099500120C9E70020C7E70020D4
:10B70000C5E7C046C83C002070B10310B4DD03108B
:10B7100068AF03102C1A000088B103102D1A000026
:10B72000B8990220E03C002070B5041E0BD0426D99
:10B73000002A09D0036D8B4200D20B00E16A9942C6
:10B7400001D0012A06D070BD214B224A224823494C
:10B75000F9F7B0FE224A1268A24232D0E362A2692F
:10B76000002A02DB2022D31AA36162698B005B18D6
:10B770009B001C495B189A42E5D1251D2800FDF766
:10B780008FFFE16A184B1B68994201D9164B19606B
:10B79000144A8B005B189B00D3185B68A360996800
:10B7A000E1604D609D60E06A830019188900891886
:10B7B000616119188900895801311B189B00995043
:10B7C000C1E70A4B034A04480949F9F773FEC0462A
:10B7D00088B1031090DD031068AF03108A1A0000CF
:10B7E000C83C0020E03C0020B8990220A0B1031022
:10B7F000A51A0000F0B5DE4657464E464546E0B570
:10B8000087B006008846002303702E4B1C681B6817
:10B810002C20584300F09CFD824600284BD000228B
:10B820002100FFF75BFE05900027002524E0582348
:10B830009B462B00103343453AD861683000FEF731
:10B840008BFF06000F354346013BAB4230D94346E0
:10B850005B1B99462369A16AA0681B4A029001916B
:10B8600000935B4649463000F9F7A6FD4946FEF7CE
:10B8700033FD2D1836180137059B9F4218D22C2412
:10B880007C435444237B042B0CD89B000F4AD35891
:10B890009F4642239B46CCE753239B46C9E744235C
:10B8A0009B46C6E700239B46C3E752239B46C0E75F
:10B8B000504600F019FE07B0F0BCBB46B246A946A0
:10B8C000A046F0BDA8990220B8B103101CDD0310FA
:10B8D000044B1A6890691A68D16A1A6820235B1AA7
:10B8E00093617047C83C0020034B1868002802D0C1
:10B8F000436D013343657047C83C0020F8B5040030
:10B900000F0015001E00002842D1FFF7EFF8FDF7E9
:10B910007FFB304B1A681219C532FF321378022BA5
:10B920003CD02C490868230070339B001A58BA4356
:10B930001A500A681219C532FF3201231370069B90
:10B94000002B2FD1FDF770FB0027FFF7A1F9012F86
:10B9500030D0FDF75DFB002E06D01E4B1A68230089
:10B9600070339B009B5833601A4B1B681B19C533FF
:10B97000FF331B78022B22D00025164B1B681B19A6
:10B98000C533FF3300221A70FDF74EFB2800F8BDC7
:10B99000114B124A12481349F9F78CFDFDF744FB8D
:10B9A0000027D2E7FDF740FB01210698FEF780FE55
:10B9B0000127CAE70028CCD1FDF71EFBC9E7054BDC
:10B9C0001968230070339B005A58AA435A50012526
:10B9D000D3E7C046C83C0020C8B1031078DD03108F
:10B9E00068AF0310331E0000F8B504000D00160008
:10B9F0001F00002919D100281DD0FDF709FB069B67
:10BA0000002B05D02B0070339B001B59069A136046
:10BA10006319C533FF331A78D2B202211970042F8B
:10BA20002BD8BB003E49CB589F463E4B3E4A3F4831
:10BA30003F49F9F73FFD3F4B3B4A3C483E49F9F748
:10BA400039FD7035AD002B5933432B51012A1ED0DF
:10BA50000124FDF7E9FA2000F8BD7035AD002B593F
:10BA600001332B51F2E77035AD002E51EEE7022A7B
:10BA700053D07035AD002E51E8E7304B1B68002BDA
:10BA8000E4D02F4B284A29482E49F9F713FD636962
:10BA9000A168E2688A60A16851605A68201D8242EC
:10BAA0002ED0002262611A68013A1A60E16A264BC0
:10BAB0001B68994201D9244B1960244A8B005B18FA
:10BAC0009B00D3185B68A3609968E1604860986048
:10BAD000E06A8300191889008918616119188900C2
:10BAE000895801311B189B009950A36A002B0AD179
:10BAF000174B1B68DA6AE36A9A420AD30124A8E763
:10BB0000E2685A60CDE7134B074A08481249F9F733
:10BB1000D1FCFDF771FA01249BE7002499E7C046A8
:10BB200030DD0310DCB1031064DD031068AF0310D7
:10BB3000A81E0000F0B10310A91E0000BC9A02204C
:10BB400000B20310DE1E0000B8990220E03C002085
:10BB5000C83C002020B20310ED1E000070B50400A8
:10BB60000D001600002855D0002959D1FDF778FAAC
:10BB70006319C533FF331A78022119707035AD008F
:10BB80002B5901332B51012A41D1A36A002B4DD1EE
:10BB9000324B1B68002B52D16369A168E2688A604E
:10BBA000A16851605A68251DAA4245D000226261F1
:10BBB0001A68013A1A60E16A294B1B68994201D957
:10BBC000274B1960274A8B005B189B00D3185B68D2
:10BBD000A3609968E1604D609D60E56AAB0059190A
:10BBE00089008918616159198900895801315B19E7
:10BBF0009B009950E26A1C4B1B68DB6A9A4206D98B
:10BC0000002E01D001233360184B01221A60FDF78A
:10BC10002BFA70BD164B174A17481849F9F74AFC1A
:10BC2000174B144A14481749F9F744FC164B114AAC
:10BC300011481649F9F73EFCE2685A60B6E7144B22
:10BC40005A68E26195682562210018316960916047
:10BC5000A3621A6801321A60CCE7C046B09902208C
:10BC6000B8990220E03C0020C83C0020C89A02207D
:10BC7000F0B1031044DD031068AF0310C41F0000CF
:10BC8000DCB10310C51F000020B20310EE1F00003E
:10BC9000349A0220074B1A681368002B06D101332F
:10BCA0000360002B04D1D368186870470023F7E7BE
:10BCB0000020FAE7CC3C002010B5416000619142C1
:10BCC0000CD8D21A83699A4201D3012010BD011DFC
:10BCD000094B1868FDF7CDFC0020F7E79A4201D226
:10BCE000994206D2011D054B1868FDF7C2FC0020E1
:10BCF000ECE70120EAE7C046DC3C0020CC3C002019
:10BD000070B504000D00160004E0A369ED18236A65
:10BD100020009847A16949192B0032002000FFF745
:10BD2000CBFF0028F1D170BD70B505000E000C4BA3
:10BD30001B68DB68DC68201DFDF7B2FC2823E35C90
:10BD40005A0707D4012293432732A354236A2000C1
:10BD5000984770BD320029002000FFF7D1FFF5E7BA
:10BD6000CC3C002010B505E0DB6818680121494291
:10BD7000FFF7DAFF054B1B681A68002AF4D1034A63
:10BD80000349086810600B6010BDC046CC3C002021
:10BD9000DC3C002070B50500FEF7B0FE0400074B48
:10BDA0001B68834205D800232B60044B1C602000D5
:10BDB00070BDFFF7D7FF01232B60F6E7189A02202A
:10BDC00070B582B004000D00FEF790FE01A8FFF7E9
:10BDD000E1FF0600019B002B22D1002D14D1A042CF
:10BDE0000BD2A11B104B18682A00FEF74DFAFEF784
:10BDF0004FFF002811D002B070BDFEF749FF31009F
:10BE00002000FFF791FFF6E7084A12681268002A3F
:10BE100001D10125E5E71D00E3E7FDF7EDF8EAE7CD
:10BE2000FEF736FFE7E7C046C09A0220DC3C002060
:10BE300030B587B01022002102A8F8F7C3F902E05C
:10BE4000029B002B0FDA384B1868002202A9FEF77C
:10BE500009F8002865D0029B002BF1DA039A0498B8
:10BE600005999047ECE7049C6369002B02D0201DE4
:10BE7000FDF716FC01A8FFF78DFF050002990929BF
:10BE8000E1D88900294B5B589F462822A35C0121F9
:10BE90000B43A354039BA169591802002000FFF72C
:10BEA0000BFF0028CFD02823E35C5A0707D40122D8
:10BEB00093432732A354236A20009847C3E703998A
:10BEC000A369C9182A002000FFF71AFFF3E7282208
:10BED000A35C01218B43A354B5E72822A35C012175
:10BEE0000B43A3540399A161002906D0091803004C
:10BEF00002002000FFF7E0FEA5E70D4B0D4A82315E
:10BF00000D48C900F9F7D6FA2823E35C9A0704D54F
:10BF1000012293432732A35495E7200000F0E4FA6E
:10BF200091E707B030BDC046C09A022048DF031039
:10BF300060B2031070DF031088B2031000B583B045
:10BF400001A8FFF7A7FE0199FFF73AFFFFF770FF7F
:10BF5000F6E7000070B5FDF75BF8104B1B68002B8F
:10BF600002D0FDF761F870BD0D4D2800FDF768FBAC
:10BF70000C4C2000FDF764FB0B4B1D600B4B1C6051
:10BF8000002210210A20FDF72BFD044B1860002829
:10BF9000E7D00749FEF744F9E3E7C046C09A02201C
:10BFA000BC990220D0990220CC3C0020DC3C00202F
:10BFB000CCB2031000B583B0FFF7CCFF0C4B1B686D
:10BFC000002B0ED080220B490B480C4B01931F23F2
:10BFD000009300239200FEF7D0FB002801D003B0AD
:10BFE00000BD074B074AA32107484900F9F762FA49
:10BFF000C09A0220D4B203103DBF0210C49A02209E
:10C00000DCB203108CDF031088B2031030B585B0AA
:10C010000D0014001A00694602235B420093019050
:10C0200002950394034B18680023FDF7FBFD05B050
:10C0300030BDC046C09A022010B5F5F79BF9040048
:10C04000054B1B68002B03D02000F5F79FF910BDAE
:10C050000148F5F7A1FDF7E7843C0020F8B504009E
:10C0600016001F00F6F73CFA80197941002908DA1A
:10C0700001204042104904E0002300E00023002B8F
:10C0800018D1D0231B061B6D9B070DD40B4B5B6A8D
:10C090009942F3D8094DAD6A854203D29942EBD05B
:10C0A0000123ECE70123EAE7D0231B065C6540BFD0
:10C0B0000120F8BD0020FCE7FFFFFF7F00400540A6
:10C0C00070B504000D001600F6F70AFA24184D4169
:10C0D000002D0CDBD0231B061B6DDB070BD42000CF
:10C0E0002900F6F7F7F80028F4D0002008E0012432
:10C0F0006442044DEEE7D0231B069B6D33600120A4
:10C1000070BDC046FFFFFF7FF0B5CE46474680B505
:10C1100083B0060014001D00D0231B061B680F22ED
:10C12000914699444846F5F72FFA8046002801D1F8
:10C13000002706E000214846F5F740FAF8E7002F0F
:10C140001FD1F6F7CDF922002B00121A8B41002BDC
:10C1500017DB3000FFF782FFF6F7C2F922002B0051
:10C16000121A8B411000191E0BDB0023019301AA48
:10C17000FFF7A6FF002804D0019BB342DFD10700E0
:10C18000DDE74346002B05D1380003B0C0BCB946FB
:10C19000B046F0BD01214846F5F710FAF4E700007B
:10C1A00070B506000D00164B1B68002B19D0144803
:10C1B00032000B0009F084F9041E10D0114B1B78DB
:10C1C000002B15D032002B000F48FFF79DFF041EF7
:10C1D00002D00C4B00221A70094809F021F9200006
:10C1E00070BD0A4B0A4A9A210A484900F9F762F9D8
:10C1F000094B074A9C2107484900F9F75BF9C046FB
:10C20000843C0020FA9A0220E17C578C4CB3031046
:10C21000A4DF0310FCB2031074B3031070B5FFF772
:10C220000BFFD0231B061C6825000F35054928008D
:10C23000F5F7FCF901212800F5F7C0F9024B0122BE
:10C240001A5570BDED0D00208C3C002070B5040027
:10C250000D00F6F745F900196941002902DBFFF7E7
:10C260009FFF70BD012040420049F8E7FFFFFF7FBC
:10C27000104A53071BD0D11D0723994396239B02D5
:10C280005B1A9B180A000C48026000214160D31819
:10C29000083B072083430948036059601960991AD5
:10C2A00051601360064B1960064B19607047962366
:10C2B0009B02E8E78C4100208C9A0220D43C0020AD
:10C2C0001C9A0220109A022010B51A4B19001B6804
:10C2D0008342FBD3174A914205D0174A91420FD3AC
:10C2E000164A91420CD84A688C1884420FD0426892
:10C2F0008418A34210D00360884200D0086010BDAB
:10C300000F4B104A802110488900F9F7D3F8406894
:10C3100012184A600800EAE70C4C2468A34206D0D1
:10C320005B68D21842600B681B680360E4E7046036
:10C33000E2E7C0468C9A02208C4100208B990220B3
:10C3400088B30310C8DF031004B40310D43C0020EA
:10C35000F8B5041E10D0030009330CD808340723A5
:10C360001A002240234207D001339B1A093AA24205
:10C3700027D3E41800E00024FEF7B8FB4C4B1B6801
:10C38000002B20D0002C21DB29D04A4B1868A0427A
:10C3900029D3494B1A68494B9A4228D3484B9A42B1
:10C3A00025D845495368A3422DD21368002B2AD0C3
:10C3B00042498B4221D31100414A93421DD81A00B1
:10C3C000F0E70024D8E7FFF753FFDBE7FEF760FC58
:10C3D0000025E0F72BFA6B0763D12800F8BDFEF7C4
:10C3E00057FC0025F5E7FEF753FC0025F1E7354B38
:10C3F000354A3648F621F9F75DF8324B324A334870
:10C40000FC21F9F757F82A4B1B68934230D00D688E
:10C4100008352A4B9D422FD3294B9D422CD81368B7
:10C420000B605368A3422ED31B1B102B07D9161980
:10C4300077072FD1736054600B6833600E605168CA
:10C44000401A1C4B1860224B1B68984201D2204BAB
:10C45000186080231B060B435360002313601D4AA2
:10C46000136801331360FEF713FC002DB3D1B0E75E
:10C47000FEF70EFC0025ACE7174B134A8321134847
:10C480004900F9F717F8154B0F4A87210F48490063
:10C49000F9F710F8124B0C4A18210C48FF31F9F744
:10C4A00009F8104B084A5E210848FF31F9F702F8F5
:10C4B000D43C0020109A02208C9A02208C4100204B
:10C4C0008B99022058B40310F0DF031004B403105A
:10C4D0001C9A0220289A0220CCB4031044B5031001
:10C4E00078B50310ACB5031070B5002826D0050050
:10C4F000083D1D4B9D4222D31C4B9D421FD803007B
:10C50000083B5B68002B21DA0200083A1268002A17
:10C5100023D1083804005B005B084360FEF7E6FAAD
:10C520006168134A13685B1813602800FFF7CCFE9C
:10C53000104A136801331360FEF7AAFB70BD0E4B5F
:10C540000E4AB8210E484900F8F7B4FF0D4B0B4ACC
:10C5500072210B48FF31F8F7ADFF0B4B074AB921A9
:10C5600007484900F8F7A6FF8C4100208B9902206C
:10C57000109A02202C9A0220E8B50310E4DF031081
:10C5800004B403105CB60310D0B6031010B5F7F76F
:10C59000D3FD10BD10B5F7F7FDFD10BD7F2801D804
:10C5A00080B2704780235B02984215D2B623FF33D6
:10C5B00099420FD00020F4E701339BB27F2B04D8BF
:10C5C0005A0006498A5A8242F6D180331800FF2366
:10C5D0001840E6E70023F1E70020E2E7D4E2031089
:10C5E0007F2804D9B623FF33994201D00020704739
:10C5F000FF2806D8044B9C4660444000034B185A61
:10C60000F5E70020F3E7C04680FFFF7FD4E2031088
:10C61000F0B580235B02984227D286B280235B016B
:10C620009E4201D2204B02E0204B00E02B001A88F2
:10C63000002A19D0964217D31D1D59880C0AFF23D2
:10C640000B400104090C9F18B94204DB002CEDD10A
:10C650005B00EB18EBE7082C06D8A400144B1B5921
:10C660009F46891A49006E5A3000F0BDB21A012364
:10C670001340F61AB6B2F7E7103EB6B2F4E7203E22
:10C68000B6B2F1E7303EB6B2EEE71A3EB6B2EBE72D
:10C690000836B6B2E8E7503EB6B2E5E7054B9C4631
:10C6A0006644B6B2E0E7C046E0E0031024E00310C1
:10C6B00000E00310A0E3FFFF437800781B0218435B
:10C6C00070470200C3781B0281780B43180253782D
:10C6D000184300021378184370470300C179090218
:10C6E00082791143090242791143090202790A430E
:10C6F000090E1202C0781043120E09021143000203
:10C700009A780243000E090201431202587810433E
:10C71000120E0902114300021B7818437047017082
:10C72000090A4170704701700B0A43700B0C83704B
:10C73000090EC17070470270110A4170110C8170AE
:10C74000120EC27003711A0A42711A0C82711B0E0A
:10C75000C3717047002070470020704770B5050016
:10C7600003685C1C1B7818005AB2002A01DB2C609D
:10C7700070BD1F2219009143C0290DD00F2219004E
:10C780009143E02935D0072219009143F02934D193
:10C7900007201840032102E01F20184001212278C1
:10C7A00001343F2316009E433300802E28D18001A0
:10C7B000413B1340184301390029F0D17F2822D989
:10C7C00080221201144BC31893421FD388235B03AA
:10C7D00098421ED280235B029842C8D30F4BC318E5
:10C7E0009B010F4A13408005800D03430D481843F9
:10C7F000BDE70F2018400221D1E701204042B7E7F2
:10C8000001204042B4E701204042B1E7012040420C
:10C81000AEE701204042ABE70028FFFF0000FFFF2A
:10C820000000FF0300DC00D810B57F2805D8002ADF
:10C8300000D16CE00870012010BD80231B019842DC
:10C8400012D2012A01D80020F6E783091F221A40DC
:10C8500040235B4213430B703F22024080235B4224
:10C8600013434B700220E7E780235B0298421CD2FF
:10C87000022A4ED9802212012A4BC318934201D2B8
:10C880000020D9E7030B0F221A4020235B421343F9
:10C890000B7083093F2423408022524213434B7084
:10C8A000044022438A700320C6E7032A33D9030CCD
:10C8B0001B04A0229205944663449B090004000CCB
:10C8C000194A9446604480225203934225D2802222
:10C8D000D200904223D20343802252029446634402
:10C8E0009A0C072010401022524202430A701C0B7F
:10C8F0003F2004408022524214434C709C09044063
:10C9000014438C7018400243CA70042094E710004E
:10C9100092E7002090E700208EE700208CE70020BF
:10C920008AE7C0460028FFFF0024FFFF30B500253E
:10C93000002301E0012501330F2B15D8184A1C01F3
:10C94000A258002AF6D00468A242F4D1144A1C016D
:10C950001219546882689442EDD1114A1C011219CF
:10C960009468026B9442E6D1102B0BD0002915D1AC
:10C970000B4A1B01D218D26880235B009A420BD06D
:10C98000002030BD002D05D1022901D01220F8E78A
:10C990000020F6E70020F4E71020F2E71020F0E78F
:10C9A000C027002000200F2806D8054B0201D358CD
:10C9B000002B01D00130F6E71038431E9841704734
:10C9C000C027002030B50400002000E001300F280F
:10C9D00013D8254B0201D25823689A42F6D1224B34
:10C9E00002019B185A68A3689A42EFD11E4B0201BC
:10C9F0009B189A68236B9A42E8D110282AD0002904
:10CA000005DD194B02019B18DB68002B29D1002999
:10CA100022D1154B02019B18DA680132124B010139
:10CA20005B18DA60013030BD01300F2804D80E4B9E
:10CA30000201D358002BF7D1102810D025680A4BDB
:10CA40000201D550A5689B185D60226B9A60002298
:10CA5000DA60D4E70020E8E780225200DEE7002019
:10CA6000E1E70020DFE7C046C027002001380F289B
:10CA700018D80E4B02019B18DB68802252009342AB
:10CA800003D0002B08D0013B00E00023074A01013E
:10CA90005218D360002B07D1044B00010022C25072
:10CAA000002070470220FCE70020FAE7C0270020A2
:10CAB00010B5002303E0064A00248C5001330F2BED
:10CAC00005D8034A19018A588242F7D1F3E710BD0D
:10CAD000C027002070B50300881EDA6A023A82423D
:10CAE00009D91C6D5D6D5A8900230021F7F7FAF80A
:10CAF0000019694170BD00200021FBE770B5056891
:10CB0000C46D0434D905500A0843590A6A890023C0
:10CB1000F6F7C4F9020001E0121A08342068002870
:10CB200003D08242F8D26068801870BD70B50600EC
:10CB30000C0008001A30FFF7BFFD05003378032B07
:10CB400000D070BD20001430FFF7B6FD000428436C
:10CB5000F7E770B506000C00150091B220001A30FE
:10CB6000FFF7DDFD3378032B00D070BD290C2000CA
:10CB70001430FFF7D4FDF8E7F0B5C64600B580469F
:10CB80000E0008001A30FFF797FD00282CD13378EB
:10CB900040229343013B5D00ED18AD00ED180127E5
:10CBA000002403E0174A904224D101340C2C0ED803
:10CBB000154B185D3018FFF77FFD002FF2D0FF2DC9
:10CBC00016D86B004246D05207000135EDE73378A6
:10CBD0005B0611D5002F11D0FF2D11D86D004544F3
:10CBE00000222A80012000E0002080BCB846F0BD71
:10CBF0000020FAE70020F8E70120F6E70120F4E73B
:10CC00000020F2E7FFFF000054E40310F8B5CE4621
:10CC1000474680B580460F0091464B730F23CB7279
:10CC200000230B7308001A300021FFF778FD4B46F4
:10CC3000013B5E00F618B600F6180024002502E05D
:10CC400001350C2D10D8124B9C4203D07300424684
:10CC5000D45A01360F4B585D38182100FFF75FFD9D
:10CC6000002CEDD10A4CEBE7094B9C4204D0760036
:10CC70004346F35A002B04D140234A461A43D3B209
:10CC800099464B463B70C0BCB946B046F8BDC0465D
:10CC9000FFFF000054E4031010B501000B24002036
:10CCA0004308C0010343DBB20A7801319B18D8B2B4
:10CCB000013C002CF4D110BD30B5050041780131A4
:10CCC00049010020002301E0013301338B4209D2E6
:10CCD000022BF9D04208C003024392B2EC5C121955
:10CCE00090B2F2E730BD70B505000C000069343039
:10CCF000FFF7E7FCA06028693830FFF7EEFC206101
:10CD000061612A692123D25C1F3B1340E371002338
:10CD1000E36170BD10B501000068002823D0020057
:10CD2000137801321F2B01D93A2BF9D13A2B02D0BB
:10CD30000E4B187810BD03781C00303CE4B2092C6F
:10CD40000ED80230904202D001204042F2E7303B40
:10CD50001800012B02DD01204042EBE70A60E9E701
:10CD600001204042E6E701204042E3E7D29A022058
:10CD700010B501220AE000235840012303405B4222
:10CD8000064C2340400858405200D2B2002A03D03B
:10CD90001142F0D00123EFE710BDC0462083B8ED6B
:10CDA00070B504000D00002818D00368002B17D0C0
:10CDB0001A78002A17D08188DA88914203D0092096
:10CDC00000242C6070BD587804F070FB0300012231
:10CDD000100018401A4209D12468F2E70920F0E750
:10CDE0001C000920EDE709200024EAE709200024BF
:10CDF000E7E70000F8B505001C490C2206F076FCB8
:10CE0000061E2FD128000C30FFF75BFC0700020044
:10CE10005C3AD2235B009A4225D80120404200248C
:10CE200003E00021FFF7A4FF0134BC4205D2230038
:10CE3000103B032BF5D9295DF4E7C44328001030DB
:10CE4000FFF73FFC84420ED128005430FFF739FC35
:10CE5000802808D128005030FFF733FC802802D802
:10CE6000012600E000263000F8BDC04674E403103F
:10CE7000F0B5C64600B582B004000579002D04D196
:10CE8000280002B080BCB846F0BD682398468044B4
:10CE9000026E436E407801210091414604F03FFB51
:10CEA000051E1BD100232371206E616E226C636C02
:10CEB00006000F00B61A9F41226B0023BB42DFD150
:10CEC000B242DDD9E678022EDAD112184B416078F1
:10CED00001210091414604F022FBD1E70125CFE773
:10CEE000F0B583B0040015001F00026E436EAA4225
:10CEF00005D1BB4203D10026300003B0F0BD2000B5
:10CF0000FFF7B6FF061EF7D12100683160780123D4
:10CF100000932A003B0004F0E9FA002803D0013610
:10CF200001256D422F0025666766E5E770B50400B0
:10CF30000021017101204042C11720666166200076
:10CF4000FFF7CEFF002867D1344BE018FFF7B4FBA2
:10CF50000500334B98420CD06823E35CEB2B12D0D6
:10CF6000E92B10D0E82B0ED02D4B9D4252D0032040
:10CF700070BD200068302B490B2206F0B7FB00285B
:10CF8000EAD10120F4E7264B9D4239D020007330CE
:10CF9000FFF792FB7523E15C431E0342E4D180233B
:10CFA0009B009842E0D3DFD80029DDD04B1E0B4216
:10CFB000DAD120007630FFF77FFB0028D4D0782329
:10CFC000E35C013B012BCFD820007930FFF774FBE5
:10CFD0000028C9D020007B30FFF76EFB7F2807D8E0
:10CFE00020008830FFF76DFB80235B029842BBD3A3
:10CFF00020007E30FFF760FB0028B5D00020B7E7A7
:10D00000094908222000BA3006F070FB0028BDD183
:10D010000020ADE70220ABE70420A9E7660200008C
:10D0200055AA0000F8B6031004B70310F0B5DE46A9
:10D0300057464E464546E0B589B004000D00002233
:10D040000023FFF773FF022802D05CD8002D5AD0CE
:10D05000464BE35CEE2B01D0002667E00122002363
:10D060002000FFF73DFF002800D079E068239A46B2
:10D07000A2445046FFF7BEFE002800D172E0200017
:10D08000B830FFF71EFB83462000B030FFF725FBCA
:10D0900000900191002303939946A0462B004D4632
:10D0A000994603E0039B99452DD001355D4529D272
:10D0B000EC01660A0027009A019B92197B414046C9
:10D0C000FFF70EFF00284FD1C0235B001C4028490A
:10D0D00053461819102206F009FB0028E5D1039BDE
:10D0E00001330393203420005044FFF7F6FA020086
:10D0F0000B004046FFF71AFF4B46002BD2D1012808
:10D10000D3D800E0032009B0F0BCBB46B246A94624
:10D11000A046F0BD200068303301C733FF33C0188C
:10D12000FFF7CFFAB30004AAD0500136032EF1D98D
:10D13000002D01D06E1E0CE02E000AE0002320001E
:10D14000FFF7F4FE002DDED10128DCD90136032ED5
:10D15000D9D8B30004AA9A58002AEFD10320F1E7E6
:10D160000420D0E70320CEE70420CCE72A02000009
:10D1700064E40310F0B5DE4657464E464546E0B53A
:10D1800089B00D00160000230B60FFF7C3FD0028D7
:10D1900000DA49E2C84B8000C458002C00D14CE2B0
:10D1A0002C6001239E432378002B0FD0607804F07D
:10D1B0007DF901231D000540034207D1002E00D157
:10D1C00033E2400700D430E20A252EE20023237028
:10D1D000607804F076F901231D000540034200D079
:10D1E0002DE2002E02D0400700D52AE200212000C7
:10D1F000FFF71CFF042800D125E2012800D924E212
:10D20000226E636E00920193012800D1E6E02000B7
:10D210007330FFF751FA80239B00984200D02CE234
:10D2200020007E30FFF748FA061E04D120008C3023
:10D23000FFF747FA060026637823E75CE7707B1E5A
:10D24000DBB2012B00D91AE2774302977523E75C22
:10D250006781002F00D114E27B1E3B4200D012E216
:10D2600020007930FFF728FA8146030004902081DE
:10D270001B0700D009E220007B30FFF71DFA804633
:10D28000002804D120008830FFF71BFA80462000D8
:10D290007630FFF711FA8346002800D1F7E1029AB1
:10D2A0005A444B461B099BB291469944C84500D24B
:10D2B000EFE143464A469B1A984639001800F5F7B5
:10D2C000AFFDB84500D2E6E17C4B984200D9FBE0C7
:10D2D0007B4B984200D951E102239A46F6E0013394
:10D2E0003F2B04D8E21868321278002AF7D03F2B7F
:10D2F00000D8ACE12000D030FFF7DEF980235B00DE
:10D30000984200D0A5E12C3BE35C092B00D0A2E1C0
:10D310002000B030FFF7E1F9009E019F36184F4121
:10D320002000BC30FFF7CDF92063D623E35C98469C
:10D33000E370012B00D090E1D433E35C01229A40EA
:10D34000924693B26381002B00D188E12000C43063
:10D35000FFF7B7F981465B4B984200D981E10300A2
:10D360000233E362009A019BA263E3632000C030B2
:10D37000FFF7A7F90200002300980199801859418E
:10D380000A00010002910392216562652300B8330F
:10D390001800FFF796F9020000230098019912186F
:10D3A0004B412264636453461B041B0C4A465A4398
:10D3B00010000021029A039B80185941B94211D8EC
:10D3C0000ED02000C830FFF77CF9A0640023E3648E
:10D3D00000270026B1462600AA460DE00B237FE772
:10D3E000B042EED90D2520E1F31968331B78812B6B
:10D3F0001CD02037FF05FF0D002FF5D173894B4559
:10D4000000D830E1B16C3000FFF764FB4C460025DA
:10D4100002000B0012196B413000FFF761FD00287C
:10D4200000D022E101239C46E144DDE73400683668
:10D43000380014303018FFF744F90700012800D8ED
:10D4400015E1E36A834200D813E1226D636D009217
:10D45000019363899C46831E994663464A4653431B
:10D4600018000021009A019B12184B41A265E36548
:10D47000B1462600326C736CFC09002512196B4111
:10D480003000FFF72DFD002800D0F4E07F30384059
:10D4900080004844FFF715F9431C04D00137B84217
:10D4A000E8D00D25C1E03400554601235B42B3614D
:10D4B000736105339A4653E0B8270020F5FFFF0F4C
:10D4C000F5FF0000FDFFFF7F00239A46784B98424E
:10D4D00057D95346002B00D1DFE0831C9846E36206
:10D4E000009A019BA263E3635846002180185941CA
:10D4F00002000B0006920793226463644A460023ED
:10D500000098019912184B41226563655346032B1D
:10D510003AD0049B002B00D1C5E0029A0023069864
:10D52000079912184B41A264E3645346022B40D082
:10D5300043465B0043445B08012241460A409B1876
:10D540005C4A944663445B0AB34200D9ADE00123D0
:10D550005B42A3616361813363715346032B2BD01C
:10D5600053462370544A138801339BB21380E380DF
:10D570000023E3612000FFF79BFA56E003239A465D
:10D58000A7E701239A46A8E720009230FFF794F816
:10D59000002800D083E0049B002B00D081E0200015
:10D5A0009430FFF78EF8A0640023E36443469B00A9
:10D5B000C6E743465B00C3E720009830FFF77CF8DE
:10D5C0000128CDD1012200230098019980185941EA
:10D5D00002000B002000FFF783FC0028C0D10023CD
:10D5E0006371364BE018FFF767F8354B9842B7D1B7
:10D5F00020006830FFF765F8324B9842B0D1932392
:10D600009B00E018FFF75DF82F4B9842A8D19423B8
:10D610009B00E018FFF755F8A06195239B00E018E8
:10D62000FFF74FF860619BE70B25280009B0F0BCBD
:10D63000BB46B246A946A046F0BD0C25F5E703253A
:10D64000F3E70A25F1E70125EFE70D25EDE70D25C5
:10D65000EBE70D25E9E70D25E7E70D25E5E70D25C6
:10D66000E3E70D25E1E70D25DFE74546DDE70D257D
:10D67000DBE70D25D9E74546D7E70D25D5E70D258D
:10D68000D3E70D25D1E70D25CFE70D25CDE70D25F6
:10D69000CBE70D25C9E70D25C7E70D25C5E70D2506
:10D6A000C3E70D25C1E70D25BFE70D25BDE7C04642
:10D6B000F50F0000FF010000CC9A02206602000076
:10D6C00055AA00005252614172724161F0B5DE46C6
:10D6D00000B584B0070093468E1EC36A023BB34276
:10D6E00000D80026009634000025BA6DFB6D210B92
:10D6F0000291002103910298039912184B413800BE
:10D70000FFF7EEFB019000282BD1E308DB05D80DD5
:10D710000722224001239340DBB20BE00094002556
:10D72000A64221D0002B05D1013080239B009842D6
:10D73000DBD201233A18683212781A405B00DBB260
:10D740000134F96A0239A14203D8019B00248020E8
:10D750008000002AE2D101355D45E1D10098023018
:10D7600003E00120404200E0002004B080BCBB4642
:10D77000F0BDF0B5C64600B582B00500170098466A
:10D780008B1E9C46816DC26D0B0014006246100B0F
:10D790000021C01861416346D608F605F60D072240
:10D7A000134001249C40E4B20122002312184B4193
:10D7B0000092019302000B002800FFF791FB002864
:10D7C00002D0012021E00124AB1968331B7822002C
:10D7D0001A40511E8A41424516D0AA196832634048
:10D7E000137001232B71013F002F0ED06400E4B2AF
:10D7F000002CE9D10136013480239B009E42E2D304
:10D80000009801990026CFE7022002B080BCB846FC
:10D81000F0BDF0B5D6464F464646C0B504000D00F3
:10D820001600012900D89DE0C36A8B4200D8A0E011
:10D830000378022B00D17DE044D8012B40D14F0862
:10D84000BA468A44026C436C5746780A0021121883
:10D850004B412000FFF744FB071E00D083E0682304
:10D860009946A144673B534498465346DB05DB0D7C
:10D870004B440122110029408A462A424FD0187891
:10D8800032010F2101400A43D2B21A7001232371E1
:10D89000226C636C4546680A002112184B41200037
:10D8A000FFF71EFB071E5ED1EB05DB0D4B44524616
:10D8B000002A36D03209D2B21A700123237152E005
:10D8C000022750E0033BDBB2012B54D8026C436CBF
:10D8D000C809002112184B412000FFF701FB071E69
:10D8E00041D12378042B0DD036013609230068334B
:10D8F000AA00FE2149000A409818FEF7E2FE000F38
:10D900000007064320006830AD00FE235B001D4089
:10D9100040193100FEF707FF0123237123E0F2B223
:10D92000B3E71A78300A40B20F2101400F2082433A
:10D930000A43C1E7026C436C080A002112184B41EC
:10D940002000FFF7CDFA071E0DD1200068306B00D4
:10D95000FF2252001340B1B2C018FEF7E0FE0123CF
:10D96000237100E002273800E0BCBA46B146A84661
:10D97000F0BD0227F7E70227F5E770B504000E00B7
:10D98000150007E02A00FFF744FF00280DD1E369E6
:10D99000013BE361E369002B06D02068F21A511CB9
:10D9A000012BEFD90232EEE7002070BD70B5060002
:10D9B000C379032B01D0002070BD81688469002CDD
:10D9C00009D04D1C30682A00FFF723FF0028F3D14F
:10D9D000013C2900F3E70023F3710020ECE700008D
:10D9E000F8B506000D000468012900D8B3E0E36A29
:10D9F0008B4200D8B1E02378032B76D01AD8012BC4
:10DA000044D0022B14D1226C636C080A0021121836
:10DA10004B412000FFF764FA002800D0A2E06834F0
:10DA20006B00FF2252001340E018FEF745FE93E022
:10DA3000012091E0042B27D14169006903000B43C9
:10DA400002D0B368002B03D1F379002B00D08FE014
:10DA5000B768EF1B01225242D31712184B41D90568
:10DA6000500A0843590A62890023F5F717FAF37937
:10DA7000022B50D0032B53D0022B00D17CE0F36952
:10DA8000002B52D03F4867E0012065E04E08761831
:10DA9000226C636C700A002112184B412000FFF7C2
:10DAA0001FFA002802D00120404255E0771CF30500
:10DAB000DB0DE31868331E78226C636C780A002152
:10DAC00012184B412000FFF70BFA002847D1FB0545
:10DAD000DB0DE31868331B781B023343ED0701D5D8
:10DAE000180939E01B05180D36E0226C636CC80973
:10DAF000002112184B412000FFF7F2F9002834D121
:10DB00006834AB00FE2252001340E018FEF7D9FD46
:10DB10000001000920E08742ACD82BD0681C1BE034
:10DB2000B269BA42A8D9681C16E0226C636CE80995
:10DB3000002112184B412000FFF7D2F900281DD117
:10DB40006834AD00FE235B001D406019FEF7B9FD8F
:10DB50004000400800E00120F8BD0120FCE7012062
:10DB60004042F9E701204042F6E701204042F3E756
:10DB70000120F1E70348EFE70120EDE701204042F3
:10DB8000EAE7C046FFFFFF7FF0B5D6464F46464660
:10DB9000C0B50700894603689846002908D1434666
:10DBA0005E69002E14D0DB6AB34212D8012610E061
:10DBB000FFF716FF0400012800D8D3E0431C00D172
:10DBC000C7E04346DB6A834200D9C2E04E4600E02C
:10DBD000012643469C69002C00D1BAE01B78042B37
:10DBE00009D04E454FD000239A465346002B00D013
:10DBF00084E0350078E0012231004046FFF766FD01
:10DC00000400431E033300D9A3E0012301220100D5
:10DC10004046FFF7AEFD022800D1A5E0012800D163
:10DC2000A4E04B46002B19D10233FB71FB79022B88
:10DC300000D189E04B460133A3421BD0FB69002B86
:10DC400001D10133FB61220049463800FFF795FE00
:10DC500000287BD10123FB61A2465CE0FB79022B0B
:10DC6000E4D1731CA342E1D0BB68F31ABB61032368
:10DC7000FB71DBE7FB69002B03D00133FB61A2469C
:10DC800047E00223FAE7731C9A464346DB6A534592
:10DC900001D802239A4651463800FFF7A1FE04003E
:10DCA000012856D0431C54D000289ED043465B69BF
:10DCB000012B06D94246D26A9A4205D800239A46D9
:10DCC00093E700239A4690E71E0000239A468CE7CC
:10DCD00029003800FFF784FE041E0ED0012838D03A
:10DCE000431C36D0B54246D001354346DB6AAB42D1
:10DCF000EED8012E3DD90225EAE7AA46012252427A
:10DD000051464046FFF785FD00281FD14B46002BAA
:10DD100014D100281AD1434652465A619A69DB6AE7
:10DD2000023B9A4202D8013A43469A6143465B79E4
:10DD3000012213434246537154460AE05246494673
:10DD40004046FFF766FDE4E7A246E2E7012806D079
:10DD500001242000E0BCBA46B146A846F0BD01242B
:10DD60006442F6E70124F4E70124F2E70124644267
:10DD7000EFE75446EDE75446EBE7F0B5CE4600B585
:10DD800007000D00036899461B78042B31D08023CF
:10DD90009B03AB424BD9EB064DD13D63BC68002CD5
:10DDA0002AD14B461B78022B03D94B469C6C00238F
:10DDB000FB71002C20D16B094A46128993423CD258
:10DDC0004B469A6CDB6CBA63FB637C63BA6BFB6B90
:10DDD0001100194339D0680A002112184B41BA6367
:10DDE000FB634B466833ED05ED0D5B193B6400208A
:10DDF0001EE080235B05CCE74B465E897602B54288
:10DE00000ED321003800FFF7EBFD0400431C16D0B1
:10DE1000012816D94B46DB6A834214D9AD1BEEE7C5
:10DE200021004846FEF756FEB863F963CDE70220AD
:10DE300080BCB946F0BD0220FAE70220F8E70120D5
:10DE4000F6E70220F4E70220F2E70220F0E7F0B55F
:10DE5000CE46474680B583B080460C0091460568A3
:10DE6000012900D883E0EB6A8B4200D881E0002AC8
:10DE70000DD02B78042B02D1C379022B07D00122BD
:10DE8000524249462800FFF7C4FC061E72D1019495
:10DE900011E0002239002800FFF7BBFC061E18D055
:10DEA00068E07B1CA34203D02B78042B1DD0019487
:10DEB000EB6AA34224D9270021004046FFF790FDDA
:10DEC000041E1DD001285BD0431C5BD02B78042B93
:10DED000DFD1AA69EB6A023B9A42E2D20132AA611F
:10DEE0006B79012213436B71DBE701997A1A0132D6
:10DEF00000232800FFF73DFC061E3BD10194D7E725
:10DF00002B78042B01D0002634E04B46002B03D1A4
:10DF10004246D37100262DE04346DE79002E15D10E
:10DF20009C684C450CD021004046FFF759FD012864
:10DF30002AD9431C2AD0631C834201D11C00F0E77C
:10DF40004C4517D102234246D37113E0032E01D072
:10DF500000260FE09B684B451AD8424692699B18F1
:10DF60004B4517D302234246D371002602E0022616
:10DF700000E00226300003B0C0BCB946B046F0BD98
:10DF80000226F7E70126F5E70226F3E70126F1E787
:10DF90000026EFE70026EDE7F0B5DE464F464646A1
:10DFA000C0B586B006000F00FEF762FF002806D05D
:10DFB000012006B0E0BCBB46B146A846F0BD390022
:10DFC0003000FEF787FD04000D0034667566682397
:10DFD0009B46B3448022920000215846F6F7F2F89F
:10DFE00077897F0280231B029F4201D380273F0253
:10DFF0000023994600E07F0880239B009F4205D9BB
:10E000003800FEF7C3FA81460028F4D080239B0035
:10E010009F4201D8002725E03A0000214846F6F744
:10E02000D1F87B0A9846002700E047447389BB4239
:10E030000ED9049700230593049A059B12196B418E
:10E04000707841460091494603F069FA0028ECD007
:10E050004846FEF79FFA7089C01B431E9841C0B224
:10E06000A7E701377389BB42F5D9029700230393D1
:10E07000029A039B12196B41707801210091594655
:10E0800003F04DFA0028ECD0E5E7F0B5C64600B540
:10E0900082B0040001910568066B20362B78042BB2
:10E0A00026D080239B03B34203D800220023A2631F
:10E0B000E363A26BE36B110019435AD0F105CF0D56
:10E0C00000290CD10120002112184B41A263E36307
:10E0D000616B002915D173092A8993420BD22663FB
:10E0E0006835ED192564002002B080BCB846F0BD4B
:10E0F00080235B05D7E700220023A263E36303309C
:10E10000F2E7730A6A89013A1A42E8D12000FFF760
:10E1100067FC8046030001282DD901332DD0EB6A1E
:10E12000834217D8019B002B1DD0616B2000FFF7A5
:10E130002BFD8046031E22D0012822D0013322D09D
:10E1400001002800FFF728FF00281ED1E3790422F0
:10E150001343E3714346636341462800FEF7BAFC6C
:10E16000A063E163BBE700220023A263E363042012
:10E17000BAE70420B8E70220B6E70120B4E7072099
:10E18000B2E70220B0E70120AEE70120ACE7F8B526
:10E1900004000F0006680021FFF7EFFD002823D1DF
:10E1A00000250FE0236C1B785BB2002B01DA002501
:10E1B00002E00135BD4217D001212000FFF765FFC5
:10E1C000002811D1A26BE36B3000FEF789FE002816
:10E1D0000AD13378042BE5D0236C1B78E52BE8D0EB
:10E1E000002BE6D00025E7E7042800D0F8BD033077
:10E1F000FCE770B504000568066B016D4B1C03D18C
:10E200000020002813D070BDFFF7B7FDF9E7226C9E
:10E2100011787B330B40137001232B71236BB342B6
:10E2200013D200212000FFF730FF00280DD1A26B90
:10E23000E36B2800FEF754FE002806D12B78042B50
:10E24000E5D0236CE5221A70E6E70428DBD102381A
:10E25000D9E7F0B5C64600B5050000680669AA6BA7
:10E26000EB6BFEF73DFE041E04D1296C0B78852B69
:10E2700004D00224200080BCB846F0BD202230002B
:10E28000F5F7A6FF737801335F013A00603A802307
:10E290009B009A425DD800212800FFF7F6FE04009B
:10E2A00004280ED00028E5D1AA6BEB6B2868FEF796
:10E2B00017FE041EDED1296C0B78C02B03D002247C
:10E2C000D8E70224D6E7300020302022F5F780FF7F
:10E2D0002323F05C2C300F21F4F7A2FD4001B8425B
:10E2E00039D84023984606E00224C3E720239C4601
:10E2F000E04447451DD900212800FFF7C6FE040071
:10E300000428F1D00028B5D1AA6BEB6B2868FEF782
:10E31000E7FD041EAED1296C0B78C12B1DD1A033B3
:10E32000FF339845E2D24346F0182022F5F750FF1C
:10E33000DCE798239B0098459CD83000FEF7BCFC96
:10E340000500B01CFEF7B8F9854200D192E702241F
:10E3500090E702248EE702248CE702248AE710B5B6
:10E3600004000B6803600B6A83604B6AC3714B6ADD
:10E37000FF229343002203614261C261896A016501
:10E38000FFF7FBFC002800D010BD2000FFF761FF65
:10E39000FAE7F0B5D6464F464646C0B582B005000E
:10E3A00088460668FF2399469A46042407E0852B91
:10E3B0002BD000212800FFF768FE041E68D1AA6B4D
:10E3C000EB6B1100194363D03000FEF789FD041E8A
:10E3D0005ED1296C0B78002B59D03278042AE6D014
:10E3E000C87A3F220240AA71E52B47D02E2B48D095
:10E3F000202017008743380008380700784278410A
:10E4000040450FD0FF239A46D3E72B6B2B6528009E
:10E41000FFF71FFF041E3DD133691A793F231340D4
:10E42000AB7135E00F2A1DD15A0606D54A7B9146BD
:10E43000402293432A6B2A659A46534502D0FF2314
:10E440009A46B6E74B7B4B4502D0FF239A46B0E78E
:10E45000F068FEF791FB002816D05746013FFBB24B
:10E460009A46A6E75346002B04D10800FEF714FC99
:10E4700048450DD001235B422B6509E0FF239A46F6
:10E4800097E7FF239A4694E7FF239A4691E70424EF
:10E49000002C03D000220023AA63EB63200002B00B
:10E4A000E0BCBA46B146A846F0BD0000F0B583B066
:10E4B000050016001C000B22F5F78AFE052C0ED86D
:10E4C00007271AE001320F2A09D8630001240C4003
:10E4D0001C194908DB03F5D51E4B5C40F2E7318877
:10E4E0000029EDD002360022EDE77E1E6B46DA559C
:10E4F000012F0DD00F290BD937000F2323401A000D
:10E50000303221002409392AEFD937331A00ECE7D9
:10E510006B467E229A55002400E00134B44211D2A9
:10E52000285D20280ED0FEF715F90028F5D0BB1E77
:10E53000A34207D00134F0E72022631C2A55072BA1
:10E5400006D81C00072EF7D86B469A5D0136F4E713
:10E5500003B0F0BD21100100F8B5050003681E6985
:10E560003000FEF7A9FB0100B01CFEF7D8F8777861
:10E570000137296D2800FFF700FC040005E0203674
:10E5800000212800FFF781FD0400002C11D1AA6BA7
:10E59000EB6B2868FEF7A4FC041E0AD1286C20222D
:10E5A0003100F5F715FE2B6801221A71013F002F8B
:10E5B000E5D1201C022C00D90220C0B2F8BD000019
:10E5C000F0B5DE4657464E464546E0B585B00700F5
:10E5D00089460B6803930368DD68002405E0FE2C80
:10E5E00000D974E16300EE52013403A8FEF7B6F8D7
:10E5F000431C00D169E180235B02984203D363008E
:10E60000020CEA52013486B21F2E0ED92F2E0CD0E6
:10E610005C2E0AD07F2EE2D80004010CAE4805F033
:10E62000EBF80028DBD0062048E11F2E17D8042382
:10E630009846039B4A461360012C1ED0022C3CD105
:10E64000A64BE3185B005B5B2E2B36D1A44BE31883
:10E650005B005B5B2E2B30D115E001330393039BF2
:10E660001A782F2AF9D05C2AF7D01F2A02D9002362
:10E670009846DEE704239846DBE7984BE3185B00F7
:10E680005B5B2E2BDAD16300EB1800221A8000238B
:10E6900004E02021FA184432117001330A2B03D808
:10E6A000A342F6D22E21F5E7FB184433202241463F
:10E6B00011431970002001E1013C002C07D0874B69
:10E6C000E3185B00EB5A202BF6D02E2BF4D063001E
:10E6D000EB1800221A80002C00D1FAE0002600E09E
:10E6E000013673005B5B202BFAD0002E01D12E2B5C
:10E6F00006D1032342461A43D3B2984600E0013CB8
:10E70000002C05D0754BE3185B005B5B2E2BF6D11C
:10E71000380044300B222021F5F754FD08239A4697
:10E7200000239B460093731C99467600AE5B002E37
:10E7300036D0202E21D02E2E1DD0D34524D24C45AC
:10E7400022D07F2E60D8002E06D06648310005F01A
:10E7500053F8002800D187E0032342461A43D3B27E
:10E7600098465F265B46FB1844331E704E460123D5
:10E770009C46E344D7E79C42DFD0032342461A433A
:10E78000D3B298464E46CEE753460B2B2CD04C4581
:10E7900004D0032342461A43D3B298464C4529D2AB
:10E7A0004423FB5CE52B77D05346082B78D00C2311
:10E7B000009A13400C2B78D003231340032B74D002
:10E7C00043469B0776D4009BDB0704D510234246C3
:10E7D0001A43D3B29846009B5B076BD50823424689
:10E7E0001A43D3B2984665E0032342461A43D3B294
:10E7F0009846D5E7009B9B00DBB2009326000B23D5
:10E800009A46033B9B468EE7022342461343DBB204
:10E810000193B621FF313000FDF7C0FE060003066C
:10E8200006D57F230340304AD65C019B98468AE791
:10E83000FF2816D95346013B5B450AD9000A5B46BF
:10E84000FB184433187001239C46E344019B98460F
:10E8500088E7032342461A43D3B298464E46D3462E
:10E8600061E7019B98466EE73300413B9BB2192B51
:10E8700004D80223009A1A43D3B200933300613BB9
:10E880009BB2192B00D96DE70123009A1A43D3B22A
:10E890000093203EB6B265E7A13B0522FA5483E718
:10E8A000009B9B00DBB2009381E7022342461A43A0
:10E8B000D3B298464F234246FA54002005B0F0BC2C
:10E8C000BB46B246A946A046F0BD0620F6E70620A4
:10E8D000F4E70620F2E7C04610B70310FFFFFF7F02
:10E8E000FEFFFF7F1CB70310D4E3031070B50024B4
:10E8F00012E0FDF78DFE82B26308E40323439BB26E
:10E90000FF210840181880B24408C0030443A4B291
:10E91000120AA418A4B22800851C00880028E8D197
:10E92000200070BDF8B5CE46474680B50700884642
:10E9300040220021F5F746FC85233B70653BC02251
:10E94000FA540125002600239946402419E038197D
:10E950002900FDF7E4FE0234E30609D0002DF6D0CD
:10E9600073004246D55A002DF1D00136F6B2EEE7DB
:10E970004B460133DBB272004146525A002A08D09E
:10E980009946631CC1223A55FB18023400221A70C2
:10E99000E4E72323FE544B4602337B704046FFF7E7
:10E9A000A5FF010038002430FDF7B9FEC0BCB94610
:10E9B000B046F8BDF0B5D646474680B583B0804630
:10E9C0000F0008001A30FDF777FE002837D13A789B
:10E9D0003F231340013B5E00F618B600F6180124F1
:10E9E000002505E000202BE01C4A90422DD1013586
:10E9F0000C2D18D81A4B585D3818FDF75DFE0190A4
:10EA0000002CF1D0FF2EEDD8FDF702FE0400731CA0
:10EA10009A4676004346F05AFDF7FAFD8442E1D16A
:10EA2000019C5646E3E73B785B0610D5002C10D0DE
:10EA300076004346F35A002B0DD1012000E0002060
:10EA400003B0C0BCBA46B046F0BD0020F8E70120D4
:10EA5000F6E70120F4E70020F2E7C046FFFF0000E0
:10EA600054E40310F8B5DE4657464E464546E0B539
:10EA7000050007680021FFF780F9041E00D0B0E010
:10EA80003B78042B07D001235B422B650133FF3316
:10EA9000994698464CE0F868FFF728FF834627E040
:10EAA00038694044FDF708FEFDF7B2FD8146FB687A
:10EAB00052465200D05AFDF7ABFD814510D1013EC0
:10EAC000F6B202239C46E044013B9C46E244002E01
:10EAD00006D04346DB06E3D102239C46E044DFE751
:10EAE000002E05D1FA6853465B009B5A002B78D064
:10EAF00000212800FFF74DFC041E72D13E69300052
:10EB00002430FDF7D9FD5845F2D12323F65C0023CC
:10EB10009A4640339846DAE701235B422B6501337E
:10EB2000FF33984600212800FFF7AFFA041E58D1A2
:10EB3000AA6BEB6B3800FEF7D3F9041E51D12E6C93
:10EB40003278002A4CD0F17A3F230B40AB71E52A92
:10EB5000E2D0090713D50F2BDED14F23EB5C5B0608
:10EB6000E0D4530606D5737B994640239A432B6B1A
:10EB70002B65904642451FD0FF239846D2E70F2BC6
:10EB8000EBD04346002B04D13000FEF785F8484512
:10EB900027D04F23EB5CDB0707D4290044310B223D
:10EBA000300004F0A3FD00281BD001235B422B653D
:10EBB0000133FF339846B5E7737B4B4502D0FF2303
:10EBC0009846AFE7F8683100FFF7F4FE002804D05C
:10EBD0004346013BDBB29846A4E7FF239846A1E7F2
:10EBE00004242000F0BCBB46B246A946A046F8BDAE
:10EBF00070B598B00400019106680B782F2B06D0F1
:10EC00005C2B04D0F369836009E001330193019B1D
:10EC10001A782F2AF9D05C2AF7D00023A3600023AA
:10EC2000E3613378042B0CD0019B1B781F2B3BD85E
:10EC30004F238022E25400212000FFF79EF80500B8
:10EC400048E0A368002BEFD0336A2362736A6362E3
:10EC5000B36AA362210002A8FFF781FB051E39D128
:10EC600030693830FDF72DFD206100236361326982
:10EC70002133D25C1F3B1340E371D5E75B073DD5E1
:10EC8000050027E05B073BD4A379DB063AD5337850
:10EC9000042B22D031006831236BDB05DB0DC91852
:10ECA0003000FDF743FFA06001A92000FFF788FCBA
:10ECB000051E0FD12000FFF7D5FE4F23E35C00288F
:10ECC000E0D0042818D19A06D8D55B07ECD54F239D
:10ECD0008022E254280018B070BDA3682362236923
:10ECE000FF229343E27913436362236DA362210001
:10ECF0003000FDF7F8FFD7E70500EBE70525E9E76A
:10ED00000500E7E70525E5E7F0B5C64600B59AB08A
:10ED10000700036898464F23C65C103332009A43BD
:10ED200000D0E9E0002500E001354346DB686A00D9
:10ED3000D35A002BF8D143461B78042B1CD0390042
:10ED400044310C2217A8F5F743FAF60779D54F237B
:10ED50004022FA540126632E6AD8380044304346D4
:10ED6000DA68330017A9FFF7A1FB3800FFF77AFE36
:10ED7000041E5DD10136EEE728000E300F21F4F7B6
:10ED80004FF80500811C3800FFF701FA041E00D07F
:10ED9000B3E03B6B01356D015B1B3B65FB795A07AB
:10EDA00015D504229343FB713800FEF7FFFD0028C0
:10EDB00001D00400A1E00122796B52423800FEF735
:10EDC000DCFD002800D09DE0BB68002B05D1434648
:10EDD000D9681869FFF7A6FD8FE039006846FFF78C
:10EDE000BEFA002801D0040087E03D697E694346F1
:10EDF00059894A020023521973413A617B614146A5
:10EE000008693830FDF797FC434618693A697B6911
:10EE10002830FDF790FCFB7942461169012213432B
:10EE200021228B546846FFF797FB0028CFD0DAE702
:10EE3000642E00D168E0042C5FD117ABDA7A4F233F
:10EE4000FA5417ABDB7A9B072CD528000C300D2128
:10EE5000F3F7E6FF451C29003800FFF798F9041E78
:10EE60004BD16E1E012D1FD1002C46D1BA6BFB6B0E
:10EE70004046FEF735F8041E3FD1386C20220021B1
:10EE8000F5F7A0F9386C390044310B22F5F7A0F9F9
:10EE90004F23F95C3A6C373B0B4013730123424616
:10EEA00013712AE00125D6E7396B7301C91A3800BE
:10EEB000FEF763FF041E20D138004430FDF7ECFE5E
:10EEC0000500BA6BFB6B4046FEF70AF8041ECBD177
:10EED0004346D868F2B2396C2B00FDF797FE012348
:10EEE0004246137100213800FFF7CFF8041EBBD152
:10EEF000013E002EE5D1B7E7062420001AB080BC01
:10EF0000B846F0BD0400F8E70724F6E710B5FDF7B2
:10EF100025FC431C02D0FDF77BFB10BD0020FAE767
:10EF2000F0B5CE46474680B585B0804601911600C3
:10EF30009946FF231F003740334206D001A8FFF750
:10EF4000E5FF002847D0013EF3E743461B78002B3E
:10EF500025D1002E23D001203EE04B46002B40D08F
:10EF60003A00039B581C039019783F292FD0802129
:10EF700049000A435B783F2BF3D02A2BF1D04B4654
:10EF8000013B0299FFF7CCFF00282CD1029B1D7892
:10EF900001A8FFF7BBFF002E27D0002D19D0434654
:10EFA0000393019B0293039B1B783F2BD5D02A2B05
:10EFB000D3D003A8FFF7AAFF040002A8FFF7A6FF1B
:10EFC00005008442E4D1002CEDD1012004E001329F
:10EFD000D0E7002000E0002005B0C0BCB946B04634
:10EFE000F0BD0020F8E70120F6E70020F4E700007C
:10EFF00070B582B00400FDF73BFF051E0AD12378EF
:10F00000032B0AD060780022002102F0A1FA002828
:10F0100000D00125280002B070BD6379012BF1D129
:10F02000260068368022920000213000F5F7CAF8E9
:10F030001549164BE018FDF772FB15493000FDF736
:10F0400072FB93239B00E0181249FDF76CFBA1694A
:10F0500094239B00E018FDF766FB616995239B00F4
:10F06000E018FDF760FBA06BE16B01220023121892
:10F070004B4122666366607801210091310002F005
:10F080004EFA00236371BDE755AA00006602000036
:10F090005252614172724161F0B5D6464F464646C2
:10F0A000C0B580460E000368994600238B76836BBB
:10F0B000C26B134300D113E14B461B78042B36D0AF
:10F0C000036D013300D192E000270024002574E095
:10F0D00043461B04FF22521B2900183171180231CC
:10F0E0001843FDF7A1FB00282FD02D1800239846C8
:10F0F0004B4618692323C35CBB421FD998239B004E
:10F100009C421AD2E30600D102340019FDF7D4FA6A
:10F11000023401374346002BDAD1A0239B01C318E8
:10F120009BB2802212019342D2D28046E0E70027B0
:10F130000023984600254024DAE700254346002BAB
:10F1400005D1002D04D02B0006E00500F6E70025D0
:10F150006B1C75193F22AA76F31800229A767273F7
:10F160004B461B691B7937321A403273DB0605D4D4
:10F170004B4618693830FDF7B0FA01E00020002155
:10F18000306071604B4618690C30FDF795FA70815C
:10F190004B4618690E30FDF78FFA3081A0E03B0432
:10F1A000FF22121B21001831711802311843FDF79C
:10F1B0003BFB002814D0241800274B46DB686A006C
:10F1C000D05A00280DD00135002FE8D1A0239B0193
:10F1D000C3189BB2802212019342E0D20700ECE7F1
:10F1E0000400002F00D0002434190023A37600254A
:10F1F000002399461BE0E03425E00B2D25D8731938
:10F200002E225A73013520E0B621FF312000FDF790
:10F21000E7F9002834D00C22521B2900083171185C
:10F220000531FDF701FB00285FD02D18B9464B468C
:10F230000A2B26D843461B6C4A46571C9C5C202C44
:10F240001CD0052CD7D0092FD7D0E0B2FDF782FA19
:10F250000028D9D0082FD7D00B2FD5D043461B6C10
:10F26000DB5D9A461800FDF777FA0028CCD04F46B0
:10F2700002372402534623439CB2C5E7B946D6E77A
:10F280000025731900225A73B37E002B0ED1002D76
:10F2900046D16A1C75193F33AB76B21800239376BA
:10F2A00043461B6C1B7B002B00D1737343461B6CC6
:10F2B000DA7A3F23134033734346186C1C30FDF752
:10F2C00000FA3060002373604346186C1630FDF777
:10F2D000F3F970814346186C1830FDF7EDF9308171
:10F2E000E0BCBA46B146A846F0BD0500C9E7102506
:10F2F000B31898760131013273185B7B002BCCD0A8
:10F3000018002E2BF3D01C00413CA4B2192CEFD8CE
:10F310004446246C247B2542EAD020331800E7E7DA
:10F32000082500220021E7E7F0B585B001900091A3
:10F330001500039103A8FDF7EDFC041E20DB114B23
:10F340008200D658002E05D00027D7503000FDF798
:10F35000AFFB3770019B002B07D05C70019B002234
:10F360001A70084BA400019AE250002D02D1280027
:10F3700005B0F0BD002201A96846FDF7FBFEF7E7E6
:10F380000B20F5E7B8270020F0B5DE4657464E467D
:10F390004546E0B5A3B0050009911700002800D14B
:10F3A000A4E13F26164032000BA909A8FDF7E2FEB2
:10F3B000041E09D000232B60200023B0F0BCBB4604
:10F3C000B246A946A046F0BD0B9B0C938C20C00012
:10F3D000FDF7DCF88046002800D189E10B9BD8605E
:10F3E0008022920042441A6109990CA8FFF700FCA0
:10F3F000041E0CD10CAA4F23D356002B5EDB3E21FA
:10F4000039404B1E99411000FDF790FA04001C236F
:10F410003B4200D1F9E0002C00D1B6E0042C4FD0E3
:10F4200008231E43F6B2002C00D054E133074FD519
:10F430000B980378042B00D1B2E002F0EDF881467E
:10F440000CAF1C980E304946FDF76DF91C9816302C
:10F450004946FDF768F90B9B9A461C9B9B46190091
:10F460005046FDF763FB814620235A46D3721C9910
:10F4700000225046FDF76DFB1C981C300021FDF763
:10F4800052F90B9B01221A714A46002A20D05C6E69
:10F490001B6E02930394002249463800FEF7D7FC06
:10F4A000041E00D017E1029A039B0B98FDF718FD8C
:10F4B00004000B9A4B46013B536109E00624A6E782
:10F4C000FDF770FA00285BD108231E43F6B20E3414
:10F4D000002C00D0FFE0330702D540231E43F6B2D4
:10F4E0000B9B1A6E5B6E2A656B650CA8036CAB6593
:10F4F0000121B14289414942FDF764FAE8620028DE
:10F5000000D1F1E00B980378042B00D18BE01C9F15
:10F510003900FDF70BFBA86038001C30FDF7D1F86F
:10F52000286100236B610023EB650B9A91462A60EA
:10F53000D288AA803022AE540132AB54002200237C
:10F54000AA64EB64AA63EB6360239A46AA44803200
:10F55000920000215046F4F735FEB60600D4BAE01A
:10F560002E696F6933003B4300D1B4E0AE63EF63B3
:10F570004B465B895B020293A968A146AB4665E0F6
:10F580000CA8FFF7C1FB04004AE70CAB9B791122E2
:10F590001A4200D09EE07F0700D444E708249AE096
:10F5A00028602900FDF79FFB0B9B186902301E2283
:10F5B0000021F4F707FE0B9C206926301A22002157
:10F5C000F4F700FE236920221A71246902F024F85E
:10F5D000010020000830FDF7A6F80B9B1A692123D3
:10F5E0000121D1540CA8FEF7B7FF041E73D1A968FE
:10F5F000002900D16CE700222800FEF728FC040057
:10F60000AB680B9A013B536162E7002C63D10CABF2
:10F610009B79DA0666D4BF0700D459E7DB0700D42C
:10F6200056E7072457E00CAA0E9B2B62109BFF2184
:10F630008B43D1790B436B62209BAB622900FDF7B2
:10F6400052FB70E702239946361BAF414B46002B15
:10F6500012D1029C0025002F0AD05846FEF7C0F9AF
:10F6600001000128EED9431CEED101239946EBE7B6
:10F67000AF4201D1A642F0D84C465D462964002C29
:10F680000ED1F30527D00B9B99461800FDF722FAFF
:10F6900004900591049A059B1100194304D102249A
:10F6A000E86AFDF7E3F916E0F905760A31430A0046
:10F6B00000230498059912184B41AA64EB6449464B
:10F6C000487801210091514601F010FF002802D036
:10F6D0000134E5E707244046FCF75CFF002C00D12D
:10F6E0006AE667E60424F6E70224F4E7092463E601
:10F6F000112461E6F0B5DE4657464E464546E0B574
:10F700008DB004008B4615009846002342461360D6
:10F710000BA9FDF745FB002800D0E1E03123E05CB8
:10F72000002800D0DCE03022A25CD20700D405E142
:10F7300026696769A26BE36BB61A9F41002F00D060
:10F74000F4E0B54200D8F4E035005F46834671E04E
:10F75000E16D002903D02000FDF7D0F981E0216C94
:10F760002000FEF73DF97CE031230222E254022022
:10F77000B6E031230122E2540230B1E031330222FB
:10F78000E2540220ACE03023E356002B01DB76028A
:10F790003EE0A26CE36C06980799121A8B41002B8D
:10F7A000F5D19642F3D95202B81821006031802277
:10F7B0009200F4F70DFDEAE7A26CE36C06998A4229
:10F7C00000D194E030216156002900DA94E00B9BCF
:10F7D00021006031587801230093069A079B01F0BD
:10F7E00085FE002800D09CE0069A079BA264E36493
:10F7F000A36BDB05DB0D8026B600F61AB54200D2FE
:10F800002E0021006031C91832003800F4F7E0FC06
:10F81000AD1B43461B689B1942461360BF19A26B80
:10F82000E36B0296002103910298039912184B4151
:10F83000A263E363002D00D17EE0A26BE36BD105F0
:10F84000D6D1D805510A01430B98408901380600EA
:10F850000E40B24608420BD11100194300D077E7A1
:10F86000A068012800D87FE7431C00D181E720640D
:10F870000B9B9946216C1800FDF72CF9049005911B
:10F88000049A059B110019430B1E00D176E75346DD
:10F89000089300230993089A099B04980599121864
:10F8A0004B41069207936E0A80239B009D4200D233
:10F8B00082E753469B194A465289934201D95346DF
:10F8C000D61A4B4658780096069A079B390001F0E5
:10F8D0000DFE002800D156E731230122E254012019
:10F8E0000DB0F0BCBB46B246A946A046F0BD079994
:10F8F0008B4200D066E777E72100603148464078C8
:10F900000126009601F00BFE002805D13022A15CF3
:10F910007F230B40A3545AE731230122E2540120F4
:10F92000DEE731230122E2540120D9E75F46834616
:10F9300080E75F4683467DE75846D1E70720CFE75B
:10F94000F0B5DE4657464E464546E0B58DB004005C
:10F950000F001600994600234A4613600BA9FDF7D5
:10F960001FFA002860D13123E05C00285CD1013B04
:10F97000E35C9B0700D42AE10B9B1B78042B00D18E
:10F980001AE1A36B9A19934200D817E1DE4383462C
:10F99000DDE0E16D00294ED02000FDF7AFF8002832
:10F9A00000D10DE101284BD0431C4ED02064A36848
:10F9B000002B00D1A0603023E356002B4ADB0B9BC9
:10F9C0009846216C1800FDF785F806900791069A75
:10F9D000079B110019430B1E53D053460893002375
:10F9E0000993089A099B0698079912184B410292AD
:10F9F0000393750A80239B009E4261D353465B1993
:10FA000042465289934201D95346D51A4346587803
:10FA10000095029A039B390001F081FD002835D042
:10FA200031230122E25401200DB0F0BCBB46B246A6
:10FA3000A946A046F0BD216C2000FEF7A5F8AEE770
:10FA400031230222E2540130EEE731230122E25455
:10FA50000230E9E70B9821006031A26CE36C40783A
:10FA60000125009501F05BFD002805D13022A15C45
:10FA70007F230B40A354A2E731230122E25401204B
:10FA8000D2E731330222E2540220CDE7A26CE36CCC
:10FA900002980399121A8B41002B01D06D0235E0B8
:10FAA0009542FBD9200060305202B91880229200A2
:10FAB000F4F78EFB3022A15C7F230B40A354EDE7CB
:10FAC000A36CE26C02998B425FD0A16BE36B20695F
:10FAD00062699A425FD85CD0029A039BA264E36495
:10FAE000A36BDB05DB0D8025AD00ED1AAE4200D225
:10FAF000350020006030C0182A003900F4F768FB98
:10FB00003022A15C80235B420B43A354761B4B46FF
:10FB10001B685B194A4613607F19A26BE36B04955F
:10FB2000002105910498059912184B41A263E363E3
:10FB30002069616902920393029A039B994202D859
:10FB400003D1904201D902000B0022616361002EB3
:10FB500036D0A26BE36BD105C2D1D805510A01435F
:10FB60000B984089013805000D40AA46084200D094
:10FB700021E71100194300D00BE7A068002800D04E
:10FB800010E72000FEF700F809E7039B9A429CD19A
:10FB9000A2E78842A0D9210060314346587801236A
:10FBA0000093029A039B01F0A1FC002894D031231A
:10FBB0000122E254012037E78346C8E78346C6E7BF
:10FBC00058463022A35C40210B43A3542CE7072066
:10FBD0002AE7F0B59BB0050019A9FDF7E1F8041E6E
:10FBE00014D13023EB5C5A0610D55BB2002B10DB2E
:10FBF00001F012FD060019980378042B1CD02A6D21
:10FC00006B6DFDF76DF9041E00D176E020001BB08E
:10FC1000F0BD199829006031AA6CEB6C4078013472
:10FC2000009401F07CFC002800D08BE03022A95C1D
:10FC30007F230B40AB54DBE72800FDF7B7FE041E23
:10FC4000E4D10122296C52422800FDF796FE041EE1
:10FC5000DCD18C20C000FCF799FC071E0FD0199B4B
:10FC6000D8608022920082181A61290002A8FEF74B
:10FC700076FB041E05D03800FCF78CFCC6E7113477
:10FC8000C4E7199B19690A79202002430A71EA79AD
:10FC9000186901210A43212142541869A9683430A6
:10FCA000FCF741FD199B18692A696B693830FCF72C
:10FCB00042FD199B18692A696B692830FCF73BFDE6
:10FCC000199B18690C303100FCF72DFD199B1A693E
:10FCD0000021517518691030FCF725FD02A8FEF7C8
:10FCE0003BFC041EC7D11998FFF782F904003022AB
:10FCF000AB5C40218B43AB54BDE7AC6DE37A202273
:10FD00001343E372AA6828682100FCF722FF2969DF
:10FD100020001C30FCF707FD200016303100FCF7F6
:10FD200002FD200012300021FCF7F9FC1998012394
:10FD30000371FFF75DF904003022AB5C40218B4377
:10FD4000AB5463E7012461E710B582B00400FFF70C
:10FD500040FF002801D002B010BD01A92000FDF72E
:10FD60001FF80028F7D1E06AFCF780FE0028F2D1E6
:10FD700000232360EFE770B584B0051E01915FD0CA
:10FD8000002203A901A8FDF7F5F9041E04D0002301
:10FD90002B60200004B070BD039B2B608C20C00042
:10FDA000FCF7F4FB061E4DD0039BD8608022920026
:10FDB00082181A6101992800FEF71AFF041E35D136
:10FDC0004F23EB56002B0ADBAB79DB062DD50398CE
:10FDD0000378042B12D0296CFCF7A8FEA860039BC3
:10FDE000DB88AB8000212800FDF7C7FF041E1DD172
:10FDF000AB68002B10D10023EB6217E0AB682B62DD
:10FE00002B69FF229343EA7913436B622B6DAB623C
:10FE10002900FCF768FFE2E700212800FCF7D2FD8B
:10FE2000E862002802D1122400E005243000FCF72B
:10FE3000B1FB042C02D0002CABD0A8E70524A6E728
:10FE40000924A6E71124A4E7F0B583B005000E004D
:10FE500001A9FCF7A5FF041E2BD1002E1FD08C207A
:10FE6000C000FCF793FB071E26D0019BD8608022C0
:10FE7000920082181A6100212800FEF78AFA0428ED
:10FE800001D0002811D131002800FFF705F9002129
:10FE90002800FEF7FAF8042808D0040006E0002144
:10FEA0002800FDF76AFF040003E004003800FCF7B7
:10FEB00071FB200003B0F0BD1124FAE770B5060015
:10FEC0000C0021003000FFF7BFFF051E0DD1002CF4
:10FED0000BD0A37E002B08D0706D042300222100DC
:10FEE0001A31FFF71DF80028EBD0280070BD70B55F
:10FEF00004000D0011004365FFF73DFF002800D00E
:10FF000070BD29002000FFF7D9FFF9E770B5BCB03C
:10FF1000019002223BA901A8FDF72CF9041E02D092
:10FF200020003CB070BD3B9B24938C20C000FCF7AC
:10FF30002DFB051E76D03B9BD86080229200821854
:10FF40001A61019924A8FEF753FE041E09D124AAC0
:10FF50004F23D35C9B065AD402211000FCF7E6FC29
:10FF60000400002C54D124AA4F23D356002B53DB7A
:10FF70009379DB0752D43B9802900378042B1FD06F
:10FF80003499FCF7D3FD060024AB9B79DB0627D51B
:10FF90003B9BDA69B24243D00E9310961B78042B38
:10FFA00014D000210EA8FDF7E8FE041E30D1002178
:10FFB0000EA8FEF7EEF9041E11D0042810D111E0AE
:10FFC00002AE3100FCF78FFE049EDDE702AA069820
:10FFD00007990EAB12901391D279DA71E1E70724F9
:10FFE000002C15D124A8FEF704F9041E10D1002E10
:10FFF00006D1002C0CD13B98FEF7FAFF040007E075
:020000041003E7
:100000000022310002A8FDF722FF0400F1E70624D8
:100010002800FCF7BFFA83E70624F9E70724F7E78F
:100020000724F5E711247BE700B583B0826801233C
:100030009340D022120653616B46D91DFF230B70EB
:1000400043681868012205F02BFA03B000BD00B523
:1000500083B0826801239340D022120693616B46DD
:10006000D91DFF230B7043681868012205F018FAA8
:1000700003B000BD10B5406800F048F910BD10B5E0
:10008000406800F057F910BD10B543681969186849
:10009000F8F7FAFD10BD000010B543681868024972
:1000A000F8F7F2FD10BDC046801A060010B5040036
:1000B000FFF7BAFF2000FFF7CAFF10BD10B504001C
:1000C000FFF7D8FF2000FFF7C2FF10BD10B50400F6
:1000D000FFF7AAFF2000FFF7D2FF10BD10B5406860
:1000E00005F00EFA10BD000000B585B00B006A46A1
:1000F000D11D0B700F226A44FF2313704068FE3B32
:1001000005F0FEF9002804D00F236B44187805B0E1
:1001100000BD034B034A0448662101F065FAF3E78A
:1001200024B70310A0E403102CB70310F0B585B07A
:1001300006008168D0221206576801238B401F40B9
:1001400053610A22FF2101A8F4F73CF8F2F7C8F93D
:10015000FA24A400002524184D41002D1ADB0A239F
:10016000002201A93000FFF7B9FFF2F7B9F9220028
:100170002B00121A8B41002BF1DC01D1002AEED1A9
:10018000B26801239340002F08D0D0221206536199
:1001900005B0F0BD01246442024DE0E7D022120612
:1001A0009361F5E7FFFFFF7F10B50C2906D80368C0
:1001B000054A1340C9020B43036010BD034B044AB8
:1001C0000448CD21F5F776F9FF87FFFF74B70310D8
:1001D000C8E4031094B7031000B583B001000023F6
:1001E000019310330193134B019301A8FFF7DCFF38
:1001F000019B0C22190091430A0008210A43019235
:100200000D4A1A400A4301920C4A1A400A430192CD
:100210000B4A1A401143019109210A430192094AEC
:100220001A400A430192084818400843019003B05D
:1002300000BDC04610801F0033F8FFFF33F8BFFF3A
:1002400033F89FFF33F81FFF31F81FFF10B53F2928
:1002500006D80368054A1340C9030B43036010BD69
:10026000034B044A0448BF21F5F724F9FF7FE0FF60
:10027000ECB70310B0E4031094B70310F8B5060010
:100280000F0000250CE01C4B1C4A1D482521F5F7EA
:1002900011F91C4B194A1A482621F5F70BF90135BB
:1002A000F0F7CEFEA84226D92800F0F7CBFE43692E
:1002B000B342F4D13A68016A01238B401342EED075
:1002C0003B60036A9B01A022D205944663441B69EC
:1002D000DB01D8D43430040005F032F90028D8D13D
:1002E000200005F085F80028D9D1074B034A0448BF
:1002F0002821F5F7DFF8F8BD00B80310E4E4031097
:1003000024B8031068B8031084B8031010B5C36B89
:10031000002B03D03C3005F003F910BD024B034A1B
:1003200003488721F5F7C6F834B9031010E5031028
:1003300024B8031010B5C36B002B03D03C3005F07C
:100340006FF810BD024B034A03488B21F5F7B2F852
:1003500034B9031004E5031024B8031010B50400E9
:10036000694805F0DDF83023E35C002B00D0BAE0EB
:10037000E36B002B00D181E02000FFF7C7FF23696A
:10038000002B01D1614B2361200034300122002178
:10039000F1F7EAFB20685E49F8F7D0FC23685A6859
:1003A00002210A405B48181801601868053148406E
:1003B000C8310140802040011818016056498C4620
:1003C00063441A6060680121F0F74CFEA0680121C7
:1003D000F0F748FEE0680121F0F744FE237E002B91
:1003E00051D1606800220121F0F756FE012001F092
:1003F00045F9E061012001F041F92062E069FFF771
:10040000EBFE6062206AFFF7E7FEA062636A0C22DF
:10041000934363629043A0622000243022683F4BE4
:100420009A4239D01021FFF711FF636A20229343CB
:100430006362200028302268384B9A422ED0112166
:10044000FFF704FFA36A10229343A362344B1B7887
:10045000002B25D00C2363610B2B23D00C2B47D111
:10046000304B314A1A60226A0123190091402F4A09
:100470001160E26993402E4A136020E020003C3076
:10048000F1F78AFB78E7617EA068F0F721FEA17E94
:10049000E068F0F71DFEA4E71221C4E71321CFE7BF
:1004A0000B23D8E71F4B234A1A60226A0123190045
:1004B0009140214A1160E2699340204A1360204B29
:1004C0001B78002B1AD0174B196860698022F1F74E
:1004D000D7F860690121F1F771F830230122E25465
:1004E0002000FFF727FF084804F09AFF012010BD05
:1004F000144B154A1548EA21F4F7DCFF094B19683B
:100500006069F1F793F8E4E7601C0020809698009A
:10051000A086010004300000042000000000044018
:10052000F79A022078410020650E00201424005024
:1005300014340050750E0020042400500434005080
:100540007A15002048830310F8E4031024B8031040
:10055000F0B506000131891A002400200CE01719BB
:10056000FB080F25ED1A07233B40755D1D41012354
:100570002B40A340184301348C42F0D3F0BD00005F
:100580000123C361064BA92292008350054B04321C
:100590008350054B04328350044B04328350704720
:1005A0003D120310950F0310DD0D0310C30F031050
:1005B00010B50400C36A002B04D020002C3004F0D6
:1005C000AFFF10BD034B044AB8210448490001F0B5
:1005D0000BF8F2E758B903108CE503107CB903104F
:1005E00010B50400FFF7E4FF2000FFF767FD10BD22
:1005F000F0B583B006000F003F230B4040210B43B2
:100600006C462370130E6370130CA370130AE3700F
:1006100022710521684600F0F5FE400001231843D1
:100620006071002405E06B46195D3000FFF75CFD4A
:100630000134052CF7DD0C2F0BD000240F2C0DDC22
:10064000FF213000FFF750FD0500000606D50134FC
:10065000F4E7FF213000FFF747FDEEE7280003B085
:10066000F0BD0000F0B5C64600B580460C00F1F7BD
:1006700037FF06000F00FA2292000023200000211D
:10068000F3F730FB36184F41002F19DBFF214046AE
:10069000FFF72AFD0400051E0AD1F1F721FF320001
:1006A0003B00121A8B41002BF0DC01D1002AEDD166
:1006B000002D09D0631E9C41E0B280BCB846F0BD5D
:1006C00001267642034FE1E70349044800F066FF44
:1006D000F0E7C046FFFFFF7F68E50310C4B90310D1
:1006E000F0B5D6464F464646C0B506000D009246C8
:1006F0009946089F0C2923D1002398464346022B94
:100700000ADC4B46002B28D1524629003000FFF767
:100710006FFF0400FF2833D0002F00D03C60FF2C77
:1007200036D0230701D5172D3AD1630740D41223C1
:1007300023424CD14E33234258D10023984648E0FF
:10074000FA21C900FFF78EFF0028D5D1D0228149B8
:100750008148FF3200F022FFCEE70022372130002F
:10076000FFF746FFFA21C9003000FFF77BFF0028A2
:10077000CAD1DA2277497848FF3200F00FFFC3E789
:100780007648290000F00AFF01239C46E044B5E7C3
:1007900073482200290000F001FF724B98464FE099
:1007A00071482200290000F0F9FE704B984647E09E
:1007B000172D02D16E4B984642E06E482200290068
:1007C00000F0ECFE082DF5D10423B362F2E76A4B8A
:1007D00098460D2D3AD00CDC082D0FD00C2D2CD1C5
:1007E000FA21C9003000FFF73DFF26E0634B984631
:1007F000EFE7262DF4D03A2D05D01EE0604800F03A
:10080000CDFE0223B362FF213000FFF76DFC050629
:10081000FF213000FFF768FC04042C43FF21300067
:10082000FFF762FC00020443FF213000FFF75CFC8D
:1008300004435448210000F0B1FE002F00D03C607A
:100840004046E0BCBA46B146A846F0BD2402FF21AE
:100850003000FFF749FC0443EFD04B48210000F083
:100860009DFEE30721D4A30725D4630729D42307DA
:100870002DD4E30631D4A30635D4630639D4230638
:100880003DD4E30541D4A30545D4630549D42305EC
:100890004DD4E30451D4A30455D46304CDD53B48CF
:1008A00000F07CFE354B9846C7E7394800F076FEED
:1008B000384B9846D7E7384800F070FE374B9846DB
:1008C000D3E7374800F06AFE324B9846CFE7354809
:1008D00000F064FE2F4B9846CBE7334800F05EFEF5
:1008E0002C4B9846C7E7314800F058FE2B4B9846F2
:1008F000C3E72F4800F052FE1F4B9846BFE72D4834
:1009000000F04CFE1D4B9846BBE72B4800F046FE1E
:1009100000239846B7E7294800F040FE164B98465A
:10092000B3E7274800F03AFE114B9846AFE7254859
:1009300000F034FE0D4B9846ABE7234800F02EFE46
:100940000D4B9846A7E7214800F028FE0B4B984630
:10095000A3E7C0467CB90310D0B90310ECB903106B
:1009600004BA031073ECFFFF2CBA03106FECFFFF07
:1009700076ECFFFF50BA03106EECFFFF75ECFFFF43
:1009800078BA03108CBA03109CBA031010BD031080
:10099000A8BA03106DECFFFFD4BA031072ECFFFF8E
:1009A00000BB03102CBB031058BB031084BB031007
:1009B000B0BB0310DCBB031008BC031034BC031035
:1009C00060BC03108CBC0310B8BC0310E4BC031063
:1009D00010B584B0040000230393D52203AB009329
:1009E000002352000821FFF77BFE002802D1A36AF2
:1009F000022B01D004B010BD039A13051B0DD521A5
:100A000049008B42F6D0D5390348490000F0C6FDB5
:100A10000423A3620148EDE73CBD031071ECFFFF26
:100A2000F8B506000F00F1F75BFD114C0025241806
:100A30004D41002D15DBFF213000FFF755FBB8427B
:100A400013D0F1F74DFD22002B00121A8B41002B21
:100A5000F1DC01D1002AEED1064800F09FFD002014
:100A600004E001246442044DE5E70120F8BDC046DE
:100A700080841E0064BD0310FFFFFF7FF0B5C646F3
:100A800000B5060088461700FE21FFF7C9FF0028C1
:100A900001D000240EE017491748184A00F07EFDE7
:100AA00017481CE043461D19FF213000FFF71CFBCF
:100AB00028700134BC42F5D3FF213000FFF714FB4E
:100AC0000402A4B2FF213000FFF70EFB0443A4B2DE
:100AD0003900404600F0A6FCA04203D1002080BCB3
:100AE000B846F0BD074B02002100180000F056FD8B
:100AF0000548F4E77CB9031080BD03101103000022
:100B000070ECFFFF98BD03106FECFFFFF0B5C64619
:100B100000B586B004000023009300220921FFF7EE
:100B2000DFFD00281BD1102202A92000FFF7A6FF3D
:100B300000281FD17E227F2102A8FFF709FD00288F
:100B40001ED0012855D0364800F028FD354B364AD6
:100B50003648374900F048FD0024002504E03548B8
:100B600000F01CFD002400252000290006B080BCF8
:100B7000B846F0BD304800F011FD00240025F3E731
:100B800002AD3E2249212800FFF7E2FC80462F22D9
:100B900031212800FFF7DCFC0400502253212800FB
:100BA000FFF7D6FC0122824002344346581CA04085
:100BB00000230021F3F796F807000E00CB05440A46
:100BC0001C434D0A1D48414600F0E8FC1C480094B7
:100BD000019522002B0000F0E1FC1A4832033B0D86
:100BE0001343320D009301923A00330000F0D6FC1B
:100BF000BAE73022452102A8FFF7AAFC0100441CF5
:100C0000A4020025104800F0C9FC1048220000236F
:100C100000F0C4FCE20A0E48002300F0BFFCA3E78A
:100C2000E0BE0310FCBE031078E503107CB903108E
:100C3000EE020000E0BD031008BE031030BE03103A
:100C400054BE031070BE031090BE0310B4BE031058
:100C5000C8BE031010B50400C36A002B04D02000E6
:100C60002C3004F0DDFB10BD034B044ABA210448CC
:100C7000490000F0B9FCF2E758B903105CE5031035
:100C80007CB9031010B50400FFF7E4FF2000FFF764
:100C90001DFA10BDF8B504000E001700FE21FFF785
:100CA000BFFE00281BD03B00320000212000FFF7D0
:100CB00015FA002823D0FF212000FFF715FA0502BE
:100CC000ADB2FF212000FFF70FFA284384B23900AC
:100CD000300000F0A7FBA04208D10020F8BD094970
:100CE00009480A4A00F05AFC0948F7E709490A4D41
:100CF00003002200280000F051FC0848EEE70448F9
:100D0000ECE7C0467CB9031080BD0310310300003E
:100D100070ECFFFF4CE503101CBF03106FECFFFFEE
:100D2000F0B583B007000C0015001E00089A0023E0
:100D300052197341006A796A8B4227D824D0FB6923
:100D40009B0742D1BB6A032B00D06D02089B012B8D
:100D50001ED9002300932A0012213800FFF7C0FC9F
:100D60000600002E23D1089D002D1AD0802292006B
:100D700021003800FFF78EFF00281BD180239B0045
:100D80009C466444013DEFE78242D8D9114E0EE003
:100D9000002300932A0011213800FFF7A1FC060070
:100DA000DFE73400089B012B06D8002C0FD1300060
:100DB00003B0F0BD084CF5E70023009300220C219E
:100DC0003800FFF78DFC0600EFE7024EEFE7260044
:100DD000EDE7C04675ECFFFF70ECFFFFF0B583B0A8
:100DE00004000D0017001E00FFF7FAFB089B00939C
:100DF0003A00330029002000FFF792FF0500200091
:100E0000FFF740FF280003B0F0BD000070B50400FC
:100E10000D0011001E00FFF767F9330000222900C2
:100E20002000FFF75BF900281CD03100280000F0FB
:100E3000F9FA0500010AC9B22000FFF755F9E9B235
:100E40002000FFF751F9FF212000FFF74DF90500C1
:100E5000FA21C9002000FFF705FC002809D01F2057
:100E6000284070BD064B074A0748084900F0BCFB04
:100E7000DBE705490648074A00F090FBEFE7C0466C
:100E80005CBF03103CE503107CB903108F03000026
:100E9000D0B90310A1030000F0B587B004000E0024
:100EA000029203930C9D2A000023029803991218C2
:100EB0004B41206A616A8B4232D82FD0E3699B078D
:100EC0005FD1A36A032B02D0029B5B020293012D28
:100ED00028D00027009701232A0017212000FFF7C0
:100EE000FFFB2000FFF7E2F800970023029A192188
:100EF0002000FFF7F5FB002841D180239B00FC2256
:100F000031002000FFF782FF052822D180239B00BB
:100F10009C466644013D002DEFD11FE08242CDD9B1
:100F200019482CE000230093029A18212000FFF7B3
:100F3000D7FB002823D180239B00FE223100200014
:100F4000FFF764FF010005280CD0104800F026FBD5
:100F500008E00F4B0100180000F020FBFD212000ED
:100F6000FFF7C2F8002305932000FFF79FF805ABB9
:100F70000093002300220D212000FFF7B1FB07B0F2
:100F8000F0BD0148FBE7C04675ECFFFF60BF0310F2
:100F900084BF0310F0B583B004000D0017001E00DD
:100FA000FFF71EFB089B00933A0033002900200046
:100FB000FFF772FF05002000FFF764FE280003B072
:100FC000F0BD70B50400C36A002B14D02000FFF7F9
:100FD00007FBE369012216001E401A4222D10021BC
:100FE0002000FFF73FFB051E09D101352000FFF768
:100FF00049FE280070BD2C30F0F7CEFDE6E7022E4A
:1010000008DC00220D212000FFF7F2FAFF2802D1B0
:101010000136F4E70025002DE8D1E36901221343EE
:10102000E361E3E70023A3622000FFF735F8200027
:10103000FFF77CF800212000FFF714FB051ED5D038
:101040000026022E08DC002200212000FFF7D0FA43
:10105000FF28CBD10136F4E70025C7E730B585B0CE
:1010600004000025092D16DC03AB009300230022A9
:1010700000212000FFF734FB039B012B0BD0200045
:10108000FFF700FE05480021F1F732FA2000FFF7D4
:10109000A7FA0135E6E7039805B030BDA086010048
:1010A000F0B5C64600B584B00500FEF7F5FF280090
:1010B000FFF73CF82800FFF7D1FF01284DD12800A9
:1010C000FFF786FC041E02D03D4B98425BD1002303
:1010D000009301223B212800FFF702FB03AB0093A2
:1010E000002300223A212800FFF7FAFA041E4AD111
:1010F000039BDB0236D5AB6A022B37D00023984620
:10110000F1F7EEF92F4E002736184F41002F31DB53
:1011100003AB00930123424629212800FFF7E0FAA0
:101120000400039BDB070AD5F1F7DAF932003B0034
:10113000121A8B41002BEBDC01D1002AE8D1002CE4
:101140001CD1039B002B19D1AB6A022B20D00123A9
:10115000AB621D4800F022FA15E01C4800F01EFAB0
:101160001B4C10E00423AB621A4C0CE08023DB051F
:101170009846C5E701267642174FC9E70423AB62BC
:10118000164800F00BFA200004B080BCB846F0BD51
:1011900003AB0093002300223A212800FFF7A0FAB6
:1011A000041EF0D1039B5B0005D50323AB620C4802
:1011B00000F0F4F9E7E70B4800F0F0F9E3E7C04688
:1011C00076ECFFFF80841E0060C00310A8BF0310F0
:1011D00073ECFFFF71ECFFFFFFFFFF7FE4BF031025
:1011E00000C0031028C0031010B50300007B0028C6
:1011F00010D01C69D022120651680122A2400A4078
:10120000511E8A4159698A420AD1DA6902218A4308
:10121000DA6104E0DA6902218A43DA61013010BD43
:10122000DA6903210A43DA6100229A620248F4F77C
:10123000F7FA0020F3E7C04688C0031010B582B06B
:101240000400C36A002B37D02000FFF7B1F920005B
:10125000FFF7CAFFE3699A0732D4DB0735D50023CD
:10126000A3622000FEF72AFF2000FFF719FF0028E5
:1012700031D1294800F092F92000FFF747FC2062A5
:101280006162084332D08022002300939200102133
:101290002000FFF725FA002830D12000FEF7F4FEE9
:1012A000E36901229343E3612000FEF70FFF200072
:1012B000FFF7D0FCE0690CE02C30F0F76DFCC3E7E1
:1012C0002000FFF7C7FCE06903E02000FFF7C2FC45
:1012D000E06902B010BD114800F060F92000FEF78F
:1012E000F5FE2000FFF7B6FCE069F2E72000FEF70C
:1012F000EDFE2000FFF7AEFCE069EAE78021084838
:10130000890000F04BF92000FEF7E0FE2000FFF717
:10131000A1FCE069DDE7C046BCC00310A0C003101B
:10132000D4C0031070B50400FFF75AF92000FFF78E
:10133000EDFB06000D002000FFF7A4FC30002900A3
:1013400070BD0000F8B52D4804F0EAF82C4B1B786E
:10135000002B4CD1002620E02069EFF7B7FF206971
:1013600000220121EFF798FE226901239340D02249
:10137000120693621EE0A36801252A009A40D02736
:101380003F067A61A068EFF7A1FFA3682A009A40A0
:101390007A62A3689D407D610136EFF73FFEB0425F
:1013A00010D93000EFF73CFE0400FFF7E9F8237B8B
:1013B000002BD1D1237E002BDDD0617EA068EFF71A
:1013C00087FED8E70025EFF73BFEA8420CD928009E
:1013D000EFF738FEFEF7C2FF041E01D00135F2E739
:1013E000064804F01DF806E0054B01221A70034878
:1013F00004F016F801242000F8BDC046681C002047
:10140000F69A022010B504000023002005E04000F9
:10141000E25C5040024A105C01338B42F7DB10BDA6
:1014200094E7031030B505000022002009E0030A0C
:10143000AC5C6340044C5B001B5B000280B2584014
:1014400001328A42F3DB30BD94E50310124B98421F
:1014500018DC124B984218DA114B984217D006DD6F
:10146000104B9C46604401280AD803200CE00E4B28
:101470009C466044012801D8032005E0012003E0D8
:10148000012001E0002804D170470420FCE702207D
:10149000FAE70120F8E7C04676ECFFFF75ECFFFFA6
:1014A00072ECFFFF8D1300009013000010B5EFF7F2
:1014B000B7FD041E03D0FFF797FE207F10BD042068
:1014C000FCE710B50400FFF73DFF00280AD020001C
:1014D000EFF7A6FD002807D0A9239B00C358984723
:1014E000C0B210BD0320FCE70420FAE7F0B583B0DA
:1014F0000E0015001C00EFF793FD00280DD0AB2364
:101500009B00C758089B00932A0023003100B8476E
:10151000FFF79CFFC0B203B0F0BD0420FBE7F0B5BD
:1015200083B00E0015001C00EFF77AFD00280DD0E7
:10153000AA239B00C758089B00932A002300310070
:10154000B847FFF783FFC0B203B0F0BD0420FBE74C
:1015500070B50C001500EFF763FD002816D0012CC4
:1015600005D0032C0ED0002C12D120000DE0FFF787
:10157000D9FE094B1860596028606960084309D09A
:10158000002002E001232B60002070BD0420FCE756
:101590000420FAE72000F8E7B02700200FB4F0B5E8
:1015A000C3B048AC80CC802676003200002102A86F
:1015B000F2F708FE019402AD23003A003100280042
:1015C000F3F70EFF06482900F4F75AF9054B1B689C
:1015D000986801F069FF43B0F0BC08BC04B018473C
:1015E000C88A0310081B002030B583B004000D002A
:1015F0001900074800922B002200F4F741F9054B2F
:101600001B68986801F050FF72B600BEFDE7C04647
:10161000F4C00310081B002010B582B06C460822ED
:1016200000216846F2F7CEFD684600F041F8002838
:1016300022D0227844325206A3785B05F020400481
:1016400003401A43E3781B04F8204003034013438C
:101650006279D206120C1A43A3795B01FC20C00008
:1016600003401343E17949B2CA0F521852101F20A8
:101670001040184302B010BD0020FBE710B582B047
:101680000100054C054B00930B2300222000EFF7CF
:10169000A0FE02B010BDC046D09A022030C1031097
:1016A000024BD8688007C00F7047C04600C0054095
:1016B00070B50400FFF7F4FF00281CD00E4AD36970
:1016C00092691D0E0721294021711D0C1F210D401B
:1016D00065711E0A3F252E40A6715BB21D40E57163
:1016E000130B1B051B0D2380150A0F232B40A37022
:1016F00052B21140E17070BD00C0054010B500212C
:1017000001F03AFD10BDC04610B50A22002101F0DB
:10171000EDFD10BD70B50B0C0024150C002B28D16D
:10172000002D3CD18BB291B2594300F05BF8051EFD
:1017300033D00300083B5A6803239A43043A242A0F
:1017400012D80300132A0AD90460446008331B2A04
:1017500005D98460C460242A2AD0030010330022F3
:101760001A605A609A6002E00021F2F72BFD28000F
:1017700070BD002D16D1151C89B292B24A43ADB28C
:101780009BB26B43110C5B18190C0BD1190492B26C
:10179000114300F027F8051ECBD10025E7E72B1CED
:1017A0000D1CE9E702F032F90C2300250360DEE7A7
:1017B0000300046118334461D1E7C04610B5034B00
:1017C0000100186800F00EF810BDC046081B00208C
:1017D00010B5034B0100186802F0CAF910BDC046ED
:1017E000081B0020F0B54E464546DE465746E0B59C
:1017F0000D000B35060085B0162D21D8102900D913
:10180000D4E000F0D5FA102518230221CA4FFB18A6
:101810001A005C68083A944200D186E103226368AA
:10182000A1689343E268CA6091600121E3185A6895
:1018300030000A435A6000F0C3FA20000830B8E0D4
:1018400007239D4300D5B1E0A94200D9AEE000F0E6
:10185000AFFAFC235B009D4200D2E0E1690A00D1AF
:10186000AEE0042900D9A1E138239846A9098844AB
:101870003931CB00082252429446AF4FFB189C44AA
:101880006346DC68A44514D0032399460B006146E7
:101890009C4607E0E068002A00DB40E1814200D17D
:1018A00041E104004A46636893435A1B0F2AF1DD65
:1018B00041463A003C690832944200D11EE10320BF
:1018C00063688343581B0F2800DDACE13A617A61FD
:1018D0000028AADA7A68904680229200934200D3C8
:1018E00036E1DA0858090123834040461843804610
:1018F000D300DB199A687860E360A2609C60D460D2
:1019000001208B109840404562D8434603420AD1DB
:1019100003239943434640000431034203D140006E
:1019200004310342FBD00323B3469C460E00B84665
:101930000190F00040440100B246CB680BE06446E1
:101940005A681F00A243DB68541B0F2C00DD39E1ED
:10195000002C00DB53E19942F1D101239946CA449E
:10196000534608319B07E8D1032205E00368083895
:10197000013E834200D013E23242F7D14346019A3E
:101980005B68934342465360019A520001929A4227
:101990001CD8002A06D119E004229146019ACA44B3
:1019A000520001921342F7D05646C2E70C2333602F
:1019B000002005B0F0BCBB46B246A946A046F0BD2B
:1019C00080233F22402190469B0053E75E464746D6
:1019D0000322BC68636893439846AB4203D35B1B06
:1019E0000F2B00DD8DE0230043440293534B08206E
:1019F0001B6810335B19019302F00EF850490390F5
:101A00000B688A46013306D08446019B4242013B63
:101A10006344134001933000019901F0E5FF030096
:101A20008146013300D11CE1029B834200D916E1BB
:101A3000444B02989B461A68019B59469C46624457
:101A40000A6003990139484500D157E153461B68A4
:101A5000013300D15EE14B4602981B1A9B185A468F
:101A6000136007234A4648461A400292184200D1A2
:101A700015E10398013384469B1A019A99444A441C
:101A8000019263440A409B1A194030008A4601F0D3
:101A9000ABFF431C00D158E14B46C01A030053442E
:101AA00001935B461A68012052441A604B4649462E
:101AB000BB60019B03434B60BC4213D043460F2BDA
:101AC00000D82BE107210C3B8B43616801400520C6
:101AD00019436160E118486088600F2B00D93FE12D
:101AE0004B465B6818490868904200D20A60174963
:101AF0000868904200D20A604C46B4E07B68984681
:101B0000FEE601222900134311436519616030008C
:101B1000BD606B6000F054F92000083049E7A2680E
:101B2000D060826081E66146C3E6DC680231A34290
:101B300000D1BEE672E6C046881500201C300020A9
:101B40007C150020EC2F00201430002018300020DD
:101B50005A0A042A7CD9142A00D9B0E010005B305C
:101B600082465C32D200082040428446BA1894442F
:101B7000624692680B308146944500D186E00800A9
:101B8000A2466146844602E09268914204D04C46E7
:101B90005068A0439842F7D8D368614654469C46A3
:101BA0006346A260E3609C60D460A9E6142967D90B
:101BB000542900D98CE06E239846290B88446F3154
:101BC000CB0057E6BA4601205146844649190543E1
:101BD00050464560856847466046EB605E469D60BE
:101BE000534639617961204308374860CF6030003F
:101BF0008F609C5000F0E4F850460830D9E6BA46B1
:101C000001205E465244516801435160BA68300079
:101C1000D3609A6000F0D4F838000830C9E62B0091
:101C2000E9080833F2E56119884601218C460D4325
:101C30004146656039617961CA608A6062460243E3
:101C40004A60E050300000F0BBF820000830B0E6F9
:101C50009A091000393238308246D20083E7BC42FC
:101C600041D0BC686368032293431A005B1BAA42FD
:101C700002D30F2B00DD44E7300000F0A1F897E617
:101C80005B23984688445C31CB00F3E553469810BB
:101C900001238340404618438046786080E7019BDB
:101CA000039A4B440B40D31A194030008A4601F086
:101CB0009BFE431C00D0EFE600239A46F1E6542A2F
:101CC0002ED81A0B10006F326E308246D2004AE7CF
:101CD000AA235B0099422ED8DD3B9846E90B884445
:101CE0007831CB00C6E5304B9B461A68019B9C4679
:101CF0005B4662441A60039B591EA7E648460842A9
:101D000000D0A3E6B9684344894601210B43494604
:101D10004B60E7E653464A461A60A2E64860ABE7E6
:101D2000AA204000824226D8DA0B100078327730A1
:101D30008246D20017E71D4B994226D87C2398464D
:101D4000A90C88447D31CB0094E5019A029B94460E
:101D50004A46083B63449B1A019300239A46A0E637
:101D600021003000083101F003FF5B461A68BB68B0
:101D700099465B68B6E60D4882420CD89A0C100072
:101D80007D327C308246D200EDE6FE237E227F212A
:101D900090469B006EE5FE227E2092008246E2E69F
:101DA00043465B68F0E5C046EC2F00205405000078
:101DB00010B5024801F04AFE10BDC046E42F0020D5
:101DC00010B5024801F044FE10BDC046E42F0020CB
:101DD000094B10B51C68094A983420686168084BA3
:101DE000F1F780FF012200238018594120606160D3
:101DF0004800400810BDC046081B00202D7F954CB0
:101E00002DF45158030010B50A0003490868190061
:101E100000F004F810BDC046081B0020F0B557467E
:101E20004E46DE464546E0B50C000600170083B07E
:101E3000002900D1ACE0FFF7BBFF08235B429946C5
:101E4000A1444B465B68032219003D0091430B35CA
:101E5000CA468846162D67D81025AF4267D8A845D0
:101E60006EDA4946C04841444A680090806893460B
:101E7000884200D1A0E001208446100062469043D1
:101E800008184068104200D077E05A460320824389
:101E90009346C3445D454EDD6046184212D14B4621
:101EA00048461B68C31A03209B465B688343D218CD
:101EB00042440092954200DCCCE0434400939D42B2
:101EC00000DCCBE039003000FFF78CFC071E00D1AE
:101ED0001EE14B4601225B68934302004B44083AE3
:101EE000934200D1E3E04246043A242A00D9E3E0D9
:101EF00003002100132A09D9236803606368436043
:101F00001B2A00D9DCE00300083108330A681A6094
:101F10004A685A608A689A603000210001F028FE01
:101F20003000FFF74DFF20E00432954395D50C2398
:101F30000027336019E0D846CB688A68D3609A607E
:101F400043465F1B5346012250465B6840441340A2
:101F50000F2F22D841460B4351464B604368134331
:101F600043603000FFF72CFF2700380003B0F0BCBF
:101F7000BB46B246A946A046F0BD1A42A2D14B4686
:101F80004A461B68D31A03229B465B68934394E737
:101F90001100FFF727FC0700E7E751462B434919DB
:101FA000554617436B604F604368083113434360E5
:101FB000300001F0DDFDD4E703218A439446290077
:101FC000C44410318C4500DB84E0DB0700D579E7A1
:101FD0004B4648461B68C31A03209B465B688343F5
:101FE000D21842440192914200DD66E75B465A46B0
:101FF000DB6892685F46D3609A604246043A0837CD
:10200000242A00D999E03B00132A0AD959462368AB
:102010008B606368CB601B2A00D993E05B46083471
:10202000103322681A6062685A60A2689A605B4640
:1020300001225919009B30009960019B5B1B1343DF
:102040004B605B465B6813405A462B435360FFF777
:10205000B7FE8AE7CB688A68D3609A605B465A46C7
:10206000DB6892685F46D3609A604246043A08375C
:10207000242A17D83B00132A09D9594623688B60B4
:102080006368CB601B2A39D85B460834103322685A
:102090001A6062685A60A2689A60009B3C00984689
:1020A000DA464DE72100380001F044FBF5E7032252
:1020B0005B689343984443E7210001F03BFB2BE727
:1020C000A3688360E368C360242A26D0030010312C
:1020D00010331BE74B465919009B01229960634658
:1020E0005B1B13434B604B465B68300013404A4612
:1020F0002B435360FFF764FE270036E7A3680B61AC
:10210000E3684B61242A10D05B4610341833BEE7D5
:102110003000FFF755FE002727E7236918310361D8
:102120000300626918334261F0E623698B615B4604
:1021300062692033CA611834A9E72100380001F030
:10214000F9FA74E7A3680B61E3684B61242A03D0B2
:102150005B461034183364E723698B615B46626920
:102160002033CA6118345CE78815002070B516006A
:102170000D0002F0D1FE002E0DD06B236A00520D2F
:102180009B1A002B07DD0024034A1B059D182B001A
:102190002200F1F7B0F870BD0000F03FF0B5454601
:1021A000DE4657464E46E0B59FB0069200220C0030
:1021B0001A92002100228046049105922100199173
:1021C0000A780F002D2A03D8AA4D90002858874678
:1021D0000021079100210891302A00D1C4E02F2A64
:1021E00000D889E200239A4619003800002613001F
:1021F00055460BE08B005B1801305B001990991875
:1022000002783039130001362F2A0FDD392A6FDCAE
:10221000082EEFDDAB005B1901305B0019909D18B3
:102220000278303D130001362F2AEFDC8946012267
:102230009149AA4601F06AFB002800D14AE2002336
:10224000089612930A930B93089B1C00102B00DD39
:1022500010244846F1F7C2F8089B04900591092B19
:1022600019DD2200854B093AD2009B181A685B6879
:10227000F1F741F8049005915046F1F7AFF80B00E3
:10228000020004980599F1F70FF8089B0490059156
:102290000F2B00DDAFE00A9B002B01D100F066FCA4
:1022A0000A9B002B00DC46E3162B01DC00F05FFDEF
:1022B0002523089A9B1A0A9A934200DA9BE00F247E
:1022C000089B6E4DE41AE1006918049A059B0868A2
:1022D0004968F1F710F80A9B1C1BE4002D192A68C5
:1022E0006B68F1F708F806000F0013E2013166E7AA
:1022F000894601226049AA461D0001F007FB00281B
:1023000046D1199D2B00691C19915B780D001A00AC
:10231000002E00D0E2E12B000020302A07D1180067
:10232000013319931A78302AF9D0401B0130130079
:10233000313B082B00D867E220239A43452A00D17D
:1023400018E3089B034300D0E2E1069B0026002728
:10235000002B00D01C60300039001FB0F0BCBB4621
:10236000B246A946A046F0BD7A7820318A437D1C4A
:10237000582A01D100F0FDFB2F0019953A7801355C
:10238000302AF9D0002A00D1C2E10123089326E7C0
:1023900000230020002209961293652D00D1D2E17E
:1023A00000230B93452D00D1CDE1002E00D0BFE1DD
:1023B000089B034300D0ABE1002AC6D1692D00D1B0
:1023C000E6E201DD00F0C2FC492D00D1E0E24E2D35
:1023D000BBD12B4919A802F015F80028B5D0199BDC
:1023E0001B78282B01D100F079FD264801F060FB15
:1023F00006000F008EE10A9A089B94461B1B63445B
:10240000002B00DC70E20F221C00110094431940E5
:102410001A4201D100F02CFC184BC9005918086869
:102420004968049A059BF0F766FF04900591002C1B
:1024300001D000F01DFC002309934B4632000093AD
:1024400039004046089B02F0B3F91390002801D1EF
:1024500000F09AFC0A9B1299DA430B98D217081ADB
:10246000D917134014930023084099469B461290B5
:10247000F0E0C04694E8031050C10310F0EB0310E5
:1024800060C103108CBE0310C91A521A1F2900DD47
:1024900026E301238B40109300231593AB189A4633
:1024A000099BA4189C462B006444554500DD534607
:1024B000A34200DD2300002B04DD5246D21A9246CF
:1024C000E41AED1A129B002B00DDB0E25346002BFC
:1024D00000DDC8E20A9B002B00DDF3E2002C00DDEA
:1024E000E4E2002D08DD49462A00404602F0A4FB44
:1024F0008146002800D1E2E240461A99089A02F08B
:1025000037FC8346002800D1D9E2C36849460E93C0
:102510000023C36002F00EFC002801DA00F009FD80
:10252000059B0B9301D100F0A2FC4946584602F0EE
:10253000D1FD80230022DB0504000D00F0F72CFF05
:10254000002800D165E20E9B002B00D0D5E2049B51
:10255000002B00D05AE30B9B1B0300D0FDE20022AE
:1025600020002900D74BF0F711FF002801D000F020
:1025700074FC0022D44B20002900F0F7BCFE0A00B6
:1025800001001300109111920C90802212069446C3
:1025900063440D930B9BCD4A0C9C0D9D13409A46B2
:1025A000CB4B9A4500D1AFE2099B002B29D0D42315
:1025B000DB049A4525D810981199C64AC64BF0F706
:1025C000EBFE002818D010981199F0F747FF00286B
:1025D00000D10130F0F702FF0E9B10901191002BFB
:1025E00001D000F024FC802212060B0094466344C4
:1025F00016901793169C179DD6235246DB04EB18B2
:102600009D1A3000390002F087FC02000B00200008
:102610002900F0F770FE32003B00F0F745FE0E0097
:1026200004900591099B002B04D1A84B33409A4597
:1026300000D1B9E240461A9902F05EF84046089986
:1026400002F05AF84946404602F056F859464046CC
:1026500002F052F8139C4046616802F025F8031E10
:10266000089000D12BE222690C3302320C34210095
:1026700018009200F1F7ACFD049E059F1CAB01937E
:102680001BAB009332003B00404602F0C1FC011E30
:102690001A9000D1F0E10121404602F059F981463B
:1026A000002800D10BE21B9B002B00DAD7E1129A25
:1026B000149C9D1809991C9A5B1A36219B188A1A3A
:1026C0008649013B8B4200DADEE600231593013395
:1026D0001093E3E6199B591C19915B781A00303A64
:1026E000092A00D9D4E0151E01D100F037FD0123DD
:1026F00030000996129315E301223800784901F061
:1027000005F9002800D188E3089B002B00D11CE6C6
:1027100000260027069A002A01D0199B1360079B08
:10272000002B00D117E6802109067B181F0012E656
:102730000B9B129A08969B1A0A93099B002B00D1B7
:1027400082E51E0080E53300034308990B4300D166
:10275000FBE5199C631C199365782B2D00D1F9E1D9
:102760002D2D00D0AAE001230A93A31C1993A5786C
:102770002B00303B092B00D9AEE11999302D0ED139
:102780004B1C19931D7819000133302DF9D000230B
:102790000B932B00313B082B00D906E601334D1C6F
:1027A0001995AC464D780B932F2D00DCD4E20E9199
:1027B00001000B9B0B928B460B99624660468C4640
:1027C0000BE09900C9180132490019924B1945785C
:1027D000303B2F2D00DCC5E21000392DF1DD0B93CD
:1027E00063460E9994461A0063465846591A0829BA
:1027F00000DCB1E23B4B0B930A9B002B00D1D4E5EC
:102800000B9B5B420B93D0E5431C199F303A12930C
:10281000002315003900012609934B469B004B44C9
:10282000A94600205B0099444B1C19931D781900A0
:102830002B00303B092B00D9F5E11D00421C4B1C3D
:10284000002D01D100F087FC129B9C469444634606
:102850001293012A01D100F07CFC52468A462100E5
:10286000731C4C469C468946110008E0A2001419CE
:10287000640001339A1B013A904200DC4AE25A1E7E
:10288000082AF3DD102BF4DC8A0051184900F0E728
:1028900020229343452B74D04846F0F79FFD0490C7
:1028A0000591092E00DC61E13400102E00DD1024BA
:1028B0000023089612930B930A93D2E400230A9301
:1028C00056E7C0460000F03F0000E03F0000F07F08
:1028D0000000E07F0000C0FFFFFFDF4102FCFFFFC0
:1028E00050C103101F4E0000002B00D1A3E50F22A2
:1028F00011005B4219401D111A4200D09DE21F2DAC
:1029000000DD80E010231A002A4009922B4201D0FA
:102910005A3309930123049805999A46C34C5346A8
:102920002B4200D134E222686368F0F7E4FC6D10BA
:1029300044D00834F3E70A9B163300DA5BE50B99C1
:10294000129ABB4B521AD2009B181A685B68049803
:102950000599F0F7B2FC06000F00DBE600220792B3
:102960004F1C19974A78002A00D033E4EDE4012285
:102970000792F5E700220300099212920026013225
:10298000E3E600230C000020012209961293E1E601
:10299000A84919A801F036FD002800D1D5E4199BFB
:1029A000A549013B19A8199301F02CFD002802D17B
:1029B000199B013319930026A04FABE6099A0E909C
:1029C0000F910E9B0F9C04930594002A12D00F9B2D
:1029D00020005A006B23520D9B1A002B0ADD1F2B7F
:1029E00000DC33E300210491342B00DC59E3DC23C9
:1029F0009B0405930022049805990023F0F7BEFC80
:102A0000002800D119E52223424600260027136042
:102A100080E68B4B002220002900F0F76CFC0E9B17
:102A200010901191002B63D10B000C90ADE549463D
:102A30001A00404602F094F81A99814600281BD0EB
:102A40000A000100404601F0B3FF1A990B900028DC
:102A500012D0404601F050FE0B9B1A9336E5149AB3
:102A6000129DD41A26E61A995246404602F0E4F81E
:102A7000011E1A9000D02DE5DA4622234246002698
:102A80006E4F1360404601F037FE4046089901F052
:102A900033FE4946404601F02FFE4046139901F0AF
:102AA0002BFE5146404601F027FE33E62200404609
:102AB000089902F0C1F80890002800D011E5DA4624
:102AC0001A99DAE74046149A089902F049F80890F2
:102AD000002800D002E5F2E7002319940B9364E488
:102AE0005849CB1A01219940012315911093D5E43F
:102AF000109B119C0C930D944CE50023524C0C93AD
:102B00000D941093119445E5504A0B9B94466344F1
:102B10000593049C059D2000290002F0FDF90C9A04
:102B20000D9BF0F7E8FB22002B00F0F7BDFB434BB9
:102B3000474A049005910B40934200D801E1454A71
:102B4000974201D10136BAD00123424C5B42049333
:102B500005946FE500230A9307E600233E4C0C938F
:102B60000D940023384C1093119413E5049E059F97
:102B7000D0E50293079B404601931AAB0093374A76
:102B80001BAB19A901F044F90F231E0004000640F5
:102B9000034200D1BCE5062E00D0FCE00023002655
:102BA000002719950793B5E5109C119D2000290079
:102BB000F0F778FCF0F75EFC02000B002000290023
:102BC000F0F769FB049A0E9B36031343360B04009F
:102BD0000D00234A33430AD1224BF0F7D7FB0028DC
:102BE00000D127E5DA46049E059F1A994AE71E4B55
:102BF000F0F7CCFB0028F5D1200029001B4A104B30
:102C0000F0F7DAFB002800D114E5EBE7012BA4D1A3
:102C10000B9B002BA1D1DA46222342460026002737
:102C20001A9913602EE70122FFF7B7FB90E9031012
:102C3000F0EB031054C1031058C103100000F07FE3
:102C40000000E03FE2FBFFFF0000F03F0000B0FCAF
:102C5000FFFF9F7CFFFFEF7F0000F0BF78E90310CC
:102C60009535A094FFFFCF3FFFFFDF3F35E5AF3540
:102C70009A235B009C4200DD86E02411012C00D1E8
:102C800088E1049805990022924601329346524603
:102C9000D14BB2461D000993160000235A4622422A
:102CA00004D02A686B68F0F726FB01230136641014
:102CB0000835012CF2D1320056469246002B01D045
:102CC00004900591C54A059B944663440593534679
:102CD000D900099B9C46049A059B61440868496891
:102CE000F0F709FBBE4BBF4A049005910B4093429D
:102CF0004AD8D42080048446BB4A6144059193425B
:102D000001D8FFF798FB0123B84C5B42049305946C
:102D1000FFF791FB0A004B465146A14692461C0024
:102D200001386044461C082800DC76E50020102E9F
:102D300000DD79E553469B005344AA465B009A4464
:102D400072E5D4239B04CE1805966BE46E2D01D159
:102D5000FFF73FFBFFF7F9FA0B99A54B994200DC0F
:102D60004AE548E560460B930E9903003AE50A9A56
:102D7000A04BD100591808684968049A059BF0F7E0
:102D8000BAFA06000F00C5E422234246136012E699
:102D90006D100834C3E51A9A002A07D035211CA803
:102DA00002F0CCF940461A9901F0A6FC052E00D994
:102DB000BEE1914BB6009B599F461C9B8F490493E3
:102DC0001D9B1B9A0B408E498C466244120513438F
:102DD0000593E40503D58022120613430593804A28
:102DE000049E059F134200D094E400F00FFE2223BE
:102DF00003608FE40122834B524204920593E40561
:102E000000D4B3E6059BE6E7754B0593F7E71C99FD
:102E10001D9A1D9B04910592DBE7199D2B0001353E
:102E200019955A78002399469A46FFF774FA109B31
:102E3000119C16931794FFF7DDFB6E4BC9005B18CE
:102E40001A685B6804980599F0F737FA04900591C1
:102E5000002D01D1FFF7EFFA51E500236A4C0C93E6
:102E60000D940023694C10931194FFF793FB159B6D
:102E70000E9A9C46059BDA461B031B0B002A41D089
:102E8000634A934200D1D1E06346002B00D1C7E0F2
:102E900062460B9B13420CD004980599099AFFF7E0
:102EA00065F902000B0030003900F0F7FDF906006B
:102EB0000F00099B002B00D197E630003900554BDD
:102EC0000022F0F718FA464B06000F000B4200D024
:102ED0008BE6222342461A991360D3E51CAC2200EC
:102EE0004D4919A801F0A4FA052801D0FFF77DFA91
:102EF0001D9B3B4A1A431C9B05920493049E059F0D
:102F0000FFF708FC002B4AD1049B002B00D0B5E052
:102F1000099B002B00D1A0E0314C0B9B23401C00EF
:102F2000D623DB049C4229D8DC239B049C42C4D8D2
:102F300072E60E9B0499059ADA460B43B9D10B92BF
:102F40001303B6D1D623264CDB0414409C42B0D9DF
:102F50005B465B69002B03D15B461B69012BA8DD37
:102F600051460122404601F067FE4946824601F083
:102F7000E1FE00289DDD099B002B6ED0274B244AE3
:102F80009C460123644422435B4205920493049EC1
:102F9000059F92E700239A460F4B099392E66346FA
:102FA000002B73D062460B9B134200D181E704983B
:102FB0000599099AFFF7DAF802000B003000390092
:102FC000F0F769F90022002306000F00F0F7D6F9A8
:102FD000002800D16DE71FE6C8EB03100000B0FC2D
:102FE0000000F07F0000A07C0000907CFFFFEF7FDE
:102FF0001F4E0000F0EB03104CE90310FFFFEFFF42
:1030000033040000FFFFFF7F0000E0BF0000E03F4F
:10301000FFFF0F000000503964E903100000F0FFCB
:10302000109B049A134200D143E735E7099A049BA9
:10303000002A4FD15A1C3BD06246002A00D17FE0C3
:103040000B9B134200D027E71A991BE5012252423D
:103050009A40049B13400493CCE4434B0B9A1A9977
:103060001A401300414A9446414A63441A430123DB
:103070005B4205920493049E059F03E56246002A85
:103080000AD00B9B134200D113E790E7109B049AE0
:10309000134200D10DE78AE7109A1A4200D108E7DF
:1030A00085E74B239A1A4C3B934018400590A1E4C6
:1030B000304A0B9991421DD02B4B0B9A1A401300AA
:1030C0008022520394466344059300230493049E94
:1030D000059FEEE6D421244A0B98C90402408A4297
:1030E00016D95A1CE4D06246002A0CD0104200D1F6
:1030F000E3E6D1E60133DFD12223424600261A99C6
:10310000194F1360BEE4109A1A4200D1D5E6C3E607
:103110006B21120D891A012252428A409342C7D074
:103120006246002AEFD00B9B134200D1C5E6B3E6FE
:10313000E4050BD580231B060593049E059F54E6EA
:10314000109A1A4200D0A7E61A999BE4002600279D
:103150004BE63000E6E51000FFF767FB012009961B
:103160001292FFF761FBC0460000F07F0000F0FF05
:10317000FFFF0F00FFFFEF7F10B504000A000349B7
:10318000034B08682100FFF709F810BD081B002059
:103190009C190020F0B557464E464546DE46E0B540
:1031A00082460F0090461E00994683B0242B43D8D8
:1031B000012B41D00B0008204A4D1A00147801332E
:1031C000295D0842F9D11D002D2C00D176E02B2C71
:1031D0003ED0454B9B4600230193002E53D1302C0B
:1031E00000D173E00A230A26994649465846EFF76C
:1031F00017FE2B008C463D000200270000214C46A4
:103200000020E146AC463D00303D092D07D9113D77
:10321000192D03D93D00613D192D20D80A35AE4244
:103220001DDD4F1C05D082422AD327D001216043E7
:1032300028181F780133E6E700F0E8FB1623036047
:10324000002003B0F0BCBB46B246A946A046F0BD84
:103250001C78254B951C9B4600230193BDE76746D0
:103260004A1C21D0019A002A00D040424246002A3E
:10327000E7D0002933D143461F60E2E7A945D5DAFC
:1032800001214942D5E7102EAFD110239946302CA9
:10329000ABD120222B789343582BA6D110236C78E6
:1032A000994610260235A0E7222251460A6042467E
:1032B0005846002AC5D058465F1EDCE71C7880239C
:1032C0001B069B460123951C019386E720222B7841
:1032D0009343582BE2D008230836994685E7834666
:1032E000E9E7C046B9E90310FFFFFF7F10B504000E
:1032F0001300034A10680A002100FFF74BFF10BDBE
:10330000081B0020F0B5C64600B50C228B5E0700F6
:103310000C001A074DD48021626809011943A1816C
:10332000002A69DDA56A002D3FD000223E683A6080
:10333000DB0466D4002201233800E169A8470200BB
:10334000431C6BD00C23E15EA56A490706D5636870
:10335000D21A236B002B01D0E36BD21A0023380062
:10336000E169A8470C23E25E431C4CD139681D2952
:103370005ED8314BCB40DB075AD5304B1340A3818D
:103380000023636023692360D20401D5002943D060
:10339000216B3E60002908D023004033994202D0BF
:1033A000380000F0E5FB00232363002080BCB84612
:1033B000F0BD0E69002EF8D00D680022AD1B0E6026
:1033C0009B0700D14A69A260002D04DCEDE73618A6
:1033D0002D1A002DE9DD636A3200984638002B0073
:1033E000E169C0470028F2DC4022A38913431BB2E5
:1033F0000120A3814042D9E7E26B002A00DD91E77A
:10340000D3E7226DA1E70D4B1340A3810023636036
:1034100023692360D204BBD52065B9E73B68002B44
:1034200000D18FE71D2B01D0162BDDD13E60BCE70C
:1034300040231343DCE7C04601004020FFF7FFFFB5
:1034400070B505000C00002802D0436B002B27D07C
:103450000C22A35E002B11D0626ED20701D49B0513
:103460000ED528002100FFF74DFF636E0500DB0736
:1034700002D4A3899B050FD5280070BD0025FBE76A
:10348000A06D00F0E3FA28002100FFF73BFF636E18
:103490000500DB07F0D4ECE7A06D00F0D9FAEBE70C
:1034A00000F0F8F8D4E7C04670B5041E2AD0194BD6
:1034B0001D68002D02D06B6B002B17D00C22A35E71
:1034C000002B11D0626ED20701D49B0512D52800C3
:1034D0002100FFF717FF636E0500DB0702D4A38905
:1034E0009B050BD5280070BD0025FBE7280000F0E8
:1034F000D1F8E3E7A06D00F0A9FAE8E7A06D00F0CD
:10350000A7FAEFE7044A0549054801F0ABF80500C2
:10351000E8E7C046081B0020901900204134031042
:10352000101B002010B5034A0349044801F09AF823
:1035300010BDC04690190020E5510310101B00205B
:1035400041680B4B10B50400994201D001F04AFECE
:10355000A168084B994202D0200001F043FEE168C7
:10356000054B994202D0200001F03CFE10BDC04640
:103570002030002088300020F0300020F8B5CE4602
:1035800047463B4C3B4B3C4A2000002580B51A6027
:103590000423082200215C3025606560A560656613
:1035A00025616561A561E360F0F70CFE2000334BF7
:1035B000334F344E99462362334B58309846A762B6
:1035C000E6626362E46100F03DFACC23E5502F4BE4
:1035D00020006367802300210822C430E550A566DF
:1035E000E5662567A567E567F0F7ECFD2200842313
:1035F0006832E2504A460433E25042462000043327
:10360000E2500433E750C0300433E65000F01AFAB9
:10361000D0232000E5500433E5500433E5501C4A24
:103620005C33E550583BE2500433E5502D30043311
:10363000E550002104330822FF30E550F0F7C2FDC9
:103640002200EC23D032E2504A460433E2502000FC
:1036500042460433E25029300433E750FF3004334C
:10366000E65000F0EFF9C0BCB946B046F8BDC04620
:10367000203000205831002025350310B1520310AE
:103680001953031045530310D952031009000100C8
:103690001200020070B50400094D280000F0D6F9B0
:1036A000636B002B05D1074B6363074B1B68002B33
:1036B00003D0280000F0CCF970BDFFF75FFFF8E7FA
:1036C000E82F0020413503105831002010B5024882
:1036D00000F0BCF910BDC046E82F002010B502482C
:1036E00000F0B6F910BDC046E82F002030B5032A1F
:1036F0000CD90B0003439B0719D104680B689C424B
:1037000015D1043A04300431032AF6D8551E002A94
:103710000BD0002303E05A1C9D4206D01300C25C6C
:10372000CC5CA242F7D0101B00E0002030BD551E3B
:10373000EFE7C046F0B5CE46474680B588420DD982
:103740008B1898420AD2531E002A03D0CA5CC25476
:10375000013BFBD2C0BCB946B046F0BD0F2A0BD826
:103760000500561E002AF5D00023CC5C1A00EC544C
:1037700001339642F9D1EDE703000B4388469B07DE
:1037800034D110261700B1460C000300103F3F094A
:103790003F01C519A94426681E6066685E60A66878
:1037A0009E60E6681034DE601E001033AE42F2D137
:1037B000CF1939000F230C2610318C4613401642C6
:1037C00017D04446043B9B089B00FF181437061B88
:1037D0000C688D1904312C60B942F9D1614604336B
:1037E00059184B441D0003231A40BAE70500561E22
:1037F000BAE74D461A00B4E70323CAB2F0B5034056
:10380000002A35D00324002B2DD1FF230B401D02AD
:10381000ED182B04ED182C000168264E4C408B1936
:103820008B43A119A143244E0B43334211D141686C
:10383000204F0C00CB196C408B43E119A1430B4383
:1038400004303342F3D00378002B05D09A4204D0E1
:1038500001300378002BF9D10020F0BD9342FCD059
:1038600001302042D1D00378002BF7D10020F4E7BB
:10387000002B08D0032202E00130104203D003786D
:10388000002BF9D1E9E702680A4B0B49D31893439F
:103890000B4206D14268074B0430D31893430B42C6
:1038A000F8D00378002BD8D043780130002BFBD11F
:1038B000D3E7C046FFFEFEFE808080808446F0B5E0
:1038C000002A1DD0002303260F4F07E0251A84424B
:1038D00018D1002813D001339A4211D06046C45C3D
:1038E0003D5D3540012D00D12034C85C3D5C354044
:1038F000012DEBD120300500201AAC42EBD0F0BDF9
:103900000020FCE72800FAE7B9E9031030B5002AE7
:1039100027D003000B439B0713D1032A11D9134D62
:103920000BE0043A002A1CD0114C1C199C432C4279
:1039300017D104300431032A03D903680C68A34269
:10394000EFD00D78047801230139AC4207D00AE0AA
:10395000002C06D0C45C0133CD5CAC4203D19A424A
:10396000F6D1002030BD601BFCE7C046808080801F
:10397000FFFEFEFE1B4B70B51B68050083422FD077
:10398000416C002911D000268C59002C07D0210051
:103990002468280000F0ECF8002CF8D1696C04369B
:1039A000802EF1D1280000F0E3F8A96B002902D0A5
:1039B000280000F0DDF82C6C002C06D021002468D3
:1039C000280000F0D5F8002CF8D1E96C002902D0CD
:1039D000280000F0CDF86B6B002B01D02800984731
:1039E00070BDC046081B0020002370B5064C0500C2
:1039F00008002360F1F716FD431C00D070BD23685A
:103A0000002BFBD02B60F9E76C380020014B1868C5
:103A10007047C046081B0020802310B55B010828B2
:103A200001D1180010BDFFF7F1FF16230360173B0B
:103A3000F7E7C04603000A7801311A700133002A03
:103A4000F9D170477047C0467047C0467047C046BE
:103A50007047C04610B583070AD00300032102E077
:103A600001330B4205D01A78002AF9D1181A10BD7B
:103A7000030019680C4A0D4C8A188A4322420FD160
:103A80005968094A04338A188A43224208D159687E
:103A9000054A04338A188A432242F1D000E00133F8
:103AA0001A78002AFBD1E1E7FFFEFEFE80808080CD
:103AB000002001497047C0460000F87FF0B5C646B7
:103AC000060000B508200D00FFF7A6FF0400300037
:103AD000FEF76EF9234B210098469B685F6803232D
:103AE0009F4338001138401B0019EFF799F9451E24
:103AF0006543AC4208DC00213000FFF775FF434608
:103B00009B68DB19984206D03000FEF759F9002077
:103B100080BCB846F0BD30006942FFF765FF013058
:103B20000ED0012243467F1B9B6817430E4A5F60FD
:103B3000136830005B1B1360FEF742F90120E7E7D2
:103B400000213000FFF750FF43469A68831A0F2B7D
:103B5000DADD064C04492468001B086001210B4390
:103B60005360D1E788150020EC2F00207C15002041
:103B7000F0B5D6464F46464605000C00C0B50029B4
:103B800048D0FEF715F92100012708394B680320BA
:103B90009C46BB43CE1872688243604638408046DC
:103BA0006A4891468468B44200D17CE07260B418DF
:103BB00064683C40A2464446002C30D10C68A446C0
:103BC000091B8C686344A4460824A0468044C4456D
:103BD0005CD0CC68A04664464246E260946052469F
:103BE000002A1FD01F434F6033608022920093420F
:103BF00030D2DA085C090123A340446823434360C0
:103C0000D3001B189A68CB608A609960D160280045
:103C1000FEF7D6F8E0BCBA46B146A846F0BD52461B
:103C2000002A0FD101224B44CF18BC46B468484F3C
:103C30001A43BC425BD0F668E660B4604A606246F4
:103C40001360D2E762463A434A60802233609200B2
:103C50009342CED35C0A042C3FD89C092600393409
:103C60003836E40004192268083C0327944203D143
:103C70004EE09268944203D05068B8439842F8D816
:103C8000D468CC608A60A160D160C0E75246002A47
:103C900035D14B441A00B068F3681743C36098608D
:103CA0004F608A50B3E74B441A004346002B06D1BD
:103CB0000B68C91A8C68D218CB68E3609C6001233A
:103CC00013434B60234B81601B6893429FD8224B68
:103CD00028001968FFF7F2FE99E7142C13D9542C29
:103CE0001DD81C0B26006F346E36E400BAE7E16085
:103CF000A1604A606246CC608C60136087E71F4316
:103D00004F60336083E726005C345B36E400A9E74C
:103D10000123B610B340466833434360B1E7AA229B
:103D20005200944205D8DC0B260078347736E40044
:103D300098E70A4A944205D89C0C26007D347C36CC
:103D4000E4008FE7FE247E26A4008BE78815002080
:103D500090150020801500201C3000205405000024
:103D6000F0B5D6464F4646460369C0B50A009A46A6
:103D70004F11BB4208DC0023036100234361E0BC18
:103D8000BA46B146A846F0BD1F218C4606006446DF
:103D900014369D00BB007519F318114014421FD052
:103DA0002022521A944604CBCA4090469D4228D9FC
:103DB000B14664461A68A240444622434C4604C4B5
:103DC00004CBA146CA4090469D42F2D85346DC1B24
:103DD000A4003419043C2260002A0CD004340AE008
:103DE00032009D42C7D902CB02C29D42FBD8534646
:103DF000DC1BA4003419A31B9B100361B442BED189
:103E0000BBE74261002AB6D034000434F3E7C04671
:103E1000F0B5DE46454657464E46E0B58846096849
:103E200093468A7887B003900593302A00D0CDE17D
:103E3000CB1C1D0001335A1E1278302AF9D0691AA2
:103E40008B1E9A46C24FBB5C002B00D1FCE00022C7
:103E500000242B789146BF4AFB5C0292002B00D1D4
:103E60006AE12E0073780136FB5C002BFAD1012247
:103E700030000299FFF74AFD0190002852D000223D
:103E800033780192002C02D0A41BA20001922022C0
:103E900034009343502B51D043461E604B46002BB9
:103EA0007DD1631B013B0021072B03DD01315B103A
:103EB000072BFBDC039800F0F7FB8246002800D1BB
:103EC0008FE2142353440493A54200D3D1E19846D2
:103ED000002399463B0000264746A8464D46994692
:103EE0000CE0202E19D03200043649462378CB5CF2
:103EF0000F210B4093401D4344455ED0013C237885
:103F00002E2BEED14445ECD3012220000299FFF77D
:103F1000FDFC0028F0D0202EE5D120C70022042689
:103F20000025E2E7002C00D143E12022A41BA300DE
:103F30000193337834009343502BADD163782B2B0E
:103F400000D11EE12D2B00D0EBE00122A378A11CB3
:103F5000FB5C2600581E18289ED84E1C4978103B42
:103F6000795C180000290AD10CE083001B185B0063
:103F70000136581833781038F95C002901D0192916
:103F8000F3DD0300002A00D05B42019A94469C4472
:103F90006346019343461E604B46002B81D0534637
:103FA0005A42534106245B421C40200007B0F0BC3B
:103FB000BB46B246A946A046F0BDB846A94646460D
:103FC0004B4608C6049B4846F61A5346B6101E6177
:103FD00000F046FC5B461D687601361AAE4251DCA5
:103FE00000DAD0E09B68019A934200DAC0E05B46B9
:103FF0005B689A4200DB97E09C1A671EAC426FDA5E
:104000000026002F00D04EE11F21012339408B40B4
:104010007A11049992008A58504621002D1B1A42A9
:1040200000D12BE1FFF79CFE5B465B6801935B468A
:10403000DC68022C00D1DBE0032C00D142E1012C32
:1040400000D16EE1122470E0424B012219002800D9
:104050000293FFF75BFC814600286FD16B786C1CE4
:10406000FA5C002A6CD02500302B00D05DE16B7823
:104070000135302BFBD0FB5C5A425A41914601225C
:104080009246EBE6741B2100504601F077F8061EBD
:104090000FD01F210123601E01408B404211049963
:1040A00092008A5801261A4203D0012800DD00E15F
:1040B000022621005046FFF753FE019B9C465B46BB
:1040C000A44462469B680192634551DB5B46019ABA
:1040D0005B68934200DC7DE09C1AA54200DDD4E0E1
:1040E0005A46D268022A37D0032A00D1F1E0012AC9
:1040F00035D1AC4233D1012C07D05046611E01F0BE
:104100003DF800282BD05B465B68059A622413605B
:10411000012352461361049A13605246109B1A60A1
:1041200043E70022611C13E701245246109B1A60EA
:10413000059B019A1A6038E72E0098E62C002B7830
:1041400020229343502B00D1BEE043461C6026E75B
:10415000BCEA031050C10310119A002AD5D0514671
:10416000039800F0C9FA0023109A502413601CE74A
:104170005146039800F0C0FA0023109AA32413605C
:1041800013E70022E2E6AE1B32005146039800F02E
:1041900053FD019B82469A1B5B469B6801929A42A3
:1041A000E6DC5B465B689A42BEDA14215144049116
:1041B00022E77378741CFA5C2600002A00D166E6B8
:1041C00073780136FA5C002AFAD15DE600238D1C73
:1041D0009A4637E60124002EA7D05B46DB68022B07
:1041E00006D0032B08D0012B55D010231C439CE78D
:1041F0000123119A9B1A1193119B002BF5D0534662
:104200001F69049BBA009146180098460021484453
:1042100002E002C3984261D91A68561CF9D00132F3
:104220001A60022C69D01F231E0021242E402B422D
:1042300000D17AE74B464344043B186800F010FB7A
:1042400020239B1B984200DB6FE753461969002926
:1042500000DD93E000235246136100235246536170
:104260005B46019A9B6801320192934280DB2124D4
:104270005BE7049B984600239946A0E6FFF770FD94
:104280005B465B6802240193A5E7671E002E00D100
:10429000B6E60126B8E6B307A7D5049B1B681E4304
:1042A000F607ACD4A1E73900504600F067FF0600DE
:1042B000AAE65046A11E00F061FF002800D1F7E6F3
:1042C0000326F6E6022497E700230193013399467B
:1042D00034E6119A002A00D017E740E753469B685E
:1042E0009F4225DA53460122791C1961BB005344D1
:1042F0005A61049B9846022CA9D15B461B68222474
:10430000013BAB4200D010E71F21012329408B4025
:1043100041466A11920054581C4063425C4121346A
:1043200003E7022302241E43B7E701239A4698E5D8
:10433000534659680398013100F0B6F9061E56D06D
:10434000534651461A690C31023292000C30EFF795
:104350003FFF5146039800F0CFF901223369B2467E
:10436000591C9B00F31831615A6114239846B044DC
:10437000022CC2D08F4200DB55E768E75346504617
:104380005B698900414418305B0881421FD944466B
:104390001A000368DB07134308C404C852088142AB
:1043A000F7D8130052468A1A4146193A92089200E9
:1043B000043152181360002B00D00432434651469A
:1043C000D31A9B100B61424500D049E745E74246AE
:1043D0001360002B02D042460432EFE752461361CD
:1043E0003BE70022E421054B0548F1F763F8002282
:1043F0008421024B0248F1F75DF8C046A8C10310C2
:10440000BCC1031030B5026808E013781D00413DBF
:10441000192D00D820330131A34206D10C78013286
:10442000002CF2D10260012030BD0020FCE7C04624
:10443000F0B54546DE4657464E461F2403000800A9
:10444000E0B525001100006887B0421192000540D8
:104450008A180395044200D09EE01000171F021F27
:10446000914600224846026018684678002E00D126
:10447000AFE001906F48049380464B460F20002424
:104480000022834601980193434602963D00260090
:104490008946B846390092461F00029C15E0202C40
:1044A00000D98AE052450CDD8D4201D2072E55DD40
:1044B0000826A94505D2291F002392460D00002693
:1044C0000B6084780130002C12D03B5D002BE6D0CD
:1044D00001360132082E39DC2C682401A4465C46E2
:1044E0002340644623432B6084780130002CECD1B8
:1044F000019B8C463400494647469946002A68D0BD
:10450000654502D2072C00DC77E0A94247D20A00B9
:104510002B0001CB01C29F42FBD26A1C781C0023F6
:10452000904266D200200A1D9B181A0004331060C6
:10453000BB42FAD94B461B68002B05D1B94250D07B
:10454000043F3B68002BF9D0052043E0A945B8D2D1
:104550000024043DA44601262C60C0E708239B1BD1
:104560009B009C46202364462E001C1B02952B6852
:1045700065460590944620002A0075682C0084400A
:104580001C432B00D3403460736004368E42F4D356
:104590006246029D05988BE71700101D5FE74B46AA
:1045A000039A1B68002ACDD02020801A0122524293
:1045B000C24013404A461360C4E7A2463400564640
:1045C0004746804601988C46049B49468146292EE1
:1045D0000BD0042007B0F0BCBB46B246A946A046AB
:1045E000F0BD012305200B60F4E74046023018605F
:1045F00084E77D1BAD08AB0094E708262023361B1B
:10460000B6009B1B98462B6828001A000B0031004F
:104610006646AC464546984644682300AB40134383
:104620002200CA40036042600430B042F4D36546C1
:1046300041466AE7BCEA031082B000290AD0002A8A
:104640000BD0002B0BD013780B601078431E9841D1
:1046500002B0704701A9002AF3D10020F8E7022038
:104660004042F5E7F8B54746CE46884680B58146D4
:10467000170000267D68BC68013D0DD4A389012B7D
:1046800007D90E22A35E013303D021004846C0475C
:1046900006436834013DF1D23F68002FEAD1300073
:1046A000C0BCB946B046F8BD436C70B504000D00FF
:1046B000002B0AD0AA009B18186800280ED00268A8
:1046C0001A6000230361C36070BD21220421FDF73D
:1046D00021F8031E6064EDD10020F5E70126AE400D
:1046E000721D012120009200FDF714F80028F3D07C
:1046F00045608660E5E7C046002906D04A68436CFD
:1047000092009B181A680A6019607047F0B5C64697
:104710001F008046002300B50E000D6914310C689F
:1047200001332004000C5043240C5443C019070CDF
:10473000E4190004270C000C2404241810C19D4225
:10474000EDDC002F07D0B368AB4208DDAB00F318F7
:1047500001355F613561300080BCB846F0BD7168DD
:1047600040460131FFF7A0FF041E16D03100326928
:104770000C31023292000C30EFF72AFD434672688A
:104780005B6C92009B181A6832601E602600AB00BA
:10479000F31801355F613561DDE70022BA21024B74
:1047A0000248F0F787FEC046A8C1031028C20310D4
:1047B000F8B54746CE460600180080B50C00083014
:1047C00009211F009046EEF703FB092F3BDD012571
:1047D00000216D000131A842FBDC3000FFF764FFCF
:1047E000011E32D0089B4361012303614346092B1C
:1047F00016DC092398460A3447450CDD4346E71981
:10480000FF1A23780A223000303BFFF77FFF013484
:104810000100BC42F5D10800C0BCB946B046F8BDA5
:1048200009239946A1444D4644442B780A2230007E
:10483000303BFFF76BFF01350100A542F5D14C4637
:104840004444083CD8E70021C7E70022024B034854
:10485000D331F0F72FFEC046A8C1031028C20310C1
:104860008022030052020020934201D21B04103028
:1048700080225204934201D208301B02802252054A
:10488000934207D38022D205934214D29B0014D4C2
:10489000033008E0802104301A01C9058A4203D39D
:1048A000D243D20F801870479A019B0105D40A4267
:1048B000EED12020F7E71A00F2E70230F3E7C04616
:1048C0000368010010B55A0707D0DA072BD49A07FE
:1048D0002ED55B080360012010BD1A0410D1FF2201
:1048E0001B0C10201A4201D108301B0A1A0717D0DE
:1048F0009A070ED0DA0701D401305B080B60EBE7B2
:10490000FF221A4211D01A071AD104201B099A0754
:10491000F0D19A085C070FD5130002300B60DBE77B
:1049200004301B09F3E70020D6E708201B0ADDE767
:104930009B0803600220CFE7DB0805D12020CBE7EE
:10494000DB0803200B60C7E703300B60C4E7C046F9
:10495000436C70B504000D00002B0AD05868002885
:1049600015D002685A600023C360013345610361BA
:1049700070BD21220421FCF7CDFE031E6064EDD141
:1049800046210022084B0948FF31F0F793FD1C2215
:1049900001212000FCF7BEFE0028F1D00123436076
:1049A00001338360DFE7C046A8C1031028C20310AB
:1049B000F0B54E4657464546DE46E0B50B691669EA
:1049C0008A469146984685B0B34204DB3300894657
:1049D0004646924698464B4659684346F5184B461C
:1049E0009B68AB4200DA0131FFF75EFE071E00D183
:1049F000AAE014239C4684446346AC006444180037
:104A00000022A34202D204C39C42FCD814234B448C
:104A10009B46434651469B0098461431B600884455
:104A20005E44414576D200239A464B4615339E425A
:104A300000D382E05B460193434600935346B4465D
:104A4000A246AB46B9460C00029306E02D0C32D1CB
:104A5000009B04340430A34259D925682B04190C57
:104A6000002BF3D0019D5346A04600260C00824641
:104A70002F00039308CF01681A04120C62431B0C29
:104A80000D0463432D0C52199219090C5B18110C7B
:104A90005B1812041E0C120C1B04134308C0BC4507
:104AA000E8D850464446039B9A46029BC3185E6072
:104AB00025682D0CCCD0060000220368A046604675
:104AC00019001400B446019F3A88090C6A43121970
:104AD00052181B0411041B0C0B43336010CF716878
:104AE000240C6C430B041B0CE318120C9B181C0CBD
:104AF0000436B842E8D86246844610004446029A1A
:104B0000043482185360009B0430A342A5D8544655
:104B10005D464F46002D03DC06E0013D002D03D02D
:104B2000043C2368002BF8D038003D6105B0F0BC90
:104B3000BB46B246A946A046F0BD4B46F31A153B0C
:104B40009B089B009A4675E7B1210022024B03485F
:104B50004900F0F7AFFCC046A8C1031028C20310FB
:104B6000F8B5032347461400CE461A0080B50E0060
:104B700007002240234239D1A41032D03D6C002DD1
:104B80003DD00123984600239946434623406410B4
:104B9000002B08D12868002819D00500434623407F
:104BA0006410002BF6D02A0031003800FFF700FF18
:104BB000002E06D072687B6C92009B181A683260D7
:104BC0001E60002C0ED0060028680028E5D12A00BF
:104BD00029003800FFF7ECFE4B4628600500036013
:104BE000DCE73000C0BCB946B046F8BD0E4B013A18
:104BF0009200D2580023FFF789FD0600BCE701218F
:104C00003800FFF751FD051E07D0084B4361012313
:104C10000361002338640360B3E746210022044B9C
:104C20000448FF31F0F746FCBCEB031071020000B2
:104C3000A8C1031028C20310F0B54546DE4657460A
:104C40004E46E0B50D002B6954119846A0444346EA
:104C50005E1CAB6883461700496883B09E4203DD43
:104C600001315B009E42FBDC5846FFF71DFD844688
:104C7000002854D0010014310B000191002C0CDDF0
:104C8000A400220000201432624401C39342FCD1EC
:104C9000019B9946A1444B4601931F222B00110012
:104CA0002C691433A40039408A461C193A4230D08A
:104CB0000132521A91460027019851461A688A40DB
:104CC0003A4304C04A4680CBD7409C42F5D82A00DC
:104CD00015320023944203D3631B153B9B089B00B2
:104CE000019A91464B445F60002F00D146466346CF
:104CF0001E615B4660466A685B6C92009B181A688E
:104D00002A601D6003B0F0BCBB46B246A946A0466F
:104D1000F0BD019904CB04C19C42FBD8E6E7EF212A
:104D20000022024B02484900F0F7C4FBA8C103105F
:104D300028C2031002690B6930B50500D01A9A42E7
:104D400014D19B0014351431EA18CB1801E09542B8
:104D50000CD2043A043B146819688C42F7D0002343
:104D60008C425B4102205B421840013830BDC04696
:104D7000F0B545469046DE4657464E464346E0B5BA
:104D80000A690C00196983B0551A8A4214D12700A8
:104D900042468900143714327B18521802E09F42B1
:104DA00000D396E0043B043A1E6811688E42F6D0A8
:104DB00000D399E0012504E0002DFBDBA04600258F
:104DC0001C0043465968FFF76FFC8446002800D159
:104DD00094E043461A6914339600B246C5609A447B
:104DE00065460093534621692000890089461435A1
:104DF000002101932B00143081444D46A346142713
:104E00000C00924601009946434601C9DE5902044E
:104E10003304120C1B0C9B1A62461B19000C360C37
:104E2000361A181430181B0404141B0C0004034316
:104E3000D35104378D42E7D82100019C48465246A1
:104E4000A2465C46A9460500200015301E0000273A
:104E5000009B814504D34846001B15388008870015
:104E60007819041DDF19A0463C1DA146EF1A030066
:104E7000A2451DD93B00574692461A000E00A518C0
:104E800001CC03041B0C5B181B14010C86195B1866
:104E900036041914360C1B041E432E60A742EDD8AD
:104EA0003B0049465246013B5B1A9B089B0043442A
:104EB000002E04D1043B1968013A0029FAD0634658
:104EC0001A61604603B0F0BCBB46B246A946A04694
:104ED000F0BD0021FFF7E8FB8446002808D001233D
:104EE000036100234361ECE74346A0461C0068E7EA
:104EF0000022054B05480649F0F7DCFA0022024B78
:104F000002480449F0F7D6FAA8C1031028C20310DA
:104F100037020000450200000D4A0E4B94460B403C
:104F200063440022002B02DD1900100070475B4231
:104F30001915132903DC80231B030B41F4E71439F3
:104F400001221E2902DC80221206CA400023EBE760
:104F50000000C0FC0000F07FF8B506004746CE46D2
:104F600004691436A4003419231F1D6880B5280075
:104F70000F009846FFF774FC2022111A03003960D5
:104F80000A282EDD07000B3F464519D208235B4255
:104F90009C46A44463461B68002F1AD01900D21BFC
:104FA000D140BD409146194A0D432A431100BB40F0
:104FB000664511D24A460C3C2468D44023430BE09A
:104FC0000B2805D0BD40114B2B431900002303E0F3
:104FD00000230E4A2A4311001800C0BCB946B0464F
:104FE000F8BD2F00153A121AD7409146074A3A43A6
:104FF00011000027464503D24A46083C2768D7409F
:1050000015339D402B003B43E6E7C0460000F03FD0
:10501000F0B5012183B014001D00FFF745FB061E0B
:1050200047D02B036F001B0B7F0D02D08022520351
:1050300013430193002C16D101A8FFF741FC012472
:10504000019B203073613461002F23D01C4B352429
:105050009C46089B67443F181F60241A3000099B38
:105060001C6003B0F0BD68460094FFF729FC019C6A
:10507000009B002806D020222100121A9140C44033
:105080000B4301947361B461631E9C41013434612C
:10509000002FDBD10B4B9C46089B6044186000231B
:1050A000E3189B00F3181869FFF7DAFB6401241A70
:1050B000D4E70022044B05480549F0F7FBF9C04648
:1050C000CDFBFFFFCEFBFFFFA8C1031028C20310DA
:1050D0000F030000F0B5CE46474680B585B0884640
:1050E00002A98146FFF738FF04000D00404603A9DE
:1050F000FFF732FF02000B0040464946006909698C
:1051000000920193091A4901884602980399401AAE
:105110000100414400290BDD09054F193D00200025
:105120002900EEF7CAF805B0C0BCB946B046F0BDDC
:1051300009055B1A0193009A019BF0E713000139FE
:1051400070B54C111169013414338900A400591849
:1051500004198B420AD2050040CB40C59942FBD8C6
:105160008B1A153B9B089B0004301818844203D906
:10517000002308C08442FCD870BDC04610B50400AE
:1051800002691434481182420ADA9200A31803E03B
:10519000043B1A68002A14D1A342F9D8002010BD9C
:1051A0008300E3188242F7DD1F22100008400A4204
:1051B000F2D019680A00C240824001209142EED12B
:1051C000EAE70120EBE7C046002909D0FF2A02D810
:1051D00001200A7070478A23036001204042F9E7EA
:1051E0000020F7E770B506000C1E3FD0002802D063
:1051F000436B002B47D001250C22A35E626E2A422E
:1052000032D19B0542D521003000FEF77BF8E36ADE
:105210000500002B04D03000E1699847002828DB06
:10522000A3891B062AD4216B002908D02300403310
:10523000994202D03000FEF79BFC00232363616C8F
:10524000002904D03000FEF793FC00236364FEF7CE
:105250003DFA0023A381636EDB0725D5A06DFEF721
:10526000F3FBFEF73BFA02E0002BCCD1002528002F
:1052700070BD0125A3896D421B06D4D5300021697C
:10528000FEF776FCCFE7FEF705FAB4E7A06DFEF770
:10529000DDFB0C22A35E002BB5D1636E2B42E5D162
:1052A000A06DFEF7D5FBE1E7A06DFEF7D1FBD5E7DA
:1052B00070B50C000E25495F00F070F8002803DB84
:1052C000236D1B18236570BDA389024A1340A38177
:1052D000F9E7C046FFEFFFFFF8B50C001F000C23F5
:1052E000C95E05001600CB050AD40A4B32001940EE
:1052F0002800A1810E23E15E3B0000F063F8F8BDB9
:105300000E23E15E0022022300F034F80C23E15E5C
:10531000EBE7C046FFEFFFFF70B50C000E25495FBD
:1053200000F028F80C22A35E421C05D08022520116
:1053300013432065A38170BD014A1340FAE7C046BC
:10534000FFEFFFFF10B50E23C95E00F001F810BD9E
:10535000002370B5064C050008002360F0F7A1F8A3
:10536000431C00D070BD2368002BFBD02B60F9E7F5
:105370006C38002070B50400080011001A000023EA
:10538000054D2B60F0F790F8431C00D070BD2B68E2
:10539000002BFBD02360F9E76C38002070B50400C7
:1053A000080011001A000023054D2B60F0F756F895
:1053B000431C00D070BD2B68002BFBD02360F9E7A5
:1053C0006C38002070B50400080011001A0000239A
:1053D000054D2B60F0F754F8431C00D070BD2B68CE
:1053E000002BFBD02360F9E76C380020F8B5C046ED
:1053F00001B40248844601BC604700BF510100204F
:1054000001B40248844601BC604700BF6505002026
:1054100001B40248844601BC604700BFAF0D0020C4
:1054200001B40248844601BC604700BF510300201C
:1054300001B40248844601BC604700BF411000200F
:1054400001B40248844601BC604700BFAD0400209F
:1054500001B40248844601BC604700BF41100020EF
:1054600001B40248844601BC604700BFB509002072
:1054700001B40248844601BC604700BF2B020020F3
:1054800001B40248844601BC604700BFF503002018
:1054900001B40248844601BC604700BF15030020E8
:1054A00001B40248844601BC604700BF750D00206E
:1054B00001B40248844601BC604700BF890900204E
:1054C00001B40248844601BC604700BF6D02002061
:1054D00001B40248844601BC604700BFE1020020DD
:1054E00001B40248844601BC604700BFDD0A0020C9
:1054F00001B40248844601BC604700BF850A002011
:1055000001B40248844601BC604700BF850E0020FC
:1055100001B40248844601BC604700BF910A0020E4
:1055200001B40248844601BC604700BFED01002081
:1055300001B40248844601BC604700BF3D0600201C
:1055400001B40248844601BC604700BFC10000208E
:105550006E6F646520213D206E756C6C70747200F6
:105560007374617469632041726475696E6F4A7304
:105570006F6E3A3A56373432484232323A3A6465BC
:105580007461696C3A3A537472696E674E6F646500
:105590002A2041726475696E6F4A736F6E3A3A568B
:1055A000373432484232323A3A64657461696C3A4F
:1055B0003A537472696E674E6F64653A3A726573F6
:1055C000697A652841726475696E6F4A736F6E3AC5
:1055D0003A56373432484232323A3A646574616935
:1055E0006C3A3A537472696E674E6F64652A2C2068
:1055F00073697A655F742C2041726475696E6F4AB5
:10560000736F6E3A3A56373432484232323A3A4140
:105610006C6C6F6361746F722A2900002F5573657B
:1056200072732F746C6561766974742F7069636F1F
:105630002F70726F6A656374732F7069636F53693B
:10564000676E616C732F41726475696E6F4A736F18
:105650006E2F7372632F41726475696E6F4A736F38
:105660006E2F4D656D6F72792F537472696E674E30
:105670006F64652E687070007374725F20213D2026
:1056800030000000636861722041726475696E6F5A
:105690004A736F6E3A3A56373432484232323A3AA7
:1056A00064657461696C3A3A52616D537472696EE3
:1056B000673A3A6F70657261746F725B5D287369E7
:1056C0007A655F742920636F6E7374002F5573655C
:1056D00072732F746C6561766974742F7069636F6F
:1056E0002F70726F6A656374732F7069636F53698B
:1056F000676E616C732F41726475696E6F4A736F68
:105700006E2F7372632F41726475696E6F4A736F87
:105710006E2F537472696E67732F41646170746584
:1057200072732F52616D537472696E672E68707058
:105730000000000069203C3D2073697A652829003B
:10574000737472696E67735F203D3D206E756C6C7B
:105750007074720041726475696E6F4A736F6E3A4D
:105760003A56373432484232323A3A6465746169A3
:105770006C3A3A537472696E67506F6F6C3A3A7E46
:10578000537472696E67506F6F6C282900000000B7
:105790002F55736572732F746C6561766974742FFD
:1057A0007069636F2F70726F6A656374732F7069AD
:1057B000636F5369676E616C732F41726475696EB4
:1057C0006F4A736F6E2F7372632F41726475696EC7
:1057D0006F4A736F6E2F4D656D6F72792F537472B0
:1057E000696E67506F6F6C2E68707000766F6964B9
:1057F0002041726475696E6F4A736F6E3A3A56371C
:105800003432484232323A3A64657461696C3A3AE9
:10581000537472696E67506F6F6C3A3A61646428B2
:1058200041726475696E6F4A736F6E3A3A563734D7
:1058300032484232323A3A64657461696C3A3A539A
:105840007472696E674E6F64652A2900736C6F7499
:105850005F20213D206E756C6C707472000000003A
:1058600041726475696E6F4A736F6E3A3A56373497
:1058700032484232323A3A64657461696C3A3A5657
:10588000617269616E74446174612A204172647549
:10589000696E6F4A736F6E3A3A5637343248423205
:1058A000323A3A64657461696C3A3A436F6C6C657C
:1058B0006374696F6E4974657261746F723A3A6F9E
:1058C00070657261746F722D3E2829002F557365C3
:1058D00072732F746C6561766974742F7069636F6D
:1058E0002F70726F6A656374732F7069636F536989
:1058F000676E616C732F41726475696E6F4A736F66
:105900006E2F7372632F41726475696E6F4A736F85
:105910006E2F436F6C6C656374696F6E2F436F6C91
:105920006C656374696F6E446174612E6870700099
:10593000747970655F203D3D2056617269616E74B7
:10594000547970653A3A4E756C6C0000766F6964F4
:105950002041726475696E6F4A736F6E3A3A5637BA
:105960003432484232323A3A64657461696C3A3A88
:1059700056617269616E74446174613A3A73657418
:10598000426F6F6C65616E28626F6F6C290000005A
:105990002F55736572732F746C6561766974742FFB
:1059A0007069636F2F70726F6A656374732F7069AB
:1059B000636F5369676E616C732F41726475696EB2
:1059C0006F4A736F6E2F7372632F41726475696EC5
:1059D0006F4A736F6E2F56617269616E742F5661D4
:1059E0007269616E74446174612E687070000000A9
:1059F000766F69642041726475696E6F4A736F6E69
:105A00003A3A56373432484232323A3A646574612F
:105A1000696C3A3A56617269616E74446174613AB4
:105A20003A7365744F776E6564537472696E672854
:105A300041726475696E6F4A736F6E3A3A563734C5
:105A400032484232323A3A64657461696C3A3A5388
:105A50007472696E674E6F64652A290041726475BD
:105A6000696E6F4A736F6E3A3A5637343248423233
:105A7000323A3A64657461696C3A3A41727261799A
:105A800044617461262041726475696E6F4A736F58
:105A90006E3A3A56373432484232323A3A64657492
:105AA00061696C3A3A56617269616E7444617461FD
:105AB0003A3A746F417272617928290041726475B3
:105AC000696E6F4A736F6E3A3A56373432484232D3
:105AD000323A3A64657461696C3A3A4F626A656356
:105AE0007444617461262041726475696E6F4A73F3
:105AF0006F6E3A3A56373432484232323A3A646537
:105B00007461696C3A3A56617269616E7444617489
:105B1000613A3A746F4F626A656374282900000025
:105B20006E6F64655F20213D206E756C6C707472C1
:105B30000000000041726475696E6F4A736F6E3ABF
:105B40003A56373432484232323A3A4A736F6E53D9
:105B50007472696E672041726475696E6F4A736F03
:105B60006E3A3A56373432484232323A3A646574C1
:105B700061696C3A3A537472696E674275696C6414
:105B800065723A3A737472282920636F6E737400D9
:105B90002F55736572732F746C6561766974742FF9
:105BA0007069636F2F70726F6A656374732F7069A9
:105BB000636F5369676E616C732F41726475696EB0
:105BC0006F4A736F6E2F7372632F41726475696EC3
:105BD0006F4A736F6E2F4D656D6F72792F537472AC
:105BE000696E674275696C6465722E68707000003A
:105BF0007374617469635F636173743C73697A651C
:105C00005F743E28636F64655F29203C2073697A66
:105C1000656F66286D6573736167657329202F2032
:105C200073697A656F66286D657373616765735B09
:105C3000305D2900636F6E737420636861722A207F
:105C400041726475696E6F4A736F6E3A3A563734B3
:105C500032484232323A3A446573657269616C691E
:105C60007A6174696F6E4572726F723A3A635F73EC
:105C70007472282920636F6E737400002F5573654A
:105C800072732F746C6561766974742F7069636FB9
:105C90002F70726F6A656374732F7069636F5369D5
:105CA000676E616C732F41726475696E6F4A736FB2
:105CB0006E2F7372632F41726475696E6F4A736FD2
:105CC0006E2F446573657269616C697A6174696F7E
:105CD0006E2F446573657269616C697A6174696F6E
:105CE0006E4572726F722E687070000076616C750E
:105CF000655F203E2030000041726475696E6F4A16
:105D0000736F6E3A3A56373432484232323A3A4436
:105D10006573657269616C697A6174696F6E4F70E1
:105D200074696F6E3A3A4E657374696E674C696D4B
:105D300069742041726475696E6F4A736F6E3A3A86
:105D400056373432484232323A3A446573657269A2
:105D5000616C697A6174696F6E4F7074696F6E3AC5
:105D60003A4E657374696E674C696D69743A3A644A
:105D7000656372656D656E74282920636F6E737438
:105D8000000000002F55736572732F746C65617687
:105D90006974742F7069636F2F70726F6A656374B2
:105DA000732F7069636F5369676E616C732F4172F3
:105DB0006475696E6F4A736F6E2F7372632F4172D1
:105DC0006475696E6F4A736F6E2F4465736572698F
:105DD000616C697A6174696F6E2F4E657374696E58
:105DE000674C696D69742E68707000007479706515
:105DF0005F203D3D204E756D626572547970653A45
:105E00003A5369676E6564496E7465676572000030
:105E100041726475696E6F4A736F6E3A3A563734E1
:105E200032484232323A3A4A736F6E496E7465674D
:105E300065722041726475696E6F4A736F6E3A3A8B
:105E400056373432484232323A3A64657461696C8A
:105E50003A3A4E756D6265723A3A61735369676E8C
:105E60006564496E7465676572282920636F6E7377
:105E7000740000002F55736572732F746C65617622
:105E80006974742F7069636F2F70726F6A656374C1
:105E9000732F7069636F5369676E616C732F417202
:105EA0006475696E6F4A736F6E2F7372632F4172E0
:105EB0006475696E6F4A736F6E2F4E756D62657291
:105EC000732F70617273654E756D6265722E6870A6
:105ED00070000000747970655F203D3D204E756D47
:105EE000626572547970653A3A556E7369676E658A
:105EF00064496E74656765720000000041726475E4
:105F0000696E6F4A736F6E3A3A563734324842328E
:105F1000323A3A4A736F6E55496E74204172647515
:105F2000696E6F4A736F6E3A3A563734324842326E
:105F3000323A3A64657461696C3A3A4E756D6265DD
:105F4000723A3A6173556E7369676E6564496E742F
:105F500065676572282920636F6E73740000000006
:105F6000747970655F203D3D204E756D6265725499
:105F70007970653A3A466C6F61740000666C6F61C7
:105F8000742041726475696E6F4A736F6E3A3A5647
:105F9000373432484232323A3A64657461696C3A55
:105FA0003A4E756D6265723A3A6173466C6F617410
:105FB000282920636F6E7374000000007479706587
:105FC0005F203D3D204E756D626572547970653A73
:105FD0003A446F75626C6500646F75626C65204150
:105FE000726475696E6F4A736F6E3A3A563734321F
:105FF000484232323A3A64657461696C3A3A4E7595
:106000006D6265723A3A6173446F75626C652829F6
:1060100020636F6E737400005B2530372E33665D2E
:10602000200000004A534F4E207772697474656EE9
:1060300020746F20666C6173680000004A534F4EF5
:10604000206D6174636865642C206E6F74207772B4
:10605000697474656E000000537461636B206F7621
:106060006572666C6F7720696E207461736B202592
:10607000730A00004661696C656420746F20616C6E
:106080006C6F63617465206D656D6F72790A0000D5
:106090005265626F6F740000496E707574204661BE
:1060A000756C74004F7574707574204661756C74EE
:1060B00000000000526164696F204661756C7400D5
:1060C000636F756E745F203D3D20300041726475D2
:1060D000696E6F4A736F6E3A3A56373432484232BD
:1060E000323A3A64657461696C3A3A4D656D6F7223
:1060F00079506F6F6C4C6973743C543E3A3A7E4DE4
:10610000656D6F7279506F6F6C4C697374282920BC
:106110005B776974682054203D2041726475696E14
:106120006F4A736F6E3A3A56373432484232323AD7
:106130003A64657461696C3A3A5265736F7572635B
:10614000654D616E616765723A3A536C6F74446174
:1061500074615D002F55736572732F746C65617681
:106160006974742F7069636F2F70726F6A656374DE
:10617000732F7069636F5369676E616C732F41721F
:106180006475696E6F4A736F6E2F7372632F4172FD
:106190006475696E6F4A736F6E2F4D656D6F72799E
:1061A0002F4D656D6F7279506F6F6C4C6973742EE3
:1061B000687070007074725F20213D206E756C6C89
:1061C00070747200542A2041726475696E6F4A734C
:1061D0006F6E3A3A56373432484232323A3A646550
:1061E0007461696C3A3A536C6F743C543E3A3A6F3E
:1061F00070657261746F722D3E282920636F6E7313
:1062000074205B776974682054203D204172647566
:10621000696E6F4A736F6E3A3A563734324842327B
:10622000323A3A64657461696C3A3A5661726961EE
:106230006E74446174615D002F55736572732F74C1
:106240006C6561766974742F7069636F2F70726FFB
:106250006A656374732F7069636F5369676E616CED
:10626000732F41726475696E6F4A736F6E2F73720C
:10627000632F41726475696E6F4A736F6E2F4D653F
:106280006D6F72792F4D656D6F7279506F6F6C2ED7
:10629000687070002870203D3D206E756C6C7074C5
:1062A0007229203D3D20286964203D3D204E554CFB
:1062B0004C5F534C4F54290041726475696E6F4AAC
:1062C000736F6E3A3A56373432484232323A3A6451
:1062D000657461696C3A3A536C6F743C543E3A3A57
:1062E000536C6F7428542A2C2041726475696E6F48
:1062F0004A736F6E3A3A56373432484232323A3A3B
:1063000064657461696C3A3A536C6F74496429200E
:106310005B776974682054203D2041726475696E12
:106320006F4A736F6E3A3A56373432484232323AD5
:106330003A64657461696C3A3A56617269616E7467
:10634000446174613B2041726475696E6F4A736F7A
:106350006E3A3A56373432484232323A3A646574C9
:1063600061696C3A3A536C6F744964203D207368DC
:106370006F727420756E7369676E656420696E74E0
:106380005D000000542A2041726475696E6F4A7383
:106390006F6E3A3A56373432484232323A3A64658E
:1063A0007461696C3A3A536C6F743C543E3A3A6F7C
:1063B00070657261746F722D3E282920636F6E7351
:1063C00074205B776974682054203D2041726475A5
:1063D000696E6F4A736F6E3A3A56373432484232BA
:1063E000323A3A64657461696C3A3A5265736F7512
:1063F0007263654D616E616765723A3A536C6F7492
:10640000446174615D00000041726475696E6F4A99
:10641000736F6E3A3A56373432484232323A3A64FF
:10642000657461696C3A3A536C6F743C543E3A3A05
:10643000536C6F7428542A2C2041726475696E6FF6
:106440004A736F6E3A3A56373432484232323A3AE9
:1064500064657461696C3A3A536C6F7449642920BD
:106460005B776974682054203D2041726475696EC1
:106470006F4A736F6E3A3A56373432484232323A84
:106480003A64657461696C3A3A5265736F75726308
:10649000654D616E616765723A3A536C6F74446121
:1064A00074613B2041726475696E6F4A736F6E3A16
:1064B0003A56373432484232323A3A646574616946
:1064C0006C3A3A536C6F744964203D2073686F7264
:1064D0007420756E7369676E656420696E745D0003
:1064E00041726475696E6F4A736F6E3A3A5637340B
:1064F00032484232323A3A64657461696C3A3A53CE
:106500006C6F743C543E3A3A536C6F7428542A2C86
:106510002041726475696E6F4A736F6E3A3A5637EE
:106520003432484232323A3A64657461696C3A3ABC
:10653000536C6F74496429205B7769746820542018
:106540003D2041726475696E6F4A736F6E3A3A56B8
:10655000373432484232323A3A64657461696C3A8F
:106560003A56617269616E74457874656E73696FCD
:106570006E3B2041726475696E6F4A736F6E3A3A72
:1065800056373432484232323A3A64657461696C43
:106590003A3A536C6F744964203D2073686F72748B
:1065A00020756E7369676E656420696E745D0000A6
:1065B000766F69642041726475696E6F4A736F6E9D
:1065C0003A3A56373432484232323A3A6465746164
:1065D000696C3A3A56617269616E74446174613AE9
:1065E0003A73657454696E79537472696E6728637F
:1065F0006F6E737420544164617074656453747277
:10660000696E672629205B7769746820544164614C
:1066100070746564537472696E67203D20417264C2
:1066200075696E6F4A736F6E3A3A56373432484224
:1066300032323A3A64657461696C3A3A52616D5328
:106640007472696E675D0000732E73697A6528291C
:10665000203C3D2074696E79537472696E674D6198
:10666000784C656E677468006320213D203000001F
:10667000706F6F6C735F20213D206E756C6C707451
:1066800072000000766F69642041726475696E6FF4
:106690004A736F6E3A3A56373432484232323A3A97
:1066A00064657461696C3A3A4D656D6F7279506FCB
:1066B0006F6C4C6973743C543E3A3A736872696EFD
:1066C0006B546F4669742841726475696E6F4A73C2
:1066D0006F6E3A3A56373432484232323A3A416C67
:1066E0006C6F6361746F722A29205B77697468200C
:1066F00054203D2041726475696E6F4A736F6E3A23
:106700003A56373432484232323A3A6465746169F3
:106710006C3A3A5265736F757263654D616E61676D
:1067200065723A3A536C6F74446174615D000000A5
:106730006964203C2075736167655F00542A2041BD
:10674000726475696E6F4A736F6E3A3A56373432B7
:10675000484232323A3A64657461696C3A3A4D653E
:106760006D6F7279506F6F6C3C543E3A3A67657446
:10677000536C6F742841726475696E6F4A736F6EE3
:106780003A3A56373432484232323A3A64657461A2
:10679000696C3A3A536C6F7449642920636F6E7365
:1067A00074205B776974682054203D2041726475C1
:1067B000696E6F4A736F6E3A3A56373432484232D6
:1067C000323A3A64657461696C3A3A5265736F752E
:1067D0007263654D616E616765723A3A536C6F74AE
:1067E000446174613B2041726475696E6F4A736FD6
:1067F0006E3A3A56373432484232323A3A64657425
:1068000061696C3A3A536C6F744964203D20736837
:106810006F727420756E7369676E656420696E743B
:106820005D000000706F6F6C496E646578203C20DD
:10683000636F756E745F0000542A2041726475693D
:106840006E6F4A736F6E3A3A56373432484232327C
:106850003A3A64657461696C3A3A4D656D6F727964
:10686000506F6F6C4C6973743C543E3A3A67657470
:10687000536C6F742841726475696E6F4A736F6EE2
:106880003A3A56373432484232323A3A64657461A1
:10689000696C3A3A536C6F7449642920636F6E7364
:1068A00074205B776974682054203D2041726475C0
:1068B000696E6F4A736F6E3A3A56373432484232D5
:1068C000323A3A64657461696C3A3A5265736F752D
:1068D0007263654D616E616765723A3A536C6F74AD
:1068E000446174613B2041726475696E6F4A736FD5
:1068F0006E3A3A56373432484232323A3A64657424
:1069000061696C3A3A536C6F744964203D20736836
:106910006F727420756E7369676E656420696E743A
:106920005D000000667265654C6973745F20213DEF
:10693000204E554C4C5F534C4F54000041726475CF
:10694000696E6F4A736F6E3A3A5637343248423244
:10695000323A3A64657461696C3A3A536C6F743CCC
:10696000543E2041726475696E6F4A736F6E3A3A95
:1069700056373432484232323A3A64657461696C4F
:106980003A3A4D656D6F7279506F6F6C4C697374E4
:106990003C543E3A3A616C6C6F6346726F6D46725E
:1069A00065654C6973742829205B77697468205485
:1069B000203D2041726475696E6F4A736F6E3A3A7A
:1069C00056373432484232323A3A64657461696CFF
:1069D0003A3A5265736F757263654D616E616765B2
:1069E000723A3A536C6F74446174615D0000000048
:1069F000736C6F745F000000766F6964204172648D
:106A000075696E6F4A736F6E3A3A56373432484240
:106A100032323A3A64657461696C3A3A436F6C6C2D
:106A2000656374696F6E4974657261746F723A3A26
:106A30006E65787428636F6E737420417264756933
:106A40006E6F4A736F6E3A3A56373432484232327A
:106A50003A3A64657461696C3A3A5265736F75725B
:106A600063654D616E616765722A29002F557365F4
:106A700072732F746C6561766974742F7069636FBB
:106A80002F70726F6A656374732F7069636F5369D7
:106A9000676E616C732F41726475696E6F4A736FB4
:106AA0006E2F7372632F41726475696E6F4A736FD4
:106AB0006E2F436F6C6C656374696F6E2F436F6CE0
:106AC0006C656374696F6E496D706C2E68707000D0
:106AD000636F756E745F203E2030000041726475F4
:106AE000696E6F4A736F6E3A3A56373432484232A3
:106AF000323A3A64657461696C3A3A536C6F743C2B
:106B0000543E2041726475696E6F4A736F6E3A3AF3
:106B100056373432484232323A3A64657461696CAD
:106B20003A3A4D656D6F7279506F6F6C4C69737442
:106B30003C543E3A3A616C6C6F6346726F6D4C61C7
:106B40007374506F6F6C2829205B776974682054C8
:106B5000203D2041726475696E6F4A736F6E3A3AD8
:106B600056373432484232323A3A64657461696C5D
:106B70003A3A5265736F757263654D616E61676510
:106B8000723A3A536C6F74446174615D00000000A6
:106B9000636170203E203000766F6964204172642A
:106BA00075696E6F4A736F6E3A3A5637343248429F
:106BB00032323A3A64657461696C3A3A4D656D6F88
:106BC0007279506F6F6C3C543E3A3A6372656174EF
:106BD000652841726475696E6F4A736F6E3A3A56F2
:106BE000373432484232323A3A64657461696C3AF9
:106BF0003A536C6F74436F756E742C2041726475D8
:106C0000696E6F4A736F6E3A3A5637343248423281
:106C1000323A3A416C6C6F6361746F722A29205B5F
:106C2000776974682054203D2041726475696E6FE5
:106C30004A736F6E3A3A56373432484232323A3AF1
:106C400064657461696C3A3A5265736F7572636515
:106C50004D616E616765723A3A536C6F744461744A
:106C6000613B2041726475696E6F4A736F6E3A3A88
:106C700056373432484232323A3A64657461696C4C
:106C80003A3A536C6F74436F756E74203D2073688D
:106C90006F727420756E7369676E656420696E74B7
:106CA0005D0000002173312E69734E756C6C2829CC
:106CB0000000000041726475696E6F4A736F6E3A2E
:106CC0003A56373432484232323A3A64657461692E
:106CD0006C3A3A656E61626C655F69665F743C2808
:106CE00028626F6F6C292854416461707465645325
:106CF0007472696E67313A3A74797065536F727461
:106D00004B6579203C3D2054416461707465645347
:106D10007472696E67323A3A74797065536F72743F
:106D20004B657929292C20626F6F6C3E204172647B
:106D300075696E6F4A736F6E3A3A5637343248420D
:106D400032323A3A64657461696C3A3A73747269C2
:106D50006E67457175616C73285441646170746528
:106D600064537472696E67312C205441646170748D
:106D70006564537472696E673229205B7769746841
:106D8000205441646170746564537472696E673134
:106D9000203D2052616D537472696E673B205441EF
:106DA000646170746564537472696E6732203D204B
:106DB00052616D537472696E673B20656E61626CDF
:106DC000655F69665F743C2828626F6F6C29285480
:106DD00041646170746564537472696E67313A3AE4
:106DE00074797065536F72744B6579203C3D205403
:106DF00041646170746564537472696E67323A3AC3
:106E000074797065536F72744B657929292C2062EF
:106E10006F6F6C3E203D20626F6F6C5D0000000064
:106E20002F55736572732F746C6561766974742F56
:106E30007069636F2F70726F6A656374732F706906
:106E4000636F5369676E616C732F41726475696E0D
:106E50006F4A736F6E2F7372632F41726475696E20
:106E60006F4A736F6E2F537472696E67732F53740A
:106E700072696E6741646170746572732E687070B8
:106E8000000000002173322E69734E756C6C282946
:106E90000000000076617269616E7420213D206EF1
:106EA000756C6C7074720000766F69642041726456
:106EB00075696E6F4A736F6E3A3A5637343248428C
:106EC00032323A3A64657461696C3A3A5374726961
:106ED0006E674275696C6465723A3A7361766528CB
:106EE00041726475696E6F4A736F6E3A3A56373401
:106EF00032484232323A3A64657461696C3A3A56C1
:106F0000617269616E74446174612A290000000035
:106F10007320213D2030000041726475696E6F4A14
:106F2000736F6E3A3A56373432484232323A3A64E4
:106F3000657461696C3A3A4E756D62657220417292
:106F40006475696E6F4A736F6E3A3A5637343248D9
:106F50004232323A3A64657461696C3A3A706172ED
:106F600073654E756D62657228636F6E737420630E
:106F70006861722A2900000073747220213D206E1E
:106F8000756C6C7074720000542041726475696E87
:106F90006F4A736F6E3A3A56373432484232323A59
:106FA0003A64657461696C3A3A56617269616E74EB
:106FB000446174613A3A6173496E74656772616CD9
:106FC00028636F6E73742041726475696E6F4A73C3
:106FD0006F6E3A3A56373432484232323A3A646542
:106FE0007461696C3A3A5265736F757263654D618D
:106FF0006E616765722A2920636F6E7374205B77F8
:107000006974682054203D20756E7369676E6564ED
:1070100020636861725D000041726475696E6F4A39
:10702000736F6E3A3A56373432484232323A3A64E3
:10703000657461696C3A3A656E61626C655F696638
:107040005F743C2873697A656F6620285429203D57
:107050003D2034292C20626F6F6C3E204172647594
:10706000696E6F4A736F6E3A3A563734324842321D
:10707000323A3A64657461696C3A3A566172696190
:107080006E74446174613A3A736574466C6F6174EE
:1070900028542C2041726475696E6F4A736F6E3A82
:1070A0003A56373432484232323A3A64657461694A
:1070B0006C3A3A5265736F757263654D616E6167C4
:1070C00065722A29205B776974682054203D206608
:1070D0006C6F61743B2041726475696E6F4A736FA7
:1070E0006E3A3A56373432484232323A3A6465742C
:1070F00061696C3A3A656E61626C655F69665F747E
:107100003C2873697A656F6620285429203D3D200C
:1071100034292C20626F6F6C3E203D20626F6F6CB3
:107120005D00000021656E6465645F00766F6964D0
:107130002041726475696E6F4A736F6E3A3A5637C2
:107140003432484232323A3A64657461696C3A3A90
:107150004C617463683C545265616465723E3A3AAE
:107160006C6F61642829205B7769746820545265CC
:1071700061646572203D2041726475696E6F4A7367
:107180006F6E3A3A56373432484232323A3A646590
:107190007461696C3A3A5265616465723C63686116
:1071A000722A2C20766F69643E5D00002F5573654E
:1071B00072732F746C6561766974742F7069636F74
:1071C0002F70726F6A656374732F7069636F536990
:1071D000676E616C732F41726475696E6F4A736F6D
:1071E0006E2F7372632F41726475696E6F4A736F8D
:1071F0006E2F4A736F6E2F4C617463682E687070C7
:10720000000000002F2F272722225C5C6208660CFA
:107210006E0A720D74090000542A20417264756967
:107220006E6F4A736F6E3A3A563734324842323292
:107230003A3A64657461696C3A3A536C6F743C54C1
:107240003E3A3A6F70657261746F722D3E28292044
:10725000636F6E7374205B776974682054203D20DF
:1072600041726475696E6F4A736F6E3A3A5637347D
:1072700032484232323A3A64657461696C3A3A563D
:10728000617269616E74457874656E73696F6E5D65
:107290000000000041726475696E6F4A736F6E3A48
:1072A0003A56373432484232323A3A646574616948
:1072B0006C3A3A656E61626C655F69665F743C2822
:1072C00028626F6F6C2941726475696E6F4A736FC3
:1072D0006E3A3A56373432484232323A3A6465743A
:1072E00061696C3A3A69735F756E7369676E65645C
:1072F0003C543E3A3A76616C7565292C20626F6F7A
:107300006C3E2041726475696E6F4A736F6E3A3AD3
:1073100056373432484232323A3A64657461696CA5
:107320003A3A56617269616E74446174613A3A73B3
:107330006574496E746567657228542C20417264C7
:1073400075696E6F4A736F6E3A3A563734324842F7
:1073500032323A3A64657461696C3A3A5265736FD5
:10736000757263654D616E616765722A29205B776E
:107370006974682054203D206C6F6E67206C6F6EBE
:107380006720756E7369676E656420696E743B2053
:1073900041726475696E6F4A736F6E3A3A5637344C
:1073A00032484232323A3A64657461696C3A3A65FD
:1073B0006E61626C655F69665F743C2828626F6FFE
:1073C0006C2941726475696E6F4A736F6E3A3A56F2
:1073D000373432484232323A3A64657461696C3A01
:1073E0003A69735F756E7369676E65643C543E3AC3
:1073F0003A76616C7565292C20626F6F6C3E203D7A
:1074000020626F6F6C5D00002F55736572732F746F
:107410006C6561766974742F7069636F2F70726F19
:107420006A656374732F7069636F5369676E616C0B
:10743000732F41726475696E6F4A736F6E2F73722A
:10744000632F41726475696E6F4A736F6E2F566158
:107450007269616E742F56617269616E74496D70E4
:107460006C2E68707000000041726475696E6F4A1E
:10747000736F6E3A3A56373432484232323A3A648F
:10748000657461696C3A3A656E61626C655F6966E4
:107490005F743C2873697A656F6620285429203D03
:1074A0003D2038292C20626F6F6C3E20417264753C
:1074B000696E6F4A736F6E3A3A56373432484232C9
:1074C000323A3A64657461696C3A3A56617269613C
:1074D0006E74446174613A3A736574466C6F61749A
:1074E00028542C2041726475696E6F4A736F6E3A2E
:1074F0003A56373432484232323A3A6465746169F6
:107500006C3A3A5265736F757263654D616E61676F
:1075100065722A29205B776974682054203D2064B5
:107520006F75626C653B2041726475696E6F4A735A
:107530006F6E3A3A56373432484232323A3A6465DC
:107540007461696C3A3A656E61626C655F69665F29
:10755000743C2873697A656F6620285429203D3D64
:107560002038292C20626F6F6C3E203D20626F6FA7
:107570006C5D000041726475696E6F4A736F6E3A9C
:107580003A56373432484232323A3A646574616965
:107590006C3A3A656E61626C655F69665F743C283F
:1075A00028626F6F6C2941726475696E6F4A736FE0
:1075B0006E3A3A56373432484232323A3A64657457
:1075C00061696C3A3A69735F7369676E65643C54CC
:1075D0003E3A3A76616C7565292C20626F6F6C3E7D
:1075E0002041726475696E6F4A736F6E3A3A56370E
:1075F0003432484232323A3A64657461696C3A3ADC
:1076000056617269616E74446174613A3A7365746B
:10761000496E746567657228542C204172647569DF
:107620006E6F4A736F6E3A3A56373432484232328E
:107630003A3A64657461696C3A3A5265736F75726F
:1076400063654D616E616765722A29205B77697495
:10765000682054203D206C6F6E67206C6F6E672031
:10766000696E743B2041726475696E6F4A736F6E08
:107670003A3A56373432484232323A3A64657461A3
:10768000696C3A3A656E61626C655F69665F743C0D
:107690002828626F6F6C2941726475696E6F4A7336
:1076A0006F6E3A3A56373432484232323A3A64656B
:1076B0007461696C3A3A69735F7369676E65643CBB
:1076C000543E3A3A76616C7565292C20626F6F6C76
:1076D0003E203D20626F6F6C5D000000417264755A
:1076E000696E6F4A736F6E3A3A5637343248423297
:1076F000323A3A446573657269616C697A6174699A
:107700006F6E4572726F723A3A436F6465204172D0
:107710006475696E6F4A736F6E3A3A563734324801
:107720004232323A3A64657461696C3A3A4A736F2C
:107730006E446573657269616C697A65723C545216
:1077400065616465723E3A3A70617273654E6F6E40
:1077500051756F746564537472696E672829205B74
:10776000776974682054526561646572203D2041D8
:10777000726475696E6F4A736F6E3A3A5637343277
:10778000484232323A3A64657461696C3A3A5265F9
:10779000616465723C636861722A2C20766F69644B
:1077A0003E5D00002F55736572732F746C656176B2
:1077B0006974742F7069636F2F70726F6A65637478
:1077C000732F7069636F5369676E616C732F4172B9
:1077D0006475696E6F4A736F6E2F7372632F417297
:1077E0006475696E6F4A736F6E2F4A736F6E2F4A9E
:1077F000736F6E446573657269616C697A65722E28
:107800006870700063757272656E742829203D3D42
:1078100020277B270000000041726475696E6F4A63
:10782000736F6E3A3A56373432484232323A3A44FB
:107830006573657269616C697A6174696F6E4572AE
:10784000726F723A3A436F64652041726475696E73
:107850006F4A736F6E3A3A56373432484232323A90
:107860003A64657461696C3A3A4A736F6E44657341
:10787000657269616C697A65723C545265616465D0
:10788000723E3A3A70617273654F626A656374283A
:1078900041726475696E6F4A736F6E3A3A56373447
:1078A00032484232323A3A64657461696C3A3A4F0E
:1078B000626A65637444617461262C205446696C65
:1078C0007465722C2041726475696E6F4A736F6EB5
:1078D0003A3A56373432484232323A3A446573655E
:1078E0007269616C697A6174696F6E4F7074696FE7
:1078F0006E3A3A4E657374696E674C696D697429A6
:10790000205B77697468205446696C746572203D09
:107910002041726475696E6F4A736F6E3A3A5637DA
:107920003432484232323A3A64657461696C3A3AA8
:10793000416C6C6F77416C6C46696C7465723B206E
:1079400054526561646572203D2041726475696EB0
:107950006F4A736F6E3A3A56373432484232323A8F
:107960003A64657461696C3A3A5265616465723C67
:10797000636861722A2C20766F69643E5D000000A6
:1079800074727565000000006E756C6C000000007C
:1079900063757272656E742829203D3D20275B2730
:1079A0000000000041726475696E6F4A736F6E3A31
:1079B0003A56373432484232323A3A446573657245
:1079C00069616C697A6174696F6E4572726F723A3F
:1079D0003A436F64652041726475696E6F4A736FD4
:1079E0006E3A3A56373432484232323A3A64657423
:1079F00061696C3A3A4A736F6E4465736572696186
:107A00006C697A65723C545265616465723E3A3ABB
:107A1000706172736541727261792841726475692F
:107A20006E6F4A736F6E3A3A56373432484232328A
:107A30003A3A64657461696C3A3A417272617944A8
:107A4000617461262C205446696C7465722C204147
:107A5000726475696E6F4A736F6E3A3A5637343294
:107A6000484232323A3A446573657269616C697AA8
:107A70006174696F6E4F7074696F6E3A3A4E6573D8
:107A800074696E674C696D697429205B77697468E5
:107A9000205446696C746572203D2041726475699A
:107AA0006E6F4A736F6E3A3A56373432484232320A
:107AB0003A3A64657461696C3A3A416C6C6F77412B
:107AC0006C6C46696C7465723B20545265616465E8
:107AD00072203D2041726475696E6F4A736F6E3A11
:107AE0003A56373432484232323A3A646574616900
:107AF0006C3A3A5265616465723C636861722A2C23
:107B000020766F69643E5D004E6F205344204361D0
:107B1000726420446574656374656400303A0000E3
:107B2000636F6E6669672A2E6A736F6E00000000CD
:107B300052656164202564206368617261637465C5
:107B40007273206F6620636F6E6669672066696C6A
:107B5000650A0000436F6E666967204A534F4E20E6
:107B60006572726F723A2025730A00006D6F64654A
:107B700000000000637463006F7665726C617900C9
:107B80000A0A5069636F205369676E616C732056EF
:107B900025645225640A0A000A5374616E64617296
:107BA00064205369676E616C204D6F64650000004E
:107BB0000A435443204D6F64650000000A4F766508
:107BC000726C6179204D6F6465000000496E6974C4
:107BD00020636F6D706C6574650000006164647291
:107BE00065737300636F6E66696725642E6A736FD1
:107BF0006E0000004F6B0000456D707479496E7027
:107C000075740000496E636F6D706C657465496EC4
:107C100070757400496E76616C6964496E70757434
:107C2000000000004E6F4D656D6F7279000000001E
:107C3000546F6F44656570004C4544205461736B0C
:107C4000000000004572726F72204C454420546160
:107C5000736B00004C4544205461736B20496E697E
:107C60007469616C697A6564000000004572726F26
:107C700072204C4544205461736B20496E697469CD
:107C8000616C697A656400004572726F723A2025F2
:107C9000640A00004572726F72204C6F6F70212071
:107CA000436F64653A2025640A000000504F535426
:107CB000204C6F6F702120436F64653A2025640A61
:107CC00000000000542041726475696E6F4A736F42
:107CD0006E3A3A56373432484232323A3A64657430
:107CE00061696C3A3A56617269616E74446174619B
:107CF0003A3A6173466C6F617428636F6E737420D7
:107D000041726475696E6F4A736F6E3A3A563734D2
:107D100032484232323A3A64657461696C3A3A5296
:107D200065736F757263654D616E616765722A294F
:107D300020636F6E7374205B776974682054203DF4
:107D400020646F75626C655D000000006C6F7742A7
:107D5000617474657279000062617474657279523D
:107D60006573657400000000626174746572795314
:107D7000687574646F776E004261747465727920FF
:107D80005461736B00000000426174746572792065
:107D90005461736B20496E697469616C697A6564BA
:107DA0000000000053656E64696E6720746F2025C3
:107DB000643A206173706563743A2025632C2061F6
:107DC000636B3A2025642C20636F64653A20256438
:107DD0000A00000053656E64696E6720546F20438B
:107DE0005443000053656E64696E672066726F6D60
:107DF0002043544320746F20256420636D64202544
:107E0000640A0000542041726475696E6F4A736F92
:107E10006E3A3A56373432484232323A3A646574EE
:107E200061696C3A3A56617269616E744461746159
:107E30003A3A6173496E74656772616C28636F6E5C
:107E400073742041726475696E6F4A736F6E3A3A4B
:107E500056373432484232323A3A64657461696C5A
:107E60003A3A5265736F757263654D616E6167650D
:107E7000722A2920636F6E7374205B77697468209F
:107E800054203D20696E745D00000000496E6974E5
:107E900069616C697A696E6720526164696F00007C
:107EA000726574727954696D6500000025632563FD
:107EB00000000000255825582558255800000000CE
:107EC000526164696F206661756C74204D6F6465E2
:107ED0003A2025640A000000526164696F207265CF
:107EE00073657400686561643100000064657374D3
:107EF000696E6174696F6E000A4E4F44453A2025E1
:107F0000640A0000526164696F205461736B000061
:107F1000526164696F205461736B20496E697469A2
:107F2000616C697A656400005475726E6F757420B7
:107F30002564203D2025640A00000000417264751C
:107F4000696E6F4A736F6E3A3A563734324842322E
:107F5000323A3A64657461696C3A3A656E61626C92
:107F6000655F69665F743C2828626F6F6C292854CE
:107F700041646170746564537472696E67313A3A32
:107F800074797065536F72744B6579203C3D205451
:107F900041646170746564537472696E67323A3A11
:107FA00074797065536F72744B657929292C206937
:107FB0006E743E2041726475696E6F4A736F6E3ADB
:107FC0003A56373432484232323A3A64657461691B
:107FD0006C3A3A737472696E67436F6D7061726563
:107FE000285441646170746564537472696E6731BA
:107FF0002C205441646170746564537472696E67B7
:108000003229205B7769746820544164617074651B
:1080100064537472696E6731203D2052616D5374F0
:1080200072696E673B205441646170746564537477
:1080300072696E6732203D2052616D537472696EB1
:10804000673B20656E61626C655F69665F743C28A2
:1080500028626F6F6C2928544164617074656453A1
:108060007472696E67313A3A74797065536F7274DD
:108070004B6579203C3D20544164617074656453C4
:108080007472696E67323A3A74797065536F7274BC
:108090004B657929292C20696E743E203D20696E3C
:1080A000745D000070696E310000000070696E320E
:1080B0000000000070696E330000000070696E34CB
:1080C0000000000070696E350000000070696E36B7
:1080D0000000000070696E370000000070696E38A3
:1080E000000000006361707475726500686561640A
:1080F000320000007475726E6F75740072656C6585
:108100006173650068656164000000006F766C470C
:108110007265656E000000006F766C416D6265727D
:10812000000000006F766C52656400006F766C4151
:108130007578496E00000000494F205461736B0050
:10814000494F205461736B20496E697469616C6991
:108150007A6564003A2578257825632563256325AB
:10816000632578257825782578257825782578253C
:108170007825782578257825782578257825780A32
:10818000000000004354432041434B20616464726B
:108190003A256420616C6C526573706F6E6465641F
:1081A0003A25640A00000000457261736520436F40
:1081B0006E6669670000000072657472696573001D
:1081C000435443205461736B000000004354432028
:1081D0005461736B20496E697469616C697A656476
:1081E0000000000044656C6179656420636C656122
:1081F00072000000732E73697A652829203C3D20A7
:108200006E000000766F69642041726475696E6F5C
:108210004A736F6E3A3A56373432484232323A3AFB
:1082200064657461696C3A3A737472696E67476524
:108230007443686172732854416461707465645357
:108240007472696E672C20636861722A2C207369CE
:108250007A655F7429205B77697468205441646192
:1082600070746564537472696E67203D2052616D4D
:10827000537472696E673B2073697A655F74203D41
:1082800020756E7369676E656420696E745D0000A9
:10829000766F69642041726475696E6F4A736F6EA0
:1082A0003A3A56373432484232323A3A6465746167
:1082B000696C3A3A56617269616E74446174613AEC
:1082C0003A7365744C696E6B6564537472696E675A
:1082D00028636F6E737420636861722A290000003E
:1082E000486561642025642072656365697665640C
:1082F0002025632066726F6D2025640A000000004F
:1083000053656E64696E6720436170747572652091
:10831000256420746F2025640A00000053656E6494
:10832000696E672052656C656173652025642074F1
:108330006F2025640A0000007374722E69734E75F5
:108340006C6C2829203D3D2066616C73650000003F
:1083500041726475696E6F4A736F6E3A3A5637347C
:1083600032484232323A3A64657461696C3A3A533F
:108370007472696E674E6F64652A20417264756914
:108380006E6F4A736F6E3A3A563734324842323221
:108390003A3A64657461696C3A3A537472696E670B
:1083A000506F6F6C3A3A6164642854416461707430
:1083B0006564537472696E672C2041726475696ECE
:1083C0006F4A736F6E3A3A56373432484232323A15
:1083D0003A416C6C6F6361746F722A29205B776914
:1083E0007468205441646170746564537472696E7A
:1083F00067203D2041726475696E6F4A736F6E3AF3
:108400003A56373432484232323A3A6465746169D6
:108410006C3A3A52616D537472696E675D00000088
:10842000626F6F6C2041726475696E6F4A736F6E14
:108430003A3A56373432484232323A3A64657461D5
:10844000696C3A3A56617269616E74446174613A5A
:108450003A736574537472696E672854416461702D
:10846000746564537472696E672C20417264756917
:108470006E6F4A736F6E3A3A563734324842323230
:108480003A3A64657461696C3A3A5265736F757211
:1084900063654D616E616765722A29205B77697437
:1084A00068205441646170746564537472696E67C6
:1084B000203D2041726475696E6F4A736F6E3A3A5F
:1084C00056373432484232323A3A64657461696CE4
:1084D0003A3A52616D537472696E675D0000000034
:1084E0006865616433000000686561643400000001
:1084F00064696D54696D6500736C65657054696D70
:10850000650000006D6F6E69746F724C45447300B6
:108510007374616E6461726400000000647761725C
:10852000660000005354414E444152440000000094
:10853000626C7565000000007265640070696E0011
:1085400063757272656E7400677265656E00000017
:1085500072676200616D6265720000006C756E6129
:10856000720000006272696768746E657373000060
:108570004E6F2044657374696E6174696F6E206319
:108580006F6E6669677572656400000064696D00EE
:1085900072656452656C6561736544656C617900F0
:1085A0006C6F63616C486561644E756D000000001E
:1085B00044776172662068656164202564206D6976
:1085C0007373696E67206C6F63616C486561644E9C
:1085D000756D0A006177616B6550696E000000007F
:1085E0004177616B652050696E3A2025640A00006E
:1085F0004865616420256420446573742025643ACD
:108600002025640A00000000686561645461736B92
:10861000000000004865616473205461736B204959
:108620006E697469616C697A65640000686561648B
:10863000436F6D6D5461736B0000000048656164A9
:1086400020256420436F6D6D205461736B20496E4B
:10865000697469616C697A65640A0000766F69649F
:108660002041726475696E6F4A736F6E3A3A56377D
:108670003432484232323A3A64657461696C3A3A4B
:1086800056617269616E74446174613A3A736574DB
:10869000526177537472696E672841726475696EAE
:1086A0006F4A736F6E3A3A56373432484232323A32
:1086B0003A64657461696C3A3A537472696E674ED4
:1086C0006F64652A290000007E2578257800000067
:1086D0003E205069636F205369676E616C7320564A
:1086E00025645225643A2048656C700A0000000039
:1086F0003E20626174202D205072696E74204261A8
:10870000747465727920566F6C746167650A000035
:108710003E20657272202D205072696E7420457261
:10872000726F7220436F64650A0000003E2065721C
:108730007220636C72202D20436C6561722045723B
:10874000726F7220436F64650A0000003E20686506
:108750006164202D205072696E7420486561642028
:108760005374617475730A003E20696E202D205089
:1087700072696E7420496E707574205374617475DB
:10878000730A00003E2072737369202D20507269B5
:108790006E7420526164696F20525353490A00007D
:1087A0003E206361702078202D20436170747572C3
:1087B000652068656164207820312D340A0000004E
:1087C0003E2072656C2078202D2052656C656173A7
:1087D000652068656164207820312D340A0000002E
:1087E0003E2077616B65202D2057616B65205369B2
:1087F000676E616C0A0000003E20666C6173682041
:10880000636C72202D20436C65617220466C61732D
:10881000680A00003E20727374202D205265736533
:10882000740A00003E20737973202D205072696E07
:108830007420546872656164205374617475732088
:108840004C6973740A0000003E204C4544202D20E2
:108850005072696E7473204C454420537461747572
:10886000730A00003E20777274202D2057726974BD
:108870006520636F6E66696720746F20666C617334
:108880006820616E642053440A0000003E20736536
:108890007420782079202D207365742068656164C8
:1088A000207820746F206F6E2C2064696D2C206FEF
:1088B00066662C20677265656E2C20616D6265723C
:1088C0002C207265642C206F72206C756E61720AA8
:1088D000000000003E206E6F646573202D205072F2
:1088E000696E7420616C6C206E6F646573206865BE
:1088F00061726420696E20746865206C61737420F5
:1089000039306D696E0A00000A3E2041646A757351
:10891000746D656E74730A003E204731202D204728
:108920003132202D2047656E6572616C205365746D
:1089300074696E67730A00003E2048313031202D83
:108940002048313333202D20486561642031205385
:10895000657474696E67730A000000003E20483237
:108960003031202D2048323333202D20486561647A
:1089700020322053657474696E67730A000000002A
:108980003E2048333031202D2048333333202D20F2
:108990004865616420332053657474696E67730A97
:1089A000000000003E2048343031202D2048343370
:1089B00033202D2048656164203420536574746928
:1089C0006E67730A000000003E20493131202D20DF
:1089D000493134202D20496E707574203120536543
:1089E0007474696E67730A003E20493231202D206D
:1089F000493234202D20496E707574203220536521
:108A00007474696E67730A003E20493331202D204B
:108A1000493334202D20496E7075742033205365FE
:108A20007474696E67730A003E20493431202D202A
:108A3000493434202D20496E7075742034205365DC
:108A40007474696E67730A003E20493531202D2009
:108A5000493534202D20496E7075742035205365BA
:108A60007474696E67730A003E20493631202D20E8
:108A7000493634202D20496E707574203620536598
:108A80007474696E67730A003E20493731202D20C7
:108A9000493734202D20496E707574203720536576
:108AA0007474696E67730A003E20493831202D20A6
:108AB000493834202D20496E707574203820536554
:108AC0007474696E67730A0025730000202000002B
:108AD0004D656E75205461736B0000005C7530301D
:108AE0003030000076616C756520213D205F5F6E3F
:108AF000756C6C00766F69642041726475696E6F85
:108B00004A736F6E3A3A56373432484232323A3A02
:108B100064657461696C3A3A54657874466F726D35
:108B200061747465723C545772697465723E3A3A66
:108B30007772697465537472696E6728636F6E73B8
:108B40007420636861722A2C2073697A655F7429C6
:108B5000205B776974682054577269746572203D90
:108B60002041726475696E6F4A736F6E3A3A563778
:108B70003432484232323A3A64657461696C3A3A46
:108B8000537461746963537472696E675772697460
:108B900065723B2073697A655F74203D20756E7342
:108BA00069676E656420696E745D00002F5573659A
:108BB00072732F746C6561766974742F7069636F5A
:108BC0002F70726F6A656374732F7069636F536976
:108BD000676E616C732F41726475696E6F4A736F53
:108BE0006E2F7372632F41726475696E6F4A736F73
:108BF0006E2F4A736F6E2F54657874466F726D6175
:108C0000747465722E6870700000000041726475A3
:108C1000696E6F4A736F6E3A3A5637343248423251
:108C2000323A3A64657461696C3A3A656E61626CB5
:108C3000655F69665F743C2828626F6F6C294172BA
:108C40006475696E6F4A736F6E3A3A5637343248BC
:108C50004232323A3A64657461696C3A3A69735FD8
:108C6000756E7369676E65643C543E3A3A76616C22
:108C70007565292C20626F6F6C3E204172647569A6
:108C80006E6F4A736F6E3A3A563734324842323218
:108C90003A3A64657461696C3A3A56617269616E18
:108CA00074446174613A3A736574496E74656765BA
:108CB0007228542C2041726475696E6F4A736F6E0E
:108CC0003A3A56373432484232323A3A646574613D
:108CD000696C3A3A5265736F757263654D616E6186
:108CE0006765722A29205B776974682054203D20CB
:108CF0006C6F6E6720756E7369676E656420696E50
:108D0000743B2041726475696E6F4A736F6E3A3AB4
:108D100056373432484232323A3A64657461696C8B
:108D20003A3A656E61626C655F69665F743C2828DB
:108D3000626F6F6C2941726475696E6F4A736F6EF2
:108D40003A3A56373432484232323A3A64657461BC
:108D5000696C3A3A69735F756E7369676E65643CF6
:108D6000543E3A3A76616C7565292C20626F6F6CBF
:108D70003E203D20626F6F6C5D00000041726475A3
:108D8000696E6F4A736F6E3A3A56373432484232E0
:108D9000323A3A64657461696C3A3A656E61626C44
:108DA000655F69665F743C2828626F6F6C29417249
:108DB0006475696E6F4A736F6E3A3A56373432484B
:108DC0004232323A3A64657461696C3A3A69735F67
:108DD0007369676E65643C543E3A3A76616C7565BA
:108DE000292C20626F6F6C3E2041726475696E6F32
:108DF0004A736F6E3A3A56373432484232323A3A10
:108E000064657461696C3A3A56617269616E744462
:108E10006174613A3A736574496E74656765722866
:108E2000542C2041726475696E6F4A736F6E3A3AC2
:108E300056373432484232323A3A64657461696C6A
:108E40003A3A5265736F757263654D616E6167651D
:108E5000722A29205B776974682054203D20696E4E
:108E6000743B2041726475696E6F4A736F6E3A3A53
:108E700056373432484232323A3A64657461696C2A
:108E80003A3A656E61626C655F69665F743C28287A
:108E9000626F6F6C2941726475696E6F4A736F6E91
:108EA0003A3A56373432484232323A3A646574615B
:108EB000696C3A3A69735F7369676E65643C543EE6
:108EC0003A3A76616C7565292C20626F6F6C3E2092
:108ED0003D20626F6F6C5D00542041726475696E55
:108EE0006F4A736F6E3A3A56373432484232323AEA
:108EF0003A64657461696C3A3A56617269616E747C
:108F0000446174613A3A6173466C6F617428636FAF
:108F10006E73742041726475696E6F4A736F6E3A36
:108F20003A56373432484232323A3A6465746169AB
:108F30006C3A3A5265736F757263654D616E616725
:108F400065722A2920636F6E7374205B7769746879
:108F50002054203D20666C6F61745D006261740076
:108F60003E204261747465727920566F6C7461673B
:108F7000653A2043757272656E743A2025322E323E
:108F800066562032346872204156473A25322E32D6
:108F900066560A0065727200636C72003E2045726C
:108FA000726F727320436C65617265640A00000021
:108FB0003E204572726F7220436F64653A202564CB
:108FC000202D2025730A00003E204865616420257D
:108FD000643A2025630A00003E20496E70757420B3
:108FE00025643A2025733A25732025730A00000072
:108FF00072737369000000003E20526164696F2043
:10900000525353493A2025640A00000073797300D3
:1090100025730A006361700072656C0077616B658F
:1090200000000000457261736520436F6E666967DA
:109030000A000000525354004C4544004C45442063
:109040002025643A20486561643A202564200000A8
:109050004C45442025643A20486561643A202564E3
:10906000200000004E6F742055736564202D200091
:10907000477265656E202020202D2000416D6265BD
:1090800072202020202D20005265642020202020E6
:10909000202D2000426C756520202020202D2000EE
:1090A0004C756E6172202020202D200053686F7255
:1090B0007465640A000000004F70656E0A000000CD
:1090C0004F4B0A00777274003E20436F6E666967EB
:1090D000207772697474656E20746F20666C61739A
:1090E000680A00003E20436F6E66696720777269E8
:1090F0007474656E20746F2053440A003E20436FE1
:109100006E66696720777269746520746F205344B6
:10911000206661696C65640A0000000053455400D4
:1091200053657420486561642025642000000000B8
:109130004F4E00004F4E0A0044494D0044494D0A2D
:10914000000000004F4646004F46460A000000005F
:10915000475245454E000000475245454E0A000023
:10916000414D424552000000414D4245520A000027
:10917000524544005245440A000000004C554E41FF
:10918000520000004C554E41520A00004E4F4445DB
:10919000530000003E204E6F646573206865617265
:1091A0006420696E20746865206C617374203930A6
:1091B000206D696E757465733A0A000025642C2071
:1091C0000000000055504441544500003E205374B7
:1091D000617274696E67204669726D77617265208D
:1091E0005570646174652E2E2E0A00002C0D0A0045
:1091F0005B0D0A007B0D0A003A2000007D00000094
:109200007B7D0000766F69642041726475696E6FC2
:109210004A736F6E3A3A56373432484232323A3AEB
:1092200064657461696C3A3A56617269616E74443E
:109230006174613A3A736574526177537472696EFE
:10924000672841726475696E6F4A736F6E3A3A5659
:10925000373432484232323A3A53657269616C6946
:109260007A656456616C75653C543E2C204172648D
:1092700075696E6F4A736F6E3A3A563734324842A8
:1092800032323A3A64657461696C3A3A5265736F86
:10929000757263654D616E616765722A29205B771F
:1092A0006974682054203D20636F6E737420636876
:1092B00061722A5D0000000047313D204164647204
:1092C0006573732025640A0047323D20526574722D
:1092D0006965732025640A0047333D205265747226
:1092E000792054696D652025646D730A00000000C3
:1092F00047343D2044696D2054696D652025646DB7
:10930000696E0A0047353D20536C656570205469CD
:109310006D652025646D696E0A00000047363D20AA
:109320004C6F7720426174746572792025322E313A
:1093300066560A0047373D204C6F772042617474AF
:109340006572792052657365742025322E31665618
:109350000A00000047383D2042617474657279202C
:1093600053687574646F776E2025322E3166560A05
:109370000000000063746350726573656E740000D2
:1093800047393D204354432050726573656E742005
:1093900025640A004731303D204C4544204D6F6E16
:1093A00069746F72696E67204D6F64652025640A69
:1093B00000000000435443004F5645524C415900B1
:1093C0004731313D204D6F64652025730A00000050
:1093D0004731323D204177616B652050696E202511
:1093E000640A0000496E76616C69642041646A75A4
:1093F00073746D656E740A00445741524600000054
:10940000554E5553454400004825643D204865614C
:10941000642025642025730A000000004825643D6F
:1094200020486561642025642044657374696E6119
:1094300074696F6E5B25645D2025640A000000007E
:109440004825643D20486561642025642044696D99
:10945000204272696768746E6573732025640A0020
:109460004825643D20486561642025642052656C70
:10947000656173652054696D652025646D696E0AA8
:1094800000000000524742004825643D20486561C5
:1094900064202564205247420A0000004825643DAC
:1094A0002048656164202564204741520A0000007D
:1094B0004825643D20486561642025642052656428
:1094C0002050696E2025640A000000004825643D94
:1094D00020486561642025642052656420437572CC
:1094E00072656E742025646D410A00004825642071
:1094F000556E617661696C61626C650A00000000FE
:109500004825643D204865616420256420526564D7
:10951000204272696768746E6573732025640A005F
:109520004825643D204865616420256420426C75AF
:10953000652050696E2025640A0000004825643DBE
:10954000204865616420256420416D626572205069
:10955000696E2025640A00004825643D2048656145
:109560006420256420426C75652043757272656EB7
:10957000742025646D410A004825643D20486561DA
:109580006420256420416D626572204375727265A6
:109590006E742025646D410A000000004825643D7A
:1095A000204865616420256420416D626572204217
:1095B00072696768746E6573732025640A00000021
:1095C0004825643D20486561642025642047726514
:1095D000656E2050696E2025640A00004825643DB0
:1095E000204865616420256420477265656E2043CC
:1095F000757272656E742025646D410A000000006A
:109600004825643D204865616420256420477265D3
:10961000656E204272696768746E65737320256495
:109620000A0000004825643D2048656164202564E7
:10963000205265642052656C656173652044656CD9
:1096400061792025647365630A0000004825643D44
:1096500020486561642025642052656420522025DD
:10966000640A00004825643D204865616420256443
:109670002052656420472025640A00004825643D87
:1096800020486561642025642052656420422025BD
:10969000640A00004825643D204865616420256413
:1096A00020416D62657220522025640A000000008E
:1096B0004825643D204865616420256420416D6231
:1096C000657220472025640A000000004825643D9B
:1096D000204865616420256420416D6265722042E6
:1096E0002025640A000000004825643D204865618B
:1096F0006420256420477265656E20522025640A27
:10970000000000004825643D204865616420256410
:1097100020477265656E20472025640A000000001E
:109720004825643D204865616420256420477265B2
:10973000656E20422025640A000000004825643D33
:109740002048656164202564204C756E617220524A
:109750002025640A000000004825643D204865611A
:1097600064202564204C756E617220472025640AB0
:10977000000000004825643D2048656164202564A0
:10978000204C756E617220422025640A00000000A2
:109790004825643D20486561642025642044776144
:1097A0007266204C6F63616C20486561642025649B
:1097B0000A000000756E7573656400004925643DFC
:1097C00020496E7075742025642025730A000000FE
:1097D0004925643D20496E707574202564204865D4
:1097E000616420313D2025640A0000004925642081
:1097F000556E617661696C61626C650A00000000FB
:1098000068656164300000004925643D20496E7040
:10981000757420256420486561643D2025640A0034
:109820004925643D20496E70757420256420486583
:10983000616420323D2025640A0000004925643D12
:1098400020496E707574202564205475726E6F7592
:10985000743D2025640A0000446573743A20256431
:1098600020434D443A2025640A0000007265736F5E
:10987000757263657320213D206E756C6C70747217
:1098800000000000626F6F6C2041726475696E6F3A
:109890004A736F6E3A3A56373432484232323A3A65
:1098A00064657461696C3A3A4172726179446174B9
:1098B000613A3A61646456616C756528636F6E73D2
:1098C000742054262C2041726475696E6F4A736F40
:1098D0006E3A3A56373432484232323A3A64657414
:1098E00061696C3A3A5265736F757263654D616E6A
:1098F000616765722A29205B776974682054203D6E
:109900002041726475696E6F4A736F6E3A3A5637CA
:109910003432484232323A3A4A736F6E5661726953
:10992000616E74436F6E73745D0000002F55736534
:1099300072732F746C6561766974742F7069636FCC
:109940002F70726F6A656374732F7069636F5369E8
:10995000676E616C732F41726475696E6F4A736FC5
:109960006E2F7372632F41726475696E6F4A736FE5
:109970006E2F41727261792F4172726179496D70F7
:109980006C2E687070000000556E75736564202041
:10999000000000005475726E6F757420436170741E
:1099A000757265200000000052656C65617365206A
:1099B000000000005475726E6F7574200000000086
:1099C0004F76726C61792047000000004F76726C10
:1099D00061792041000000004F76726C617920525D
:1099E000000000004E6F204572726F72730000001D
:1099F0004C6F772042617474657279005344204D36
:109A00006F756E74204661696C656400436F6E66A5
:109A100069672052656164204661696C6564000075
:109A2000436F6E6669672042616400005472616E24
:109A3000736D697373696F6E204661696C00000015
:109A40005761746368646F67204F63637572656400
:109A500000000000706172746E6572006F7665724E
:109A60006C61795461736B004F7665726C6179201B
:109A700048656164202564205461736B20496E69D8
:109A80007469616C697A65640A00000052464D3958
:109A900035204341442054696D656F7574207469A5
:109AA0006D653A20256C6C640A00000052464D3901
:109AB00035204552524F52204652455155454E434E
:109AC00059204D49534D4154434821206D73622024
:109AD00030782578206373622030782578206C7385
:109AE0006220307825780A0052464D39352045727B
:109AF000726F72212030783031203D203078257807
:109B00000A00000052464D393520307830313A2075
:109B1000307825780A0000004D6F64652046617535
:109B20006C742020204D6F6465203D2025640A0060
:109B3000434144204661756C740000002128726125
:109B4000775F6972715F6D61736B5B6765745F638B
:109B50006F72655F6E756D28295D202620677069BC
:109B60006F5F6D61736B29002F55736572732F746E
:109B70006C6561766974742F2E7069636F2D7364E0
:109B80006B2F73646B2F322E312E312F7372632F34
:109B90007270325F636F6D6D6F6E2F686172647784
:109BA0006172655F6770696F2F6770696F2E630000
:109BB00021656E61626C6564207C7C206972715FD6
:109BC0006861735F68616E646C657228494F5F49B4
:109BD00052515F42414E4B30290000006D616E755D
:109BE0006661637475726572203D3D204D414E552E
:109BF00046414354555245525F52504900000000BF
:109C00002F55736572732F746C6561766974742F48
:109C10002E7069636F2D73646B2F73646B2F322EFC
:109C2000312E312F7372632F7270323034302F70B7
:109C300069636F5F706C6174666F726D2F706C61B9
:109C400074666F726D2E630070617274203D3D20EA
:109C5000504152545F525032000000000A2A2A2A12
:109C60002050414E4943202A2A2A0A006E6F742050
:109C7000737570706F727465640000004E6F2073AE
:109C800070696E6C6F636B732061726520617661C1
:109C9000696C61626C65000030783163203D3D2065
:109CA000282A696E7374293E3E3131750000000028
:109CB0002F55736572732F746C6561766974742F98
:109CC0002E7069636F2D73646B2F73646B2F322E4C
:109CD000312E312F7372632F7270325F636F6D6D2F
:109CE0006F6E2F68617264776172655F6972712F40
:109CF0006972712E6300000064656C7461203E3DE2
:109D0000202D323034382026262064656C74612082
:109D10003C3D203230343620262620212864656CD4
:109D20007461202620312900212864656C7461202B
:109D30003E3E20313175290063757272656E742064
:109D40003D3D205F5F756E68616E646C65645F7534
:109D50007365725F697271207C7C206375727265B5
:109D60006E74203D3D2068616E646C657200000079
:109D70006972715F68616E646C65725F6368616966
:109D80006E5F667265655F736C6F745F6865616452
:109D9000203E3D2030000000767461626C655F6893
:109DA000616E646C6572203D3D205F5F756E686119
:109DB0006E646C65645F757365725F6972710000D3
:109DC000212828282875696E747074725F7429724E
:109DD000656D6F76655F7468756D625F6269742822
:109DE000767461626C655F68616E646C6572292966
:109DF000202D20282875696E747074725F7429692B
:109E000072715F68616E646C65725F636861696ED0
:109E10005F736C6F7473292920252073697A656FCD
:109E20006628737472756374206972715F68616EFD
:109E3000646C65725F636861696E5F736C6F7429CF
:109E40002900000021657863657074696F6E207C5D
:109E50007C20657863657074696F6E203D3D206E6F
:109E6000756D202B20565441424C455F4649525354
:109E7000545F49525100000069735F7368617265F5
:109E8000645F6972715F7261775F68616E646C654F
:109E90007228736C6F745F68616E646C6572290000
:109EA000657863657074696F6E000000666F756E2B
:109EB000640000004E6F2075736572204952517323
:109EC0002061726520617661696C61626C65000079
:109ED0007065726D697473203E3D20302026262007
:109EE0007065726D697473203C3D2073656D2D3E05
:109EF0006D61785F7065726D697473002F5573655D
:109F000072732F746C6561766974742F2E70696337
:109F10006F2D73646B2F73646B2F322E312E312FA4
:109F20007372632F636F6D6D6F6E2F7069636F5FF8
:109F300073796E632F73656D2E63000031203D3D94
:109F4000202875696E747074725F74296C2D3E736D
:109F500070696E5F6C6F636B000000002F55736556
:109F600072732F746C6561766974742F2E706963D7
:109F70006F2D73646B2F73646B2F322E312E312F44
:109F80007372632F636F6D6D6F6E2F7069636F5F98
:109F900073796E632F6D757465782E630000000011
:109FA000746F74616C0000006D74782D3E636F7285
:109FB000652E7370696E5F6C6F636B006C6F636BA3
:109FC0005F69735F6F776E65725F69645F76616CFE
:109FD0006964286D74782D3E6F776E657229000074
:109FE0006D74782D3E656E7465725F636F756E7407
:109FF00000000000706F6F6C2D3E74696D65725FBC
:10A00000616C61726D5F6E756D203D3D2074696D90
:10A0100065725F616C61726D5F6E756D000000004E
:10A020002F55736572732F746C6561766974742F24
:10A030002E7069636F2D73646B2F73646B2F322ED8
:10A04000312E312F7372632F636F6D6D6F6E2F70B2
:10A0500069636F5F74696D652F74696D652E630048
:10A0600064656661756C745F616C61726D5F706F61
:10A070006F6C5F696E697469616C697A65642829BF
:10A0800000000000417474656D7074656420746F25
:10A0900020736C65657020696E73696465206F66F6
:10A0A00020616E20657863657074696F6E206861E9
:10A0B0006E646C65723B2075736520627573795FA1
:10A0C0007761697420696620796F75206D75737486
:10A0D00000000000486172647761726520616C6104
:10A0E000726D20256420616C726561647920636CF7
:10A0F00061696D656400000076636F5F667265710B
:10A10000203E3D205049434F5F504C4C5F56434FDB
:10A110005F4D494E5F465245515F485A20262620E2
:10A1200076636F5F66726571203C3D205049434FF6
:10A130005F504C4C5F56434F5F4D41585F46524510
:10A14000515F485A000000002F55736572732F74D9
:10A150006C6561766974742F2E7069636F2D7364FA
:10A160006B2F73646B2F322E312E312F7372632F4E
:10A170007270325F636F6D6D6F6E2F68617264779E
:10A180006172655F706C6C2F706C6C2E63000000E8
:10A190006662646976203E3D2031362026262066A0
:10A1A00062646976203C3D203332300028706F7342
:10A1B000745F64697631203E3D2031202626207070
:10A1C0006F73745F64697631203C3D203729202607
:10A1D000262028706F73745F64697632203E3D20BC
:10A1E0003120262620706F73745F64697632203CBC
:10A1F0003D203729000000007265665F6672657158
:10A20000203C3D202876636F5F66726571202F20A9
:10A21000313629002F55736572732F746C65617622
:10A220006974742F2E7069636F2D73646B2F736460
:10A230006B2F322E312E312F7372632F7270325F7B
:10A24000636F6D6D6F6E2F7069636F5F666C6173A6
:10A25000682F666C6173682E630000002A282875D9
:10A26000696E74385F74202A29282828766F6964FB
:10A27000202A29726F6D5F7461626C655F666C6F16
:10A280006174292D322929202A2034203E3D205373
:10A29000465F5441424C455F56325F53495A450030
:10A2A0002F55736572732F746C6561766974742FA2
:10A2B0002E7069636F2D73646B2F73646B2F322E56
:10A2C000312E312F7372632F7270325F636F6D6D39
:10A2D0006F6E2F7069636F5F646F75626C652F645A
:10A2E0006F75626C655F696E69745F726F6D5F72C6
:10A2F00070323034302E63002A282875696E743825
:10A300005F74202A29726F6D5F7461626C652D32F3
:10A3100029202A2034203E3D2053465F5441424CA0
:10A32000455F56325F53495A450000002F5573650B
:10A3300072732F746C6561766974742F2E70696303
:10A340006F2D73646B2F73646B2F322E312E312F70
:10A350007372632F7270325F636F6D6D6F6E2F70EB
:10A3600069636F5F666C6F61742F666C6F61745F99
:10A37000696E69745F726F6D5F7270323034302E47
:10A38000630000004F7574206F66206D656D6F72FD
:10A39000790000004465627567000000626F6F74A9
:10A3A000325F77323571303830000000322E312E76
:10A3B000310000007069636F000000007069636F16
:10A3C0005369676E616C73004E6F762032372032AE
:10A3D00030323500666E692B00000000666E690041
:10A3E0006E616E00666E692D000000002C2066759F
:10A3F0006E6374696F6E3A200000000061737365CC
:10A400007274696F6E2022257322206661696C6503
:10A41000643A2066696C6520222573222C206C69C1
:10A420006E65202564257325730A000072630000A1
:10A430002F55736572732F746C6561766974742F10
:10A440002E7069636F2D73646B2F73646B2F322EC4
:10A45000312E312F7372632F7270325F636F6D6DA7
:10A460006F6E2F7069636F5F737464696F2F73749D
:10A4700064696F2E63000000554152542073746468
:10A48000696E000055415254207374646F757400F6
:10A490005541525420737464696E202F2073746484
:10A4A0006F7574002F55736572732F746C656176C8
:10A4B0006974742F2E7069636F2D73646B2F7364CE
:10A4C0006B2F322E312E312F7372632F7270325FE9
:10A4D000636F6D6D6F6E2F7069636F5F7374646906
:10A4E0006F5F7573622F737464696F5F7573622E2B
:10A4F0006300000055534220737464696E202F205E
:10A500007374646F75740000526173706265727267
:10A5100079205069000000005069636F000000005E
:10A52000426F6172642043444300000052657365CA
:10A53000740000006C656E203E2030002F5573655E
:10A5400072732F746C6561766974742F2E706963F1
:10A550006F2D73646B2F73646B2F322E312E312F5E
:10A560007372632F7270325F636F6D6D6F6E2F70D9
:10A5700069636F5F756E697175655F69642F756E6C
:10A58000697175655F69642E63000000666C6173B4
:10A59000685F6F666673202B20636F756E74203C56
:10A5A0003D205049434F5F464C4153485F53495A01
:10A5B000455F4259544553002F55736572732F748C
:10A5C0006C6561766974742F2E7069636F2D736486
:10A5D0006B2F73646B2F322E312E312F7372632FDA
:10A5E0007270325F636F6D6D6F6E2F68617264772A
:10A5F0006172655F666C6173682F666C6173682E4B
:10A6000063000000636F6E6E6563745F696E7465EE
:10A61000726E616C5F666C6173685F66756E6320F5
:10A62000262620666C6173685F657869745F786957
:10A63000705F66756E6320262620666C6173685FA6
:10A6400072616E67655F65726173655F66756E6383
:10A6500020262620666C6173685F666C7573685F80
:10A6600063616368655F66756E630000636F6E6E3D
:10A670006563745F696E7465726E616C5F666C6150
:10A6800073685F66756E6320262620666C6173684A
:10A690005F657869745F7869705F66756E632026A0
:10A6A0002620666C6173685F72616E67655F7072A9
:10A6B0006F6772616D5F66756E6320262620666C1B
:10A6C0006173685F666C7573685F63616368655F1B
:10A6D00066756E6300000000636F6E6E6563745F85
:10A6E000696E7465726E616C5F666C6173685F66DB
:10A6F000756E6320262620666C6173685F657869D5
:10A70000745F7869705F66756E6320262620666CBC
:10A710006173685F666C7573685F63616368655FCA
:10A7200066756E63000000006E6578745F62756622
:10A730006665725F707472203C207573625F64702E
:10A7400072616D2D3E6570785F64617461202B20AD
:10A7500073697A656F66287573625F647072616D84
:10A760002D3E6570785F6461746129002F557365B3
:10A7700072732F746C6561766974742F2E706963BF
:10A780006F2D73646B2F73646B2F322E312E312F2C
:10A790006C69622F74696E797573622F7372632F9F
:10A7A000706F727461626C652F7261737062657232
:10A7B000727970692F7270323034302F6463645F45
:10A7C0007270323034302E6300000000556E6861C4
:10A7D0006E646C65642049525120307825780A00F7
:10A7E0007268706F7274203D3D20300021286275C0
:10A7F000665F6374726C2026205553425F42554653
:10A800005F4354524C5F46554C4C29002F5573659D
:10A8100072732F746C6561766974742F2E7069631E
:10A820006F2D73646B2F73646B2F322E312E312F8B
:10A830006C69622F74696E797573622F7372632FFE
:10A84000706F727461626C652F7261737062657291
:10A85000727970692F7270323034302F72703230EA
:10A8600034305F7573622E63000000006275665FAE
:10A870006374726C2026205553425F4255465F43F5
:10A8800054524C5F46554C4C00000000657020252A
:10A890003032582077617320616C72656164792071
:10A8A000617661696C61626C6500000043616E27CE
:10A8B0007420636F6E74696E7565207866657220AA
:10A8C0006F6E20696E6163746976652065702025FE
:10A8D000303258005741524E3A2073746172746995
:10A8E0006E67206E6577207472616E736665722084
:10A8F0006F6E20616C726561647920616374697642
:10A900006520657020253032580D0A0025732025FA
:10A91000643A20415353455254204641494C4544E2
:10A920000D0A00007364615F74785F686F6C645F28
:10A93000636F756E74203C3D206C636E74202D2017
:10A94000320000002F55736572732F746C65617649
:10A950006974742F2E7069636F2D73646B2F736429
:10A960006B2F322E312E312F7372632F7270325F44
:10A97000636F6D6D6F6E2F68617264776172655F72
:10A980006932632F6932632E6300000068616E6470
:10A990006C6572203D3D2063757272656E74207C1B
:10A9A0007C20657863657074696F6E5F69735F633F
:10A9B0006F6D70696C655F74696D655F6465666114
:10A9C000756C742863757272656E742900000000DE
:10A9D0002F55736572732F746C6561766974742F6B
:10A9E0002E7069636F2D73646B2F73646B2F322E1F
:10A9F000312E312F7372632F7270325F636F6D6D02
:10AA00006F6E2F68617264776172655F65786365E8
:10AA10007074696F6E2F657863657074696F6E2EE0
:10AA20006300000030203D3D2031303030554C0077
:10AA30002F55736572732F746C6561766974742F0A
:10AA40007069636F2F70726F6A656374732F7069BA
:10AA5000636F5369676E616C732F467265655254FC
:10AA60004F532D4B65726E656C2F706F72746162FF
:10AA70006C652F546869726450617274792F474312
:10AA8000432F5250323034302F706F72742E630067
:10AA90007578437269746963616C4E657374696E2D
:10AAA000670000002128207B2075696E7433325FB7
:10AAB0007420756C495053523B205F5F61736D2069
:10AAC000766F6C6174696C65202820226D7273202A
:10AAD00025302C204950535222203A20223D722208
:10AAE000202820756C4950535220293A3A293B209E
:10AAF0002820282075696E74385F74202920756CB1
:10AB0000495053522029203E20303B207D202900EF
:10AB100070784C6F636B2D3E7370696E5F6C6F6302
:10AB20006B000000784576656E7447726F75700033
:10AB30002F55736572732F746C6561766974742F09
:10AB40007069636F2F70726F6A656374732F7069B9
:10AB5000636F5369676E616C732F467265655254FB
:10AB60004F532D4B65726E656C2F6576656E745F05
:10AB700067726F7570732E6300000000282075786F
:10AB800042697473546F57616974466F722026204E
:10AB90002820282075696E7433325F742029203094
:10ABA0007866663030303030305520292029203DFD
:10ABB0003D203000757842697473546F5761697431
:10ABC000466F7220213D20300000000021282028FF
:10ABD00020785461736B4765745363686564756C62
:10ABE000657253746174652829203D3D2028202812
:10ABF0002042617365547970655F7420292030208C
:10AC0000292029202626202820785469636B735434
:10AC10006F5761697420213D2030202920290000D0
:10AC20002820757842697473546F53657420262008
:10AC30002820282075696E7433325F7420292030F3
:10AC40007866663030303030305520292029203D5C
:10AC50003D20300070785175657565536574436F9C
:10AC60006E7461696E6572002F55736572732F740F
:10AC70006C6561766974742F7069636F2F70726F81
:10AC80006A656374732F7069636F5369676E616C73
:10AC9000732F4672656552544F532D4B65726E6526
:10ACA0006C2F71756575652E6300000070785175A5
:10ACB000657565536574436F6E7461696E65722D59
:10ACC0003E75784D65737361676573576169746923
:10ACD0006E67203C207078517565756553657443C7
:10ACE0006F6E7461696E65722D3E75784C656E6726
:10ACF0007468000028206354784C6F636B2029200F
:10AD0000213D2028202820696E74385F7420292076
:10AD10003132372029000000707851756575650063
:10AD20007852657475726E20213D202820282028D5
:10AD30002042617365547970655F7420292030204A
:10AD40002920290070784E6577517565756500007A
:10AD5000212820282070764974656D546F517565DF
:10AD60007565203D3D202828766F6964202A2930AA
:10AD700029202920262620282070785175657565A0
:10AD80002D3E75784974656D53697A6520213D20A3
:10AD900028205542617365547970655F74202920BD
:10ADA0003055202920290000212820282078436FB1
:10ADB0007079506F736974696F6E203D3D20282053
:10ADC000282042617365547970655F7420292032B0
:10ADD0002029202920262620282070785175657585
:10ADE000652D3E75784C656E67746820213D203175
:10ADF0002029202900000000707851756575652DA7
:10AE00003E75784974656D53697A65203D3D203003
:10AE10000000000021282028207078517565756594
:10AE20002D3E706348656164203D3D202828766F83
:10AE30006964202A293029202920262620282070EC
:10AE40007851756575652D3E752E7853656D617009
:10AE5000686F72652E784D75746578486F6C64659F
:10AE60007220213D202828766F6964202A29302904
:10AE70002029202900000000282070785175657570
:10AE80006520290021282028202820707642756618
:10AE90006665722029203D3D202828766F69642050
:10AEA0002A293029202920262620282028207078A9
:10AEB000517565756520292D3E75784974656D530A
:10AEC000697A6520213D20282055426173655479B7
:10AED00070655F742029203055202920290000004A
:10AEE00021282028207076427566666572203D3DD7
:10AEF000202828766F6964202A29302920292026D5
:10AF000026202820707851756575652D3E75784925
:10AF100074656D53697A6520213D20282055426172
:10AF20007365547970655F7420292030552029207D
:10AF30002900000028206352784C6F636B20292081
:10AF4000213D2028202820696E74385F7420292034
:10AF50003132372029000000785175657565000091
:10AF6000785461736B0000002F55736572732F74F2
:10AF70006C6561766974742F7069636F2F70726F7E
:10AF80006A656374732F7069636F5369676E616C70
:10AF9000732F4672656552544F532D4B65726E6523
:10AFA0006C2F7461736B732E6300000075785072A0
:10AFB000696F72697479203C2033320049444C45F2
:10AFC0000000000075785363686564756C657253A2
:10AFD000757370656E646564203D3D20300000002F
:10AFE000707854434200000075784E65775072695E
:10AFF0006F72697479203C20333200007854617399
:10B000006B546F526573756D6500000078526574FE
:10B0100075726E20213D2028202D3120290000004E
:10B020002820282028202820707844656C617965C4
:10B03000645461736B4C69737420292D3E75784E8E
:10B04000756D6265724F664974656D73203D3D2074
:10B0500028205542617365547970655F74202920FA
:10B06000302029203F202820282042617365547910
:10B0700070655F74202920312029203A202820285B
:10B080002042617365547970655F742029203020F7
:10B0900029202920290000007578536368656475AC
:10B0A0006C657253757370656E64656420213D2014
:10B0B00030550000707850726576696F757357610E
:10B0C0006B6554696D65000028207854696D654989
:10B0D0006E6372656D656E74203E203055202900C8
:10B0E00075785363686564756C65725375737065C4
:10B0F0006E646564203D3D20315500007578546FC5
:10B10000705072696F7269747900000070784576CA
:10B11000656E744C69737400757853636865647503
:10B120006C657253757370656E64656420213D2093
:10B1300028205542617365547970655F7420292019
:10B14000305500007078556E626C6F636B656454A7
:10B1500043420000707854696D654F7574000000BB
:10B1600070785469636B73546F57616974000000A1
:10B170007078544342203D3D20707843757272656B
:10B180006E7454434200000070785443422D3E7563
:10B19000784D75746578657348656C6400000000CF
:10B1A000707854434220213D207078437572726557
:10B1B0006E74544342000000092563092575092572
:10B1C000750925750D0A00007578496E6465785417
:10B1D0006F576169744F6E203C2031007578496E5D
:10B1E000646578546F4E6F74696679203C20310035
:10B1F000785461736B546F4E6F7469667900000008
:10B20000785469636B436F756E74203D3D20282030
:10B210005469636B547970655F7420292030000095
:10B220002820282026282070785443422D3E784537
:10B2300076656E744C6973744974656D2029202994
:10B240002D3E7078436F6E7461696E65722029209F
:10B250003D3D202828766F6964202A293029000086
:10B260002820707854696D65722D3E7854696D653B
:10B2700072506572696F64496E5469636B73203EE6
:10B2800020302029000000002F55736572732F7441
:10B290006C6561766974742F7069636F2F70726F5B
:10B2A0006A656374732F7069636F5369676E616C4D
:10B2B000732F4672656552544F532D4B65726E6500
:10B2C0006C2F74696D6572732E630000546D72513A
:10B2D00000000000546D722053766300785265744C
:10B2E00075726E00216C6F636B6F75745F696E5F52
:10B2F00070726F6772657373000000002F5573657D
:10B3000072732F746C6561766974742F2E70696323
:10B310006F2D73646B2F73646B2F322E312E312F90
:10B320007372632F7270325F636F6D6D6F6E2F700B
:10B3300069636F5F6D756C7469636F72652F6D758E
:10B340006C7469636F72652E630000006D757465BF
:10B35000785F69735F696E697469616C697A656445
:10B3600028266C6F636B6F75745F6D7574657829D3
:10B37000000000006C6F636B6F75745F696E5F70C7
:10B38000726F6772657373002820282075696E7468
:10B39000385F74202A20292028207078497465722B
:10B3A00061746F722029203E3D2026282075634855
:10B3B0006561705B2030205D202920292026262011
:10B3C0002820282075696E74385F74202A2029206F
:10B3D000282070784974657261746F722029203C4E
:10B3E0003D202628207563486561705B2028313533
:10B3F000302A3130323429202D2031205D2029207F
:10B40000290000002F55736572732F746C65617687
:10B410006974742F7069636F2F70726F6A656374DB
:10B42000732F7069636F5369676E616C732F467217
:10B43000656552544F532D4B65726E656C2F706F5E
:10B44000727461626C652F4D656D4D616E672F681A
:10B450006561705F342E63002820282075696E7442
:10B46000385F74202A20292028207078426C6F636E
:10B470006B2029203E3D2026282075634865617099
:10B480005B2030205D202920292026262028202806
:10B490002075696E74385F74202A20292028207056
:10B4A00078426C6F636B2029203C3D202628207554
:10B4B00063486561705B20283135302A3130323481
:10B4C00029202D2031205D20292029002820282016
:10B4D00075696E74385F74202A20292028207076C0
:10B4E00052657475726E2029203E3D2026282075F5
:10B4F00063486561705B2030205D2029202920266B
:10B5000026202820282075696E74385F74202A2030
:10B5100029202820707652657475726E2029203C8F
:10B520003D202628207563486561705B20283135F1
:10B53000302A3130323429202D2031205D2029203D
:10B5400029000000282028207078426C6F636B2D42
:10B550003E78426C6F636B53697A652029203C20EA
:10B5600028207857616E74656453697A65202920B4
:10B5700029203D3D20300000282028202820736904
:10B580007A655F7420292070784E6577426C6F630E
:10B590006B4C696E6B2029202620282030783030B3
:10B5A000303720292029203D3D2030002820282028
:10B5B000282073697A655F7420292070765265743B
:10B5C00075726E2029202620282073697A655F74A1
:10B5D0002029202820307830303037202920292099
:10B5E0003D3D2030000000002820282075696E7441
:10B5F000385F74202A202920282070784C696E6BCF
:10B600002029203E3D202628207563486561705B17
:10B610002030205D202920292026262028202820AF
:10B6200075696E74385F74202A202920282070786C
:10B630004C696E6B2029203C3D20262820756348EC
:10B640006561705B20283135302A31303234292051
:10B650002D2031205D2029202900000028202820CD
:10B66000282070784C696E6B2D3E78426C6F636B4E
:10B6700053697A6520292026202820282028207335
:10B68000697A655F74202920312029203C3C2028DC
:10B6900020282073697A656F66282073697A655F50
:10B6A000742029202A202820282073697A655F7455
:10B6B0002029203820292029202D20312029202927
:10B6C000202920213D2030202920213D203000004C
:10B6D00070784C696E6B2D3E70784E65787446724A
:10B6E0006565426C6F636B203D3D202828766F694D
:10B6F00064202A2930290000EB76904558464154B1
:10B700002020200046415433322020200000000039
:10B710002A3A3C3E7C223F7F000000002B2C3B3D20
:10B720005B5D000073756363657373002F5573650C
:10B7300072732F746C6561766974742F7069636FAE
:10B740002F70726F6A656374732F7069636F5369CA
:10B75000676E616C732F46617446735F5350492F57
:10B7600073645F6472697665722F73645F73706966
:10B770002E630000636861696E5F746F203C3D203A
:10B780004E554D5F444D415F4348414E4E454C53ED
:10B79000000000002F55736572732F746C6561761D
:10B7A0006974742F2E7069636F2D73646B2F7364CB
:10B7B0006B2F322E312E312F7372632F7270325FE6
:10B7C000636F6D6D6F6E2F68617264776172655F14
:10B7D000646D612F696E636C7564652F6861726456
:10B7E000776172652F646D612E6800006472657107
:10B7F000203C3D20445245515F464F524345000096
:10B8000021646D615F6368616E6E656C5F69735F13
:10B8100062757379287370695F702D3E72785F640A
:10B820006D6129002F55736572732F746C65617695
:10B830006974742F7069636F2F70726F6A656374B7
:10B84000732F7069636F5369676E616C732F466104
:10B850007446735F5350492F73645F6472697665F1
:10B86000722F7370692E63002173656D5F6176615D
:10B87000696C61626C6528267370695F702D3E7318
:10B88000656D29006F6B00007478207C7C207278D5
:10B890000000000021646D615F6368616E6E656C1D
:10B8A0005F6765745F697271305F7374617475731B
:10B8B000287370695F702D3E72785F646D61290036
:10B8C00021646D615F6368616E6E656C5F6765744E
:10B8D0005F697271315F7374617475732873706915
:10B8E0005F702D3E72785F646D6129004E6F7469E0
:10B8F0006669636174696F6E207761697420746929
:10B900006D6564206F757420696E2025730A0000D0
:10B9100021646D615F6368616E6E656C5F69735F02
:10B9200062757379287370695F702D3E74785F64F7
:10B930006D6129006D757465785F69735F696E6903
:10B940007469616C697A656428267370695F702D0B
:10B950003E6D7574657829006D757465785F6973DF
:10B960005F696E697469616C697A656428267053D1
:10B97000442D3E6D75746578290000002F55736560
:10B9800072732F746C6561766974742F7069636F5C
:10B990002F70726F6A656374732F7069636F536978
:10B9A000676E616C732F46617446735F5350492F05
:10B9B00073645F6472697665722F73645F6361722A
:10B9C000642E63002573206661696C65640D0A004E
:10B9D00025733A25643A2043617264206E6F7420A7
:10B9E0007265616479207965740D0A004E6F20726A
:10B9F0006573706F6E736520434D443A25640D0A7C
:10BA0000000000004E6F20726573706F6E736520CA
:10BA1000434D443A256420726573706F6E73653AC6
:10BA2000203078256C780D0A000000004352432036
:10BA30006572726F7220434D443A256420726573BB
:10BA4000706F6E7365203078256C780D0A000000E9
:10BA5000496C6C6567616C20636F6D6D616E64200D
:10BA6000434D443A256420726573706F6E73652090
:10BA70003078256C780D0A0056322D566572736940
:10BA80006F6E20436172640D0A00000052332F5222
:10BA9000373A203078256C780D0A000052323A206F
:10BAA0003078256C780D0A00436172642069732038
:10BAB0004C6F636B656420202020202020202020F4
:10BAC0002020202020202020202020202020200D89
:10BAD0000A000000575020457261736520536B695E
:10BAE000702C204C6F636B2F556E6C6F636B204313
:10BAF0006D64204661696C656420200D0A000000B9
:10BB00004572726F722020202020202020202020CB
:10BB10002020202020202020202020202020202025
:10BB2000202020202020200D0A0000004343204533
:10BB300072726F72202020202020202020202020C0
:10BB400020202020202020202020202020202020F5
:10BB50002020200D0A000000436172642045434309
:10BB6000204661696C656420202020202020202050
:10BB70002020202020202020202020202020200DD8
:10BB80000A00000057502056696F6C6174696F6E2F
:10BB900020202020202020202020202020202020A5
:10BBA00020202020202020202020200D0A0000001E
:10BBB000457261736520506172616D2020202020E4
:10BBC0002020202020202020202020202020202075
:10BBD000202020202020200D0A0000004F75742016
:10BBE0006F662052616E67652C204353445F4F7629
:10BBF0006572777269746520202020202020202023
:10BC00002020200D0A000000496E2049646C652048
:10BC100053746174652020202020202020202020C3
:10BC20002020202020202020202020202020200D27
:10BC30000A000000457261736520526573657420C7
:10BC400020202020202020202020202020202020F4
:10BC500020202020202020202020200D0A0000006D
:10BC6000496C6C6567616C20436F6D6D616E64201B
:10BC700020202020202020202020202020202020C4
:10BC8000202020202020200D0A000000436F6D207E
:10BC9000435243204572726F7220202020202020C2
:10BCA0002020202020202020202020202020202094
:10BCB0002020200D0A000000457261736520536545
:10BCC0007175656E6365204572726F722020202049
:10BCD0002020202020202020202020202020200D77
:10BCE0000A00000041646472657373204572726FCC
:10BCF00072202020202020202020202020202020F2
:10BD000020202020202020202020200D0A000000BC
:10BD1000506172616D65746572204572726F722038
:10BD20002020202020202020202020202020202013
:10BD3000202020202020200D0A000000434D443800
:10BD4000205061747465726E206D69736D617463E7
:10BD500068203078256C78203A203078256C780D72
:10BD60000A00000073645F776169745F746F6B65CC
:10BD70006E3A2074696D656F75740D0A00000000DD
:10BD800025733A256420526561642074696D656F7E
:10BD900075740D0A000000005F726561645F62796E
:10BDA0007465733A20496E76616C6964204352432E
:10BDB000207265636569766564203078256878202F
:10BDC000726573756C74206F6620636F6D70757427
:10BDD0006174696F6E2030782568780D0A00000064
:10BDE0004469646E277420676574206120726573EE
:10BDF000706F6E73652066726F6D20746865206465
:10BE000069736B0D0A000000436F756C646E2774D4
:10BE100020726561642063736420726573706F6E55
:10BE200073652066726F6D206469736B0D0A000084
:10BE30005374616E646172642043617061636974FC
:10BE4000793A20635F73697A653A20256C750D0A2B
:10BE500000000000536563746F72733A20307825D8
:10BE60006C6C78203A20256C6C750D0A000000007F
:10BE700043617061636974793A203078256C6C781D
:10BE8000203A20256C6C75204D420D0A0000000000
:10BE9000534448432F5344584320436172643A202B
:10BEA00068635F635F73697A653A20256C750D0A74
:10BEB00000000000536563746F72733A2025386C7C
:10BEC0006C750D0A0000000043617061636974794C
:10BED0003A2025386C6C75204D420D0A0000000098
:10BEE0004353442073747275637420756E73757058
:10BEF000706F727465640D0A0000000021224353C4
:10BF0000442073747275637420756E737570706FEE
:10BF1000727465645C725C6E2200000025733A20C6
:10BF2000496E76616C696420435243207265636593
:10BF30006976656420307825687820726573756C41
:10BF400074206F6620636F6D7075746174696F6EB5
:10BF50002030782568780D0A0000000072657400B2
:10BF600053696E676C6520426C6F636B2057726912
:10BF70007465206661696C65643A203078257820A4
:10BF80000D0A00004D756C7469706C6520426C6F11
:10BF9000636B205772697465206661696C65643AE9
:10BFA00020307825780D0A004E6F206469736B2C61
:10BFB000206F7220636F756C64206E6F74207075D3
:10BFC00074205344206361726420696E20746F2072
:10BFD0005350492069646C652073746174650D0A5F
:10BFE0000000000054696D656F7574207761697495
:10BFF000696E6720666F7220636172640D0A0000CB
:10C000004361726420496E697469616C697A656420
:10C010003A204869676820436170616369747920D8
:10C02000436172640D0A00004361726420496E69C5
:10C030007469616C697A65643A205374616E6461F5
:10C040007264204361706163697479204361726432
:10C050003A2056657273696F6E20322E780D0A0091
:10C060004361726420496E697469616C697A6564C0
:10C070003A2056657273696F6E20312E78204361C5
:10C0800072640D0A000000004E6F2053442063616B
:10C090007264206465746563746564210D0000003A
:10C0A0004661696C656420746F20696E69746961AA
:10C0B0006C697A6520636172640D0A0053442063E1
:10C0C00061726420696E697469616C697A65640D76
:10C0D0000A00000053657420256C752D6279746523
:10C0E00020626C6F636B2074696D6564206F75747A
:10C0F0000D0A0000617373657274696F6E202225EA
:10C100007322206661696C65643A2066696C6520FB
:10C11000222573222C206C696E652025642C2066F4
:10C12000756E6374696F6E3A2025730A0000000013
:10C130004E6F20444D41206368616E6E656C7320C4
:10C1400061726520617661696C61626C65000000F6
:10C150002E0000006E660000696E697479000000B0
:10C16000616E00004C435F434F4C4C41544500000E
:10C170004C435F4354595045000000004C435F4D11
:10C180004F4E4554415259004C435F4E554D455218
:10C19000494300004C435F54494D45004C435F4DBB
:10C1A000455353414745530042616C6C6F632073A4
:10C1B0007563636565646564000000002F566F6CED
:10C1C000756D65732F646174612F6A656E6B696E3E
:10C1D000732F776F726B73706163652F474E552DA8
:10C1E000746F6F6C636861696E2F61726D2D31348D
:10C1F0002F7372632F6E65776C69622D6379677731
:10C20000696E2F6E65776C69622F6C6962632F733C
:10C2100074646C69622F6764746F612D67657468FC
:10C2200065782E63000000002F566F6C756D657386
:10C230002F646174612F6A656E6B696E732F776FFF
:10C24000726B73706163652F474E552D746F6F6C01
:10C25000636861696E2F61726D2D31342F73726363
:10C260002F6E65776C69622D63796777696E2F6EC3
:10C2700065776C69622F6C6962632F7374646C6993
:10C28000622F6D707265632E63000000F2D800109B
:10C29000F2D80010BED80010F2D80010C6D8001096
:10C2A000DAD8001096D80010F2D80010F2D800109A
:10C2B000F2D800109AD80010F2D80010A2D80010BE
:10C2C000F2D80010E0D80010F2D80010F2D8001018
:10C2D000F2D80010F2D80010F2D80010F2D80010F6
:10C2E000F2D80010F2D80010F2D80010F2D80010E6
:10C2F000F2D80010AAD80010F2D80010B4D800105C
:10C30000F2D80010E8D80010F4E00010EAE00010C5
:10C31000EAE00010EAE00010EAE00010EAE00010B5
:10C32000EAE00010EAE00010EAE00010EAE00010A5
:10C33000EAE0001038E10010EAE00010EAE0001046
:10C34000EAE00010EAE00010EAE00010EAE0001085
:10C35000EAE000104AE10010EAE00010EAE0001014
:10C36000EAE00010EAE00010EAE0001026E1001028
:10C37000EAE00010EAE00010EAE00010EAE0001055
:10C38000EAE00010EAE0001008E100100000000000
:10C39000000000006FC2001065C2001059C20010FA
:10C3A000CDCCCC3D0AD7233C17B7D13877CC2B3234
:10C3B0009595E6241FB14F0A000020410000C842B5
:10C3C00000401C4620BCBE4CCA1B0E5AAEC59D7414
:10C3D0009A9999999999B93F7B14AE47E17A843F2C
:10C3E0002D431CEBE2361A3F3A8C30E28E79453E03
:10C3F000BC89D897B2D29C3C33A7A8D523F649393B
:10C400003DA7F444FD0FA5329D978CCF08BA5B255C
:10C41000436FAC642806C80A0000000000002440F6
:10C420000000000000005940000000000088C340E8
:10C430000000000084D797410080E03779C3414372
:10C44000176E05B5B5B89346F5F93FE9034F384D7A
:10C45000321D30F94877825A3CBF737FDD4F157526
:10C4600020F1001020F10010F2F0001020F1001077
:10C47000FAF000100CF10010C6F0001020F10010CE
:10C4800020F1001020F10010CEF0001020F100107B
:10C49000D6F0001020F1001012F1001020F1001071
:10C4A00020F1001020F1001020F1001020F1001008
:10C4B00020F1001020F1001020F1001020F10010F8
:10C4C00020F1001020F10010DEF0001020F100102B
:10C4D000E8F0001020F100101AF10010DEFA001050
:10C4E000DEFA0010AAFA0010DEFA0010B2FA00100C
:10C4F000C6FA001082FA0010DEFA0010DEFA001010
:10C50000DEFA001086FA0010DEFA00108EFA001033
:10C51000DEFA0010CCFA0010DEFA0010DEFA00108D
:10C52000DEFA0010DEFA0010DEFA0010DEFA00106B
:10C53000DEFA0010DEFA0010DEFA0010DEFA00105B
:10C54000DEFA001096FA0010DEFA0010A0FA0010D1
:10C55000DEFA0010D4FA0010080052500A38A50480
:10C56000080052501A520A00E2120110261301105C
:10C570002C13011032130110321301103213011069
:10C580003213011046130110461301104613011017
:10C590004613011058130110D6130110EC1C0110A2
:10C5A0004A1C01104A1C01104A1C01104A1C0110AF
:10C5B0004A1C01104E1C01104A1C01104A1C01109B
:10C5C0004A1C01104A1C01104A1C01104A1C01108F
:10C5D0004A1C01104A1C01104A1C01104A1C01107F
:10C5E000DA1D01104A1C01104A1C01104A1C0110DE
:10C5F0004A1C01104A1C01104A1C01104A1C01105F
:10C600004A1C01104A1C01104A1C01104A1C01104E
:10C610004A1C01104A1C01104A1C0110EC1C01109C
:10C620004A1C01104A1C01104A1C01104A1C01102E
:10C630004A1C01104E1C0110801F0110B61E011073
:10C64000B61E0110B61E0110B61E0110B61E011056
:10C65000101F0110B61E0110B61E0110B61E0110EB
:10C66000B61E0110B61E0110B61E0110B61E011036
:10C67000B61E0110B61E0110B61E0110B61F011025
:10C68000B61E0110B61E0110B61E0110B61E011016
:10C69000B61E0110B61E0110B61E0110B61E011006
:10C6A000B61E0110B61E0110B61E0110B61E0110F6
:10C6B000B61E0110B61E0110801F0110B61E01101B
:10C6C000B61E0110B61E0110B61E0110B61E0110D6
:10C6D000101F0110042F0110042F01105E2E0110F5
:10C6E000A62E0110722E0110902E0110F22E0110B4
:10C6F000042F0110042F0110042F0110CA2E011065
:10C70000042F0110B62E0110042F0110342E011039
:10C71000042F0110042F0110042F0110042F011009
:10C72000042F0110042F0110042F0110042F0110F9
:10C73000042F0110042F0110042F0110E82E011006
:10C74000042F0110DE2E0110042F0110402E0110C5
:10C75000042F0110542E0110042F0110042F01107A
:10C76000042F0110042F0110042F0110042F0110B9
:10C77000042F0110042F0110042F0110042F0110A9
:10C78000042F0110042F0110042F0110042F011099
:10C79000042F0110042F0110042F0110042F011089
:10C7A000042F0110042F0110042F0110042F011079
:10C7B000042F0110042F0110042F0110042F011069
:10C7C000042F0110042F0110042F0110042F011059
:10C7D000042F01104A2E0110405E0110405E01102E
:10C7E000125E0110405E01101A5E01102C5E0110F5
:10C7F000E65D0110405E0110405E0110405E0110D8
:10C80000EE5D0110405E0110F65D0110405E01100A
:10C81000325E0110405E0110405E0110405E01106A
:10C82000405E0110405E0110405E0110405E01104C
:10C83000405E0110405E0110405E0110405E01103C
:10C84000FE5D0110405E0110085E0110405E0110A7
:10C85000365E0110586101105861011074600110BA
:10C86000EC60011098600110CA6001104C61011069
:10C8700058610110586101105861011022610110C6
:10C8800058610110146101105861011036600110E7
:10C890005861011058610110586101105861011070
:10C8A0005861011058610110586101105861011060
:10C8B0005861011058610110586101103E6101106A
:10C8C0005861011030610110586101104E60011073
:10C8D000586101106A60011058610110586101101F
:10C8E0005861011058610110586101105861011020
:10C8F0005861011058610110586101105861011010
:10C9000058610110586101105861011058610110FF
:10C9100058610110586101105861011058610110EF
:10C9200058610110586101105861011058610110DF
:10C9300058610110586101105861011058610110CF
:10C9400058610110586101105861011058610110BF
:10C9500058610110606001105C670110F067011000
:10C960000C6801102868011044680110606801100B
:10C97000AC750110AC750110FA7401104E75011000
:10C9800012750110347501109C750110AC75011001
:10C99000AC750110AC75011076750110AC75011005
:10C9A00064750110AC750110CC740110AC750110E8
:10C9B000AC750110AC750110AC750110AC750110AF
:10C9C000AC750110AC750110AC750110AC7501109F
:10C9D000AC750110AC75011092750110AC750110A9
:10C9E00088750110AC750110DC740110AC75011074
:10C9F000F0740110AC750110AC750110AC7501102C
:10CA0000AC750110AC750110AC750110AC7501105E
:10CA1000AC750110AC750110AC750110AC7501104E
:10CA2000AC750110AC750110AC750110AC7501103E
:10CA3000AC750110AC750110AC750110AC7501102E
:10CA4000AC750110AC750110AC750110AC7501101E
:10CA5000AC750110AC750110AC750110AC7501100E
:10CA6000AC750110AC750110AC750110AC750110FE
:10CA7000E6740110D67701106E83011054D30110B3
:10CA800046E3011046E3011046E3011046E30110BE
:10CA900046E3011046E3011046E3011046E30110AE
:10CAA00046E3011046E3011046E3011046E301109E
:10CAB00046E3011046E3011046E3011046E301108E
:10CAC00046E3011046E3011046E3011046E301107E
:10CAD00046E3011046E3011046E3011046E301106E
:10CAE00046E3011046E3011046E3011046E301105E
:10CAF00046E30110D67701106E83011054D3011064
:10CB000040830110E67701106C7801104079011024
:10CB1000547A0110287B0110F87B0110FA7C011077
:10CB2000507E0110527F01101E800110EA8001101A
:10CB30006C82011086830110E6860110E6860110E2
:10CB4000E6860110E6860110E6860110E6860110F1
:10CB50001C880110A88A0110E88C0110BC970110F4
:10CB6000089A01101C9C01105C9E011050A301103A
:10CB7000D4A7011078AA011042AC011070AE0110C8
:10CB8000B2B0011040B2011082B4011048B70110D8
:10CB9000F0B901103EBC0110F8BE0110A8C101108F
:10CBA000EAC30110B4C6011058C90110AACB011084
:10CBB00064CE011014D101106CD201106CD201109E
:10CBC0006CD201106CD201106CD201106CD2011029
:10CBD0006CD201106CD201106CD201106CD2011019
:10CBE0006CD201106CD201106CD201106CD2011009
:10CBF0006CD201106CD201106CD201106CD20110F9
:10CC00006CD201106CD201106CD201106CD20110E8
:10CC10006CD201106CD201106CD201106CD20110D8
:10CC20006CD201106CD201106CD201106CD20110C8
:10CC30006CD201106CD201106CD201106CD20110B8
:10CC40006CD201106CD201106CD201106CD20110A8
:10CC50006CD201106CD201106CD201106CD2011098
:10CC60006CD201106CD201106CD201106CD2011088
:10CC70006CD201106CD201106CD201106CD2011078
:10CC80006CD201106CD201106CD201106CD2011068
:10CC90006CD201106CD201106CD201106CD2011058
:10CCA0006CD201106CD201106CD201106CD2011048
:10CCB0006CD201106CD201106CD201106CD2011038
:10CCC0006CD2011086830110E6860110E686011001
:10CCD000E6860110E6860110E6860110E686011060
:10CCE0001C880110A88A0110E88C0110BC97011063
:10CCF000089A01101C9C01105C9E011050A30110A9
:10CD0000D4A7011078AA011042AC011070AE011036
:10CD1000B2B0011040B2011082B4011048B7011046
:10CD2000F0B901103EBC0110F8BE0110A8C10110FD
:10CD3000EAC30110B4C6011058C90110AACB0110F2
:10CD400064CE011014D101106CD201106CD201100C
:10CD50006CD201106CD201106CD201106CD2011097
:10CD60006CD201106CD201106CD201106CD2011087
:10CD70006CD201106CD201106CD201106CD2011077
:10CD80006CD201106CD201106CD201106CD2011067
:10CD90006CD201106CD201106CD201106CD2011057
:10CDA0006CD201106CD201106CD201106CD2011047
:10CDB0006CD201106CD201106CD201106CD2011037
:10CDC0006CD201106CD201106CD201106CD2011027
:10CDD0006CD201106CD201106CD201106CD2011017
:10CDE0006CD201106CD201106CD201106CD2011007
:10CDF0006CD201106CD201106CD201106CD20110F7
:10CE00006CD201106CD201106CD201106CD20110E6
:10CE10006CD201106CD201106CD201106CD20110D6
:10CE20006CD201106CD201106CD201106CD20110C6
:10CE30006CD201106CD201106CD201106CD20110B6
:10CE40006CD201106CD201106CD201106CD20110A6
:10CE50006CD2011086830110E6860110E68601106F
:10CE6000E6860110E6860110E6860110E6860110CE
:10CE70001C880110A88A0110E88C0110BC970110D1
:10CE8000089A01101C9C01105C9E011050A3011017
:10CE9000D4A7011078AA011042AC011070AE0110A5
:10CEA000B2B0011040B2011082B4011048B70110B5
:10CEB000F0B901103EBC0110F8BE0110A8C101106C
:10CEC000EAC30110B4C6011058C90110AACB011061
:10CED00064CE011014D101106CD201106CD201107B
:10CEE0006CD201106CD201106CD201106CD2011006
:10CEF0006CD201106CD201106CD201106CD20110F6
:10CF00006CD201106CD201106CD201106CD20110E5
:10CF10006CD201106CD201106CD201106CD20110D5
:10CF20006CD201106CD201106CD201106CD20110C5
:10CF30006CD201106CD201106CD201106CD20110B5
:10CF40006CD201106CD201106CD201106CD20110A5
:10CF50006CD201106CD201106CD201106CD2011095
:10CF60006CD201106CD201106CD201106CD2011085
:10CF70006CD201106CD201106CD201106CD2011075
:10CF80006CD201106CD201106CD201106CD2011065
:10CF90006CD201106CD201106CD201106CD2011055
:10CFA0006CD201106CD201106CD201106CD2011045
:10CFB0006CD201106CD201106CD201106CD2011035
:10CFC0006CD201106CD201106CD201106CD2011025
:10CFD0006CD201106CD201106CD201106CD2011015
:10CFE0006CD2011086830110E6860110E6860110DE
:10CFF000E6860110E6860110E6860110E68601103D
:10D000001C880110A88A0110E88C0110BC9701103F
:10D01000089A01101C9C01105C9E011050A3011085
:10D02000D4A7011078AA011042AC011070AE011013
:10D03000B2B0011040B2011082B4011048B7011023
:10D04000F0B901103EBC0110F8BE0110A8C10110DA
:10D05000EAC30110B4C6011058C90110AACB0110CF
:10D0600064CE011014D1011068D30110E0D9011071
:10D070003CDF01108EE101101EE301101EE30110E0
:10D080001EE301101EE301101EE301101EE3011058
:10D0900068D30110E0D901103CDF01108EE10110CE
:10D0A0001EE301101EE301101EE301101EE3011038
:10D0B0001EE301101EE3011068D30110E0D9011036
:10D0C0003CDF01108EE101101EE301101EE3011090
:10D0D0001EE301101EE301101EE301101EE3011008
:10D0E00068D30110E0D901103CDF01108EE101107E
:10D0F0001EE301101EE301101EE301101EE30110E8
:10D100001EE301101EE3011068D30110E0D90110E5
:10D110003CDF01108EE101101EE301101EE301103F
:10D120001EE301101EE301101EE301101EE30110B7
:10D1300068D30110E0D901103CDF01108EE101102D
:10D140001EE301101EE301101EE301101EE3011097
:10D150001EE301101EE3011068D30110E0D9011095
:10D160003CDF01108EE101101EE301101EE30110EF
:10D170001EE301101EE301101EE301101EE3011067
:10D1800068D30110E0D901103CDF01108EE10110DD
:10D19000889903109C99031094990310A89903107F
:10D1A000B4990310C0990310CC990310D8990310B7
:10D1B000E4990310F0990310FC9903100C9A0310E2
:10D1C000209A03102C9A0310409A0310686561643A
:10D1D00031006865616432006865616433006865C8
:10D1E0006164340070696E310070696E320070697C
:10D1F0006E330070696E340070696E350070696E50
:10D20000360070696E370070696E380000C0F345F3
:10D210000080224600C073460080A2460024F446E7
:10D2200000E42247002474470024F4470024744893
:10D230000024F4480000000000000000ED06021089
:10D24000F1060210F5060210F9060210FD060210A2
:10D25000FF0602100000000000000000BB090210E1
:10D26000650B0210010702104507021005070210A6
:10D27000250702100000000000000000450C02100D
:10D28000F90D0210010C0210AD0D0210050C021078
:10D29000250C02106770696F5F7365745F69727146
:10D2A0005F656E61626C6564000000007270323010
:10D2B00034305F636869705F76657273696F6E00A2
:10D2C0006972715F6164645F7461696C5F746F5FE0
:10D2D000667265655F6C697374000000696E7365E2
:10D2E00072745F626C5F3332000000006972715FBC
:10D2F00072656D6F76655F68616E646C6572000063
:10D300006D616B655F6A5F31360000007265736F37
:10D310006C76655F6A5F3136000000006972715F8C
:10D320006164645F7368617265645F68616E646C98
:10D33000657200006972715F7365745F6578636C14
:10D3400075736976655F68616E646C657200000074
:10D3500073656D5F72657365740000006D7574654B
:10D36000785F6578697400006D757465785F656EC7
:10D370007465725F626C6F636B5F756E74696C006D
:10D3800072756E74696D655F696E69745F6D7574D1
:10D3900065780000616C61726D5F706F6F6C5F67C4
:10D3A00065745F64656661756C740000616C6172C0
:10D3B0006D5F706F6F6C5F6972715F68616E646CD6
:10D3C0006572000000000000FFFFFFFFFFFFFF7F0E
:10D3D000706C6C5F696E6974000000006465666162
:10D3E000756C745F656E7465725F736166655F7A94
:10D3F0006F6E655F74696D656F75745F6D73000046
:10D400005F5F61656162695F646F75626C655F69CA
:10D410006E6974005F5F61656162695F666C6F6110
:10D42000745F696E6974000006005250D3F0754253
:10D4300094A3031006005250E182887F9CA303103E
:10D4400006005250ABB36053ACA303100600525019
:10D45000BBFF3CB6B4A3031006005250861C030267
:10D46000BCA30310060052505422A29DC8A303106F
:10D4700005005250DE65F468F4080410824D021075
:10D480009A4D02109A4D02108E4D02109A4D0210C4
:10D490009A4D02109A4D02109A4D02109A4D0210A8
:10D4A0009A4D02109A4D0210764D02109A4D0210BC
:10D4B0006A4D02109A4D02109A4D02105E4D0210F4
:10D4C0007A4E0210AA4E0210CC4E0210AA4E021042
:10D4D000544E0210AA4E0210AA4E0210AA4E02107A
:10D4E000AA4E0210AA4E0210AA4E0210AA4E021014
:10D4F0009C4E0210AA4E0210AA4E0210AA4E021012
:10D50000AA4E0210AA4E0210DC4E02106053021006
:10D51000765302107653021076530210765302109F
:10D52000765302107653021076530210765302108F
:10D53000765302107653021076530210765302107F
:10D54000765302107653021076530210765302106F
:10D55000765302107653021076530210765302105F
:10D56000765302107653021076530210765302104F
:10D57000765302107653021076530210765302103F
:10D580007653021076530210765302108E51021019
:10D590004A5102108E510210765302107653021037
:10D5A000765302107653021076530210765302100F
:10D5B00076530210765302107653021076530210FF
:10D5C00076530210765302107653021076530210EF
:10D5D00076530210765302102A4F0210765302102F
:10D5E00076530210765302107653021076530210CF
:10D5F00076530210765302107653021076530210BF
:10D600002A4F0210E65102102A4F02108E510210CA
:10D610004A5102108E510210000000000000F03F3D
:10D6200000000000000024400000000000005940FD
:10D630000000000000408F40000000000088C34050
:10D6400000000000006AF8400000000080842E41C5
:10D6500000000000D01263410000000084D7974111
:10D660000000000065CDCD41737464696F5F67652C
:10D6700074636861725F74696D656F75745F7573EB
:10D68000000000000D0A00000600525053B4F4A13F
:10D6900090A40310080052501200000008005250DD
:10D6A0009210000000000000D55A02100000000097
:10D6B000D95A0210E55A02101D5B0210195B0210C4
:10D6C000000000000A00000000000306A600080099
:10D6D000020002009C001400030057494E555342BB
:10D6E00000000000000000000000800004000100B5
:10D6F0002800440065007600690063006500490069
:10D700006E007400650072006600610063006500D1
:10D71000470055004900440000004E007B006200B5
:10D7200063003700330039003800630031002D00FA
:10D7300037003300630064002D0034006300620092
:10D7400037002D0039003800620038002D00390004
:10D75000310033006100380066006300610037006B
:10D760006200660036007D0000000000050F210009
:10D77000011C100500DF60DDD88945C74C9CD265CF
:10D780009D9E648A9F00000306A600010000000021
:10D790000600525053B4F4A1F4A4031073746469E6
:10D7A0006F5F7573625F696E69740000000000004E
:10D7B00008A5031018A503108C99022020A50310BA
:10D7C0002CA5031009025400030100807D080B0002
:10D7D0000202020000090400000102020004052404
:10D7E000002001052401000104240206052406008E
:10D7F000010705810308001009040100020A000066
:10D8000000070502024000000705820240000009EF
:10D8100004020000FF00010512011002EF020140A6
:10D820008A2E0A0000010102030100007069636F83
:10D830005F6765745F756E697175655F626F617250
:10D84000645F69645F737472696E6700666C6173AC
:10D85000685F646F5F636D6400000000666C6173F5
:10D86000685F72616E67655F70726F6772616D008D
:10D87000666C6173685F72616E67655F6572617324
:10D88000650000006463645F656470745F7866655A
:10D89000720000006463645F7365745F6164647246
:10D8A000657373006463645F696E745F656E616263
:10D8B0006C65000068775F656E64706F696E745F99
:10D8C000616C6C6F630000006463645F696E69740F
:10D8D0000000000073796E635F65705F6275666655
:10D8E00065720000C66802102668021062680210A5
:10D8F00096680210C6680210C6680210B26802106C
:10D9000062680210C6680210C6680210C66802107B
:10D91000C6680210C6680210C6680210C668021007
:10D9200048680210CC0B0020CC0B0020AE0B00206E
:10D93000620C0020040C0020180C0020340D002084
:10D94000206E0210FA6D0210B26F0210D46D021038
:10D95000B26F0210246D0210C86D0210B26F021077
:10D96000406D0210586D0210127002100470021007
:10D970004A7002107E71021048710210607102102C
:10D9800058700210C87002107071021075736264D2
:10D990005F656470745F78666572000075736264B9
:10D9A0005F656470745F6F70656E000075736264AC
:10D9B0005F6F70656E5F656470745F70616972003F
:10D9C00071756575655F6576656E740070726F63FD
:10D9D0006573735F6765745F6465736372697074A0
:10D9E0006F72000070726F636573735F7365745F4D
:10D9F000636F6E666967000070726F636573735F53
:10DA0000636F6E74726F6C5F7265717565737400AD
:10DA1000636F6E66696775726174696F6E5F726558
:10DA2000736574007475645F7461736B5F6578749B
:10DA3000000000007475645F7268706F72745F69D3
:10DA40006E697400000000003D760210E976021055
:10DA500031770210A17702108D780210C979021077
:10DA600000000000000000006D7B0210097C021025
:10DA70003D7C02108D7C0210855B0210D97D021066
:10DA800000000000757362645F636F6E74726F6C88
:10DA90005F786665725F6362000000007475645FA2
:10DAA000636F6E74726F6C5F786665720000000061
:10DAB000636463645F786665725F636200000000A0
:10DAC000636463645F6F70656E0000007475645F0B
:10DAD0006364635F6E5F77726974655F666C7573AC
:10DAE0006800000076656E646F72645F6F70656ECB
:10DAF0000000000074755F656470745F7374726514
:10DB0000616D5F726561645F786665720000000038
:10DB100074755F656470745F73747265616D5F774F
:10DB2000726974655F7866657200000074755F6580
:10DB30006470745F73747265616D5F777269746528
:10DB40005F7A6C705F69665F6E656564656400002E
:10DB500074755F656470745F76616C696461746527
:10DB600000000000747573625F7268706F72745F9A
:10DB7000696E6974000000006932635F7365745FE9
:10DB800062617564726174650000000065786365A8
:10DB90007074696F6E5F7365745F6578636C7573BD
:10DBA0006976655F68616E646C65720078506F724B
:10DBB000744C6F636B496E7465726E616C537069FF
:10DBC0006E556E6C6F636B5769746842657374450C
:10DBD00066666F7274576169744F7254696D656FD0
:10DBE0007574000076506F72744C6F636B496E747D
:10DBF00065726E616C5370696E556E6C6F636B57B6
:10DC0000697468576169740076506F7274457869F9
:10DC100074437269746963616C00000078457665CD
:10DC20006E7447726F757053657442697473000047
:10DC3000784576656E7447726F7570576169744286
:10DC400069747300765175657565416464546F52EB
:10DC50006567697374727900785175657565526589
:10DC6000636569766546726F6D4953520000000026
:10DC700078517565756553656D6170686F7265542F
:10DC8000616B650078517565756552656365697688
:10DC9000650000007851756575654769766546725F
:10DCA0006F6D495352000000785175657565476581
:10DCB0006E6572696353656E6446726F6D49535247
:10DCC000000000007072764E6F7469667951756558
:10DCD0007565536574436F6E7461696E657200009B
:10DCE00078517565756547656E6572696353656ED4
:10DCF0006400000078517565756547656E657269E9
:10DD00006343726561746500785175657565476533
:10DD10006E65726963526573657400002EB80210F7
:10DD2000AAB8021092B8021098B802109EB8021059
:10DD30004CBA021042BA02105ABA021066BA021065
:10DD40006EBA0210765461736B47656E65726963D3
:10DD50004E6F746966794769766546726F6D49538F
:10DD600052000000785461736B47656E6572696399
:10DD70004E6F746966790000785461736B47656E05
:10DD8000657269634E6F74696679576169740000E2
:10DD9000765461736B5072696F72697479446973F8
:10DDA000696E6865726974416674657254696D65FF
:10DDB0006F757400785461736B5072696F72697417
:10DDC00079446973696E6865726974007854617327
:10DDD0006B436865636B466F7254696D654F75740C
:10DDE00000000000765461736B52656D6F76654676
:10DDF000726F6D556E6F7264657265644576656E9F
:10DE0000744C697374000000785461736B52656DD3
:10DE10006F766546726F6D4576656E744C69737486
:10DE200000000000765461736B506C6163654F6E47
:10DE30004576656E744C6973745265737472696368
:10DE400074656400765461736B506C6163654F6EEA
:10DE5000556E6F7264657265644576656E744C6963
:10DE600073740000765461736B506C6163654F6E20
:10DE70004576656E744C6973740000007654617366
:10DE80006B537769746368436F6E746578740000D0
:10DE9000785461736B496E6372656D656E74546915
:10DEA000636B0000785461736B526573756D6541E7
:10DEB0006C6C0000765461736B53746172745363BD
:10DEC000686564756C6572007072765461736B4935
:10DED000735461736B53757370656E646564000091
:10DEE000765461736B526573756D6500765461731A
:10DEF0006B53757370656E64000000007654617337
:10DF00006B5072696F726974795365740000000018
:10DF1000655461736B4765745374617465000000E8
:10DF2000765461736B44656C617900007072764958
:10DF30006E697469616C6973654E65775461736B62
:10DF4000000000001F00000046BE02108ABE021042
:10DF50008ABE0210CEBE0210DABE021008BF021046
:10DF60008ABE02108ABE0210CEBE0210DABE0210B5
:10DF700070727650726F636573735265636569760C
:10DF80006564436F6D6D616E647300007854696DF4
:10DF9000657243726561746554696D65725461732D
:10DFA0006B0000006D756C7469636F72655F6C6FF8
:10DFB000636B6F75745F656E645F626C6F636B5FDC
:10DFC000756E74696C000000707276496E736572CC
:10DFD00074426C6F636B496E746F467265654C6911
:10DFE0007374000076506F727446726565000000AD
:10DFF0007076506F72744D616C6C6F63000000003E
:10E0000062C602106CC6021078C602107EC60210EC
:10E0100084C602108AC6021090C6021096C602106C
:10E020009CC602107D1D0100632C001E9601A01EDF
:10E030005A01001F0806101F0606201F0806301F81
:10E040000806401F0606511F0700591F521F5B1F7D
:10E05000541F5D1F561F5F1F601F0806701F0E00B4
:10E06000BA1FBB1FC81FC91FCA1FCB1FDA1FDB1F68
:10E07000F81FF91FEA1FEB1FFA1FFB1F801F08067E
:10E08000901F0806A01F0806B01F0400B81FB91F84
:10E09000B21FBC1FCC1F0100C31FD01F0206E01F10
:10E0A0000206E51F0100EC1FF31F0100FC1F4E21BB
:10E0B0000100322170211002842101008321D0242B
:10E0C0001A05302C2F04602C0201672C0601752CD8
:10E0D0000201802C6401002D260841FF1A03000074
:10E0E00061001A03E0001703F8000703FF000100B6
:10E0F00078010001300132010601390110014A01A5
:10E100002E017901060180014D0043028101820147
:10E1100082018401840186018701870189018A01C6
:10E120008B018B018D018E018F0190019101910175
:10E1300093019401F60196019701980198013D021F
:10E140009B019C019D0120029F01A001A001A20151
:10E15000A201A401A401A601A701A701A901AA0186
:10E16000AB01AC01AC01AE01AF01AF01B101B20135
:10E17000B301B301B501B501B701B801B801BA01E6
:10E18000BB01BC01BC01BE01F701C001C101C2015C
:10E19000C301C401C501C401C701C801C701CA0147
:10E1A000CB01CA01CD011001DD0101008E01DE01AC
:10E1B0001201F3010300F101F401F401F801280157
:10E1C000220212013A020900652C3B023B023D0289
:10E1D000662C3F0240024102410246020A015302FC
:10E1E000400081018601550289018A0158028F0190
:10E1F0005A0290015C025D025E025F0293016102BD
:10E200006202940164026502660267029701960148
:10E210006A02622C6C026D026E029C017002710235
:10E220009D01730274029F017602770278027902DF
:10E230007A027B027C02642C7E027F02A6018102AC
:10E240008202A9018402850286028702AE0144028D
:10E25000B101B20145028D028E028F02900291023D
:10E26000B7017B030300FD03FE03FF03AC030400BF
:10E270008603880389038A03B1031103C2030200E2
:10E28000A303A303C4030803CC0303008C038E037E
:10E290008F03D8031801F2030A00F903F303F40310
:10E2A000F503F603F703F703F903FA03FA0330045F
:10E2B000200350041007600422018A043601C104BF
:10E2C0000E01CF040100C004D004440161052604FE
:10E2D00000000000C700FC00E900E200E400E000EC
:10E2E000E500E700EA00EB00E800EF00EE00EC00DC
:10E2F000C400C500C900E600C600F400F600F20044
:10E30000FB00F900FF00D600DC00A200A300A5007E
:10E31000A7209201E100ED00F300FA00F100D10026
:10E32000AA00BA00BF001023AC00BD00BC00A100D1
:10E33000AB00BB009125922593250225242561255C
:10E340006225562555256325512557255D255C25D4
:10E350005B251025142534252C251C2500253C255E
:10E360005E255F255A25542569256625602550259B
:10E370006C2567256825642565255925582552256E
:10E3800053256B256A2518250C25882584258C2581
:10E3900090258025B103DF009303C003A303C303CB
:10E3A000B500C403A6039803A903B4031E22C60341
:10E3B000B50329226122B100652264222023212392
:10E3C000F7004822B0001922B7001A227F20B200BD
:10E3D000A025A000809A45418E418F804545454942
:10E3E00049498E8F9092924F994F555559999A9BC2
:10E3F0009C9D9E9F41494F55A5A5A6A7A8A9AAAB3C
:10E40000ACADAEAFB0B1B2B3B4B5B6B7B8B9BABBD4
:10E41000BCBDBEBFC0C1C2C3C4C5C6C7C8C9CACBC4
:10E42000CCCDCECFD0D1D2D3D4D5D6D7D8D9DADBB4
:10E43000DCDDDEDFE0E1E2E3E4E5E6E7E8E9EAEBA4
:10E44000ECEDEEEFF0F1F2F3F4F5F6F7F8F9FAFB94
:10E45000FCFDFEFF01030507090E10121416181C1F
:10E460001E000000A2A0D0EBE5B9334487C068B617
:10E47000B72699C745464920504152540000010033
:10E480004546492050415254000001005C00000004
:10E4900000000200EEFEFF0001000000FFFFFFFF92
:10E4A00073645F7370695F77726974650000000060
:10E4B0006368616E6E656C5F636F6E6669675F73DC
:10E4C00065745F64726571006368616E6E656C5F30
:10E4D000636F6E6669675F7365745F636861696EB9
:10E4E0005F746F00696E5F7370695F6972715F68F6
:10E4F000616E646C657200006D795F7370695F694D
:10E500006E6974007370695F756E6C6F636B000089
:10E510007370695F6C6F636B000000007370695FFC
:10E520007472616E7366657200FF00007370695FDC
:10E530007472616E736665720000000073645F77C9
:10E54000726974655F626C6F636B000073645F7205
:10E550006561645F626C6F636B00000073645F757C
:10E560006E6C6F636B00000073645F776169745F4A
:10E57000726561647900000073645F736563746F32
:10E5800072735F6E6F6C6F636B00000073645F6C1F
:10E590006F636B0000002110422063308440A5505F
:10E5A000C660E770088129914AA16BB18CC1ADD1D9
:10E5B000CEE1EFF13112100273325222B552944281
:10E5C000F772D662399318837BB35AA3BDD39CC329
:10E5D000FFF3DEE36224433420040114E664C774CD
:10E5E000A44485546AA54BB528850995EEE5CFF579
:10E5F000ACC58DD55336722611163006D776F66621
:10E600009556B4465BB77AA719973887DFF7FEE7C8
:10E610009DD7BCC7C448E5588668A77840086118EC
:10E6200002282338CCC9EDD98EE9AFF94889699918
:10E630000AA92BB9F55AD44AB77A966A711A500AC0
:10E64000333A122AFDDBDCCBBFFB9EEB799B588B68
:10E650003BBB1AABA66C877CE44CC55C222C033C0C
:10E66000600C411CAEED8FFDECCDCDDD2AAD0BBDB8
:10E67000688D499D977EB66ED55EF44E133E322E60
:10E68000511E700E9FFFBEEFDDDFFCCF1BBF3AAF08
:10E69000599F788F8891A981CAB1EBA10CD12DC166
:10E6A0004EF16FE18010A100C230E32004502540FC
:10E6B00046706760B9839893FBA3DAB33DC31CD35C
:10E6C0007FE35EF3B1029012F322D232354214524C
:10E6D00077625672EAB5CBA5A89589856EF54FE5A8
:10E6E0002CD50DC5E234C324A0148104667447649C
:10E6F00024540544DBA7FAB79987B8975FE77EF7FC
:10E700001DC73CD7D326F2369106B01657667676EB
:10E71000154634564CD96DC90EF92FE9C899E989C7
:10E720008AB9ABA94458654806782768C018E1083B
:10E730008238A3287DCB5CDB3FEB1EFBF98BD89B9B
:10E74000BBAB9ABB754A545A376A167AF10AD01A8B
:10E75000B32A923A2EFD0FED6CDD4DCDAABD8BADE7
:10E76000E89DC98D267C076C645C454CA23C832CDB
:10E77000E01CC10C1FEF3EFF5DCF7CDF9BAFBABF3B
:10E78000D98FF89F176E367E554E745E932EB23E2B
:10E79000D10EF01E0009121B242D363F48415A535A
:10E7A0006C657E7719100B023D342F265158434A71
:10E7B000757C676E323B2029161F040D7A736861E1
:10E7C0005E574C452B2239300F061D14636A717851
:10E7D000474E555C646D767F4049525B2C253E3731
:10E7E00008011A137D746F6659504B42353C272E31
:10E7F0001118030A565F444D727B60691E170C05A1
:10E800003A3328214F465D546B627970070E151C10
:10E81000232A31384148535A656C777E09001B1210
:10E820002D243F3658514A437C756E671019020BF0
:10E83000343D262F737A6168575E454C3B32292060
:10E840001F160D046A6378714E475C55222B3039D0
:10E85000060F141D252C373E0108131A6D647F76B0
:10E8600049405B523C352E2718110A03747D666FB0
:10E870005059424B171E050C333A21285F564D4420
:10E880007B7269600E071C152A233831464F545D90
:10E89000626B70794A230310D0210310D02103103A
:10E8A000D0210310D0210310D0210310D021031058
:10E8B000D0210310D0210310EC220310EC2203100E
:10E8C000EC220310EC220310EC220310D0210310E1
:10E8D000D0210310D0210310D0210310D021031028
:10E8E000D0210310D0210310D0210310D021031018
:10E8F000D0210310D0210310D0210310D021031008
:10E90000D0210310D0210310D0210310D0210310F7
:10E91000D0210310EC220310D0210310D0210310CA
:10E92000D0210310D0210310D0210310D0210310D7
:10E93000D0210310D0210310D0210310D0210310C7
:10E940005C290310D02103106E290310303103100D
:10E95000BA2D03100E2E0310082E0310F42D0310F1
:10E96000BA2D031034000000CEFBFFFFCB030000E4
:10E97000010000000000000035000000CEFBFFFF9A
:10E98000CB030000010000000000000000000000B8
:10E99000BC89D897B2D29C3C33A7A8D523F6493975
:10E9A0003DA7F444FD0FA5329D978CCF08BA5B2597
:10E9B000436FAC642806681100202020202020200E
:10E9C000202028282828282020202020202020201F
:10E9D000202020202020202020881010101010102F
:10E9E000101010101010101010040404040404047B
:10E9F0000404041010101010101041414141414115
:10EA000001010101010101010101010101010101F6
:10EA10000101010110101010101042424242424206
:10EA200002020202020202020202020202020202C6
:10EA3000020202021010101020000000000000006E
:10EA400000000000000000000000000000000000C6
:10EA500000000000000000000000000000000000B6
:10EA600000000000000000000000000000000000A6
:10EA70000000000000000000000000000000000096
:10EA80000000000000000000000000000000000086
:10EA90000000000000000000000000000000000076
:10EAA0000000000000000000000000000000000066
:10EAB0000000000000000000000000000000000056
:10EAC0000000000000000000000000000000000046
:10EAD0000000000000000000000000000000000036
:10EAE00000000000000000000000000010111213E0
:10EAF000141516171819000000000000001A1B1C3E
:10EB00001D1E1F00000000000000000000000000AB
:10EB1000000000000000000000000000001A1B1CA4
:10EB20001D1E1F000000000000000000000000008B
:10EB300000000000000000000000000000000000D5
:10EB400000000000000000000000000000000000C5
:10EB500000000000000000000000000000000000B5
:10EB600000000000000000000000000000000000A5
:10EB70000000000000000000000000000000000095
:10EB80000000000000000000000000000000000085
:10EB90000000000000000000000000000000000075
:10EBA0000000000000000000000000000000000065
:10EBB0000000000000000000000000000500000050
:10EBC000190000007D0000000080E03779C3414358
:10EBD000176E05B5B5B89346F5F93FE9034F384DC3
:10EBE000321D30F94877825A3CBF737FDD4F15756F
:10EBF000000000000000F03F000000000000244082
:10EC000000000000000059400000000000408F405C
:10EC1000000000000088C34000000000006AF840C7
:10EC20000000000080842E4100000000D0126341EB
:10EC30000000000084D797410000000065CDCD4161
:10EC4000000000205FA00242000000E87648374242
:10EC5000000000A2941A6D42000040E59C30A242E0
:10EC60000000901EC4BCD64200003426F56B0C4355
:10EC70000080E03779C3414300A0D88557347643FC
:10EC800000C84E676DC1AB43003D9160E458E1435D
:10EC9000408CB5781DAF154450EFE2D6E41A4B44D2
:10ECA00092D54D06CFF08044F64AE1C7022DB54417
:10ECB000B49DD9794378EA4458C5031060C5031060
:10ECC00028D4031034D4031040D403104CD40310C0
:10ECD00058D4031064D4031070D403109CD60310CE
:10ECE00094D6031088D6031090D70310808800B202
:10ECF0007047F8B5040017001E002568EFF3108177
:10ED000072B60B0028680028FCD0BFF35F8F042286
:10ED1000A05E002808DC3A003300200000F0F2FF7B
:10ED20000028EAD0002009E00138A0802268BFF363
:10ED30005F8F0021116083F310880120F8BD00006F
:10ED4000F8B506000F0000F0B5FF04000D00FA2230
:10ED5000920000233800002101F00CF822002B0063
:10ED600012184B41002B03DB3000FFF7C2FFF8BD48
:10ED700001225242004BF7E7FFFFFF7F70B50268A8
:10ED8000EFF3108172B60C001368002BFCD0BFF3B8
:10ED90005F8F0422835E0625425F934208DB03688F
:10EDA000BFF35F8F00221A6084F31088002070BDCB
:10EDB0000133838000F0B6FF0120F8E770B50B1E29
:10EDC0001ADB0621425E9A4216DB0468EFF31081DB
:10EDD00072B60D002268002AFCD0BFF35F8F0424B6
:10EDE000025F9A420EDB83800368BFF35F8F0022CD
:10EDF0001A6085F3108870BD044B054A05485621FA
:10EE000000F0A8FF838000F08DFFF4E7D09E031090
:10EE100050D30310FC9E031070B5040000F092FF65
:10EE200006002268EFF3108172B60D001368002B04
:10EE3000FCD0BFF35F8F6368013303D0200000F084
:10EE400031FFEEE766602368BFF35F8F00221A6030
:10EE500085F3108870BD70B504000268EFF310856B
:10EE600072B61368002BFCD0BFF35F8F63685A1C27
:10EE70000BD000290ED00B6000202368BFF35F8FFA
:10EE800000221A6085F3108870BD00F05BFF60609F
:10EE90000120F2E70020F0E7F0B583B0040017008E
:10EEA0001E000368002B18D000F04CFF0190206872
:10EEB000EFF3108172B60B000268002AFCD0BFF39A
:10EEC0005F8F656801350ED03A003300200000F0F6
:10EED00019FF0028EBD000200FE0094B094A0A482F
:10EEE000A62100F037FF019A62602268BFF35F8FAE
:10EEF0000021116083F31088012003B0F0BDC046EB
:10EF0000A89F031068D303105C9F0310F0B583B073
:10EF1000070016001D0001A9FFF79DFF041E02D087
:10EF2000200003B0F0BD00F00DFF019B9842F7D028
:10EF300032002B003800FFF7AFFF0400F0E70000BD
:10EF4000F8B506000F0000F0B5FE04000D00FA222F
:10EF5000920000233800002100F00CFF22002B005B
:10EF600012184B41002B03DB3000FFF795FFF8BD73
:10EF700001225242004BF7E7FFFFFF7F10B5026806
:10EF8000EFF3108172B61368002BFCD0BFF35F8FD4
:10EF90004368013305D001235B42436000F0C2FEA9
:10EFA00010BD034B034A0448D52100F0D3FEC046F0
:10EFB000BC9F03105CD303105C9F0310094B1B78AC
:10EFC000002B08D00CE09A008021490551180868F0
:10EFD0000549505001333F2BF5DD024B01221A70D9
:10EFE0007047C046F59A0220F436002010B5014B58
:10EFF000984710BDF536002000280AD003231B02D5
:10F00000054A12685340C02292001340034A13601D
:10F0100070470223F3E7C0460C8001400C9001408A
:10F02000F0B5D6464F464646C0B504000D000A1856
:10F0300080239B039A4232D818273B8814263088B5
:10F040001D49984781463B8830881C49984780462F
:10F050003B8830881A49984782463B88308819494E
:10F06000984706004B46002B1FD04346002B1CD070
:10F070005346002B19D0002817D0FFF79FFFC84731
:10F08000C0478022D823520229002000D047B04731
:10F09000FFF7ACFFE0BCBA46B146A846F0BD0A4B4C
:10F0A0000A4A0B48742100F055FE0A4B074A0848EB
:10F0B0007C2100F04FFEC046494600004558000044
:10F0C00052450000464300008CA5031070D8031081
:10F0D000B8A5031004A60310F8B5DE4657464E4601
:10F0E0004546E0B504008B461500121880239B03AB
:10F0F0009A4231D818273B88142630881C499847F3
:10F1000081463B8830881B49984780463B88308839
:10F110001949984782463B88308818499847060025
:10F120004B46002B1ED04346002B1BD05346002BD2
:10F1300018D0002816D0FFF741FFC847C0472A0063
:10F1400059462000D047B047FFF750FFF0BCBB4600
:10F15000B246A946A046F8BD094B0A4A0A48992179
:10F1600000F0F8FD094B074A0748A12100F0F2FD25
:10F170004946000045580000525000004643000038
:10F180008CA503105CD80310B8A503106CA603105F
:10F19000F0B5D6464F464646C0B507000E001500EE
:10F1A00018239A461B8814229046108828499847AD
:10F1B000814653461B8842461088264998470400DA
:10F1C00053461B88424610882349984780464B4641
:10F1D000002B0CD0002C0AD0002808D0FFF7EEFE40
:10F1E000C847A0470020FFF707FF2A000FE01B4B8E
:10F1F0001B4A1C48D12100F0ADFD002B07D0002A8E
:10F2000005D0C0235B051B6E3370013A01362B001D
:10F21000134312D0C0235B059C6A08232340A40734
:10F22000EBD5002DE9D0511B0D29E6D83878C02147
:10F2300049050866013D0137DFE70120FFF7DCFEE5
:10F24000C047FFF7D3FEE0BCBA46B146A846F0BDC2
:10F25000494600004558000046430000D8A6031068
:10F260004CD80310B8A5031010B5002308E00133F3
:10F27000DA00002108481150844662445160DBB234
:10F280000E2BF4D90548F0229200002100F052FD27
:10F29000034B044A1A6010BD00001050B83800201B
:10F2A000903C002080011050F0B5CE46474680B516
:10F2B00085B0214B9F6D0024012603E0B743760003
:10F2C0000134E4B2002F31D01F2C2FD83E42F6D0AB
:10F2D0001A4B9E656308994601232340012253403F
:10F2E000DBB298464B465D0045446D01144BED186A
:10F2F000280000F047FA0028E0D0114A4B465B0096
:10F3000043445B01D3189978DA8A01A80023984610
:10F3100003700733437001718260434643710121DA
:10F3200000F050FA280000F0C3F9C7E705B0C0BCF0
:10F33000B946B046F0BDC046000011500030115033
:10F3400078380020F0B5CE46474680B585B0754A7E
:10F350009823D55880239B022F001F401D4245D083
:10F36000714B9A6A714B1A600024002109E0704BBE
:10F370005B183C3300221A7000F0C6F931000134EA
:10F38000E4B20F2C18D8A60130002030684BC0180A
:10F390009B193B331B78022BF1D1654B9B193A33F8
:10F3A0001E78002EEBD0624BA1015B183C331B781A
:10F3B000002BDCD13100E2E7002908D15D4B1B783E
:10F3C000002B04D15C4A903380218902D150554BE7
:10F3D0009B6C5B055B0D01A800220270033242703A
:10F3E0004360012100F0EEF98027BF02EB0606D44E
:10F3F000EB0351D580235B021F43002419E0102347
:10F400001F43FFF751FFF3E7022399461EE04B4BE2
:10F410004A461A66434B5B6E4A4613409945F9D1FA
:10F4200018E0434B424652019B180122DA70013426
:10F43000E4B2012C20D8A04666013D4BF618B37EFD
:10F44000002BEED0002CDFD00123994600F012FCF7
:10F450000128DCD8C02292010021300000F02EF9F2
:10F46000300000F025F900F005FC0128D9D9324B15
:10F470004A465A661A66D4E701A800230370063389
:10F4800043702F4A02AB12CA12C3012100F09AF94D
:10F49000294B802292021A65EB040AD46B041DD416
:10F4A0002B042AD4AF4238D105B0C0BCB946B0460F
:10F4B000F0BD80235B011F4300241A4B1C60FFF743
:10F4C000D3FE01A80470012343700471012100F0F0
:10F4D00079F9194B802212031A65DFE78023DB01DB
:10F4E0001F4301A80023037004334370012100F07F
:10F4F00069F9114B10221A65D2E780231B021F43C2
:10F5000001A80023037005334370012100F05AF96C
:10F51000094B802212011A65C4E739006940094885
:10F5200000F0B8FB00001150004005406838002092
:10F5300078380020F39A022000301150002011503A
:10F5400000001050CCA70310F8B504000F00838A08
:10F55000028B1E1C934200D9161CB6B29B1BA382C1
:10F560008022D2003243E378002B13D08025AD01F6
:10F57000154301225340E3706378002B0CD0A38A1B
:10F58000002B02D18023DB011D43002F00D02D046E
:10F590002800F8BD0025EBE7E068BB01C018216931
:10F5A000320000F0A7FB23699B19236180231B0213
:10F5B0001D43E4E7094B1B6C9B070CD48378DB09E4
:10F5C000012B01D0002007E0C37E022B01D00020D8
:10F5D00002E0012000E000207047C046000011500A
:10F5E00010B5FFF7E7FF002809D0064B9B6A064AD3
:10F5F00012689B1A054A94466344C62B00D810BD76
:10F600000020FCE70040054068380020E0FCFFFFD8
:10F6100070B5040083681B68002900D01B0C9D0591
:10F62000AD0D6278002A11D11B0409D4E38A5B195D
:10F63000E382238BAB4201D90023A382280070BD53
:10F640000D4B0E4A0E48E82100F084FB1B040DD53B
:10F650002069E368890159182A0000F04BFBE38A0E
:10F660005B19E38223695B192361E2E7054B034AD7
:10F670000348EE2100F06EFBECA70310D4D8031072
:10F680000CA803106CA8031010B5040083681B6855
:10F690000021FFF7BDFF63681B685B0002D5238B69
:10F6A000834200D010BD01212000FFF7B1FFF9E730
:10F6B000002383768382C3820361704710B50029DB
:10F6C00002D083681B681940002A10D011435205EC
:10F6D0000DD5826813685B050CD4084B0B40136092
:10F6E000074B1B6C9B0702D40C23033BFDD28368A2
:10F6F000196010BD8178034800F0CCFAFFFBFFFFD2
:10F70000000011508CA8031070B5040043681E68F7
:10F710000021FFF719FF80256D010543164B1B6C77
:10F720009B0715D5A3785B0617D10023A28A002A70
:10F7300001D0002B15D0114B1E4080239B05334375
:10F74000626813602A0000212000FFF7B7FF70BD38
:10F75000A378DB0903D10133E8E70123E6E70023BF
:10F76000E4E701212000FFF7EFFE0543044A3240A1
:10F77000A023DB051343E3E700001150FFFFFFAFB9
:10F78000FFFFFFDF70B50400857E002D06D0FFF778
:10F790007BFFA38A002B05D1280070BD8178084823
:10F7A00000F078FA2000FFF71BFF051E03D00123AD
:10F7B00023770025F0E72000FFF7A6FFECE7C0461F
:10F7C000ACA80310F0B585B006000D004378062BF9
:10F7D00012D89B00694AD3589F46694B1A78012179
:10F7E0008A431A701A7801318A431A7000225A70BB
:10F7F0001A7802318A431A70624B1C682000143058
:10F8000000F070FA3100200000F0ACFA6269A369E0
:10F81000BFF35F8F0021116083F31088002800D1AF
:10F82000A4E0307871782A0000F054FA05B0F0BDF9
:10F83000534B1B78DB07F9D5514A137804210B434E
:10F840001370D9E74E4B1B78DB07EFD54C4A137882
:10F8500004218B431370CFE79B1A5B014A4A9B1824
:10F86000DB69002B02D03078716898470134E4B22C
:10F87000464B1A782300511CA1420ADBA242EBD965
:10F88000434B1B6862019B18002BE9D1EEE7002473
:10F89000EEE73B4B1B785B072AD4394BDB78DB0761
:10F8A000C4D501AC0C220021200000F043FA3378CB
:10F8B00023700323637073680293324B1E68300019
:10F8C000143000F00FFA2100300000F04BFA72699A
:10F8D000B369BFF35F8F0021116083F310880028A4
:10F8E00037D001AB187859782A0000F0F3F99DE77A
:10F8F000234A137804218B43137001AF0C2200219B
:10F90000380000F017FA33783B7005237B701D4BED
:10F910001C682000143000F0E5F93900200000F0E8
:10F9200021FA6269A369BFF35F8F0021116083F33D
:10F930001088002806D001AB187859782A0000F00A
:10F94000C9F9AAE7662213491348FF3200F0E2F929
:10F95000A3E766220F491048FF3200F0DBF965E7A4
:10F960000E4A13780133DBB2137045E7662209496A
:10F970000948FF3200F0CEF958E7C04624D90310F9
:10F980000C3300206433002044DA0310F29A022082
:10F990005C310020C0D903100CA90310F49A022096
:10F9A00010B504001000002205E0E3689B07FCD5B9
:10F9B0008B5CA36001328242F7D300E0A368E36866
:10F9C0005B07FBD4E368DB06FCD400E0A368E368D4
:10F9D0005B07FBD40123236210BDF0B507001800BC
:10F9E0001D001C0008E0002C06D0FE68760703D539
:10F9F000BB681370013C013226002E430BD0002D52
:10FA0000F1D0FE68B607EED52B000833A342EAD941
:10FA1000B960013DE7E7F0BDD0231B06FF221A6560
:10FA2000D0231B061B6DDB072CD5D0231B069A6D3C
:10FA3000154B9A42F4D1EFF3108172B6D0231B0616
:10FA40001B6D9B07FAD5D0231B060F4A5A6540BF92
:10FA500000E020BFD0231B061B6DDB07F9D5D023A8
:10FA60001B069A6D094B9A42F4D181F31088D0237A
:10FA70001B061B6D9B07FAD5D0231B06034A5A654C
:10FA800040BFCDE77047C0461E83A873E17C578C0A
:10FA900010B502490C2000F0F5F810BD1C04005010
:10FAA00010B502490B2000F0EDF810BD0C04005019
:10FAB00070B50400002935D0406A102528436062E3
:10FAC000002A3DD0A06A20252843A062E06925686D
:10FAD00008358001A026F605B44660440160456003
:10FAE0008360616A0161216A20680830890161448C
:10FAF00008604A608B60A36A0B6163690B2B25D099
:10FB00000C2B00D076E0216AA022D205484BD258B7
:10FB100001238B40134222D0464B474A4748672176
:10FB200000F018F9002A05D0416A10208143616273
:10FB30004349C5E7434B404A4048403100F00AF989
:10FB4000A26A20208243A2623F4ABFE7216AA02224
:10FB5000D2053E4BD25801238B40134244D126009C
:10FB6000343600213000FFF729F9E269012319003A
:10FB700091400A00216A8B401343A021C9058622C7
:10FB8000D2008B50FA2189003000FFF7D9F8051E0A
:10FB900036D0E2699301A021C9058C4663441B69F4
:10FBA000DB01F7D4226A9301A021C9058C46634486
:10FBB0001B69DB01F7D43000FFF798F8002824D147
:10FBC000E3699B01A022D205944663441B69DB01D3
:10FBD00021D4236A9B01A022D205944663441B6969
:10FBE000DB011ED4280070BD194B134A1348642151
:10FBF00000F0B0F8174B104A10486A2100F0AAF83C
:10FC00001549164800F05EF8ECE7154B0A4A0B4818
:10FC10007F2100F09FF8134B074A0848802100F02D
:10FC200099F8114B044A0548812100F093F8C04629
:10FC30001C040000C0B803102CE5031024B8031006
:10FC400029E5031088B80310791500200C04000082
:10FC500094B80310488303101CE50310ECB803109C
:10FC600068B8031010B9031000B803107047C046FD
:10FC70000000000001B40248844601BC604700BF98
:10FC8000E512021001B40248844601BC604700BF7F
:10FC90007D02031001B40248844601BC604700BFE6
:10FCA0003913021001B40248844601BC604700BF0A
:10FCB0009191021001B40248844601BC604700BF24
:10FCC000E124021001B40248844601BC604700BF31
:10FCD0009D15031001B40248844601BC604700BF73
:10FCE0000568021001B40248844601BC604700BFA9
:10FCF0001966021001B40248844601BC604700BF87
:10FD0000DD64021001B40248844601BC604700BFB4
:10FD10000D93021001B40248844601BC604700BF45
:10FD20008158021001B40248844601BC604700BFFC
:10FD30003992021001B40248844601BC604700BFFA
:10FD4000C541021001B40248844601BC604700BFAF
:10FD50006591021001B40248844601BC604700BFAF
:10FD6000B554021001B40248844601BC604700BF8C
:10FD70002387021001B40248844601BC604700BFDB
:10FD8000E53C021000D01F10F47B0310F87B031039
:10FD9000047C0310147C0310247C0310307C0310BB
:10FDA00094C30310000020419A99414100003C4156
:10FDB0000A0000001C7B0310401400200D0000000E
:10FDC000010000000E000000000000000000000024
:10FDD0000100000000000000000000000000000022
:10FDE0000000000000000000000000000000000013
:10FDF0000000000000000000000000000000000003
:10FE000000000000000000000000000000000000F2
:10FE100000000000000000000000000000000000E2
:10FE200000000000000000000000000000000000D2
:10FE300000000000000000000000000000000000C2
:10FE400000000000000000000000000000000000B2
:10FE500000000000000000000000000000000000A2
:10FE60000000000000000000000000000000000092
:10FE70000000000000000000000000000000000082
:10FE80000000000000000000000000000000000072
:10FE90000000000000000000000000000000000062
:10FEA0000000000000000000000000000000000052
:10FEB0000000000000000000000000000000000042
:10FEC0000000000000000000000000000000000032
:10FED0000000000000000000000000000000000022
:10FEE0000000000000000000000000000000000012
:10FEF0000000000000000000000000000000000002
:10FF000000000000000000000000000000000000F1
:10FF100000000000000000000000000000000000E1
:10FF200000000000000000000000000000000000D1
:10FF300000000000000000000000000000000000C1
:10FF400000000000000000000000000000000000B1
:10FF500000000000000000000000000000000000A1
:10FF60000000000000000000000000000000000091
:10FF70000000000000000000000000000000000081
:10FF80000000000000000000000000000000000071
:10FF90000000000000000000000000000000000061
:10FFA0000000000000000000000000000000000051
:10FFB0000000000000000000000000000000000041
:10FFC0000000000000000000000000000000000031
:10FFD0000000000000000000000000000000000021
:10FFE0000000000000000000000000000000000011
:10FFF0000000000000000000000000000000000001
:020000041004E6
:1000000000000000000000000000000000000000F0
:1000100000000000000000000000000000000000E0
:1000200000000000000000000000000000000000D0
:1000300000000000000000000000000000000000C0
:1000400000000000000000000000000000000000B0
:1000500000000000000000000000000000000000A0
:10006000000000000000000000000000000004404C
:100070000C0000000B0000000A00000040420F00CE
:100080000000000000000000000000000000000070
:100090000000000000000000000000000000000060
:1000A0000000000000000000000000000000000050
:1000B000100000000000000000000100000000002F
:1000C000000000000000020000000000000000002E
:1000D0000000030000000000000000000000FF001E
:1000E0000000000001B5486801318E4600477046A7
:1000F00009380149884701BD4D1A0210000000006F
:1001000000000000000000000000000000000000EF
:1001100028260020812B0210452B0210012B0210F3
:10012000000000000000000000000000503300004C
:100130004C33000054330000523300004D53000094
:100140004D43000053340000433400001D59021099
:10015000C15902103D590210D1590210000000008F
:10016000000100006D5F0210095C0210D55E0210F4
:10017000F55B021000000000000100006833002061
:1001800010000C0000000000000000000000000053
:100190000000000000000000FF00000000400440DC
:1001A00000000000FFA50100FFFFFFFF00000200AC
:1001B0000000000000000000000000008815002082
:1001C000881500209015002090150020981500201B
:1001D00098150020A0150020A0150020A8150020CB
:1001E000A8150020B0150020B0150020B81500207B
:1001F000B8150020C0150020C0150020C81500202B
:10020000C8150020D0150020D0150020D8150020DA
:10021000D8150020E0150020E0150020E81500208A
:10022000E8150020F0150020F0150020F81500203A
:10023000F8150020001600200016002008160020E7
:100240000816002010160020101600201816002096
:100250001816002020160020201600202816002046
:1002600028160020301600203016002038160020F6
:1002700038160020401600204016002048160020A6
:100280004816002050160020501600205816002056
:100290005816002060160020601600206816002006
:1002A00068160020701600207016002078160020B6
:1002B0007816002080160020801600208816002066
:1002C0008816002090160020901600209816002016
:1002D00098160020A0160020A0160020A8160020C6
:1002E000A8160020B0160020B0160020B816002076
:1002F000B8160020C0160020C0160020C816002026
:10030000C8160020D0160020D0160020D8160020D5
:10031000D8160020E0160020E0160020E816002085
:10032000E8160020F0160020F0160020F816002035
:10033000F8160020001700200017002008170020E2
:100340000817002010170020101700201817002091
:100350001817002020170020201700202817002041
:1003600028170020301700203017002038170020F1
:1003700038170020401700204017002048170020A1
:100380004817002050170020501700205817002051
:100390005817002060170020601700206817002001
:1003A00068170020701700207017002078170020B1
:1003B0007817002080170020801700208817002061
:1003C0008817002090170020901700209817002011
:1003D00098170020A0170020A0170020A8170020C1
:1003E000A8170020B0170020B0170020B817002071
:1003F000B8170020C0170020C0170020C817002021
:10040000C8170020D0170020D0170020D8170020D0
:10041000D8170020E0170020E0170020E817002080
:10042000E8170020F0170020F0170020F817002030
:10043000F8170020001800200018002008180020DD
:10044000081800201018002010180020181800208C
:10045000181800202018002020180020281800203C
:1004600028180020301800203018002038180020EC
:10047000381800204018002040180020481800209C
:10048000481800205018002050180020581800204C
:1004900058180020601800206018002068180020FC
:1004A00068180020701800207018002078180020AC
:1004B000781800208018002080180020881800205C
:1004C000881800209018002090180020981800200C
:1004D00098180020A0180020A0180020A8180020BC
:1004E000A8180020B0180020B0180020B81800206C
:1004F000B8180020C0180020C0180020C81800201C
:10050000C8180020D0180020D0180020D8180020CB
:10051000D8180020E0180020E0180020E81800207B
:10052000E8180020F0180020F0180020F81800202B
:10053000F8180020001900200019002008190020D8
:100540000819002010190020101900201819002087
:100550001819002020190020201900202819002037
:1005600028190020301900203019002038190020E7
:100570003819002040190020401900204819002097
:100580004819002050190020501900205819002047
:1005900058190020601900206019002068190020F7
:1005A00068190020701900207019002078190020A7
:1005B0007819002080190020801900200000000018
:1005C0000300000020300020430000000000000075
:1005D000000000000000000000000000000000001B
:1005E00000000000000000004300000000000000C8
:1005F00000000000000000000000000000000000FB
:1006000000000000000000004300000000000000A7
:1006100000000000000000000000000000000000DA
:100620000000000000000000430000000000000087
:1006300000000000000000000000000000000000BA
:100640000000000000000000430000000000000067
:10065000000000000000000000000000000000009A
:100660000000000000000000430000000000000047
:10067000000000000000000000000000000000007A
:100680000000000000000000430000000000000027
:10069000000000000000000000000000000000005A
:1006A0000000000000000000C9510310394603108B
:1006B00000000000B8E9031050C103108CBE031005
:1006C0008CBE03108CBE03108CBE03108CBE0310B6
:1006D0008CBE03108CBE03108CBE03108CBE0310A6
:1006E000FFFFFFFFFFFFFFFFFFFFFFFFFFFF000018
:1006F0000100415343494900000000000000000090
:1007000000000000000000000000000000000000E9
:100710000000415343494900000000000000000070
:1007200000000000000000000000000000000000C9
:1007300000000000101B002000000000000000006E
:100740002030002088300020F03000200000000021
:100750000000000000000000000000000000000099
:100760000000000000000000000000000000000089
:100770000000000000000000000000000000000079
:100780000000000000000000000000000000000069
:100790000000000000000000000000000000000059
:1007A0000000000000000000000000000000000049
:1007B0000000000000000000000000000000000039
:1007C0000000000000000000000000000000000029
:1007D0000000000001000000000000000E33CDAB5F
:1007E00034126DE6ECDE05000B0000000000000096
:1007F00000000000000000000000000000000000F9
:1008000000000000000000000000000000000000E8
:1008100000000000000000000000000000000000D8
:1008200000000000000000000000000000000000C8
:1008300000000000000000000000000000000000B8
:1008400000000000000000000000000000000000A8
:100850000000000000000000000000000000000098
:100860000000000000000000000000000000000088
:100870000000000000000000000000000000000078
:100880000000000000000000000000000000000068
:100890000000000000000000000000002D2C0210ED
:1008A000592C0210C12D0210B5410210153502104D
:1008B0001D3F0210F52C0210752C0210952C021011
:1008C000A92C0210D51B0210B12C0210F923021022
:1008D000192C0210B5140210B1C100104DE900101E
:1008E000BD010110850E0110594A0110D16002109E
:0408F0000594021059
:04000005100001E9FD
:00000001FF
