:020000041000EA
:1000000000B5324B212058609868022188439860DF
:10001000D860186158612E4B002199600221596106
:100020000121F02299502B49196001219960352056
:1000300000F044F80222904214D00621196600F024
:1000400034F8196E01211966002018661A6600F04E
:100050002CF8196E196E196E052000F02FF8012189
:100060000842F9D1002199601B49196000215960AB
:100070001A491B48016001219960EB211966A021F2
:10008000196600F012F800219960164914480160C1
:100090000121996001BC002800D000471248134993
:1000A000086003C880F30888084703B5996A0420EC
:1000B0000142FBD001200142F8D103BD02B5186610
:1000C0001866FFF7F2FF186E186E02BD00000240BE
:1000D000000000180000070000035F00212200005C
:1000E000F4000018222000A00001001008ED00E03C
:1000F00000000000000000000000000074B24E7A12
:1001000000200420F7010010C3010010C5010010F9
:10011000C1010010C1010010C1010010C101001097
:10012000C1010010C1010010C1010010C701001081
:10013000C1010010C1010010C9010010CB01001065
:10014000CD010010CD010010CD010010CD01001037
:10015000CD010010CD010010CD010010CD01001027
:10016000CD010010CD010010CD010010CD01001017
:10017000CD010010CD010010CD010010CD01001007
:10018000CD010010CD010010CD010010CD010010F7
:10019000CD010010CD010010CD010010CD010010E7
:1001A000CD010010CD010010CD010010CD010010D7
:1001B000CD010010CD010010CD010010CD010010C7
:1001C00000BE00BE00BE00BE00BE00BEEFF3058054
:1001D000103800BEF2EB8871E036031014370310BC
:1001E0003802001090A31AE71E481F49086006C88D
:1001F00081F3088810471D480068002801D019487D
:10020000F3E70DA40ECC002902D000F012F8F9E7B4
:100210001749184A002000E001C19142FCD116495B
:100220008847164988471649884700BEFDE701C937
:1002300001C29A42FBD3704714370310C00000205C
:10024000C81C00201C5303100000042000000420E0
:100250001C530310001004200010042000000000B4
:10026000704700000000000008ED00E0000000D032
:10027000C81C0020F09A0220F59C01109D26001059
:10028000B79C0110F8B5C04606480749091A8B10FB
:10029000C90FC91810B5491003D0044B002B00D06A
:1002A000984710BDC81C0020C81C0020000000009A
:1002B000054B10B5002B03D00449054800E000BFF2
:1002C000FFF7E2FF10BDC04600000000843C0020A4
:1002D000609D021030B5032910D80023002406E0E9
:1002E0000268D25C55426A4114430133DBB2CAB2A0
:1002F0009A42F5D801235C40E0B230BD0020FCE713
:10030000094B0A4A1A6000221A719A6019000C31CE
:10031000D9621A8604325A86053A9A8600203C2110
:100320005854DA877047C046042A00207411002010
:1003300010B5C0218901024829F0AAFC10BDC046B1
:1003400000D01F0010B50100C0229201014829F021
:1003500087FC10BD00D01F0010B50800110018F078
:1003600005FB10BD10B5080018F018FB10BD10B546
:10037000080018F0E5FA10BD10B50400080080234D
:100380005B029C420DD221000931230009330AD2BD
:1003900003681B689847002802D0C480012383802B
:1003A00010BD0020FCE70020FAE70000F8B50700C8
:1003B0000D00140000280ED080235B02994210D259
:1003C00013689B680A000932010020009847061E46
:1003D00008D0C5800BE0074B074A0848332119F0C5
:1003E0006DFC002623685B683900200098473000C8
:1003F000F8BDC046609D0210709D02102C9E021038
:1004000010B50368002B04D042688A4207D3585CB9
:1004100010BD064B064A07482B2119F04FFC064B2E
:10042000034A04482C2119F049FCC046889E02105A
:10043000949E0210DC9E0210449F021070B50400CE
:100440000D0005E00B6823602B685B682800984767
:1004500021680029F6D170BD10B5002903D00368CA
:100460000B60016010BD034B034A0448433119F08F
:1004700025FCC046609D0210FC9F0210A09F021048
:1004800070B50368002504E01968016011E01D00E3
:100490001B68002B12D01C0008348C42F7D19988BD
:1004A000013989B29980002908D1002DECD0196852
:1004B000296011684C6819001000A04770BD000049
:1004C00010B50068002800D010BD034B034A044853
:1004D000272119F0F3FBC0465CA0021070A00210A7
:1004E000DCA0021070B504000D000B79042B0CD0B9
:1004F000052B17D0022B1ED1080027F0B3FE256074
:10050000606000232372200070BD0D68002D07D0AD
:10051000280027F0A7FE2560606001232372F2E720
:100520000020F8E70B681A000832DB88026043609D
:1005300000230372E7E70023036043600133037283
:10054000E1E7000010B50379002B03D10623037106
:10055000017010BD034B044AD4210448FF3119F047
:10056000ADFBC04640A102105CA10210A0A1021088
:1005700010B50379002B05D1002909D0052303719B
:10058000016010BD064B074A0748084919F096FB61
:10059000074B044A89310448890019F08FFBC04693
:1005A00040A1021000A20210A0A10210230200002C
:1005B0004CE3021010B50379002B08D140230371DE
:1005C000002303804380013B0380438010BD034B25
:1005D000034A8E210348890019F070FB40A10210E4
:1005E0006CA20210A0A1021010B50379002B08D153
:1005F00020230371002303804380013B0380438059
:1006000010BD034B034A0448044919F057FBC04688
:1006100040A10210CCA20210A0A1021046020000CC
:1006200010B504004168002904D003681868036805
:100630005B689847200010BD70B5040000238360FC
:100640004368002B00D070BD056829681F20FFF7A4
:1006500093FE002801D06060F5E701232B71FAE7D3
:1006600070B504000D004068002803D0A168C3885D
:10067000994208D06368002B04D0A268511CA16085
:100680009B181D7270BD2668490001313268FFF762
:100690008DFE002801D06060ECE701233371FAE79A
:1006A00010B54B68002B0AD08A689B1800221A727A
:1006B0004B680833896803604160027210BD034BC8
:1006C000034A04484D2119F0F9FAC04630A302103C
:1006D00044A30210A0A3021000B587B000900191BE
:1006E000002804D0010003A8FFF7FCFE039807B020
:1006F00000BD000010B50378052B03D8044A9B0009
:10070000985810BD034B044A0448452119F0D6FA05
:100710005C11002000A4021044A402108CA402105A
:1007200010B50078002802D00138C0B210BD034BCC
:10073000034A0448132119F0C1FAC046FCA4021070
:1007400008A5021094A50210A0239B01CB189BB210
:100750008022D20093420AD390239B01CB189BB2F4
:100760008022D200934207D341600120704789055F
:10077000890D01800020F9E703889B028905890D16
:100780000B43802252029446634443600120EDE70C
:1007900010B50378022B02D1C168806810BD034BED
:1007A000034A0448532119F089FAC046FCA50210F7
:1007B00020A6021084A6021010B50378032B02D1E4
:1007C000C168806810BD034B034A0448582119F0E2
:1007D00075FAC046E4A602100CA7021084A6021007
:1007E00010B50378012B01D1806810BD024B034A7C
:1007F00003485D2119F062FA70A702108CA702105D
:1008000084A6021010B50378042B02D1C168806859
:1008100010BD034B034A0448632119F04FFAC04648
:10082000CCA70210E8A7021084A6021030B589B048
:100830000500324B32481860C0229201290027F08F
:100840005DFB002843D01EF059FD00240AE0200083
:1008500015F09EFA01AB18550021200015F0B2FAF0
:100860000134E4B2192CF2D9FA24E400254822001C
:10087000002116F09DFD16F077FC23482200290088
:1008800016F096FD002406E001AB195D200015F07E
:1008900099FA0134E4B2192CF6D91EF001FE16F0D3
:1008A00023FA1A4A002316F0FDFE1000190017F073
:1008B000F1F90022164B17F004F902000B0015485D
:1008C00019F0E2FB144819F0AFFB09B030BD16F087
:1008D0000BFA0E4A002316F0E5FE1000190017F07F
:1008E000D9F900220A4B17F0ECF802000B00094876
:1008F00019F0CAFB094819F097FBE6E758110020E8
:1009000000D01F10310300104503001040420F00BB
:1009100000408F4028A8021034A802104CA80210F2
:1009200010B5014815F00CF968A8021010B501487F
:1009300015F006F984A8021010B516F0D5F90E4A84
:10094000002316F0AFFE1000190017F0A3F90022E3
:100950000A4B17F0B6F802000B00094819F094FB97
:10096000084819F061FB1EF0C9FCFA200121400083
:1009700016F042FCFEE7C04640420F0000408F40A8
:1009800028A80210A0A8021010B5D0231B068024AE
:1009900064015C628020000158628021C9005962B4
:1009A000802292015A629C61986199619A6110BD9E
:1009B00010B50068002800D010BD034B034A04485E
:1009C000262119F07BF9C046C4A90210D4A902104F
:1009D00048AA021010B5016082804B425941074B72
:1009E0009C46624453425A418A4200D110BD044B96
:1009F000044A0548162119F061F9C0460100FFFFBD
:100A0000A4AA0210C8AA021048AA021010B50068D1
:100A1000002800D010BD034B034A0448262119F0DA
:100A20004DF9C046C4A9021094AB021048AA0210A6
:100A30007047000010B5016082804B425941074B5E
:100A40009C46624453425A418A4200D110BD044B35
:100A5000044A0548162119F031F9C0460100FFFF8C
:100A6000A4AA021018AC021048AA021010B5016026
:100A700082804B425941074B9C46624453425A4143
:100A80008A4200D110BD044B044A0548162119F0D2
:100A900015F9C0460100FFFFA4AA0210F0AC021035
:100AA00048AA0210016042600023037270470000F0
:100AB000F0B5C64600B505000E000479002C13D130
:100AC0004B68032B16D8022303714B689846DFB29C
:100AD000BC421CD221003000FFF792FC002810D04D
:100AE00028550134E4B2F3E70D4B0E4A0E480F4986
:100AF00019F0E4F80E4B0B4A85210B48890019F0D8
:100B0000DDF80C4B074A08480B4919F0D7F8FF23CA
:100B1000424613400022EA5480BCB846F0BDC046AD
:100B200040A10210C0AD0210A0A1021013020000EB
:100B300058AE021078AE02101B02000070B5141EF1
:100B400004DD0C4E002C03DD002506E00A4EF9E71B
:100B50006442F9E764100135EDB2002C08D0E307D8
:100B6000F8D5EB00F3181A685B6816F0C8FFF1E7D8
:100B700070BDC046880D0310400D031070B50C1EEB
:100B800004DD0B4E002C03DD002506E0094EF9E7DD
:100B90006442F9E764100135EDB2002C06D0E3079A
:100BA000F8D5AB00F15817F0DEFCF3E770BDC04696
:100BB000240D03100C0D031010B50400080061682B
:100BC000002902D003685B68984700236360238094
:100BD000638010BD70B505000E00002407E0286A90
:100BE000E300C0183100FFF7E7FF0134A4B2AB8C7B
:100BF000A342F4D80023AB84013B2B85296AA94288
:100C000006D033685B68300098472D620423EB847C
:100C100070BD10B5040001680C30FFF7DBFF002346
:100C20002371216820000830FFF708FC10BD10B5C3
:100C30000400080061686288D20003689B689847D6
:100C4000002802D060606388238010BD70B5040066
:100C50000D00838C002B11D1216AA1420DD0A28CF2
:100C6000E38C9A4209D0D2002B689B6828009847F1
:100C7000206200280BD0A38CE38470BD006A074A71
:100C800094466344DB00C018FFF7D1FFE4E7044B50
:100C9000044A0548922119F011F8C046FFFFFF1FD2
:100CA00080AE021094AE021064A9021010B5438801
:100CB0008B4203D94068C900401810BD024B034A5B
:100CC00003484B2118F0FAFF40AF02104CAF02105E
:100CD00048AA021010B50B4B994211D0CB097F22C4
:100CE0001140828C9A4205D9006ADB00C018FFF7D8
:100CF000DDFF10BD044B054A0548712118F0DEFFE9
:100D00000020F6E7FFFF000034B0021048B00210E8
:100D100064A9021070B505000C000E8D0A4B9E42AE
:100D20000CD031002000FFF7D5FF01000388238598
:100D300032002800FFF77EFE280070BD034B044AF6
:100D40000448992118F0BAFFFFFF000034B10210E7
:100D50004CB1021064A9021010B582B004000091D9
:100D600001924188084A914205D16B469B880380D5
:100D7000438002B010BD0C331800FFF7ABFF6B4689
:100D80009B88C3806380F4E7FFFF000070B5040018
:100D90000368002B08D0DD880C3108002900FFF71C
:100DA00099FF2060A58070BD024B034A03481021C3
:100DB00018F084FF00B2021008B202107CB20210D8
:100DC00082B030B583B00400684600910192079369
:100DD000FFF7EEFD07AB9D88C58061880A4B9942FD
:100DE00008D16B469B882380658003B030BC08BC6B
:100DF00002B0184709980C30FFF76CFF6B469B88D0
:100E0000C3806580F1E7C046FFFF000070B584B085
:100E100004000D000C30FFF75DFF010002AE2A0058
:100E20003000FFF707FE6D4608223100684617F0D4
:100E3000D3FDA28E009B1A80AB88A38604B070BD40
:100E4000F0B5C64600B582B080460E00048810E0BA
:100E500030000C302100FFF73DFF0100C788220061
:100E60006846FFF7B7FD0099019A300000F031F8AD
:100E70003C00064B9C42EBD101235B42424613806F
:100E8000538002B080BCB846F0BDC046FFFF0000F2
:100E900070B504000D000379DB070DD42379DB0660
:100EA00012D4237960221A4203D029002000FFF7D0
:100EB000C7FF0023237170BD016808312A6828002C
:100EC0000830FFF7DDFAE9E721882800FFF79EFFE9
:100ED000E7E770B586B004006D4600910192684660
:100EE000FFF766FD2100FFF7D3FF0098FFF7A0FD95
:100EF0000100AA8804AE3000FFF79CFD02AD082275
:100F00003100280017F068FDA28E029B1A80AB8882
:100F1000A38606B070BD10B50B000279D20605D5C8
:100F200001880C331800FFF7D5FE10BD0020FCE748
:100F3000704770B504000800FFF7FAFF230026C8C9
:100F400026C3200070BD704710B504004B68002B0D
:100F500009D04A880888824209D300232360013BD4
:100F6000A380200010BD0360013B8380F9E7501C83
:100F70004880D10059182000FFF75CFDF1E7000020
:100F800030B583B005008B8C002B15D0013B9CB293
:100F9000096AE300C9186846FFF7D6FF00990029DF
:100FA00010D06B469A88E401121992B22800FFF71C
:100FB00041FD280003B030BD054B064A0648A1217B
:100FC00018F07CFE00232B60013BAB80F1E7C046AC
:100FD000E0B20210ECB2021064A9021070B5040075
:100FE0000800E38C80229200934219D05B009DB2EE
:100FF000216AA14209D0EA0003689B689847061E4F
:1010000012D02662E584012070BDE90003681B68E8
:101010009847061E06D02022210017F0DDFCF0E7DD
:101020000020F1E70020EFE70020EDE770B50500B4
:101030000C00100000290AD0C90013681B689847EB
:101040006860002809D02C8000236B8070BD044BA1
:10105000044A0548332118F031FE0024F3E7C04666
:10106000A0B30210A8B3021048AA021070B5040081
:101070000E00828CC38C9A4211D0236AA58C681C06
:1010800080B2A084ED005D1980239B0098420CD0B3
:10109000802132002800FFF7C9FF280070BDFFF74C
:1010A0009DFF0028E9D10025F7E77F21F1E7000047
:1010B000F0B583B007000C0016000D8D124B9D4259
:1010C0000DD18B8C002B0FD06846FFF759FF009B8A
:1010D000002B09D06B463A0003CB03C201E0FFF7B7
:1010E00019FE380003B0F0BD31002000FFF7BEFF4D
:1010F000002804D021003800FFF742FFF1E7002369
:101100003B60013BBB80ECE7FFFF000030B583B0E4
:1011100005000C000A680C316846FFF7C9FF009B08
:10112000002B10D06846FFF771FC011E03D000238E
:101130000371013BC3806B469A882800FFF74AFC85
:10114000280003B030BD0133237100232B60013B25
:10115000AB80F5E770B582B005000C006846FFF77C
:10116000D5FF009E002E05D023003100019A2800F3
:10117000FFF7F2FD300002B070BDF0B587B005009A
:101180000E001400110004A8FFF7C0FF049F002FF9
:1011900010D0210002A8FFF7B9FF029B002B0CD052
:1011A00033600194039B0093029B0499059A2800E5
:1011B000FFF706FE380007B0F0BD1F00FAE730B5B4
:1011C00083B005000C000A680C316846FFF770FF19
:1011D000009B002B0BD06C466846FFF717FC010004
:1011E000A2882800FFF742FC280003B030BD01337D
:1011F000237100232B60013BAB80F5E782B070B513
:1012000084B001AC01906160A2600993002816D0FF
:10121000099B002B19D0029E0A9B9E421DD10024DF
:10122000B44218D2210001A8FFF7EAF80500210016
:1012300009A8FFF7E5F8854215D10134F0E70B4B1B
:101240000B4A0C482D2118F039FD0B4B084A094870
:101250002E2118F033FD012000E0002004B070BC06
:1012600008BC02B018470020F8E7C046B4B402102A
:10127000C4B4021030B6021094B6021030B587B074
:101280000D00046800E02468002C11D02100083112
:10129000E28803A8FFF706FC04AB6A4603CB03C24F
:1012A000039B28686968AA68FFF7A8FF0028EAD0AE
:1012B000200007B030BD0000F0B589B005000E1E5B
:1012C00025D04468002C28D0083401948768390060
:1012D00001A8FEF7FFFF002825D1E41900232370A1
:1012E0002C6805AFAA6801993800FFF7DBFB2000E6
:1012F00008303900FFF7C2FF041E1FD08388013376
:10130000838021003000FFF733F909B0F0BD174B9F
:10131000174A18481D2118F0D1FC174B144A1548DC
:101320001E2118F0CBFC02AD3A0021002800FFF787
:10133000B9FB29003000FFF7BBFBE6E72F686868C0
:10134000A9683A68FFF732F8041E07D02868083009
:101350002100FFF781F800236B60D2E701233B7186
:10136000064B034A03482A2118F0A8FCA4B6021031
:10137000B8B60210A0A3021030A30210609D0210A4
:1013800070470000F0B5DE4657464E464546E0B58C
:1013900087B08246884600291CD009782B291FD0A7
:1013A0002D2923D12C398C46E0448B4641460878C0
:1013B00001003039C9B2092937D92E2861D000235C
:1013C00052461370504607B0F0BCBB46B246A94621
:1013D000A046F0BD9F4BA04AA0486E3118F06EFCAD
:1013E00001218C46E04400218B46DFE700218B463B
:1013F000DCE79B498C4226D96346002B5AD15B46D9
:10140000002B41D080231B069D4255D801D1002CD2
:1014100052D100236242AB410221504601708260EA
:10142000C360CFE74C4522D9E6E7002400254146BA
:1014300009788C463039C9B289460929DCD88949EE
:101440008D42D9D8D5D0A10FAB000B43A20020000C
:101450002900801859410018494100900191040069
:101460000D004E460027F1438946691CDAD00098EA
:1014700001998019794104000D0001218C46E04456
:10148000D5E700240025D2E7032352461370946069
:10149000D56097E70A2200232000290016F002F900
:1014A00004000D00013636B280235B039D42F1D269
:1014B000414606E00026F7E70026F5E7013636B29A
:1014C00001310A781300303BDBB2092BF6D988468C
:1014D0002E2A0FD043461B78652B35D0452B33D0B1
:1014E0000022B61843461B78002B7DD000235246BD
:1014F000137067E701239C46E044B446424613E07C
:10150000A70FA9003943A00024184D4124196D41AB
:10151000029300230393029E039FA4197D41664614
:10152000013E33B29C4601321378303BDBB2092BCB
:1015300007D84D4FBD42F6D8E2D14C4FBC42F2D84D
:10154000DEE766469046C5E74346581C5B782D2B80
:1015500015D02B2B16D00027002201780B00303B32
:10156000DBB2092B39D893009B185B0030395A182D
:10157000B1189A235B00994208DC0130EDE7013095
:101580000127E9E7404602300027E5E7002F0BD0AE
:101590005B46002B06D080221206012351460B70B9
:1015A0008A600FE70022F8E75B46002B0ED0002090
:1015B0002F49FFF7E5FE0D000200802109066B1898
:1015C0000421504601708260C360FBE60020284978
:1015D000FFF7D6FE02000B00F2E7002F02D05242C6
:1015E00080467EE780467CE7330026334C2B01D8CB
:1015F000002D15D02000290016F04CFB3200FFF71B
:101600009DFA04000D005B46002B03D080210906E3
:101610006B181D000423524613709460D560D1E608
:10162000002D03D180231B049C42E3D2200029001B
:1016300017F060F83100FFF7A1FA5B46002B04D1E8
:101640000123524613709060BCE680231B069C4623
:101650006044F5E720B7021028B7021084A60210F4
:10166000999999999999991999990100989999999C
:101670000000F07F7047000010B5FFF7FBFF006827
:10168000002800D010BD0148FCE7C046F807031051
:10169000704710B504000800FFF7FAFF206004232C
:1016A0006360033B2372200010BDF0B587B00400D7
:1016B0000E00110003AD2800FFF7EBFF6B466A46F2
:1016C00083CD83C2220040C223CB23C2200007B0B7
:1016D000F0BD704710B504000800FFF7FAFF206066
:1016E00007236360063B2372200010BDF0B587B06E
:1016F00004000E00110003AD2800FFF7EBFF6B465E
:101700006A4683CD83C2220040C223CB23C220007D
:1017100007B0F0BD704770B504000800FFF7FAFF8E
:10172000230026C826C3200070BD82B0F0B58BB060
:10173000060010921193139D131E0AD00C882800E6
:101740000C302100FFF7C6FA029002AB9C80012406
:101750000FE00260013B838030000BB0F0BC08BC9E
:1017600002B0184701235C40E4B2290002A8FFF749
:101770000DFB029B002B1ED0002CF3D002A8FEF71D
:101780009FFE010004AF3800FEF7ACFE390007A849
:10179000FFF7C1FF08AB6A4603CB03C2079B109853
:1017A0001199129AFFF72AFD0028DBD002AB320014
:1017B00003CB03C2D0E73360013BB380CCE710B565
:1017C00088B00391049205930A9B0193059B0093B3
:1017D0000A00049B010006A8FFF7A7FF069800284F
:1017E00004D00A9906A8FFF7D1FA069808B010BDF0
:1017F0000023FF2282425B41D8B2704710B504003B
:10180000FFF7F6FF002801D0E0B210BD0020FCE792
:10181000002806DBC30FFF22002182424B41D8B2D1
:1018200070470020FCE710B50400FFF7F1FF002827
:1018300001D0E0B210BD0020FCE70123002902D155
:1018400002D1FF2800D90023D8B2704710B5040098
:10185000FFF7F3FF002801D0E0B210BD0020FCE745
:1018600000290ADB0123002902DD0023D8B27047DA
:101870000029FBD1FF28F9D9F7E70020F7E710B5D9
:101880000400FFF7EDFF002801D0E0B210BD0020FA
:10189000FCE7000010B5041C002116F0ABFE002888
:1018A00007D00549201C16F09DFE002802D001201B
:1018B00000E0002010BDC04600007F4310B5041CAE
:1018C000FFF7E8FF002804D0201C16F0F9FEC0B294
:1018D00010BD0020FCE7000070B504000D000022E0
:1018E000002316F065F9002809D00022054B2000DE
:1018F000290016F055F9002802D0012000E0002050
:1019000070BDC04600E06F4070B504000D00FFF7E9
:10191000E3FF002805D02000290016F0A3F9C0B28B
:1019200070BD0020FCE710B50378032B18D00AD84F
:10193000012B11D0022B04D1C1688068FFF79FFFF3
:101940000DE000200BE0042B04D1C1688068FFF794
:10195000DBFF04E0002002E08068FFF7AFFF10BD6E
:10196000C1688068FFF772FFF9E710B584B0010025
:101970006846FFF707FD6846FFF7D5FF04B010BDC6
:1019800010B50400FFF7C7FA23791E2B31D89B004E
:10199000194AD3589F4620782CE02068FFF72EFF85
:1019A00028E02068FFF73FFF24E041680068FFF768
:1019B0004DFF1FE041680068FFF761FF1AE020005B
:1019C000FFF7D3FF16E020680028F9D10B4B0C4A33
:1019D00018210C48FF3118F071F920680830EFE742
:1019E0002068FFF76BFF05E041680068FFF78CFF98
:1019F00000E0002010BDC046F80B031088B70210AD
:101A000098B70210A0A102102F2801D939280ED9A9
:101A10002E280ED005D9452811D0652811D164385B
:101A200006E02B2807D02D2807D12C3800E0012014
:101A300070470120FCE70120FAE70020F8E70120C9
:101A4000F6E70020F4E7000010B50379002B04D17D
:101A50000E2303710160012010BD034B034AED21E9
:101A60000348490018F02AF940A1021028B80210D2
:101A7000A0A1021010B58379002B0BD103685A1C6A
:101A800002601B78002B0BDD002B0CDB03710123A4
:101A9000437110BD054B064A0648252118F00EF982
:101AA00001228271F0E70023F0E7C04634B902104A
:101AB0003CB90210BCB9021010B50400200010306F
:101AC000637D002B0FD0237D002B0FD0202B14D84B
:101AD000092B12D3093BDBB20A4ADA40D2070CD5F4
:101AE00000236375EAE7FFF7C5FFECE7237B002BD4
:101AF00001D1012004E0022002E001232373002031
:101B000010BDC0461300800070B504000D001030F9
:101B1000637D002B06D0237D9D4206D10023637593
:101B2000012070BDFFF7A6FFF5E70020F9E770B5CB
:101B300004000D0008E0237D002B10D02A789A4283
:101B40000FD10135002363752878002808D02000C4
:101B50001030637D002BEED1FFF78CFFEBE7022006
:101B600070BD0320FCE770B505000E0000230B805C
:101B700000240EE0FFF77EFF12E0303BDBB20F2BBC
:101B80001CD8328812011343338000236B75013453
:101B9000E4B2032C0ED8280010306B7D002BE9D066
:101BA0002B7D002B08D0402BE7D920229343373BD5
:101BB000DBB2E4E7002070BD0220FCE70320FAE777
:101BC00030B583B00D007F2811D9694600230B7012
:101BD0003F220240803B13434B70800983B21F2B8E
:101BE0000AD840235B4203438B70CC1C25E0C1B272
:101BF0002800FEF735FD24E03F21014080225242BB
:101C00000A4369468A709A090F2A05D820235B4245
:101C10001343CB7001AC10E03F21114080225242AF
:101C20000A436946CA701B0B1022524213430B71C0
:101C30004C1D02E02800FEF713FD013C217800292D
:101C4000F8D103B030BD000070B584B0040002AB21
:101C500000221A80039206001036437D002B03D029
:101C6000257D0023637526E03000FFF703FFF7E7CB
:101C70003000FFF7FFFE21E0002363756B46991DDE
:101C80002000FFF770FF002801D004B070BD6B4644
:101C9000D98802A8FEF758FD00280CD0039821002F
:101CA000FFF78EFF07E05978002929D000236375DC
:101CB0002000FEF7D5FC637D002BD9D0217D0023C9
:101CC00063758D4213D0002916D05C29F0D1300005
:101CD000FFF7D0FE227D002A10D0752ACCD00A4B07
:101CE00019780029E0D08A42DDD00233F8E7636832
:101CF000002B07D00020C8E70220C6E70220C4E777
:101D00000320C2E70420C0E714BA021070B5040033
:101D10000E00FEF791FC2000FFF796FF051E01D094
:101D2000280070BD31002000FFF7C6FAF8E7012057
:101D3000002900D00020C0B27047000010B5006834
:101D4000002800D010BD034B034A0448262117F099
:101D5000B5FFC046C4A9021028BA021048AA021052
:101D6000F0B583B0040016001F000379002B0BD1DF
:101D700010003900FFF7DBFF051E0BD00A2323718B
:101D80002660280003B0F0BD0B4B0C4A0C487E21A6
:101D900017F094FF08996846FFF711FA009B002B93
:101DA000EFD01A232371684683882380FFF7C6FF8C
:101DB000066047600125E4E740A10210A4BA0210C2
:101DC00018BC0210F0B583B0040016001F000379A0
:101DD000002B12D11000390015F094FF051C16F0ED
:101DE00097FC32003B0015F0CDFE00280BD00E23EF
:101DF00023712560012003B0F0BD0D4B0D4A0E4844
:101E00004C2117F05BFF08996846FFF7D8F9009B53
:101E1000002B0AD01E232371684683882380FFF796
:101E20008DFF066047600120E5E70020E3E7C0463C
:101E300040A1021078BC021018BC021080221206C9
:101E40000023801859410123002900D00023D8B273
:101E500070470000F0B583B0040016001F0003793E
:101E6000002B0BD110003900FFF7E8FF051E0BD047
:101E70000C2323712660280003B0F0BD0B4B0C4AE5
:101E80000C48672117F01AFF08996846FFF797F981
:101E9000009B002BEFD01C2323716846838823808E
:101EA000FFF74CFF066047600125E4E740A1021000
:101EB00084BD021018BC0210F0B5CE46474680B56E
:101EC00087B006008946102398468044437D002B46
:101ED00014D0377D00243800FFF796FD002811D07C
:101EE0003E2C0FD800237375651CEDB2341927778B
:101EF0004046FFF7BFFD377D2C00ECE74046FFF77B
:101F0000B9FDE6E734190023237731001C3102AC18
:101F10002000FFF737FA2478032C26D013D8012CA1
:101F200036D0022C0DD102A8FEF732FC02000B00C5
:101F3000B16900914846FFF78DFF002836D0002494
:101F400020E003241EE0042C0DD102A8FEF75AFC69
:101F500002000B00B16900914846FFF733FF0028EB
:101F600010D000240EE003240CE002A8FEF724FCAD
:101F700002000B00B16900914846FFF7F1FE00280E
:101F800012D00024200007B0C0BCB946B046F0BD56
:101F900002A8FEF725FC011CB2694846FFF754FD74
:101FA000002805D00024EDE70424EBE70424E9E74A
:101FB0000424E7E72F2801D9392809D95E2801D957
:101FC0007A2807D9402807D95A2807D9002004E0E1
:101FD000012002E0012000E0002070470120FCE722
:101FE00070B5040006001036437D002B09D0257D16
:101FF000002D0AD02800FFF7DDFF002812D10320B2
:1020000020E03000FFF736FDF1E7104B104AE221E7
:102010001048490017F052FE257D2800FFF7CAFF3F
:1020200000280CD00023637529002000FEF718FB60
:10203000637D002BF0D13000FFF71CFDECE76368F7
:10204000002B00D070BD0420FCE7C046ECEC021071
:10205000ECBE0210B4BF021010B50400FEF7ECFA9B
:1020600020001030637D002B08D0237D272B08D063
:10207000222B06D02000FFF7B3FF05E0FFF7FAFCA4
:10208000F3E72000FFF7E0FD10BD0000F0B58DB0D4
:1020900005000E0003AA1370DBB2002B00D17BE019
:1020A00010306B7D002B0CD02B7D7B2B0CD10023B3
:1020B0006B752800FFF700FD041E0BD020000DB04B
:1020C000F0BDFFF7D7FCEFE7344B354A3548F32135
:1020D00017F0F4FD7D212800FFF716FD00282CD015
:1020E000ECE7AA6905A93000FFF747F8011E4DD0BB
:1020F0002800FFF7E1F8059C03A8FEF711FB031C7D
:1021000000222100280000F04FF8041ED6D128003C
:10211000FFF7D2FC041ED1D17D212800FFF7F4FC8B
:102120000028CBD12C212800FFF7EEFC002831D06D
:102130002800FFF7C1FC041EC0D12800FFF78CFF68
:10214000041EBBD12800FFF7B7FC041EB6D13A210C
:102150002800FFF7D9FC00281AD006AF2900380064
:10216000FEF79EFA09AC39002000FEF7E2FEAB69EB
:10217000009309990A9A0B9B3000FFF720FB05900A
:102180000028AED0A969FEF783FEB4E7042495E7E2
:10219000032493E7032491E705248FE714C002107A
:1021A00028C00210B4BF021070B506000C001D1C40
:1021B000FFF782FC00281CD130001030737D002B0B
:1021C0000CD0337D7B2B10D85B2B0AD35B3BDAB270
:1021D000202A0AD893001F4AD3589F46FFF74AFC8B
:1021E000EFE7222B1AD0272B18D021003000FFF761
:1021F00063FE70BD2000FEF7DDF901002B1C0022FC
:10220000300000F08BF8F4E72000FEF7EDF9010054
:102210002B1C00223000FFF739FFEAE721003000D5
:10222000FFF774FDE5E701212000FEF78BF90A496D
:102230003000FFF77CFCDCE700212000FEF782F98C
:1022400006493000FFF773FCD3E705493000FFF77C
:102250006EFCCEE7740C031090C10210A8CB0210E4
:1022600098C1021070B504000D000022FFF79CFF1A
:10227000002806D1237D002B03D02B791B0700D526
:10228000032070BDF0B5C64600B59AB0040088467C
:1022900001AE328007003837FEF7BBFC00233B71EC
:1022A00003AD0394049305932B73424607926B7519
:1022B000AB7509947378002239002800FFF7D2FF2C
:1022C000061C2800FEF7ACF9216820000C30FEF750
:1022D000BDFC301C1AB080BCB846F0BD10B582B051
:1022E00004000800FFF7C6F9FFF7C6F9010001ABCB
:1022F0000A225A701A886B461A80009A2000FFF74B
:10230000C1FF02B010BD00B583B00191FEF71BFE06
:1023100001A9FFF7E3FF03B000BD000070B582B074
:1023200005000E0001AA1370DBB2002B43D0103061
:102330006B7D002B0CD02B7D5B2B0CD100236B75A0
:102340002800FFF7B9FB041E0BD0200002B070BDBF
:10235000FFF790FBEFE71A4B1A4A1B489D2117F035
:10236000ADFC5D212800FFF7CFFB0028EDD1A96966
:102370003000FEF7EFFE041E1FD001A8FEF7D0F9D3
:10238000031C002221002800FFF70EFF041EDCD1F1
:102390002800FFF791FB041ED7D15D212800FFF72D
:1023A000B3FB0028D1D12C212800FFF7ADFB00287A
:1023B000DDD10334C9E70524C7E70424C5E7C046D7
:1023C000A0C10210B4C10210B4BF021070B58AB02F
:1023D0000391049205930379202B0ED107AA03AB36
:1023E00070CB70C2002806D00E9A00920799089A06
:1023F000099BFFF7E4F90AB070BD0020EEE7F0B5E5
:1024000087B0030002CB0800383003AAE0CBE0C25B
:102410000B00383305D000910399049A059BFFF710
:10242000D5FF07B0F0BD10B582B00400FFF7E7FF9D
:10243000216800900191FEF74FF902B010BD000035
:1024400030B57E4CA5447E4B7E4A1A60002013F0C6
:102450006FF823F0D1FA002819D023F07BFB7A49DA
:102460000122C6208001684421F066FB002825D1A6
:10247000764B774A774969447748684422F03FF9B8
:1024800000285AD10124002C5CD101251BE014F056
:102490002BFC724A002315F005F91000190015F005
:1024A000F9FB00226E4B15F00CFB02000B006D488F
:1024B00017F0EAFD6C4817F0B7FDCEE7022000F0F8
:1024C000D1FB01240025C0229201002102A816F0B0
:1024D00083FA00230193002D01D0002C46D1584BE4
:1024E0001968C022920102A816F076FA5F4802A984
:1024F000FFF709FF6B461870C3B2002B66D15C4C26
:102500006C445C4A59492000FFF7CFF82000FFF7E0
:102510008AFF5949032225F0D9FD002800D074E034
:10252000564B01221A7048490022002021F004FB7A
:10253000FEF72AFA524B9D4430BD032000F092FB77
:102540000024A0E701224F4969444F48684421F024
:1025500023FB002808D0082801D12500B3E7032079
:1025600000F080FB2500AEE72500ACE7C02201AB00
:10257000920102A94448684421F0C4FC00280AD012
:10258000032000F06FFB2E4B1968C022920102A8B5
:1025900016F022FAAAE714F0A7FB304A002315F040
:1025A00081F81000190015F075FB00222C4B15F076
:1025B00088FA02000B002B4817F066FD019933489A
:1025C00017F062FD02A8FEF731F98FE714F08CFBDB
:1025D000224A002315F066F81000190015F05AFB86
:1025E00000221F4B15F06DFA02000B001D4817F07A
:1025F0004BFD6846FEF77EF80100254B180017F0EA
:1026000043FD032000F060FB79E7224C6C44194A3B
:1026100016492000FFF749F82000FFF704FF1E4984
:10262000072225F053FD002803D1144B02221A7013
:1026300079E7124B00221A7075E7C04694C9FFFF74
:102640005811002000D01F102CC3021030C30210FC
:10265000F8070310083000002831000040420F0046
:1026600000408F4028A8021018C30210042A00203E
:10267000483600007CC3021084C30210D09A0220A6
:102680006C36000022300000E833000040C3021026
:1026900064C302105836000088C3021010B514F04D
:1026A000B7FC17F081FC894814F00EFA14F01CFBFB
:1026B000874A002314F0F6FF1000190015F0EAFA1B
:1026C0000022844B15F0FDF902000B00824817F040
:1026D000DBFC82480022042117F0D6FC00F046FA09
:1026E000FFF7AEFE07F026F901F020FD7C4B1B78CA
:1026F000002B22D0012B7AD0022B00D18EE001F0EA
:10270000A9F8002800D1C6E014F0EEFA704A0023C0
:1027100014F0C8FF1000190015F0BCFA00226D4B30
:1027200015F0CFF902000B006B4817F0ADFC6D48B7
:1027300017F07AFC1CF0A6FDFEE714F0D5FA644A07
:10274000002314F0AFFF1000190015F0A3FA0022C7
:10275000604B15F0B6F902000B005F4817F094FCCF
:10276000614817F061FC00F0A9FD02F037FA04F0AF
:102770009BFD02F0C5FF02F011F8002819D114F0FA
:10278000B3FA534A002314F08DFF1000190015F01E
:1027900081FA00224F4B15F094F902000B004E48CD
:1027A00017F072FC514817F03FFC012000F0D4FAFA
:1027B000A5E703F05DFA0028A1D114F095FA444A88
:1027C000002314F06FFF1000190015F063FA0022C7
:1027D000404B15F076F902000B003F4817F054FC0F
:1027E000434817F021FC022000F0B6FA87E714F006
:1027F0007BFA374A002314F055FF1000190015F03A
:1028000049FA0022334B15F05CF902000B00324804
:1028100017F03AFC374817F007FC70E714F064FA39
:102820002B4A002314F03EFF1000190015F032FA75
:102830000022284B15F045F902000B00264817F03E
:1028400023FC2D4817F0F0FB00F038FD02F0C6F92C
:1028500002F056FF10F0A0FC01F0A0FF002800D00D
:102860004DE714F041FA1A4A002314F01BFF100040
:10287000190015F00FFA0022164B15F022F902008C
:102880000B00154817F000FC184817F0CDFB01208D
:1028900000F062FA33E714F027FA0D4A002314F02F
:1028A00001FF1000190015F0F5F90022094B15F091
:1028B00008F902000B00084817F0E6FB0F4817F074
:1028C000B3FB032000F048FA1EE7C046881300005F
:1028D00040420F0000408F4028A8021090C3021011
:1028E000D09A0220DCC30210A8C30210A8A80210CC
:1028F000B4A80210C0C30210CCC30210C4A80210B6
:1029000030B585B00500FFF77AFD04002D6802A9F7
:1029100002904D600822684616F05EF8002C05D043
:1029200029002000FFF72CF805B030BD0020FBE7A0
:1029300070B53E4CA544050000242B5D002B05D04E
:10294000C0239B019C4201D20134F6E7002012F023
:10295000EFFD23F051F800283AD023F0FBF814F0F3
:1029600003FC3349012268A821F0E6F8061E46D18F
:10297000304B314A0AA952A821F0C1FE00284FD09D
:10298000CD26F6006E442D4A2D493000FEF7AEFEEE
:102990003000FFF7B5FF03002A4A2821684617F0E8
:1029A0000FF90A226946FFA80C3021F0F5F8061E3F
:1029B00028D1002322002900FFA80C3021F0C8FBF9
:1029C000061E1FD1FFA80C3021F0C6FD060019E03D
:1029D00014F08AF91C4A002314F064FE1000190058
:1029E00015F058F90022194B15F06BF802000B0096
:1029F000174817F049FB174817F016FBADE7022000
:102A000000F030F90A490022002021F095F8FDF786
:102A1000BBFF73425E41F0B2CF23DB009D4470BD2B
:102A20004220684421F07AFEAAE7C04688F9FFFFF9
:102A30002CC3021030C30210F8070310ECC30210BD
:102A4000042A0020F4C3021040420F0000408F40CF
:102A500028A8021018C3021010B5FDF751FC10BDD4
:102A600070B518E001210E4814F0C6FB0D4B012291
:102A70001A7014F079FBD0252D068026B6046E61FD
:102A8000FA24A40020001CF0BBFD14F06DFBAE6125
:102A900020001CF0B5FD034B1B78002BE2D0E8E7CB
:102AA00088130000CC9A0220F0B5C64600B5002479
:102AB00000E000242B4B1D78002D1ED0A54214D918
:102AC000D0252D0640236B6180266E61FA201CF014
:102AD00097FDAE61FA201CF093FD0134E4B2214B66
:102AE0001B780533A342E4DBE4E7D0231B068022F6
:102AF0005A61FA201CF084FDEFE71B4B1E78002E74
:102B000024D0A64218D9D0263606402398467361B1
:102B100080277761FA201CF073FD4346B361B761EB
:102B2000FA201CF06DFD0134E4B20F4B1B78053325
:102B3000A342BFDA2C00BDE7D0231B0640225A6116
:102B400040325A61FA201CF05BFDECE7D0231B06F3
:102B500040229A6140325A6100201CF0E9FD3400A5
:102B6000A8E7C046CB9A0220CA9A022030B583B0AB
:102B70002F4B00251D70192012F0ACFFD024240625
:102B800080239B0463626361072012F0A3FF80230C
:102B900063626361062012F09DFF402363626361FC
:102BA00024492548254B01930123009300238022CB
:102BB0001CF0EBF9802222492248234B0193022387
:102BC0000093002352001CF0E0F914F08DF81F4A26
:102BD000002314F067FD1000190015F05BF80022C7
:102BE0001B4B14F06EFF02000B001A4C200017F074
:102BF0004BFA194817F018FA14F076F8134A002324
:102C000014F050FD1000190015F044F80022104B8C
:102C100014F057FF02000B00200017F035FA0F48A0
:102C200017F002FA0E4B1D625D6203B030BDC04664
:102C3000CC9A022048C40210612A0010E828002023
:102C400054C40210A92A0010E428002040420F00BA
:102C500000408F4028A8021064C402107CC40210F7
:102C60000080054010B5040014F03EF8104A00231F
:102C700014F018FD1000190015F00CF800220D4B8F
:102C800014F01FFF02000B000B4817F0FDF90B4872
:102C9000210017F0F9F90A4B1B78002B01D0002C0A
:102CA00005D1074B1C70074B18681CF099FA10BD32
:102CB00040420F0000408F4028A8021098C4021024
:102CC000CB9A0220E4280020F8B5050014F00CF897
:102CD0001A4A002314F0E6FC1000190014F0DAFF81
:102CE0000022174B14F0EDFE02000B00154817F000
:102CF000CBF91548290017F0C7F9002400E000249B
:102D0000AC4212D2D0263606402373618027776109
:102D1000FA2014F027F8B761FA2014F023F80134F0
:102D2000E4B26B1DA342EADBEAE7D0231B06802254
:102D30005A61FA2014F016F8F1E7C04640420F003D
:102D400000408F4028A80210A4C40210014B18783C
:102D50007047C046CB9A0220F0B5C64600B50600C3
:102D600013F0C2FF1C4A002314F09CFC1000190051
:102D700014F090FF0022194B14F0A3FE02000B0088
:102D8000174817F081F91748310017F07DF9002432
:102D900000E00024B44215D2D0252D0640239846E9
:102DA0006B6180276F61FA2013F0DCFF4346AB6153
:102DB000AF61FA2013F0D6FF0134E4B2731DA342D1
:102DC000E7DBE7E7D0231B0640225A6140325A6115
:102DD000FA2013F0C7FFEFE740420F0000408F409A
:102DE00028A80210BCC4021010B504001F2112F064
:102DF0003DFD00220021200012F052FD00212000A4
:102E000012F054FE10BD0000F0B5DE4657464E46A7
:102E10004546E0B5A5B0282200211AA815F0D6FD38
:102E20006022002102A815F0D1FD01239B4600235A
:102E300098469A46994600270193B3E02C00082C47
:102E40000EDC651C1AABAA00D058A200D05000219D
:102E500015F0BAFB0028F1D0A4001AABE650EDE75C
:102E600023960024002005E0A2001AABD15815F0EB
:102E70005FFB0134092CF7DD584915F05EFB041C9B
:102E8000574B18607D1CADB2E1231B019F421DD240
:102E90005B46002B1AD1534B1C68534B1968201CFE
:102EA00015F09AFB002805D05049201C15F0AAFB0C
:102EB00000283BD14E4B1968201C15F0A3FB0028BD
:102EC00043D14B46002B5DD04C4630E0019B581C53
:102ED000C0B29F0002ABFC50182114F0A5FBCBB28E
:102EE0000193002501E00135EDB2172D0BD8AB00A1
:102EF00002AA9858002115F067FB0028F3D0AB0018
:102F000002AA9C50EFE700240020172C07D8A2004B
:102F100002ABD15815F00CFB0134E4B2F5E73549AA
:102F200015F00BFB2F4B18600025B4E70124434636
:102F3000002B05D1002C09D002F0A8FDA04608E026
:102F400003F086F90023984603E000244B46002B4B
:102F50001AD1244B1E68284B1968301C15F03CFB15
:102F6000002814D02149301C15F04CFB00280ED04D
:102F70005346002B0ED102F089FD00F053FC0123D3
:102F80009A4607E04C46E1E702F08AFEE1E7534645
:102F9000002B1CD1FA2080001CF032FBA1462F0030
:102FA00000239B46154B04221A60154B1B68DB055A
:102FB000FBD5134B586880B215F029FB114915F069
:102FC000D2FA114915F0B4FA061C002437E702F0D2
:102FD00067FE00F033FC00239A46DBE70000204147
:102FE000C82F0020CC2F0020801100200000A0401E
:102FF0007C1100200000C0417811002000E0044056
:1030000000C00440499A103CCDCC4C3F014B18689D
:103010007047C046CC2F0020014B18687047C0464F
:10302000C82F0020704710B504000800FFF7FAFF12
:1030300020600A236360093B2372200010BDF0B5B5
:1030400087B004000E00110003AD2800FFF7EBFF6E
:103050006B466A4683CD83C2220040C223CB23C283
:10306000200007B0F0BD704710B504000800FFF75E
:10307000FAFF20600C2363600B3B2372200010BD1D
:10308000F0B587B004000E00110003AD2800FFF773
:10309000EBFF6B466A4683CD83C2220040C223CB3E
:1030A00023C2200007B0F0BD704710B5040008002F
:1030B000FFF7FAFF20600F2363600E3B23722000AE
:1030C00010BDF0B587B004000E00110003AD28005C
:1030D000FFF7EBFF6B466A4683CD83C2220040C2F6
:1030E00023CB23C2200007B0F0BD0120704710B5EC
:1030F000041CFFF7FAFF002803D0201C15F008FB82
:1031000010BD00200021FBE70120704770B50500CD
:103110000C00FFF7F9FF002804D02800210014F06C
:10312000ADFD70BD00200021FBE70120704770B5A8
:1031300005000C00FFF7F9FF002804D0280021004B
:1031400014F0A8FD70BD00200021FBE701207047AE
:1031500070B504000D00FFF7F9FF002802D0200031
:10316000290070BD00200021FBE710B50378032B78
:103170001AD00BD8012B13D0022B04D1C168806860
:10318000FFF7C4FF0FE0002000210CE0042B04D166
:10319000C1688068FFF7DCFF05E00020002102E045
:1031A0008068FFF7A4FF10BDC1688068FFF7BFFF0C
:1031B000F9E710B584B001006846FEF7E3F8684609
:1031C000FFF7D3FF04B010BD10B50400FDF7A3FE58
:1031D00023791E2B30D89B00194AD3589F4620785C
:1031E00014F000FD2AE0206814F0FCFC26E02068C2
:1031F00014F0FCFC22E04168006814F04BFD1DE077
:103200004168006814F03AFD18E02000FFF7D1FF94
:1032100014E020680028F9D10A4B0B4A0B48EA2138
:1032200016F04CFD20680830F0E7206815F070FAC1
:1032300004E04168006801E00020002110BDC046A4
:10324000D00D031088B70210D4C40210A0A1021040
:1032500030B585B00500FFF7D2F804002D6802A94B
:1032600002904D600822684615F0B6FB002C05D090
:1032700029002000FFF7A8FF05B030BD0020002185
:10328000FAE770B584B005000E00FFF7B8F8040047
:103290002B6802A902904B600822684615F09CFB3F
:1032A000002C06D023791B0703D52800FFF7D0FF99
:1032B00001E03068716804B070BD000030B595B0B1
:1032C0001AF078F91A20FFF78FFD304B1B68E022C7
:1032D000D20113402E4A136002AD2E4A2E4C21001B
:1032E0002800FFF7ACFE00222C4B0692079306A99C
:1032F0002800FFF7C6FF14F005FD294B186008AD44
:10330000284A21002800FFF7BBFE274A274B0C92D2
:103310000D930CA92800FFF7B4FF14F0F3FC244B25
:1033200018600EAD234A21002800FFF7CAFE0022D4
:10333000214B1292139312A92800FFF7A2FF14F059
:10334000E1FC1E4B186080221D491E481E4B019354
:1033500003230093002352001BF017FE13F0C4FC5C
:103360001A4A002314F09EF91000190014F092FC80
:103370000022174B14F0A5FB02000B00154816F0B5
:1033800083FE154816F050FE15B030BD00C0044055
:1033900000D004405CC50210042A002000802740B1
:1033A0008011002068C50210333333333333284093
:1033B0007C11002078C50210000024407811002004
:1033C00088C50210092E0010C42F002040420F00B3
:1033D00000408F4028A8021098C5021030B583B075
:1033E00004000D00002301930F4B1B68002B01D03C
:1033F0000F2808D0019B012B0FD02900200012F0CC
:10340000A1FA03B030BD094811F02CF9064B186839
:1034100001AA00211CF0AAFFECE7002BEDD0044B21
:10342000802252051A60E8E79C2B0020A02B002088
:1034300004ED00E000B583B00448002300930F338F
:103440001122034910F082FA03B000BDA02B002026
:1034500000C00340F0B5C64600B584B007000E00BA
:1034600015001C0001212A4B186849421BF0AAF9DB
:1034700000201BF029FE80460E2100201BF034FEA8
:1034800013F032FC234A002314F00CF91000190049
:1034900014F000FC0022204B14F013FB02000B0080
:1034A0001E4816F0F1FD1E4800942B003200390032
:1034B00016F0EAFD03AA1770D6705570947019487B
:1034C0000423FF2111F0C0FA002812D0164B1B78FC
:1034D000002B15D1414600201BF006FE0C4B18684E
:1034E0000023002200211AF0C7FE04B080BCB846B9
:1034F000F0BD0530FFF7B6FB0B4B01221A70E9E770
:103500000020FFF7AFFB084B00221A70E2E7C0462D
:10351000982B002040420F0000408F4028A8021046
:10352000B4C50210A02B0020DE9A022030B585B071
:1035300000900191029203930121274B18684942A0
:103540001BF040F900201BF0BFFD05000E210020FC
:103550001BF0CAFD13F0C8FB204A002314F0A2F8A8
:103560001000190014F096FB00221D4B14F0A9FA6C
:1035700002000B001B4816F087FD1B4816F054FD97
:103580001A480E236A46FF2111F05EFA002810D077
:10359000174B1B78002B17D1290000201BF0A4FD2E
:1035A0000D4B18680023002200211AF065FE05B0BB
:1035B00030BDD0231B0640225A610530FFF752FB75
:1035C0000B4B01221A70E7E70020FFF74BFB084B7B
:1035D00000221A70E0E7C046982B002040420F00FE
:1035E00000408F4028A80210E4C50210A02B002044
:1035F000DE9A022030B583B001AC20800121284B37
:10360000186849421BF0DEF800201BF05DFD050044
:103610000E2100201BF068FD13F066FB214A0023F9
:1036200014F040F81000190014F034FB00221E4B77
:1036300014F047FA02000B001C4816F025FD217813
:1036400062781B4816F020FD1A4802232200FF2151
:1036500011F0FAF9002810D0174B1B78002B17D166
:10366000290000201BF040FD0D4B186800230022AC
:1036700000211AF001FE03B030BDD0231B0640220A
:103680005A610530FFF7EEFA0B4B01221A70E7E79B
:103690000020FFF7E7FA084B00221A70E0E7C04667
:1036A000982B002040420F0000408F4028A80210B5
:1036B000F4C50210A02B0020DE9A0220F0B5D646F9
:1036C0004F464646C0B58AB080460D0017009A4660
:1036D0000121294B186849421BF074F800201BF0A7
:1036E000F3FC81460E2100201BF0FEFC002407E0C5
:1036F0000530FFF7B7FA214B01221A702034A4B22B
:10370000AC4228D213F030FD01AE202200216B46DE
:10371000981D15F05BF937705346737043461919BD
:103720002A1B202A00D920226B46981D15F054F937
:103730001348222301AAFF2111F086F90028D7D0CF
:103740000E4B1B78002BD9D00020FFF78BFA0B4BC8
:1037500000221A70D2E7494600201BF0C5FC064B38
:1037600018680023002200211AF086FD0AB0E0BC90
:10377000BA46B146A846F0BD982B0020DE9A02203A
:10378000A02B002070B506000D000121194B186810
:1037900049421BF017F800201BF096FC04000E2194
:1037A00000201BF0A1FC14482B003200FF2111F077
:1037B0004BF900280FD0114B1B78002B12D12100A0
:1037C00000201BF091FC0B4B186800230022002105
:1037D0001AF052FD70BD0530FFF744FA074B012285
:1037E0001A70ECE70020FFF73DFA044B00221A7034
:1037F000E5E7C046982B0020A02B0020DE9A02208F
:1038000010B5044B186815F00BF814F027FF40B200
:1038100010BDC046C02F0020014B18787047C0462D
:10382000DC9A022010B5034810F098FB024B0122ED
:103830001A7010BDA02B0020DD9A022010B503489D
:1038400010F090FA024B00221A7010BDA02B00203D
:10385000DD9A022010B5034810F0B6FB002800D016
:10386000012010BDA02B002000487047982A00209E
:10387000F0B589B094464D68019502AB0C00083450
:10388000C4CCC4C31431D0C9D0C3856003000C3389
:1038900002A970C970C370C970C36346436209B09E
:1038A000F0BDF8B5050014001E000F8818000C309C
:1038B0003900FDF70FFA2860AF8004E031002800DE
:1038C000FDF764FA013C2A68002A01D0002CF5D1EA
:1038D0002800F8BD00B583B01300002805D00A0009
:1038E00001006846FFF7DDFF009803B000BD10B58A
:1038F000002804D00379402B02D1FFF7EBFF10BD65
:103900000020FAE7704710B504000800FFF7FAFF3F
:10391000206005236360043B2372200010BDF0B5D6
:1039200087B004000E00110003AD2800FFF7EBFF85
:103930006B466A4683CD83C2220040C223CB23C29A
:10394000200007B0F0BD704710B504000800FFF775
:10395000FAFF20600B2363600A3B2372200010BD36
:10396000704710B504000800FFF7FAFF2060092334
:103970006360083B2372200010BDF0B587B00400DF
:103980000E00110003AD2800FFF7EBFF6B466A46FF
:1039900083CD83C2220040C223CB23C2200007B0C4
:1039A000F0BDC043C00F70470120704701230029BC
:1039B00002D102D1002800DA0023D8B27047802259
:1039C00012060023801859410123002900D000234A
:1039D000D8B2704710B50400FDF79DFA23791A2B71
:1039E00017D009D80A2B10D00C2B03D12068FFF771
:1039F000DBFF0DE000200BE01C2B04D141680068C8
:103A0000FFF7DDFF04E0002002E02068FFF7C9FFB8
:103A100010BD41680068FFF7C9FFF9E700B583B042
:103A200000900191002803D0FFF7D4FF03B000BD40
:103A30000020FBE710B50400FFF7B3FF002801D01A
:103A4000200010BD0020FCE710B50400FFF7ACFF1C
:103A5000002801D0200010BD0020FCE710B50400B4
:103A6000FFF7A4FF002801D0200010BD0020FCE7D4
:103A700010B50400FFF7A3FF002801D0200010BDFF
:103A80000020FCE770B504000D000022084B14F084
:103A90008FF8002809D0074A074B2000290014F0AE
:103AA0007FF8002802D0012000E0002070BDC04651
:103AB0000000E0C10000C0FFFFFFDF4170B504005F
:103AC0000D00FFF7DFFF002804D02000290014F0CC
:103AD000A5F870BD0020FCE77047000010B5041C7D
:103AE000CF21090614F086FD00280AD00748FFF709
:103AF000F3FF011C201C14F075FD002803D00120E9
:103B000000E0002010BD0020FCE7C046FFFFFF4E94
:103B100010B5041CFFF7E2FF002803D0201C14F0AE
:103B20009DFD10BD0020FCE710B50378032B18D0D5
:103B30000AD8012B11D0022B04D1C1688068FFF78D
:103B400097FF0DE000200BE0042B04D1C1688068D2
:103B5000FFF7B4FF04E0002002E08068FFF7D8FF21
:103B600010BDC1688068FFF779FFF9E710B584B030
:103B700001006846FDF706FC6846FFF7D5FF04B074
:103B800010BD000010B50400FDF7C5F923791E2B08
:103B900031D89B00194AD3589F4620782CE02068E2
:103BA000FFF748FF28E02068FFF74EFF24E0416858
:103BB0000068FFF753FF1FE041680068FFF758FFF8
:103BC0001AE02000FFF7D2FF16E020680028F9D1A4
:103BD0000B4B0C4A18210C48FF3116F06FF8206887
:103BE0000830EFE72068FFF793FF05E041680068C1
:103BF000FFF764FF00E0002010BDC0464C0E03102C
:103C000088B7021014C60210A0A1021030B585B00A
:103C10000500FEF7F4FB04002D6802A902904D6038
:103C20000822684614F0D8FE002C05D02900200098
:103C3000FFF7A8FF05B030BD0020FBE730B583B02B
:103C400004000D00FEF7DBFB216800900191FFF7F7
:103C5000E5FE002802D1286803B030BD2000FFF740
:103C6000D5FFF9E730B587B013F03EF82B4A0023B3
:103C700013F018FD1000190014F00CF80022284B66
:103C800013F01FFF02000B00264816F0FDF926482E
:103C900016F0CAF901AC254A25492000FFF76DFE50
:103CA0009623059305A92000FFF7C8FFC50F2D181F
:103CB0006D10ADB21F4C0021200010F077FB0922DF
:103CC0000821200010F02CFC1B4B197820000FF06D
:103CD00053FE082120000FF027FF184920000FF0A5
:103CE00039FF142120000FF0A9FF1549200010F022
:103CF000A3FA052120000FF0E7FF0921200010F0B2
:103D00000BFB012120000FF03FFE2900200010F0E6
:103D100091FC200010F026F807B030BD40420F00A3
:103D200000408F4028A802109CC60210B0C60210A6
:103D3000042A0020A02B0020DC9A022000C064444A
:103D400020A10700F0B5D7B010AB04221A730022EF
:103D50005A738BE12500627856236B441E78330931
:103D6000C5480F243440009416F08EF96B784E2B22
:103D700003D0C24816F058F9A1E0AA781109ED78ED
:103D80002B090F242240BE482C40009416F07CF9E9
:103D9000EFE755226A441278BA4909788A4202D07C
:103DA000FF2A00D091E01698149056236B4419789E
:103DB00001F0C2FFB44B1868002114F005FC002884
:103DC00007D0B2480FF0DAFDAF4C14F025FC2060AC
:103DD00022E0AE480FF0D2FD14F01EFC002114F0DA
:103DE000C2FBA94C216814F0A3FB206014E055220B
:103DF0006A441278A34909788A4201D0FF2A66D121
:103E000010AC0E2216A9200014F0E6FD10981199AE
:103E1000129A139B01F000FC12F066FF9C4A0023EB
:103E200013F040FC1000190013F034FF0022994BEE
:103E300013F047FE02000B00974816F025F993484F
:103E40000FF09CFD0100954B180016F01DF956234C
:103E50006B441C78924B1B5D002B02D1904B0122CE
:103E60001A5512F041FF8F4BE4001B19186059607E
:103E700086480FF09DFF00286BD016ACFF22002172
:103E8000200014F0A3FD002355226A44137056222B
:103E90006A441370FF2257336B441A707B485523D2
:103EA0006B44009356236B44A83A6A4421000FF0F8
:103EB0009DFF13F059F921782A2900D14AE75723A9
:103EC0006B441B78042B00D163E70E2B8FD0022BA1
:103ED00027D0222BA0D133336B441B78694A147846
:103EE000A34201D0FF2B97D106AD222216A92800AC
:103EF00014F072FD2B789C428ED12C0056236B441B
:103F00001B7805930AAB6A4623CB23C2196811605C
:103F10009B88938006986168A268E36804F0E8FED5
:103F20007AE755226A441278564909788A4201D0C4
:103F3000FF2ACED10FAB16AA12881A801B7899429D
:103F400000D069E756236B4419780F9801F08CFA7A
:103F500062E74E4810F064FB07240440631FDBB2A5
:103F6000012B08D9032C06D0072C04D04E4A137815
:103F70000133137002E04C4B00221A704A4B1B783D
:103F80000A2B01D8002443E012F0AEFE404A002381
:103F900013F088FB1000190013F07CFE00223D4B4B
:103FA00013F08FFD02000B003B4D280016F06CF85B
:103FB0003E48210016F068F834480FF0CFFFFFF7B5
:103FC00051FE12F091FE324A002313F06BFB1000F9
:103FD000190013F05FFE00222E4B13F072FD020059
:103FE0000B00280016F050F8314816F01DF8C9E70C
:103FF0002B4B00225A552B4BEA009B181E685F681A
:1040000012F072FE801BB941002918DB0134A4B202
:10401000FE2C1CD82500224B1B5D002BEBD0214B26
:10402000E2009B181E685F6812F05EFE801BB941BB
:104030000129DDDCDFD11F4B9842DCD9D8E712F033
:1040400053FE184BED005B1918605960DEE70D4B0D
:104050001A78134B012199540122FA239B000093F3
:1040600000235242002100201CF050F8124B1B7814
:10407000002B00D1FCE6EFE7BCC60210080A0310D3
:10408000C8C60210DC9A0220C02F0020A02B0020FE
:1040900040420F0000408F4028A8021050D9021063
:1040A000982A0020301E0020DA9A0220D4C602107E
:1040B000ECC60210FFFC7045DD9A0220F0B587B017
:1040C00004000430FEF79BF9616803AA230014334F
:1040D000E0CBE0C2002805D000910399049A059B2B
:1040E000FEF774F907B0F0BD10B504000430FFF717
:1040F000E5FF616AA268FFF7FAFB10BD30B585B035
:104100000500FFF7F1FF0400AD6802A902904D60C1
:104110000822684614F060FC002C05D0290020001D
:10412000FDF72EFC05B030BD0020FBE7F0B5A5B0D3
:104130005548FF22002114F049FC5448FF22D200C8
:10414000002114F043FC15AD514A524C21002800C7
:10415000FDF7CCFA2800FEF7D3FB4F4E30704F4AE4
:10416000210019A8FFF7DBFB199F209721AB1AAAA2
:1041700013CA13C315004A491000FFF7E5FB0BAC47
:10418000230007CD07C303A94F6005AB21AAA1CA2D
:10419000A1C32200A1CAA1C300222000FFF768FB2F
:1041A0002000FFF7ABFF3F4B187001201AF036F9E3
:1041B0003D4B18603D4C3E49200019F0C3F90121E8
:1041C000102011F053FB0121122011F04FFB0121AF
:1041D000132011F04BFB63680222134035490A603B
:1041E000216805325140C8320A4033490A60334AD7
:1041F00013600F2011F06EFCD0231B0680221202E8
:104200009A622F4B012208210F2011F0EBFBFFF7E0
:1042100029FD12F069FD2B4A002313F043FA100028
:10422000190013F037FD0022274B13F04AFC02005F
:104230000B00264C200015F027FF3178244815F09C
:1042400023FFA02223492448244B01930D230093EC
:10425000002392001AF099FE12F046FD194A00233D
:1042600013F020FA1000190013F014FD0022164B71
:1042700013F027FC02000B00200015F005FF184882
:1042800015F0D2FE25B0F0BD982A0020301E002087
:10429000ECC30210042A0020DC9A0220F8C60210A7
:1042A00000C70210DB9A0220982B002000C00340B8
:1042B000404B4C0004F0034000D0034004E00340B6
:1042C000DD33001040420F0000408F4028A802104C
:1042D0000CC7021018C70210453D00109C2B00208F
:1042E00024C7021010B5FFF7A5F810BD0721064B33
:1042F00006E000221A715A719A71DA71013910338D
:104300000029F6DA7047C046C81C0020D0B5DEE0B0
:1043100012F0EAFC774B22019B189860D96030E0DC
:10432000744B22019B185B79002B01D0002849D0E7
:10433000704B22019B181B79002B04D16D4B9B18ED
:104340009B79002B53D16B4B22019B189E68DF6831
:1043500012F0CAFC801BB941002900DAA6E0013442
:10436000072C00DDAAE0644B1868E1B203685B68C3
:10437000002298475F4B22019B189871DB79984285
:10438000C6D15C4B220199188879C871D35C012B86
:10439000C6D0032BC4D0022BC2D0043BDBB2042B0B
:1043A00005D8544B22019B181B79984247D1514B99
:1043B0002201D35C002BC6D14E4B22019B189A7967
:1043C0001A71C0E74B4B9B189E68DF6812F08CFC9B
:1043D000801BB941002903DCAAD1484B9842A7D9D8
:1043E000444B22019B1800225A711A71ABE7414BD2
:1043F0009B189E68DF6812F077FC801BB94100298A
:1044000003DCA0D13E4B98429DD93A4B220199182A
:1044100001200871D35C022B06D1364BCA781201F9
:104420009B181B79002B06D1324B22019B18587820
:1044300001F054FB87E7887801F050FB83E72D4BB0
:104440009B189E68DF6812F04FFC801BB941002961
:1044500003DCACD12B4B9842A9D9264B2201D35C6B
:10446000042B07D0234B22019B189A791A7100F074
:10447000DDFF68E712F038FC234A002313F012F93D
:104480001000190013F006FC0022204B13F019FB5A
:1044900002000B001E4815F0F7FD164B22019B1879
:1044A0009A791C48210015F0EFFDDBE712F01CFCA7
:1044B000104B22019B189860D96050E70E4B18688A
:1044C00003681B68FF21984705201BF099F801211C
:1044D000114C206849421AF075F9074B18680368B7
:1044E0009B689847206800230022002119F0C4FE31
:1044F000002435E7C81C0020C028002007A50700BD
:104500006F17000037C7000040420F0000408F4087
:1045100028A802103CC70210C4280020014B1868CC
:104520007047C046C428002010B50249802214F00C
:1045300053FA10BDC81C0020002301E00133DBB298
:10454000072B12D8094A19018A5C013AD2B2012A12
:10455000F4D8064A521852788242EFD1034A5218D0
:104560000121117100215171E8E77047C81C00203A
:10457000002301E00133DBB2072B10D8084A1901F0
:104580008A5C032AF6D1064A521852788242F1D147
:10459000034A52180121117100215171EAE7704755
:1045A000C81C002030B500230AE0114AAA5C8A42E8
:1045B0000FD10F4A24011219012454710133DBB2C7
:1045C000072B13D81C000A4A1D0152195278824247
:1045D000EBD0074A2501AA5C8A42EFD10229EDD12E
:1045E000034A521992788242E8D1E2E730BDC046D0
:1045F000C81C002070B505000023002014E01F4CEB
:104600001E01A4196478AC4216D11C4A0C0112197F
:104610001479002C06D0194A090152185279002A3F
:1046200000D120000133DBB2072B25D81900134A33
:104630001C01A25C012AE2D0022AF3D10F4A0C012C
:1046400012195278AA420ED00C4A0C011219927813
:10465000AA42E7D1094A1419E478240112191279FF
:10466000002ADFD0D1E7054A1419E4782401121991
:104670001279002AC9D0E7E770BDC046C81C0020E7
:1046800010B50400002301E00133DBB2072B14D87E
:104690000B4A19018A5C032AF6D1094A521852784A
:1046A000A242F1D1064A521810790028ECD0044AEF
:1046B00052185279002AE7D100E0002010BDC04610
:1046C000C81C002010B50400002301E00133DBB258
:1046D000072B14D80B4A19018A5C052AF6D1094A1E
:1046E00052185278A242F1D1064A52181079002885
:1046F000ECD0044A52185279002AE7D100E0002099
:1047000010BDC046C81C002010B50400002301E005
:104710000133DBB2072B14D80B4A19018A5C062A35
:10472000F6D1094A52185278A242F1D1064A5218DB
:1047300010790028ECD0044A52185279002AE7D1A7
:1047400000E0002010BDC046C81C002010B50400C9
:10475000002301E00133DBB2072B14D80B4A190107
:104760008A5C072AF6D1094A52185278A242F1D13E
:10477000064A521810790028ECD0044A521852798F
:10478000002AE7D100E0002010BDC046C81C002070
:10479000014B18787047C046C39A022010B5034BEE
:1047A000186803681B68FF21984710BDC0280020C7
:1047B00010B500230024002001E00133DBB2072BF9
:1047C0000DD8074A19018A5C082AF6D1044A521802
:1047D0001279A2401043C0B20134E4B2EDE710BD3B
:1047E000C81C0020704770B504000800FFF7FAFFEE
:1047F0000568002D08D0280023F034FD2560606096
:1048000000232372200070BD0020F7E7F0B58BB0C5
:1048100005000B00110005AC220041CB41C216007F
:104820001000FCF736FF6A466B4603CC03C3190041
:104830003000D0C8D0C1291D11CA11C12A000C32C4
:1048400013CB13C228000BB0F0BDF0B58BB0050040
:104850000B00110005AC220041CB41C21600100034
:10486000FFF751F86A466B4603CC03C319003000CA
:10487000D0C8D0C1291D11CA11C12A000C3213CBD6
:1048800013C228000BB0F0BDF0B58BB005000B00D3
:10489000110005AC220041CB41C216001000FCF70C
:1048A00019FF6A466B4603CC03C319003000D0C819
:1048B000D0C1291D11CA11C12A000C3213CB13C259
:1048C00028000BB0F0BD00B585B0010001A8FFF7CE
:1048D0008AFF019B002B02D0002005B000BD012003
:1048E000FBE7000082B0F0B5CE46474680B585B004
:1048F00001AC01906160A2600D93002819D00D9B5E
:10490000002B1CD0029B99460E9B984699451CD2C1
:104910004F460024BC4223D2210001A8FBF770FDC2
:10492000050021000DA8FBF76BFD85420FD1013476
:10493000F0E7104B104A1148142115F0BFF9104B45
:104940000D4A0E48152115F0B9F91F00E1E7281AA4
:1049500005B0C0BCB946B046F0BC08BC02B01847B0
:10496000C14502D304D80020F2E701204042EFE71E
:104970000120EDE7B4B4021050C7021030B60210A7
:1049800094B6021030B58DB003AD03910492059337
:1049900006AC01002000FFF726FF290009A8FCF75C
:1049A000C8FA0AAB6A4603CB03C2099B069807996B
:1049B000089AFFF797FF002805DB02DC01200DB005
:1049C00030BD0420FBE70220F9E710B50B000068BA
:1049D00009685A689B68FFF7D5FF10BD30B591B0E4
:1049E00004000D001100FCF796FA2379202B25D83E
:1049F000052B11D2032B4BD0042B2BD0022B17D11C
:104A0000200023F02FFC01A90194486000230B72C1
:104A10002800FFF7DAFF0FE0053BDBB201229A40E6
:104A20001300204A13423BD1DA0724D41B010CD4D3
:104A300028680021FFF747FF11B030BD402BF7D1A8
:104A40006B680C940D930020F6E76B680E940F933F
:104A50000020F1E72468002C0BD0200023F002FC9A
:104A600004A90494486001230B722800FFF7ADFFEE
:104A7000E2E70020F4E723681A000832DB8807A980
:104A800007924B6000230B722800FFF79EFFD3E7CD
:104A900023681A000832DB880A920B930020CBE7C8
:104AA0000020C9E7A202A00200B585B000900191E4
:104AB000002808D0019B02A902924B601A00FFF760
:104AC0008DFF05B000BD00211000FFF7FCFEF8E7E8
:104AD00000B585B0009001911268039203AAFFF718
:104AE000E3FF05B000BDF0B587B0030040689968EA
:104AF00003AA0C33E0CBE0C2002805D00091039953
:104B0000049A059BFDF762FC07B0F0BD10B5FFF7F6
:104B1000EAFF002804D0007943425841C0B210BDDA
:104B20000120FCE730B585B00500FFF7DCFF04008D
:104B3000AD6802A902904D600822684613F04CFF50
:104B4000002C05D029002000FCF71AFF05B030BD6D
:104B50000020FBE770B584B004000E000800FFF7EA
:104B6000C2FF0500B66802A902904E60082268469E
:104B700013F032FF25606660200004B070BD10B5F0
:104B800084B0019102AC01002000FFF7E3FF01AA0D
:104B900002980399FFF79CFF013843425841C0B285
:104BA00004B010BD70B584B005000E000800FDF71C
:104BB00026FC0400366802A902904E60082268466E
:104BC00013F00AFF002C02D02379202B04D12C6093
:104BD0006E60280004B070BD0024F8E7F0B5C6464A
:104BE00000B5E44CA544E44AE44C210012A8FCF7CB
:104BF0005CFD12A902A8FFF7D5FFE14A210016A823
:104C0000FCF753FD16A904A8FFF7CCFFDD4A2100ED
:104C10001AA8FCF74AFD1AA906A8FFF7C3FFDA4A4B
:104C200021001EA8FCF741FD1EA908A8FFF7BAFF46
:104C3000D64A210022A8FCF738FD22A90AA8FFF7CE
:104C4000B1FFD34A210026A8FCF72FFD26A90CA806
:104C5000FFF7A8FFCF4A21002AA8FCF726FD2AA9C2
:104C60000EA8FFF79FFFCC4A21002EA8FCF71DFDE0
:104C70002EA910A8FFF796FF012019F0CFFBC74B14
:104C80001860C74CC749200018F084FB032104209A
:104C900010F0ECFD0321052010F0E8FD00220121B9
:104CA000042010F0FDFD00220121052010F0F8FD88
:104CB000BD4B18682022210010F0B0FC012818D04C
:104CC00002283ED012F010F8B84A002312F0EAFC95
:104CD0001000190012F0DEFF0022B54B12F0F1FEB9
:104CE00002000B00B34815F0CFF9B34815F09CF95A
:104CF0001FE0182013F076FE0400A94920220EF0D0
:104D00009DFBA94B1C6011F0EFFFA84A002312F095
:104D1000C9FC1000190012F0BDFF0022A44B12F0D4
:104D2000D0FE02000B00A34815F0AEF9A34815F021
:104D30007BF99D4B186803681B68FF219847002486
:104D400045E011F0D1FF994A002312F0ABFC1000AE
:104D5000190012F09FFF0022954B12F0B2FE0200E4
:104D60000B00944815F090F9954815F05DF918205E
:104D700013F038FE04008A49202210F06BFD8A4BA4
:104D80001C60D6E750AE8F4A29003000FFF73EFD89
:104D90008D493000FFF7F3FE002862D08B4E2701CB
:104DA0000323BB5556AB9846894A29001800FFF7E4
:104DB0002DFD4046FFF7B6FEF61970700138707091
:104DC000824B22019B1800225A711A710134072C60
:104DD00000DD27E1E30002AA9B58002BF6D0E30098
:104DE000D518784A290032A8FFF710FD794932A872
:104DF000FFF7C5FE0028C5D0744E27010123BB551F
:104E0000754A290038A8FFF720FD38A8FFF78AFE69
:104E1000F619707001387070704A29003EA8FFF7CB
:104E200014FD3EA8FFF772FE0028C9D1674E022389
:104E3000BB556A4A290044A8FFF707FD44A8FFF7BD
:104E400071FEF619B0700138B070654A29004AA8A1
:104E5000FFF71AFD4AA8FFF765FEF0700138F07001
:104E6000AEE75CAE574A29003000FFF7CFFC5C4943
:104E70003000FFF784FE002804D0544B22010421A7
:104E8000D1549DE762AE4F4A29003000FFF7BEFCC7
:104E900054493000FFF773FE00281BD04B4E27010A
:104EA0000523BB5568AB9846494A29001800FFF70F
:104EB000ADFC4046FFF736FEF61970704A4B1B7882
:104EC000834201D2484B1870404B22019B18013895
:104ED000587075E76EAE3B4A29003000FFF796FC2C
:104EE00042493000FFF74BFE00281BD0374E270108
:104EF0000623BB5574AB9846354A29001800FFF7C6
:104F000085FC4046FFF70EFEF6197070364B1B7895
:104F1000834201D2344B18702C4B22019B1801386C
:104F200058704DE77AAE274A29003000FFF76EFC33
:104F30002F493000FFF723FE00285BD0234E2701C6
:104F40000723BB5580AB9846214A29001800FFF77C
:104F50005DFC4046FFF7E6FDF6197070224B1B78AA
:104F6000834201D2204B1870184B22019B18013844
:104F7000587025E7D0FDFFFFB8C80210042A0020B2
:104F8000C0C80210C8C80210D0C80210D8C8021089
:104F9000E0C80210E8C80210F0C80210C4280020BF
:104FA00070150020801A0600C028002040420F0023
:104FB00000408F4028A8021020C90210F8C8021033
:104FC0000CC902107CC302105CC90210C81C00206E
:104FD00064C9021044C90210F8C602104CC902107C
:104FE00054C902106CC90210C39A022078C9021079
:104FF00084C9021086AE1F4A29003000FFF706FC64
:105000001D493000FFF7BBFD002804D01B4B2201D7
:105010000821D154D4E6194B22019B18FF225A7063
:105020009A70CDE680221649164800230193063374
:1050300000930023520019F0A8FF11F055FE124A08
:10504000002312F02FFB1000190012F023FE0022A3
:105050000E4B12F036FD02000B000D4815F014F84F
:105060000C4814F0E1FF8C239B009D4480BCB846A3
:10507000F0BDC0467CC302108CC90210C81C0020C1
:1050800098C902100D43001040420F0000408F40AD
:1050900028A80210A0C9021010B5FFF727F910BD0B
:1050A000F0B5DE4657464E464546E0B5E1B05CAB4E
:1050B00004221A7300225A7307213CAB06E0002237
:1050C0001A715A719A71DA71013910330029F6DABE
:1050D00007211CAB06E000221A715A719A71DA712D
:1050E000013910330029F6DA4746F1E01A013CAFE6
:1050F000BC4662441279002A12D019017A185178FC
:1051000001228A401443E4B20133DBB2072B29D8D1
:1051100019001A013CAD555D6A1ED2B2012AE5D9CB
:10512000032D10D0042DEFD109013CAA5218127999
:10513000002AE9D00122824049461143CAB2914671
:105140000130C0B2E0E70A013CAFBC4662441279CC
:10515000002AE7D009017A18517801228A401643C3
:10516000F6B2D1E74746FDF751FF1390A54B1B78E8
:10517000002B02D1A44B00221A70A34B1B78002BEA
:1051800000D11BE1A14B1B78002B00D018E1A04BF4
:105190001F785CAB1F709F4B1B78002B00D1A2E0E7
:1051A00000200DF0A7FF5CAC607001200DF0A2FFA5
:1051B000A07002200DF09EFFE07003200DF09AFF1A
:1051C0002071FFF7F5FA60710023A371E371237278
:1051D0000DF0AAFF60819049139813F0C4F913F001
:1051E00097FA12F001FE12F03DFDC0B25CAC6072A5
:1051F0003B09149363789846A3789B46E37815930C
:105200002279169265791795A6791896E3791993FC
:1052100008256557EB17ED185D40EAB21A920609AA
:105220001B966689330B9946330A9A4632090F2337
:105230001F40BC4600271197109704210F910E972D
:105240000F373E400D963A400C9251460F400B9757
:1052500049460A91184009901B9808902B400793E3
:105260001A9F3B11069319980590189E0496179D56
:105270000395169A0292159B01935B460093434651
:1052800062461499654814F0FFFE5C985D995E9A39
:105290005F9BFEF74BF9624A13780133DBB2137060
:1052A000604A127893423AD8139F80223CA91CA8E6
:1052B00013F092FB544B1B78002B00D09CE0012292
:1052C000594B009300235242002100201AF01EFF88
:1052D0003CA8FFF729F90023002000229146002670
:1052E0000024B84612E7002000F024FC5CAD687092
:1052F000012000F01FFCA870022000F01BFCE870E9
:10530000032000F017FC28716C71AE714B46EB71F5
:10531000FEF776FA287200F031FC68815BE7404BBB
:1053200000221A70384B1A70002614E06000001931
:10533000344A80180134610009198918032213F0D6
:105340004BFBE4B2062CF1D92E4B00225A759A750C
:10535000DA750136F6B2072E1DD83100294B7200DE
:1053600092199B189B78002B06D1264B720092193C
:105370009B185A78013A5A70224B4A005218D35C53
:10538000002BE6D01F4B4A0052189B185B78002B6D
:10539000DFD13400D6E7139F87E70133DBB2072B59
:1053A00010D81A013CA9891808791CA98A18127901
:1053B0009042F2D0144A01211170EEE70023EEE78B
:1053C0000023ECE7391C139C201C13F0ACF8FA21E5
:1053D000890513F017F900280AD1211C381C13F095
:1053E000A2F8FA21890513F00DF9002800D15CE735
:1053F000054B01221A7058E7FA2040001AF000F914
:1054000066E7C046CC280020C49A0220C79A022032
:10541000C59A0220C89A022000002041B4C9021097
:10542000C69A0220C99A02208813000000B583B0F2
:10543000074B01221A70074B00221A70064B18689E
:105440000092022300211AF0D7FE03B000BDC0462F
:10545000C49A0220C69A0220C8280020014B187066
:105460007047C046C79A022070B58AB001AB188059
:105470000D00002019F028FE04005D4B1B68002B76
:1054800069D00023072B12D819005A4A5800C018B7
:10549000825CAA4204D0002A02D00133DBB2F1E7D9
:1054A000544B4A005218D5549B1803225A7001AB32
:1054B00058780C284FD883004F4AD3589F46420053
:1054C00012189B1801229A700AE00130C0B2072816
:1054D00013D80100474B42001218D65CAE42EED002
:1054E000444B4A0052189B189B78002BEDD1002E9C
:1054F000EBD01C00E9E70124E9E7002C04D03F4B86
:1055000000221A703E4B1A7011F0EEFB3D4A002348
:1055100012F0C8F81000190012F0BCFB00223A4B40
:1055200012F0CFFA02000B00384814F0ADFD3848F5
:105530002200290014F0A8FD0DE0FFF777FF0AE034
:1055400000F0AEFB07E00338C4B22000FEF7F4FF22
:10555000200000F0C3FA0AB070BD0738C4B22000C2
:10556000FFF706F8200000F0B9FAF4E711F0BCFBF1
:10557000244A002312F096F81000190012F08AFB5A
:105580000022214B12F09DFA02000B001F4814F07C
:105590007BFD204814F048FD0E21002019F0A4FDE9
:1055A00019F0ACFE00250AE0280010F0F1FB03AB77
:1055B00058550021280010F005FC0135EDB2192DD9
:1055C000F2D9FAF7B5FE002506E003AB595D2800D5
:1055D00010F0F8FB0135EDB2192DF6D921000020AD
:1055E00019F082FD19F05CFFB5E7FBF7A5F9B2E70A
:1055F000C8280020CC280020D80E0310C49A02200E
:10560000C69A022040420F0000408F4028A8021096
:10561000E4C9021008CA0210F0B5DE4657464E46ED
:105620004546E0B5A1B01CAC1C901D911E921F9385
:10563000314B1B78002B06D021B0F0BCBB46B246E4
:10564000A946A046F0BD2278110963789C46A3784C
:105650001493E07815902579169566791796A779B1
:105660001897E37919930823E356D8171D18454076
:1056700013956B464C201B1818781A90657A2E09E2
:105680001B966089070BB846070AB9460309267BB3
:105690003709BA46677B3C09A3460F2422402740BE
:1056A00011975F46109726400F9657460E970F2684
:1056B00030400D9033400C934F463E400B9647468A
:1056C0000A97254009951B9E0896139D2C40079428
:1056D0001A9C23110693199C0594189F0497179EF2
:1056E0000396169D029515980190149B00936346AE
:1056F000024814F0C9FC9FE7C79A0220B4C90210FF
:1057000070B58CB003AD264A264C21002800FBF76B
:10571000EDFF2800FDF7F4F8234D287007AE234A6B
:1057200021003000FBF7E2FF0A230B930BA93000A6
:10573000FEF784FA1E4B18701E4B00221A701E4B87
:1057400029781970032159709A701C4B1B78022B11
:1057500022D080221A491B481B4B0193052300933A
:105760000023920019F011FC11F0BEFA174A002331
:1057700011F098FF1000190012F08CFA0022144B5F
:1057800012F09FF902000B00124814F07DFC124841
:1057900014F04AFC0CB070BD104B01321A70D8E7FF
:1057A000ECC30210042A0020C59A022018CA021075
:1057B000C99A0220C69A0220CC280020D09A022042
:1057C00020CA0210A1500010C828002040420F003B
:1057D00000408F4028A802102CCA0210C89A02204C
:1057E00010B5002904D0086803685B69024998472E
:1057F0000020002110BDC04600007F4310B50349C2
:105800000348044B01220DF079FE10BD70150020F5
:10581000782A00200080654210B50C1E08D0086868
:1058200003689B689847022805D120230022E25490
:105830000020002110BD11F057FA0E4A002311F08C
:1058400031FF1000190012F025FA00220A4B12F065
:1058500038F902000B00094814F016FC084814F04F
:10586000E3FB206803685B6800219847FFF7DEFDD3
:10587000DBE7C04640420F0000408F4028A80210DE
:1058800044CA0210F0B5D6464F464646C0B584B06D
:1058900080468A4617001E000CAB1B78994611F013
:1058A00023FA04000D00FA22920000235046002142
:1058B00012F01CFE02000B0012196B41002B0CDBD6
:1058C0004946029101960097404611F01DF804B038
:1058D000E0BCBA46B146A846F0BD01225242014B97
:1058E000EEE7C046FFFFFF7FF0B583B004000D0078
:1058F00016001F0010F0A0FF009733002A002100BF
:10590000FFF7C0FF03B0F0BDF8B507000D00032995
:1059100012D80024002608E021003800FAF770FDB4
:105920004342584106430134E4B2EBB2A342F3D8F8
:1059300001235E40F0B2F8BD0020FCE7F0B585B071
:1059400001AC01906160A2601E000A9F8F4201D3EA
:1059500000240CE0084B094A0948422114F0AEF932
:105960003519210001A8FAF74BFD28700134BC421B
:10597000F6D305B0F0BDC04654CA021064CA021086
:1059800030B6021010B50379002B05D1002909D0DB
:1059900004230371016010BD064B074A07480849FC
:1059A00014F08CF9074B044A83310448890014F041
:1059B00085F9C04640A10210F0CA0210A0A1021051
:1059C0000B0200004CE30210F8B504000E001100B9
:1059D000002508E02C4BE200121BD2009B185B193B
:1059E0000122DA720135284BE000001BC0001B18B1
:1059F0001F79AF4209DD244BE200121BD2009B1835
:105A00005B195B79B342EDD1E4E70020002500E0AB
:105A10000130874211DD1C4BE200121BD2009B18A3
:105A20001B18DB7A002BF3D1174BC200121AD200DD
:105A30009B1800229A740125EAE7002D22D14B1E03
:105A4000DBB2012B04D92000FEF7ACFD002111E0F0
:105A500001212000FEF7A6FD02212000FEF7A2FD95
:105A6000F4E7094BE200121BD2009B185B180022DE
:105A7000DA720131044BE200121BD2009B181B7931
:105A80008B42EEDCF8BDC046501D002010B500244E
:105A900000E00134032C0BDC0C4AE3001B1BD90093
:105AA00088580028F5D003681B6804219847F0E760
:105AB000074B1978FF2903D1064B00221A7010BD3D
:105AC000054800220DF05EFDF6E7C046501D00209F
:105AD000D49A0220D69A0220782A002000B583B0FA
:105AE000124AC3001B1ADB009B58002B1BD000215D
:105AF00008E00E4BC200121AD2009B185B1800225D
:105B0000DA7201310529F4DD084BC200121AD20005
:105B10009B1800229A74064B8000C0580092022302
:105B200000211AF069FB03B000BDC046501D0020E3
:105B3000482A002010B5104AC300181AC000805827
:105B400000280FD003689B68984702280CD005D81E
:105B500000280BD001280BD1403004E0032809D1E4
:105B6000493000E04F2010BD5220FCE74720FAE703
:105B70004F20F8E74F20F6E7501D002070B5FEF7E4
:105B8000CDFC0121494218F01DFE22480DF082FD96
:105B9000FEF7C4FC00230022002118F06DFB1E4B11
:105BA0001B78002B06D100251C4B1B78002B1AD12B
:105BB000280070BD17480DF0F9FD002810D1002510
:105BC000F2E70134E4B20F2CEED8124821000DF0B8
:105BD0002FFD0128F5D10123A3401D43ADB2F0E70D
:105BE00000240025EFE70B480DF0F2FD0028DFD080
:105BF000002401E00134E4B20F2CD9D8054821007B
:105C00000DF016FD0228F5D10123A3401D43ADB2CE
:105C1000F0E7C046782A0020D29A0220D39A0220C8
:105C200070B5FEF77BFC0121494218F0CBFD0D4811
:105C30000DF030FDFEF772FC00230022002118F069
:105C40001BFB0024002508E0064821000DF0F0FCB5
:105C50006300984005430134E4B20F2CF4D92800C6
:105C600070BDC046782A002000487047582A00209E
:105C700010B502480DF0DFFC10BDC046782A0020A8
:105C800010B5054AC300181AC000805803681B6984
:105C90000249984710BDC046501D002000007F43B8
:105CA00010B51F4B1B78002B03D01E4B1B78002B0D
:105CB00030D01D480DF0D8FD002400E00134032C45
:105CC00019DC1A4AE3001B1BDB009B58002BF5D0A4
:105CD000E0B2FFF7D5FF124B1B78002BEED1134A31
:105CE000E3001B1BDB00985803681B6800219847E2
:105CF000FFF79CFBE2E70E4B1978FF290BD1084B0D
:105D000001221A70074B00221A7010F0EDFF094BA8
:105D10001860596010BD0448FF220DF033FCEEE717
:105D2000D69A0220D79A0220782A0020501D0020FF
:105D3000D49A0220481D0020F0B5D6464F4646466C
:105D4000C0B582B001900D00FDF766FD81460024CC
:105D50000023009300272CE0B74AE3001B1BDB0065
:105D60009B58002B02D05346009301270136B24BBB
:105D7000E200121BD2009B181B79B34218DD002FE2
:105D800016D1AD4BE200121BD2009B189B195B7918
:105D9000AB42EBD1E3B29A461800FEF72BFC002889
:105DA000DAD101ABDB78412BE0D0612BD4D1DDE738
:105DB0000134032C03DC002F01D10026D7E701AB0F
:105DC0001B784B4515D04B450DD0A9450BD001ABE9
:105DD000DB78412B05D0612B03D0522B01D0722BE5
:105DE00001D1FFF75DFF02B0E0BCBA46B146A8465C
:105DF000F0BD01AA9478002CE5D1002FE3D0A9458D
:105E0000E1D010F071FF8D4A002311F04BFC10001F
:105E1000190011F03FFF0022894B11F052FE0200E1
:105E20000B00884814F030F900990E0001ABDF78C0
:105E300085482B003A0014F027F9FFF731FF672F50
:105E40000AD8412F0BD33B00413BDAB2262A06D8B1
:105E500093007E4AD3589F46722F00D1C7E000249A
:105E600035E101AB5B78002B2AD00098FEF708FCE7
:105E70000400032229000098FFF7A6FD6E4AF300F4
:105E80009B1BDB00985803689B68984701281DD02E
:105E9000694AF3009B1BDB00985803681B680021CC
:105EA0009847FFF7C3FA644BF200921BD2009B188D
:105EB00000229A7410F018FF654B18605960CEE705
:105EC000012247212800FDF7C5FACEE7002CDFD1DB
:105ED000594B382272439B1820331B78002BE2D198
:105EE0005C4B1B78FA2080005843534BD4185A4916
:105EF00001232200FFF7F8FC203401232370D2E7AE
:105F000001AB5B78002B6CD04B4AF3009B1BDB0092
:105F1000985803689B689847002811D0464B382250
:105F20007243D05803689B689847012808D0424BB9
:105F300038227243D05803689B68984704288ED152
:105F40003D4AF400A31BDB009146985803681B6888
:105F500001219847FFF76AFA012229000098FFF70C
:105F600033FDA41BE4004C440023A37410F0BCFEDA
:105F7000374B1860596010F0B7FEA061E161303412
:105F80002378022B00D06AE72B4C363398461D004D
:105F90007543651931352B78013B424653431859F7
:105FA00003681B68022198472B78013B994610F043
:105FB0009BFE4B4642465343E3189861D9612B78C8
:105FC000013B994610F090FE4B4642465343E3187E
:105FD0009862D9622B78013B5343E4180023A374E1
:105FE0003DE7012252212800FDF734FA8CE7A9454C
:105FF00012D3114AF3009B1BDB00985803689B687F
:10600000984701280DD0002C28D0002301225221CE
:106010002800FDF71FFA22E70098FEF7EBFA0400CC
:10602000E7E7054BF200921BD2009B1820331B7848
:10603000002BEAD0E7E7C046501D002040420F0089
:1060400000408F4028A8021040CB02100C0F031014
:10605000481D0020841100201958001001AB5B7806
:10606000002B2AD0754AF400A31BDB0015009858BA
:1060700003681B6802219847FFF7D8F903210098AD
:10608000FEF790FA01210098FEF78CFA02210098A1
:10609000FEF788FAA31BDB00EC180023A37410F0B2
:1060A00023FE674B1860596010F01EFEA061E1618D
:1060B00010F01AFEA062E162D1E60122412128001F
:1060C000FDF7C8F9CEE7722F7FD00134E4B2032C7C
:1060D00000D988E62500594AE3001B1BDB009858CD
:1060E0000028F2D01300E200121BD2009B183033BC
:1060F0001B78022BE9D1514BE200121BD2009B18F6
:1061000031331B78013B9E42DFD1672FDBD8412F13
:10611000DBD33B00413BDAB2262AD6D89300494A6A
:10612000D3589F4603689B689847012812D0434B79
:1061300038226A43D05803681B680021984703211E
:106140002000FEF72FFA3D4B38226A439B180022AD
:106150009A74BAE72000FEF793FA0028E7D1374B8C
:10616000382262439B1820331B78002BE7D1364B33
:106170001B78FA20800058431300304A9846904418
:10618000324901234246FFF7AFFB43462033012249
:106190001A70D4E703681B68022198470121200088
:1061A000FEF700FA03212000FEF7FCF9234A38230A
:1061B0005D4355190023AB7410F096FDA861E961A9
:1061C00010F092FDA862E9627FE703689B68984738
:1061D000012829D0194AEB0099465B1BDB00904649
:1061E000985803681B680221984703212000FEF796
:1061F000D9F901212000FEF7D5F902212000FEF790
:10620000D1F94B465B1BDB0043449A4600235246C0
:10621000937410F069FD53469861D96110F064FDE4
:1062200053469862D96250E7044B38226A439B1860
:1062300020331B78002B00D147E7CBE7501D00200F
:10624000481D0020A80F03108411002019580010C9
:1062500010B50A4B1B78002B0ED110BD0134032C56
:10626000FBDC074AE3001B1BD9008B58002BF5D041
:10627000E0B2FFF705FDF1E70024F0E7D69A02202F
:10628000501D002010B5074BC200111AC900CC5890
:106290005B18587C12F0BBF9011C23681B692000B5
:1062A000984710BD501D0020F8B510F01DFD7E4B25
:1062B00018605960C4E0994200D0DBE0904200D9F8
:1062C000CFE0D7E0002400E00134032C0ADC774A59
:1062D000E3001B1BDB009B58002BF5D0E0B2FFF75F
:1062E000D1FFF1E7724B01221A70DBE003681B68F3
:1062F000042198470134032C09DC6C4AE3001B1B82
:10630000DB0098580028F1D1F4E70024F3E769484E
:106310000DF070FA684B00221A70FFF787F8C1E0A1
:10632000624AE3001B1BDB00985803681B680021CE
:106330009847FFF77BF810F0D7FC5B4B186059606B
:106340000134032C36DC594AE3001B1BDB00985850
:106350000028F5D003689B689847022813D0534A59
:10636000E3001B1BDB00985803689B6898470128D3
:1063700009D04E4AE3001B1BDB00985803689B685A
:1063800098470328DCD1494DE3001B1BDB00ED18C7
:10639000AE69EF6910F0A8FC801BB941474A0023A1
:1063A00011F068F9EA7C00239942B9DCC3D190422C
:1063B000C1D9B5E73C4B1C685D6810F095FC001B2B
:1063C000A941002901DB002410E010F08DFC364BC0
:1063D00018605960F7E710F087FC344BE200121B9D
:1063E000D2009B189861D9610FE00134032C23DCA3
:1063F0002E4BE200121BD2009B189E69DF6910F041
:1064000073FC801BB9410029E5DB284BE200121B1D
:10641000D2009B189E6ADF6A10F066FC801BB941AF
:106420000029E2DA10F060FC204BE200121BD200DF
:106430009B189862D962D8E7FA20800019F0E0F83A
:10644000194B1C685D6810F04FFC001BA9411B4AEA
:10645000002311F00FF91A4B1A780023994200DC3F
:1064600029E7154B1B78002B04D0114B1B78002B10
:1064700000D127E70C4B1C685D6810F035FC001B51
:10648000A9410E4A002311F0F5F80E4B1A780023AB
:10649000994202DC06D1904204D9074B1B78002BAD
:1064A00000D032E700244CE7481D0020501D00209A
:1064B000D79A0220782A0020D69A022000879303D8
:1064C000D59A0220D99A022010B5054AC300181A9D
:1064D000C000805803681B690021984710BDC04662
:1064E000501D0020F0B5DE4657464E464546E0B505
:1064F00083B08146C5B2012398467EE0D24BE000CE
:10650000001BC0001B189B180122DA720022002019
:1065100000E00132964217DDCB4BE7003F1BFF0046
:10652000DB199B18DB7A002BF3D1C74BE7003F1B2D
:10653000FF00DB199B185B79002BEAD0C24BDB19FB
:10654000002098740800E4E7002800D17EE02800CD
:10655000FEF750F88246002800D0C5E02800FEF77C
:106560008FF8002828D0B84AE3001B1BDB009346B5
:106570009B445B469E6ADF6A10F0B6FB801BB94104
:10658000B24A002311F076F85B4621331A780023D3
:10659000994200DD35E100D130E14346002B00D0C7
:1065A0002FE1A94AE3001B1BDB00985803689B6896
:1065B0009847022800D024E12800FEF761F800285F
:1065C00000D0B6E1A04AE3001B1BDB00985803682B
:1065D0009B689847022801D0002398462800FEF7C0
:1065E00009F8002805D12800FEF74AF8002800D154
:1065F000AEE1974B187819F003F8FF244B461C4086
:10660000914BE200121BD2009B189B7C0A2B9ED957
:106610008D4BE200121BD2009B18D97A00293CD086
:106620000022894BE000001BC0001B181E79964217
:1066300000DC6BE7844BE000001BC0001B189B18BC
:10664000DB7A002B00D159E70132EAE77E4BE2000A
:10665000121BD2009B1800229A7401212800FDF71A
:10666000A1FF02212800FDF79DFF03212800FDF76F
:1066700099FF002108E0744BE200121BD2009B1826
:106680005B180022DA7201316F4BE200121BD2005C
:106690009B181B798B42EEDC59E76B4BE200121B17
:1066A000D2009B1800229A7401212800FDF77AFF7E
:1066B00002212800FDF776FF03212800FDF772FF75
:1066C000002108E0604BE200121BD2009B185B180F
:1066D0000022DA7201315C4BE200121BD2009B18DF
:1066E0001B798B42EEDC32E7FFF7DAFA0120FEF786
:1066F000B5FE584B1B78002B03D0574B1B78002B53
:1067000001D0FFF7CDFA002200239A4600E00132C3
:106710004D4BE100091BC9005B181B79934212DD48
:10672000494BE100091BC9005B189B18DB7A002B61
:10673000EDD1454BE100091BC9005B18DB7A002B4A
:10674000E5D09A46E3E7404A885803689B68984733
:1067500000284FD05346002B4ED101212800FDF7D1
:1067600021FF02212800FDF71DFFF7E60137364B18
:10677000E100091BC9005B181B79BB4235DD324BB8
:10678000E100091BC9005B18DB19DB7A002BEDD196
:106790002D4E7618F7197879002300225221FCF744
:1067A00059FE2800FFF790FE2C49012332001420E7
:1067B000FFF79AF8B37C0133B37410F095FA234ACB
:1067C000002310F06FFF1000190011F063FA00228F
:1067D000234B11F076F902000B00224813F054FC11
:1067E0007A792148210013F04FFC03212800FDF79E
:1067F000D9FEB3E60027BAE70027B8E7904200D8F1
:10680000CBE6FFF74DFA0120FEF728FE002200E05C
:1068100001320D4BE100091BC9005B181B79934243
:1068200024DD094BE100091BC9005B189B18DB7ACA
:10683000002BEDD1044BE100091BC9005B18DB7A8A
:10684000002BE5D09A46E3E7501D002040420F00A0
:10685000D89A0220D69A0220D79A0220E157001037
:1068600000408F4028A8021060CB0210474A885889
:1068700003689B689847002809D0444AE3001B1B23
:10688000DB00985803689B689847042807D1534653
:10689000002B04D103212800FDF784FE92E6002797
:1068A0003A4BE200121BD2009B181B79BB4237DD2A
:1068B000364BE200121BD2009B18DB19DB7A002B4F
:1068C00001D00137ECE7314EB618F719787900237B
:1068D00000224721FCF7BEFD2800FFF7F5FD2C49FB
:1068E000012332001420FEF7FFFFB37C0133B374A1
:1068F00010F0FAF9274A002310F0D4FE1000190016
:1069000011F0C8F90022244B11F0DBF802000B0053
:10691000224813F0B9FB7A792148210013F0B4FB27
:1069200001212800FDF73EFE02212800FDF73AFE76
:1069300048E6164BE200121BD2009B1821331B784D
:10694000002B00D13EE603212800FDF72BFE39E69F
:10695000FEF784FD01212800FDF724FE0221280016
:10696000FDF720FE03212800FDF71CFE074BE20087
:10697000121BD2009B1800229A74013A0092002345
:106980000021002019F0C2FB37E6C046501D002050
:10699000E157001040420F0000408F4028A802102D
:1069A0007CCB021010B5044AC300181AC0008058EE
:1069B00003681B68984710BD501D002070B586B055
:1069C00001AB0C1D60CC60C30C3170C970C30300F7
:1069D000083301A930C930C370C970C3C26106B0A1
:1069E00070BD70B5030008330A00083230CA30C3E6
:1069F00070CA70C31C3134C934C370BDF0B587B0E0
:106A000004000E00110003AD2800FCF79DFF6B464B
:106A10006A4683CD83C2220040C223CB23C220001A
:106A200007B0F0BDF0B58BB005000B00110005AC50
:106A3000220041CB41C216001000FCF785FF6A46D8
:106A40006B4603CC03C319003000D0C8D0C1291D48
:106A500011CA11C12A000C3213CB13C228000BB08B
:106A6000F0BD704710B504000800FFF7FAFF206082
:106A700003236360023B2372200010BDF0B58BB08E
:106A800005000B00110005AC220041CB41C21600ED
:106A90001000FFF7E7FF6A466B4603CC03C31900FB
:106AA0003000D0C8D0C1291D11CA11C12A000C3232
:106AB00013CB13C228000BB0F0BDF0B58BB00500AE
:106AC0000B00110005AC220041CB41C216001000A2
:106AD000FCF7EBFA6A466B4603CC03C3190030009F
:106AE000D0C8D0C1291D11CA11C12A000C3213CB44
:106AF00013C228000BB0F0BDF0B58BB005000B0041
:106B0000110005AC220041CB41C216001000FCF779
:106B1000ABFA6A466B4603CC03C319003000D0C8F9
:106B2000D0C1291D11CA11C12A000C3213CB13C2C6
:106B300028000BB0F0BD704710B504000800FFF747
:106B4000FAFF206008236360073B2372200010BD1A
:106B5000F0B587B004000E00110003AD2800FFF768
:106B6000EBFF6B466A4683CD83C2220040C223CB33
:106B700023C2200007B0F0BD70B586B0050003AC9D
:106B800003916260A36000290AD003A9FAF776FB9B
:106B9000041E0BD0838801338380200006B070BDB3
:106BA0000E4B0F4A0F482E2113F088F8049E0A99C5
:106BB0003000F9F7E1FB041EEFD003000833009624
:106BC00003980499059AFEF7B9FEA61900233372BB
:106BD00021002800F9F740FCDFE7C04698CB0210FF
:106BE000B0CB0210A09F021010B586B00400039134
:106BF00004920593081E09D02000083022680092F4
:106C0000049A059BFFF7B8FF002801D006B010BD1D
:106C100001232371FAE7000030B585B0050001912A
:106C2000029203930379002B19D10199002926D0F0
:106C300001AB1C7A002C18D101A84168FEF764FE54
:106C4000041E17D10199029A039B0898FFF7CCFF05
:106C5000011E0CD02800F9F78BFC012407E0094B3A
:106C6000094A0A48182113F029F8FEF78BFE200084
:106C700005B030BD01A92800F9F71AFFF7E7002495
:106C8000F5E7C04640A1021080CC021018BC0210EB
:106C900010B586B0041E0391049205930AD008999A
:106CA000FAF7F6F8089A00920399049A059B2000D7
:106CB000FFF7B2FF06B010BDF8B5066847680C686C
:106CC0004D6822002B003000390010F063FF0028CF
:106CD0000BD122002B003000390010F071FF00288A
:106CE00001D10120F8BD0220FCE70420FAE710B52D
:106CF0000468426808684B68934207DC04D09A42F3
:106D000008DC05D0012010BDA042F8D90420FAE724
:106D10008442F7D90220F6E710B504684268086893
:106D20004B68934207D804D09A4208D805D0012076
:106D300010BDA042F8D90420FAE78442F7D9022016
:106D4000F6E770B584B004000E000800FBF757FBAF
:106D50000500366802A902904E600822684611F0CC
:106D60003BFE25606660200004B070BD10B5FBF7E7
:106D700046FB002804D0007943425841C0B210BD00
:106D80000120FCE710B582B00400FDF7ACFEA1685D
:106D900000900191F9F7A0FC02B010BD70B584B06D
:106DA00005000E000800FDF79EFE0400B66802A96B
:106DB00002904E600822684611F00EFE002C02D0B0
:106DC0002379202B04D12C606E60280004B070BDA4
:106DD0000024F8E770B588B0029103920D00160008
:106DE00005AC01002000FFF7A7FE00960599069A62
:106DF000079B2800FFF74CFF08B070BD10B50400DA
:106E00000430FDF770FEE169E268FCF770FD10BD2B
:106E100030B585B00500FFF7F1FF0400ED6802A969
:106E200002904D600822684611F0D6FD002C05D076
:106E300029002000FAF7A4FD05B030BD0020FBE7D3
:106E400010B584B00C00006811F062FC0090019154
:106E5000206810F0CBFE0290039102A96846FFF76C
:106E60002BFF04B010BD00B585B0026843680092E6
:106E70000193086810F0BAFE0290039102A96846D7
:106E8000FFF71AFF05B000BD00B583B00B68009393
:106E9000DB1701936946FFF72AFF03B000BD00B579
:106EA00083B00B680093DB1701936946FFF734FF4B
:106EB00003B000BDF0B587B004000430FDF713FE49
:106EC000E16803AA23001C33E0CBE0C2002805D010
:106ED00000910399049A059BFBF778FA07B0F0BD7F
:106EE00030B585B00500FFF7E5FF0400ED6802A9A5
:106EF00002904D600822684611F06EFD002C05D00E
:106F000029002000FAF73CFD05B030BD0020FBE76A
:106F100010B504000430FFF7CDFFE16A2269FCF7E9
:106F2000E6FC10BD30B585B00500FFF7F1FF0400A9
:106F30002D6902A902904D600822684611F04CFDAF
:106F4000002C05D029002000FAF71AFD05B030BD4D
:106F50000020FBE730B585B00500FFF7ABFF04006C
:106F6000ED6802A902904D600822684611F034FDD8
:106F7000002C05D029002000FCF704FE05B030BD30
:106F80000020FBE730B583B004000D00FFF792FF4F
:106F9000E16800900191FCF741FD002802D12868CA
:106FA00003B030BD2000FFF7D5FFF9E730B585B05D
:106FB0000500FDF798FD0400AD6802A902904D6040
:106FC0000822684611F008FD002C05D02900200099
:106FD000FCF7D8FD05B030BD0020FBE730B583B02D
:106FE00004000D00FDF77FFDA16800900191FCF702
:106FF00015FD002802D1286803B030BD2000FFF73E
:10700000D5FFF9E702680B689A4204DB01DC012036
:1070100070470220FCE70420FAE700B583B003784C
:10702000019301A8FFF7EEFF03B000BD30B597B0A4
:1070300004000D001100F9F76EFF2379402B6BD887
:107040009B00374AD3589F46296800222000FFF74B
:10705000F7FE62E029680022FFF705FF5DE06B683C
:1070600012941393002058E06B6814941593002039
:1070700053E0200021F0F6F801AB019402900022C9
:107080001A72002049E02468002C09D0200021F069
:10709000E9F804AB0494059001221A7200203CE048
:1070A0000020F6E7236819000831DA8807AB07915A
:1070B000089200221A7200202FE023681A0008327A
:1070C000DB880A920B93002027E023680C93DB17E0
:1070D0000D93296800220CA8FFF7D6FE1DE0236857
:1070E0000E9300230F93296800220EA8FFF7D7FE06
:1070F00013E029680022FFF7C7FE0EE0296800228E
:10710000FFF7CDFE09E02378472068440370296823
:107110000022FFF782FF00E0002017B030BDC0461C
:107120004410031000B585B00090019113000028B1
:1071300007D00A0002A902934A60FFF777FF05B063
:1071400000BD0020FBE700B585B0009001911268FA
:10715000039203AAFFF7E6FF05B000BD30B583B088
:107160000C0001006846FFF7ECFD22000098019931
:10717000FFF7E9FF013843425841C0B203B030BDC8
:1071800070B58AB006000391049205930E9D290004
:1071900008A8F9F7BBFF089C002C1AD0290006A804
:1071A000F9F7B4FF069C002C13D008A8F9F700FCEF
:1071B00000950399049A059BFFF72EFD00280BD03C
:1071C0000195079B0093069B0899099A3000F9F7EF
:1071D000F7FD20000AB070BD0024FAE730B587B093
:1071E000050003AC0391049205930A9B0093059B51
:1071F000FAF7E5FA002801D007B030BD0A9A0092EC
:1072000003996268A3682800FFF7BAFFF4E710B596
:1072100086B00400039104920593081E0CD02379D4
:10722000002B0BD0202B0ED12000089A009203993E
:10723000049A059BFFF7D2FF06B010BD2000F9F7B6
:10724000D3F90028F1D10020F6E700B583B00300A0
:107250004068002806D09A680092D9681A695B696C
:10726000FFF7D5FF03B000BD70B584B004000D007A
:10727000FFF7EBFFA36802A902904B600822684663
:1072800011F0AAFB0099019A2800FFF7A3FDA3685B
:10729000002B05D01B79002B04D1012004B070BD58
:1072A0000020FBE70020F9E7F0B5DE4657464E46E2
:1072B0004546E0B59A4CA54400220492002305936C
:1072C00006930B930C930D93964B1A80964A974C0A
:1072D000210066A8FCF723FB66A95EA8FDF762FC07
:1072E000934A21006AA8FCF71AFB6AA960A8FDF777
:1072F00059FC904A21006EA8FCF711FB6EA962A808
:10730000FDF750FC8C4A210072A8FCF708FB72A91B
:1073100064A8FDF747FC8949894B012252A80CF06B
:10732000EDF8884952AB0A0031CB31C213CB13C2FE
:1073300003CB03C2002412E0E6B2824D00223100EA
:1073400028000CF0E9F80022310028000CF01AF9AE
:107350007D4B6200981800214170D15401340F2CEC
:10736000EADD7A4A714C210076A8FAF7BFF90A23C0
:107370007A937AA976A8FCF761FC754B1870754A68
:1073800021007BA8FCF7F9FA96237F937FA97BA8BD
:10739000FCF754FC704B1870704A210080A8FAF773
:1073A000A5F90F23849384A980A8FCF747FC6C4BB4
:1073B00018706C4A210085A8FCF7DFFA1E23899318
:1073C00089A985A8FCF73AFC674B1870674A210029
:1073D0008AA8FFF713FB02238E938EA98AA8FFF7D2
:1073E000BDFE002808D0624B01221A70614B1A7052
:1073F0000027FF2308933BE05C4A4C498FA8FFF726
:10740000FDFA0123939393A98FA8FFF7A7FE002805
:1074100006D0574B01221A70564B00221A70E7E72C
:10742000534B00221A70534B1A70E1E7524BFA008B
:10743000D21BD2009B18303301221A704F4A210010
:10744000A0A8FDF7E3F9A0A8FDF760FB002852D142
:10745000FB005EAA9B58002B09D0474BFA00D21BB9
:10746000D2009B1830331B78002B00D08EE0013700
:10747000032F01DD01F075FAFB005EACE4183F4A12
:10748000210094A8FDF7C2F994A8FFF77BFC3C49C2
:10749000082220F01BFE0028C8D0384A21009AA8F4
:1074A000FDF7B4F99AA8FDF731FB002804D0FB00E2
:1074B0005EAA9B58002BB9D1304A2100ACA8FDF739
:1074C000A5F9ACA8FFF75EFC2E49052220F0FEFDD1
:1074D00000281BD02849FA00D31BDB00CB1830331F
:1074E00000201870D21BD20050500023089306933E
:1074F00005930493ACE7214A2100A6A8FDF786F97D
:1075000021490022A6A8FFF7AFFEA1E71A4BFA0017
:10751000D21BD2009B18303302221A7098E7C04663
:10752000D4F4FFFFBE9A0220F8C60210042A0020FD
:107530004CC9021040CD021048CD02107015002039
:1075400000806542782A0020582A002018CA0210BC
:10755000D19A0220B0C60210D89A022050CD021053
:10756000D59A022058CD0210D99A022064CD02107B
:10757000D29A0220D39A0220501D00207CC3021010
:1075800070CD02107CCD021084CD0210FE4A210085
:10759000B4A8FDF73BF9B4A9B2A8FFF7FFFBB29B73
:1075A000002B01D100F014FDF84B99461A00210080
:1075B000BAA8FFF763FAF64B0EAA94466344BBAA37
:1075C00003CA03C3F34B6344BDAA23CA23C3F24DCA
:1075D0006544F2498A462800FFF744FA46AB07CDD6
:1075E00007C352AD54ABEA4A0EA98C46624403CAA3
:1075F00003C3E84A624443CA43C346AA43CA43C3D7
:10760000A8462800FFF76CFC0138C3B207934B462D
:1076100009931A002100C0A8FFF730FAE04B0EAA28
:1076200094466344C1AA03CA03C391231B01634464
:10763000C3AA43CA43C3DB4860448146DA48834651
:1076400001004846FAF746F80C22494646A811F0D0
:10765000C3F954ABD24A0EA98C46624403CA03C391
:1076600091221201624443CA43C346A90A0043CA95
:1076700043C32800FFF734FC0F900490CB490A91D4
:107680000A002100C6A8FDF7E0F8C94B0EAA9446EF
:107690006344C7AA03CA03C3C64B6344C9AA43CA07
:1076A00043C3C5496144894651464846FFF7DAF964
:1076B00046A90B004A4643CA43C354ABBC490EAA71
:1076C000944661440A0003CA03C3BA4961440A00EC
:1076D00043CA43C346A90A0043CA43C32800FFF76D
:1076E000FFFB0138C1B20E910A9A2100CCA8FDF728
:1076F000ACF88C231B010EAA94466344CDAA03CA9E
:1077000003C3AE4B6344CFAA43CA43C38B231B01BD
:107710006344994659461800F9F7DCFF0C224946A4
:1077200046A811F059F954AB8C2109010EAA9446D0
:1077300061440A0003CA03C3A04961440A0043CA62
:1077400043C346A90A0043CA43C32800FFF7C8FB46
:10775000109005908C4906910A002100D2A8FDF7EF
:1077600055F897490EAB9C4661440B00D3AA03CA57
:1077700003C3944961440B0043CA43C39249614423
:10778000894651464846FFF76DF946A90B004A461F
:1077900043CA43C354AB8A490EAA944661440A00C3
:1077A00003CA03C3874961440A0043CA43C346A9C5
:1077B0000A0043CA43C32800FFF792FB0138C0B256
:1077C0008146069A2100D8A8FDF720F87F490EAB24
:1077D0009C4661440B00D9AA03CA03C3882109014E
:1077E00061440B0043CA43C3794961448A46594600
:1077F0005046F9F76FFF0C22514646AE300011F0AB
:10780000EBF854AB71490EAA944661440A0003CACE
:1078100003C38821090161440A0043CA43C346A93E
:107820000A0043CA43C32800FFF75AFB1190069091
:10783000684B079948001A18032151700E994900A6
:107840008B465A18012151704A46520099188C46AD
:1078500004218A46614656464E707E1CF6B2C654D6
:107860005946CE54D654202011F0BCF88246FCF77D
:1078700055FE020058494E4601960E9B0093079B09
:1078800050460DF0DFFD554AFB00DB1BDB00564682
:107890009E50119810F0BBFE8246109810F0B7FE73
:1078A00081460F9810F0B3FE011C53464A460796D6
:1078B00030000DF0E3FD099A2100DEA8FFF7DEF8A5
:1078C000474B0EAA94466344DFAA03CA03C3454B41
:1078D0006344E1AA43CA43C3434B63449A46434EBD
:1078E000B14631001800FFF7BDF82E00534607CB14
:1078F00007C614AB3A480EAA94466044020003CA75
:1079000003C338486044020043CA43C32E0007CE75
:1079100007C312AE31002800FFF763F829003BA827
:10792000FFF75FF83AAEB346002345933000FFF708
:10793000F9FA0E90099A2100E4A8FFF79FF8832333
:107940001B010EAA94466344E5AA03CA03C3284B4D
:107950006344E7AA43CA43C382231B0163449A4694
:1079600049461800FFF77EF80C225146280011F016
:1079700033F81EAB832000010EAA94466044020037
:1079800003CA03C336E0C04690CD021098CD021062
:107990002C090000340900001C0900009CCD0210D5
:1079A00008090000F8080000A0CD0210A8CD0210C0
:1079B000E4080000EC080000D4080000C80800003B
:1079C0009C080000A40800008C0800007808000053
:1079D00068080000582A0020782A0020501D002046
:1079E000540800005C08000044080000B0CD0210FC
:1079F00038080000FE486044020043CA43C32E001A
:107A000007CE07C31CAE31002800FEF7EAFF2900AD
:107A100047AE3000FEF7E5FF0121519146AE300040
:107A2000FFF780FA0F90099A2100EAA8FFF726F8DD
:107A3000F04B0EAA94466344EBAA03CA03C3EE4B71
:107A40006344EDAA43CA43C3EC4961448A464946AC
:107A50005046FFF707F82E00534607CB07C628AB62
:107A6000E44A0EA98C46624403CA03C3E24A624454
:107A700043CA43C32E0007CE07C326AE31001E0003
:107A80001800FEF7AEFF310053AE3000FEF7A9FF3D
:107A90000221E9622800FFF745FA00900F9B0E9A39
:107AA000022107980DF036FDD5480990020021000B
:107AB000F0A8FCF7CAFEFD23DB000EAA944663443F
:107AC000F1AA03CA03C3FE23DB006344F3AA43CA3B
:107AD00043C3FB20C000604482464946FEF7C2FF14
:107AE0000C225146280010F077FF14ABFD20C00097
:107AF0000EAA94466044020003CA03C3FE20C000DD
:107B00006044020043CA43C32E0007CE07C312AE2F
:107B100031002800FEF765FF29003BAE3000FEF77C
:107B200060FF5E460023F3623000FFF7FBF90E9022
:107B3000099B9B461A002100F6A8FCF786FEB14B74
:107B40000EAA94466344F7AA03CA03C3AE4B634428
:107B5000F9AA43CA43C3AD48604482464946FEF78A
:107B600081FF2E00534607CB07C61EABA5480EAAC1
:107B700094466044020003CA03C3A3486044020061
:107B800043CA43C32E0007CE07C31CAE31002800F2
:107B9000FEF727FF290047AE3000FEF722FF012144
:107BA000519146AE3000FFF7BDF982465A4621009A
:107BB000FCA8FCF74AFEF426F6000EAB9C46664491
:107BC0003300FDAA03CA03C3F526F600664433005A
:107BD00043CA43C3F226F600664449463000FEF726
:107BE00041FF0C223100280010F0F6FE28ABF426ED
:107BF000F6000EAA94466644320003CA03C3F52673
:107C0000F6006644320043CA43C32A0043CA43C352
:107C100026AE31001800FEF7E4FE30AE310053A866
:107C2000FEF7DFFE0226EE622800FFF77BF90090E8
:107C300053460E9A012107980DF06CFC0A9A210018
:107C4000FFA80C30FCF701FE714A0EAB9C46624463
:107C50001300FFAA103203CA03C36E4A6244130022
:107C6000FFAA183243CA43C36B4E664449463000EC
:107C7000FEF7F8FE2B0007CE07C314AB644A0EA92B
:107C80008C46624403CA03C3624A624443CA43C384
:107C900007CD07C312AD29004046FEF7A2FE4146BC
:107CA0003BA8FEF79EFE3AADAB4600234593280065
:107CB000FFF738F90990594DA9462A002100FFA87D
:107CC0002430FCF7C2FDEB25ED000EAB9C4665446D
:107CD0002B00FFAA283203CA03C3EC25ED0065443C
:107CE0002B0023CA23C3E925ED0065442E004C4D2B
:107CF000A84629003000FEF7B5FE0C22310052AB39
:107D0000180010F069FE1EABEB22D2000EA98C46C3
:107D1000624403CA03C3EC22D200624443CA43C391
:107D200052A90A0043CA43C352AE1CA93000FEF751
:107D300058FE310047A8FEF754FE46AA924601219C
:107D400051911000FFF7EEF80A904A462100FFA873
:107D50003C30FCF77AFD334A0EAB9C46624413007C
:107D6000FFAA403203CA03C32F4A62441300FFAA8A
:107D7000483223CA23C32D4A62449146414610002B
:107D8000FEF770FE32004B4623CB23C228AB254AB8
:107D90000EA98C46624403CA03C3234A624423CA21
:107DA00023C3320023CA23C3994626A91800FEF72D
:107DB00018FE494653AA1000FEF713FE02225D92F8
:107DC0003000FFF7AFF800900A9B099A002107984E
:107DD0000DF0A0FB164A09922100FFA85430FCF7D1
:107DE00034FDE223DB000EAA9446634422E0C04641
:107DF000380800000C08000014080000FC07000010
:107E0000B4CD0210C4070000CC070000B407000086
:107E10007C070000840700006C070000A8CD02105A
:107E2000B0CD0210340700003C070000240700001A
:107E3000BCCD0210FFAA583203CA03C3E323DB0000
:107E40006344FFAA603223CA23C34146E022D20022
:107E5000624415001000FEF705FE0C2229003000D8
:107E600010F0BAFD14ABE222D2000EA98C46624497
:107E700003CA03C3E322D200624423CA23C33200ED
:107E800023CA23C312A93000FEF7ABFD31003BA883
:107E9000FEF7A7FD58460023C362FFF743F80A9098
:107EA000099A2100FFA86C30FCF7CFFC444B0EAAC6
:107EB00094466344FFAA703203CA03C3414B634430
:107EC000FFAA783223CA23C33F4B63449B464146F3
:107ED0001800FEF7C7FD33005A4623CA23C31EAB62
:107EE000374A0EA98C46624403CA03C3354A62442A
:107EF00023CA23C3320023CA23C31CAB190030009A
:107F0000FEF76FFD310047AB1800FEF76AFD5346E0
:107F10000121D9621800FFF705F88346099A21006C
:107F2000FFA88430FCF791FCD923DB000EAA94460D
:107F30006344FFAA883203CA03C3DA23DB00634425
:107F4000FFAA903223CA23C3D723DB0063449A4697
:107F500041461800FEF786FD0C225146300010F015
:107F60003BFD28ABD922D2000EA98C46624403CA3D
:107F700003C3DA22D200624423CA23C3320023CAD5
:107F800023C326AB19004846FEF72BFD494653ABE9
:107F90001800FEF726FD02215D913000FEF7C2FFBA
:107FA00000905B460A9A032107980DF0B3FA074B3D
:107FB000FA00D21BD2009B1800221A710025BBE3E5
:107FC000EC060000F4060000DC060000501D002056
:107FD000FC4A2100FFA8A430FCF737FCFFA9A4311C
:107FE000FFA89C30FEF7DAFEFFAB9C331B68002B2A
:107FF00000D193E3F34B99461A002100FFA8BC304F
:10800000FCF723FCF04B0EAA94466344FFAAC0324F
:1080100003CA03C39A231B016344FFAAC83223CABD
:1080200023C3EA4E6644EA493000FEF71BFD46AD25
:108030000C223100280010F0CFFC54ABE24A0EA90C
:108040008C46624403CA03C39A221201624443CAA3
:1080500043C32A0043CA43C352AB98461800FEF7F5
:108060003FFF0138C3B29B464A462100FFA8D430E7
:10807000FCF7EBFBD74B0EAA94466344FFAAD83219
:1080800003CA03C3D44B6344FFAAE03243CA43C3C9
:10809000D24E6644D2493000F9F71CFB2B0007CEC4
:1080A00007C354ABCB4A0EA98C46624403CA03C330
:1080B000C94A624443CA43C32A0043CA43C3404631
:1080C000FEF70EFF04904A462100FFA8EC30FCF7B3
:1080D000BCFB95231B010EAA94466344FFAAF03211
:1080E00003CA03C3BF4B6344FFAAF83243CA43C366
:1080F000942636016644BC493000FAF794FF0C22FE
:108100003100280010F068FC54AB952212010EA932
:108110008C46624403CA03C3B24A624443CA43C39F
:1081200007CD07C3FF23A022D2006A4413601100C9
:108130004046FEF727FFC3B20B93AC4B5A465200A2
:10814000991801204870791C9954A94A2100A9481E
:108150006844FCF77AFBA7496944A7486844FEF7DE
:108160001DFEA54B6B441B68002B00D1D9E2A04B30
:1081700099461A002100A1486844FCF766FBA04B11
:108180000EAA94466344A522D2006A4403CA03C3DC
:108190009C4B6344A622D2006A4423CA23C39A4E4E
:1081A00066448B493000FEF75DFC46AD2B0007CEE0
:1081B00007C354AB924A0EA98C46624403CA03C358
:1081C000904A624443CA43C32A0043CA43C352ABE2
:1081D00098461800FEF784FE0138C3B207934A465A
:1081E000210085480EAB9C466044FCF72EFB9E2385
:1081F0001B010EAA94466344A122D200624403CA22
:1082000003C3824B6344A222D200624443CA43C3E5
:108210009D263601664472493000F9F75BFA0C225C
:108220003100280010F0D8FB54AB9E2212010EA999
:108230008C46624403CA03C3744A624443CA43C3BC
:108240002A0043CA43C34046FEF74AFE05904A4609
:1082500021006F480EAB9C466044FCF7F6FA6D4B6C
:108260000EAA94466344A422D200624403CA03C304
:10827000694B6344A522D200624443CA43C3674E9C
:10828000664459493000FAF7CEFE2B0007CE07C3EB
:1082900054AB604A0EA98C46624403CA03C35E4ACB
:1082A000624443CA43C307CD07C3FF235C4961440B
:1082B0000B605B4961444046FEF764FEC1B20C911D
:1082C0004A4B079A5200991802204870791C995419
:1082D000544A2100A820C0000EAB9C466044FEF723
:1082E000CDFBA821C9000EAB9C466144A720C0006D
:1082F0006044FEF753FDA723DB000EAA94466344B7
:108300001B68002B00D10FE2464B9A461A00210051
:10831000AB20C0006044FEF7B1FBA7231B010EAAEF
:1083200094466344404A624403CA03C33F4B6344D8
:108330003F4A624423CA23C3A62636016644244921
:108340003000FEF78FFB46AD0C223100280010F004
:1083500043FB54ABA72212010EA98C46624403CA08
:1083600003C3324A624443CA43C32A0043CA43C3D5
:1083700052AB99461800FEF7B3FD0138C2B209921C
:1083800052462100AE20C0000EAB9C466044FEF772
:1083900075FB284B0EAA94466344274A624403CADD
:1083A00003C3264B6344264A624443CA43C3254B56
:1083B000634498460A491800F9F78CF92B004246A5
:1083C00042E0C046A8CD02109809000088090000CC
:1083D0009CCD0210740900007C09000064090000B3
:1083E000A0CD021058090000C4CD0210582A002068
:1083F000B4CD02100C0500000405000024050000A7
:10840000040A00000C0A0000F4090000E80900005A
:108410001C050000BC090000C4090000AC090000F4
:108420003405000098CD02105C050000780A0000B9
:10843000640500004C0A000074050000540A0000A6
:108440007C0500003C0A000043CA43C354ABCC4A3D
:108450000EA98C46624403CA03C3CA4A624443CA93
:1084600043C32A0043CA43C34846FEF739FD06907A
:1084700052462100B120C0000EAB9C466044FEF77E
:10848000FDFAC14B0EAA94466344C04A624403CA33
:1084900003C3A3231B016344BD4A624443CA43C3CD
:1084A000BC4B63449846BC491800FAF7BCFD0C224B
:1084B0004146280010F090FA54ABB34A0EA98C46FE
:1084C000624403CA03C3A3221201624443CA43C3E2
:1084D00007CD07C3FF23B422D2006244136011000A
:1084E0004846FEF74FFDC3B20D93AC4B099A5200BC
:1084F000991803204870791C9954A94A2100A94869
:108500000EAB9C466044FCF7A0F9A6490EAB9C4616
:108510006144A5486044FEF741FCA34B0EAA944673
:1085200063441B68002B00D101E19D4B9A461A0061
:1085300021009E486044FCF788F99D4B0EAA9446A2
:108540006344B922D200624403CA03C3994B634413
:10855000BA22D200624423CA23C3974B634498468D
:1085600096491800FEF77EFA46AD2B00424643CAF4
:1085700043C354AB8E4A0EA98C46624403CA03C35C
:108580008C4A624443CA43C32A0043CA43C352AB22
:1085900099461800FEF7A4FC0138C3B2984652462B
:1085A000210087480EAB9C466044FCF74EF9854B92
:1085B0000EAA94466344BC22D200624403CA03C399
:1085C000AC231B016344BD22D200624443CA43C3AF
:1085D0007D497E4B63441800F9F77CF80C227B4BF5
:1085E0000EA98C4663441900280010F0F5F954AB2D
:1085F000744A0EA98C46624403CA03C3AC2212011A
:10860000624443CA43C32A0043CA43C34846FEF7F1
:1086100067FC0890524621006D480EAB9C466044B2
:10862000FCF713F96B4B0EAA94466344BF22D200A9
:10863000624403CA03C3684B6344C022D20062444D
:1086400043CA43C3654B63449A4653491800FAF73B
:10865000EAFC2B00524643CA43C354AB5D4A0EA901
:108660008C46624403CA03C35B4A624443CA43C3A1
:1086700007CD07C3FF235A4A6244136011004846DE
:10868000FEF780FCC3B29946444B4246520099180B
:1086900005204870791C99541C2010F0A3F905009E
:1086A000FBF73CFF02004F4943460293099B0193AD
:1086B000079B00935B4628000CF004FB4A4AFB0032
:1086C000DB1BDB009D5006980FF0A1FF824605984A
:1086D0000FF09DFF804604980FF099FF061C089844
:1086E0000FF095FF009053464246311C28000CF0D5
:1086F0000FFB0B9A002128000CF004FB0C9A0121BF
:1087000028000CF0FFFA0D9A022128000CF0FAFA6A
:108710004A46032128000CF0F5FA48E4FF239B4663
:1087200013E5FF230793D3E5FF230993E5E6FF2332
:1087300099469846B0E70135052D59DC2B4A2100B2
:10874000C220C0000EAB9C466044FEF76BF92A00C5
:10875000C221C9000EAB9C46614452A8FEF72EF917
:1087600052A8FEF755FB0028E5D01F4BFA00D21B9C
:10877000D2009B181A799918487101321A71DAE7F8
:108780004C0A0000540A0000280A00008C05000072
:1087900094050000180A0000C4CD0210582A0020D9
:1087A000BCCD0210AC050000A4050000C40500000B
:1087B000DC0A0000E40A0000CC0A00009CCD021094
:1087C000DC050000B80A0000A0CD0210A80A0000D5
:1087D000F4050000940A00009C0A0000840A0000CE
:1087E0000C060000782A0020501D002000C702104F
:1087F000DD4BFA00D21BD2009B181B79002B5BD0FB
:10880000DA4A2100C520C0000EAB9C466044FEF74A
:1088100035F9FF23C822D2000EA98C4662441360AA
:108820001100C520C0006044FEF7D8FBCE4DFB0010
:10883000DB1BDB00ED186874CD4A2100CD480EAB80
:108840009C466044FCF720F80623CB4A0EA98C46D0
:10885000624413601100C7486044FEF7BFFBE87430
:108860002B00203300261E70C44A2100CC20C000FB
:108870000EAB9C466044FEF720F9CF23DB000EAA26
:10888000944663441E60CF21C9006144CC20C000DF
:108890006044FEF7A3FB2B002133187030352B7892
:1088A000022B23D0B04BFA00D21BD2009B183133DD
:1088B00000221A70FEF7DBFD0EF016FAB04A002314
:1088C0000EF0F0FE100019000FF0E4F90022AD4B9D
:1088D0000FF0F7F802000B00AB4811F0D5FBAB48E6
:1088E00011F0A2FB0420FAF7EFF989E7A84A21006A
:1088F000A8480EAB9C466044FEF7FEF80023A64A4B
:108900000EA98C46624413601100A2486044FEF731
:1089100065FBC0B2944BFA00D21BD2009B183133D6
:108920001870002801D0FEF7A2FD0EF0DDF9944A80
:1089300000230EF0B7FE100019000FF0ABF9002273
:10894000904B0FF0BEF802000B008F4811F09CFB1B
:10895000791C924811F098FB0420FAF7B5F9FEF75C
:1089600086FD8F4A8F49D320C0000EAB9C466044E1
:10897000FEF7EEF8D320C0000EAB9C466044FEF735
:10898000F5F9002808D0884BFF221A70864B1B7817
:108990000F2B16D9002461E0814A8249D520C000FE
:1089A0000EAB9C466044FEF7D3F8D520C0000EAB5A
:1089B0009C466044F9F7A4FF7B4B1870013818708F
:1089C000E4E70EF091F96E4A00230EF06BFE100002
:1089D00019000FF05FF900226A4B0FF072F80200E5
:1089E0000B00694811F050FB6F4D29786F4811F06A
:1089F0004BFB29786E4C6F4A20000AF08DFD2978D8
:108A0000FF2220000AF0BEFDC4E70EF06DF95C4ABB
:108A100000230EF047FE100019000FF03BF9002272
:108A2000584B0FF04EF802000B00574811F02CFB8A
:108A30004D4BE200121BD2009B185B195B795E481C
:108A40002A00210011F020FB0135474BE200121BE8
:108A5000D2009B181B79AB42D7DC0134032C08DC15
:108A6000414AE3001B1BDB009B58002BF5D000257F
:108A7000EBE7002513E00134032C0BDC3A4AE3005A
:108A80001B1BDB0098580028F5D0E9B203681B686F
:108A90009847F0E7FA2080000EF016F80135032D14
:108AA00001DC0024E8E7002400E00134032C0BDCA7
:108AB0002D4AE3001B1BDB0098580028F5D0036803
:108AC0001B6802219847F0E70EF0C6FB002817D07C
:108AD0003A4B1B6A002B15D1384B5B6A002B13D025
:108AE000002400E00134032C11DC1F4AE3001B1BAF
:108AF000DB009B58002BF5D0E0B2FBF739FDF1E726
:108B00000024F0E70024EEE70620FAF7ABF82B4A42
:108B10000023136253622A4A01211170294A1370FB
:108B20008022294929482A4B0193072300930023D7
:108B3000920016F02AFA0EF0D7F8114A00230EF030
:108B4000B1FD100019000FF0A5F800220D4B0EF03A
:108B5000B8FF02000B000C4811F096FA1D4811F006
:108B600063FA002439E0C046501D0020ECCD02100D
:108B70005CC90210440600005C060000F0CD021043
:108B800040420F0000408F4028A80210D0CD0210B4
:108B900000CE02107C0600009406000010CE0210E9
:108BA00034CE0210042A0020D49A022040CE0210B3
:108BB000782A00200000684250CE02100080054054
:108BC000D69A0220D79A022068CE0210A96200101D
:108BD000442A002074CE02100134032C2CD81A4AE7
:108BE000E3001B1BDB009B58002BF5D0C822174964
:108BF0001748A300174D5B1901930C231B1B00930F
:108C00002300520016F0C1F90EF06EF8124A00234C
:108C10000EF048FD100019000FF03CF800220F4B39
:108C20000EF04FFF02000B000D4811F02DFA611CF1
:108C30000C4811F029FACFE70B4B9D44F0BCBB4622
:108C4000B246A946A046F0BD501D00208CCE0210B1
:108C5000E5640010482A002040420F0000408F4089
:108C600028A802109CCE02102C0B000010B5FCF7B7
:108C7000C5FD10BD10B50379002B05D100290AD020
:108C800003230371016010BD064B074AF621074814
:108C9000490011F013F8064B034AEE310348FF3147
:108CA00011F00CF840A10210BCCE0210A0A10210DD
:108CB0004CE3021010B5002801D1012010BD01388D
:108CC000FFF7F8FF830018184000F7E770B5466813
:108CD00005E00C785D1C45601C70013A0131436869
:108CE0000468A34201D2002AF3D1981B70BD000092
:108CF00084B0F8B506900791089209930FAB1E78DF
:108D000006AB5B78002B14D11D4D2C781D4B220136
:108D1000121950001818222206A90FF05DFE1A4BF6
:108D20001E55013407231C402C70F8BC08BC04B04D
:108D3000184737090F231E4014483200390011F03C
:108D4000A3F900240AE01A2011F060F90EE00F48A0
:108D50003200390011F098F90134E4B21F2C0BD81D
:108D6000230018336B449D780A2DECD0280011F0B5
:108D70004DF90A2DF0D1EAE70A2011F047F9D4E7BE
:108D8000CD9A0220EC280020FC29002028CF0210D8
:108D9000F0B5C64600B58B4CA544050003910020F4
:108DA00016F092F980460E21002016F09DF9864AB1
:108DB0008026F60004AF002300930433310038000E
:108DC00010F0FEFE814A8249222002AB9C4660449C
:108DD00010F0F6FE7F4A3100383912A810F0F0FE8C
:108DE0007D4A31005139592002AB9C46604410F055
:108DF000E7FE7A4A31006E39762002AB9C46604429
:108E000010F0DEFE764A31008939912002AB9C4693
:108E1000604410F0D5FE734A3100A339AB2002AB99
:108E20009C46604410F0CCFE6F4A3100BD39C5202D
:108E300002AB9C46604410F0C3FE6C4A3100DA3944
:108E4000E22002AB9C46604410F0BAFE684A310052
:108E5000F739FF2002AB9C46604410F0B1FE654A32
:108E600031000D39FF3947A810F0AAFE93246400A1
:108E7000614A311B381910F0A3FE0E345F4A311BD2
:108E8000381910F09DFE21345D4A311B381910F05D
:108E900097FE1A345B4A311B381910F091FE2534C5
:108EA000594A311B381910F08BFE4434574A311B94
:108EB000381910F085FE3234554A311B381910F03C
:108EC0007FFE3334534A311B381910F079FE2434B5
:108ED000A4B2514A311B381910F072FE0F34A4B2FB
:108EE0004E4A311B381910F06BFE1E34A4B24C4AA6
:108EF000311B381910F064FE2034A4B2494A311BEA
:108F0000381910F05DFE2034A4B2474A311B3819DD
:108F100010F056FE2034A4B2444A311B381910F028
:108F20004FFE2034A4B2424A311B381910F048FEDB
:108F30001F34A4B23F4A311B381910F041FE1F34D0
:108F4000A4B23D4A311B381910F03AFE1F34A4B2C6
:108F50003A4A311B381910F033FE1F34A4B2384A94
:108F6000311B381910F02CFE1F34A4B2354A311BC6
:108F7000381910F025FE1F34A4B2334A311B3819BA
:108F800010F01EFE1F34A4B2304A311B381910F005
:108F900017FE1F34A4B22E48390011F075F8002DC9
:108FA00009D14146002016F09FF88223DB009D4442
:108FB00080BCB846F0BD0123039A21003800FAF7BF
:108FC0007DFBEEE7F0FBFFFF30CF021050CF021029
:108FD000E603000070CF02108CCF0210ACCF02105D
:108FE000C8CF0210E4CF021000D0021020D002102F
:108FF00040D0021058D0021074D0021084D0021059
:10900000A8D00210C4D00210ECD0021034D102104B
:1090100068D102109CD10210C4D10210D4D1021028
:10902000F4D1021018D202103CD2021060D2021009
:1090300084D20210A4D20210C4D20210E4D20210D0
:1090400004D3021024D3021044D3021064D30210BC
:1090500084D30210F0B5D6464F464646C0B5814689
:109060004168006800223B4B0EF0A2FD002841D170
:1090700080256D000824002398464B461E685F68D3
:1090800000220023300039000EF09AFD002807D09E
:10909000314A324B300039000EF082FD002832D1C7
:1090A0004046E0BCBA46B146A846F0BD6D10013C52
:1090B00064B2002CE1DB4B461E685F68E3009A4611
:1090C000274B53441A685B68300039000EF070FD7E
:1090D0000028EBD0234B53441A685B6830003900FA
:1090E0000EF00DFD4B46186059604346EB181BB25D
:1090F0009846DBE780256D00082400239846D8E7D2
:109100006D10013C64B2002CCADB4B461E685F68E0
:10911000E3009A46134B5344186859680022124BD7
:109120000EF0EDFC02000B00300039000EF032FDB5
:109130000028E5D00A4B53441A685B6830003900B8
:109140000EF0DDFC4B461860596043465B1B1BB2BA
:109150009846D5E7D0126341F168E388B5F8E43E5C
:10916000880D0310400D031000002440F0B5DE46CA
:1091700057464E464546E0B587B080460492059373
:1091800010AB00241C572000FFF794FD050004A835
:10919000FFF760FF03908246049A059B00920193BB
:1091A000100019000EF05EFD814606000BE00A215A
:1091B00028000EF039FA0500013C64B20A213000A3
:1091C0000EF032FA0600092EF1D848460EF00AFDDC
:1091D00002000B00009801990EF061FC06000F00E0
:1091E00028000EF0FFFC02000B00300039000EF0EA
:1091F00086FC06000F000EF035FD83460EF0F2FCF3
:1092000002000B00300039000EF049FC02000B0098
:109210000EF04EFC0EF026FD58440600854217D88D
:1092200001239C46E1445346002B28D04B46092B92
:1092300027D9039B01331BB29A4600260123994686
:1092400006E00A2130000EF0EFF90600013C64B29E
:109250000A2130000EF0E8F9002901D1002CF0DCE1
:1092600043464A461A605E6052461A819C724046E6
:1092700007B0F0BCBB46B246A946A046F0BD0026EA
:10928000E6E70026E4E701604260002303727047CE
:1092900070B584B004000B68002B15D04E681D8893
:1092A00030000C302900F7F715FD02A902908D80DF
:1092B0006D46082268460FF08FFB230006CD06C3DB
:1092C000A660200004B070BD0360013B8380F8E716
:1092D00070B584B004000B68002B15D04E681D8853
:1092E00030000C302900F7F7F5FC02A902908D80C0
:1092F0006D46082268460FF06FFB230006CD06C3BB
:10930000A660200004B070BD0360013B8380F8E7D5
:10931000F0B5C64600B588B00400049105921D0062
:1093200000220260426001230372C26002610029D0
:1093300016D004AB98461800F7F7C2F801006E4645
:109340006846F7F7CFF827000ECE0EC72900404633
:10935000F7F71CFD049A06AB0692079503CB03C7EB
:10936000200008B080BCB846F0BD10B5040081688C
:10937000F7F70CFDA1682000F7F708FD200010BDED
:10938000F0B5CE46474680B583B006009046994674
:1093900000230360013B83800D880AE06F462A00AA
:1093A00001006846F7F716FB009B3360BB88B3806B
:1093B000E588084B9D4207D048460C302900F7F756
:1093C00089FC04004045E9D1300003B0C0BCB94677
:1093D000B046F0BDFFFF0000F0B587B0050000917A
:1093E00001921C000F1E1BD00A00010002A8FFF70B
:1093F000C7FFFE88029B002B14D002A8F7F7D8FA0B
:10940000C6800B4B9E420FD06B469A8804AD390044
:109410002800F7F7DFFA0499059A2000F7F759FDBD
:1094200007B0F0BD2E80ECE702AB9B886B80EBE7CA
:10943000FFFF000030B583B00400009101920D1EC3
:109440000AD011002800F7F723FD21002800F7F7C4
:1094500079F8012003B030BD0020FBE710B5041EF1
:1094600004D0F7F715FD2000F7F7A4F810BD10B5EC
:10947000041E04D0F7F70CFD2000F7F7B5F810BD77
:1094800070B504000D0008684968FFF7F0FF6B68CD
:1094900020606360200070BD10B50300006859684B
:1094A000002801D0F7F7CCFC10BD10B50300006810
:1094B0005968002801D0F7F7C3FC10BDF0B585B09E
:1094C0000500009101921C000E1E18D0CF881800D4
:1094D0000C303900F7F7FEFB0100C388F38002AEC1
:1094E0003A003000F7F776FA0299039A2000F7F76E
:1094F000F0FC23000099019A2800FFF76DFF05B0EA
:10950000F0BD30B583B06B4630C930C3009B002B33
:1095100002D01A79202A04D1019A0360426003B074
:1095200030BD0023F8E770B504000D1E08D0080018
:109530001EF098FE2560606000232372200070BD3D
:109540000020F7E7F0B587B004000E00110003AD6E
:109550002800FFF7E8FF6B466A4683CD83C22200EE
:1095600040C223CB23C2200007B0F0BD70B58B688A
:10957000836003000C330A000C3270CA70C370CAD7
:1095800070C3243134C934C370BD70B58CB00400CD
:1095900015006846FFF7EAFF201D6946FFF7E6FF62
:1095A000656320000CB070BD704770B50400080002
:1095B000FFF7FAFF230026C826C3200070BDF0B5D0
:1095C0008BB005000B00110005AC220041CB41C25D
:1095D00016001000FFF7E9FF6A466B4603CC03C391
:1095E00019003000D0C8D0C1291D11CA11C12A00EC
:1095F0000C3213CB13C228000BB0F0BDF0B583B012
:1096000006000C001500078810000C303900F7F731
:1096100061FB00906B469F800098002807D0002CCB
:1096200005D029006846F7F7B1FB013CF4E70028B4
:1096300009D0002C09D029003000F7F78BFD002855
:1096400003D0013CF5E70134F3E703B0F0BD70B59A
:109650000C0015000379002B06D0402B08D12A00FE
:109660002100FFF7CBFF70BDF6F7A4FF0028F6D16D
:109670000020F8E770B584B004000568466802A9C8
:1096800002954E60082268460FF0A6F9002D03D01F
:1096900031002800F7F7FCFB6368002B05D01B792D
:1096A000002B04D1012004B070BD0020FBE7002096
:1096B000F9E770B586B004006846009101921E007B
:1096C00002A90B0024C824C31D00082218000FF0B3
:1096D00083F9230006CD06C30023A360E66023744C
:1096E000200006B070BD82B070B58AB003AD0390A3
:1096F000049105920F931E0007AC29002000F7F794
:1097000018FC109B00930799089A099B3000FDF7FD
:10971000BFFA0AB070BC08BC02B0184770B50400AC
:109720000D0008001EF09EFD020029002000FFF73A
:10973000CDFAA368C018A06070BD70B58AB00400EF
:1097400003910492059308AE0E9B0193059B009331
:109750000A00049B01003000F7F7E7FF06AD08227E
:10976000310028000FF038F90E9B0699079A200067
:10977000FFF7A4FE0AB070BD70B58AB003910492E1
:1097800005930379202B0ED107AA03AB70CB70C2CF
:10979000002806D00E9A00920799089A099BFFF7B5
:1097A000CCFF0AB070BD0020EEE7000010B5002924
:1097B00003D00449FFF7B2FF10BD0349FFF7AEFF26
:1097C000FAE7C04690C10210A8CB021070B50500A0
:1097D000002405E004492800FFF7A0FF0134E4B2AB
:1097E0002B7CA342F6D870BD88D3021001207047AD
:1097F00010B50400FFF7FAFF002801D0200010BDCB
:109800000020FCE7002801DB012070470020FCE776
:1098100010B50400FFF7F6FF002801D0200010BDAE
:109820000020FCE710B50400F8F781FA002801D009
:10983000200010BD0020FCE7002905DB01200029E5
:1098400000DD0020C0B270470020FCE710B5040026
:10985000FFF7F2FF002801D0200010BD0020FCE738
:1098600070B504000D00002200230EF0A1F90028BD
:1098700009D0064A064B200029000EF091F9002875
:1098800002D0012000E0002070BDC0460000E0FFD3
:10989000FFFFEF4170B504000D00FFF7E1FF002866
:1098A00004D0200029000EF0DDF970BD0020FCE797
:1098B00070B582B0041C009101920D1E0BD01600F1
:1098C00011002800F7F7E4FA3200211C2800F8F70D
:1098D000BBF802B070BD0020FBE770B588B0029104
:1098E00003920D00160005AC01002000FDF7BAF848
:1098F00000960599069A079B2800FDF7C9F908B05C
:1099000070BD70B588B0029103920D00160005ACD1
:1099100001002000F7F7DEFE00960599069A079BE6
:109920002800FDF7B5F908B070BD10B5F8F7E8FFED
:1099300010BD000010B586B002AC134A13492000D8
:10994000F7F7D4FE2000F8F7DBFF114B18708022E8
:109950001049114800240194042300930023D201EC
:1099600015F013FB0D4B1C700D4B1C700D4888221D
:10997000520000210FF02AF80B48082200210FF0B6
:1099800025F806B010BDC046ECC30210042A002022
:10999000CF9A02208CD30210CD280110CD9A02203C
:1099A000CE9A0220EC280020FC29002010B5F8F700
:1099B0003AFD10BDF0B58BB005000391F8F71FFD1F
:1099C000060007AC03A92000FAF70DFF2A6804ABD4
:1099D000A1CCA1C3002E06D000920499059A069B43
:1099E0003000FFF7C9FE0BB0F0BD10B582B0040027
:1099F000FAF764FB616800900191F6F76DFE02B022
:109A000010BD10B5FFF7F1FF10BD30B585B00500F2
:109A1000FAF754FB04006D6802A902904D60082219
:109A200068460EF0D9FF002C05D029002000F7F77A
:109A3000A7FF05B030BD0020FBE710B5FFF7E5FF3D
:109A400010BDF0B58BB005000391FAF737FB0600A7
:109A500007AC03A92000FAF7C6FE6A6804ABA1CCE4
:109A6000A1C3002E06D000920499059A069B3000EF
:109A7000FFF782FE0BB0F0BD10B5FAF71FFB002810
:109A800004D0007943425841C0B210BD0120FCE728
:109A900070B588B0029103920D00160005AC01006C
:109AA0002000F9F730FF00960599069A079B2800D9
:109AB000FDF7EEF808B070BD10B5FAF71FFB10BD4A
:109AC00010B51D4B00E002331A78002A02D05C78F2
:109AD000A142F8D1002A1BD0436801688B4213D2FF
:109AE000591C41605C2119705B3983685B18836085
:109AF000436801688B4209D2591C41601A700122E7
:109B000083689B18836010BD0021EEE70022F7E711
:109B100000290DD043680268934207D25A1C426064
:109B20001970012283689B188360ECE70022F9E733
:109B30000249FFF7F3FDE6E718BA021098D30210C6
:109B400070B5040000290CD04368006883420ED22F
:109B5000581C6060222018702138A3681B18A3606D
:109B60000EE00F4B0F4A1048303110F0A7F80020DC
:109B7000F3E74E1C09782000FFF7A2FF2A0031000E
:109B8000551E002AF5D1636821688B4204D25A1C05
:109B9000626022221A70213AA3689B18A36070BDEC
:109BA000A0D30210B0D3021068D4021010B5040084
:109BB000521AFFF78BF8A368C018A06010BDF0B56B
:109BC000C64600B588B0804615001C00162702ABBB
:109BD0009C4667440A220023280021000DF062FD04
:109BE0003032013F3A70019526000A2200232800F6
:109BF00021000DF057FD05000C00002EEAD102D126
:109C0000019B092BE6D8162202AB9C466244390020
:109C10004046FFF7CBFF08B080BCB846F0BD70B53A
:109C200011001E1E02DBFFF7CAFF70BD4368026809
:109C300093420DD25A1C42602D221A702C3A83682E
:109C40009B1883600C00350000236242AB41EAE7B9
:109C50000022F4E710B5012402000B000DF092FF82
:109C6000002800D00024E0B210BD70B504000D0043
:109C7000002200230DF086FF00280DD122002B00CA
:109C8000200029000DF014FF22002B000DF07AFFB8
:109C9000002802D0012000E0002070BD00B583B094
:109CA0000300086819685A6800910192FFF700FEE6
:109CB00003B000BD10B584B004000A000368416819
:109CC000029303910091106851689268FFF70BFDB1
:109CD0006368002B05D01B79002B04D1012004B050
:109CE00010BD0020FBE70020F9E770B584B00068E4
:109CF00001AB1A0070C970C200221900FFF7DAFF29
:109D000004B070BD00B583B00300087819685A68C4
:109D100000910192FFF78EFB03B000BDF0B585B056
:109D200004000D0002920393161E0CD01F001900B0
:109D30001000F7F7ADF8009722002B003000F8F77D
:109D400041F805B0F0BD0020FBE700B583B003008B
:109D5000086849681A685B6800920193FFF7DEFFA4
:109D600003B000BD00B583B000680A684B6800927C
:109D7000019300226946FFF7E8FF03B000BD000031
:109D8000F0B583B004000F0016000379002B0AD150
:109D90000800FFF72BFD051E0BD00A232371276057
:109DA000280003B0F0BD0C4B0C4A0D487E210FF08B
:109DB00085FF31006846F7F702FA009B002BEFD0D1
:109DC0001A232371684683882380F7F7B7FF07605B
:109DD000002343600125E3E740A10210C8D402102C
:109DE00018BC021070B582B00400009101920D1EE3
:109DF0000BD0160011002800F7F74AF832002100B6
:109E00002800FFF7BDFF02B070BD0020FBE7012076
:109E100070470000F0B583B004000F00160003790E
:109E2000002B0AD10800FFF7F2FF051E0BD00C2310
:109E300023712760280003B0F0BD0C4B0C4A0D487D
:109E400067210FF03BFF31006846F7F7B8F9009B38
:109E5000002BEFD01C232371684683882380FC17D6
:109E6000F7F76CFF076044600125E3E740A10210AB
:109E700038D6021018BC021070B582B004000091F0
:109E800001920D1E0BD0160011002800F7F700F804
:109E9000320021002800FFF7BDFF02B070BD002096
:109EA000FBE770B584B004000E000800FAF706F96D
:109EB0000500766802A902904E60082268460EF0FE
:109EC0008BFD25606660200004B070BDF0B587B0E2
:109ED00004000430FAF7F2F8A16803AA230024333F
:109EE000E0CBE0C2002805D000910399049A059BBD
:109EF000F8F76CFA07B0F0BD30B585B00500FFF794
:109F0000E5FF0400AD6802A902904D600822684692
:109F10000EF062FD002C05D029002000F7F730FD7F
:109F200005B030BD0020FBE710B5FFF7E5FF10BD21
:109F300010B504000430FFF7C9FF616BE268F9F760
:109F4000D6FC10BD30B585B00500FFF7F1FF040069
:109F5000ED6802A902904D60082268460EF03CFDB3
:109F6000002C05D029002000F7F70AFD05B030BD10
:109F70000020FBE710B5FFF7E5FF10BDF0B587B097
:109F800007000C0016256D440A2120000DF04CFB43
:109F90003031013D297026000A2120000DF044FBDC
:109FA0000400092EF0D816226A4429003800FFF771
:109FB000FDFD07B0F0BDF0B585B007000C0004AEA4
:109FC0000CE00A2120000DF02FFB3031013E3170F2
:109FD0000A2120000DF028FB04002A00551E6DB256
:109FE000002AEED1711E2E230B7004AA3800FFF751
:109FF000DDFD05B0F0BD000010B5041C00210EF021
:10A00000F9FA00280AD00748F9F766FD011C201C60
:10A010000EF0E8FA002803D0012000E0002010BD77
:10A020000020FCE7FFFF7F4F10B5041CFFF7E4FFA3
:10A03000002803D0201C0EF043FB10BD0020FCE7DD
:10A0400010B50378032B18D00AD8012B11D0022B9E
:10A0500004D1C1688068FFF7F9FB0DE000200BE038
:10A06000042B04D1C1688068FFF714FC04E00020D1
:10A0700002E08068FFF7D8FF10BDC1688068FFF775
:10A08000D1FBF9E710B584B001006846F7F77AF91B
:10A090006846FFF7D5FF04B010BD000010B50400FE
:10A0A000F6F739FF23791E2B31D89B00194AD35874
:10A0B0009F4620782CE02068FFF79AFB28E0206874
:10A0C000FFF7A6FB24E041680068FFF7ABFB1FE049
:10A0D00041680068FFF7BAFB1AE02000FFF7D2FFE3
:10A0E00016E020680028F9D10B4B0C4A18210C48C7
:10A0F000FF310FF0E3FD20680830EFE72068FFF73D
:10A1000093FF05E041680068FFF7C4FB00E0002012
:10A1100010BDC0464811031088B7021094D7021032
:10A12000A0A1021030B585B00500F8F768F9040069
:10A130002D6802A902904D60082268460EF04CFC82
:10A14000002C05D029002000FFF7A8FF05B030BD86
:10A150000020FBE70120704710B5041CFFF7FAFF51
:10A16000002801D0201C10BD0020FCE70120704712
:10A1700070B505000C00FFF7F9FF002804D0280097
:10A1800021000EF0A7FA70BD0020FCE70120704707
:10A1900070B505000C00FFF7F9FF002804D0280077
:10A1A00021000EF0A7FA70BD0020FCE701207047E7
:10A1B00070B504000D00FFF7F9FF002804D020005F
:10A1C00029000DF09FFD70BD0020FCE710B503785D
:10A1D000032B18D00AD8012B11D0022B04D1C1684F
:10A1E0008068FFF7C5FF0DE000200BE0042B04D1D1
:10A1F000C1688068FFF7DCFF04E0002002E08068AF
:10A20000FFF7AAFF10BDC1688068FFF7C1FFF9E73B
:10A2100010B584B001006846F7F7B4F86846FFF758
:10A22000D5FF04B010BD000010B50400F6F773FEB2
:10A2300023791E2B30D89B00184AD3589F4620788C
:10A240000EF0E5F929E020680EF0E1F925E020683C
:10A250000EF0E2F921E0416800680EF04BFA1CE0D4
:10A26000416800680EF036FA17E02000FFF7D0FFD3
:10A2700013E020680028F9D1094B0A4A0A48EA216C
:10A280000FF01CFD20680830F0E7206805E0416809
:10A2900000680DF037FD00E0002010BDC411031070
:10A2A00088B7021028D80210A0A1021030B585B0DE
:10A2B0000500F8F7A4F804002D6802A902904D608B
:10A2C000082268460EF088FB002C05D029002000EB
:10A2D000FFF7AAFF05B030BD0020FBE710B5FFF780
:10A2E000E5FF10BD704710B504000800FFF7FAFF46
:10A2F000206006236360053B2372200010BD70B50B
:10A3000088B0029103920D00160005AC01002000F8
:10A31000FFF7E9FF00960599069A079B2800FCF7CE
:10A32000B7FC08B070BDF0B587B006000C0016256C
:10A330006D440A2120000DF077F989B23031013DDA
:10A34000297027000A2120000DF06EF984B2092F30
:10A35000EFD816226A4429003000FFF727FC07B027
:10A36000F0BD10B5002903DB89B2FFF7DCFF10BD9B
:10A370004368026893420BD25A1C42602D221A7025
:10A380002C3A83689B18836089B2494289B2ECE712
:10A390000022F6E7F0B5C64600B586B00400160008
:10A3A0001F000CAB1B785BB2984610003900FFF71A
:10A3B00051FC002835D130003900FFF756FC002849
:10A3C00034D100220023300039000DF0E3FB0028D7
:10A3D00031D103AD4346009332003B002800FEF725
:10A3E000C5FE03992000FFF7C9FD0A22AA56002ADC
:10A3F00034D103AB0821595E00290ED0636822686E
:10A40000934230D25A1C626065221A70643AA36883
:10A410009B18A3602000FFF7A4FF06B080BCB846DD
:10A42000F0BD12492000FFF779F9F6E70F49200047
:10A43000FFF774F9F1E7636822689A420CD95A1C55
:10A4400062602D221A702C3AA3689B18A3608021A9
:10A4500009067B181F00BCE70022F5E704992000DD
:10A46000FFF7A9FDC5E70022D1E7C04698C1021059
:10A47000F0B591B004000D001100F6F74CFD237902
:10A48000402B00D994E09B004D4AD3589F4620684A
:10A490000EF03EF902000B00062100912800FFF7A4
:10A4A00079FFA86889E002684368092100912800C3
:10A4B000FFF770FFA86880E02100280000F09EFEF2
:10A4C0007BE02100280000F0E5FE76E020001DF092
:10A4D000C9FE020005AB059406900021197202A97D
:10A4E000C1CBC1C121002800FFF72AFBA86864E0A6
:10A4F0002468002C13D020001DF0B4FE060008A92B
:10A5000008944E6001230B720C2202A80EF064FA2C
:10A51000320021002800FFF713FBA8684DE0002659
:10A52000EDE7236819000831DA880BAB0B910C9228
:10A530000020187202A8D0CBD0C02800FFF700FB83
:10A54000A8683AE023681C000834DE880EA90E943F
:10A550004E60082202A80EF03FFA320021002800C7
:10A56000FEF7B4FBAB68C018A86026E02268D317DA
:10A570002800FFF754FBA8681FE02268002328008A
:10A58000FFF71DFBA86818E0026843682800FFF782
:10A5900046FBA86811E0026843682800FFF70FFB3C
:10A5A000A8680AE021782800FFF700F9A86804E00D
:10A5B00004492800FFF7B2F8A86811B0F0BDC04602
:10A5C0004012031098C1021010B51400002804D0E6
:10A5D0000A002100FFF74CFF10BD03491000FFF7F0
:10A5E0009DF8A068F8E7C04698C1021070B58AB01F
:10A5F0000290039100920193029E0C0005AD0B00A6
:10A600001100019A2800FFF754F82A0021003000B9
:10A61000FFF7DAFF0AB070BD70B584B00090019109
:10A6200014001D00D218029203942300FFF7DEFFEE
:10A63000854202D924180023237004B070BD0000A5
:10A64000F0B5D6464F464646C0B5D44CA5440600A4
:10A650000D00049200240721D14B02AA94466344C2
:10A6600006E000221A715A719A71DA7101391033B9
:10A670000029F6DA802292000021CA4802AB9C46EB
:10A6800060440EF0A3F9C849032230001DF01EFDFE
:10A6900000282ED0C549032230001DF017FD0028E8
:10A6A00000D06FE0301DC24903221DF00FFD0028CD
:10A6B00049D1BC4A02AB9C466244BE4B51CB51C20D
:10A6C00011001A680A609B888B800020F8F7CAFA8C
:10A6D0001124B948B34902AB9C4661440FF0D4FC45
:10A6E000002D45D1B54B9D44E0BCBA46B146A846C5
:10A6F000F0BDF8F791FC0EF00BF806000F00F8F72C
:10A7000085FCAF4C80239A46A64B02AA944663442C
:10A7100099460DF0FDFF02900391009601972200EB
:10A720005346990048460FF04BFA84B2A248494676
:10A730000FF0AAFC002DD5D00123049A2100484631
:10A74000F8F7BCFFCEE7F8F701FB0400F8F7FEFAD4
:10A750009C4A80219C4B8000C358009323008900B1
:10A76000904802ACA44660440FF02AFA84B2B0E7E5
:10A770000123049A21008B4802ACA4466044F8F7F8
:10A780009DFFAFE79149042230001DF09FFC002897
:10A7900000D186E08E49022230001DF097FC00288F
:10A7A00000D180E08B49042230001DF08FFC00288E
:10A7B00000D1D3E08849032230001DF087FC002837
:10A7C00000D121E18549032230001DF07FFC0028E3
:10A7D00000D137E18249032230001DF077FC0028C8
:10A7E00000D13FE17F49042230001DF06FFC0028BA
:10A7F00000D147E17C49052230001DF067FC0028AC
:10A8000000D06DE1B01D6A4903221DF05FFC0028F5
:10A8100000D067E7634902AB9C466144734B0A0072
:10A8200051CB51C21B88138063480FF02DFC002DC3
:10A8300000D02AE1002014F047FC05000E21002082
:10A8400014F052FC14F05AFD002433E13000FBF701
:10A8500071F907000136664A80218900091B5148B9
:10A8600002AB9C4660440019009733000FF0A8F932
:10A870002418A4B2F6B2032EE8D94F48494902ABD6
:10A880009C4661440FF000FC002D00D12AE7012313
:10A89000049A2100434802ACA4466044F8F70EFF36
:10A8A00020E70026E7E73E4802AB9C466044F9F704
:10A8B0003BFE002611E04F4B99462DE04D4B9C4648
:10A8C0004D4A634602934B460193009743460FF06F
:10A8D00077F92418A4B20136F6B2072E2AD83148E7
:10A8E00002AB9C466044001980218900091BB446D4
:10A8F000731C98462A4A02AB99464A443701B94626
:10A90000BF5CBA463D4F53469B00DF594A4412791B
:10A91000002AD0D03A4B994663461B019C46204AF8
:10A9200002AB9A46524462445279002AC6D0344B54
:10A930009C46C5E720481B4902AB9C4661440FF08A
:10A94000A3FB002D00D1CDE60123049A2100154878
:10A9500002ACA4466044F8F7B1FEC3E6F8F750FF36
:10A960000300284A80210F4C02A8844664448900D1
:10A9700020000FF025F986B20F4821000FF084FB6C
:10A98000002D00D1AEE60123049A3100054802AC47
:10A99000A4466044F8F792FEA4E6C04648CDFFFF07
:10A9A0001832000018300000ACD80210E4D80210B1
:10A9B000E8D80210ECD8021084D30210B83200009C
:10A9C000B0D8021000D902109C1B031064C90210F9
:10A9D000ECED021040D902105CD9021064D90210CB
:10A9E00068D902106CD9021044A8021074D9021060
:10A9F00018D90210909E021028D902107C1B031057
:10AA00001CED021048D90210CE4E02AB9C466644A3
:10AA1000CD49300015F0F6FACC4A80213300890088
:10AA200030000FF0CDF884B2C94831000FF02CFB94
:10AA3000002D00D156E60123049A21003000F8F7DA
:10AA40003DFE4FE6301D1BF067FAC4B2013CE4B294
:10AA5000032C00D946E62000F9F76EFD2000FBF735
:10AA60003DF83FE6301D1BF057FAC4B2013CE4B29A
:10AA7000032C00D936E62000F9F77AFD2000FBF719
:10AA80002DF82FE6FBF70CF92CE60123049A0D2193
:10AA9000AC4802ACA4466044F8F710FECAE62000B9
:10AAA0000BF076F908AB1855002120000BF08AF95D
:10AAB0000134E4B2192CF2D9F5F73AFC002406E08F
:10AAC00008AB195D20000BF07DF90134E4B2192CBC
:10AAD000F6D92900002014F007FB14F0E1FC01E690
:10AAE0009C49032230001DF0F1FA00284CD09A490D
:10AAF000032230001DF0EAFA002848D097490322CB
:10AB000030001DF0E3FA002800D14BE19449032204
:10AB100030001DF0DBFA002800D1B2E19149052296
:10AB200030001DF0D3FA002800D187E28E490622BA
:10AB300030001DF0CBFA002800D1E1E28B4903225E
:10AB400030001DF0C3FA002800D04FE3884A80216E
:10AB50007C4C02AB9C466444002300930433890080
:10AB600020000FF02DF87A4821000FF08DFA002D0B
:10AB700000D1B7E50123049A0721724802ACA4462C
:10AB80006044F8F79BFDADE5F5F7D6FEAAE5FBF7C7
:10AB900047F88046FBF768F80700002638E0731C8A
:10ABA0000593744A80218900091B664802AB9A46C6
:10ABB0005044001963460093059B0FF001F82418D8
:10ABC000A4B241E06C4A80218900091B5D4802ABB8
:10ABD0009C46604400190EF0F3FF2418A4B27300E1
:10ABE0004246DA4003231340022B7BD0012B00D1D5
:10ABF00086E0624A80218900091B524802AB9C46CC
:10AC0000604400190EF0DCFF2418A4B20136F6B23D
:10AC10000F2E00D982E07300FA189146FB5C9C4627
:10AC2000082EBCD8731C0593554A80218900091B46
:10AC3000444802AB9A465044001963460093059B72
:10AC40000EF0BEFF2418A4B24B465B78052BC6D885
:10AC50009B004C4AD3589F464B4A80218900091BD0
:10AC6000384802AB9C46604400190EF0A9FF241836
:10AC7000A4B2B4E7454A80218900091B314802ABE0
:10AC80009C46604400190EF09BFF2418A4B2A6E76E
:10AC90003F4A80218900091B2A4802AB9C46604438
:10ACA00000190EF08DFF2418A4B298E7394A8021CC
:10ACB0008900091B234802AB9C46604400190EF032
:10ACC0007FFF2418A4B28AE7334A80218900091B38
:10ACD0001C4802AB9C46604400190EF071FF24181A
:10ACE000A4B27CE72D4A80218900091B154802ABDC
:10ACF0009C46604400190EF063FF2418A4B285E757
:10AD0000274A80218900091B0E4802AB9C466044FB
:10AD100000190EF055FF2418A4B277E70C48094932
:10AD200002AB9C4661440FF0AFF9002D00D1D9E48D
:10AD30000123049A2100034802ACA4466044F8F7BA
:10AD4000BDFCCFE418300000FFFF000060D9021006
:10AD500084D3021084D9021088D9021014DA0210A8
:10AD60006CDA0210DCDA021014DB02103CDB021099
:10AD700040DB0210A0D90210B4D9021010DA021080
:10AD80008CD9021044130310C0D90210CCD9021080
:10AD9000D8D90210E4D90210F0D90210FCD902105F
:10ADA00008DA021008ACC027BF013A0000212000D9
:10ADB0000DF00CFEE84902AB9C466144E74B0B608A
:10ADC000383B4B6006AE082230000DF005FE3B001C
:10ADD000220006980799FFF71FFC2000F5F726FDD3
:10ADE000DF4902AB9C466144DE4B0A0051CB51C2A5
:10ADF00051CB51C2188810809B789370DA480FF0BD
:10AE000043F9002D23D108A8F7F792FD002828D098
:10AE1000D34902AB9C466144D44B0A0051CB51C28A
:10AE200013CB13C21724D048CD4902AB9C466144D2
:10AE30000FF02AF9002D00D154E40123049A2100D7
:10AE4000C74802ACA4466044F8F738FC4AE4012342
:10AE5000049A1A21C24802ACA4466044F8F72EFCBA
:10AE6000D1E7BF4902AB9C466144C14B0A0051CBBC
:10AE700051C213CB13C2196811601B7913711C24C2
:10AE8000D1E7301D1BF048F8C2B29146C3B2B94AAF
:10AE900080218900B24802ACA44660440EF090FEC6
:10AEA000070084B201235B429C46E1444B46DBB27F
:10AEB0009946032B54D80636AF49022230001DF0C4
:10AEC00005F900283CD0AD49032230001DF0FEF802
:10AED00000285BD0AA49032230001DF0F7F80028B3
:10AEE00065D0A849052230001DF0F0F800286FD089
:10AEF000A549052230001DF0E9F800287AD0A349C1
:10AF0000032230001DF0E2F8002800D184E0A049BF
:10AF1000052230001DF0DAF8002821D1032148462F
:10AF2000FBF740FD9B4A80218900C91B8C4802AB7E
:10AF30009C466044C0190EF043FE0634A4B20FE0F4
:10AF40004846FAF79DFE944A80218900C91B84482F
:10AF500002AB9C466044C0190EF032FE0334A4B22A
:10AF600081487F4902AB9C4661440FF08DF8002D6B
:10AF700001D1FFF7B7FB0123049A2100784802AC06
:10AF8000A4466044F8F79AFBFFF7ACFB4846FBF792
:10AF900079F9824A80218900C91B714802AB9C461D
:10AFA0006044C0190EF00CFE0434A4B2D8E7484641
:10AFB000FBF78AFA7A4A80218900C91B684802ABEC
:10AFC0009C466044C0190EF0FBFD0434A4B2C7E7F0
:10AFD00000214846FBF7E6FC724A80218900C91B24
:10AFE0005F4802AB9C466044C0190EF0E9FD063490
:10AFF000A4B2B5E701214846FBF7D4FC6A4A802198
:10B000008900C91B564802AB9C466044C0190EF02B
:10B01000D7FD0634A4B2A3E702214846FBF7C2FCE1
:10B02000624A80218900C91B4D4802AB9C4660449E
:10B03000C0190EF0C5FD0434A4B291E7F8F714FC72
:10B040000600474A02AB9C466244594B91CB91C2E1
:10B05000110015CB15C115CB15C11A880A809B7834
:10B060008B700024A146262701E00134A4B2FE2CF7
:10B0700029D8335D002BF8D04E4A80218900C91BA6
:10B08000374802AB9C466044C01923000EF098FD7F
:10B090003F18BFB24B460133DBB299460A21180074
:10B0A0000CF0C2FAC9B20029DFD1434A80218900DD
:10B0B000C91B2B4802AB9C466044C0190EF080FDB2
:10B0C0003F18BFB2D1E73C4A80218900C91B244EFA
:10B0D00002AB9C466644F0190EF072FD3C18A4B217
:10B0E000214831000EF0D0FF002D01D1FFF7FAFA10
:10B0F0000123049A21003000F8F7E0FAFFF7F2FA92
:10B10000174902AB9C4661442C4B0A0051CB51C2FB
:10B1100051CB51C218681060988890809B799371C8
:10B1200011480EF0B1FF002D56D1254C254B23625E
:10B13000254B6362254D02AB9C466544244A254954
:10B140002800F6F7D3FA2800FEF7ECFFA062F5F727
:10B15000F3FBFFF7C7FAC046983200003C2A0020F4
:10B160001830000018DA021084D3021034DA02100A
:10B170004CDA021070DA021080DA021088DA02105B
:10B1800094DA0210A0DA0210B0DA0210C0DA02106B
:10B19000CCDA0210D4DA021084DA02108CDA02104F
:10B1A00098DA0210A8DA0210B8DA0210C4DA021033
:10B1B000E4DA02100CDB0210940403101CDB021012
:10B1C000008005400DF005B1F20FFA4EA0320000EC
:10B1D000ECC30210042A00200123049A1E21064811
:10B1E00002ACA4466044F8F769FA9EE70499280087
:10B1F000FDF7CEFDFFF776FA1830000030B583B0CA
:10B200000400C0680D880C302900F5F763FD00903C
:10B210006B469D8000282ED019492000FEF77EFA4B
:10B22000237C0133237403E016492000FEF776FAED
:10B23000009B002B12D02000FEF7C8FA6846F5F7F5
:10B240003FF9E2682100FFF713F9E1686846F5F776
:10B250009DFD009B002BE7D00B49E6E7237C013BDB
:10B2600023742000FEF7B2FA08492000FEF756FAD0
:10B27000A06803B030BD06492000FEF74FFAF7E79B
:10B2800050DB0210EC0803104CDB02108CC10210E2
:10B290008C00031070B582B00400C0680D880C30BB
:10B2A0002900F5F717FD00906B469D8000283CD0E3
:10B2B00020492000FEF732FA237C01332374012554
:10B2C0000FE02000FEF782FA10E01B492000FEF795
:10B2D00025FA03E019492000FEF720FA01235D401A
:10B2E000EDB2009B002B13D0002DEAD16846F5F794
:10B2F000E7F8E2682100FFF7BBF8E1686846F5F778
:10B3000045FD002DE1D1009B002BE3D00C49E2E785
:10B31000237C013B23742000FEF758FA09492000E2
:10B32000FEF7FCF9A06802B070BD07492000FEF7E7
:10B33000F5F9F7E754DB021058DB0210EC080310B4
:10B340004CDB02105CDB021060DB0210F0B585B054
:10B3500005000C0002920393161E0CD01F0019006A
:10B360001000F5F795FD00972A0023003000F6F74E
:10B37000F7FC05B0F0BD0020FBE700B583B003008B
:10B38000086849681A685B6800920193FFF7DEFF5E
:10B3900003B000BD00B583B000680A684B68009236
:10B3A000019300226946FFF7E8FF03B000BD00B536
:10B3B00083B003000268100038301100383105D026
:10B3C000009259689A68DB68FBF721FF03B000BD63
:10B3D00030B583B004000D68FFF7E9FF0100226873
:10B3E00000900192281CFEF763FA03B030BD10B53F
:10B3F00004000022FFF7ECFF200010BD70B582B002
:10B4000006000C684D68FFF7D2FF02003368009019
:10B41000019320002900FEF781FC02B070BD10B539
:10B4200004000022FFF7EAFF200010BD30B583B012
:10B4300004000D78FFF7BBFF010022680090019225
:10B440002800FDF7F7FF03B030BD10B5040000225F
:10B45000FFF7ECFF200010BD70B584B004000D00B4
:10B46000FFF7A5FF236802A902904B6008226846F7
:10B470000DF0B2FA0099019A2800FEF72EFA23681F
:10B48000002B05D01B79002B04D1012004B070BD26
:10B490000020FBE70020F9E710B504000022FFF7C9
:10B4A000DBFF200010BD70B584B004000D00FFF775
:10B4B0007EFF236802A902904B60082268460DF0C7
:10B4C0008BFA0099019A2800FEF71BFA2368002BDB
:10B4D00005D01B79002B04D1012004B070BD0020E1
:10B4E000FBE70020F9E710B504000022FFF7DBFFBF
:10B4F000200010BD70B584B004000D00FFF757FFA9
:10B50000236802A902904B60082268460DF064FA95
:10B510000099019A2800FBF75DFC2368002B05D0F9
:10B520001B79002B04D1012004B070BD0020FBE783
:10B530000020F9E710B504000022FFF7DBFF200030
:10B5400010BD30B583B004000D68FFF730FF010077
:10B550002268009001922800FEF744FC03B030BD41
:10B5600010B504000022FFF7ECFF200010BD30B53D
:10B5700083B004000D68FFF71AFF010022680090F5
:10B5800001922800FEF778FC03B030BD10B504002E
:10B590000022FFF7ECFF200010BD10B582B00400C0
:10B5A0000430FFF704FF002806D063680093616948
:10B5B000A269E369FBF72BFE02B010BD70B584B041
:10B5C00004000D00FFF7E9FF636802A902904B60D9
:10B5D000082268460DF000FA0099019A2800FEF74B
:10B5E00057FA6368002B05D01B79002B04D101208A
:10B5F00004B070BD0020FBE70020F9E710B504009F
:10B600000022FFF7DBFF200010BD30B583B004003F
:10B610000D68FFF7C2FF01006268009001922800E8
:10B62000FEF72AFC03B030BD10B504000022FFF77E
:10B63000ECFF200010BD70B584B004000D00FFF7D2
:10B64000ACFF636802A902904B60082268460DF0C7
:10B65000C3F90099019A2800FEF753F96368002B9B
:10B6600005D01B79002B04D1012004B070BD00204F
:10B67000FBE70020F9E710B504000022FFF7DBFF2D
:10B68000200010BD70B584B004000D00FFF785FFE9
:10B69000636802A902904B60082268460DF09CF98D
:10B6A0000099019A2800FBF795FB6368002B05D0F1
:10B6B0001B79002B04D1012004B070BD0020FBE7F2
:10B6C0000020F9E710B504000022FFF7DBFF20009F
:10B6D00010BD70B584B004000D00FFF75EFF636815
:10B6E00002A902904B60082268460DF075F9009996
:10B6F000019A2800FEF703FE6368002B05D01B7932
:10B70000002B04D1012004B070BD0020FBE7002015
:10B71000F9E710B504000022FFF7DBFF200010BDA1
:10B7200030B583B004000D68FFF737FF0100626891
:10B73000009001922800FEF755FB03B030BD10B514
:10B7400004000022FFF7ECFF200010BD10B504003C
:10B750000430FFF722FF002803D0616AA268FDF7DA
:10B7600076FF10BD30B583B004000D68FFF7EEFF23
:10B770000100A268009001922800FEF733FB03B09D
:10B7800030BD10B504000022FFF7ECFF200010BD13
:10B7900010B582B004000430FFF7FFFE002806D089
:10B7A000A3680093616AA26AE36AFBF730FD02B006
:10B7B00010BD30B583B004000D68FFF7E9FF01004C
:10B7C000A268009001922800FEF756FB03B030BD3E
:10B7D00010B504000022FFF7ECFF200010BD30B5CB
:10B7E00083B004000D68FFF7D3FF0100A26800904A
:10B7F00001922800FEF7F6FA03B030BD10B5040040
:10B800000022FFF7ECFF200010BD10B5040004304B
:10B81000FFF7BEFF002803D0616BE268FDF717FF5A
:10B8200010BD30B583B004000D68FFF7EEFF0100D6
:10B83000E268009001922800FEF7D4FA03B030BD10
:10B8400010B504000022FFF7ECFF200010BD00003F
:10B8500070B586B00400009101921D000379002BA1
:10B8600012D10099019A03AE3000FDF70CFD039947
:10B87000049A059B2800FBF7B7F9011E02D02000AF
:10B88000FDF7F8F906B070BD024B034A03480F21DB
:10B890000EF014FA40A1021064DB021018BC021072
:10B8A00030B583B00400009101921D00002808D03B
:10B8B0001900F5F7EDFA2B000099019A2000FFF727
:10B8C000C7FF03B030BDF0B587B004000668476815
:10B8D00004AB9C46049605976B460A0003CA03C353
:10B8E0000822614618000DF077F83B000099019A94
:10B8F0003000FFF7D5FF6368002B05D01B79002BC4
:10B9000004D1012007B0F0BD0020FBE70020F9E7DB
:10B9100030B583B000686A4630C930C2002269463B
:10B92000FFF7D1FF03B030BDF0B585B005000C00C6
:10B9300002920393161E0CD01F0019001000F5F799
:10B94000A7FA00972A0023003000F6F783FA05B023
:10B95000F0BD0020FBE700B583B00300086849682C
:10B960001A685B6800920193FFF7DEFF03B000BD29
:10B9700000B583B000680A684B680092019300220A
:10B980006946FFF7E8FF03B000BD000030B591B095
:10B9900004000D001100F5F7BEFA2379402B73D88F
:10B9A0009B003E4AD3589F46286823680093002294
:10B9B0006946FEF773F96EE001002800FEF7D2F940
:10B9C00069E02100280007F06EFA64E021002800F9
:10B9D00007F01EFB5FE020001CF044FC01A901946D
:10B9E000486000230B722800FEF77FF953E02468BB
:10B9F000002C0BD020001CF035FC04A904944860F6
:10BA000001230B722800FEF770F944E00020F4E7F0
:10BA100023681A000832DB8807A907924B600023CD
:10BA20000B722800FEF761F935E023681A0008322E
:10BA3000DB880AA90A924B602800FFF769FF2AE019
:10BA400023680C93DB170D930CA92800FFF790FFD8
:10BA500021E023680E9300230F930EA92800FFF71F
:10BA600099FC18E001002800FFF782FF13E00100B5
:10BA70002800FFF78FFC0EE02378286869460B70DA
:10BA80000022FEF73FF906E0286800230093002219
:10BA90006946FDF7EFFD11B030BDC0465C130310E1
:10BAA00000B587B0009001911300002807D0019ADB
:10BAB00004A904934A60FFF769FF07B000BD0022A4
:10BAC000039203A91800FDF7D5FDF6E710B588B07D
:10BAD0000290039100920193002810D004A902ABB8
:10BAE0000A0011CB11C21400082220000CF074FFD0
:10BAF000220000980199FFF7D3FF08B010BD002085
:10BB0000FBE770B586B004000268436804A804929D
:10BB100005936B460A0042CA42C31E000822010078
:10BB200018000CF059FF009A019B02987168FFF70A
:10BB3000CDFF6368002B05D01B79002B04D10120B9
:10BB400006B070BD0020FBE70020F9E730B585B0F6
:10BB50000091019202AD01002800FEF7A2F9002237
:10BB600029006846FFF7CDFF05B030BD70B584B041
:10BB700004000D00FFF711FD636802A902904B60FD
:10BB8000082268460CF028FF0099019A2800FFF768
:10BB9000DDFF6368002B05D01B79002B04D1012049
:10BBA00004B070BD0020FBE70020F9E710B50400E9
:10BBB0000022FFF7DBFF200010BD0000F0B5DE46DD
:10BBC00057464E464546E0B5C84CA544040004918E
:10BBD00005928022920000214AA80CF0F7FE2378FB
:10BBE0009846002349930023489301230025002011
:10BBF000002108E04E1CFFAF2C377A54F1B200E070
:10BC000001250133DBB2E25C002A0AD0FF2B08D009
:10BC10003D2AF5D0002DEDD0461CCAAF3A54F0B203
:10BC2000EFE7FFA82C301AF077F90400CAAE300015
:10BC30001AF072F9499030001AF068F90CF062F8C5
:10BC400081464890642120000BF0EEFCC0B2013820
:10BC5000C3B29A460A2120000BF0E6FCCFB2023FA5
:10BC6000FBB29B4642A9A24F0B003A0043CA43C312
:10BC700043CA43C30A2120000BF0D6FC0690C3B28E
:10BC8000013BDEB238A93B0018330A0083CB83C2E4
:10BC900083CB83C283CB83C21B6813604346473B7D
:10BCA000DAB2222A01D906F0BCFD9300914AD3589A
:10BCB0009F460C2C01D900F0B1FDA4008E4B1B59FE
:10BCC0009F46002D04D0499B002B01D0FF2B29D982
:10BCD0008A4A8B49A420C00006AB9C466044F5F715
:10BCE00005FDA420C00006AB9C466044FDF71DFE88
:10BCF0000300844A80214AAD890028000DF060FFCE
:10BD000084B2814829000EF0BFF9049B002B01D1B9
:10BD100006F094FD0123059A21002800F7F7CEFCD8
:10BD200006F08CFD754A7649A220C00006AB9C4601
:10BD30006044F5F7DBFC49A9A220C00006AB9C4695
:10BD40006044FFF70DFCC3E7002D04D0499B002B96
:10BD500001D0FF2B39D96D4A6949A820C00006AB34
:10BD60009C466044F5F7C2FCA820C00006AB9C4688
:10BD70006044FDF7DAFD002839D0644A6049644820
:10BD800006AB9C466044F5F7B1FC614806AB9C46A7
:10BD90006044FDF7CAFD03005E4A80214AAD890078
:10BDA00028000DF00DFF84B2574829000EF06CF901
:10BDB000049B002B01D106F041FD0123059A2100CF
:10BDC0002800F7F77BFC06F039FD504A4C49A620C5
:10BDD000C00006AB9C466044F5F788FC49A9A62044
:10BDE000C00006AB9C466044FFF7BAFBB3E70A23EA
:10BDF000AA22D20006A98C4662441360434A4049F5
:10BE000045486044F5F772FCAA21C90006AB9C4680
:10BE1000614441486044FFF7B9FBAEE7002D04D010
:10BE2000499B002B01D0FF2B39D93C4A34493C486F
:10BE300006AB9C466044F7F7A0FD394806AB9C462C
:10BE40006044FDF772FD002839D0344A2C49B520F2
:10BE5000C00006AB9C466044F7F78FFDB520C000DC
:10BE600006AB9C466044FDF760FD03002D4A80212F
:10BE70004AAD890028000DF0A3FE84B222482900B3
:10BE80000EF002F9049B002B01D106F0D7FC012330
:10BE9000059A21002800F7F711FC06F0CFFC1F4A95
:10BEA0001749214806AB9C466044F7F766FD49A94F
:10BEB0001D4806AB9C466044FFF752FBB5E7642380
:10BEC0001A4A06A98C4662441360144A0C49B320EE
:10BED000C0006044F7F751FD144906AB9C4661442D
:10BEE000B320C0006044FFF751FBAEE77CDEFFFFEC
:10BEF000B81B031060140310EC140310ECC3021001
:10BF0000042A002018DC021084D3021018CA021080
:10BF10006405000028DC021054050000B0C60210C1
:10BF20008405000038DC0210740500009405000050
:10BF3000002D04D0499B002B01D0FF2B39D9E64AB4
:10BF4000E649B920C00006AB9C466044F5F7CEFB3D
:10BF5000B920C00006AB9C466044FDF7E6FC002813
:10BF600039D0DD4ADD49DE4806AB9C466044F5F732
:10BF7000BDFBDB4806AB9C466044FDF7D6FC0300E6
:10BF8000D84A80214AAD890028000DF019FE84B2FC
:10BF9000D54829000EF078F8049B002B01D106F05B
:10BFA0004DFC0123059A21002800F7F787FB06F0D6
:10BFB00045FCC94AC949B720C00006AB9C4660444D
:10BFC000F5F794FB49A9B720C00006AB9C46604436
:10BFD000FFF7C6FAB3E70F23BB22D20006A98C46AF
:10BFE00062441360BC4ABD49C0486044F5F77EFB1B
:10BFF000BB21C90006AB9C466144BC486044FFF7C6
:10C00000C5FAAEE7002D04D0499B002B01D0FF2BD1
:10C0100039D9B74AB149B74806AB9C466044F7F7EF
:10C02000ACFCB44806AB9C466044FDF77EFC00289F
:10C0300039D0AF4AA949C620C00006AB9C4660442F
:10C04000F7F79BFCC620C00006AB9C466044FDF79A
:10C050006CFC0300A84A80214AAD890028000DF03D
:10C06000AFFD84B2A04829000EF00EF8049B002B0F
:10C0700001D106F0E3FB0123059A21002800F7F720
:10C080001DFB06F0DBFB9A4A94499C4806AB9C4694
:10C090006044F7F772FC49A9984806AB9C46604497
:10C0A000FFF75EFAB5E71E23954A06A98C4662445F
:10C0B00013608F4A8949C420C0006044F7F75DFCD3
:10C0C0008F4906AB9C466144C420C0006044FFF722
:10C0D0005DFAAEE7002D0ED048460CF019FB894AF8
:10C0E000894B0BF065FD002805D0884948460CF0C7
:10C0F00079FA002842D1864A7849CA20C00006ABA6
:10C100009C466044F6F79BFFCA20C00006AB9C46E5
:10C110006044FEF7E3F800210CF056FA00283FD106
:10C120007B4A6E49CF20C00006AB9C466044F6F7C0
:10C1300086FFCF20C00006AB9C466044FEF7CEF8D9
:10C14000744C80264AAD0CF0E3FA00900191220075
:10C15000B10028000DF034FD84B2634829000DF0D1
:10C1600093FF049B002B01D106F068FB0123059A85
:10C1700021002800F7F7A2FA06F060FB644A57494D
:10C18000C820C00006AB9C466044F6F758FF48A99B
:10C19000C820C00006AB9C466044FFF728F9AAE718
:10C1A00000225D4BCC21C90006A8844661440A6088
:10C1B0004B60574A4949CD20C0006044F6F73FFF25
:10C1C000CC21C90006AB9C466144CD20C000604430
:10C1D000FFF725F9A4E7002D0ED048460CF098FA99
:10C1E000484A494B0BF0E4FC002805D04749484633
:10C1F0000CF0F8F9002842D1484A3849D320C00051
:10C2000006AB9C466044F6F73BFFD320C00006AB6C
:10C210009C466044FEF762F800210CF0D5F9002836
:10C220003FD13E4A2D49D820C00006AB9C46604411
:10C23000F6F726FFD820C00006AB9C466044FEF708
:10C240004DF8374C80264AAD0CF062FA009001910F
:10C250002200B10028000DF0B3FC84B2224829006E
:10C260000DF012FF049B002B01D106F0E7FA012329
:10C27000059A21002800F7F721FA06F0DFFA274A8D
:10C280001649D120C00006AB9C466044F6F7F8FE84
:10C2900048A9D120C00006AB9C466044FFF7A7F830
:10C2A000AAE7204A204BD521C90006A8844661444C
:10C2B0000A604B60194A0949D620C0006044F6F76D
:10C2C000DFFED521C90006AB9C466144D620C000E4
:10C2D0006044FFF7A4F8A4E750CD0210042A002020
:10C2E000EC05000050DC021084D30210DC050000D5
:10C2F00058CD02100C06000064DC0210FC050000A2
:10C300001C0600009A9999999999B93F000010422A
:10C310005CC502107CDC02100080274068C502105A
:10C3200094DC02103333333333332840002D0ED0E6
:10C3300048460CF0EDF9E44AE44B0BF039FC0028D8
:10C3400005D0E34948460CF04DF9002842D1E14AB6
:10C35000E149DC20C00006AB9C466044F6F7B1FE24
:10C36000DC20C00006AB9C466044FDF7B7FF00210F
:10C370000CF02AF900283FD1D64AD749E120C00065
:10C3800006AB9C466044F6F79CFEE120C00006AB7D
:10C390009C466044FDF7A2FFD04C80264AAD0CF0CD
:10C3A000B7F9009001912200B10028000DF008FCBF
:10C3B00084B2CB4829000DF067FE049B002B01D10D
:10C3C00006F03CFA0123059A21002800F7F776F9D8
:10C3D00006F034FABF4AC049DA20C00006AB9C46DA
:10C3E0006044F6F76EFE48A9DA20C00006AB9C4612
:10C3F0006044FEF7FCFFAAE70022BA4BDE21C90029
:10C4000006A8844661440A604B60B24AB249DF2004
:10C41000C0006044F6F755FEDE21C90006AB9C461D
:10C420006144DF20C0006044FEF7F9FFA4E7002D5F
:10C4300002D0499B012B39D9AB4AA749E520C0005E
:10C4400006AB9C466044F6F7FAFDE520C00006AB5B
:10C450009C466044FDF769FA002839D0A24A9E49FB
:10C46000A24806AB9C466044F6F7E9FD9F4806AB40
:10C470009C466044FDF759FA03009D4A80214AAD6D
:10C48000890028000DF09CFB84B2954829000DF02E
:10C49000FBFD049B002B01D106F0D0F90123059A86
:10C4A00021002800F7F70AF906F0C8F98E4A8A49F0
:10C4B000E320C00006AB9C466044F6F7C0FD49A9E6
:10C4C000E320C00006AB9C466044FFF749F8B3E7A1
:10C4D000884B06AA9446634400221A70824A7E4919
:10C4E00085486044F6F7ABFD824906AB9C46614443
:10C4F00081486044FEF7A9FFB0E7002D02D0499BB8
:10C50000022B39D97D4A74497D4806AB9C4660446C
:10C51000FAF774FA7A4806AB9C466044FDF705FAD0
:10C52000002839D0754A6C49F220C00006AB9C4601
:10C530006044FAF763FAF220C00006AB9C46604400
:10C54000FDF7F3F903006F4A80214AAD8900280006
:10C550000DF036FB84B2624829000DF095FD049B76
:10C56000002B01D106F06AF90123059A2100280069
:10C57000F7F7A4F806F062F9604A5749624806AB3B
:10C580009C466044FAF73AFA49A95F4806AB9C46D4
:10C590006044FEF7E5FFB5E700235C4A06A98C4638
:10C5A00062441360554A4C49F020C0006044FAF7D9
:10C5B00025FA564906AB9C466144F020C000604411
:10C5C000FEF7E4FFAEE7002D1ED051490322CAA8B2
:10C5D0001BF07CFD002853D04E490722CAA81BF04F
:10C5E00075FD00285ED14C4A3B49F620C00006ABE1
:10C5F0009C466044F5F759F84649F620C00006AB62
:10C600009C466044FEF76FFF434A3349FA20C0005E
:10C6100006AB9C466044F5F748F8FA20C00006AB2C
:10C620009C466044FAF7A2FB00287BD13A4A2A498B
:10C63000FE20C00006AB9C466044F5F736F8FE20AD
:10C64000C00006AB9C466044FDF7B0F90300334AD6
:10C6500080214AAD890028000DF0B2FA84B220484A
:10C6600029000DF011FD049B002B01D106F0E6F826
:10C670000123059A21002800F7F720F806F0DEF8DC
:10C68000254A1549F420C00006AB9C466044F5F7E6
:10C690000CF81F49F420C00006AB9C466044FEF72E
:10C6A000FBFEB1E71C4A0C49F820C00006AB9C46D3
:10C6B0006044F4F7FAFF1A49F820C00006AB9C4624
:10C6C0006044FEF737FF9FE79A9999999999B93F86
:10C6D0000000104278C50210042A0020B4DC0210C9
:10C6E00084D3021000002440D4DC02104C07000068
:10C6F000E0DC02103B0700003C07000064CD0210A4
:10C700006C070000F4DC02105C0700007C070000EE
:10C7100014DD021018DD02107CC3021020DD0210AF
:10C7200084CD0210E84AE949FC20C00006AB9C46D3
:10C730006044F4F7BAFFE649FC20C00006AB9C4613
:10C740006044FEF7F7FE71E7002D16D0499B5A1E94
:10C750000F2A01D9FF2B10D1DE4ADC4980200001CD
:10C7600006AB9C466044FAF7F3F949A98020000122
:10C7700006AB9C466044FEF7F3FED64AD3498120BF
:10C78000000106AB9C466044FAF7E2F98120000103
:10C7900006AB9C466044FDF7C8F8002827D0CD4A78
:10C7A000CA49CD4806AB9C466044FAF7D1F9CA485D
:10C7B00006AB9C466044FDF7B8F80300C74A8021E9
:10C7C0004AAD890028000DF0FBF984B2C448290065
:10C7D0000DF05AFC049B002B01D106F02FF8012329
:10C7E000059A21002800F6F769FF06F027F8FF23D5
:10C7F0008222120106A98C4662441360B54AB349ED
:10C80000B8486044FAF7A4F98221090106AB9C46B6
:10C810006144B4486044FEF7B9FEC0E74AA9B24B90
:10C820000A0031CB31C211CB11C2AD480DF02CFC46
:10C83000049B002B01D106F001F80123059A132176
:10C840004AA8F6F73BFF05F0F9FF2300653BA62257
:10C850005200934201D904F077FF9B00A34AD358BA
:10C860009F46002D41D0A2490722CAA81BF02EFCEA
:10C87000002800D1BBE09F490522CAA81BF026FC76
:10C88000002800D0EAE006235246534342AAD218B9
:10C890008E49994806AB9C466044FCF753FE964B84
:10C8A00006AA944663441E68944B63441E60944BEE
:10C8B0006344944A624423CA23C3934D6544824926
:10C8C0002800F4F7E6FE1EAB1A0083CD83C22B9638
:10C8D0002CAA8B4906A88446614461C961C223CB56
:10C8E00023C28A492AA8FEF789FE062352465343EB
:10C8F00042AEF61875493200854806AB9C46604446
:10C90000FCF720FE824B06AA944663441F68814BC5
:10C9100063441F60804B6344804A624423CA23C33C
:10C920007F4D654468492800F4F7B3FE1EAB9C4672
:10C930001A000BCD0BC22B972CAA774906AB984651
:10C940004144A1C9A1C2634623CB23C22AA8FDF753
:10C9500093F8002800D005E15C493200714806AB2D
:10C960009C466044FCF7EEFD6E4B06AA9446634479
:10C970001E686D4B63441E606C4B63446C4A62449A
:10C9800023CA23C36B4D65444F492800F4F781FE49
:10C990001EAB1A0083CD83C22B962CAA634906A82E
:10C9A0008446614461C961C223CB23C22AA8FDF732
:10C9B00028F8614A80214AAD019053460133009323
:10C9C0002300890028000DF0FBF884B244482900B8
:10C9D0000DF05AFB049B002B01D105F02FFF012322
:10C9E000059A21002800F6F769FE05F027FF0623C7
:10C9F0005246534342AAD2183449504806AB9C468B
:10CA00006044FCF79FFD4D4B06AA944663441E68A4
:10CA10004B4B63441E6087235B016344494A624475
:10CA200023CA23C3484F674427493800F4F731FE2F
:10CA30001EAD0C22390028000BF0CEFF2B962CAB3C
:10CA40008722520106A98C46624443CA43C307CDDC
:10CA500007C31F492AA8FEF735FE46E706235246BC
:10CA6000534342AAD2181949384806AB9C46604441
:10CA7000FCF768FD354B06AA944663441E68344BA8
:10CA800063441E60334B6344334A624423CA23C366
:10CA9000324F67440C493800F4F7FBFD1EAD0C2201
:10CAA000390028000BF098FF2B962CAB294A06A9D9
:10CAB0008C46624443CA43C307CD07C328492AA80A
:10CAC000FEF727FE11E7C0467CC30210042A0020AF
:10CAD00084CD021034CE02103408000030DD021084
:10CAE00084D302102408000044DD02102015031036
:10CAF00070CD02107CCD021054080000F810000028
:10CB0000FC10000058080000EC10000058DD021076
:10CB10007408000030110000341100007808000093
:10CB20002411000094080000681100006C1100003E
:10CB3000980800005C11000068DD02104408000045
:10CB4000DC10000048080000D0100000640800005D
:10CB500014110000181100006808000008110000FE
:10CB600060DD0210DE493200DE484044FCF7EAFC9A
:10CB7000DC4B43441F68DC4B43441F60DB4B4344A6
:10CB8000DB4A424423CA23C38A235B0143449846B9
:10CB9000D8491800F4F77DFD1EAD0C22414628004F
:10CBA0000BF01AFF2B972CABD04A06A98C46624497
:10CBB00083CA83C307CD07C3CF492AA8FEF7A9FDBF
:10CBC000CAE6002D04D0499B002B01D0FF2B57D97A
:10CBD00053465B0053445B0042AAD218C049C74881
:10CBE00006AB9C466044FCF7ADFCC44B06AA9446D9
:10CBF00063441E688D235B0163441E60C04B634425
:10CC0000C04A624423CA23C3BF4D6544BF492800BC
:10CC1000F6F79AFE2AA8030086CD86C31F9620AB9E
:10CC2000B74A06A98C46624462CA62C3020062CA5D
:10CC300062C35E4632001EA9F6F71AFE2AA8FCF768
:10CC40003BFFB34A80214AAD02900196534601331F
:10CC500000932300890028000CF0B2FF84B2AD4895
:10CC600029000DF011FA049B002B01D105F0E6FD1F
:10CC70000123059A21002800F6F720FD05F0DEFDCE
:10CC800006235246534342AAD2189549A24806ABFE
:10CC90009C466044FCF756FC9F4B06AA94466344AE
:10CCA0001E689E4B63441E609D4B63449D4A6244D4
:10CCB00023CA23C39C4B6344984694491800F6F753
:10CCC00043FE2AAD0C22414628000BF085FE1F963C
:10CCD00020AB934A06A98C46624443CA43C32A0048
:10CCE00043CA43C35A461EA92800F6F7C1FD49A905
:10CCF0002800FEF746FD6BE7002D05D0499B072B6A
:10CD000002D9FF2B00D881E006235246534342AE9E
:10CD1000F61873493200854806AB9C466044FCF720
:10CD200011FC824B06AA944663441F68804B6344FF
:10CD30001F60804B6344804A624423CA23C37F4DF3
:10CD400065447F492800F9F78DFE1EAB9C461A000A
:10CD50000BCD0BC22B972CAA764906AB98464144C3
:10CD6000A1C9A1C2634623CB23C22AA8FCF765FE52
:10CD7000002800D181E05A493200724806AB9C4637
:10CD80006044FCF7DFFB6F4B06AA944663441E68C1
:10CD90006D4B63441E606D4B63446D4A624423CA0D
:10CDA00023C36C4D654466492800F9F75BFE1EAB52
:10CDB0001A0083CD83C22B962CAA644906A8844608
:10CDC000614461C961C223CB23C22AA8FCF735FEA6
:10CDD000614A80214AAD01905346013300932300FC
:10CDE000890028000CF0ECFE84B24A4829000DF0BE
:10CDF0004BF9049B002B01D105F020FD0123059A7E
:10CE000021002800F6F75AFC05F018FD06235246CB
:10CE1000534342AAD2183249504806AB9C4660445C
:10CE2000FCF790FB4D4B06AA944663441E684C4B9E
:10CE300063441E608E235B0163444A4A624423CAF2
:10CE400023C3494F67443E493800F9F70BFE1EAD36
:10CE50000C22390028000BF0BFFD2B962CAB8E2244
:10CE6000520106A98C46624443CA43C307CD07C397
:10CE700049A92AA8FEF763FC46E7FF233B4A424440
:10CE80001360174932003A484044FCF75BFB384BCB
:10CE900043441F68374B43441F60374B4344374A72
:10CEA000424423CA23C3364B4344984624491800BE
:10CEB000F9F7D8FD1EAD0C22414628000BF08CFD81
:10CEC0002B972CAB2C4A06A98C46624483CA83C399
:10CED00007CD07C3254961442AA8FEF7A5FB4AE709
:10CEE000042A0020840800004C11000050110000AA
:10CEF000880800007CC3021060DD0210B408000046
:10CF0000A4110000B80800009411000000C702102E
:10CF10007CDD021084D30210A408000084110000FC
:10CF200088110000A808000078110000D408000053
:10CF3000D8110000DC110000D8080000CC1100005E
:10CF4000ECCD0210F80800001012000014120000CE
:10CF5000FC08000004120000A0DD0210C40800005C
:10CF6000BC110000C8080000B0110000E408000077
:10CF7000E8080000F4110000F8110000EC080000BF
:10CF8000E8110000002D05D0499B002B02D0FF2B9B
:10CF900000D883E006235246534342AEF618744944
:10CFA0003200744806AB9C466044FCF7CBFA714BE8
:10CFB00006AA944663441F686F4B63441F606F4B1F
:10CFC00063446F4A624423CA23C36E4D65446E496D
:10CFD0002800F4F77FFB1EAB9C461A000BCD0BC25A
:10CFE0002B972CAA654906AB98464144A1C9A1C21A
:10CFF000634623CB23C22AA8FCF71FFD002800D1DB
:10D0000082E05B493200614806AB9C466044FCF715
:10D0100099FA5E4B06AA944663441E6894235B010A
:10D0200063441E605A4B634494221201624423CA33
:10D0300023C3584D654454492800F4F74BFB1EABFD
:10D040001A0083CD83C22B962CAA514906A8844688
:10D05000614461C961C223CB23C22AA8FCF7EDFC5D
:10D060004D4A80214AAD019053460133009323007D
:10D07000890028000CF0A4FD84B2484829000DF076
:10D0800003F8049B002B01D105F0D8FB0123059A7E
:10D0900021002800F6F712FB05F0D0FB06235246CC
:10D0A000534342AAD21832493D4806AB9C466044DD
:10D0B000FCF748FA3A4B06AA944663441E68394B7B
:10D0C00063441E60384B6344384A624423CA23C316
:10D0D00091277F0167442C493800F4F7FBFA1EAD15
:10D0E0000C22390028000BF077FC2B962CAB2E4A33
:10D0F00006A98C46624443CA43C307CD07C349A966
:10D100002AA8FEF71CFB45E70623294A4244136080
:10D110001749320027484044FCF714FA254B434492
:10D120001F68254B43441F60244B43449322120144
:10D13000424423CA23C3224B434498461249180051
:10D14000F4F7C8FA1EAD0C22414628000BF044FC4F
:10D150002B972CAB194A06A98C46624483CA83C319
:10D1600007CD07C3124961442AA8FEF75DFA48E7D4
:10D17000042A002018090000481200004C12000088
:10D180001C0900003C1200005CC902103C090000B0
:10D190008412000074120000C0DD021084D302105B
:10D1A000080900002C120000301200000C090000D9
:10D1B000280900002C090000641200006812000019
:10D1C00058120000002D00D11CE1B7490322CAA863
:10D1D0001AF07CFF002800D090E206235246534309
:10D1E00042AA93469B44B1495A46B14806AB9C4675
:10D1F0006044FCF7A7F9AE4B06AA944663441E6848
:10D20000AC4B63441E6095235B016344952212017D
:10D21000624423CA23C3A84F6744A8493800F6F7DD
:10D2200072FB1EAD0C22390028000BF0D5FB2B96AB
:10D230002CAB9522520106A98C46624443CA43C3D3
:10D2400007CD07C32AA8FCF717FC002800D06BE124
:10D25000964E5A4631009A4806AB9C466044FCF70D
:10D2600071F9974B06AA944663441B689846954B00
:10D27000634442461A60944B63449622120162440E
:10D2800023CA23C398277F0167448C4B0693190058
:10D290003800F6F738FB1EAD0C22390028000BF0E1
:10D2A0009BFB42462B922CAB874A06A98C466244D4
:10D2B00083CA83C32A0083CA83C35A463100834882
:10D2C0006044FCF73FF9814B06AA944663441A6810
:10D2D00091467F4B63441A607E4B63449722120150
:10D2E000624483CA83C37C4B634498467B491800DD
:10D2F000F4F7CFF916AB9C461A00414689C989C29A
:10D300004A461F9220AA734806AB98464044010043
:10D3100089C989C2634683CB83C22AAA1100280027
:10D32000FEF744FC5A4631006D484044FCF70AF9C8
:10D3300006996B484044FCF73DFB5A46310069486A
:10D340004044FCF7FFF8674BC44643441B689846CB
:10D35000654B634442461A60644B63449922120150
:10D36000624483CA83C3624B63449946614918008F
:10D37000F6F7C9FA0C22494628000BF02DFB43466C
:10D380002B932CAB594A06A98C46624483CA83C3AB
:10D390002A0083CA83C3584B984619002AA8FCF771
:10D3A00050FB5A463100554806AB9C466044FCF79A
:10D3B000C9F8524B06AA944663441B689946504BE1
:10D3C00063444A461A604F4B63449A2212016244F6
:10D3D00043CA43C34C4E66444C493000F9F742FB04
:10D3E0002B0007CE07C34B462B932CAB454A06A90F
:10D3F0008C46624443CA43C307CD07C341462AA8AB
:10D40000FCF71FFB06235246534342AAD218274972
:10D41000A820000106AB9C466044FCF793F8A823C3
:10D420001B0106AA944663441E68394B63441E6080
:10D43000384B6344384A624423CA23C3374D65449A
:10D4400026492800F4F725F91EAB1A0083CD83C2C4
:10D450002B962CAA2F4906A88446614461C961C253
:10D4600023CB23C22AA8FCF707FB002801D000F039
:10D4700007FC2B4A80215346013300932300890087
:10D480004AA80CF09DFB27484AA90CF0FDFD049B1F
:10D49000002B01D105F0D2F90123059A11214AA8E8
:10D4A000F6F70CF905F0CAF9E4DD0210042A0020B1
:10D4B0004C0900009C12000090120000B4CD021034
:10D4C0005C0900000C130000101300006C09000040
:10D4D000F0120000F4120000E412000090CD0210DF
:10D4E0007C0900008C090000D4120000D812000052
:10D4F000C8120000A8CD0210C4CD02109C09000083
:10D50000B8120000BC120000AC12000098CD02104E
:10D51000981400009C140000840A00008C14000081
:10D52000E8DD021084D30210654B06AA94466344DA
:10D5300000221A60634B5A461F0019009B2000010D
:10D540006044FBF7FFFF9B231B0106AA944663443C
:10D550001B6898465C4B6344404618609B235B0104
:10D5600063445A486044020023CA23C3584E6644A9
:10D57000584B069319003000F4F78BF82AAD0C22B3
:10D58000310028000BF028FA16A881464646179667
:10D5900018AB9B20400106AA94466044020043CA8F
:10D5A00043C32E0007CE07C3079640461F900C22A8
:10D5B00018A8010020A80BF00FFA23AB1BAA43CA3E
:10D5C00043C3454806AB9C46604406004349F9F70F
:10D5D00049FA0EAB07CE07C340462C90079B20AA02
:10D5E00043CA43C330AB43CA43C30EAA43CA43C36F
:10D5F000334806AB9C46604401002800FEF7E8F87B
:10D600009C20000106AB9C466044002202605A4602
:10D61000390033486044FBF795FF314A06AB9C461E
:10D62000624416682F4A624416602F4A624413000F
:10D630002E4A624483CA83C32D4A624490460699A7
:10D640001000F4F726F80C22414628000BF0C4F92C
:10D650004A465660244A06AB9C466244130018AA08
:10D6600083CB83C213002A0083CA83C31F960C2274
:10D6700018A920A80BF0B0F923AB1BAA83CA83C357
:10D680001C4F06AB9C4667441B493800F4F722F850
:10D690000EAB07CF07C32C96079B20AA23CA23C330
:10D6A00030AB23CA23C30EAA23CA23C39C2109017A
:10D6B00006AB9C4661442AA8FEF78AF8A2E6C0465B
:10D6C000AC090000042A00205C130000B40900002B
:10D6D0005013000090CD0210441300009CCD0210A6
:10D6E000C40900003413000038130000C80900000A
:10D6F000281300001C130000A0CD02100623524680
:10D70000534342AAD3180693A04998461A00A0484A
:10D7100006AB9C466044FBF715FF9D4906AB9C4653
:10D7200061440E689B4961440E609B4961440B0053
:10D730009A4A624423CA23C3994D654499492800F3
:10D74000F3F7A7FF1EAB1A0083CD83C22B962CAA3A
:10D75000914906A88446614461C961C223CB23C2B2
:10D760002AA8FCF789F9002800D057E1874B4246E8
:10D770009B4619008C4806AB9C466044FBF7E2FED2
:10D78000894906AB9C4661440F68884961440F6033
:10D79000874961440B00874A624423CA23C3864EEB
:10D7A0006644804989463000F3F773FF1EAD0C22B2
:10D7B000310028000BF010F92B972CAB7C4A06A9FE
:10D7C0008C46624483CA83C32A0083CA83C3434608
:10D7D00006931A00594679486044FBF7B3FE77492F
:10D7E00006AB9C46614409688846754961444046D9
:10D7F0000860744961440B00734A624483CA83C35E
:10D80000724F6744724907913800F6F77CF816ABFF
:10D810001A0043CF43C240461F9020AA694806A978
:10D820008C4660440100C1C9C1C283CB83C22AA80F
:10D8300001002800FEF7BAF9069E320059466548F5
:10D8400006AB9C466044FBF77DFE4946614806AB4B
:10D850009C466044FCF7AEF80696320059465E4896
:10D8600006AB9C466044FBF76DFE5B4806AB9C46EE
:10D8700060440768594860440760594860440300A1
:10D88000584A624443CA43C39E20400160448046D4
:10D890005549F6F738F80C22414628000BF09CF861
:10D8A0002B972CAB4E4A06A98C46624483CA83C38D
:10D8B0002A0083CA83C34D48814601002AA8FCF789
:10D8C000C0F8069E32005946494806AB9C46604463
:10D8D000FBF738FE464806AB9C466044006880462D
:10D8E0004448604447460760434B634443486044B0
:10D8F000020083CA83C3424F674407993800F6F792
:10D9000002F82B0007CF07C341462B912CAB3A49B5
:10D9100006AA944661440A0083CA83C32A0083CAC4
:10D9200083C349462AA8FCF78CF83200594635488B
:10D9300006AB9C466044FBF705FE324B06AA9446B4
:10D9400063441F68304B63441F60304B6344304A6C
:10D95000624443CA43C32F4B634498462E49180080
:10D96000F9F780F80C22414628000BF035F82B9788
:10D970002CAB264A06A98C46624443CA43C307CD52
:10D9800007C349462AA8FCF75CF83BE5042A0020B7
:10D99000D4090000781300007C130000D8090000AF
:10D9A0006C13000090CD0210E40900000414000084
:10D9B00008140000E8090000F8130000F409000052
:10D9C000E8130000EC130000F8090000DC1300006D
:10D9D000B4CD0210040A0000140A0000CC130000A9
:10D9E000D0130000180A0000A8CD0210B0CD02101C
:10D9F000240A0000B0130000B4130000280A00003D
:10DA0000A4130000340A00009413000098130000CF
:10DA1000380A00008813000098CD0210E14A06ABD6
:10DA20009C46624400231360DF4B069A0993190059
:10DA3000DE486044FBF786FDDC4D06AB9C46654442
:10DA40002D68A846DA4D654446462E60A4235B0146
:10DA50006344D84A624423CA23C3D74F6744D74D8F
:10DA6000079529003800F5F74EFF2AAD0C22390042
:10DA700028000AF0B1FF16AEB3464746179718AB19
:10DA8000A422520106A98C46624483CA83C32E0095
:10DA900007CE07C347461F970C2218AF390020A8AE
:10DAA0000AF09AFF23AB1BAA83CA83C3C44F06ABF9
:10DAB0009C466744C3493800F8F7D4FF0EAA914644
:10DAC000130007CF07C347462C970896330020AAB8
:10DAD00083CA83C383CA83C34A4683CA83C3B14FFD
:10DAE00006AB9C46674439002800FDF771FEB64F2F
:10DAF00006AB9C46674400203860069A099E3100B8
:10DB0000B24F67443800FBF71DFDB04F06AB9C4693
:10DB100067443F68B846AE4F674442463A60AD4FEF
:10DB200067443B00A6273F0167443A0083CA83C38A
:10DB3000A94F674407993800F5F7E5FE0C22390034
:10DB400028000AF049FF5F4642467A60A14F06ABC3
:10DB50009C4667443B0018AA83CB83C213002A006B
:10DB600083CA83C347461F970C2218AF390020AFE2
:10DB700038000AF031FF23AB1BAA83CA83C3974F37
:10DB800006AB9C46674496493800F3F7A3FD4B4625
:10DB900007CF07C347462C97089B20AA83CA83C395
:10DBA00030AB83CA83C34A4683CA83C3864F06AB5E
:10DBB0009C46674439002800FDF70AFE894F06ABF2
:10DBC0009C46674400203860069A3100A720000177
:10DBD0006044FBF7B7FCA722120106AB9C466244E7
:10DBE0001768814A62441760804A62441300804A81
:10DBF000624443CA43C3A12252016244904607993A
:10DC00001000F5F780FE0C22414628000AF0E4FEE1
:10DC10005A465760754A06AB9C466244130018AAE0
:10DC200043CB43C213002A0043CA43C31F970C22AD
:10DC300018A920A80AF0D0FE23AB1BAA43CA43C3ED
:10DC40006C4A06AB9C46624416006B491000F5F71F
:10DC5000EAF94B4607CE07C32C97089B20AA23CA94
:10DC600023C330AB23CA23C34A4623CA23C35D4917
:10DC700006AB9C4661442AA8FDF7AAFDFFF7C2FB4C
:10DC80005E4A8021534601330093230089004AA84D
:10DC90000BF096FFFFF7F7FB002D05D0499B002BFB
:10DCA00002D0102B00D8BBE006235246534342AAB1
:10DCB000D2183D49AA20000106AB9C466044FBF700
:10DCC00041FCAA231B0106AA944663441B6899469B
:10DCD0004B4B63444A461A604A4B63444A4A624487
:10DCE00023CA23C3494E664449493000F8F7BAFEB7
:10DCF0002AAD28000ECE0EC006904A46179218ABE9
:10DD0000404A06A98C46624443CA43C32A0043CA18
:10DD100043C34A461F9220AF0C22934618A93800ED
:10DD20000AF05AFE23AB1BAA43CA43C3394A06ABC7
:10DD30009C466244904623491000F8F793FE0EAECD
:10DD40005A46414630000AF047FE4A462C92069B4E
:10DD500007CF07C330AB3A0023CA23C307CE07C39C
:10DD60002AA8FCF7E1F82C4A80214AAD01905346DD
:10DD7000013300932300890028000BF021FF84B2B7
:10DD8000264829000CF080F9049B002B01D104F0F7
:10DD900055FD0123059A21002800F5F78FFC04F0BA
:10DDA0004DFDC046440A0000042A0020480A000035
:10DDB0007C1400004C0A000070140000B4CD021066
:10DDC000641400009CCD0210580A00005C0A000098
:10DDD0005414000058140000481400003C140000C3
:10DDE000A0CD02106C0A00002C14000030140000BA
:10DDF000740A000014140000C4CD0210FCDD0210EF
:10DE0000E8140000EC140000A40A0000DC14000078
:10DE100098CD0210D014000010DE021084D302103E
:10DE200006235246534342AAD218A049A920000112
:10DE300006AB9C466044FBF785FBA9231B0106AAA1
:10DE4000944663441B689946A6235B0163444A4693
:10DE50001A60974B6344974A624423CA23C3964E81
:10DE6000664496493000F8F7FDFD2AAD28000ECE35
:10DE70000EC006904A46179218AB8D4A06A98C46EA
:10DE8000624443CA43C32A0043CA43C34A461F925B
:10DE900020AF0C22934618A938000AF09DFD23AB51
:10DEA0001BAA43CA43C3864A06AB9C4662449046BB
:10DEB00084491000F8F7D6FD0EAE5A4641463000B0
:10DEC0000AF08AFD4A462C92069B07CF07C330AB67
:10DED0003A0023CA23C307CE07C349A92AA8FDF7DE
:10DEE0008DFCE1E6002D02D0499B3A2B7DD906231B
:10DEF0005246534342AAD2186C49AC20000106ABEB
:10DF00009C466044FBF71EFBAC231B0106AA94460B
:10DF100063441B6899466C4B63444A461A606B4BDA
:10DF200063446B4A624423CA23C36A4E664463490E
:10DF30003000F8F797FD2AAD28000ECE0EC00690EF
:10DF40004A46179218AB614A06A98C46624443CAF6
:10DF500043C32A0043CA43C34A461F9220AF0C2240
:10DF6000934618A938000AF037FD23AB1BAA43CA11
:10DF700043C3A922520106AB9C46624490465649CF
:10DF80001000F3F7A7FB0EAE5A46414630000AF0E8
:10DF900023FD4A462C92069B07CF07C330AB3A00BD
:10DFA00023CA23C307CE07C32AA8FBF7BDFF4B4AEA
:10DFB00080214AAD0190534601330093230089002C
:10DFC00028000BF0FDFD84B2454829000CF05CF8F8
:10DFD000049B002B01D104F031FC0123059A2100A0
:10DFE0002800F5F76BFB04F029FC06235246534347
:10DFF00042AAD2182D49AB20000106AB9C466044D2
:10E00000FBF7A0FAAB231B0106AA944663441B68E6
:10E010009946344B63444A461A60334B6344334A4F
:10E02000624423CA23C3324E664424493000F8F7C1
:10E0300019FD2AAD28000ECE0EC006904A46179252
:10E0400018AB294A06A98C46624443CA43C32A0036
:10E0500043CA43C34A461F9220AF0C22934618A9D5
:10E0600038000AF0B9FC23AB1BAA43CA43C3214AB8
:10E0700006AB9C466244904617491000F3F72AFB12
:10E080000EAE5A46414630000AF0A6FC4A462C9293
:10E09000069B07CF07C330AB3A0023CA23C307CE82
:10E0A00007C349A92AA8FDF7A9FB20E7042A0020F5
:10E0B000C4140000940A0000B414000098CD0210AB
:10E0C000A81400009CCD0210381500003C1500007B
:10E0D000C40A00002C150000A0CD02102CDE021096
:10E0E00084D302101015000014150000B40A0000BB
:10E0F00004150000F814000006235246534342AAB8
:10E1000090469844EA494246AD20000106AB9C4641
:10E110006044FBF717FAAD231B0106AA944663443B
:10E120001F68E44B63441F60E34B6344E34A62446B
:10E1300043CA43C3E24B63449946E2491800F3F7EC
:10E14000A8FA1EAE0C22494630000AF045FC2B9777
:10E150002CABD94A06A98C46624483CA83C307CE36
:10E1600007C32AA8FBF788FC00287DD0002D03D028
:10E17000499BFF2B00D880E0CD494246AF200001EB
:10E1800006AB9C466044FBF7DDF9AF231B0106AAF2
:10E19000944663441B689946CB4B63444A461A60D5
:10E1A000CA4B6344CA4A624423CA23C3C94D654467
:10E1B000C9492800F8F756FC2AAE0C273A00290076
:10E1C00030000AF009FC4B46179318ABBF4A06A96A
:10E1D0008C46624423CA23C3350007CD07C3A84633
:10E1E0004B461F9320AD3A0018A928000AF0F4FB13
:10E1F00023AB1BAA83CA83C3B84F06AB9C466744B4
:10E20000B7493800F4F70FFF0EAB9C461A000BCF4E
:10E210000BC24A462C92424643CD43C2290061C9F3
:10E2200061C2634623CB23C22AA8FBF77DFEAD4A19
:10E2300080210190534601330093230089004AA8AE
:10E240000BF0BEFC84B2A8484AA90BF01DFF049B4A
:10E25000002B01D104F0F2FA0123059A21004AA80B
:10E26000F5F72CFA04F0EAFAA04A8021230089008D
:10E270004AA80BF0A5FC1124E5E78D494246AE20E3
:10E28000000106AB9C466044FBF75CF9AE231B0122
:10E2900006AA944663441B689B46954B63445A46C2
:10E2A0001A60AC235B016344924A624423CA23C3CD
:10E2B000914D654488492800F8F7D4FB2AAE0C2715
:10E2C0003A00290030000AF087FB5B46179318AB31
:10E2D000AC22520106A98C46624423CA23C33500EE
:10E2E00007CD07C3A9465B461F9320AD3A0018A986
:10E2F00028000AF071FB23AB1BAA83CA83C37F4F9C
:10E3000006AB9C46674476493800F4F78CFE0EABAA
:10E310009C461A000BCF0BC25A462C924A4643CD5C
:10E3200043C2290061C961C2634623CB23C249A904
:10E330002AA8FDF763FA1FE7002D05D0499B002BA3
:10E3400002D0102B00D8EFE006235246534342AED2
:10E35000F61857493200B320000106AB9C466044D2
:10E36000FBF7F0F8B3231B0106AA944663441F6829
:10E37000634B63441F60634B6344634A624423CA34
:10E3800023C3B1235B01634498464E491800F3F759
:10E3900080F91EAD0C22414628000AF01DFB2B9788
:10E3A0002CAB584A06A98C46624483CA83C307CD66
:10E3B00007C32AA8FBF760FB002800D09FE13C4977
:10E3C0003200B420000106AB9C466044FBF7BAF86B
:10E3D000B4231B0106AA944663441B6899464B4B21
:10E3E00063444A461A604A4B63444A4A624423CA19
:10E3F00023C3494D654433492800F3F74AF92AAE4F
:10E400000C273A00290030000AF0E6FA4B46179331
:10E4100018AB3F4A06A98C46624423CA23C3350081
:10E4200007CD07C3A8464B461F9320AD3A0018A955
:10E4300028000AF0D1FA23AB1BAA83CA83C3374F43
:10E4400006AB9C46674436493800F8F70BFB0EAB29
:10E450009C461A000BCF0BC24A462C92424643CD33
:10E4600043C2290061C961C2634623CB23C22AA8E3
:10E47000FBF75AFD2B4A802101905346013300934C
:10E48000230089004AA80BF09BFB84B216484AA9D6
:10E490000BF0FAFD049B002B01D104F0CFF901230E
:10E4A000059A21004AA8F5F709F904F0C7F9C04612
:10E4B000042A00205415000058150000D40A00005A
:10E4C0004815000090CD0210A4150000A81500000A
:10E4D000F40A00009815000098CD02108C15000079
:10E4E000C4CD021060DE021084D302104CDE021094
:10E4F0007C150000E40A000070150000641500009F
:10E500002C16000030160000340B000054160000DA
:10E5100058160000440B0000481600003C1600008E
:10E520009CCD021080DE021006235246534342AEB9
:10E53000F618A8493200B020000106AB9C466044A2
:10E54000FBF700F8B0231B0106AA944663441F683A
:10E55000AE235B0163441F609F4B63449F4A624448
:10E5600023CA23C39E4D65449E492800F3F791F8C2
:10E570001EAB9C461A000BCD0BC22B972CAA9649BA
:10E5800006AB98464144A1C9A1C2634623CB23C22E
:10E590002AA8FBF771FA002854D18E493200B12025
:10E5A00000014044FAF7CEFFB1231B0143441B682E
:10E5B00099468D4B43444A461A608C4B43448C4ADF
:10E5C000424423CA23C38B4E464486493000F3F7A6
:10E5D00060F82AAD28000ECE0EC006904A4617926B
:10E5E00018AB824A424443CA43C32A0043CA43C3C6
:10E5F0004A461F9220AF0C22934618A938000AF011
:10E60000EBF923AB1BAA43CA43C37B4A424490465F
:10E610007A491000F8F726FA0EAE5A464146300005
:10E620000AF0DAF94A462C92069B07CF07C330ABB3
:10E630003A0023CA23C307CE07C349A92AA8FDF776
:10E64000DDF881E663493200B220000106AB9C464A
:10E650006044FAF777FFB2231B0106AA944663448D
:10E660001B689946664B63444A461A60654B63448F
:10E67000654A624423CA23C3644E66446449300039
:10E68000F5F741F92AAD28000ECE0EC006904A4695
:10E69000179218AB5B4A06A98C46624443CA43C32F
:10E6A0002A0043CA43C34A461F9220AF0C22934616
:10E6B00018A938000AF090F923AB1BAA43CA43C338
:10E6C000544A06AB9C46624490464C491000F8F709
:10E6D000C9F90EAE5A46414630000AF07DF94A4665
:10E6E0002C92069B07CF07C330AB3A0023CA23C343
:10E6F00007CE07C349A92AA8FDF780F824E63549C3
:10E700003200B520000106AB9C466044FAF71AFFC0
:10E71000B5231B0106AA944663441B6899463E4BE9
:10E7200063444A461A60B4235B0163443B4A624433
:10E7300023CA23C33A4D654435492800F5F7E3F869
:10E740002AAE0C273A00290030000AF045F94B4662
:10E75000179318ABB422520106A98C46624423CA0F
:10E7600023C3350007CD07C3A8464B461F9320ADF2
:10E770003A0018A928000AF02FF923AB1BAA83CA74
:10E7800083C3284F06AB9C4667441C493800F8F702
:10E7900069F90EAB9C461A000BCF0BC24A462C926D
:10E7A000424643CD43C2290061C961C2634623CBBF
:10E7B00023C22AA8FBF7B8FB1B4A802101905346CD
:10E7C00001330093230089004AA80BF0F9F984B2C1
:10E7D0005CE6C046042A0020C4150000040B0000BB
:10E7E000B415000090CD0210E8150000EC150000F3
:10E7F000140B0000DC150000D01500009CCD0210A9
:10E800001016000014160000240B0000041600006F
:10E81000B4CD0210F81500007C160000540B000067
:10E8200070160000641600009CDE0210002D03D05C
:10E83000499B3A2B00D8B2E006235246534342AEDE
:10E84000F618CC493200B920000106AB9C46604462
:10E85000FAF778FEB9231B0106AA944663441F68A1
:10E86000C54B63441F60C54B6344C54A624423CA19
:10E8700023C3C44B63449846C3491800F2F709FF09
:10E880001EAD0C22414628000AF0A6F82B972CABAF
:10E89000BA4A06A98C46624483CA83C307CD07C31C
:10E8A0002AA8FBF7E9F8002800D099E1B149320025
:10E8B000BA20000106AB9C466044FAF743FEBA2337
:10E8C0001B0106AA944663441B689946AF4B6344F8
:10E8D0004A461A60AE4B6344AE4A624423CA23C31D
:10E8E000B9256D016544A8492800F2F7D2FE2AAE89
:10E8F0000C273A00290030000AF06EF84B461793B7
:10E9000018ABA34A06A98C46624423CA23C3350028
:10E9100007CD07C3A8464B461F9320AD3A0018A960
:10E9200028000AF059F823AB1BAA83CA83C39A4F65
:10E9300006AB9C46674499493800F2F7CBFE0EAB14
:10E940009C461A000BCF0BC24A462C92424643CD3E
:10E9500043C2290061C961C2634623CB23C22AA8EE
:10E96000FBF7E2FA8E4A802101905346013300936F
:10E97000230089004AA80BF023F984B289484AA9E8
:10E980000BF082FB049B002B01D103F057FF012306
:10E99000059A21004AA8F4F791FE03F04FFF0623E1
:10E9A0005246534342AEF61872493200B620000177
:10E9B00006AB9C466044FAF7C5FDB6231B0106AAC8
:10E9C000944663441F68784B63441F60774B6344ED
:10E9D000774A624423CA23C3764D65446A492800B6
:10E9E000F2F757FE1EAB9C461A000BCD0BC22B97BD
:10E9F0002CAA6E4906AB98464144A1C9A1C2634600
:10EA000023CB23C22AA8FBF737F8002855D1594950
:10EA10003200B72000014044FAF794FDB7231B01F0
:10EA200043441B689946B6235B0143444A461A6037
:10EA3000614B4344614A424423CA23C3604E464467
:10EA400051493000F2F725FE2AAD28000ECE0EC047
:10EA500006904A46179218AB574A424443CA43C3EA
:10EA60002A0043CA43C34A461F9220AF0C22934652
:10EA700018A9380009F0B0FF23AB1BAA43CA43C34F
:10EA8000504A4244904645491000F2F723FE0EAE2C
:10EA90005A464146300009F09FFF4A462C92069B99
:10EAA00007CF07C330AB3A0023CA23C307CE07C33F
:10EAB00049A92AA8FCF7A2FEBEE62E493200B820DA
:10EAC000000106AB9C466044FAF73CFDB8231B01ED
:10EAD00006AA944663441B6899463B4B63444A46E6
:10EAE0001A603A4B63443A4A624423CA23C3394EFC
:10EAF000664439493000F4F706FF2AAD28000ECEEF
:10EB00000EC006904A46179218AB304A06A98C46AA
:10EB1000624443CA43C32A0043CA43C34A461F92BE
:10EB200020AF0C22934618A9380009F055FF23ABFB
:10EB30001BAA43CA43C3294A06AB9C46624490467B
:10EB400016491000F2F7C6FD0EAE5A464146300097
:10EB500009F042FF4A462C92069B07CF07C330AB11
:10EB60003A0023CA23C307CE07C349A92AA8FCF742
:10EB700045FE61E6042A0020041700000817000083
:10EB8000940B0000F816000090CD02102C17000026
:10EB900030170000A40B000014170000A0CD0210D5
:10EBA000B8DE021084D30210981600009C160000F4
:10EBB000640B00008C160000C4160000740B0000EB
:10EBC000B4160000A8160000E8160000EC160000BD
:10EBD000840B0000DC160000B4CD0210D01600003B
:10EBE000C2493200BB20000106AB9C466044FAF7E4
:10EBF000A9FCBB231B0106AA944663441B689946E3
:10EC0000BB4B63444A461A60BA4B6344BA4A6244F7
:10EC100023CA23C3B94D6544B9492800F4F773FEEC
:10EC20002AAE0C273A002900300009F0D5FE4B46E9
:10EC3000179318ABAF4A06A98C46624423CA23C374
:10EC4000350007CD07C3A8464B461F9320AD3A00B9
:10EC500018A9280009F0C0FE23AB1BAA83CA83C3EE
:10EC6000A84F06AB9C466744A7493800F2F732FD2F
:10EC70000EAB9C461A000BCF0BC24A462C92424662
:10EC800043CD43C2290061C961C2634623CB23C27D
:10EC90002AA8FBF749F99D4A802101905346013388
:10ECA0000093230089004AA80AF08AFF84B265E62F
:10ECB00006235246534342AA904698448B49424603
:10ECC000BC20000106AB9C466044FAF73BFCBC2329
:10ECD0001B0106AA944663441F688D4B63441F6062
:10ECE0008C4B63448C4A624443CA43C38B4E664494
:10ECF0008B493000F2F7CDFC1EAB9C461A000BCEC0
:10ED00000BC22B972CAA834906AB99464944C1C92B
:10ED1000C1C2634643CB43C22AA8FAF7ADFE00281E
:10ED20007ED0002D03D0499BFF2B00D881E06F4996
:10ED30004246BE20000106AB9C466044FAF702FC46
:10ED4000BE231B0106AA944663441B689946BE2352
:10ED50005B0163444A461A60724B6344724A6244E0
:10ED600023CA23C3714E664465493000F4F7CBFDD6
:10ED70002AAD28000ECE0EC006904A46179218AB58
:10ED8000684A06A98C46624443CA43C32A0043CA60
:10ED900043C34A461F9220AF0C22934618A938005D
:10EDA00009F01AFE23AB1BAA43CA43C3604A06AB51
:10EDB0009C46624490465F491000F4F734F90EAE69
:10EDC0005A464146300009F007FE4A462C92069BFF
:10EDD00007CF07C330AB3A0023CA23C307CE07C30C
:10EDE0002AA8FBF7A1F8544A802101905346013329
:10EDF0000093230089004AA80AF0E2FE84B24F483B
:10EE00004AA90BF041F9049B002B01D103F016FD38
:10EE10000123059A21004AA8F4F750FC03F00EFDE7
:10EE2000474A8021230089004AA80AF0C9FE11241C
:10EE3000E5E72E494246BD20000106AB9C466044F2
:10EE4000FAF780FBBD231B0106AA944663441B68A6
:10EE50009B463C4B63445A461A603B4B63443B4AD7
:10EE6000624423CA23C33A4E664425493000F4F76E
:10EE70004AFD2AAD28000ECE0EC006905A461792C3
:10EE800018AB314A06A98C46624443CA43C32A00E0
:10EE900043CA43C35A461F9220AF0C2218A9380018
:10EEA00009F09AFD23AB1BAA43CA43C3BC225201FB
:10EEB00006AB9C46624491461E491000F4F7B3F835
:10EEC0000EAE0C224946300009F086FD5A462C92BF
:10EED000069B07CF07C330AB3A0023CA23C307CE34
:10EEE00007C349A92AA8FCF789FC20E7042A0020C7
:10EEF0005417000058170000B40B0000481700001A
:10EF0000B4CD02103C170000A0CD0210D8DE0210D4
:10EF10007017000074170000C40B00006417000095
:10EF200090CD0210C4170000E40B0000B4170000DD
:10EF3000A8170000C4CD0210FCDE021084D302101A
:10EF40004CDE0210981700009C170000D40B000044
:10EF50008C170000002D04D0499B002B01D0102BF2
:10EF60007CD906235246534342AAD218DE49C02018
:10EF7000000106AB9C466044FAF7E4FAC0231B018B
:10EF800006AA944663441B689946D84B63444A4694
:10EF90001A60D74B6344D74A624423CA23C3D64E70
:10EFA0006644D6493000F4F7AEFC2AAD28000ECEF8
:10EFB0000EC006904A46179218ABCD4A06A98C4659
:10EFC000624443CA43C32A0043CA43C34A461F920A
:10EFD00020AF0C22934618A9380009F0FDFC23ABA2
:10EFE0001BAA43CA43C3C64A06AB9C46624490462A
:10EFF000C4491000F7F736FD0EAE5A4641463000C0
:10F0000009F0EAFC4A462C92069B07CF07C330ABB7
:10F010003A0023CA23C307CE07C32AA8FAF784FFFE
:10F02000B94A80214AAD0190534601330093230031
:10F03000890028000AF0C4FD84B2B44829000BF00E
:10F0400023F8049B002B01D103F0F8FB0123059A60
:10F0500021002800F4F732FB03F0F0FB06235246B0
:10F06000534342AAD218A049BF20000106AB9C46D8
:10F070006044FAF767FABF231B0106AA944663446B
:10F080001B689946A24B63444A461A60A14B6344ED
:10F09000A14A624423CA23C3A04E66449749300064
:10F0A000F4F731FC2AAD28000ECE0EC006904A4679
:10F0B000179218AB974A06A98C46624443CA43C3C9
:10F0C0002A0043CA43C34A461F9220AF0C229346EC
:10F0D00018A9380009F080FC23AB1BAA43CA43C31C
:10F0E0008F4A06AB9C466244904686491000F7F76B
:10F0F000B9FC0EAE5A464146300009F06DFC4A4656
:10F100002C92069B07CF07C330AB3A0023CA23C318
:10F1100007CE07C349A92AA8FCF770FB21E7002DF9
:10F1200002D0499B3A2B7DD906235246534342AA2B
:10F13000D2186D49C220000106AB9C466044FAF724
:10F1400001FAC2231B0106AA944663441B68994630
:10F15000C3235B0163444A461A60724B6344724A9C
:10F16000624423CA23C3714E664464493000F4F7F5
:10F17000CAFB2AAD28000ECE0EC006904A46179252
:10F1800018AB684A06A98C46624443CA43C32A00A6
:10F1900043CA43C34A461F9220AF0C22934618A984
:10F1A000380009F019FC23AB1BAA43CA43C3604AC9
:10F1B00006AB9C46624490465E491000F2F78AFA1C
:10F1C0000EAE5A464146300009F006FC4A462C92E3
:10F1D000069B07CF07C330AB3A0023CA23C307CE31
:10F1E00007C32AA8FAF7A0FE534A80214AAD01902E
:10F1F0005346013300932300890028000AF0E0FC05
:10F2000084B2424829000AF03FFF049B002B01D141
:10F2100003F014FB0123059A21002800F4F74EFAAD
:10F2200003F00CFB06235246534342AAD2182E4940
:10F23000C120000106AB9C466044FAF783F9C12364
:10F240001B0106AA944663441B6899463B4B6344E2
:10F250004A461A603A4B63443A4A624423CA23C37B
:10F26000394E664425493000F4F74DFB2AAD28009D
:10F270000ECE0EC006904A46179218AB304A06A929
:10F280008C46624443CA43C32A0043CA43C34A4626
:10F290001F9220AF0C22934618A9380009F09CFB5E
:10F2A00023AB1BAA43CA43C3C122520106AB9C46EF
:10F2B000624490461F491000F2F70CFA0EAE5A460F
:10F2C0004146300009F088FB4A462C92069B07CF46
:10F2D00007C330AB3A0023CA23C307CE07C349A9EB
:10F2E0002AA8FCF78BFA1FE7042A00201018000058
:10F2F00014180000040C000004180000A8CD02102F
:10F30000F81700009CCD021020DF021084D30210F9
:10F31000E8170000EC170000F40B0000DC170000F9
:10F32000D017000064180000240C000054180000DE
:10F3300048180000A0CD02103CDF02103818000071
:10F340003C180000140C00002C1800000623524644
:10F35000534342AA90469844D3494246C3200001F1
:10F3600006AB9C466044FAF7EDF8C3231B0106AADE
:10F37000944663441F68CD4B63441F60C4235B0104
:10F380006344CB4A624443CA43C3CA4B634499466D
:10F39000C9491800F2F77DF91EAE0C22494630002B
:10F3A00009F01AFB2B972CABC422520106A98C46FC
:10F3B000624483CA83C307CE07C32AA8FAF75CFB5B
:10F3C00000287ED0002D03D0499BFF2B00D881E080
:10F3D000B5494246C520000106AB9C466044FAF799
:10F3E000B1F8C5231B0106AA944663441B689946DD
:10F3F000B24B63444A461A60B14B6344B14A62441B
:10F4000023CA23C3C6256D016544AF492800F4F71C
:10F410007AFA2AAE0C273A002900300009F0DCFA0B
:10F420004B46179318ABA64A06A98C46624423CADA
:10F4300023C3350007CD07C3A8464B461F9320AD15
:10F440003A0018A9280009F0C7FA23AB1BAA83CAFF
:10F4500083C39E4F06AB9C4667449D493800F3F733
:10F46000E2FD0EAB9C461A000BCF0BC24A462C9213
:10F47000424643CD43C2290061C961C2634623CBE2
:10F4800023C22AA8FAF750FD924A802101905346E0
:10F4900001330093230089004AA80AF091FB84B24B
:10F4A0008D484AA90AF0F0FD049B002B01D103F01E
:10F4B000C5F90123059A21004AA8F4F7FFF803F0E3
:10F4C000BDF9864A8021230089004AA80AF078FB0A
:10F4D0001124E5E774494246C420000106AB9C466E
:10F4E0006044FAF72FF8C4231B0106AA944663442C
:10F4F0001B689B467A4B63445A461A60794B6344B7
:10F50000794A624423CA23C3784D65446E49280072
:10F51000F4F7F9F92AAE0C273A002900300009F077
:10F520005BFA5B46179318AB6E4A06A98C46624499
:10F5300023CA23C3350007CD07C3A9465B461F93E3
:10F5400020AD3A0018A9280009F046FA23AB1BAAFF
:10F5500083CA83C3664F06AB9C4667445C49380048
:10F56000F3F761FD0EAB9C461A000BCF0BC25A4657
:10F570002C924A4643CD43C2290061C961C2634609
:10F5800023CB23C249A92AA8FCF738F920E7002D8C
:10F5900002D0499BFF2B52D906235246534342AA1D
:10F5A000D2184149C720000106AB9C466044F9F7D8
:10F5B000C9FFC7231B0106AA944663441E684D4B2E
:10F5C00063441E604C4B63444C4A624423CA23C3C9
:10F5D0004B4F67444B493800F3F767FD1EAD0C22D3
:10F5E0003900280009F0F8F92B962CAB424A06A9FD
:10F5F0008C46624443CA43C307CD07C32AA8FAF71F
:10F600001CFA414A80214AAD0190534601330093D0
:10F610002300890028000AF0D3FA84B22E4829007A
:10F620000AF032FD049B002B01D103F007F90123FE
:10F63000059A21002800F4F741F803F0FFF80623AB
:10F640005246534342AAD2181749C620000106ABBE
:10F650009C466044F9F776FFC6231B0106AA944630
:10F6600063441E68294B63441E60294B6344294A46
:10F67000624423CA23C3284D654422492800F3F776
:10F6800014FD1EAB1A0083CD83C22B962CAA2049F1
:10F6900006A88446614461C961C223CB23C249A93B
:10F6A0002AA8FCF74CF877E7042A00207C18000011
:10F6B000340C00007018000090CD0210CC1800002F
:10F6C000D0180000540C0000A8CD0210B41800009F
:10F6D000C4CD021060DF021084D302104CDE021091
:10F6E000A4180000A8180000440C0000981800009E
:10F6F0008C1800000419000008190000740C0000A8
:10F70000F8180000F0CD021084DF0210E8180000A5
:10F71000EC180000640C0000DC18000006235246C0
:10F72000534342AA90469844ED494246C8200001FE
:10F7300006AB9C466044F9F705FFC8231B0106AAE7
:10F74000944663441F68C9235B0163441F60E54B13
:10F750006344E54A624443CA43C3E44E6644E44911
:10F760003000F1F796FF1EAB9C461A000BCE0BC281
:10F770002B972CAADB4906AB99464944C1C9C1C2A3
:10F78000634643CB43C22AA8FAF776F9002800D093
:10F79000DCE0002D02D0499BFF2B7BD9D0494246AB
:10F7A000CA20000106AB9C466044F9F7CBFECA2391
:10F7B0001B0106AA944663441B689846CD4B6344DC
:10F7C00042461A60CC4B6344CC4A624423CA23C3EA
:10F7D000CB4E6644CB493000F7F744F92AAD2B00F5
:10F7E00007CE07C34346179318ABC34A06A98C46F6
:10F7F000624443CA43C32A0043CA43C343462B93CC
:10F800002CAF0C239B461A0018A9380009F0E4F825
:10F810002FAB1BAA43CA43C3BB4B06AA94466344FF
:10F820009946BA491800F7F71DF90EAE5A464946EF
:10F83000300009F0D1F84346209321AB07CF07C32E
:10F840003A0083CA83C307CE07C300221EA928003B
:10F85000F9F79BFE2800FAF78DFBAD4A8021019055
:10F86000534601330093230089004AA80AF0A8F9FF
:10F8700084B2A8484AA90AF007FC049B002B01D1D6
:10F8800002F0DCFF0123059A21004AA8F3F716FFD6
:10F8900002F0D4FF92494246C92000014844F9F7DA
:10F8A00051FEC9231B01CC464B441B6899469A4B19
:10F8B00063444A461A60994B6344994A624423CA96
:10F8C00023C3984E66448F493000F7F7CBF82AAD32
:10F8D0002B0007CE07C34B46179318AB8F4A06A9D8
:10F8E0008C46624443CA43C32A0043CA43C34B46BF
:10F8F0002B932CAF0C2218A9380009F06DF82FAB10
:10F900001BAA43CA43C3884B06AA944663449B463A
:10F910007E491800F7F7A6F80EAE0C2259463000C3
:10F9200009F05AF84B46209321AB07CF07C33A00A2
:10F9300083CA83C307CE07C300221EA92800F9F794
:10F9400024FE49A92800FBF77BFF27E7774A80219F
:10F95000230089004AA80AF033F9112489E7062315
:10F960005246534342AA904698445D494246CB20B2
:10F97000000106AB9C466044F9F7E4FDCB231B0174
:10F9800006AA944663441F68694B63441F60694B31
:10F990006344694A624443CA43C3CC235B01634462
:10F9A000994653491800F1F774FE1EAE0C224946E1
:10F9B000300009F011F82B972CAB5E4A06A98C4653
:10F9C000624483CA83C307CE07C32AA8FAF754F850
:10F9D000002800D01DE1002D03D0499BFF2B00D84B
:10F9E000B6E03F494246CD20000106AB9C4660444C
:10F9F000F9F7A8FDCD231B0106AA944663441B68B2
:10FA000098464E4B634442461A60CF235B016344E1
:10FA10004B4A624423CA23C34A4E664439493000E4
:10FA2000F7F720F82AAD0C273A003100280008F03B
:10FA3000D3FF4346179318ABCF22520106A98C4639
:10FA4000624443CA43C32A0043CA43C343462B9379
:10FA50002CAE3A0018A9300008F0BEFF2FAB1BAA4D
:10FA600083CA83C3384F06AB9C4667442749380096
:10FA7000F6F7F8FF0EAB9C461A000BCF0BC24246BE
:10FA8000209221AA83CE83C23100C1C9C1C263467C
:10FA900043CB43C201221EA92800F9F776FD2800B6
:10FAA000FAF768FA294A80210190534601330093FE
:10FAB000230089004AA80AF083F884B215484AA9AD
:10FAC0000AF0E2FA049B002B01D102F0B7FE0123F9
:10FAD000059A21004AA8F3F7F1FD02F0AFFEC046F7
:10FAE000042A002024190000840C000014190000CE
:10FAF00090CD02107019000074190000A40C0000D1
:10FB00006419000098CD021058190000B0CD021001
:10FB1000ACDF021084D30210481900004C19000019
:10FB2000940C00003C190000301900004CDE02105B
:10FB30008C19000090190000B40C0000DC190000C2
:10FB4000D40C0000D0190000C4190000C4DF02105A
:10FB5000C5494246CC20000106AB9C466044F9F7FB
:10FB6000F1FCCC231B0106AA944663441B6899460A
:10FB7000BE4B63444A461A60BD4B6344BD4A62446F
:10FB800023CA23C3BC4E6644BC493000F6F76AFF63
:10FB90002AAD0C273A003100280008F01DFF4B4623
:10FBA000179318ABB24A06A98C46624443CA43C3B2
:10FBB0002A0043CA43C34B462B932CAE3A0018A9E4
:10FBC000300008F009FF2FAB1BAA83CA83C3AC4FD8
:10FBD00006AB9C466744AB493800F6F743FF0EABD3
:10FBE0009C461A000BCF0BC24A46209221AA83CE14
:10FBF00083C23100C1C9C1C2634643CB43C20122A3
:10FC00001EA92800F9F7C1FC49A92800FBF718FE36
:10FC1000E7E69D4A8021230089004AA809F0D0FF29
:10FC200011244BE706235246534342AA9046984478
:10FC30008D494246CE20000106AB9C466044F9F750
:10FC400081FCCE231B0106AA944663441F688F4B98
:10FC500063441F608E4B63448E4A624443CA43C36D
:10FC60008D4E66448D493000F1F713FD1EAB9C4666
:10FC70001A000BCE0BC22B972CAA854906AB9946CE
:10FC80004944C1C9C1C2634643CB43C22AA8F9F75C
:10FC9000F3FE002800D0DDE0002D02D0499BFF2BB1
:10FCA0007BD971494246D020000106AB9C46604496
:10FCB000F9F748FCD0231B0106AA944663441B684D
:10FCC0009846774B634442461A60764B6344764AC3
:10FCD000624423CA23C3754E664468493000F6F770
:10FCE000C1FE2AAD2B0007CE07C34346179318ABBE
:10FCF0006C4A06A98C46624443CA43C32A0043CADD
:10FD000043C343462B932CAF0C239B461A0018A9E0
:10FD1000380008F061FE2FAB1BAA43CA43C3644BF3
:10FD200006AA94466344994656491800F6F79AFE87
:10FD30000EAE5A464946300008F04EFE4346209328
:10FD400021AB07CF07C33A0083CA83C307CE07C3DB
:10FD500002221EA92800F9F718FC2800FAF70AF970
:10FD6000544A8021019053460133009323008900B7
:10FD70004AA809F025FF84B24F484AA90AF084F93D
:10FD8000049B002B01D102F059FD0123059A2100AB
:10FD90004AA8F3F793FC02F051FD33494246CF20C5
:10FDA00000014844F9F7CEFBCF231B01CC464B445E
:10FDB0001B689946D1235B0163444A461A603F4B56
:10FDC00063443F4A624423CA23C33E4E66442B49E0
:10FDD0003000F6F747FE2AAD2B0007CE07C34B468F
:10FDE000179318AB354A06A98C46624443CA43C3ED
:10FDF0002A0043CA43C34B462B932CAF0C2218A9AD
:10FE0000380008F0E9FD2FAB1BAA43CA43C32E4BB1
:10FE100006AA944663449B461A491800F6F722FE48
:10FE20000EAE0C225946300008F0D6FD4B4620930A
:10FE300021AB07CF07C33A0083CA83C307CE07C3EA
:10FE400002221EA92800F9F7A0FB49A92800FBF708
:10FE5000F7FC26E70C4A8021230089004AA809F014
:10FE6000AFFE112488E7C046042A0020B419000020
:10FE7000B8190000C40C0000A819000098CD0210A9
:10FE80009C190000B0CD02104CDE0210F8190000E1
:10FE9000FC190000E40C0000EC19000090CD0210E9
:10FEA000481A00004C1A0000040D00003C1A000023
:10FEB000301A0000DCDF021084D30210241A000084
:10FEC000F40C0000141A0000081A00000623524621
:10FED000534342AA90469844EE494246D12000013D
:10FEE00006AB9C466044F9F72DFBD1231B0106AA03
:10FEF000944663441F68E84B63441F60E74B6344C8
:10FF0000E74A624443CA43C3E64B63449946E64921
:10FF10001800F1F7BEFB1EAE0C224946300008F077
:10FF20005BFD2B972CABDD4A06A98C46624483CA45
:10FF300083C307CE07C32AA8F9F79EFD002800D087
:10FF4000E2E0002D02D0499BFF2B7BD9D1494246EC
:10FF5000D320000106AB9C466044F9F7F3FAD323A3
:10FF60001B0106AA944663441B689846CF4B634422
:10FF700042461A60CE4B6344CE4A624423CA23C32E
:10FF8000CD4E6644CD493000F3F7BDFC2AAD0C27B9
:10FF90003A003100280008F01FFD4346179318ABC4
:10FFA000C34A06A98C46624443CA43C32A0043CAD3
:10FFB00043C343462B932CAE3A0018A9300008F0F7
:10FFC0000BFD2FAB1BAA83CA83C3BD4F06AB9C4658
:10FFD0006744BC493800F6F745FD0EAB9C461A0055
:10FFE0000BCF0BC24246209221AA83CE83C231009E
:10FFF000C1C9C1C2634643CB43C200221EA9280027
:020000041001E9
:10000000F9F7C3FA2800F9F7B5FFAF4A802101904C
:10001000534601330093230089004AA809F0D0FD1C
:1000200084B2AA484AA90AF02FF8049B002B01D1F8
:1000300002F004FC0123059A21004AA8F3F73EFBD5
:1000400002F0FCFB93494246D220000106AB9C46DD
:100050006044F9F777FAD2231B0106AA9446634459
:100060001B6899469A4B63444A461A60994B63440D
:10007000994A624423CA23C3D426760166448F4931
:100080003000F3F740FC2AAD0C273A00310028007D
:1000900008F0A2FC4B46179318AB8E4A06A98C4673
:1000A000624443CA43C32A0043CA43C34B462B930B
:1000B0002CAE3A0018A9300008F08EFC2FAB1BAA1A
:1000C00083CA83C3854F06AB9C4667447D4938008D
:1000D000F6F7C8FC0EAB9C461A000BCF0BC24A4683
:1000E000209221AA83CE83C23100C1C9C1C2634616
:1000F00043CB43C200221EA92800F9F746FA49A9BA
:100100002800FBF79DFB21E7754A80212300890029
:100110004AA809F055FD112483E7062352465343AC
:1001200042AA904698445B494246D420000106AB5F
:100130009C466044F9F706FAD4231B0106AA9446AC
:1001400063441F68674B63441F60674B6344674A9F
:10015000624443CA43C3664E664453493000F1F7D4
:1001600098FA1EAB9C461A000BCE0BC22B972CAAFA
:100170005D4906AB99464944C1C9C1C2634643CBF8
:1001800043C22AA8F9F778FC002800D019E1002D15
:1001900003D0499BFF2B00D8B6E03E494246D6200B
:1001A000000106AB9C466044F9F7CCF9D6231B014D
:1001B00006AA944663441B689846D9235B016344AE
:1001C00042461A604B4B63444B4A624423CA23C3E2
:1001D0004A4E664439493000F3F795FB2AAD2B00AF
:1001E00007CE07C34346179318AB424A06A98C466D
:1001F000624443CA43C32A0043CA43C343462B93C2
:100200002CAF0C239B461A0018A9380008F0E4FB19
:100210002FAB1BAA43CA43C3394B06AA9446634477
:10022000994628491800F6F71DFC0EAE5A46494675
:10023000300008F0D1FB4346209321AB07CF07C322
:100240003A0083CA83C307CE07C301221EA9280030
:10025000F9F79BF92800F9F78DFE2A4A80210190D1
:10026000534601330093230089004AA809F0A8FCF3
:1002700084B216484AA909F007FF049B002B01D15C
:1002800002F0DCFA0123059A21004AA8F3F716FAD6
:1002900002F0D4FA042A0020641A0000681A000050
:1002A000140D0000581A000090CD0210B41A00007E
:1002B000B81A0000340D0000A81A0000B4CD0210D6
:1002C0009C1A0000B0CD0210F4DF021084D302109B
:1002D0008C1A0000901A0000240D0000741A00000F
:1002E0004CDE0210D01A0000D41A0000440D0000A9
:1002F000C41A0000241B0000640D0000141B000041
:10030000081B000010E00210C7494246D52000013A
:100310004844F9F717F9D5231B01CC464B441B6819
:100320009946C24B63444A461A60C14B6344C14A72
:10033000624423CA23C3C04E6644C0493000F3F769
:10034000E2FA2AAD2B0007CE07C34B46179318AB32
:10035000B74A06A98C46624443CA43C32A0043CA2B
:1003600043C34B462B932CAF0C2218A9380008F03E
:1003700033FB2FAB1BAA43CA43C3D7235B0106AA97
:10038000944663449B46AE491800F6F76BFB0EAEED
:100390000C225946300008F01FFB4B46209321AB3E
:1003A00007CF07C33A0083CA83C307CE07C301221E
:1003B0001EA92800F9F7E9F849A92800FBF740FA37
:1003C000EBE6A04A8021230089004AA809F0F8FB47
:1003D00011244EE706235246534342AA90469844BE
:1003E00091494246D720000106AB9C466044F9F78C
:1003F000A9F8D7231B0106AA944663441F68924BB1
:1004000063441F60DA235B016344904A624443CA39
:1004100043C38F4B634499468E491800F1F739F96D
:100420001EAE0C224946300008F0D6FA2B972CABB2
:10043000DA22520106A98C46624483CA83C307CEDE
:1004400007C32AA8F9F718FB002800D0E2E0002D26
:1004500002D0499BFF2B7CD973494246D920000129
:1004600006AB9C466044F9F76DF8D9231B0106AA38
:10047000944663441B689846774B634442461A602F
:10048000764B6344764A624423CA23C3DC26760152
:1004900066446A493000F3F736FA2AAD0C273A0071
:1004A0003100280008F098FA4346179318AB6B4ABE
:1004B00006A98C46624443CA43C32A0043CA43C3C5
:1004C00043462B932CAE3A0018A9300008F084FA6A
:1004D0002FAB1BAA83CA83C3624F06AB9C466744FB
:1004E00057493800F6F7BEFA0EAB9C461A000BCF00
:1004F0000BC24246209221AA83CE83C23100C1C9D9
:10050000C1C2634643CB43C202221EA92800F9F7A9
:100510003CF82800F9F72EFD534A802101905346FC
:1005200001330093230089004AA809F049FB84B2F3
:100530004E484AA909F0A8FD049B002B01D102F006
:100540007DF90123059A21004AA8F3F7B7F802F0D4
:1005500075F935494246D820000106AB9C466044F7
:10056000F8F7F0FFD8231B0106AA944663441B68E2
:1005700099463F4B63444A461A603E4B63443E4AA9
:10058000624423CA23C33D4E66442C493000F3F72E
:10059000BAF92AAD0C273A003100280008F01CFAFD
:1005A0004B46179318AB334A06A98C46624443CA9C
:1005B00043C32A0043CA43C34B462B932CAE3A0095
:1005C00018A9300008F008FA2FAB1BAA83CA83C30E
:1005D0002B4F06AB9C46674419493800F6F742FAA0
:1005E0000EAB9C461A000BCF0BC24A46209221AAA2
:1005F00083CE83C23100C1C9C1C2634643CB43C26B
:1006000002221EA92800F8F7C0FF49A92800FBF71D
:1006100017F921E70B4A8021230089004AA809F035
:10062000CFFA112484E7C046042A0020F81A0000FB
:10063000FC1A0000540D0000EC1A0000B4CD0210AA
:10064000B0CD02104CDE02103C1B0000740D000007
:10065000301B000090CD02108C1B0000901B00008E
:10066000940D0000741B00002CE0021084D30210D3
:10067000641B0000681B0000840D0000581B000074
:100680004C1B000006235246534342AA904698440E
:10069000EB494246DA20000106AB9C466044F8F77D
:1006A00051FFDA231B0106AA944663441F68E54BF9
:1006B00063441F60E44B6344E44A624443CA43C357
:1006C000E34E6644E3493000F0F7E3FF1EAB9C467F
:1006D0001A000BCE0BC22B972CAADB4906AB99460E
:1006E0004944C1C9C1C2634643CB43C22AA8F9F7F2
:1006F000C3F9002800D0DDE0002D02D0499BFF2B7C
:100700007CD9CF494246DC20000106AB9C466044C0
:10071000F8F718FFDC231B0106AA944663441B6804
:100720009846CD4B634442461A60CC4B6344CC4A56
:10073000624423CA23C3CB4E6644CB493000F3F74F
:10074000E2F82AAD2B0007CE07C34346179318AB38
:10075000C24A06A98C46624443CA43C32A0043CA1C
:1007600043C343462B932CAF0C239B461A0018A976
:10077000380008F031F92FAB1BAA43CA43C3DF236B
:100780005B0106AA944663449946B8491800F6F7F7
:1007900069F90EAE5A464946300008F01DF9434645
:1007A000209321AB07CF07C33A0083CA83C307CE88
:1007B00007C300221EA92800F8F7E7FE2800F9F772
:1007C000D9FBAB4A802101905346013300932300AB
:1007D00089004AA809F0F4F984B2A6484AA909F0A8
:1007E00053FC049B002B01D102F028F80123059A49
:1007F00021004AA8F2F762FF02F020F89049424631
:10080000DB2000014844F8F79DFEDB231B01CC46AA
:100810004B441B689946984B63444A461A60974B71
:100820006344974A624423CA23C3964E66448E4962
:100830003000F3F768F82AAD2B0007CE07C34B460C
:10084000179318AB8D4A06A98C46624443CA43C32A
:100850002A0043CA43C34B462B932CAF0C2218A942
:10086000380008F0B9F82FAB1BAA43CA43C3864B24
:1008700006AA944663449B467C491800F6F7F2F8B2
:100880000EAE0C225946300008F0A6F84B462093D5
:1008900021AB07CF07C33A0083CA83C307CE07C380
:1008A00000221EA92800F8F770FE49A92800FAF7CF
:1008B000C7FF26E7754A8021230089004AA809F06E
:1008C0007FF9112489E706235246534342AA9046F2
:1008D00098445B494246DD20000106AB9C466044DB
:1008E000F8F730FEDD231B0106AA944663441F6817
:1008F000674B63441F60674B6344674A624443CA63
:1009000043C3664B6344994652491800F0F7C1FE51
:100910001EAE0C224946300008F05EF82B972CAB37
:100920005C4A06A98C46624483CA83C307CE07C3C8
:100930002AA8F9F7A1F8002800D020E1002D03D063
:10094000499BFF2B00D8B7E03D494246DF2000011C
:1009500006AB9C466044F8F7F5FDDF231B0106AAB1
:10096000944663441B6898464D4B634442461A6064
:100970004C4B63444C4A624423CA23C34B4E6644E7
:1009800039493000F2F7BFFF2AAD0C273A00310099
:10099000280008F021F84346179318AB414A06A9EE
:1009A0008C46624443CA43C32A0043CA43C34346F6
:1009B0002B932CAE3A0018A9300008F00DF82FAB9D
:1009C0001BAA83CA83C33A4F06AB9C466744274998
:1009D0003800F6F747F80EAB9C461A000BCF0BC257
:1009E0004246209221AA83CE83C23100C1C9C1C22E
:1009F000634643CB43C201221EA92800F8F7C5FD78
:100A00002800F9F7B7FA2B4A8021019053460133A9
:100A10000093230089004AA809F0D2F884B215484F
:100A20004AA909F031FB049B002B01D101F006FF1C
:100A30000123059A21004AA8F2F740FE01F0FEFECC
:100A4000042A0020A81B0000AC1B0000A40D00001D
:100A50009C1B000090CD0210F81B0000FC1B000046
:100A6000C40D0000EC1B0000A8CD0210B0CD021098
:100A700048E0021084D30210D01B0000D41B0000F9
:100A8000B40D0000C41B0000B81B00004CDE0210B7
:100A9000141C0000181C0000D40D0000081C0000ED
:100AA000641C0000681C0000F40D0000581C0000CD
:100AB0004C1C000064E00210C6494246DE200001E2
:100AC00006AB9C466044F8F73DFDDE231B0106AAF9
:100AD000944663441B689946BF4B63444A461A6078
:100AE000E2235B016344BD4A624423CA23C3BC4E74
:100AF0006644BC493000F2F706FF2AAD0C273A00E5
:100B00003100280007F068FF4B46179318ABE2222C
:100B1000520106A98C46624443CA43C32A0043CA11
:100B200043C34B462B932CAE3A0018A9300007F074
:100B300053FF2FAB1BAA83CA83C3AB4F06AB9C46A4
:100B40006744AA493800F5F78DFF0EAB9C461A00A2
:100B50000BCF0BC24A46209221AA83CE83C231001A
:100B6000C1C9C1C2634643CB43C201221EA92800AA
:100B7000F8F70BFD49A92800FAF762FEE4E69C4A63
:100B80008021230089004AA809F01AF8112446E7B9
:100B900006235246534342AA904698448D49424602
:100BA000E020000106AB9C466044F8F7CBFCE02354
:100BB0001B0106AA944663441F68E4235B01634457
:100BC0001F608C4B63448C4A624443CA43C38B4EC0
:100BD00066448B493000F0F75CFD1EAB9C461A0062
:100BE0000BCE0BC22B972CAA824906AB99464944DF
:100BF000C1C9C1C2634643CB43C22AA8F8F73CFF30
:100C0000002800D0DCE0002D02D0499BFF2B7BD9CF
:100C100070494246E220000106AB9C466044F8F76A
:100C200091FCE2231B0106AA944663441B68984684
:100C3000744B634442461A60734B6344734A624484
:100C400023CA23C3724E664466493000F2F75BFE46
:100C50002AAD2B0007CE07C34346179318AB6A4A49
:100C600006A98C46624443CA43C32A0043CA43C30D
:100C700043462B932CAF0C239B461A0018A938002F
:100C800007F0AAFE2FAB1BAA43CA43C3614B06AAB7
:100C900094466344994655491800F5F7E3FE0EAEB5
:100CA0005A464946300007F097FE4346209321AB51
:100CB00007CF07C33A0083CA83C307CE07C3022204
:100CC0001EA92800F8F761FC2800F9F753F9524AE9
:100CD00080210190534601330093230089004AA8E4
:100CE00008F06EFF84B24D484AA909F0CDF9049B83
:100CF000002B01D101F0A2FD0123059A21004AA891
:100D0000F2F7DCFC01F09AFD32494246E120000195
:100D10004844F8F717FCE1231B01CC464B441B6801
:100D200099463F4B63444A461A603E4B63443E4AF1
:100D3000624423CA23C33D4E66442A493000F2F779
:100D4000E2FD2AAD2B0007CE07C34B46179318AB25
:100D5000344A06A98C46624443CA43C32A0043CAA4
:100D600043C34B462B932CAF0C2218A9380007F035
:100D700033FE2FAB1BAA43CA43C32D4B06AA94468E
:100D800063449B4619491800F5F76CFE0EAE0C2221
:100D90005946300007F020FE4B46209321AB07CF89
:100DA00007C33A0083CA83C307CE07C302221EA922
:100DB0002800F8F7EAFB49A92800FAF741FD27E7E0
:100DC0000B4A8021230089004AA808F0F9FE11246B
:100DD00089E7C046042A00203C1C0000E40D000006
:100DE000301C0000A8CD0210241C0000B0CD021061
:100DF0004CDE0210841C0000040E0000741C000075
:100E000090CD0210D01C0000D41C0000240E000065
:100E1000C41C0000B81C000080E0021084D3021043
:100E2000A81C0000AC1C0000140E00009C1C00005C
:100E3000901C000006235246534342AA9046984411
:100E4000EF494246E320000106AB9C466044F8F7B8
:100E500079FBE3231B0106AA944663441F68E94B10
:100E600063441F60E84B6344E84A624443CA43C397
:100E7000E7235B0163449946E5491800F0F709FC54
:100E80001EAE0C224946300007F0A6FD2B972CAB76
:100E9000DD4A06A98C46624483CA83C307CE07C3D2
:100EA0002AA8F8F7E9FD002800D0E3E0002D02D0E1
:100EB000499BFF2B7DD9D2494246E520000106AB74
:100EC0009C466044F8F73EFBE5231B0106AA9446C6
:100ED00063441B689846CF4B634442461A60EA233A
:100EE0005B016344CC4A624423CA23C3CB4E6644AD
:100EF000CB493000F2F707FD2AAD0C273A0031004C
:100F0000280007F069FD4346179318ABEA22520107
:100F100006A98C46624443CA43C32A0043CA43C35A
:100F200043462B932CAE3A0018A9300007F054FD2D
:100F30002FAB1BAA83CA83C3BA4F06AB9C46674438
:100F4000B9493800F5F78EFD0EAB9C461A000BCF61
:100F50000BC24246209221AA83CE83C23100C1C96E
:100F6000C1C2634643CB43C200221EA92800F8F742
:100F70000CFB2800F8F7FEFFAC4A80210190534695
:100F800001330093230089004AA808F019FE84B2B7
:100F9000A7484AA909F078F8049B002B01D101F079
:100FA0004DFC0123059A21004AA8F2F787FB01F0C6
:100FB00045FC93494246E420000106AB9C46604450
:100FC000F8F7C0FAE4231B0106AA944663441B68A1
:100FD0009946984B63444A461A60974B6344974A34
:100FE000624423CA23C3964E66448D493000F2F70B
:100FF0008AFC2AAD0C273A003100280007F0ECFCEF
:101000004B46179318AB8C4A06A98C46624443CAD8
:1010100043C32A0043CA43C34B462B932CAE3A002A
:1010200018A9300007F0D8FC2FAB1BAA83CA83C3D2
:10103000844F06AB9C4667447B493800F5F712FDA8
:101040000EAB9C461A000BCF0BC24A46209221AA37
:1010500083CE83C23100C1C9C1C2634643CB43C200
:1010600000221EA92800F8F790FA49A92800FAF7EB
:10107000E7FB20E7744A8021230089004AA808F092
:101080009FFD112484E706235246534342AA90460B
:1010900098445B494246E620000106AB9C4660440A
:1010A000F8F750FAE6231B0106AA944663441F682A
:1010B000664B63441F60664B6344664A624443CA9E
:1010C00043C3654E664452493000F0F7E2FA1EAB66
:1010D0009C461A000BCE0BC22B972CAA5C4906AB80
:1010E00099464944C1C9C1C2634643CB43C22AA8F9
:1010F000F8F7C2FC002800D019E1002D03D0499B6D
:10110000FF2B00D8B6E03E494246E820000106AB7E
:101110009C466044F8F716FAE8231B0106AA944699
:1011200063441B6898464D4B634442461A604C4BDF
:1011300063444C4A624423CA23C34B4E6644384935
:101140003000F2F7E0FB2AAD2B0007CE07C3434681
:10115000179318AB424A06A98C46624443CA43C35C
:101160002A0043CA43C343462B932CAF0C239B4610
:101170001A0018A9380007F02FFC2FAB1BAA43CA8E
:1011800043C33A4B06AA944663449946264918003D
:10119000F5F768FC0EAE5A464946300007F01CFCD5
:1011A0004346209321AB07CF07C33A0083CA83C3CA
:1011B00007CE07C301221EA92800F8F7E6F9280088
:1011C000F8F7D8FE2A4A8021019053460133009354
:1011D000230089004AA808F0F3FC84B214484AA905
:1011E00008F052FF049B002B01D101F027FB0123E3
:1011F000059A21004AA8F2F761FA01F01FFBC046E8
:10120000042A0020EC1C0000F01C0000340E00003A
:1012100090CD02103C1D0000540E0000301D000057
:10122000BCCD0210241D0000B0CD02109CE00210C5
:1012300084D30210141D0000181D0000440E00008D
:10124000081D0000FC1C00004CDE0210581D0000B0
:101250005C1D0000640E00004C1D0000A81D000075
:10126000AC1D0000840E00009C1D0000901D0000BD
:10127000B8E00210C6494246E72000014844F8F7AA
:1012800061F9E7231B01CC464B441B689946EC23CC
:101290005B0163444A461A60BE4B6344BE4A6244E3
:1012A00023CA23C3BD4E6644BD493000F2F72BFB71
:1012B0002AAD2B0007CE07C34B46179318ABB54A90
:1012C00006A98C46624443CA43C32A0043CA43C3A7
:1012D0004B462B932CAF0C2218A9380007F07CFB4F
:1012E0002FAB1BAA43CA43C3AE4B06AA9446634422
:1012F0009B46AD491800F5F7B5FB0EAE0C225946DA
:10130000300007F069FB4B46209321AB07CF07C3A2
:101310003A0083CA83C307CE07C301221EA928004F
:10132000F8F733F949A92800FAF78AFAEBE69F4A59
:101330008021230089004AA808F042FC11244DE7CF
:1013400006235246534342AA904698449049424647
:10135000E920000106AB9C466044F8F7F3F8E92366
:101360001B0106AA944663441F68914B63441F60A7
:10137000904B6344904A624443CA43C38F4B6344D7
:1013800099468F491800F0F784F91EAE0C224946A1
:10139000300007F021FB2B972CAB864A06A98C4620
:1013A000624483CA83C307CE07C32AA8F8F764FB45
:1013B000002800D0E2E0002D02D0499BFF2B7BD912
:1013C00073494246EB20000106AB9C466044F8F7A7
:1013D000B9F8EB231B0106AA944663441B689846A0
:1013E000784B634442461A60774B6344774A6244C1
:1013F00023CA23C3764E664469493000F2F783FA64
:101400002AAD0C273A003100280007F0E5FA4346E0
:10141000179318AB6C4A06A98C46624443CA43C36F
:101420002A0043CA43C343462B932CAE3A0018A963
:10143000300007F0D1FA2FAB1BAA83CA83C3654FD4
:1014400006AB9C46674458493800F5F70BFB0EABDA
:101450009C461A000BCF0BC24246209221AA83CE93
:1014600083C23100C1C9C1C2634643CB43C2022219
:101470001EA92800F8F789F82800F8F77BFD564ADE
:1014800080210190534601330093230089004AA82C
:1014900008F096FB84B251484AA908F0F5FD049B78
:1014A000002B01D101F0CAF90123059A21004AA8B5
:1014B000F2F704F901F0C2F935494246EA20000189
:1014C00006AB9C466044F8F73DF8EA231B0106AAE8
:1014D000944663441B689946414B63444A461A60EC
:1014E000404B6344404A624423CA23C3EF2676013B
:1014F00066442B493000F2F706FA2AAD0C273A0071
:101500003100280007F068FA4B46179318AB354AAC
:1015100006A98C46624443CA43C32A0043CA43C354
:101520004B462B932CAE3A0018A9300007F054FA22
:101530002FAB1BAA83CA83C32C4F06AB9C466744C0
:1015400019493800F5F78EFA0EAB9C461A000BCFFE
:101550000BC24A46209221AA83CE83C23100C1C960
:10156000C1C2634643CB43C202221EA92800F8F73A
:101570000CF849A92800FAF763F921E70B4A802102
:10158000230089004AA808F01BFB112483E7C0460A
:10159000042A0020841D0000740E0000741D000049
:1015A000BCCD0210681D0000B0CD02104CDE021050
:1015B000C41D0000C81D0000940E0000B81D0000EE
:1015C00090CD0210141E0000181E0000B40E000082
:1015D000081E0000FC1D0000D4E0021084D302109D
:1015E000EC1D0000F01D0000A40E0000D41D000042
:1015F00006235246534342AA90469844CA4942465B
:10160000EC20000106AB9C466044F7F79BFFEC23FF
:101610001B0106AA944663441F68C44B63441F60C1
:10162000C34B6344C34A624443CA43C3C24E664485
:10163000C2493000F0F72DF81EAB9C461A000BCEC5
:101640000BC22B972CAABA4906AB99464944C1C98B
:10165000C1C2634643CB43C22AA8F8F7D2F9B849BE
:10166000052216F033FD002800D0D9E0002D04D06B
:10167000499B002B01D0042B7DD9AB494246EE207B
:10168000000106AB9C466044F7F75CFFEE231B01AC
:1016900006AA944663441B689946F4235B0163449D
:1016A0004A461A60A74B6344A74A624423CA23C32D
:1016B000A64E6644A2493000F2F725F92AAD28006B
:1016C0000ECE0EC006904A46179218AB9D4A06A948
:1016D0008C46624443CA43C32A0043CA43C34A46B2
:1016E0001F9220AF0C22934618A9380007F074F916
:1016F00023AB1BAA43CA43C3954A06AB9C4662442C
:10170000904694491000F1F7AFFC0EAE5A464146A0
:10171000300007F061F94A462C92069B07CF07C3B9
:1017200030AB3A0023CA23C307CE07C32AA8F8F771
:10173000FBFB894A8021019053460133009323002B
:1017400089004AA808F03CFA4AA9844B0A0031CB28
:1017500031C211CB11C2824808F096FC049B002BC9
:1017600001D101F06BF80123059A13214AA8F1F782
:10177000A5FF01F063F86C494246ED2000014844A2
:10178000F7F7E0FEED231B014B441B689B46754BAE
:101790004B445A461A60744B4B44744A4A4423CA19
:1017A00023C3734E4E4466493000F2F7ACF82AADBD
:1017B00028000ECE0EC006905A46179218AB6A4A01
:1017C0004A4443CA43C32A0043CA43C35A461F92EA
:1017D00020AF0C2218A9380007F0FEF823AB1BAA93
:1017E00043CA43C3F22252014A4491465949100068
:1017F000F1F73AFC0EAE0C224946300007F0ECF847
:101800005A462C92069B07CF07C330AB3A0023CA37
:1018100023C307CE07C349A92AA8F9F7EFFF2CE78E
:10182000544A8021230089004AA808F0C9F98BE7AF
:1018300023000B3B492B01D900F0DFFF9B004E4AF0
:10184000D3589F46002D00D1E6E04C490722CAA894
:1018500016F03CFC002800D1A6E049490722CAA89E
:1018600016F034FC002800D15FE146490722CAA8DF
:1018700016F02CFC002800D18DE143490822CAA8AB
:1018800016F024FC002800D1BCE140490822CAA877
:1018900016F01CFC002800D1EAE13D490622CAA846
:1018A00016F014FC002800D11AE23A490822CAA80E
:1018B00016F00CFC002800D096E20523734338AAEA
:1018C000D2181949F520000106AB9C466044F7F791
:1018D00039FEF5231B0106AA944663441F682E4B6C
:1018E00063441F602D4B63442D4A624423CA23C3C3
:1018F0002C4B6344984611491800EFF7CAFE1EAD01
:101900000C224146280007F067F82B972CAB234A9E
:1019100006A98C46624483CA83C307CD07C31D4909
:101920002AA8F9F7CFFE77E0042A0020301E000035
:10193000341E0000C40E0000241E00007CC30210F0
:101940007CCD0210841E0000E40E0000741E000016
:10195000681E000000CE0210F0E0021044DD02100C
:1019600084D30210581E00005C1E0000D40E00003C
:101970004C1E00004CDE0210541A031044C9021021
:101980005CC9021054C902106CC9021078C9021057
:1019900084C902108CC90210441F0000481F0000B7
:1019A000540F0000381F0000B3009B1938AAD2184A
:1019B000E649EF20000106AB9C466044F7F7C2FD04
:1019C000EF231B0106AA944663441F68E04B63445F
:1019D0001F60F5235B016344DE4A624423CA23C3CC
:1019E000DD4B63449846DD491800EFF752FE1EAD0B
:1019F0000C224146280006F0EFFF2B972CABF52276
:101A0000520106A98C46624483CA83C307CD07C32B
:101A1000D3492AA8F9F72FFEB3009B1938AFFF1856
:101A2000CA493A00F720000106AB9C466044F7F72C
:101A300089FDF7231B0106AA944663441E68C94B1F
:101A400063441E60FC235B016344C74A624423CAAB
:101A500023C3C64B63449946C0491800EFF719FEEB
:101A60001EAD0C224946280006F0B6FF2B962CAB83
:101A7000FC22520106A98C46624443CA43C307CDE7
:101A800007C32AA8F7F7F8FF002800D0E3E1AF4921
:101A90003A00F920000106AB9C466044F7F752FD7E
:101AA000F9231B0106AA944663441F68B04B6344A4
:101AB0001F60B04B6344B04A624423CA23C3AF4E95
:101AC0006644A6493000EFF7E4FD1EAD0C2231005C
:101AD000280006F081FF2B972CABA64A06A98C465E
:101AE000624483CA83C307CD07C32AA8F7F789FFD7
:101AF000A34A80214AAD0190069B009323008900F0
:101B0000280008F05DF884B29E48290008F0BCFA6D
:101B1000049B002B01D100F091FE0123059A2100C6
:101B20002800F1F7CBFD00F089FE0523734338AAA6
:101B3000D2188649F020000106AB9C466044F7F7B6
:101B400001FDF0231B0106AA944663441F688E4BD7
:101B500063441F608D4B63448D4A624423CA23C390
:101B60008C4D65447D492800EFF793FD1EAB9C46E4
:101B70001A000BCD0BC22B972CAA844906AB9846B2
:101B80004144A1C9A1C2634623CB23C282492AA8EA
:101B9000F9F771FD40E70523734338AAD2186B4962
:101BA000F120000106AB9C466044F7F7CBFCF12323
:101BB0001B0106AA944663441F68784B63441F6068
:101BC000774B6344774A624423CA23C3764B63440A
:101BD000984662491800EFF75CFD1EAD0C224146A5
:101BE000280006F0F9FE2B972CAB6D4A06A98C460F
:101BF000624483CA83C307CD07C36C492AA8F9F797
:101C00003AFD09E70523734338AAD2184F49F22059
:101C1000000106AB9C466044F7F794FCF2231B01DD
:101C200006AA944663441F68614B63441F60614B7E
:101C30006344614A624423CA23C3604D65444749F3
:101C40002800EFF726FD1EAB9C461A000BCD0BC2F9
:101C50002B972CAA574906AB98464144A1C9A1C26B
:101C6000634623CB23C256492AA8F9F72BFDD3E6B6
:101C70000523734338AAD2183449F320000106AB78
:101C80009C466044F7F75EFCF3231B0106AA9446CA
:101C900063441F684B4B63441F604B4B63444B4A88
:101CA000624423CA23C3F8235B01634498462B494B
:101CB0001800EFF7EEFC1EAD0C224146280006F09E
:101CC0008BFE2B972CAB404A06A98C46624483CAF4
:101CD00083C307CD07C33E492AA8F9F7F3FC9BE667
:101CE0000523734338AAD2181849F420000106AB23
:101CF0009C466044F7F726FCF4231B0106AA944691
:101D000063441F68334B63441F60334B6344334A5F
:101D1000624423CA23C3324D654410492800EFF7BB
:101D2000B8FC1EAB9C461A000BCD0BC22B972CAAFD
:101D3000294906AB98464144A1C9A1C2634623CBB9
:101D400023C228492AA8F9F7E4FC65E6042A002002
:101D50009C1E0000F40E0000901E00007CC30210C8
:101D600044C902107C1F0000740F0000701F0000A7
:101D7000B41F0000B81F0000940F0000A81F00004F
:101D80001CE1021084D30210B81E0000BC1E00002B
:101D9000040F0000AC1E00005CC90210D41E00003D
:101DA000D81E0000140F0000C81E000054C9021005
:101DB000F01E0000F41E0000240F0000E41E0000CE
:101DC0006CC902100C1F0000101F0000340F00002F
:101DD00078C90210281F00002C1F0000440F0000CB
:101DE0001C1F000084C902100523734338AAD218AF
:101DF000D749F620000106AB9C466044F7F7A2FBEA
:101E0000F6231B0106AA944663441F68FB235B016B
:101E100063441F60CF4B6344CF4A624423CA23C349
:101E2000CE4D6544CE492800EFF733FC1EAB9C46EF
:101E30001A000BCD0BC22B972CAAC64906AB9846AD
:101E40004144A1C9A1C2634623CB23C2C5492AA8E4
:101E5000F9F75FFCE0E5BE493A00F820000106AB67
:101E60009C466044F7F76EFBF8231B0106AA9446D4
:101E700063441E68BC4B63441E60BC4B6344BC4A55
:101E8000624423CA23C3BB4D6544B5492800EFF71C
:101E900000FC1EAB9C461A000BCD0BC22B962CAA45
:101EA000B24906AB9846414461C961C2634623CB3F
:101EB00023C2AC492AA8F9F72CFCE8E5B3009B192A
:101EC00038AFFF18A2493A00FA20000106AB9C4641
:101ED0006044F7F737FBFA231B0106AA94466344D4
:101EE0001B689946A44B63444A461A60A34B63445B
:101EF000A34A624443CA43C3A24B634498469849E9
:101F00001800EFF7C6FB1EAB9C461A00414649C9B4
:101F100049C24B462B932CAA984906AB984641449C
:101F200049C949C2634643CB43C22AA8F7F769FDB2
:101F30009549072216F0CAF8002800D08EE0002D3F
:101F400004D0499B002B01D0042B4AD980493A0088
:101F5000FD20000106AB9C466044F7F7F3FAFD2331
:101F60001B0106AA944663441F68884B63441F60A4
:101F7000874B6344874A624423CA23C3864D654422
:101F800086492800F1F7BFFC1EAB1A0043CD43C2BF
:101F90002B972CAA7E4906A884466144A1C9A1C2F8
:101FA00023CB23C22AA8F7F748FD7D4A8021019060
:101FB000069B0093230089004AA807F001FE84B223
:101FC00078484AA908F060F8049B002B01D100F082
:101FD00035FC0123059A21004AA8F1F76FFB00F0B8
:101FE0002DFC5B4D3A002900FB2000014044F7F72F
:101FF000A9FA6D49FB2000014044F7F7DBFC3A00E9
:102000002900FC2000014044F7F79CFAFC231B0147
:1020100043441E68654B43441E60654B4344654A18
:10202000424423CA23C3FF235B01434499465B49CF
:102030001800F1F768FC1EAD0C224946280006F096
:10204000CBFC2B962CAB5A4A424443CA43C307CD20
:1020500007C349A92AA8F9F772FB77E73C493A0078
:10206000FE20000106AB9C466044F7F76BFAFE23A6
:102070001B0106AA944663441B6899464E4B634471
:102080004A461A604D4B63444D4A624443CA43C3B7
:102090004C4B63449A4632491800EFF7FAFA2AABE0
:1020A00098460C225146180006F096FC4B460F93BA
:1020B00010AB424A06A98C46624443CA43C3464613
:1020C00007CE07C30EA8F7F79CFC3F49072215F07F
:1020D000FDFF002800D087E0002D00D040E11C4922
:1020E0003A003A4806AB9C466044F7F72BFA374B68
:1020F00006AA944663441F68354B63441F60354B02
:102100006344354A624423CA23C3344D6544344989
:102110002800F1F7F8FB1EAB1A0043CD43C22B9702
:102120002CAA2C4906A884466144A1C9A1C223CB8C
:1021300023C22AA8F7F781FC2A4A80210190069B36
:102140000093230089004AA807F03AFD84B237E7DC
:10215000042A0020641F0000640F0000541F0000C8
:102160007CC3021014E10210981F00009C1F0000A5
:10217000840F00008C1F0000D01F0000D41F00003F
:10218000A40F0000C41F000044C902100820000072
:102190000C200000D40F0000FC1F0000F8C6021045
:1021A00030E1021084D3021064C90210EC1F000059
:1021B000F01F0000C40F00002420000028200000B1
:1021C000E40F0000182000005CC90210501000004D
:1021D000B0200000B420000054100000A420000033
:1021E00060E1021068E10210D5493A00FF200001C9
:1021F00006AB9C466044F7F7A5F9FF231B0106AA2E
:10220000944663441B68994681239B0163444A4674
:102210001A60CC4B6344CC4A624443CA43C3CB4BA1
:1022200063449846CA491800EFF733FA2AAB9C4634
:102230001A00414649C949C24B46179318AAC149D9
:1022400006AB9846414449C949C2634643CB43C2A1
:1022500016A8F7F7D6FBBF49082215F037FF00286C
:1022600000D139E7B6493A00802040014044F7F7F1
:1022700069F980235B0143441B689946B64B43448C
:102280004A461A60B54B4344B54A424443CA43C325
:10229000B44B43449A46AE491800EFF7FAF92AAB1B
:1022A00098460C225146180006F096FB4B461F93A9
:1022B00020ABAA4A06A98C46624443CA43C3464699
:1022C00007CE07C31EA8F7F79CFBA749072215F006
:1022D000FDFE002800D1FFE699493A00A34806AB6D
:1022E0009C466044F7F72EF9A04B06AA9446634437
:1022F0001B6899469E4B63444A461A609D4B634453
:102300009D4A624443CA43C39C4B634498469049E8
:102310001800EFF7BEF90BAB9C461A00414649C9BD
:1023200049C24B462B932CAA924906AB984641448E
:1023300049C949C2634643CB43C22AA8F7F761FBA8
:102340008F49062215F0C2FE002800D1C4E68D4A4E
:102350008021230089004AA807F032FC10242FE6D0
:10236000499B002B00D1BAE6042B00D9B7E6744D87
:102370003A0029008120400106AB9C466044F7F7F3
:10238000E1F881498120400106AB9C466044F7F7A3
:1023900011FB3A0029007D4806AB9C466044F7F7E4
:1023A000D1F87B49794806AB9C466044F7F702FBBD
:1023B0003A0029008220400106AB9C466044F7F7B2
:1023C000C1F882235B0106AA944663441E68714BE0
:1023D00063441E60704B6344704A624423CA23C343
:1023E0006F4B634499466F491800EFF752F91EADE1
:1023F0000C224946280006F0EFFA2B962CAB664AD1
:1024000006A98C46624443CA43C307CD07C349A902
:102410002AA8F9F794F962E6B3009B1938AFFF18C0
:1024200047493A008320400106AB9C466044F7F7D9
:1024300089F883235B0106AA944663441B68994686
:10244000594B63444A461A60584B6344584A6244A5
:1024500043CA43C383239B0163449A463C49180003
:10246000EFF717F91EAB98460C225146180006F0FC
:10247000B3FA4B462B932CAB4C4A06A98C466244CC
:1024800043CA43C3464607CE07C32AA8F7F7B9FA9B
:102490004849072215F01AFE002800D0DCE0002D84
:1024A00005D0499B002B02D0042B00D892E0244990
:1024B0003A00414806AB9C466044F7F743F83E4B70
:1024C00006AA944663441F683C4B63441F603C4B20
:1024D00063443C4A624423CA23C33B4E66442C49AE
:1024E0003000F1F710FA1EAD0C223100280006F082
:1024F00073FA2B972CAB324A06A98C46624483CAE6
:1025000083C307CD07C32AA8F7F797FA2F4A80217C
:102510000190069B0093230089004AA807F050FB16
:1025200084B22B484AA907F0AFFD049B002B00D1D1
:1025300084E10123059A21004AA8F1F7BFF87DE163
:10254000042A002044200000F40F00003420000082
:102550007CC302106CC902105C20000060200000E7
:10256000041000005020000078C902101010000074
:10257000782000007C200000141000006C20000077
:1025800084C902104CE10210F8C60210301000009D
:102590004CC9021094200000982000004410000054
:1025A0008820000064C90210CC200000D020000068
:1025B0006410000044C902109010000004210000C3
:1025C0000821000094100000F820000080E10210B3
:1025D00084D30210A14D3A002900A14806AB9C46C5
:1025E0006044F6F7AFFF9F499D4806AB9C466044A8
:1025F000F7F7E0F93A0029008420400106AB9C4639
:102600006044F6F79FFF84235B0106AA9446634467
:102610001E68954B63441E60944B6344944A624425
:1026200023CA23C3934D654493492800F1F76BF9FE
:10263000C44642460BCD0BC22B962CAA8B4906AB47
:102640009846414461C961C2634623CB23C249A96C
:102650002AA8F9F774F82AE7884A8021230089001C
:102660004AA807F0ADFA10245BE7B3009B1938AA1B
:1026700090469844794942468520400106AB9C46E5
:102680006044F6F75FFF85235B0106AA9446634426
:102690001B6899467A4B63444A461A60794B6344F7
:1026A000794A624483CA83C3784F674478493800C3
:1026B000EEF7EFFF1EAB1A0043CF43C24A462B9200
:1026C0002CAA704906A884466144C1C9C1C283CB03
:1026D00083C22AA8F7F795F96E49072215F0F6FC90
:1026E000002800D080E0002D02D0499B082B47D95C
:1026F0005A4942468620400106AB9C466044F6F7A4
:1027000021FF86235B0106AA944663441F68624B3F
:1027100063441F60614B6344614A624423CA23C31C
:10272000604D654460492800EEF7D4FF1EAB1A00E7
:1027300043CD43C22B972CAA584906A8844661442E
:10274000A1C9A1C223CB23C22AA8F7F776F9574A19
:1027500080210190069B0093230089004AA807F07E
:102760002FFA84B252484AA907F08EFC049B002B32
:1027700064D00123059A21004AA8F0F79FFF5DE08D
:10278000364942464B4806AB9C466044F6F7DAFEB3
:10279000484B06AA944663441F68474B63441F6036
:1027A00085239B016344454A624423CA23C3444BA7
:1027B000634499463C491800EEF78CFF1EAD0C228D
:1027C0004946280006F008F92B972CAB8522920188
:1027D00006A98C46624483CA83C307CD07C349A9AF
:1027E0002AA8F8F7ACFF83E7244A80212300890058
:1027F0004AA807F0E5F91024B4E74AA9314B0A00CA
:1028000031CB31C211CB11C2294807F03DFC049BEA
:10281000002B13D00123059A13214AA8F0F74EFF8D
:102820000CE04AA9274B0A0031CB31C211CB11C2AF
:102830001F4807F029FC049B002B07D1224B9D4425
:10284000F0BCBB46B246A946A046F0BD0123059A9E
:1028500013214AA8F0F732FFF0E7C046042A00200F
:102860007010000064C90210E8200000EC20000095
:1028700084100000DC2000004CC902104CE1021062
:102880002021000024210000A410000014210000D9
:102890007CC3021044C90210582100005C210000D2
:1028A000C41000004C21000054C902109CE1021029
:1028B00084D30210B01000003C210000B4100000CE
:1028C0003021000044DD021084210000F0B5D6461E
:1028D0004F464646C0B5CA4CA5448022D2000021CE
:1028E00042A806F073F80023994698460026002770
:1028F000002528E200200CF0E7FB04000E21002058
:102900000CF0F2FBBF4B1A78BF4B1101891849003C
:102910005B18DB78303BDBB2092B12D8BA4BC818F6
:102920000230BA4B9A5C0121F9F748F921000020E6
:102930000CF0DAFBB34A1378013307210B40137014
:1029400008E2100180184000AF4BC0180230AF4BB6
:102950009A5C0121F7F774FEE8E7002D00D01CE136
:102960000023994698460026012701251AE0002DEC
:1029700000D015E100239946013398460026002730
:1029800001250FE0002D0DD1012399460023984623
:1029900000260027013505E00023994698460126C8
:1029A00000270125082C46D07F2C44D0002E57D17B
:1029B000002F01D0052D59D04346002B07D0012D03
:1029C00005D90D2C00D110E10A2C00D10DE1002E0B
:1029D00007D0012D05D90D2C00D14CE10A2C00D1D6
:1029E00049E14B46002B00D1BFE0012D00D8BCE0EF
:1029F0000D2C02D00A2C00D0B7E042AB197802AA05
:102A000011705B785370452B00D15CE1032D00D928
:102A100061E1022102AC2000F0F7B4FE8022D20076
:102A2000002142A805F0D2FFFF220021200005F07E
:102A3000CDFF002599E0002DB8D06B1E42AA0021E1
:102A4000D1549BB2013BD154023DADB2082007F0F6
:102A5000DDFA202007F0DAFA082007F0D7FAA7E716
:102A60006B1E42AAD05C07F0D1FAA1E701AB0022AD
:102A70001A7042AB5B78402B0BD9602B04D9573BC3
:102A8000DCB22401E4B208E0373BDCB22401E4B25A
:102A900003E0303BDCB22401E4B201AB1C7042AB7A
:102AA0009B78402B07D9602B02D9573BDBB204E05F
:102AB000373BDBB201E0303BDBB2E418E4B201AB00
:102AC0001C7000225A7042ABDB78402B0BD9602B74
:102AD00004D9573BDDB22D01EDB208E0373BDDB242
:102AE0002D01EDB203E0303BDDB22D01EDB201ABC3
:102AF0005D7042AB1B79402B07D9602B02D9573B45
:102B0000DBB204E0373BDBB201E0303BDBB2ED1877
:102B1000EDB201AB5D7004F0E7F83D4A002304F02C
:102B2000C1FD1000190005F0B5F80022394B04F082
:102B3000C8FF02000B00384807F0A6FA37482A0001
:102B4000210007F0A1FA364B19788C4201D0FF2CF6
:102B500047D10198F2F788FCFF2C3ED08022D200AA
:102B6000002142A805F032FF0025642007F024FA76
:102B7000C4B22300083BDBB2772B00D9E0E080230E
:102B8000DB009D4200D3DBE042AB5C55002D01D061
:102B90000135ADB23A2C00D1DFE67E2C00D1E6E65D
:102BA0002300413BDBB2192B04D92300613BDBB28C
:102BB000192B02D8002D00D1EEE62A2C00D1E1E637
:102BC000002D00D0EEE60D2C02D00A2C00D0E9E654
:102BD00000210020F6F7DCF8E4E60198F0F70AFDA2
:102BE000BCE70198F0F706FDB8E742AB5B78402BF5
:102BF0001DD9602B16D9573BDAB21201D2B21AE0B6
:102C0000F8FAFFFFCE9A0220EC280020FC290020D1
:102C100040420F0000408F4028A80210B8E1021087
:102C2000CF9A0220373BDAB21201D2B203E0303B36
:102C3000DAB21201D2B242AB9B78402B07D9602B9B
:102C400002D9573BDBB204E0373BDBB201E0303B5B
:102C5000DBB2D218D2B2033DA9B200230C20FF3060
:102C60006844F0F72BFD8022D200002142A805F035
:102C7000ADFE002579E700200CF026FA04000E21B5
:102C800000200CF031FA0A2007F0C0F942AB5B7863
:102C9000303BDBB2092B10D80022002142A8F8F704
:102CA0008DFF210000200CF01FFA8022D2000021AD
:102CB00042A805F08BFE002557E70022002142A81C
:102CC000F7F7BEFCEDE742AA917802AB9970D27893
:102CD000DA7004219EE642AB9A7802AB9A70032226
:102CE000032111E0303BDBB21B0102AC635418E05E
:102CF000481C824602A8445CA4466344303B4354CB
:102D00005346D9B20232D2B21000AA4200DB81E6A9
:102D100042AB9B5C402BE5D9373BDBB21B0102ACDD
:102D20006354013042AB1B5C402BE1D9481C844604
:102D300002AC605C1B18373B63546346D9B2E1E7D1
:102D400064200CF05DFC064B1A78064B1B789A4207
:102D500000D0CFE5002007F02FF9C4B209E7C04644
:102D6000CD9A0220CE9A022070B584B006000D00E4
:102D7000141E18D0110002A8EEF7C8F9029B002B10
:102D80001DD068460093019400222900F8F7B9FE8F
:102D9000051E0ED023000299039A3000EDF7DCFFE8
:102DA000280004B070BD074B074A08483D2106F0D3
:102DB00085FF0299039A2000EEF78BF8F0E70025D3
:102DC000EEE7C046CCE10210E4E102108CE2021012
:102DD00010B5030000685A68002802D0FFF7C4FF4E
:102DE00010BD0020FCE710B58AB0040000910192EC
:102DF0000368002B1FD0F6F74FFB694604A8F6F7CF
:102E000047FA0023079307AB012252429A80049BA2
:102E1000002B0DD0069A02A902934A602000FFF70A
:102E2000D7FF002805D004A88168EDF7AFFFEEE7D3
:102E300001200AB010BD0020FBE710B588B0029059
:102E400003910092019300280ED000980199F6F7A3
:102E500005FB019A06AB069007920299039A1800A7
:102E6000FFF7C1FF08B010BD0590002205A9684614
:102E7000F6F700FCF6E710B582B00400026843687C
:102E80000092019308684968FFF7D7FF6368002B39
:102E900005D01B79002B04D1012002B010BD002009
:102EA000FBE70020F9E730B585B00568426802AB62
:102EB0000291039208221900684605F08DFD002258
:102EC00069462800FFF7D7FF05B030BD70B586B062
:102ED00005000C00F4F7B9F9AB6804A904904B6045
:102EE0006B4605CC05C31C000822180005F074FDD4
:102EF000009A019B02986168F8F7E8FDAB68002B27
:102F000005D01B79002B04D1012006B070BD002034
:102F1000FBE70020F9E770B598B005000091019239
:102F20000368002B32D0002932D0F6F7BEFA69468A
:102F300002A8F6F7CDF90023059305AB0122524212
:102F40009A8002E002A8F6F710FA029B002B1AD032
:102F5000049B08AC0299039A2000F6F7D9F913AA4A
:102F6000130043CC43C30DAE29003000F6F727FB16
:102F700016A90B0005CC05C300223000FFF7A6FF01
:102F80000028DFD100E0012018B070BD0020FBE771
:102F90000020F9E730B58BB00290039100920193C5
:102FA000002802D00379002B08D1002305930022CA
:102FB00005A96846F6F75EFB0BB030BD06AC694666
:102FC0002000F6F75DFA08AD02A92800F6F799FA95
:102FD0000899099A2000FFF79EFFEDE710B584B02D
:102FE00004000868496800900191226863680292B1
:102FF0000393FFF7CFFF6368002B05D01B79002BED
:1030000004D1012004B010BD0020FBE70020F9E747
:1030100030B585B00568426802AB02910392082280
:103020001900684605F0D8FC002269462800FFF721
:10303000D5FF05B030BD0000F8B505000027C6B2C9
:1030400028E03000F1F760FB002805D0274AFF2375
:103050002B400121D15427E03000F1F733FB002849
:1030600005D0224AFF232B400021D1541CE01F4AE7
:10307000FF232B400421D15416E01D4B1878002368
:1030800000224721F0F7E6F9184B1F5DFA20800077
:103090000CF0B6FA3000F1F759FB0028D1D0134AF2
:1030A000FF232B400221D154FF242C400F4B1B5DEA
:1030B000BB42EBD0F2F7BAF90C4B1B5D012B04D0ED
:1030C000022B0AD0002BDFD1D7E7094B1878002359
:1030D00000225221F0F7BEF9D6E7054B18780023FD
:1030E00000224121F0F7B6F9CEE7C046D02F0020EC
:1030F000E19A02200B4B1B5C022B0AD005D8002B57
:1031000009D0012B09D1412004E0032B07D14C2029
:1031100000E0522070474720FCE74F20FAE74F209D
:10312000F8E7C046D02F002070B5002600240BE041
:10313000012513E0164B1B78002B03D0012D01D97C
:103140000136B6B20134E4B2F1F722FBA0421CD939
:103150002000F1F7B7FA0028EAD100252000F1F7A6
:10316000D3FA002801D00135EDB22000F1F7EEFAD4
:10317000002801D00135EDB2064B1B78002BD9D0C9
:10318000002DD7D10136B6B2D4E7300070BDC046AD
:10319000E09A0220DF9A022010B592B003AC384AC0
:1031A00038492000F3F72AFC0223079307A92000DF
:1031B000F3F7D4FF002814D0334B01221A70334B9D
:1031C0001A700DAC324A2F492000EEF78FFA6323B4
:1031D000119311A92000F0F731FD2E4B1870002338
:1031E0001FE008AC264A27492000F3F707FC01231B
:1031F0000C930CA92000F3F7B1FF002806D0224B56
:1032000001221A70214B00221A70DAE71E4B0022AD
:103210001A701E4B1A70D4E71F4A0421D15401338F
:10322000DBB2032BF8D9002423E0C8221B491C4839
:10323000002301930C331B1B0093230052000BF05F
:10324000A4FE03F051FD174A002304F02BFA1000EE
:10325000190004F01FFD0022134B04F032FC0200A1
:103260000B00124806F010FF01341148210006F04F
:103270000BFFF1F78DFAA042D7D812B010BDC046AF
:1032800064CD0210042A0020DF9A0220E09A022076
:10329000B4E30210E19A0220D02F0020BCE3021018
:1032A0003930011040420F0000408F4028A8021022
:1032B000C8E302100020704700207047704770B5C7
:1032C00004000D00002A02D003689B689847641927
:1032D000607B70BDF0B5D6464F464646C0B584B05B
:1032E00081460F00924698460CAB1E780D9C002537
:1032F00003F0FAFC0019694100290EDB02900391EA
:10330000009643465246390048460AF06DF804B02C
:10331000E0BCBA46B146A846F0BD01204042014992
:10332000ECE7C046FFFFFF7F30B585B005000F23F7
:103330006B4419700024042C13DC2979A868FA2343
:103340005B0001930023009301330F226A44FFF7CF
:10335000C1FF01280DD00520002103F0CDFC013470
:10336000E9E700240520002103F0C6FC200005B099
:1033700030BD0124F6E70000F0B5D6464F4646467C
:10338000C0B584B081460F00924698460CAB1E78BB
:103390000D9C002503F0A8FC0019694100290EDBF3
:1033A00002900391009643465246390048460AF07F
:1033B0003AF804B0E0BCBA46B146A846F0BD0120D8
:1033C00040420149ECE7C046FFFFFF7F70B582B085
:1033D00004000026042E13DC621D2179A068FA2364
:1033E0005B000193002300930133FFF7C5FF050045
:1033F000012805D00520002103F07EFC0136E9E715
:10340000012D0DD0002311E06179114101230B4002
:1034100059424B41A1184B730132072AF4DD07E0F2
:103420000022FAE7E218002151730133072BF9DD7E
:103430000520002103F060FC02B070BD034B036067
:10344000034B0360816002717047C046001C03108B
:10345000141C0310F0B5D6464F464646C0B584B09E
:1034600081460F00924698460CAB1E780D9C0025B5
:1034700003F03AFC0019694100290EDB0290039128
:103480000096434652463900484609F0ADFF04B065
:10349000E0BCBA46B146A846F0BD01204042014911
:1034A000ECE7C046FFFFFF7FF0B5D6464F464646E5
:1034B000C0B584B081460F00924698460CAB1E788A
:1034C0000D9C002503F010FC0019694100290EDB5A
:1034D000029003910096434652463900484609F04F
:1034E000A2FF04B0E0BCBA46B146A846F0BD012038
:1034F00040420149ECE7C046FFFFFF7F01600271D7
:103500008360002304E0C218002111740133DBB290
:103510000F2BF8D970470000F0B585B005000C00FE
:10352000161C0F2927D88768111C381C05F054F881
:10353000002800D1371C183403AE3470381C05F055
:10354000E7F800220D4B04F0BCFA00220C4B04F00B
:10355000D6FA04F087FB707029792868FA239B005B
:1035600001930023009302333200FFF773FF0A2018
:10357000002103F0C1FB05B0F0BDC04600B04C40D7
:1035800000E06F40F0B5CE46474680B585B00500F7
:103590000C0016000F293ED889088B1C9846471846
:1035A0003B7B9C4603222240520003239340DB4393
:1035B0005BB2604603403B73F72E31D90127974039
:1035C0006A183B43137303AF43463B7069180B7B88
:1035D0007B7029792868FA235B00994601930023C0
:1035E0009846009302333A00FFF734FF0A20002187
:1035F00003F082FB08343C707E70297928684B46C2
:1036000001934346009302333A00FFF723FF0A2059
:10361000002103F071FB05B0C0BCB946B046F0BD57
:10362000082ED0D9022797406A183B431373CAE784
:103630004018007C704700B585B003AA01231370C1
:1036400088335370017900686C33FF330193002392
:1036500000930233FFF7FEFE013002D0012005B0D7
:1036600000BD0020FBE700B585B003AA012313705D
:103670000F33537001790068E533FF330193002362
:1036800000930233FFF7E6FE0A20002103F034FB2B
:1036900005B000BDF0B5CE46474680B585B0040004
:1036A000FFF7E1FF0120002103F026FB03AD01231A
:1036B0002B7021792068FA267600019600932A0063
:1036C000FFF7C8FE2179206801960023009301339B
:1036D0002A00FFF7E9FE0A20002103F00DFB2B78FA
:1036E0000022AA56002A08DB00265B0607D4300019
:1036F00005B0C0BCB946B046F0BD0126F5E70027CD
:103700000025032F24DC3B00463303AA90461370A8
:1037100021792068FA235B0099460193F43BFF3B33
:103720000093FFF797FE217920684B460193002311
:10373000009301334246FFF7B7FE43461B78FA0079
:1037400093401D430A20002103F0D6FA0137D8E741
:10375000002304E0E21802211174012601330F2B2B
:10376000C5DC5A002900D1400A0003210A40012A81
:10377000F0D0022A15D0D917032007000F40FF18F8
:10378000BF10FF223A40A218177B890F5A18024037
:10379000521A520017413842E0D0E2180021117449
:1037A000DCE7E218012111740126D7E710B5040007
:1037B000FFF770FF002800D110BD00230F2B05DCA0
:1037C000E218127C012AF7D00133F7E70020F3E773
:1037D00010B50400FFF75EFF002800D110BD0023E4
:1037E0000F2B05DCE218127C022AF7D00133F7E731
:1037F0000020F3E7F0B585B00500002406E00022C4
:1038000021002800FFF7BEFE0134E4B20F2CF6D9E8
:1038100003AC0026267029792868FA277F000197D3
:10382000012300932200FFF715FE297928680197EC
:10383000009601230D226A44FFF736FE0520002181
:1038400003F05AFA637810221343637029792868C9
:103850000197009602232200FFF7FCFD05200021BE
:1038600003F04AFA05B0F0BDF0B585B0040003AD31
:1038700000262E7001790068FA277F000197012346
:1038800000932A00FFF7E6FD217920680197009652
:1038900001230D226A44FFF707FE0520002103F0F3
:1038A0002BFA6B78102293436B7021792068019773
:1038B000009602232A00FFF7CDFDFA2040000021E8
:1038C00003F01AFA05B0F0BDF0B5D6464F464646AD
:1038D000C0B584B080468A4617001E000CAB1B782A
:1038E000994603F001FA04000D00FA229200002329
:1038F0005046002104F0FAFD02000B0012196B4142
:10390000002B0CDB4946029101960097404602F0DD
:10391000FBFF04B0E0BCBA46B146A846F0BD0122A8
:103920005242014BEEE7C046FFFFFF7FF0B583B088
:1039300004000D0016001F0002F07EFF0097330008
:103940002A002100FFF7C0FF03B0F0BD10B502ACA4
:103950002478416002724372C47200238372FF2292
:1039600003494254034942540370437010BDC0469A
:103970001504000016040000C1727047014BC05CC2
:1039800040B27047120400000173704710B5040084
:103990008323DB00C058002803D0012149420AF0EC
:1039A00011FF0120002103F0A7F9227A012393409F
:1039B000D022120693610120002103F09DF910BD71
:1039C00010B504000120002103F096F9227A0123AA
:1039D0009340D022120693610120002103F08CF95C
:1039E00010BD10B504000120002103F085F9227AF2
:1039F00001239340D022120653610120002103F0DD
:103A00007BF98323DB00E058002804D00023002248
:103A100000210AF031FC10BD70B586B0060005AC7F
:103A2000812323707A3B6370FFF7B0FF7068022236
:103A3000210016F03DF93000FFF7D3FFC0232370BB
:103A4000403B63703000FFF7A1FF70680222210045
:103A500016F02EF93000FFF7C4FF0623B3722F4B88
:103A60000022F25403F040F9009001910024002557
:103A70000AE0012003F076F903F036F9009B019C7F
:103A8000C01AA14104000D00B37A062B0ED1FA2210
:103A9000920000232000290003F0ECFD204BF25A95
:103AA00000238B42E5DC01D18242E2D8B37A062BB7
:103AB0001ED003F019F90290039100200021B37A7F
:103AC000022B20D0FA229200002303F0D3FD144BE6
:103AD000F25A93009B1800228A4210DD012003F065
:103AE00041F903F001F9029B039CC01AA141E6E7EA
:103AF0000C4822002B0006F0C7FA01200CE08A4295
:103B000001D18342EAD8B37A022B02D0034B0022C0
:103B1000F254024BF05CC0B206B070BD1404000059
:103B20001C040000ECE3021030B583B0040001ADCA
:103B3000A0232B700B0A6B70A970FFF727FF60683A
:103B40000322290016F0B4F82000FFF74AFF03B063
:103B500030BD0000F0B5C64600B582B004000D1CB3
:103B60003149281C04F046FD002855D02F49281C57
:103B700004F038FD002801D100204EE0281C04F09C
:103B8000C7FD00222A4B03F0BAFF0022294B03F0A5
:103B900098FF04F067F8070CFFB2030ADBB29846FF
:103BA000C6B201AD86232B706F704346AB70EE70CA
:103BB0002000FFF7EBFE60680422290016F078F879
:103BC0002000FFF70EFF0A2003F0CCF86D46062315
:103BD0002B702000FFF7DAFE60680122694616F0BC
:103BE00067F8606803236A460132002116F020F866
:103BF0002000FFF7F6FE6978B94205D1AB7843455E
:103C000002D1EB78B3420CD06B469A78DB780A4845
:103C100006F03AFA002000E0002002B080BCB8466E
:103C2000F0BD0120F9E7C04600806144000068440F
:103C300080842E4180844E400CE4021070B582B026
:103C400005000C00142903D8012902D8022402E03F
:103C50001424112C25D801AECD233370C93B7370C9
:103C60002800FFF793FE68680222310016F020F862
:103C70002800FFF7B6FE01AE89233370023CE4B2A0
:103C80000A3BFF3B234373702800FFF77FFE686801
:103C90000222310016F00CF82800FFF7A2FE02B055
:103CA00070BD01AECD233370C63B73702800FFF7A3
:103CB0006DFE68680222310015F0FAFF2800FFF758
:103CC00090FE033CE4B2D6E770B582B0040006294A
:103CD00004D007292CD02DD8022600E0042601ADFF
:103CE0001D232B702000FFF751FE60680122290080
:103CF00015F0DEFF606801236A460532332115F0B6
:103D000097FF2000FFF76DFE9D232B706B780E222E
:103D1000934333436B702000FFF738FE6068022244
:103D2000290015F0C5FF2000FFF75BFE02B070BD53
:103D30000626D4E70826D2E730B583B0040001ADEB
:103D400081232B70803B6B70FFF720FE606802229E
:103D5000290015F0ADFF2000FFF743FE0223A372F8
:103D600003B030BD30B583B0040001AD81232B70AA
:103D70007C3B6B70FFF70AFE60680222290015F099
:103D800097FF2000FFF72DFEC0232B7000236B70E0
:103D90002000FFF7FBFD60680222290015F088FF74
:103DA0002000FFF71EFE0423A37203B030BD000005
:103DB00010B50400837A042B02D0837A032B09D137
:103DC0008223DB00E05C084BE35CC01A431E984191
:103DD000C0B210BDFFF7B0FF0A2002F0C3FF200001
:103DE000FFF7C0FFECE7C04611040000F0B583B058
:103DF00004000F0015000193FFF7DAFF002850D0F0
:103E0000002F46D0002D44D02A782C4BE35CE318D9
:103E10002B498C4663441B78043B9A4239DB274B81
:103E2000E35CE31863441B78033B9A4206DB234BB5
:103E3000E35CE31863441B78043B2B701F4EA35DC7
:103E40001902C91A103161182A780431380004F0B7
:103E5000C3FDA25D13029B1AE3185B7C019A1370E9
:103E6000A25D13029B1AE3181B7C089A1370A35DD2
:103E70001802C01A10302018FF22002104F0A6FDFD
:103E8000A35DDBB2022B0ED8A35D0133DBB20B4A7C
:103E9000A3542000FFF78CFF002802D12378002BC9
:103EA00003D003B0F0BD0023F1E70649013322003F
:103EB0003C30FFF73BFD01232370F2E711040000C3
:103EC0000C0400000D46011030B583B0040001ADB4
:103ED00081232B707B3B6B70FFF758FD60680222DB
:103EE000290015F0E5FE2000FFF77BFDC0232B70B5
:103EF00000236B702000FFF749FD60680222290053
:103F000015F0D6FE2000FFF76CFD0523A37203B069
:103F100030BD70B582B0040001AD81232B70032643
:103F20006E70FFF733FD60680222290015F0C0FEB5
:103F30002000FFF756FDC0232B70803B6B702000E4
:103F4000FFF724FD60680222290015F0B1FE200071
:103F5000FFF747FDA67202B070BD000030B583B018
:103F6000040001AD81232B70013B6B70FFF70EFD48
:103F700060680222290015F09BFE2000FFF731FD4A
:103F80000A2002F0EFFE01232B702000FFF7FEFC59
:103F900060680122290015F08BFE606801236A46E3
:103FA0000532DD2115F044FE2000FFF71AFD697887
:103FB000802903D10123A37203B030BD014806F06C
:103FC00063F8F7E748E4021030B583B0040001ADB0
:103FD0000A4B1B782B70FFF7D9FC6068012229007F
:103FE00015F066FE606801232A00112115F020FEFD
:103FF0002000FFF7F6FC287803B030BD20FB02104C
:1040000070B582B004000D0001AE1E233370FFF7BF
:10401000BDFC60680122310015F04AFE6068012392
:104020006A460532002115F003FE2000FFF7D9FC97
:10403000002D13D0737804210B43737001AD9E23C0
:104040002B702000FFF7A2FC60680222290015F007
:104050002FFE2000FFF7C5FC02B070BD01AA537807
:1040600004218B435370E9E770B582B0040015005A
:104070007F230B4001AE337066237370FFF786FC1D
:1040800060680122310015F013FE606801236A4662
:104090000132662115F0CCFD2000FFF7A2FC6B4633
:1040A0005B782B7002B070BD10B582B001AC2200FD
:1040B0000121FFF7D9FF2178024805F0E5FF02B0A2
:1040C00010BDC04664E4021010B5040001200021B8
:1040D00002F012FE227A01239340D022120653618D
:1040E0000120002102F008FE10BD0000F0B5CE4610
:1040F000474680B58DB004000BAD1D232B70FFF734
:1041000045FC60680122290015F0D2FD2D236B4487
:104110009846606801234246EE2115F089FD200093
:10412000FFF75FFC6E78330999461E232B70200041
:10413000FFF72CFC60680122290015F0B9FD6068CA
:1041400001234246012115F073FD2000FFF749FCD1
:10415000687803099C4601A9354B0A00C1CBC1C24E
:10416000C1CBC1C2C1CBC1C21B6813604B469E000C
:1041700073589946022360465840C0B203F036FD9A
:1041800000222C4B03F0BBFC06000F00484604F055
:10419000BFFA02000B003000390003F092FC03F07C
:1041A000B1FD061C26232B702000FFF7EFFB606893
:1041B0000122290015F07CFD60680123424602219E
:1041C00015F036FD2000FFF70CFC6F7808233A004D
:1041D0009A4390468321C905301C04F013FA002845
:1041E00014D0A6232B7008233B436B702000FFF7ED
:1041F000CDFB60680222290015F05AFD2000FFF770
:10420000F0FB0DB0C0BCB946B046F0BD0BADA62367
:104210002B7043466B702000FFF7B8FB60680222EA
:10422000290015F045FD2000FFF7DBFBE9E7C0465C
:10423000201C031000408F4070B582B004002D4B4D
:10424000994219DD2C4B994243DD2C4B994242DDBA
:104250002B4B994241DD2B4B994240DD2A4B994231
:104260003FDD2A4B99423EDD294B99423DDD294BEA
:1042700099423CDC802600E0002601AD1D232B7016
:104280002000FFF783FB60680122290015F010FD74
:10429000606801236A460532442115F0C9FC2000FC
:1042A000FFF79FFB9D232B706A788E3B13403343AF
:1042B0006B702000FFF76AFB60680222290015F08E
:1042C000F7FC2000FFF78DFB2000FFF70FFF02B087
:1042D00070BD1026D1E72026CFE73026CDE7402657
:1042E000CBE75026C9E76026C7E77026C5E79026CA
:1042F000C3E7C046781E0000A0280000F03C000084
:1043000040510000127A0000E4A2000024F40000F2
:1043100048E8010090D0030070B582B004000D00A1
:1043200006290CD9072937D0082937D0092937D0D1
:104330000A2937D00B2937D002D9C02500E06025E3
:1043400001AE1E2333702000FFF720FB60680122BE
:10435000310015F0ADFC606801236A460532222168
:1043600015F066FC2000FFF73CFB9E23337072784B
:104370008F3B13401D4375702000FFF707FB6068FB
:104380000222310015F094FC2000FFF72AFB2000E8
:10439000FFF7ACFE02B070BD7025D1E78025CFE7F6
:1043A0009025CDE7A025CBE7B025C9E770B582B051
:1043B000040000238222D2008354524A8354524A7A
:1043C0008354524A8354524BFA225200C252043B45
:1043D000C1500126067340684E4909F0B3F8607A6F
:1043E00001F078FB207A01F075FB637A32009A4085
:1043F000D0231B069A62227A310091405962200034
:10440000FFF7EFFA01AD81232B70013B6B702000A9
:10441000FFF7BCFA60680222290015F049FC200071
:10442000FFF7DFFA0A2002F09DFC2E702000FFF754
:10443000ADFA60680122290015F03AFC606801239A
:104440006A460532DD2115F0F3FB2000FFF7C9FABB
:104450006978802905D0304805F016FE002002B0AA
:1044600070BD01AD8E232B7000236B70AB702000EC
:10447000FFF78CFA60680322290015F019FC200070
:10448000FFF7AFFA8C232B706C3B6B702000FFF7AB
:104490007DFA60680222290015F00AFC2000FFF76F
:1044A000A0FA92232B706D336B702000FFF76EFA29
:1044B00060680222290015F0FBFB2000FFF791FA4B
:1044C0007D212000FFF7B8FE05212000FFF7FCFB4F
:1044D00007212000FFF720FF08212000FFF724FB21
:1044E0000E492000FFF736FB0D212000FFF7A6FB49
:1044F00001212000FFF784FD2000FFF71DFC0120B3
:10450000ADE7C046110400001204000013040000CF
:104510001C04000020A1070048E4021000C064440D
:10452000F0B5C64600B50400114B9846C154114F72
:10453000C255C05CC0B201F0CDFA4346E35C012530
:104540002A009A40D026360672624346E35C2A006F
:104550009A407261E05DC0B201F0BCFAE35D2A00EE
:104560009A407262E35D9D40756180BCB846F0BDC3
:104570001504000016040000064BC35CDBB2FF2BE1
:1045800006D0044BC25C01239340D02212069361F3
:104590007047C04616040000064BC35CDBB2FF2B1D
:1045A00006D0044BC25C01239340D02212069361D3
:1045B0007047C04615040000064BC35CDBB2FF2BFE
:1045C00006D0044BC25C01239340D02212065361F3
:1045D0007047C0461604000010B50C000800FFF735
:1045E000EBFF002363700020002110BD064BC35C6D
:1045F000DBB2FF2B06D0044BC25C01239340D022D8
:10460000120653617047C0461504000010B50C0037
:104610000800FFF7EBFF002323700020002110BDEE
:1046200010B582B001AC22000121FFF71DFD2078FA
:1046300002B010BD014BC1527047C0461C040000BF
:1046400010B5002A0BD10020C04380B210BDCC5C55
:10465000201880B20133DBB29342F8D3F4E7002391
:104660000020F9E7F0B5C64600B582B0040000238B
:1046700000938323DB00C058002803D06A46002142
:104680000AF064F901AD12232B702000FFF798F9AE
:1046900060680122290015F00BFB6B465E1D606807
:1046A00001233200772115F0C3FA2000FFF70CFD3B
:1046B0006F781C232B702000FFF782F960680122BD
:1046C000290015F0F5FA606801233200882115F001
:1046D000AFFA2000FFF7F8FC6E782A0001212000D5
:1046E000FFF7C2FCA37A042B30D0A37A042B3DD071
:1046F000A37A052B3AD0A37A032B00D172E1A37AD7
:10470000062B00D181E101AD92232B706D336B70CC
:104710002000FFF755F960680222290015F0C8FA59
:104720002000FFF7D1FC8323DB00E058002809D0EC
:10473000694609F01DFF009B002B03D0BC4B802273
:1047400052051A6002B080BCB846F0BD5B333A0037
:104750009A4301D17606C8D48223DB00E35CE318D8
:10476000B44A9446634400221A70CCE77B06C2D553
:104770002000FFF711FF01AD13232B702000FFF77E
:104780001FF960680122290015F092FA6B465F1D3F
:10479000606801233A00992115F04AFA2000FFF7DA
:1047A00093FC6A788226F600A35DE318A1498C4643
:1047B00063441A7010232B702000FFF701F9606822
:1047C0000122290015F074FA606801233A00AA2139
:1047D00015F02EFA2000FFF777FC8D232B702000B8
:1047E000FFF7EEF860680222290015F061FA200058
:1047F000FFF76AFC00232B70A35DE3188D4A9446F3
:1048000063441F78FFB22000FFF7DAF860680122E6
:10481000290015F04DFA002513E0606801236A466F
:104820000532002115F004FA01AB59788223DB0030
:10483000E25C13029B1AE3185B1919740135EDB29F
:1048400037007E1EF6B2002FE7D12000FFF73CFCB8
:1048500001AD19232B702000FFF7B2F86068012228
:10486000290015F025FA05236B449846606801235A
:104870004246BB2115F0DCF92000FFF725FC6B78E0
:104880009B086D4EA3551A232B702000FFF798F854
:1048900060680122290015F00BFA60680123424686
:1048A000CC2115F0C5F92000FFF70EFC0122AA5615
:1048B000624BE254A35D5BB2002B75DB5F4D605D24
:1048C00040B200010F2102F087FE40B260555B4A02
:1048D000A35C63335BB2A3548223DB00E35CE31885
:1048E000544A944663441B78DBB2032B42D904320A
:1048F000A15C0B025B1AE3181B7CDBB26373A15C47
:104900000B025B1AE3185B7CDBB2A373A35C190296
:10491000C91A14316118A35CE31863441A78043A85
:10492000D2B22000FFF78CFE627BE37A9A4243D03A
:10493000637BDBB2FF2B3FD08221C900625C130294
:104940009B1AE3189A7C615C0B025B1AE318DB7C10
:104950001B02D318002B41D18223DB00E35CDBB2C6
:10496000022B04D88223DB00E75C0137FFB28223ED
:10497000DB00E75401AD90232B7000236B70200007
:10498000FFF71EF860680222290015F091F9200057
:10499000FFF79AFBA37A052B00D0B4E6033BA37282
:1049A000274B0022E254AEE6A25D52B22349635C7B
:1049B0009B185BB263548AE78222D200A15C0B028F
:1049C0005B1AE3189B7CA15C0A02521AA218D27CE3
:1049D00012029B189BB28342AED1BDE72000FFF7C5
:1049E00005FEC7E73B0700D489E66378002B03D0B8
:1049F0002000FFF7B7F986E61249013322001420A0
:104A0000FEF794FF01236370F2E77B0700D47AE698
:104A1000FF07FF0F0A4BE754E35C002B03D0200095
:104A2000FFF752FA6FE62000FFF786F96BE6C04603
:104A300004ED00E00C040000130400001204000068
:104A400014040000D9450110F0B5D646474680B59C
:104A500087B00600039192461F001A005146FFF7E7
:104A6000EFFD804602F040F904000D003000FFF732
:104A700083FDB37A022B2DD0B37A042B2AD0B37ADC
:104A8000052B27D002F030F9001BA941FA22920031
:104A9000002302F0EFFD554BF35A9B0000228A429F
:104AA000E7DC01D18342E4D8B17AC9B2504805F0BD
:104AB000EBFA7378002B04D03000FFF73DF90020AB
:104AC0008EE04C49013332001420FEF72FFF012302
:104AD0007370F1E73000FFF72FF902F005F900904D
:104AE0000191009C019D3000FEF796FF00283AD00E
:104AF00002F0FAF8001BA941FA229200002302F00A
:104B0000B9FD3A4BF25A93009B1800228A4209DD04
:104B100011F066FD642102F05FFD481CC11702F030
:104B2000EBF8E0E78A4201D18342F1D83000FFF789
:104B3000BBFA012002F016F92F4805F075FA300093
:104B4000FFF70CFA7378002B04D03000FFF7F4F86D
:104B5000002045E02749013332001420FEF7E6FE2D
:104B600001237370F1E704AC8D232370002363707D
:104B70003000FEF70BFF70680222210015F098F854
:104B80003000FEF72EFF80232370039B6370F37ABF
:104B9000A3704346E3701B0A23713000FEF7F6FE54
:104BA00070680522210015F083F870683A005146BC
:104BB00015F07EF83000FEF714FFA22323703B1D92
:104BC00063703000FEF7E2FE70680222210015F0EB
:104BD0006FF83000FEF705FF3000FFF79AF901206B
:104BE00007B0C0BCBA46B046F0BDC0461C040000C9
:104BF00078E40210D945011090E4021001207047BA
:104C000001207047002070470020704770477047B0
:104C1000007A704710B50400081C054903F08DFCAC
:104C20006061217A23681B682000984710BDC04648
:104C300000007F4310B50400081C054903F07DFC0B
:104C40006061217A23685B682000984710BDC046E8
:104C500000007F4370B5040001218069494209F0DA
:104C6000B1FD6068FEF716FD237A022B23D00BD826
:104C7000002B13D0012B05D16068A17AFEF7D8FC78
:104C8000050010E000250EE0032B05D16068217BB4
:104C9000FEF7CEFC050006E0002504E06068617ABE
:104CA000FEF7C6FC0500A06900230022002109F0E0
:104CB000E3FA280070BD6068E17AFEF7B9FC0500F0
:104CC000F1E70000F8B5040006A8067807A8057803
:104CD00008A80078094F2760094F27606160637258
:104CE000A672E5722073A261002A01D02000F8BDEF
:104CF000012009F093FBA061F8E7C046501C0310A7
:104D0000701C0310042901D0401842737047000042
:104D1000F8B504000F1C161C1D1C04230372FF228F
:104D20000021FFF7EFFFFF2201212000FFF7EAFF3C
:104D3000FF2202212000FFF7E5FFFF2203212000D0
:104D4000FFF7E0FF23681B691B49200098470121FA
:104D5000A069494209F036FD6068617A3A1CFEF7A5
:104D6000DBFB6068A17A321CFEF7D6FB6068E17A53
:104D70002A1CFEF7D1FB6068217B069AFEF7CCFB6C
:104D80006068617A0022FEF7FDFB6068A17A00226C
:104D9000FEF7F8FB6068E17A0022FEF7F3FB60683B
:104DA000217B0022FEF7EEFBA069002300220021F8
:104DB00009F062FAF8BDC04600007F43F8B5DE4650
:104DC00057464E464546E0B506000D001400431810
:104DD000587B7369984603F01FFC414603F0C3FB00
:104DE00003F06EFCC7B23319587B03F015FC414643
:104DF00003F0B9FB03F064FCC3B29846022D1ED049
:104E000009D8002D0FD0012D02D1B37A99460CE0BC
:104E1000FF23994609E0032D02D1337B994604E034
:104E2000FF23994601E0737A9946022C1ED00CD8D4
:104E3000002C12D0012C05D1B37A9A460FE0F37AF8
:104E40009946F2E7FF239A4609E0032C02D1337B0F
:104E50009A4604E0FF239A4601E0737A9A460121BC
:104E6000B069494209F0AEFC002520E0F37A9A4689
:104E7000F5E7280078433221494202F0ADFBC4B285
:104E8000E419E4B240466843322102F0A5FBC3B204
:104E90009B46706822004946FEF774FB70685A46CC
:104EA0005146FEF76FFB012001F05CFF0135322D0A
:104EB000DFDDB06900230022002109F0DDF9F0BC3C
:104EC000BB46B246A946A046F8BD70B504000D0029
:104ED0004318587B666903F09FFB311C03F043FBCA
:104EE00003F0EEFBC6B2042D35D8217AA94208D1D1
:104EF000022D2ED014D8002D18D0012D0ED1A57A58
:104F000015E02A002000FFF759FF25722368DB68AF
:104F10002000984743425841C0B21DE0FF2506E0FB
:104F2000032D01D1257B02E0FF2500E0657A0121F8
:104F3000A069494209F046FC606832002900FEF78A
:104F400021FBA06900230022002109F095F901202E
:104F500002E0E57AEBE7012070BDF0B5DE4657468A
:104F60004E464546E0B583B006000D001400002310
:104F700001934318587B7369984603F04DFB4146F3
:104F800003F0F1FA03F09CFBC7B23319587B03F02E
:104F900043FB414603F0E7FA03F092FBC3B29846A5
:104FA000022D1ED009D8002D0FD0012D02D1B37AC9
:104FB00099460CE0FF23994609E0032D02D1337B8B
:104FC000994604E0FF23994601E0737A9946022C42
:104FD0001ED00CD8002C12D0012C05D1B37A9A46E1
:104FE0000FE0F37A9946F2E7FF239A4609E0032C93
:104FF00002D1337B9A4604E0FF239A4601E0737A9C
:105000009A46B06901AA002109F0A0FC002520E021
:10501000F37A9A46F5E7280078433221494202F0B4
:10502000DBFAC4B2E419E4B240466843322102F02C
:10503000D3FAC3B29B46706822004946FEF7A2FA33
:1050400070685A465146FEF79DFA012001F08AFE2B
:105050000135322DDFDDB06900230022002109F087
:105060000BF9019803B0F0BCBB46B246A946A04676
:10507000F0BD000070B582B004000D004318587BED
:10508000666903F0C9FA311C03F06DFA03F018FBEE
:10509000C6B200230193042D2BD8217AA94208D14E
:1050A000022D30D00ED8002D12D0012D08D1A57AB6
:1050B0000FE02A002000FFF750FF0190257218E052
:1050C000FF2506E0032D01D1257B02E0FF2500E04E
:1050D000657AA06901AA002109F038FC60683200F5
:1050E0002900FEF74FFAA06900230022002109F0F1
:1050F000C3F8019B002B03D0044B802252051A6099
:10510000012002B070BDE57AE3E7C04604ED00E09F
:10511000007A704710B50400081C054903F00DFA29
:10512000A061217A23681B682000984710BDC04603
:1051300000007F4310B50400081C054903F0FDF989
:10514000A061217A23685B682000984710BDC046A3
:1051500000007F43F8B504000D00032900D98FE05B
:105160004B005B18C318187BA66903F055FA311C75
:1051700003F0F9F903F0A4FAC6B2731EDBB2062BF2
:1051800000D808260121E069494209F01BFB60684C
:10519000617A3200FEF7F6F9E0690023002200216F
:1051A00009F06AF86B005B19E318587BA66903F0F5
:1051B00033FA311C03F0D7F903F082FAC6B2731E3A
:1051C000DBB2062B00D808260121E069494209F02C
:1051D000F9FA6068A17A3200FEF7D4F9E069002399
:1051E0000022002109F048F86B005B19E318987B56
:1051F000A66903F011FA311C03F0B5F903F060FA67
:10520000C6B2731EDBB2062B00D8082601277F42E8
:10521000E069390009F0D6FA6068E17A3200FEF7F9
:10522000B1F9E06900230022002109F025F8E069C6
:10523000390009F0C7FA6068FEF72CFA6068617AF5
:10524000FEF7F6F9002809D00026E06900230022C5
:10525000002109F011F825723000F8BD6068A17ACC
:10526000FEF7E6F9002801D00026EEE76068E17A53
:10527000FEF7DEF9002801D10126E6E70026E4E783
:105280000121C069494209F09DFA6068617A0022F3
:10529000FEF778F96068A17A0022FEF773F960687A
:1052A000E17A0022FEF76EF9E06900230022002176
:1052B00008F0E2FF042323720126CDE770B5040055
:1052C0000121C069494209F07DFA6068617AFEF700
:1052D000AFF90001302606406068A17AFEF7A8F910
:1052E00083000C20184006436068E17AFEF7A0F9BD
:1052F000032505403543E06900230022002108F022
:10530000BBFF280070BD000070B582B004000D0026
:1053100000230193032900D974E04B005B18C318E4
:10532000187BA66903F078F9311C03F01CF903F02F
:10533000C7F9C6B2731EDBB2062B00D80826E06997
:1053400001AA002109F002FB6068617A3200FEF7D1
:1053500019F96B005B19E318587BA66903F05CF937
:10536000311C03F000F903F0ABF9C2B2531EDBB2FB
:10537000062B00D808226068A17AFEF703F96B00BB
:105380005B19E318987BA66903F046F9311C03F01A
:10539000EAF803F095F9C2B2531EDBB2062B00D82F
:1053A00008226068E17AFEF7EDF86068FEF772F9AE
:1053B0006068617AFEF73CF9002811D00026E069A8
:1053C00000230022002108F057FF2572019B002BCB
:1053D00003D01B4B802252051A60300002B070BD12
:1053E0006068A17AFEF724F9002801D00026E6E7DC
:1053F0006068E17AFEF71CF9002801D10126DEE79A
:105400000026DCE7C06901AA002109F09FFA606864
:10541000617A0022FEF7B6F86068A17A0022FEF7F2
:10542000B1F86068E17A0022FEF7ACF8E069002389
:105430000022002108F020FF042323720126C5E783
:1054400004ED00E070B5040004A8057805A8007814
:10545000084E2660084E266061606372A572E07295
:10546000E261002A01D0200070BD012008F0D6FFC3
:10547000E061F8E7501C0310901C0310F8B504001D
:105480000F1C161C1D1C0423037200202073FB3309
:105490006373A073AA22E273553A22746074A374F2
:1054A000E07420759B3B6375193BA3750533E37569
:1054B00023681B691649200098470121E069494289
:1054C00009F080F96068617A3A1CFEF725F8606897
:1054D000A17A321CFEF720F86068E17A2A1CFEF7F8
:1054E0001BF86068617A0022FEF74CF86068A17AC8
:1054F0000022FEF747F86068E17A0022FEF742F8E2
:10550000E06900230022002108F0B6FEF8BDC04685
:1055100000007F4330B503AC2578042905D04C004A
:105520006118401802734373857330BD01207047C2
:1055300010B50400FFF7FAFFA04205D3AE208000AB
:105540006043024BC01810BD0020FCE7881100200A
:105550000120704710B50400FFF7E8FFA04205D313
:10556000200100198000024BC01810BD0020FCE78C
:1055700040140020F0B5D6464F464646C0B584B02C
:1055800081460F00924698460CAB1E780D9C002574
:1055900001F0AAFB0019694100290EDB029003917A
:1055A0000096434652463900484607F01DFF04B0B6
:1055B000E0BCBA46B146A846F0BD012040420149D0
:1055C000ECE7C046FFFFFF7FF0B5D6464F464646A4
:1055D000C0B584B081460F00924698460CAB1E7849
:1055E0000D9C002501F080FB0019694100290EDBAC
:1055F000029003910096434652463900484607F010
:1056000012FF04B0E0BCBA46B146A846F0BD012086
:1056100040420149ECE7C046FFFFFF7FF0B585B08F
:105620000F000023039352000B336B441A700025C4
:10563000042D22DCFA2676000196012300930B222A
:105640006A447C213800FFF795FFC4B2019600231D
:105650000093033303AA7C213800FFF7B5FF241819
:10566000E4B2042C05D00520002101F045FB0135F2
:10567000DEE70399074804F007FD0520002101F04B
:105680003BFB054B039A9A4202D0022005B0F0BDC5
:105690000120FBE79CE402100002580070B50400F2
:1056A0000D00002A02D003689B6898476419607B4C
:1056B00070BD0000F0B5D6464F464646C0B584B032
:1056C00081460F00924698460CAB1E780D9C002533
:1056D00001F00AFB0019694100290EDB02900391D9
:1056E0000096434652463900484607F07DFE04B016
:1056F000E0BCBA46B146A846F0BD0120404201498F
:10570000ECE7C046FFFFFF7F30B585B0050003AB77
:1057100000221A8003321A7059700024042C12DC03
:105720002979A868FA235B000193002300930233D0
:1057300003AAFFF7BFFF02280DD00520002101F0CA
:10574000DBFA0134EAE700240520002101F0D4FA55
:10575000200005B030BD0124F6E70000F0B5D646C4
:105760004F464646C0B584B081460F0092469846E3
:105770000CAB1E780D9C002501F0B6FA00196941AA
:1057800000290EDB029003910096434652463900F1
:10579000484607F048FE04B0E0BCBA46B146A84609
:1057A000F0BD012040420149ECE7C046FFFFFF7F0A
:1057B00070B582B00400002343710025042D12DC73
:1057C000621D2179A068FA235B000193F43BFF3B43
:1057D0000093FFF76FFF012805D00520002101F09D
:1057E0008BFA0135EAE700260125042E13DC621D41
:1057F0002179A068FA235B00019300230093013311
:10580000FFF7ACFF0500012805D00520002101F0BD
:1058100073FA0136E9E7012D0DD0002311E061791B
:10582000114101230B4059424B41A1184B730132E6
:10583000072AF4DD07E00022FAE7E218002151739D
:105840000133072BF9DD0520002101F055FA02B0E4
:1058500070BD0000034B0360034B03608160027165
:105860007047C046001C0310B01C031010B5830025
:10587000084A9A1814684022544080322240064C4C
:10588000A44663441A60C000044B9C4660444160D7
:1058900010BDC04604C0014004D00140004001409A
:1058A00080000C4B9C46604400290ED00823002A3F
:1058B0000DD004221343026853400C22134080226F
:1058C000520194466044036070470023EFE70022D2
:1058D000F0E7C04604C001408000064BC318090130
:1058E0001B68594030230B40034A944660440360D0
:1058F0007047C04604C0014004D0014070B50400A8
:10590000D0231B061D680D4BAA00D358002B0AD0CC
:10591000002803D0094BAD00EC5070BD08490D20A4
:1059200000F0BEFBF6E70028F7D0044BAD00E850CE
:10593000034900220D2000F0A7FAEEE7E43700202B
:105940000D5A0110072303409B00C00899403C30CA
:105950008000014BC150704700400140F8B507007E
:105960000D0016001C00FFF7EDFFFB089B00E4187C
:105970000720384080008540002E05D080239B0101
:105980009C4664442560F8BDC0239B019C4664444A
:105990002560F8E770B506000D00141E0BD1D0236A
:1059A0001B061B68002B11D0094B22002900300078
:1059B000FFF7D4FF70BD0D2000F01EFA0028EED1D5
:1059C000044B054A0548BD2104F078F9044BECE787
:1059D000304101401CE50210BC1C0310D4E402104D
:1059E0000041014070B505000E0014001800FFF7DB
:1059F00085FF220031002800FFF7CCFF002C00D1EA
:105A000070BD01210D2000F0DDF9F9E7F0B5D646B3
:105A10004F464646C0B5D0231B061F681F4BBA0031
:105A2000D3589846002F03D01D4B9946002626E0F8
:105A30001C4B9946FAE7EB40DB0714D524090135E6
:105A4000002C1BD033000833AB4217D90F231A00A8
:105A5000224092462342F1D0134BBA00D358202D56
:105A6000E9D40023E8E751462800FFF76BFF4346DF
:105A7000002BE3D051462800C047DFE708361D2E33
:105A800006D8F30808339B004A469C583500D7E7F0
:105A9000E0BCBA46B146A846F0BDC046E437002097
:105AA0003041014000410140503F0020002906D014
:105AB0008000064B9C466044402303607047800092
:105AC000034B9C46604440230360F7E704E0014039
:105AD00004F0014010B501238340D02212069362E6
:105AE00093610521FFF7C2FE10BD000010B58023B1
:105AF000DB05186803051B0D0B4A934207D10B4BBE
:105B0000034080229201934207D1000F10BD084B41
:105B1000084A0948222104F0D1F8084B054A0648F2
:105B2000232104F0CBF8C0462709000000F0FF0F46
:105B300048E50210D41C03106CE50210B4E5021015
:105B40000FB400B583B0084804F06EFA049B002B34
:105B500007D005A90191180004F076FA034804F073
:105B600063FA012004F060F8C8E502109404031001
:105B700010B50148FFF7E4FFD8E50210EFF31080FD
:105B800072B6034B1B68002BFBD0BFF35F8F7047CF
:105B90002C0100D0BFF35F8F024B00221A6080F30C
:105BA000108870472C0100D0F8B506000C001500D5
:105BB000FFF7E4FFE308F718F15C07222240012316
:105BC00093400B4205D1DBB20B433B70FFF7E2FF82
:105BD000F8BD21002800FFF7B3FFF0B583B0060041
:105BE000019114001F00FFF7C9FF00E00134BC421F
:105BF0000CD8E308F518F35C0721214001228A4004
:105C00001A42F3D1D2B21A432A7001E0012464424D
:105C1000FFF7C0FF002C02DB200003B0F0BD019BAA
:105C2000002BF9D00898FFF78BFF0000054A107889
:105C3000431CDBB21370172B02D9130010221A7009
:105C40007047C0468414002010B582B00100054C96
:105C5000054B00931F2318222000FFF7BEFF02B060
:105C600010BDC046FC370020E8E50210002307E025
:105C7000054A9A189200BFF35F8F0021116001332B
:105C80001F2BF5D97047C04640000034074B9B6876
:105C9000103080001950BFF35F8FBFF35F8F044B4C
:105CA0000021196082F310887047C04600ED00E0C3
:105CB000240100D00048704700E400E010B5FFF771
:105CC000F9FF002302E0034A04C00133072BFAD98D
:105CD00010BDC0468080808010B50388DA0A1C2A77
:105CE00005D15B055B1502335B00C01810BD034B8B
:105CF000034A16210348FF3103F0E0FF04E60210D7
:105D0000341D03101CE6021010B5091A0B1F0A4AB5
:105D100088180A4A904208D8C90706D45B105B0568
:105D20005B0D0748184380B210BD064B064A082198
:105D30000648FF3103F0C2FFFC070000FE0F000021
:105D400000E0FFFF64E60210281D03101CE60210AD
:105D500010B5091A04394A08090B08D14905490D3B
:105D6000064B0B430380064B1343438010BD054B8A
:105D7000054A10210548FF3103F0A0FF00F0FFFFA6
:105D800000F8FFFF94E60210041D03101CE6021049
:105D900001238340034A10681840431E9841C0B253
:105DA0007047C04600E100E0002A05D0044BC02245
:105DB0005200995019607047014A8023D150FAE788
:105DC00000E100E010B50A001F23034001219940C3
:105DD0004009FFF7E9FF10BD01238340014A13602A
:105DE0007047C04600E200E0024B9B681030800024
:105DF000C058704700ED00E010B5FFF7F5FF002830
:105E000006D0044B984201D0012010BD0020FCE7D1
:105E10000020FAE7CD01001010B5FFF7E5FF044BB5
:105E2000C31A00202F229A424041C0B210BDC04682
:105E30008814002070B504000D00EFF3108672B6D0
:105E40000C4B1B68002BFBD0BFF35F8F2000FFF7CC
:105E5000CBFF094B984201D0A84205D1320029005E
:105E60002000FFF713FF70BD044B054A0548E721EA
:105E700003F024FF240100D0CD010010A4E602109D
:105E80005C1D03101CE60210F0B5DE4657464E4678
:105E90004546E0B589B0814601911500EFF3108BBE
:105EA00072B66F4B1B68002BFBD0BFF35F8F6D4B3F
:105EB00000269E57002E40DB7400A419A4006A48F7
:105EC00024180622A256674B1A70684B9A684B46F4
:105ED00010339B00D35898461B1A2F2B3BD9644B89
:105EE000984531D105AF634B3B80634973009A46B7
:105EF000981980005C4B984640440230FFF704FF3D
:105F000078805E4BBB80FF23BB71FD71019B0793C3
:105F1000330053449B00434407CF07C301231C4372
:105F2000A0465A4641464846FFF7B0FE09B0F0BCCD
:105F3000BB46B246A946A046F0BD514B514A74211A
:105F40005148FF3103F0BAFE504B4E4ABD214E4836
:105F5000490003F0B3FE012342469A439246101AC9
:105F60000C2101F061FB00290FD153460027DA799B
:105F7000AA4212D90621595600290DDB4A005218AF
:105F8000920039491F008B18F1E7414B3D4A8C21A3
:105F90003D48FF3103F092FE1F00002F2ED005ABCD
:105FA0003C4A1A80813A5A800623FB560293002B02
:105FB00017DA394805AB9A469880029A9A71DD71D2
:105FC000019A0792381D2100FFF79EFEB880BE712E
:105FD000254B7200921992009B18524613CA13C3A4
:105FE0009FE7381DFFF778FE0100700080198000E0
:105FF0001D4BC0180430FFF787FEDBE705AF1D4BD4
:106000003B801D49730002939B199B00164A9046E2
:106010001A0042440392901CFFF776FE7880039AA0
:10602000101D5146FFF770FEB8801C4B524641468A
:10603000521A524153431B0DBB71FD71019A0792D5
:10604000029B9B199B00434407CF07C3114B524649
:106050001380813B538001231C43A04661E7C04667
:10606000240100D0E89A02208814002000ED00E00E
:10607000CD01001000A1FFFFB814002001BDFFFFFB
:10608000DCE60210441D03101CE6021004E70210B7
:106090002CE702100148000001BD0000AAAA000080
:1060A000F0B5CE46474680B583B006000D00EFF34D
:1060B000108872B64F4B1B68002BFBD0BFF35F8F6D
:1060C0004D4B9A6834001034A300D7584B4B9F4275
:1060D00007D0AF4200D18AE00197494BFB1A2F2B22
:1060E00009D9424639003000FFF7D0FD03B0C0BCEB
:1060F000B946B046F0BD3000FFF74AFE81460021A8
:106100003000FFF75FFEBFF35F8FEFF305810029DB
:1061100001D08C4211D10123019C9C430020A36833
:106120009D4212D00622A256002A0DDB53009B1876
:106130009B00334A2000D418F1E7324B324AFA214F
:106140003248FF3103F0BAFD20009D4249D10625B7
:106150006557002D2BDB2A4B6A00521992009B18C1
:106160009A68A260DA79E2719B795BB2A371002B25
:106170000FDA2748A080224B6A00521992009B1820
:10618000244A11789971157049463000FFF71AFEBC
:10619000A7E7680040198000194BC0180430FFF7CA
:1061A0009BFD0100231D1800FFF7AEFDE2E700296B
:1061B00012D100280ED0FF238371174B838015491D
:1061C0000B78A3710E4A154BA41A644163431B0D4F
:1061D0000B70D9E7094FF2E71149201DFFF7B8FD11
:1061E000D2E7104B084A09480F4903F067FD034FF7
:1061F00077E7C046240100D000ED00E0CD0100109B
:1062000088140020B0E70210141D03101CE60210D1
:1062100001BD0000E89A022001BDFFFFAAAA00000C
:10622000C2140020A8CB02103B02000070B505008C
:106230000C00FFF73FFDAB089B00C2181168032359
:106240002B40DB00FF20984081439C40214311609C
:1062500070BD0000F8B5012202432D4BD31A2F2B3D
:1062600028D8EFF30583002B2BD0EFF3108472B600
:10627000284909680029FBD0BFF35F8F244D2649C8
:106280000600761B76417143090D4DB2234989689A
:106290009B00C95891421AD00021032931D81C4BC8
:1062A0004A00521892009B189B795BB2AB421ED0F9
:1062B0000131F2E71A4B1B4A9D211B48890003F06C
:1062C000FDFC1A4B174A1848194903F0F7FC134A0A
:1062D00092681849D150184B1A7882711D70BFF31B
:1062E0005F8F0C4B00221A6084F31088F8BD084BB6
:1062F0004A005618B6009E19FF27B7710F4AB280A0
:10630000E9E70F4B074AA2210748890003F0D6FCB2
:1063100088140020240100D0AAAA000000ED00E0AB
:10632000E4E70210E81C03101CE602100CE802105F
:1063300077020000CD010010E89A022001BDFFFFA6
:1063400018E8021010B582B00100074C074B00930B
:10635000052300222000FFF740FC002801DB1F235B
:10636000181A02B010BDC046ED9A022020E80210B3
:1063700070B504000E001500FFF758FC0100200066
:1063800000F006F8A680E580BFF35F8F70BD0000C7
:10639000024B9C4661448900016070474000003414
:1063A00010B50400FFF742FC01002000FFF7F0FFEA
:1063B00001235B426360BFF35F8F10BD10B5040023
:1063C000FFF734FC01002000FFF7E2FF01235B42EE
:1063D000636000232372BFF35F8F10BD10B50D4CB7
:1063E00009E00D4B0D4A0E481A2103F067FC20000E
:1063F000FFF7D6FF08340B4B9C4209D22368002BD1
:10640000F5D0012BEDD12000FFF7D8FF0C34F2E7D7
:1064100010BDC046501C0020A8E80210A81D0310A3
:10642000C8E80210701C0020034B9C4661448900A0
:106430000160BFF35F8F70474000003410B5040067
:106440000120FFF701FC01002000FFF7EDFF10BD68
:1064500030B5846A151B0B1D9B001B581B1B9D42EE
:1064600004D3046A01238B40234202D10431890002
:106470000A5030BD0004084370470000F0B5DE4606
:1064800057464E464546E0B587B0EFF305830322F5
:106490001A409246AE4B9200D7583B78534507D1ED
:1064A0000123524693409946AA4B4A461A6025E179
:1064B000A94BAA4AAA48922103F000FC7A6973000A
:1064C0009B19DB009046984443469C68DD68A548CC
:1064D00000F0D8FB001BA941002900DA16E1002DCD
:1064E00074DB43461B699B469F4B9B454FD008235B
:1064F000F85E4346598889B2FFF7BCFF43465969A5
:10650000D847029003910299039A0B00100013439D
:106510005CD013000A00002847DAA41A9D410094B9
:1065200001954346009C019D9C60DD600021595E01
:10653000002900DAEAE078694B005B18DB00C31839
:106540009A68DB68A41A9D41002D00DADEE03981EB
:106550003D000835844604912A000597B346009E05
:10656000019F049B002B2ADB0023D45E63001B19D0
:10657000DB0063449C68DD6830003900001BA941E2
:1065800000291CDB1A000021595E0491E9E743460B
:106590005B699B461B6958469847002816D05B46A6
:1065A0001A685B6802920393ADE76E4800F06AFBDD
:1065B000029B039C1B184C4100930194B1E7049982
:1065C000059F5E464346198016809FE043460022A1
:1065D0009B5E3B813A69EFF3108372B61168002924
:1065E000FCD0BFF35F8F02217A5E41460A807E8035
:1065F0003A69BFF35F8F0021116083F3108885E053
:106600003969EFF3108372B60A68002AFCD0BFF331
:106610005F8FB88800B201225242BA803A69BFF354
:106620005F8F0021116083F310880500BC461CE0D9
:10663000049300229A5E002A0EDB049B0021595E1F
:106640004B005B18DB0063449868D96834003D0058
:10665000241A8D41002DEBDA04995D46009B9C467F
:1066600044460D800023E55E2280002D12DB634648
:1066700058696C006419E4000419A668E76861466B
:10668000083108229A5EAB46049163460093A04607
:106690008446D0E767463EE00023BB7139000831ED
:1066A0000823F85E0EE001246442E5179460D5608B
:1066B00008243B5F834204D00E8008243B5F138094
:1066C00038813000431C29D07C6943001B18DB0053
:1066D000E218E65E53881BB2002BE4DB1100F0E702
:1066E00022002B0051461F48FFF7B2FE1D4800F064
:1066F000C9FA241A8D41002D22DC1FD0194B4A46BD
:106700005A630823FE5E002E00DBD7E6BB881BB26F
:10671000002B00DB74E7BB79002BBDD10823FA5EA8
:10672000002A0DDB796953009B18DB00CB189C68AD
:10673000DD68631CD4D16B1CD8D0D1E7002CDDD030
:1067400040BF07B0F0BCBB46B246A946A046F0BD6C
:10675000A43C00203C70054060E90210D41D0310E9
:106760008CE90210004005407D64011070B5040002
:106770000D0011000126AE4006622800FFF75AFB0B
:1067800001212800FFF71EFB024B9C466444266053
:1067900070BDC04638200000F8B5CE46474680B5EB
:1067A0000600894690461F00C160FFF73FFA154B6F
:1067B0009C4660448000306143463370BBB27381B5
:1067C000D022120612787270012252423281B280B7
:1067D0009B187380002406E0621E736965002D1902
:1067E000ED005A530134BC42F6D3074B42469200A7
:1067F000D650064A41464846FFF7B8FFC0BCB946E6
:10680000B046F8BD40000034A43C00207D64011077
:1068100010B5084B1A68EFF3108172B61368002B9D
:10682000FCD0BFF35F8F034807F00EF90020002172
:1068300010BDC0466441002010B5064B1B69002BFB
:1068400001D0044810BD044B044A0548652103F0FB
:1068500035FAC046D0140020CCE90210BC1D03104C
:106860008CE90210F8B504000569EFF3108072B6E8
:1068700029680029FCD0BFF35F8F0221665E65693D
:1068800071008919C9006D18002E02DB0027E95F2D
:1068900061802169BFF35F8F00270F6080F310884C
:1068A000002E2CDB0699296107996961AA60EB60CB
:1068B0006B8801335B04590C002B00D101216980E6
:1068C0003000FFF7D7FD2169EFF3108372B60A6835
:1068D000002AFCD0BFF35F8FA2882A80A68022699D
:1068E000BFF35F8F0021116083F31088E368217884
:1068F00001228A4003498C4663441A60F8BD012096
:106900004042FBE73C20000070B582B00600140056
:106910001D0008AB1B78002B07D100F0E5F9220021
:106920002B00121A8B41002B0ADB079B0193069B5D
:10693000009322002B003000FFF794FF02B070BDDF
:106940000020FBE7F0B5C64600B584B005008846D8
:1069500016001F000AAB1C78FFF76EFF0294019728
:1069600000962A004346FFF7CFFF04B080BCB8462C
:10697000F0BD000030B504000A1443899A422EDAB3
:10698000406953009B18DB00C3182569EFF31082A0
:1069900072B628680028FCD0BFF35F8F588885B294
:1069A0000904090C884212D000202369BFF35F8FCD
:1069B0000021196082F31088002811D0E368217843
:1069C00001228A4007498C4663441A6008E0064960
:1069D000294389B259800123A3710120E5E70020F2
:1069E00030BDC0463C2000000080FFFF10B5040011
:1069F000FFF722FF2100FFF7BDFF10BD4078704771
:106A0000F0B583B006000F00EFF30583002B1AD119
:106A100096246442E517A4197D418D4202D803D122
:106A2000844201D90024002500F05EF922002B00E9
:106A3000121A8B41002B0BDC08D03000390000F01B
:106A400099F903B0F0BD1348FFF77AF8002AF4D0A3
:106A5000114A0023009320002900FFF773FF00284C
:106A60000DDAEAE70D4B1A68EFF3108172B613687E
:106A7000002BFCD0BFF35F8F084806F091FF084B56
:106A80005B6A9D42EED80649896AA142D5D29D42F1
:106A9000D3D1E7E7F0E9021011680110644100204A
:106AA0000040054070B504000D0000F01DF900190C
:106AB0006941002902DBFFF7A3FF70BD01204042BE
:106AC0000049F8E7FFFFFF7F10B5FA22920000238C
:106AD000002101F00BFDFFF7E5FF10BDF0B5CE463C
:106AE000474680B583B005000C00EFF30583002B0B
:106AF00015D03F4B5B6A8B4209D33D4A926A824272
:106B00000BD28B4201D0012002E0002000E00020E7
:106B100003B0C0BCB946B046F0BD0120F8E7FFF7AE
:106B20008BFEC3689946037898462E002700484696
:106B300000F0A8F802000B00B61A9F414346043348
:106B40009B004A469B581B1A0022BA420FDC0CD00D
:106B500020BF274B5B6A9C422DD8254A926AAA42E5
:106B60002BD29C4225D00120D2E7B342F0D9214A52
:106B70000023009328002100FFF7E4FE00281EDD1B
:106B80001B4B5B6A9C4205D8194A926AAA4202D200
:106B90009C4200D120BFFFF729FF154B5B6A9C4246
:106BA00021D8134A926AAA421FD29C4219D00120CE
:106BB000AEE70020ACE70020AAE70120A8E70C4BD5
:106BC0005B6A9C4209D80A4A926AAA4207D29C424E
:106BD00001D001209CE700209AE7002098E70120DF
:106BE00096E7002094E7002092E7012090E7C04656
:106BF0000040054011680110004870470040054002
:106C000010B50B4B1B69002B04D00A480A21FFF773
:106C1000BFFB10BDFFF7F0FF0400032100F028F8D0
:106C20000348102303222100FFF7B6FDEDE7C0461D
:106C3000D01400206441002001684268084B5B6A60
:106C40009A4209D80648806A884207D29A4201D0FF
:106C5000012002E0002000E0002070470120FCE756
:106C6000004005400260436000487047396C0110E5
:106C700010B5024A0248FEF797FF10BD40EA021025
:106C8000003800200200436A906A1900536A994252
:106C9000FAD17047416A00E0416A9942FCD300E0B2
:106CA000416A994202D1816A9142F9D37047F0B5A5
:106CB000C64600B5804614001D00FFF7E3FF06003E
:106CC0000F0022002B0092197B41994202D804D177
:106CD000904202D901225242D3174046FFF7DAFF11
:106CE00080BCB846F0BD000010B50248FFF7CAFFEF
:106CF00010BDC0460040054010B502000B00024820
:106D0000FFF7D5FF10BDC0460040054010B5002973
:106D100005DB826A836A9B1A8B42FBD310BD080095
:106D20000021FFF7E9FFF9E710B5040008000C4B5C
:106D3000994208D84901091A89000918C900200098
:106D4000FFF7E4FF10BDFA2292000023002101F0BA
:106D5000CDFB02000B002000FFF7A9FFF2E7C046C1
:106D60009BC4200010B501000148FFF7DDFF10BDF6
:106D70000040054010B502000B000248FFF78AFFF3
:106D800010BDC04600400540074B98420AD016236C
:106D900001229A40054B1A60054B1B68110099436C
:106DA000FAD170471723F3E70080034000F000405A
:106DB00008C0004070B5046BE30701D4200070BD2B
:106DC0000B4BC3180B4A1A60456A836AAD01ED1874
:106DD000AD02062000F016F9074900F025FC01007D
:106DE000280000F021FC0021FFF786FFE6E7C046FF
:106DF00030300000010300004E0E000070B50400AA
:106E00000E001500FFF7D6FFE36A5E403540024BE7
:106E1000E3181D60206370BD2C10000070B50500E4
:106E20000C00062000F0EEF8C000210000F0FCFB92
:106E30000130C60907D00E4B9E4215D840083400D9
:106E40003F26064000E001246C62AE620022002171
:106E50002800FFF7D3FF062000F0D4F88000A1013E
:106E6000891900F0E1FB70BD0026024CECE7C0463A
:106E7000FEFF0000FFFF0000002909D00A22064B98
:106E80009C46604443425841044B4000C252704704
:106E900080225200F3E7C0460080FCBF744100200E
:106EA00070B504000D00062000F0ACF800281ED0DC
:106EB000104B9C421CD01622012393400E4A1360B3
:106EC0002000FFF761FF00212000FFF7D5FF290018
:106ED0002000FFF7A3FFE26A70235A400E331340ED
:106EE000064AA2181360064B23630323A36470BDF4
:106EF0001722E1E70080034000E000402C10000072
:106F000001030000F8B5D646474680B506000D00DF
:106F10001700984644002418A400294B9C4664445A
:106F20006368089A934200D26260331FDBB29A46CC
:106F3000012B2ED980221201C0239B01E3181A6075
:106F4000204BB200D158002907D0586900F06CFBE3
:106F5000013043001B18033BFDD27F0123685F40D3
:106F6000E0233B4080225201A21813605346012BBC
:106F70001AD980239B01E318802212011A60089B12
:106F80006360104BB6004246F250C0BCBA46B046F1
:106F9000F8BD012DCED10322C0239B01E3181A6056
:106FA000A368DB07FCD5D8E72168694003230B40C1
:106FB0001360A3680122AA401A42FAD0D9E7C0465A
:106FC0000080004004380020F0B583B005000E00BA
:106FD00017001800089900F027FB0300089A140214
:106FE00000943A0031002800FFF78CFF03B0F0BD99
:106FF00010B582B0802464000094FFF783FF02B0D4
:1070000010BD0000014B8000C058704704380020BC
:1070100010B5084C2300012201210520FFF7E8FFED
:10702000054800F09DF82300002200210620FFF70C
:10703000DFFF10BD006CDC0200800240F0B5C646E8
:1070400000B504000E0017001D00374800F0ECFAF0
:107050008046364BFA18364B9A4239D80100380030
:1070600000F0E2FA0200103A98235B009A4235D809
:107070006B1E062B38D8069B013B062B34D83F09E4
:10708000474537D32D04069B1B031D432368002B64
:1070900036DB284B9C4244D00C2201239340264AE5
:1070A0001360264A1360264A1268190091430A1E8B
:1070B000F9D12660A060234BE31821321A602268C0
:1070C000002AFCDAE56008221A6080BCB846F0BDF0
:1070D0001D4B1E4A1E48112102F0F0FD1D4B1B4A9C
:1070E0001B48192102F0EAFD1B4B184A18481C21C5
:1070F00002F0E4FD194B154A1548232102F0DEFD8C
:1071000022683F231340B342C3D1A3681B051B0D64
:107110008342BED1E368EE22D2021340AB42B8D123
:10712000D3E70D22B9E7C046001BB70080E84BD378
:1071300080F8A93200C0024000E0004000F00040AA
:1071400008C000400430000064EA0210F81D03107B
:10715000B4EA0210FCEA021018EB021064EB021011
:107160002D23436070470000024B1A68024B5A609F
:107170007047C046703C00200080054010B5184B99
:107180008022D2051A60174B174A1A6000290AD0CC
:10719000164BE022D2041A60002809D1134B80223A
:1071A00012061A6010BD0E4BE022D2041A60F3E7FB
:1071B00043011B1A9B001A18D2000D490A601818C7
:1071C0000001086080235B04984201D3094A0A60E9
:1071D000FFF7CAFF054B8022D2051A60E2E7C046DE
:1071E00000B0054008200140FCFF010000A0054060
:1071F000703C0020FFFFFF0010B5034B034ADA612B
:10720000FFF7BCFF10BDC046008005402131B76AC2
:1072100010B5030010000C4A8024E4051460002B14
:107220000DD001221343094A094CD461094C5C403A
:107230001462516293620021FFF7A0FF10BD034B5F
:107240000022DA61F7E7C04600B005400080054043
:10725000D3C007B02D3FF84F024B9868431E9841AA
:10726000C0B270470080054080239B000B43014A59
:10727000D36270470080054010B5010018231B88B9
:1072800014221088984710BD10B5010018231B88E0
:1072900016221088984710BDF0B5C64600B5070005
:1072A0000E0000250123984600E00135B5420AD2C0
:1072B000AC003C192068FFF7DFFF20600028F4D104
:1072C00000239846F1E7404680BCB846F0BD000078
:1072D00070B504000D000648FFF7CEFF0300002C38
:1072E00003DB0120A040290098470020FBE7C046AF
:1072F00055420000D0231B061B68002B01D0002044
:1073000070470120FCE7000010B50400D0231B06E5
:107310001A680D4B9200D35883F31088FFF7EAFFE9
:10732000002801D0002010BDFA2292000023200086
:10733000002101F0DBF809F091FB002801D00020CA
:10734000F1E702204042EEE7683C002010B5FFF76D
:10735000D1FF00280AD0D0231B061A68EFF3108152
:1073600072B6054B9200D150002010BD034B044A69
:107370000448B32102F0A2FC683C0020A8CB021014
:10738000041E031080EB021010B50400D0231B066E
:107390001B68002B05D1002804D009F047FB200012
:1073A00000E0012010BD000000487047E8140020F4
:1073B000F8B504000D001700FFF7F6FF061E0AD00F
:1073C000436838009847002804D12800A047B368D4
:1073D00038009847F8BD04204042FBE7074BAA223B
:1073E00012011A608D225200DA60054B054A1A60BC
:1073F000024B5B68002BFBDA7047C046004002403E
:107400000060024000B0FA0010B5040001E008CCB2
:107410009847024B9C42FAD310BDC046AC1C0020DA
:107420007047000010B50248FFF7EEFF10BDC046E0
:10743000701C0020054B064A1A60064B064A1A606B
:10744000064B1A68044B9343FAD1704700E00040A2
:10745000BFCDFBFE00F00040FE7F3C0008C00040B6
:10746000044BDB6C002B03D1034B8022D2021A6049
:107470007047C046000011504C201150044B054A83
:107480001A60054B1B68DB43DB01FAD17047C0462D
:1074900000F00040FFFFFF0108C00040034B402206
:1074A0009A675A671A67DA667047C04600F001406B
:1074B00010B5FEF7DBFB10BD70B5044DA968044C98
:1074C000C022200001F088FAAC6070BD00ED00E041
:1074D0000000002070B50420FFF794FD064900F07D
:1074E000A3F805000024002C00DD70BDE0B22900E7
:1074F000FFF7BAFE0134F6E740420F0030B583B023
:10750000274B00229A67FFF769FF264B01221A607A
:10751000234B5B6C012BFBD1234B03221A60204BC6
:107520009B6B012BFBD10133009304331F4A0121D4
:107530001F48FFF783FD052300931E4A01211E48C3
:10754000FFF77CFD1D4B002202210420FFF750FDB8
:107550001B4D2B00002201210520FFF749FD194C8E
:107560002300002200210720FFF742FD2300002214
:1075700000210820FFF73CFD8023DB00009323005F
:10758000002200210920FFF71FFD2B00002200210F
:107590000620FFF72DFDFFF79DFF03B030BDC0466D
:1075A000008000403CB0004030B00040002F6859DF
:1075B00000800240008C864700C00240001BB700DC
:1075C00040597307006CDC0201480421014B184745
:1075D0000015002099720110124A936F9B0815D272
:1075E0009066D166002905D0FFE7FFE7FFE7516FFE
:1075F000106F704704B580210906C217514000285A
:1076000000D0C84312F034FB002104BDF0B5146E65
:10761000556E576F166FFFF7E3FF14665566576791
:107620001667F0BD000000D0114A936F9B0813D27B
:1076300010665166002905D0FFE7FFE7FFE7516FAD
:10764000106F704704B5002801D00020C04312F02D
:107650000FFB002104BDC046F0B5146E556E576F88
:10766000166FFFF7E5FF1466556657671667F0BD9E
:10767000000000D094464A4A926F9208624601D2B6
:1076800028E0C046F0B5464E346E756E776F366FA3
:1076900000F020F89446424A14665566576716670C
:1076A0006246F0BD94463E4A926F9208624601D20D
:1076B00054E0C046F0B53A4E346E756E776F366F53
:1076C00000F04CF89446364A1466556657671667BC
:1076D0006246F0BD002B24DB11D000293EDA00B554
:1076E000C943404200D1013100F038F8C94340425B
:1076F00000D10131DB43524200D1013300BD002AE9
:10770000EBD1002801D1002905D00020C90FC907FD
:1077100001D1C043410800B512F09AFA00220023BB
:1077200000BD00B500290ADBDB43524200D1013322
:1077300000F014F8C943404200D1013100BDC943F3
:10774000404200D10131DB43524200D1013300F00D
:1077500005F8DB43524200D1013300BD002923D19B
:10776000002B18D1002A0CD0BC460D4F38667A6623
:1077700000210023FFE7FFE7FFE77A6F386F6746D6
:107780007047002801D00748010000B512F060FAE8
:107790000022002300BD02000B00002000217047E2
:1077A000000000D0FFFFFFFF002B00D0BFE0130C54
:1077B00028D1002AE7D080B4114F39667A66FFE7F6
:1077C000FFE730B4040C7B6F396F1B0423433B6627
:1077D0007A66FFE7FFE7FFE7C04684B27B6F3D6F45
:1077E0001B0423433B667A66FFE7FFE7C04600239E
:1077F0002C042D0C7A6F386F00196941B0BC7047AA
:10780000000000D0F0B594460025140E01D11202FC
:107810000835140F01D112010435940F01D19200E3
:107820000235D40F01D152000135D40B0134254F5C
:107830007C66254C3C660E0C93B2FFE7FFE7FFE742
:107840003C6F6643360C7703BE467343DF0B5B0425
:10785000C01AB941130C7343DB18C91ACE0866432A
:10786000360CB64493B273431F0F1B01C01AB941C3
:10787000130C73431F0B1B05C01AB941860D8F02F1
:107880003E436643360C092D24DB520A7243801AAC
:107890007703460A6643360C16235B1BDE40DF4047
:1078A000BF1964466643821B7046043506330100E7
:1078B000D940A840C01900D30131A24206D200230A
:1078C000F0BD0000000000D0FFFFFFFF121B0130E1
:1078D000F3D3F1E709277F1BFE406446A2B272434F
:1078E000801A00D20139220C7243130C1204821A3E
:1078F00099410B007046043513370100F940A84048
:10790000801900D30131002B02D1A2420AD2F0BD6E
:10791000013000D30131121BFAD2013BF8D1A2424F
:1079200000D2F0BD013000D30131121BF7E7F0B5F2
:107930001C0C00D080E00CB400251C0A04D11B02F2
:10794000160E3343120208351C0B04D11B01160F0F
:107950003343120104359C0B04D19B00960F334333
:1079600092000235DC0B02D192185B4101351C00FC
:10797000971864410134464F7C66464C3C660E0CB9
:10798000FFE7FFE7FFE7C0463C6F6643360C77032F
:10799000BE4697B27743C01B00D20139C01B00D24C
:1079A00001399FB27743C91BC91B170C77437E046B
:1079B000FF0B801BB941CE086643360C0C2D33DB20
:1079C000B644120B1F053A431B0B97B27743C01BFB
:1079D00000D201399FB27743C91B170C77433E048D
:1079E0003F0C801BB941860D8F023E436643292719
:1079F0007F1BFE400C3D7746AF40BF1930BCA2B2A2
:107A0000ABB272437343801A9941220C7243130C38
:107A10001204801A994102000B000137001BA94192
:107A2000F9D2781E0021F0BD0C277F1BFE4077465F
:107A30007F0BAF40FF19E0E700245D1C07D0144F17
:107A40007D663966FFE7FFE7FFE7FFE73C6F95B22A
:107A50009EB265436643401BB141150C1E0C654345
:107A6000664336042F0C3E432D04401BB14199421E
:107A700004D202000B0020000021F0BD01D1904291
:107A8000F7D3801A994101349942F2D3F6E7000006
:107A9000000000D0FFFFFFFF48404140484018B4BD
:107AA0001B4B5B68FC46019308BD04DFBB7E0110E5
:107AB00018B4174B1B68FC46019308BD00DFC57E58
:107AC00001109446134A926F920809D2624618B484
:107AD0000F4BDB68FC46019308BD0CDF7D81011074
:107AE0000C4AF0B5146E556E576F166F6246FFF76D
:107AF000EEFF084A1466556657671667F0BD18B45E
:107B0000034B9B68FC46019308BD08DF21800110F0
:107B1000603F0020000000D0FFB550404240504080
:107B200059404B40594000E0FFB5154F4C00640DE3
:107B300003D0BC4204D10C0314D80020090D090560
:107B40005C00640D03D0BC4204D11C030AD800229F
:107B50001B0D1B0501264B4009D44B4003D58B421E
:107B600000D18242FFBD9942FCD19042FFBD0B4340
:107B7000DB1803431343F5D0C9434918FFBD000088
:107B8000FF07000000B5FFF7CFFF01D0002000BDC8
:107B9000012000BD00B5FFF7C7FF804100BDC04612
:107BA00000B5FFF7C1FF01D9002000BD012000BDD5
:107BB00000B5FFF7B1FF01D9002000BD012000BDD5
:107BC00000B5FFF7A9FF804100BD012040054A0034
:107BD000121804D85A00121801D80020704701204A
:107BE000704700000021002805D17047C1174840A8
:107BF000401AFAD0C90713B5064B1B6898470CBC4E
:107C0000441CA2401005120B0349091B0905194326
:107C1000114310BD604000201F04000010B54C004F
:107C2000620D8023D218DB00D21A5B057E2A10DD9C
:107C30009E3A13DACC170903490819435242D1403E
:107C4000640001341532202A05DAD040084360432D
:107C500010BD002010BD0846604310BDC80FC018FD
:107C6000013810BD18B4044B5B6AFC46019308BD93
:107C700024DF2D8301100000603F002018B4044B66
:107C8000DB6DFC46019308BD5CDF39840110000008
:107C9000603F002018B4044B5B6EFC46019308BDA6
:107CA00064DF318401100000603F0020C94211D31D
:107CB00000B549004908002200F018F8002904D452
:107CC000002240428A41114600BD80210906002061
:107CD00000BD000018B4044BDB6EFC46019308BDE8
:107CE0006CDF3B8301100000603F002018B4044BA0
:107CF0009B6FFC46019308BD78DF5783011000009D
:107D0000603F002018B4044BDB6FFC46019308BDB4
:107D10007CDFC58301100000603F002070B5132395
:107D20001C78012C12D0012C12DC214B214A9364C7
:107D30002148FFF7A1FA214B186070BD1C491D4A6C
:107D40009800815001331F2BF8D9ECE70023FAE7A4
:107D50001B48FFF799FA05001A48FFF795FA023811
:107D600003789B007F2B09DD12488022290000F058
:107D700033FE022C08D0022CDADCD6E7124B134A71
:107D80001348332101F09AFF124B1A88B5231B02C6
:107D90009A4209D1104B1A88104B9A4204D1104BC9
:107DA0001A88104B9A42E6D00020FDF7C9FEC04663
:107DB000817E0110603F00204C33000060400020B5
:107DC0005344000053460000C8EB0210281E031065
:107DD0000CEC021054380000D8380000494600006E
:107DE0009C3800005946000070B50B0D5B055B0D1B
:107DF000214A944663445A1C24DB5A1C28D034225E
:107E0000D21A002A1DDD3324E41A2500203D26D491
:107E10000126AE4033000125A5402A0012184B412F
:107E20002500203D21D40226AE4031000225A54088
:107E30002800002544428D411600264030002B408A
:107E4000190070BD0022C90FCB0710001900F8E718
:107E5000CB0FDB070020094A1A431100F1E7202568
:107E60002D1B0126EE403300D5E720252D1B0226D1
:107E7000EE403100DAE7C04601FCFFFF0000F03FB2
:107E800007B56046002800D100BE01880A0A02300A
:107E9000DF2AFAD1C9B2820804D3028840880004DC
:107EA000104300E00068024A5050039007BD0000F4
:107EB000603F00200FB403BC0CBCF0B50124E40704
:107EC000634000E0F0B50C0DCF0F661E3605891B30
:107ED000640503D3C943404200D30131640D03D08C
:107EE000661CF60A07D0E41B00207F00791C890776
:107EF0008912803C24031D0DDF0F6E1E36059B1B6F
:107F00006D0503D3DB43524200D301336D0D03D023
:107F10006E1CF60A07D0ED1B00227F007B1C9B071E
:107F20009B12803D2D032F1B661B58D4A446202E88
:107F300046DA20371400BC401D00BD40F2403341FA
:107F40002A4380185941CB0F05D0C943C0430022B2
:107F500064425041514162464D0D28D10D0D07D16B
:107F600000281FD0241940414941013A0D0DF9D094
:107F7000640006D3013000D30131002C01D1400848
:107F80004000013A0BD4941CE40A04D112051144B8
:107F9000DB071944F0BDD907204B194300E0D9078E
:107FA0000020F0BD0029DDD1002CDBD1F0BD013275
:107FB000C6074008CD0728434908002EE1D0D9E77D
:107FC0003C2E29DA203E40371400BC4000D001246A
:107FD000F24014431A00BB401C43D317ACE7AC4635
:107FE000202F08DA20360400B4400D00B540F840D8
:107FF00039412843A5E73C2F0CDA203F40360400E6
:10800000B44000D00124F84004430800B1400C43C0
:10801000C117EAE710001900002494E70000F07F80
:10802000F0B50C0D661E3605891BE60A6405640D65
:1080300002D0651CED0A04D0002001210905803C16
:108040002403A4461C0D671E3F05DB1BE70A6405DD
:10805000640D02D0651CED0A04D0002201231B052B
:10806000803C24037740644497B484B296B274434E
:10807000070C7E43150C6F4380B26843361802D359
:10808000012000043F183004350C00197D4184465E
:1080900088B29AB250430C0C62431F0C7C438EB2E0
:1080A0007E43921902D301263604A4191604170C34
:1080B0003618674101BC81B29AB25143040C624345
:1080C0001B0C5C4380B25843121802D301200004F9
:1080D00024181004130C401863412D185E41002031
:1080E000474106BC88B293B258430C0C6343120C50
:1080F000544389B251435B1802D301210904641827
:1081000019041A0C091862416D18564100204741A4
:1081100018BCF902720D1143F0026A0D1043ED0212
:108120000A0D03D16D1940414941013B124E9B1B81
:108130007600B3420ED26D0007D3013000267141A4
:108140006646354301D1400840001B05C918E407C5
:108150002144F0BD0BDA013306D1013004D10131E5
:108160004F0D01D04908F2E7E1070020F0BD0136CC
:1081700031050020EBE70000FF030000F0B51C0D07
:10818000671E3F05DB1BE70A6405640D02D0661C11
:10819000F60A04D0002201231B05803C2403D025CD
:1081A0002D060026F6432E661E096E66CE0FF619C2
:1081B000B44649004F0D02D07E1CF60A03D00020C1
:1081C0000021403F3F033E1BB600B444013F7F0502
:1081D000C91B49082E6F013676089C02950D254370
:1081E0007543ED137543AD1301356D10F603761B22
:1081F0000CB4CC02450D2C43A2B2B3B25A43270CA7
:108200007B43350C6F43A4B26C431B1902D301248A
:1082100024043F191C041D0CA4187D4124196D4130
:10822000009A91B2ACB26143170C7C432B0C5F43B4
:1082300092B25A43A41802D301221204BF18220496
:10824000230C52187B41019C6C431B19520ED9011F
:108250000A434401A01A81B2B2B2514303145A43F3
:10826000360C734387B27743D617D21900277E4165
:1082700036049B191704160C7F185E417316ED180F
:10828000F301002680337541A90F06D16400690A05
:10829000E8055B0A184309D22FE004229444803396
:1082A0007541A90AA8059B0A184326D340414941B4
:1082B0002404009A019B0D005543641B4343E41AB8
:1082C00095B286B27543170C7E43030C5F4392B29E
:1082D0005A43B61802D301221204BF183204330CD9
:1082E00052197B4152429C41002C02D400220130A1
:1082F00051414008CA071043490802B06246D707F7
:108300009210084BD218084B9A4203D212058918D2
:10831000C919F0BD0020002A01DC3900F0BD01338D
:108320001905F5E7FD030000FE070000002200B577
:10833000203200F010F8080000BD002200B500F067
:108340000CF8CA179A4200D100BDD8430121C907D1
:10835000414000BD00220B150AD410B5944600F030
:10836000A7F81414013400DA0021CB17144C20476D
:108370000020002170476244343A0CD40C2A07DAFA
:1083800004009140904052422032D440214310BD1D
:10839000D843D94310BD203207D40C4694405242F2
:1083A00020321141D040204310BD0800C9172032AF
:1083B00003D452422032104110BD1800190010BDE4
:1083C000778301104A00520D144BD21A13DDFF2A95
:1083D0001EDAD205CB0FDB071A43C300400F090397
:1083E000490A084310435B0001D301D001307047B4
:1083F0004308FBD2704702D0C80FC00770470A037A
:1084000012130132F8D1420F072AF5D1012200E000
:10841000FF22C80F00028018C005704780030000CB
:1084200000210A00002104E000210A00C11704E035
:108430000022002306E0C0460022CB1758405940D6
:10844000C01A994130B5184CA21A002903D1010075
:1084500010D00020203A4C1512D104D2013A001855
:1084600049414C0DFAD3114CA24204D2120589188D
:10847000DB07C91830BDD243520D00200021F5E7BB
:1084800003D4013A00184941FBD50B324405C00A18
:108490004D052843C90A640003D0002460416141AE
:1084A000E1E7E0D34408F8E732040000FE070000EB
:1084B0000A0DCC0F531E1B05C91A520503D3C9431D
:1084C000404200D30131520D03D0531CDB0A07D0C8
:1084D000121B00206400611C89078912803A120374
:1084E000014BD21A70470000FF0300005143434381
:1084F000C9188C46110C83B24B4310B4040C614371
:1085000092B280B2504362431C041B0C001910BC91
:1085100059411304120CC0185141614470470000C6
:1085200048404140484000239C46114B5B68184737
:1085300000239C460E4B1B6818470E4A936F9B08FE
:1085400004D200239C460A4BDB681847F0B5146E32
:10855000556E576F166FFFF7F4FF064A146655669F
:1085600057671667F0BD00239C46014B9B68184770
:1085700064400020000000D007B54840414048401A
:1085800001E0C04607B54200120E03D0FF2A03D116
:10859000420218D8C00DC0054A00120E03D0FF2AAF
:1085A00003D14A020FD8C90DC9050122414005D4A3
:1085B000414001D5814207BD884207BD01434918AA
:1085C00001D0C043001807BD00B5FFF7DBFF01D0A5
:1085D000002000BD012000BD00B5FFF7D3FF8041A2
:1085E00000BDC04600B5FFF7CDFF01D9002000BD9A
:1085F000012000BD00B5FFF7BFFF01D9002000BD7D
:10860000012000BD00B5FFF7B7FF804100BD491A4A
:10861000002807D108467047C10FC90700D540425E
:10862000002817D0F44603B40B4B1B68984706BCD0
:1086300081409E384042803107D20B0607D0490066
:10864000490AC0051043084360470130F8E7490A6A
:108650008902F5E7704700006040002041000A0EE3
:1086600080231B067E2A0BDD9E3A0BDAC1174002DF
:10867000400818435242D0404900013148437047F6
:1086800000207047C00FC01801387047C0420DD39A
:1086900000B540004008002100F012F8002801D485
:1086A000404200BD8020000600BD0000034BDB6996
:1086B000FC4618471CDFD9880110000064400020E8
:1086C00000239C46014B5B6A184700006440002071
:1086D000054A1047C2179142FAD0044BDB6DFC46A5
:1086E00018475CDFA788011019860110644000203C
:1086F000054A10470029FBD0044B5B6EFC46184727
:1087000064DF9588011000000F860110644000208E
:10871000034BDB6FFC4618477CDFF188011000003B
:108720006440002070B513231E782A48FEF7ACFD84
:108730000500012E11D0012E09DDAB1E1B789B0018
:108740007F2B40DD24488022290000F045F9234892
:10875000FEF792FD224B186070BD1F48542229007D
:1087600000F03AF91F4B1A881F4B9A421CD1A723DD
:108770009B011A881D4B9A4216D11D4B1A881D4B1E
:108780009A4211D11C4B1A8894239B019A420BD117
:108790001A4B1A881A4B9A4206D11A4B1A681A4B6E
:1087A0009A4201D1152307E01848FDF7C9F9184C82
:1087B000094A99008C5001331F2BF8D9144B064AF3
:1087C0001362D361B7E7134B134A1448422101F0F7
:1087D00075FAC04653460000644000204C33000048
:1087E00060400020EE290000C40F0000C20D000010
:1087F000962B0000C0B50000182B0000CC2A00000A
:1088000010B50000FC2C000051ED8764F807031040
:108810006188011064EC02103C1E031098EC0210F9
:10882000C20DFF2313407F3B5A1C0FDB5A1C10D094
:108830001722D21A002A08DD1622D21A01239340E9
:108840001818022393405B4218407047C00FC007BE
:10885000FBE7C00FC307FE2080051843F5E70000C3
:1088600007B56046002800D100BE01880A0A023020
:10887000DF2AFAD1C9B2820804D3028840880004F2
:10888000104300E00068024A5050039007BD00000A
:1088900064400020002230B5002906D5CD070543ED
:1088A0004808013A10E0002230B505000D430FD012
:1088B000CD170C16AC4205D1C901440E2143C001AD
:1088C0000732F6E70500080052423D320149884769
:1088D00030BD0000EF2900000021C2158032803237
:1088E00001D0024A1047002070470000CD2A000046
:1088F000C30FDB0741000A0E07D0FF2A08D0090981
:10890000054A89181943400770471900002070472D
:108910000249C918FAE70000000000380000F07FA3
:1089200010B5002804D04018034B984200D810BD61
:108930000248FDF705F9C04600000420F0EC0210E3
:1089400070B50500084E300011F0FAF928000DF05E
:108950003DFB0400300011F073F929002000FFF7FF
:10896000DFFF200070BDC046501C002070B5040021
:108970000D00094E300011F0E3F9290020000DF040
:1089800049FE0400300011F05BF929002000FFF7D8
:10899000C7FF200070BDC046501C002070B5040009
:1089A000054D280011F0CCF920000DF019FB28002E
:1089B00011F046F970BDC046501C0020014804214A
:1089C000014B18471015002099720110014B1B68CC
:1089D0001847000010150020014B5B681847000085
:1089E0001015002010B5FFF7ABFF10BD9A4200D262
:1089F00088547047704710B5002802D00B6849684A
:108A0000984710BD0100002007E083001B185B00A1
:108A1000501C08601078C01830380A681378303B52
:108A2000DBB2092BF1D97047F0B5DE4657464E460A
:108A30004546E0B583B093461F000C9B9A460D9CBB
:108A40000E9B99460F9B9B0717D0B8460F00060058
:108A500022E0551C4B4641462020B84701342A00ED
:108A6000B442F6D33D004F465C46019B9B46B1465F
:108A70004646B84637002E000EE00192A3468846CF
:108A80004E46B9460700EBE7013C551C5346185DBE
:108A900043463900B0472A00002CF5D135003E008E
:108AA00047460F9B9B0711D4100003B0F0BCBB4698
:108AB000B246A946A046F0BD541C4B464146202074
:108AC000B8472200531BB342F6D3EDE7B0464E46FB
:108AD000B9462F005D46F5E7F0B5CE46474680B56E
:108AE00085B0944698460C9D0D9C0EAB1B7899461C
:108AF000109A119B129EB7071CD4002B0CD0F707BD
:108B00000AD54F46002F02D10C37374204D0013B23
:108B100002E030272F550134944201D21F2CF8D99E
:108B2000F70707D59C4205D21F2C03D830272F55B5
:108B30000134F5E7F70612D5770505D4002C03D0EC
:108B4000944221D09C421FD00F9A102A2FD00F9A06
:108B5000022A36D01F2C0AD830222A5501341F2C65
:108B600005D84A46002A32D02D222A5501340396D0
:108B700002930194009543466246FFF755FF05B006
:108B8000C0BCB946B046F0BD621E012C17D00F9F85
:108B9000102F0BD014000F9A102AD8D1B206D6D5B8
:108BA0001F2CD4D858222A550134D3E7023CB206F0
:108BB000F1D41F2CEFD878222A550134CAE71400CB
:108BC000C2E71F2CD3D860322A550134C2E772079E
:108BD00003D52B222A550134C9E73207C7D52022F5
:108BE0002A550134C3E7F0B5DE4657464E464546A2
:108BF000E0B593B081468A46089209931CAB10CB2E
:108C00001B789B461E9D219B9846002C03D1102368
:108C100042469A4390468023DB0046461E40424629
:108C20001A4218D0002C22D0002614E042469206A8
:108C30001BD54121C918C9B20A39C9B2771C0AAB80
:108C4000995529002000FEF7EFFCAC4210D31F2FEE
:108C50000ED83E00040029002000FEF7E5FCCBB250
:108C6000092BE3D83033D9B2E8E76121E2E72700E6
:108C700043460693209B05931F9B049303955B46F5
:108C8000029301970AAB0093099B089A5146484604
:108C9000FFF722FF13B0F0BCBB46B246A946A04680
:108CA000F0BDF0B5DE4657464E464546E0B597B0B6
:108CB0000A900B910C929A46209B9946219F22AADA
:108CC00013789B46249B0993259C289B98464A46EB
:108CD0003A4302D11032934398468022D20045464F
:108CE0001540434613420AD04A463A4341D0002534
:108CF0002E0053460D934D46099B9A4621E02E00C7
:108D000053460D934D46099B9A461AE042469206F9
:108D100023D54122D218D2B20A3AD2B2731C994654
:108D20000EAB9A555246230028003900FEF7BAFCD4
:108D3000BC4220D813D04B461F2B16D84E460500F8
:108D40000F005246230028003900FEF7ABFCD3B2D7
:108D5000092BDBD83033DAB2E0E76122DAE7AA4543
:108D6000E9D94E460D9B9A4608E04E460D9B9A4621
:108D700004E0002602E04E460D9B9A4643460693C9
:108D8000279B0593269B0493099B03935B460293C1
:108D900001960EAB009353460C9A0B990A98FFF775
:108DA0009BFE17B0F0BCBB46B246A946A046F0BD3C
:108DB000F0B5DE4657464E464546E0B591B0804692
:108DC00089460C929A461A9C1B9D22002B0020007B
:108DD0002900FEF7FAFE002800D0F2E001225242FC
:108DE000D54B20002900FEF7EBFE002800D0E8E07C
:108DF00001225242D14B20002900FEF7CBFE002871
:108E000000D0DEE00022002320002900FEF7C2FE91
:108E1000002800D0EAE0069407958023DB001E9A24
:108E20001A400D921E9A1A4201D106231C930698ED
:108E3000079902000B000892099303000A000243FD
:108E400000D1DFE0080D4005400DBD4EB446604442
:108E5000079E3203120B1E00BA4B13431F00FEF78E
:108E6000C5FEB94AB94BFEF74AFEB94AB94BFEF7FF
:108E70001FFE089009910022B74B30003900FEF721
:108E80000EFEB64AB64BFEF73AFE02000B000898FB
:108E90000999FEF70DFEFEF7C1FE8346FEF7A6FE1A
:108EA00006000F00AF4AB04BFEF729FE0022AF4B81
:108EB000FEF7FEFDFEF7B2FE0890AD4AAD4B300066
:108EC0003900FEF71CFE06000F000898FEF78EFE24
:108ED000A94AAA4BFEF713FE02000B00300039002E
:108EE000FEF7DDFD06000F0002000B00FEF707FE97
:108EF0000A900B91089BA24A9446634400210022E9
:108F0000089109921B0509930023089332003B0046
:108F100030003900FEF7CCFD0E900F9132003B007F
:108F200000208021C905FEF7BAFD06000F000022CF
:108F3000944B0A980B99FEF7C4FD0022924BFEF762
:108F4000B7FD02000B000A980B99FEF7BAFD00224C
:108F50008E4BFEF7ADFD02000B000A980B99FEF751
:108F6000B0FD02000B0030003900FEF7A1FD020049
:108F70000B000E980F99FEF7A4FD0022714BFEF72F
:108F800097FD089A099BFEF7BAFD06000F000896A8
:108F90000997069A079BFEF713FE00280BD00123C2
:108FA0005B429C46E3440022774B30003900FEF7D9
:108FB00088FD089009915B466333C62B45D804268B
:108FC00023E01E9B04931D9B03931C9B0293009420
:108FD000019553460C9A4946404600F0FBF811B003
:108FE000F0BCBB46B246A946A046F0BD0021002217
:108FF00006910792069480231B069C46AC44634668
:1090000007930AE700239B4604261E9B1B0528D5D1
:10901000089A099B190011430FD05D4A5D4B0698D1
:109020000799FEF7C5FD00287AD000225A4B069812
:109030000799FEF7AFFD002872D01C9B5B4506DD4B
:109040005A469B1A013B1C9303E00526DDE70023EB
:109050001C938023DB001E9A1A431E9200260023D5
:109060009B461D9B9E4265D29F1B02231E9A1A405F
:109070000A921E9A134202D0002E00D000275B46AF
:10908000002B07D0089A099B06980799FEF719FD4F
:10909000069007910022002320002900FEF77AFDA8
:1090A000002800D07CE03D4B1E9A134004930397A8
:1090B0001C9B0293069B079C0093019453460C9AB9
:1090C0004946404600F086F8002E00D187E71E9BF7
:1090D0009B0671D54525441C53460200494628008D
:1090E000C0475A46D317D2185A4005230593013E6C
:1090F0000496002303930A3302935B46DB0F01932C
:1091000000925346220049464046FFF76CFD0A9BF9
:10911000002B00D163E7020047460C9E1D9D53E0E3
:109120001C9B002B9DD00D9B002B9AD01C9B013BC0
:109130001C9396E7002798E7FFFFEF7FFFFFEFFF05
:1091400001FCFFFF0000F03FFB799F501344D33F29
:10915000B3C8608B288AC63F0000F83F61436F6345
:10916000A787D23F71A379094F930A400000E03FDF
:109170001655B5BBB16B0240EF39FAFE422EE63F01
:10918000FF03000000002C400000244000001840B5
:109190002D431CEBE2361A3F80842E41FFF7FFFF80
:1091A000069C079D22002900802000068446614419
:1091B0000B000692079376E765258CE7541C53460F
:1091C00049462020B8472200931BAB42F6D310003B
:1091D00005E7C046F0B5DE4657464E464546E0B583
:1091E00095B00690079193469946209F1E9A1F9B23
:1091F00010001900FEF7E9FC002831D1012252428B
:10920000BC4B1E981F99FEF7C5FC002837D10122E0
:109210005242B94B1E981F99FEF7D2FC00283DD14F
:109220000022B64B1E981F99FEF7CAFC00284AD1AF
:109230000022B34B1E981F99FEF7ACFC002842D1C8
:10924000002200231E981F99FEF7A4FC00284AD193
:1092500000239846229B5B0500D4B0E0002452E036
:10926000229B0393219B029303230193A54B00931D
:109270004B465A4607990698FFF7D6FB08E1229B12
:109280000393219B0293042301939F4B00934B462E
:109290005A4607990698FFF7C7FBF9E0229B5B0740
:1092A0000ED59A4B042222990391219902910192A1
:1092B00000934B465A4607990698FFF7B5FBE7E03F
:1092C000934B0322EFE7229B0493219B0393029786
:1092D0001E9B1F9C009301944B465A460799069883
:1092E000FFF766FDD4E01E9A1F9B00200021FEF7C9
:1092F000D6FB1E901F9101239846ABE70CAB3022A2
:109300001A55013F01341F2C01D8092FF6D81E9899
:109310001F99FEF783FC0500FEF768FC02000B00B6
:109320001E981F99FEF7BBFB7A4BFA009B181A6830
:109330005B680A920B93FEF7E2FB08900991FEF737
:1093400091FC0600FEF74EFC02000B0008980999FC
:10935000FEF7A5FB0890099100226F4BFEF730FC49
:1093600000282ED001363000FEF73CFC02000B0036
:109370000A980B99FEF714FC002801D0013500264D
:10938000002F2CD12800FEF731FC02000B001E98A4
:109390001F99FEF784FB06000F0000225E4BFEF7CC
:1093A000F9FB002846D100225B4B30003900FEF764
:1093B00007FC00283ED1EB073CD501353AE00627F3
:1093C0004CE70022544B08980999FEF7E3FB00286C
:1093D000D6D1002E01D0F307D2D50136D0E7AA4668
:1093E0001F2C11D8013F0A213000FEF71DF9651C22
:1093F00030310CAB19550A213000FEF715F9092E52
:109400000ED906002C00EBE755461F2C0CD87B1E0E
:10941000002F09D00CAA302111551F000134F4E7A8
:109420002B0055461C00F0E71F2C03D80CAB2E2256
:109430001A5501341F2C10D80A212800FEF7CCF849
:10944000661C30310CAB19550A212800FEF7C4F810
:10945000051E01D03400EDE734000323229A1340A7
:10946000012B1CD01F2C06D84346002B32D00CAB4E
:109470002D221A550134229B0393219B02930194C0
:109480000CAB00934B465A4607990698FFF7CCFA67
:1094900015B0F0BCBB46B246A946A046F0BD219B24
:1094A000002B13D04346002B02D10C3313420FD0B4
:1094B000219B013B2193190003E00CAB30221A558C
:1094C00001348C42CED21F2CF7D9CBE72199F8E793
:1094D0002199F6E7229B5B0704D50CAB2B221A558A
:1094E0000134C8E7229B1B07C5D50CAB20221A55B7
:1094F0000134C0E7FFFFEFFFFFFFEF7F65CDCD41F8
:1095000065CDCDC14CED021050ED021040ED0210C2
:1095100048ED0210402003100000E03FF0B5DE46A9
:1095200057464E464546E0B593B007008A469346F7
:109530001193002900D12CE3002508E06C1C5B4648
:109540002A005146B847119B013311932500119B06
:109550001878002800D11EE32528EFD1013311939C
:109560000023180020E00123184301321192012446
:1095700018E00223184301321192012412E004235F
:1095800018430132119201240CE0082318430132E0
:109590001192012406E01023184301321192012494
:1095A00000E00024002C09D0119A1378203BD9B296
:1095B0001029F6D88B00C449CB589F468146119B91
:1095C0001A781300303BDBB2092B10D92A2A13D0AA
:1095D0000B94119B1A782E2A20D0119A1378683B8D
:1095E000D9B2122965D88B00B849CB589F4611A82B
:1095F000FFF708FA0B90ECE71C9B1A1D1C921B68E6
:10960000002B04DB0B93119B01331193E1E7022242
:109610000100114389465B420B93F4E78022D2009C
:109620004946114389465A1C11925A781300303B1F
:10963000DBB2092B0BD92A2ACFD11C9B1A1D1C92F5
:109640001C68002C08DB119B01331193C5E711A89E
:10965000FFF7D8F90400C0E70024F4E780235B009B
:1096600049460B43511C119151786C2901D0994600
:109670001FE0C0239B0049461943894602321192DC
:1096800017E0802349460B43511C119151786829FA
:1096900001D099460DE0C02349461943894602325C
:1096A000119206E080235B00494619438946013246
:1096B0001192119B187867281CD8252800D25EE2E9
:1096C0000300253BDAB2422A00D958E29300804ACF
:1096D000D3589F4680239B0049461943894601324F
:1096E0001192E6E780235B0049461943894601321F
:1096F0001192DEE7782800D941E2692800D23EE2E3
:109700000200693AD2B201239340724A134210D147
:109710001A0600D50CE25B0500D430E21C9B1A1D32
:109720001C921E68002C00D0BAE101225242330084
:1097300096E16F2842D005D8582841D0622803D13D
:10974000022606E078283DD010234A469A439146E7
:109750000A26582838D0692805D0642803D00C225E
:109760004B46934399464B465A0502D501229343F3
:10977000994669282DD064282BD04B469A0500D5F0
:10978000AAE0DA0500D5C2E05A0600D4D3E01C9A5C
:10979000111D1C911168FF220A404B4605930B9B3B
:1097A0000493039402960023019300925B462A00DF
:1097B00051463800FFF717FA05002AE00826C8E7E7
:1097C0001026C6E71026C4E720224B4613439946CD
:1097D000C1E74B469A0520D4DA0551D45A0666D51E
:1097E0001C9A111D1C911168FF220A40D0171118F4
:1097F00041404B4605930B9B049303940296D20F72
:10980000019200915B462A0051463800FFF7EBF9C0
:109810000500119B0133119399E61C9A0732072129
:109820008A43110008311C91116853689C46DB176C
:109830000C930D930C9A0D9B100048400E900D9BBD
:1098400061464B400F930E980F990C9A0D9B801A0E
:1098500099410E900F914B4608930B9B07930694EA
:109860000496002305936346DA0F0292009001915B
:109870005B462A0051463800FFF713FA0500C8E797
:109880001C9A111D1C911268D017111841400593A4
:109890000B9B049303940296D20F019200915B46B6
:1098A0002A0051463800FFF79EF90500B1E71A0675
:1098B00005D51C9A111D1C910023D25E96E71C9AB7
:1098C000111D1C91126891E7A41E0310E81E0310DD
:1098D000341F0310419000001C9A073207218A436D
:1098E000110008311C9108930B9B07930694049672
:1098F00000230593029353681268009201935B461C
:109900002A0051463800FFF7CCF9050081E71C9A80
:10991000111D1C9105930B9B049303940296002345
:109920000193136800935B462A0051463800FFF705
:109930005AF905006DE71A0606D51C9A111D1C91EF
:1099400012681204120C28E71C9A111D1C9112684F
:1099500023E746281AD01C9B0733072293431A009B
:1099600008321C924A4604920B9A039202941A6897
:109970005B68009201935B462A0051463800FFF76E
:1099800029FC0500119B01331193E0E520234A4691
:109990001A439146DFE7672801D0472804D1802386
:1099A0001B014A461A439146452801D0472803D156
:1099B00020234A461A4391461C9B073307229343B0
:1099C0001A0008321C924A4604920B9A039202949F
:1099D0001A685B68009201935B462A005146380082
:1099E000FFF7E6F90500119B01331193AFE5022360
:1099F0004E461E404A4613421ED001241C9B1A1D8F
:109A00001C926A1C904618785B462A005146B8475B
:109A1000002E14D1119B01331193454697E5551C37
:109A20005B4651462020B84723002A005C1C0B9956
:109A30009942F4D81500E1E701232A00F6E74246EF
:109A400006E0561C5B4651462020B8472C003200E9
:109A5000651C0B9BA342F4D89046DBE701330A0058
:109A60001978002902D0511E002AF7D19B1B8022B1
:109A7000D2004946114088464946114202D0A342CD
:109A800000D92300022249461140109149460A425A
:109A900008D02A00250099463B004746984626E014
:109AA000220044E6A1462A005146B2460E0006E0D6
:109AB000551C5B4631002020B84723002A005C1C5F
:109AC0000B999942F4D8150022004C4633005646B3
:109AD0009A4691462A0025003B004746984606E0F4
:109AE0001D000136541C5B465146C04722003078A9
:109AF000002804D0002FF4D06B1E002DF0D11500EB
:109B00004B464746109A002A03D1119B013311930B
:109B10001DE50B9E2A0006E0551C5B4651462020A1
:109B2000B84723002A005C1C9E42F5D81500ECE7DC
:109B300021234A461A4313001C9A111D1C911268D6
:109B4000059308230493039408330293002301939D
:109B500000925B462A0051463800FFF744F80500A2
:109B6000119B01331193F2E46C1C5B462A005146B1
:109B70002520B847119B013311932500E7E46C1CA5
:109B80005B462A005146B847119B013311932500CB
:109B9000DDE40A4FD0E45D450DD35B465A1E5B46BB
:109BA00051460020B847280013B0F0BCBB46B2466F
:109BB000A946A046F0BD2A00F1E7C046F58901108C
:109BC0000CB430B585B00A0008AC08CC0394054D40
:109BD000009401002800FFF7A1FC05B030BC08BCD0
:109BE00002B01847ED89011010B582B0044C009303
:109BF00013000A0001002000FFF790FC02B010BD26
:109C0000ED89011010B584B00C0002A902904C60DF
:109C100001240448009313006242FFF77FFC04B064
:109C200010BDC046F789011000BEFDE703000A4AD7
:109C30001268002A08D0084A1068C318074A9A42D6
:109C400006D3054A13607047034A05491160F2E7DD
:109C500001204042F7E7C04664380020000004209D
:109C6000F09A022010B5030008001100002B05D166
:109C7000044B1A685B6800F035F910BD01204042C2
:109C8000FBE7C046F01D031010B5030008001400E8
:109C9000013B012B06D801230022210000F0D8F857
:109CA000200010BD01204042FBE7012040427047E8
:109CB00001204042704710B5FFF7B6FF30B583B0C2
:109CC0000D001900002A0BD0074B084C019200939D
:109CD0002B000200200000F0D7F90120FFF7A4FFBD
:109CE000034B1A00F1E7C04658ED021068ED021070
:109CF000F807031010B5EFF30583002B00D000BE6A
:109D0000FDF790FB034C01E008CC9847024B9C42C6
:109D1000FAD310BDAC1C0020C81C002010B50300F5
:109D2000080011001B68984710BD0000F8B5070037
:109D30000D001600437D002B02D0002400200CE013
:109D400003681100280098472DE03B7D10E03B6838
:109D5000154802219847601C0134B44214DA002CE3
:109D6000F3DD2B19013B1B780D3B5A425341DBB20B
:109D70002A5D0A2AF0D1002BEED1A042E7DA3B6837
:109D8000211A28189847E2E7B04203DA3B68311AF3
:109D900028189847002E06DDAD19013D2B780D3BA4
:109DA0005A4253413B75F8BDAC20031070B5050015
:109DB0000368002B16D00C4B1C6805E0290004C971
:109DC0002000FFF7B3FF2469002C09D02368002B83
:109DD000F9D0064B1B68002BF0D0A342F3D1EDE77E
:109DE00000232B6070BDC04654380020603800202E
:109DF00070B505000C000B68802B05D023685A1C39
:109E00002260E418257170BD0800FFF7CFFFF5E769
:109E100010B5FCF769FF074A002312184B41002BCD
:109E200003DB05480FF064FF10BD01225242034BD3
:109E3000F7E7C04640420F00581C0020FFFFFF7F9D
:109E400010B502480FF0FCFE10BDC046581C0020A3
:109E5000F0B5CE46474680B583B006000D0090466B
:109E60001C00FFF7D5FF81466B1C05D0002C08D0E5
:109E7000184F194B1C6807E030000EF0F3F905008D
:109E8000F4E7164FF5E72469002C17D02368002B60
:109E9000F9D0134B1B68002B01D0A342F3D12A0049
:109EA00031002000B8474346002BECD06B46D91D4B
:109EB0000A230B7001222000B847E4E74B46002B31
:109EC00005D1280003B0C0BCB946B046F0BDFFF7CD
:109ED000B7FFF6E72D9D0110543800201D9D01109D
:109EE00060380020F0B583B006000F0001920093A7
:109EF000164B1C6808E0A368002B04D03900300022
:109F00009847002820DC2469002C06D0104B1D68DF
:109F1000002DF0D0A542F6D1EDE700990A000D4BD7
:109F20005B6A994209D80B49896A0198814209D232
:109F30009A4202D00220404206E001200021FCF7B4
:109F4000DBFED5E70220404203B0F0BD54380020CC
:109F500060380020004005400A4A136802E01A00F9
:109F600010321B69002B09D013688342F7D10029F6
:109F700007D1036913600023036102E0002900D0C8
:109F8000106070475438002010B5064B1C6800E084
:109F90002469002C04D06368002BF9D09847F7E7B8
:109FA00010BDC0465438002010B500F07FF900F015
:109FB0001FFB012010BD000030B583B00400002558
:109FC000FCF792FE22002B0012184B41002B0ADBFB
:109FD000012101A8FFF786FF002802DB07D001ABB3
:109FE000187803B030BD01225242044BF0E7044B15
:109FF000044A04210448FF31FFF760FEFFFFFF7FA2
:10A0000098ED0210902003109CED021010B582B064
:10A0100004006B46D81D0470012300220121FFF7C4
:10A0200017FF200002B010BD70B505000EF01AF940
:10A0300004000123012201002800FFF709FFFFF7B8
:10A04000A3FF200070BD0000F0B5A3B004000E0017
:10A05000FFF7DEFE050001AF00230193094833003E
:10A0600022003900FFF7CEFD04003800FFF79EFE06
:10A07000FFF78AFF002D02D1200023B0F0BDFFF7CB
:10A08000DFFEF9E7F19D01100FB400B583B004A91C
:10A0900001C90191FFF7D8FF03B008BC04B018470D
:10A0A00010B582B00C00144BC3185A425341134AE6
:10A0B0005B009B5E8B4204D06B46DA1D147000215E
:10A0C00015E06B46DA1D0D23137000210029F3D132
:10A0D00083699B06FCD41378036001310132F5E7F4
:10A0E00083699B06FCD41378036001310132002997
:10A0F000F6D002B010BDC0460080FCBF7441002005
:10A1000082B000226B46D91D06E08369DB06FCD4D1
:10A1100003680B7001320131002AF6D06B46D87902
:10A1200002B0704770B506000D00002405E0315DF7
:10A13000034B1868FFF7B4FF0134AC42F7DB70BD86
:10A1400078410020F8B506000D00002705E07C1CD2
:10A15000F719FFF7D5FF38702700AF4204DA0D4A30
:10A1600010688269D206F2D50B4A1268002A0AD01A
:10A17000084A126850219163506B18390140074B0F
:10A180009C4662441160002F01D03800F8BD033FA7
:10A19000FBE7C04678410020EC3700203410000077
:10A1A00010B5064B1B68002B06D0054A126800212B
:10A1B0009163044A1068984710BDC046EC370020F0
:10A1C00078410020F4370020024B1A6893691B077E
:10A1D000FCD470477841002070B51D4B1B681D4AA8
:10A1E000934207D0142400281ED01B4B1B68002B61
:10A1F00002D070BD1524F6E7174B1860174B196095
:10A2000017492000FBF716FE01212000FBF7DAFDBD
:10A210000F4B1B6850229A63596B183A0A40114938
:10A220008C4663441A60E4E70B4A1268002AE0D0C7
:10A2300000259D6300212000FBF7C4FD0849200094
:10A24000FBF72EFF044B1D60044B1D60D1E7C04699
:10A250007841002000800340EC370020F4370020D4
:10A26000A1A101103410000070B50D001C000D4BB1
:10A270001860002A0BDA002C0EDA0A4B1868290045
:10A28000FCF70EFE08480121FFF766FE70BD0221B3
:10A290001000FBF7EBFAEEE702212000FBF7E6FAED
:10A2A000EBE7C046784100202015002010B5074B91
:10A2B0001B78074B1B78074B1B78E12101230022F9
:10A2C00049020548FFF7D0FF10BDC0460C37031008
:10A2D00008370310043703100040034070470000A4
:10A2E000014B00221A707047E99A02204B79FF2B2C
:10A2F0000CD18B79002B0BD1CB79012B0AD1082AF9
:10A300000AD98A78054B1A70092000E000207047AE
:10A310000020FCE70020FAE70020F8E7E99A022095
:10A320000120704710B5012927D1117953791B02FB
:10A330000B43134909788B4201D000201EE053786B
:10A34000012B03D0022B11D0002017E09178D37895
:10A350001B021943DB0506D5480A8A05D20F7F2365
:10A360001940FCF7B5FF01204042F6E764220021C6
:10A370000020FCF74DFF012000E0012010BDC04689
:10A38000E99A0220004870479421031010B5140088
:10A39000012910D15378012B0FD1127963791B0257
:10A3A0001343072B01D0002006E0054A9F3321000C
:10A3B00001F058FB00E0012010BD0020FCE7C04682
:10A3C000EC2003100123037000487047CC200310D9
:10A3D00010B50A784B781B0213438A7812041A438B
:10A3E000CB781B0613439622D200934200D010BDB7
:10A3F0000120002211004042FCF76AFF024B186066
:10A40000024B19607047C046F0370020F837002033
:10A4100010B5FCF769FC0E4A002312184B41002BC3
:10A4200012DB0C480FF064FC00280CD00120002146
:10A43000404201F0E3F9002001F07CFC0028F5D156
:10A4400004480FF0FDFB10BD01225242024BE8E729
:10A4500040420F006C410020FFFFFF7F10B5024B10
:10A460001878FBF7B9FC10BDEB9A02200268EFF3F5
:10A47000108172B61368002BFCD0BFF35F8F416070
:10A480007047000070B5144B1B68002B1AD0124C9B
:10A490002000FFF7EBFF114B00221A702168636860
:10A4A000BFF35F8F0A6083F31088002400250C4BF4
:10A4B0001878FBF76DFC002808D100240025200047
:10A4C000290070BDFA24A4000025F0E7044B187899
:10A4D000FBF782FCF3E7C0469C3C0020EC9A02208C
:10A4E000EB9A0220F0B585B0060014001D000CABFD
:10A4F0001F78FCF7F9FB22002B0012184B41002BB0
:10A5000009DB02970B9901910A9900913000FCF741
:10A51000FBF905B0F0BD01225242014BF1E7C04604
:10A52000FFFFFF7FF0B5C64600B584B00500884642
:10A5300016001F000AAB1C78FCF77EF90294019705
:10A5400000962A004346FFF7CDFF04B080BCB84612
:10A55000F0BD000010B582B01F4800210FF090FB45
:10A56000002818D11D4B1B68002B12D01B4C20005B
:10A57000FFF77CFF1A4A1378DBB2012111702168C2
:10A580006268BFF35F8F0020086082F31088002BA1
:10A5900017D002B010BD01200021404201F02EF979
:10A5A000002001F09FFB04000B480FF049FB002C3A
:10A5B000EFD00C4B1B68002BEBD00B4A1068984770
:10A5C000E7E70A4A013300930023FA2080000021C4
:10A5D000FFF7A8FFDDE7C0466C4100209C3C00204F
:10A5E000EC9A0220F0370020F837002085A40110F3
:10A5F00010B582B0D0231B061C68FCF71DF9FCF7D0
:10A60000FDF9A04230D1274B1B780021002002F039
:10A6100053F8254B1B68002B2CD00120FBF792FE32
:10A62000224C20702249FF231840FBF703FC2078BE
:10A630000121FBF7C7FB0520FBF7EEFB041E1DD035
:10A640000120FBF701FB01001A4B1800FBF7ECFEA1
:10A65000194900220520FBF717FC18480121FFF7D4
:10A660007BFC200002B010BD154B164A1648C121D4
:10A67000FFF724FB0C48FBF793FECEE70D480822BA
:10A680000021FEF7A3F9114A012300930023FA20C9
:10A6900080000021FFF746FFC043C40F0028E0DA26
:10A6A000DBE7C046103703106C410020EB9A022014
:10A6B00055A501109C3C00205DA401103815002018
:10A6C000A8CB0210C421031010EE021085A40110C3
:10A6D00010B5002001F0EAFA10BD000070B50500C9
:10A6E0000C00FFF7F5FF002834D0002001F0FAFA43
:10A6F000002832D0FCF7F8FA1B4A002312184B410D
:10A70000002B19DB19480FF0F3FA002828D0FFF7C7
:10A71000DFFF002804D0002001F0E4FA00280FD168
:10A7200001200021404201F069F8032464420F48EF
:10A730000FF086FA200070BD012252420C4BE1E777
:10A7400022002900002001F0D9FA041EEFD10324D1
:10A750006442ECE703246442ECE703246442E9E743
:10A7600003246442E6E7C04640420F006C410020EB
:10A77000FFFFFF7FF0B5C64600B580460C00FCF732
:10A78000B3FA314A002312184B41002B07DB2F4844
:10A790000FF0AEFA002806D180BCB846F0BD012209
:10A7A00052422B4BF3E7FFF793FF002849D1294B87
:10A7B000002000211860596024480FF041FAEBE7AF
:10A7C00001200021404201F019F8002001F0B2FA06
:10A7D000FFF77EFF0028EFD0002001F027FB0028C4
:10A7E00020D0A542E8DA661B002001F01FFB020022
:10A7F000864200DC3200002AE2D04346591900208C
:10A8000001F0F0FA060001200021404200F0F6FFBE
:10A81000002001F08FFAAD19FCF766FA0D4B1860B5
:10A820005960DEE7FCF760FA0A4B1E685F680A4A67
:10A83000002392197B419942BED8D2D19042D0D9FF
:10A84000BAE70025CDE7C04640420F006C4100202A
:10A85000FFFFFF7FA827002020A1070000487047C6
:10A860004022031000487047EC21031010B504008B
:10A87000154B1B78002B0ED0002C11D1134B144A12
:10A880005A80012301335B009BB21048C022920022
:10A890001343038010BD0C48112100F025F8EBE7AD
:10A8A000052C0ED80B4BA400E4580023122BE9D83A
:10A8B000E15C0029E6D00133044A58008152DBB242
:10A8C000F4E70020E6E7C0467C9902202C380020FF
:10A8D00009040000D421031010B5024800F030F83C
:10A8E00010BDC046583F002010B5002901D00023FC
:10A8F00008E00F4B0F4A10483531FFF7DFF93732C8
:10A90000C25401334A1E9A420ED90F2B0CD85A0852
:10A910000A4CA45C01229A43920014410F22224067
:10A92000092AECDC3032EBE7C0180023037010BDBD
:10A93000A0EE021054220310A8EE0210583F00208F
:10A9400070B588B0040004AD0D2200212800FEF788
:10A950003DF80D2200216846FEF738F84B232B7096
:10A960000D22694628000FF05BF9002304E05A1D10
:10A9700069468A5CE2540133072BF8DD08B070BDEC
:10A9800070B582B07F230340C509274C5E0076195D
:10A990007601A419A0706842684160700020E070E0
:10A9A0002183E276012D1ED0D800204A94466044CF
:10A9B0001D4A590049194901521890601A4A590014
:10A9C000491949015218926800211160002B10D1D9
:10A9D000154A5B005B195B01D31800225A60144AC8
:10A9E000DA6002B070BDD800124A94466044A0609C
:10A9F000E4E7012D0BD0591EC9000F4A944661446B
:10AA0000094A5B005B195B01D2185160E9E7591EE6
:10AA1000C9000A4A94466144034A5B005B195B0122
:10AA2000D2185160DDE7C04668380020840010501D
:10AA300000011050800010500C0010500800105001
:10AA400010B5038B3F333F229343C27E022A08D0C6
:10AA500008490A68C260D3180B60074A934202D8BB
:10AA600010BD5B00F4E7054B054A06485221FFF78D
:10AA700025F9C046803C0020FF0F105094F00210D2
:10AA8000DC220310D8F00210F8B57F250540C60976
:10AA90006B009B195B010E4C1C19FFF771FF002D19
:10AAA00000D1F8BD0A4B6D00AD196D015D19298B00
:10AAB0002000FFF7C5FFEB7E9B06E968054A4A4088
:10AAC00013438022120613436A681360E9E7C04605
:10AAD000683800200000105010B504007F2020408E
:10AAE000E409400000194001024BC01800F026F9AB
:10AAF00010BDC0466838002010B5002804D10121DF
:10AB00000520FBF75FF910BD034B044A9821044868
:10AB1000FF31FFF7D3F8C0464CF10210CC220310EE
:10AB2000D8F0021010B5002805D1002200218020A5
:10AB3000FFF7D2FF10BD034B034AA2210348FF31A8
:10AB4000FFF7BCF84CF10210BC220310D8F0021041
:10AB5000024B80225202DA647047C0460020115036
:10AB600070B5041E27D100F0C7F8164D0C23AB6753
:10AB70001549FF220520FBF787F9144840220021E0
:10AB8000FDF724FF002240210020FFF77DFF002277
:10AB900040218020FFF778FF0FF092F801232B640B
:10ABA00080239B05EB649023094AEA502000FFF7BD
:10ABB000CFFF012070BD074B074A64210748FF31D2
:10ABC000FFF77CF8000011501907002068380020BA
:10ABD00010D001004CF10210F0220310D8F0021046
:10ABE000044B1970002904D0034A90238021890264
:10ABF000D1507047E39A0220002011500B785B0679
:10AC000002D14B78052B00D070478A78014B1A602F
:10AC1000FAE7C0460000115010B5CA789207920FAB
:10AC2000012A0AD088780B79497909021943490524
:10AC3000490DFFF729FF012010BD0020FCE710B5EA
:10AC40000FF03EF810BD000010B504000800110020
:10AC50001A00002C03D1FFF73FFF012010BD034B6A
:10AC6000034A812103488900FFF728F84CF10210BC
:10AC7000AC220310D8F0021010B57F231800084052
:10AC80000B4205D1CB09012B0ED00222074B9A664D
:10AC9000C909400040184001054BC018802212012C
:10ACA00000210FF045F810BD0122EFE70020115000
:10ACB0006838002010B57F22100008400A4200D1F9
:10ACC00010BDC909400040184001044BC0180023C2
:10ACD000C370002202490FF02BF8F1E7683800201A
:10ACE000FFF7FFFF04E00A780270013101301A001B
:10ACF000531E002AF7D1704710B580235B040A4A1F
:10AD000013600A4A13600A4B1A6880235B0493435A
:10AD1000F9D18022520100210648FDF757FE064B6B
:10AD200009225A6710BDC04600E0004000F0004014
:10AD300008C00040000010500000115070B5040021
:10AD40000D001600837E002B17D1A6820023E3821C
:10AD50000133A376256120000EF0BAFF002804D04D
:10AD60000C4A902380218902D15020000EF050FF20
:10AD700000280AD00123237770BD81780648FFF7A9
:10AD800083F920000EF0C4FFDFE720000EF0B8FFCB
:10AD9000F2E7C0460020115040F2021070B50500E5
:10ADA000002408E09B1A5B01164A9B18DB68280008
:10ADB00098470134E4B2144B1A782300511CA14285
:10ADC0000DDBA242EED9114B1B6862019B18002BD0
:10ADD000ECD10F490F48104AFFF756F910E00F4C1D
:10ADE000542200212000FDF7F1FD201D1022FF213B
:10ADF000FDF7ECFD200014302022FF21FDF7E6FDD9
:10AE000070BDC0466C240310E29A02204C31002031
:10AE10003824031078F2021025020000FC320020D2
:10AE20000268EFF3108172B61368002BFCD0BFF3F9
:10AE30005F8F4160704710B5FFF7B0FF00F05EFE16
:10AE400010BD70B505000C001600486900F060FEEA
:10AE50006369320001212800984770BDF0B5DE46D5
:10AE600057464E464546E0B583B082460139C8B2E2
:10AE7000FFF7F8FC002803D043789946022B0CD04A
:10AE800056495748574AFFF7FFF8002003B0F0BC77
:10AE9000BB46B246A946A046F0BDC5796C11012259
:10AEA000514B1440240119781026B14321431970E5
:10AEB000AD112A405201C9B22024A1430A431A709D
:10AEC000060009368278C3781B02134383469B44ED
:10AED0004B460193370066E0FB7899463A78BF18F5
:10AEE00068E03E493E48414AFFF7CEF80020CDE7F2
:10AEF000009AD31A5B013E4E9E1933692200390035
:10AF000050469847082801D9844216D20135EDB23F
:10AF1000384B1B7800955A1CAA423EDBAB42E7D95E
:10AF2000354B1B686E019E19002EE6D12B492C482B
:10AF3000324AFFF7A9F80020A8E73400009E0090ED
:10AF40004B46012B11D00020494681421BD9BB78CA
:10AF50001B18DBB2244AD2181279FF2A0CD1224ADC
:10AF6000D3181D710130C0B2EFE72169244A914224
:10AF7000E9D1019B9946E6E718491948214AFFF7AC
:10AF800083F8002082E720482B00009C2200390033
:10AF900001F068FCA446674400E02E00154B1B78C6
:10AFA00001339E420FDC5F4515D27B780B2B93D08B
:10AFB000012399467A78042A93D15B46DA1B93B22F
:10AFC00000251C00A4E7852204490548D200FFF7AC
:10AFD0005BF800205AE7012058E7C0460C24031014
:10AFE00078F20210D6030000FC320020F1030000CA
:10AFF0006C240310E29A02204C310020FA03000076
:10B00000A9BF0110190400001033002070477047D9
:10B01000002070470020704770B505000C00CB7809
:10B0200088780F2B53D89A002E498A589746FFF7F5
:10B0300015FC021E05D012232100280000F012FD8D
:10B0400046E0294929482A4AFFF71EF800203FE038
:10B05000FFF798F9021E3CD08178C3781B020B439E
:10B060002100280000F0FEFC32E0022B0CD0FFF79C
:10B07000D1FF021E2FD09178D3781B020B43210001
:10B08000280000F0EFFC23E0FFF7ECFB021EF2D1FA
:10B0900015491648174AFEF7F7FF002018E02379F4
:10B0A000617909021943FFF7E1FB021E15D003780D
:10B0B0002100280000F0D6FC0AE0FFF7A9FF021EDD
:10B0C0000DD003782100280000F0CCFC00E0002027
:10B0D00070BD0020FCE70020FAE70020F8E7002020
:10B0E000F6E7C0460C230310F423031078F2021095
:10B0F0003A040000610400007047704770477047D1
:10B10000024B5878431E9841C0B27047FC32002071
:10B11000024B18784007C00F7047C046FC32002031
:10B12000034B1878FF38431E9841C0B27047C046A1
:10B130006C150020F8B505000F00FFF7F1FF061EA3
:10B1400048D1002F21D02E4854220021FDF73EFC8B
:10B150002C4B00221A702C4C2000FBF721F92B4BB2
:10B160001C602B4C2000FBF769F9143C200001F017
:10B1700013FF284B1C60284B002B04D02748FFF7F7
:10B1800021F9274B1860002410E0E92225492648C0
:10B190005200FEF779FF1DE09B1A5B01234A9B18C2
:10B1A0005B68002B10D098470134E4B21B4B1A782F
:10B1B0002300511CA1420FDBA242EDD9184B1B68A2
:10B1C00062019B18002BEBD1F82216491648520059
:10B1D000FEF75AFF3000F8BD154B1D7039002800EE
:10B1E000FFF7BEFC061E03D02800FFF785FCF1E741
:10B1F000FC220C490C485200FEF746FFEAE7C04625
:10B20000FC320020E49A0220F43200205033002067
:10B210006415002054330020C5A30110E29A0220D7
:10B220004C3100205C24031078F202106C240310CF
:10B230006C15002070B50D00104B1E788B787022B5
:10B240001A420DD10E4B9978280001F0B5FA041E70
:10B250000DD029003000FFF7DFFC0400200070BD96
:10B2600008490948094AFEF70FFF0024F6E7054997
:10B270000548074AFEF708FFF0E7C0466C150020B6
:10B28000FC320020C423031078F202100B050000EA
:10B290000C050000F0B5D6464F464646C0B581467F
:10B2A0000C0017009846089B9A46002517E018499D
:10B2B0001848194AFEF7E8FE00263000E0BCBA46FE
:10B2C000B146A846F0BD9D2211491248D200FEF7B2
:10B2D000DBFEF2E7099A13702378E4180135AF42D8
:10B2E00014DD6378052BE2D1E1788907890F4145A8
:10B2F000DDD121004846FFF79DFF061EE3D0A3786D
:10B30000DA09012AE6D052461370E5E70126D4E7B0
:10B31000D423031078F20210E704000010B57F2058
:10B320000840C909400040183030044BC0180430B0
:10B33000034B196801F0FCF910BDC046FC32002037
:10B340005033002010B57F200840C9094000401844
:10B350003030044BC0180430034B196801F010FA68
:10B3600010BDC046FC32002050330020F0B5C64668
:10B3700000B582B001931A4800787F250D40CE09B0
:10B38000184C6F00E419A41930342479E4071DD453
:10B39000144C6F00E419A419303423790127BC46FA
:10B3A00067463B432371019BFFF74EFC002813D1F6
:10B3B0000C4B6D005B199B1930331A7901218A43BC
:10B3C0001A711A7903318A431A7105E00649074850
:10B3D000074AFEF759FE002002B080BCB846F0BD17
:10B3E0006C150020FC320020B423031078F2021008
:10B3F0003905000070B50A4B18787F240C40CD0940
:10B40000FFF73AFC074A640013195B1930331A79C5
:10B4100002210A431A711A7901210A431A7170BD77
:10B420006C150020FC32002070B50A4B18787F2480
:10B430000C40CD09FFF73EFC074A640013195B1965
:10B4400030331A7902218A431A711A7901398A43F1
:10B450001A7170BD6C150020FC3200207F220A405A
:10B46000C909044B52009B185B18303318798007C8
:10B47000C00F7047FC320020F0B585B005000C000D
:10B48000002000F045FB237860221A40602A1AD081
:10B49000402A20D02378DB06DB0E012B00D1D6E03A
:10B4A000022B00D116E1002B00D07CE1202A1CD019
:10B4B000002A00D07FE16378092B00D97DE19B0051
:10B4C000C54AD3589F465532C449C5489200FEF735
:10B4D000DBFD002668E1C34800F01AFB22000121D1
:10B4E0002800FEF753FF06005EE123790F2B00D9F9
:10B4F0005DE1BD4AD3181B79BC4A1278934207D24A
:10B50000BB4A11685B01C918002909D100264BE12B
:10B51000511C994200DA4CE19B1A5B01B54959185C
:10B5200022002800FFF78DFC06003DE1200000F01E
:10B53000F5FAA1782800FFF7F5FAAB4A1378022153
:10B540000B43137001262FE1A74B5B7802AA06324A
:10B55000137001232100280000F084FA012623E162
:10B56000A678A14B5B78B3422CD09F4B5B78002B25
:10B570000CD19D4B5E70002E22D031002800FFF7C9
:10B580006DFC061E12D0FFF7B7FD1BE0002128005E
:10B59000FFF726FB2800FFF752FB934FBB78019380
:10B5A0002800FFF7FBFB019BBB70E2E7C9228B4938
:10B5B0008B489200FEF768FD8B4B00225A70F3E037
:10B5C000FFF79BFD2100280000F038FA0126EBE090
:10B5D00021002800FFF720FD0600E5E0A278E378CF
:10B5E0001B021343012B01D00026DDE07E4A1378B5
:10B5F00008210B4313702100280000F01FFA0126D8
:10B60000D2E0A278E3781B021343012B01D000267D
:10B61000CAE0754A137808218B4313702100280073
:10B6200000F00CFA0126BFE06F4B1A78510992081E
:10B630000223134001220A40134302AA0632138058
:10B6400002232100280000F00DFA0126ACE0237946
:10B650000F2B00D9B3E0644AD3181B79634A1278E0
:10B66000934223D2624A11685B01C918002900D1B4
:10B67000A7E022002800FFF7E4FB061E00D093E0BD
:10B68000237860221A4200D08EE063780A3B012BB7
:10B6900000D989E0002000F03BFA63780A2B0ED035
:10B6A0002100280000F0CAF901267DE0511C9942D2
:10B6B00000DA88E09B1A5B014E495918D9E702ABC2
:10B6C0009A1D0023137001332100280000F0CAF9ED
:10B6D000013669E021797F200840CE0970230B42B2
:10B6E00017D1414B40001B189B191B7D3F48007828
:10B6F000834215D23E4806685B01F618002A19D02D
:10B70000002E62D0220031002800FFF79AFB0600CD
:10B710004AE032493248384AFEF7B6FC002643E098
:10B72000461C9E4204DB1B1A5B01324E9E19E5E764
:10B730000026E3E76378012B10D0032B0ED0002BFB
:10B7400045D12800FFF78AFE02AB9A1D1080022324
:10B750002100280000F086F9012625E0A078E27893
:10B760001202024304D1012B19D02800FFF742FE38
:10B77000002E2ED0220031002800FFF762FB0020AF
:10B7800000F0C6F9184B35229B5CDB07DE0F002B5F
:10B790000AD12100280000F051F9012604E0280018
:10B7A000FFF742FEE4E70026300005B0F0BD0026BA
:10B7B000FAE70026F8E70026F6E70026F4E7002679
:10B7C000F2E70026F0E70026EEE70026ECE7002689
:10B7D000EAE70126E8E7C0466823031020240310A7
:10B7E00078F202108DA30110FC320020E29A0220B0
:10B7F0004C3100206C2403109503000030B585B057
:10B80000FFF78EFC002808D105B030BD01AC2078D0
:10B81000FFF711FB2279604B9A70604B1C68200087
:10B820001430FFF7FDFA01A9200001F058FB62690E
:10B83000A369BFF35F8F0021116083F31088002894
:10B84000E2D001AB5B78082BE7D89B00544AD35871
:10B850009F4601AB1878FFF7EEFAFFF74EFCDCE7E6
:10B86000504B1B78002B2DD04E4A1378013BDBB296
:10B8700013701378002BD0D1474B1A780124012183
:10B880000A431A703422995CA1439954995C0420AC
:10B89000814399540132995CA1439954995C814345
:10B8A000995401AB187802A9FFF7E6FD0028B4D13E
:10B8B00001AC20780021FFF7DFF920788021FFF725
:10B8C000DBF9AAE738493948394AFEF7DDFB9BE73F
:10B8D00001AB19797F220A40CC092F4B50001B186D
:10B8E0001B19303318790125A843187118790335CD
:10B8F000A8431871002A15D0274B52009B181B191A
:10B900001B7D2C4A1278934213D22B4A12685B019A
:10B91000D318002B15D09C6901A84279039B0078AD
:10B92000A0477AE701A84279039B007800F004F968
:10B9300073E7501C984204DB9B1A5B011F4A9B185B
:10B94000E9E7A422184919489200FEF79DFB5BE73E
:10B95000114B1B78DB0700D45FE70F4B187800070B
:10B96000C00FFFF7CBFB58E70B4B1B78DB0700D46E
:10B9700053E7FFF7C4FB50E7029B002B00D14CE7D5
:10B980000398984749E7044BDB78DB0700D444E78A
:10B990000298FFF73CFB40E7FC32002054330020C4
:10B9A00090230310E49A02204C24031078F2021032
:10B9B00065020000E29A02204C3100206C24031042
:10B9C00010B50023CB56002B05DB8021002300227D
:10B9D000FFF7CCFC10BD0021F8E70000F8B505002A
:10B9E000144B9F89DE89BB1B9BB21C1C402B00D9CA
:10B9F0004024A4B20F4B1B785BB2002B08DB002164
:10BA0000B74213D00C4A23002800FFF7AFFCF8BD63
:10BA1000B74209D0074B9968402C09D80648220044
:10BA2000FCF7DAFF8021EBE78021E9E70022EAE773
:10BA30000020ECE7DC3200209C32002070B50600CC
:10BA40000D00074C08222000FCF7C6FF0023A3606E
:10BA5000E381A38129003000FFF7B2FF70BDC0462B
:10BA6000DC320020F0B5C64600B580460C0016005A
:10BA70001D001F4B08221F001800FCF7ADFFBE6021
:10BA80000023FB81A379E179090219430B1CA94228
:10BA900000D92B1C99B2164A9381A279E3791B0233
:10BAA000134319D0002901D0002E08D04046FFF7DB
:10BAB00095FF041E0AD0200080BCB846F0BD0D4999
:10BAC0000D487222FEF7E0FA0024F4E709490A481B
:10BAD0007422FEF7D9FAEEE721004046FFF770FF27
:10BAE000041EE8D1034904487622FEF7CDFAE2E7C6
:10BAF000DC320020C424031078F2021010B5034891
:10BB000014220021FCF762FF10BDC046DC32002089
:10BB1000014B18617047C046DC32002010B50100AF
:10BB2000044C08222000FCF757FF0023A360E381A8
:10BB3000A38110BDDC32002070B505001C00C909CE
:10BB4000314B1B78DB098B4216D0002C07D02F49D4
:10BB50002F489D22FEF798FA0024200070BD2A4C41
:10BB60002100FFF74BF82369002B03D0264A03215D
:10BB7000280098470124F0E7234B1B785BB2002B89
:10BB800007DB214B986800283CD022492200FCF7B3
:10BB900023FF1D4AD389A1B25B189BB2D381916860
:10BBA00009199160D288934201D03F2C1FD8164BBF
:10BBB0001B69002B05D0144A022128009847002851
:10BBC0000BD011492800FFF7FBFE041EC5D10F4919
:10BBD0000F48C522FEF758FABFE700212800FFF7FB
:10BBE0004BF880212800FFF747F80124B5E728002B
:10BBF000FFF7F4FE041EB0D104490548CD22FEF73C
:10BC000043FAAAE70024A8E7DC320020AC240310A2
:10BC100078F202109C32002070B50500FFF770FA30
:10BC2000002802D10024200070BDFFF771FA041E25
:10BC3000F8D11C4BC8226A439B18DB78002BF1D04B
:10BC4000C8266E431036174BF618300001F030F955
:10BC50003F28E8D9134BC8226A439B18D9780020A3
:10BC6000FFF75CFB002801D10400DCE7300001F0A5
:10BC70001FF93F280DD9EA010B4BD218094BC821F7
:10BC800069435B18D97840230020FFF76FFB04005D
:10BC9000C9E7044BC8226A439B18D9780020FFF7F4
:10BCA00051FBC0E7D43100205031002010B5040012
:10BCB000FFF726FA002801D1002010BDFFF728FA6F
:10BCC000002808D1064BC82262439B181B79DB076A
:10BCD00003D50130F1E70020EFE70020EDE7C04693
:10BCE000D431002010B5C82343431033024818183C
:10BCF00001F0ACF810BDC046D431002070B504008E
:10BD0000C82060430300103307481818074B9A42B5
:10BD100008D892B201F004F905002000FFF77CFF7B
:10BD2000280070BD024AF5E7D4310020FEFF000074
:10BD3000FFFF000070B50500FFF7E2F9002801D110
:10BD4000002070BDFFF7E4F90028F9D1C8246C4346
:10BD50002034204BE4180434200001F077F8002848
:10BD600001D10020EDE71B4BC8226A439B1899784C
:10BD70000020FFF7D3FA002801D10020E1E7EE010F
:10BD80004036154BF61840223100200001F0C8F86B
:10BD9000041E14D00F4BC8226A439B1899780300E5
:10BDA00032000020FFF7E2FA002801D02000C8E7A7
:10BDB0000A490B48D522FEF767F90020C1E7054B79
:10BDC000C8226A439B1899780020FFF7BBFA00202D
:10BDD000B7E7C046D431002050310020F4240310CE
:10BDE00078F2021070B50500C824444320340C4B8F
:10BDF000E41804340B4B9A420BD892B2200001F0A5
:10BE0000C6F80600200001F021F83F2803D83000D2
:10BE100070BD054AF2E72800FFF78CFFF7E7C04640
:10BE2000D4310020FEFF0000FFFF000010B5C82342
:10BE300058432030024BC018043001F039F810BDCF
:10BE4000D4310020F0B5CE46474680B583B02648B1
:10BE5000C8220021FCF7BAFD244B00221A700027EB
:10BE6000002F04D003B0C0BCB946B046F0BD1E4E92
:10BE7000C8247C433519FF236B71E1235B02AB605F
:10BE8000002398462B736B730833AB732100383152
:10BE90008919200010308019434600930133402255
:10BEA00000F096FF21007831891920002030801998
:10BEB000043001230093402200F08AFF2300B833AE
:10BEC0009946B1444846FAF76BFAC034A4192000E9
:10BED000FAF766FA4346EB614B462B622C63434606
:10BEE0006B630137FFB2BBE7D4310020D0310020B3
:10BEF00010B50023002B01D0012010BD19000D4A00
:10BF0000C82058431218106A146B002806D0094A3A
:10BF1000C820584312180020D0611062002C06D0AF
:10BF2000044AC82041435218002111635163013370
:10BF3000DBB2DFE7D431002070B50024002C00D044
:10BF400070BD2500C8206043154BC0180522002194
:10BF5000FCF73CFD134B1B78DB070FD5114B1B780F
:10BF60009B0713D5C820684320300D4BC018043000
:10BF7000012101F030F80134E4B2DFE7C82060436A
:10BF80001030074BC01801F007F8E7E7C8206843F6
:10BF90002030034BC018043000F0FEFFE2E7C0463B
:10BFA000D4310020D0310020F0B585B003904B791A
:10BFB000022B63D18B79022B64D10027002F07D08D
:10BFC000002F0FD18B7833700C780C19092515E0F0
:10BFD000C8237B432C4E9E19B378002BF0D0013739
:10BFE000FFB2EBE7422229492948FF32FEF74CF81D
:10BFF000002544E023785D19ADB2E4186378242B62
:10C0000001D19542F6D9052B09D06378042B02D1D2
:10C0100063790A2B18D03800FFF7FEFD2FE02100CE
:10C020000398FFF707F9002806D0A37873702378E8
:10C030005D19ADB2E418E8E7542214491448FF3200
:10C04000FEF722F800251AE021784D19ADB26118EB
:10C05000B31C0193F31C0093022302220398FFF701
:10C0600019F9002802D00E35ADB2D4E7B122074944
:10C0700007485200FEF708F8002500E000252800D8
:10C0800005B0F0BD0025FAE7D4310020E824031004
:10C0900078F20210F8B51400127860231340202BB8
:10C0A00000D082E00025002D0ED0002D00D07EE0D3
:10C0B0006378222B42D017D8202B1FD0212B11D1EF
:10C0C000012933D0012071E0C8236B433C4A9E18FC
:10C0D000D25C277963791B023B439A42E5D0013554
:10C0E000EDB2E0E7002061E0232B05D101294BD020
:10C0F00003294ED0012059E0002057E0012903D048
:10C10000032909D0012051E0320008320723210021
:10C11000FFF7A8FC012049E02A4B002B49D0310051
:10C1200008312800FEF754F901203FE032000832C0
:10C1300007232100FFF796FC012037E0012903D0F7
:10C14000032906D0012031E02100FFF777FC012010
:10C150002CE0A278E3781B021343012427001F4040
:10C160005A081440337101217940C9B2300024309B
:10C1700000F031FF144B002B1DD0220039002800A5
:10C1800000E000BF012011E02100FFF757FC012073
:10C190000CE00E4B002B10D0A378E1780902194374
:10C1A000280000E000BF012000E00020F8BD0020D2
:10C1B000FCE70120FAE70120F8E70120F6E7C04696
:10C1C000D4310020D1A301100000000000000000C5
:10C1D000F0B5D646474680B583B001900F00009376
:10C1E0000024002C0FD0002C1AD1A046EB78BB42C3
:10C1F0001ED0AB78BB4254D00124200003B0C0BC99
:10C20000BA46B046F0BDC82565433C4BED18EB7807
:10C21000BB42E8D0AB78BB42E5D00134E4B2E0E702
:10C22000E622374937485200FDF72EFF0024E4E7A5
:10C2300010239A46AA44E101334BC9186B461A8869
:10C24000504600F0A4FE314B002B1AD06B79FF2B27
:10C2500017D0002600E00136009B9E4211D26A7979
:10C26000294B4146C9015B189B5D9A42F3D1504668
:10C2700000F002FE0028EED16979200000E000BF46
:10C28000E9E7234B002B04D0504600F0F5FD0028D1
:10C2900003D02000FFF7C0FCABE7200000E000BFA8
:10C2A000F7E71C4B002B02D0200000E000BF20006D
:10C2B000FFF740FD002801D001249EE7280024302C
:10C2C00000F0C4FD002815D1009B002B14D09E0661
:10C2D00001D0012491E7A9780198FFF71FF8041E07
:10C2E00001D1012489E7A978002300220198FFF7F2
:10C2F0003DF882E7012480E701247EE7D431002065
:10C30000D824031078F20210503100200000000001
:10C310000000000000000000002817D10C4B932201
:10C32000920042439B182A33FF331B78002B09D11C
:10C33000074B9322920042439B185B79002B03D05A
:10C34000013004E0012002E0002000E000207047FE
:10C350009834002010B5002801D0002010BD932192
:10C3600089004143024BC918043100F001FBF5E795
:10C3700098340020F0B5D6464F464646C0B584B046
:10C380002148932292000021FCF720FB0025002D7C
:10C3900005D004B0E0BCBA46B146A846F0BD93242F
:10C3A000A4006C4323004933FF33174A91464B44A2
:10C3B0000433EE01154A9246B21820002930FF30AE
:10C3C0004844402188460391029280277F000197CC
:10C3D000009300230022002100F057FA23002033AD
:10C3E0004B4408334036564420004844043042460B
:10C3F000039202960197009300233F3A002100F038
:10C4000044FA0135EDB2C2E7983400201834002018
:10C4100070B50025002D01D0012070BD9324A4002B
:10C420006C4320002930FF30054E801900F05EFA81
:10C43000A019043000F05AFA0135EDB2EAE7C0461F
:10C4400098340020F0B5C64600B50025002D02D076
:10C4500080BCB846F0BD9324A4006C430C4B9846B6
:10C46000E6180027377020003130FF30404400F0DC
:10C4700093FD083420004044043000F08DFD33006B
:10C480002A33FF331F7077710135EDB2DEE7C04606
:10C4900098340020F0B5C64600B582B001900F0078
:10C4A0004B79FF2B00D08CE00C780C19A5180026D6
:10C4B000002E01D0002085E03000FFF72DFF00287E
:10C4C00002D00136F6B2F3E793239B0073433F4A51
:10C4D00098469044BB784246137033E0AC426DD22C
:10C4E00021000198FEF7A6FE002836D00136F6B2EC
:10C4F000A378DB09012B37D040463130FF3000F004
:10C500004BFDA1789422520043469B185970217923
:10C5100063791B020B435B055B0D2D498C4663441D
:10C5200059424B415B004146895C022081430B43E9
:10C5300041468B548918019800F05CFA002836D0E7
:10C540002378E4183B79B34238D96378052BC5D0FA
:10C55000AC42C3D22378E418F7E71E491E48E02214
:10C56000FDF792FD00202DE040460C3000F014FD58
:10C57000A37842465371227963791B0213435B050A
:10C580005B0D134A944663445A4253415B00424652
:10C59000127902218A431343424613710B4BD31A7B
:10C5A0009B100E485843C0B2FFF7D4FEC8E70949B4
:10C5B0000948E822FDF768FD002003E0E01B80B297
:10C5C00000E0002002B080BCB846F0BD98340020E6
:10C5D00000FEFFFF0C25031078F202109B1DB5082A
:10C5E000F0B583B006001D000024002C0CD0002CF8
:10C5F00057D101942A23FF33FB5C8B4215D07B7902
:10C600008B4236D001204DE093239B006343264F9D
:10C61000DF193B002A33FF331B788B42E7D07B794D
:10C620008B42E4D00134E4B2DFE73B003133FF3327
:10C630009B88002B12D11D4B002B07D0019BD901E9
:10C640001B4BC918AAB2200000E000BF39002931F5
:10C65000FF31300000F0CEF9012023E03B00293308
:10C66000FF335968AAB238003130FF3000F08FFC38
:10C67000E1E7104B002B04D02904090C200000E056
:10C6800000BF3C1D2100300000F072F9002801D0ED
:10C69000012007E02A002100300000F029F90120E4
:10C6A00000E0002003B0F0BD98340020000000003E
:10C6B000183400200000000010B582B000290AD014
:10C6C00001281CD80B78002B19D0164A1354012BC3
:10C6D0001ED0012419E001A901230B7000234B7027
:10C6E0000020FEF727FD041E03D00E4B01221A7016
:10C6F0000BE00D490D484722FDF7C6FC05E00A494D
:10C700000A485A22FDF7C0FC0024200002B010BDE8
:10C71000FEF710FD041EF8D1034904485F22FDF71F
:10C72000B3FCF2E7F03200208C25031078F20210FF
:10C7300070B504000D000378DB07D80F002B1DD166
:10C7400023785B07DE0F002B19DB0121494228000B
:10C750000DF0A6FA2378DB07DA0F002B07D1237838
:10C760005B0709D423780422134323700126280091
:10C770000DF066FA300002E01600F8E7002070BD08
:10C7800070B506000C000121494220000DF088FA26
:10C7900033785B07DD0F002B04DB20000DF050FA2F
:10C7A000280070BD3378DB0704D433780422934328
:10C7B0003370F2E70025F0E710B5027943791B02E8
:10C7C00013435B055B0DC2789207920F022A14D0C7
:10C7D000032A2DD0012A3CD1022904D01E4A9A42B4
:10C7E00004D3012036E08022D200F8E71B491C4820
:10C7F000D122FDF749FC00202CE0022903D0402B78
:10C800000FD8012026E080229200934201D101201E
:10C8100020E012491248293AFF3AFDF735FC002082
:10C8200018E00E490E48DB22FDF72EFC002011E037
:10C83000022904D040229A4204D301200AE0802237
:10C84000D200F8E705490648E122FDF71DFC00206B
:10C8500000E0002010BDC046FF0300007825031053
:10C8600078F2021030B58A1801E00C78091991426B
:10C870000AD24C78052CF8D18D787A342C4064009B
:10C880000419ED096355F0E730BDF0B585B004003B
:10C8900003920AAA40CA17880DAA158801220A40E5
:10C8A000017801208143114321702000083000935A
:10C8B00001233A00310000F08BFA002E01D0002F46
:10C8C00005D10C9B63606580012005B0F0BD26009A
:10C8D0001C363000F9F764FD039B002B04D03300B5
:10C8E00000266361A661ECE70023FAE701207047A8
:10C8F000F8B506000C0015000B789B0711D58027B2
:10C90000BF002000083000F0A1FA002825D1002D3A
:10C9100025D0013F3D4224D12378DB0703D50020F9
:10C920001CE04027EDE761783000FEF7F7FC0028B7
:10C93000F5D02378DB0707D5B5220B490B48520009
:10C94000FDF7A2FB002009E06178002300223000FF
:10C95000FEF70CFD002801D1EEE70020F8BD002015
:10C96000FCE70020FAE7C0465425031078F20210D5
:10C9700070B505000C000E000836300000F066FAB5
:10C98000002830D02378DB0701D5002070BD617806
:10C990002800FEF7C3FC0028F7D0616862883000E9
:10C9A00000F0BEFA061E14D02378DB0707D5BC22A0
:10C9B0000E490F485200FDF767FB0020E6E762686A
:10C9C000617803002800FEF7D1FC0028EFD030008A
:10C9D000DCE72378DB0701D50020D7E76178280062
:10C9E000FEF7B0FCF8E70020D0E7C046382503107A
:10C9F00078F20210F8B505000C008B89002B22D1CB
:10CA00000B78DB0701D50020F8BD4978FEF786FCDE
:10CA10000028F8D063882278D20707D5D922304978
:10CA200030485200FDF730FB0020EDE76178002B25
:10CA300007D062682800FEF799FC0028EED06088D5
:10CA4000E2E70022F6E70B789B070DD58026B600BB
:10CA500027000837380000F02BFA86423DD82378AB
:10CA6000DB0703D50020CFE74026F1E761782800F7
:10CA7000FEF754FC0028F5D0380000F019FA864281
:10CA800021D87642B6B262883040031C904200D969
:10CA9000131C9EB22378DB0707D5C8221049114822
:10CAA000FF32FDF7F1FA0020AEE76178002E08D0E2
:10CAB000626833002800FEF759FC0028EDD03000F2
:10CAC000A2E70022F5E72378DB0701D500209BE7EA
:10CAD00061782800FEF736FCF8E7002094E7C046AE
:10CAE0001C25031078F2021003008A1890B28142CC
:10CAF00002D85A00904203DB5B009BB2C01A80B29E
:10CB0000704770B505000800AC889A420BD3D11A63
:10CB100089B200291ED08C4210D2944209D8121B2F
:10CB200093B26B810AE0D11A89B26600891989B281
:10CB3000EFE7A21893B2F4E71B1B9BB29C42FBD910
:10CB40002968EA885204520C5343C918FBF744FF82
:10CB5000012070BD0020FCE7F8B5CE46474680B501
:10CB600005008C4608A909788488E01A80B21C1B4D
:10CB70001419A4B2EF887F047E0C07007743BFB27C
:10CB80007443A4B2A1462C68A046734343440029D1
:10CB900006D1904208D3724319006046FBF71CFF90
:10CBA000C0BCB946B046F8BD3A0019006446200042
:10CBB000FBF712FF2968E0194A46FBF70DFFEFE784
:10CBC000F0B5C64600B582B01E0008AB1B8809ACA4
:10CBD000277884889E420FD3F51AADB2002D1FD05E
:10CBE000AC4205D2B44210D8331B9BB2438125001E
:10CBF00095420FD315000DE0F51AADB2A8466500B9
:10CC0000AC4645466544ADB2E8E7A619B3B2EDE7D8
:10CC10001B1B9BB29C42FBD900972A00FFF79CFF8D
:10CC2000280002B080BCB846F0BDF0B583B0040067
:10CC30000D0016001F000069002803D001214942A1
:10CC40000DF02EF823899BB2628901970092320081
:10CC500029002000FFF7B4FF0500618989B2A08890
:10CC60002A00FFF741FF60812069002801D00CF005
:10CC7000E7FF280003B0F0BDF8B5CE46474680B5C3
:10CC800005008C4608A90878AC88E11A89B21C1BFB
:10CC90001419A4B2EF887F047E0C0F007743BFB253
:10CCA0007443A4B2A1462C68A046734343440028B1
:10CCB00006D1914208D3724361461800FBF78CFEFF
:10CCC000C0BCB946B046F8BD3A0064462100180021
:10CCD000FBF782FE2868E1194A46FBF77DFEEFE785
:10CCE000F0B585B006000391171E029300D16DE0E8
:10CCF000C068002803D0012149420CF0D1FF3489DB
:10CD0000A4B2718989B2F379DB0918D1B3888C4256
:10CD10000FD3611A89B28B4256D95B1A9BB23A1C67
:10CD20009F4200D91A1C95B2002D45D0B28823002D
:10CD300033E0611A89B25A00891889B2EBE7B588E5
:10CD4000BD420ED8029B002B21D17B1BF7887F04AC
:10CD50007F0C5F43039B9C46BC44634603930C00DB
:10CD6000E2E78C420DD3631A9BB2DB196A0093424F
:10CD70000FDBEA1B92B22800FFF7B6FE04003D006D
:10CD8000D2E7631A9BB26A009B189BB2EDE70C00D6
:10CD9000CAE73D00C8E79B1A9BB29A42FBD9029AA8
:10CDA00000922A0003993000FFF766FFB0882A003E
:10CDB0002100FFF799FE3081F068002801D00CF0C7
:10CDC0003FFF280005B0F0BD0025F5E71500F8E7A6
:10CDD000F0B583B00400019116001D0008AB1F7868
:10CDE00080231B029A422DD8C068002803D001215D
:10CDF00049420CF055FF2069002803D00121494227
:10CE00000CF04EFF019B2360A6806D046B0CE5883F
:10CE1000ED0BED031D43E580FB01E2797F27174011
:10CE20001F43E771002363812381E068002801D05C
:10CE30000CF006FF2069002806D00CF001FF01204D
:10CE400003B0F0BD0020FBE70120F9E710B58288B0
:10CE500001898BB2408984B2884207D81B1B9BB2E0
:10CE6000101C9A4200D9181C80B210BD1B1B9BB22B
:10CE700051005B189BB2F3E703894089181A4342BB
:10CE80005841C0B2704710B58488028993B2418975
:10CE900088B2914206D81B1A9BB20020A34240419F
:10CEA000C0B210BD1B1A9BB262009B189BB2F4E784
:10CEB00010B5828801898BB2408984B2884206D835
:10CEC0001B1B9BB29A4208D9D01A80B210BD1B1B03
:10CED0009BB251005B189BB2F4E70020F6E770B5F7
:10CEE00004000D000069002803D0012149420CF024
:10CEF000D7FE228992B263899BB229002000FFF7F6
:10CF000000FE0500618989B2A0882A00FFF7ECFDC8
:10CF100060812069002801D00CF092FE280070BDCD
:10CF200010B50023FFF781FE10BDF8B504000E0018
:10CF3000C068002803D0012149420CF0B1FE2589C8
:10CF4000ADB22000FFF79FFF002802D0E779FF096C
:10CF500016D0A2882B0001E09B1A9BB29A42FBD903
:10CF60002068E2885204520C5343C0183100FBF78A
:10CF700033FDA08801222900FFF7B6FD208101279B
:10CF8000E068002801D00CF05BFE3800F8BD10B559
:10CF90000023FFF7A5FE10BD10B50400C0680028EF
:10CFA00003D0012149420CF07BFE2069002803D008
:10CFB000012149420CF074FE002363812381E06863
:10CFC000002801D00CF03CFE2069002801D00CF0B4
:10CFD00037FE012010BD70B504000D00C0680028A8
:10CFE00003D0012149420CF05BFE2069002803D0E8
:10CFF000012149420CF054FEED01E3797F211940F3
:10D000002943E171E068002801D00CF019FE206985
:10D01000002801D00CF014FE012070BD074B8342A4
:10D020000AD0042301229A40054B1A60054B1B6865
:10D0300011009943FAD170470323F3E770150020DC
:10D0400000F0004008C00040F0B5DE4657464E46AE
:10D050004546E0B587B0070093461800039310AB30
:10D060001A780592119D129A90463B680022DA6662
:10D070003B6859603B680132DA66029000239946AA
:10D080000493002600242DE03B79002B39D00123A6
:10D0900037E0059A002A01D0002236E0012234E070
:10D0A000002E0CD13B685B6BDB0608D4002DF7D05B
:10D0B00000214046A84706000443E4B2F0E7002EF2
:10D0C00009D13B6880229A580492002A28D1002C6A
:10D0D00039D1CA4527D0002C3DD101239C46E144DB
:10D0E000019B9B46029B994535DA039B013B9A467F
:10D0F000002D02D001214046A8474B46002BC3D04B
:10D1000000239B02CA45C4D00022520213435A4650
:10D11000013201925A4611783A680B431361C5E710
:10D120005B6D01240FE0059B002BD4D10BE00021A7
:10D130004046A84706000443E4B2002E06D13B68EF
:10D140005B6B9B0502D4002DF1D1F6E7002EC2D116
:10D150003B681B6EBFE7002C08D0002E10D1049A4C
:10D16000002A11D0D30713D4130715D5059B3B71A3
:10D17000484607B0F0BCBB46B246A946A046F0BD43
:10D1800002235B429946F1E701235B429946EDE7B2
:10D1900001235B429946E9E701235B429946E5E7B3
:10D1A000F0B5DE4657464E464546E0B585B005002B
:10D1B0009246180003930EAB1A7891460F9E109A70
:10D1C00090462B680022DA662B6859602B68013282
:10D1D000DA66029000270023019300244346B846F4
:10D1E0001F00029B984545DA039B013B9B46002E9E
:10D1F00002D001213800B0472B685A6F102AFBD0AB
:10D200004246002A0BD000229202C3450CD00021D6
:10D2100049020A43802149000A431A6119E02A7928
:10D22000002AF1D00122EFE74946002901D0002170
:10D23000EEE70121ECE7002E05D000213800B047D1
:10D2400001900443E4B2002C16D12B689A6F002A97
:10D2500008D12B6880229A585A6B5206EBD55B6D29
:10D260000124E8E71B695246137001239C46E04401
:10D27000E244B6E7474600E04746002C04D0019B55
:10D28000002B0BD002277F424B462B71380005B094
:10D29000F0BCBB46B246A946A046F0BD01277F427E
:10D2A000F2E70000F0B5D6464F464646C0B5050049
:10D2B0000C000520F9F7A6FE060060088019210081
:10D2C000FAF7B2F907004300994681440521484620
:10D2D000FAF7AAF980463B1A9A46274B9C423CD85B
:10D2E000700080192549FAF79FF9441C4346023B18
:10D2F000A34239D32B680022DA662B6819680432FE
:10D30000514002320A40802149018C4663441A6030
:10D310002B685246DA612B6842461A624B464F2B05
:10D3200028D950214846FAF77FF92A68A023D0501F
:10D330002B68DA6F54402404240C114A9446634449
:10D340001C602B680122DA6639003000FAF76CF9AC
:10D35000E0BCBA46B146A846F0BD70008019094944
:10D36000FAF762F9441CC1E7074B084A08485D21F7
:10D37000FCF7A4FC0120D8E73F420F0080969800FC
:10D380007C10000040787D0190F20210A02503106F
:10D39000B0F2021070B504000D00114B98421DD080
:10D3A0000422012393400F4A13602000FFF736FE4A
:10D3B000002323712268D36622686621FF31116041
:10D3C0002268D36322689363226888336339FF3904
:10D3D000D15029002000FFF765FF70BD0322E0E770
:10D3E0007015002000E00040F0B5CE46474680B5FD
:10D3F00089B08146884616001F0010AB1C7804AD2A
:10D40000129A139B2800F9F72DFC029501900094C5
:10D410003B00320041464846FFF716FE09B0C0BC4B
:10D42000B946B046F0BDF0B5CE46474680B589B0A6
:10D430008146884616001F0010AB1C7804AD129A76
:10D44000139B2800F9F70EFC0295019000943B0015
:10D45000320041464846FFF7A3FE09B0C0BCB946BA
:10D46000B046F0BD074B98420AD0112301229A40E2
:10D47000054B1A60054B1B6811009943FAD17047A0
:10D480001023F3E700C0034000F0004008C0004054
:10D49000F8B5DE4657464E464546E0B581460E0095
:10D4A0000620F9F7AFFD80464B465A6802231A4022
:10D4B000934604224A449246214A4A441360022475
:10D4C00000E00234FE2C1AD800252002320000238E
:10D4D0000021FBF70BF8002903D1A942F1D1404507
:10D4E000EFD980277F00012F0CD97D1E21006943D1
:10D4F0004046FAF799F8B04204D82F00F3E78027A6
:10D500007F00F0E74B461C617A1E12021B685A40EE
:10D51000FF231B021A4080235B014B441A608023C7
:10D520009B0153445A461A60390061434046FAF75A
:10D530007BF8F0BCBB46B246A946A046F8BDC04643
:10D540000430000070B504000D00154B984224D043
:10D55000112201239340134A13602000FFF782FF3A
:10D5600029002000FFF794FF626802231A400E4949
:10D5700061180B60256807214D40C831294080257E
:10D580006D0165192960094961180A60084A9446C5
:10D590006444032222600B6070BD1022D9E7C046AC
:10D5A00000C0034000E00040043000000420000000
:10D5B000242000000123084A1360084A1360084B26
:10D5C0001A6801239343FAD1064B01221A60054BD6
:10D5D0001B68DB05FBD5704700E0004000F0004011
:10D5E00008C0004000C00440054B984204D3054BDE
:10D5F000984203D3002000E0002070470120FCE7A0
:10D60000C0010010CC010010044B9B688000195031
:10D61000BFF35F8F82F310887047C04600ED00E0D3
:10D62000024B9B688000C0587047C04600ED00E088
:10D63000F8B505000E00EFF3108772B6FFF7F0FFA4
:10D640000400B04203D0FFF7CFFF002806D03A0015
:10D6500031002800FFF7D8FF2000F8BD024B034A35
:10D6600003483721FCF72AFBF8F20210B425031017
:10D670003CF30210704700000000000000000000B2
:10D680000B4A13681868203080F30988022080F361
:10D690001488BFF36F8F3FBCAE4608BC04BC62B6B3
:10D6A0001847C046C046C046C046C046C046C046F1
:10D6B000B83C002000000000000000000000000056
:10D6C000EFF30980164B1A6820381060F0C044460A
:10D6D0004D4656465F46F0C00D221207146E556E39
:10D6E000566F176F3038F0C008B572B601F0ACFF56
:10D6F00062B60CBC116808681030F0C8A046A94694
:10D70000B246BB4680F309880D2212073038F0C8B4
:10D710001466556656671767F0C81847C046C04676
:10D72000B83C002010B5F8F723FA000000B583B02C
:10D7300002E0D0231B069B6DD0231B061B6DDB076D
:10D74000F7D4D0231B06FF221A6500230193114B47
:10D750001968EFF3108372B60A68002AFCD0BFF391
:10D760005F8F0D480168002202600A480068BFF31D
:10D770005F8F026083F31088084B186801AA00F0DD
:10D780005BFB019B002B03D0054B802252051A60E6
:10D7900003B000BDB43C002094990220FC99022003
:10D7A00004ED00E070B504000D00F9F79DFA241AAD
:10D7B0008D41200029000A4A01235B42801859410B
:10D7C000002906DC01D0002070BDFA239B0098429E
:10D7D000F9D3FA2292000023F9F74CFFF4E7C04690
:10D7E00018FCFFFF10B5031F802464041C60043B79
:10D7F0001960044B01000C390B600300203B1A60D8
:10D80000403810BD25D70110044B802252051A6004
:10D81000BFF34F8FBFF36F8F7047C04604ED00E03A
:10D8200072B6044A136801331360BFF34F8FBFF31E
:10D830006F8F70479099022010B5094B1B68002B21
:10D8400006D0013B064A1360002B00D162B610BD22
:10D85000044B054ADC210548FF31FCF72FFAC0468E
:10D8600090990220FCF30210302603109CF3021062
:10D87000EFF3108072B6704780F310887047000095
:10D8800010B5FFF7F5FF040001F04CFD002803D0B0
:10D89000034B802252051A602000FFF7EDFF10BDF8
:10D8A00004ED00E010B5094C00232360084A136022
:10D8B0000520F9F7A7FBFA218900F9F7B5FE013831
:10D8C000044B18600723236010BDC04610E000E041
:10D8D00018E000E014E000E010B51F4B1968FF22CB
:10D8E00012040A431A601968FF2212060A431A60DA
:10D8F0001A490E20FFF79CFE19490F20FFF798FEEA
:10D9000018490B20FFF794FEFFF7CCFF164B0022BF
:10D910001A60D0231B061C68144A1470FF221A6573
:10D9200002E0D0231B069B6DD0231B061B6DDB077B
:10D93000F7D40F34FF212000F8F778FC0C492000C1
:10D94000F8F778FA01212000F8F73CFAFFF798FE83
:10D9500001F07AFEFFF7E6FE20ED00E0C1D60110EF
:10D9600081D8011075D601109099022078150020F9
:10D970002DD7011010B5094B1B78D0221206106864
:10D98000834200D010BDEFF30583002B02D05B0073
:10D99000C018F7E702F0FEF9F4E7C046781500205A
:10D9A00010B582B00300EFF30582D2B2002A12D183
:10D9B0000268002A16D01C480478D02000060068AF
:10D9C000844215D0BFF35F8F0023136081F310886A
:10D9D00020BF02B010BD154B154AF921154889002A
:10D9E000FCF76CF9144B124A12481449FCF766F91B
:10D9F000BFF35F8F0020106081F31088104A106819
:10DA00001B68104A9446634499100A005C2B00D9A5
:10DA1000183A0121914001235B4200930023012227
:10DA200000F028F9D5E7C0467815002010F4021060
:10DA30000C2603109CF302107CF40210E503000096
:10DA4000FC99022000FFFF2F10B582B00A00036886
:10DA50002C498C46634499100C005C2B01D9183971
:10DA60000C000121A140284B1C78D0231B061B6809
:10DA70009C4220D040BF0468244B1B689C423BD092
:10DA80001C68002CFCD0BFF35F8F214C23680B4334
:10DA900023601E4B1B68BFF35F8F002119600023BA
:10DAA000D02109064B650168BFF35F8F0B6082F3DD
:10DAB000108802B010BD40BF0368BFF35F8F002025
:10DAC000186082F31088EFF30583DBB2002B04D1DA
:10DAD000104B186800F05EF9EBE7002301930D4B43
:10DAE000186801AA00F0A8F9019B002BE1D00A4BAD
:10DAF000802252051A60DCE7054C23680B43236043
:10DB0000CDE7C04600FFFF2F78150020B43C002071
:10DB100094990220FC99022004ED00E0F0B583B056
:10DB200005000F0016001C00EFF30583DBB2002B8D
:10DB300015D10368002B18D02C4A1178D022120678
:10DB40001268914217D0BFF35F8F00221A6087F3EB
:10DB5000108830002100F8F7C1FF03B0F0BD244B5E
:10DB6000244A25482549FCF7A9F8254B214A224893
:10DB70002449FCF7A3F830002100FFF713FE031E31
:10DB800025D02A68BFF35F8F0021116087F31088CA
:10DB90001D4A10682A681D498C46624491100D0088
:10DBA0005C2A01D918390D000121A94000930023F6
:10DBB000012200F05FF8164B5B6A9C420FD8144AB2
:10DBC000926AB2420FD29C4209D00120C5E72B686D
:10DBD000BFF35F8F00221A6087F31088EBE7FFF72F
:10DBE00013FE0020B9E70120B7E7C04678150020F2
:10DBF00010F40210D42503109CF302104A04000014
:10DC00007CF402104B040000FC99022000FFFF2F5F
:10DC10000040054010B5F8F709F8054B9C466044F4
:10DC20008000044B186000F018F8034B186010BD1A
:10DC300040000034B43C0020FC990220002A03D1AB
:10DC4000014206D1100003E00840884203D00020C2
:10DC500070470120FCE70120FAE710B51C2002F014
:10DC60007FFF041E03D0002308C000F0F1F820005D
:10DC700010BD0000F0B5C64600B506000D00170047
:10DC8000984600282FD080235B04994232D2002985
:10DC900037D002F085F8002802D1069B002B37D13F
:10DCA00001F02CFB3468424629002000FFF7C6FF34
:10DCB000002834D0002F48D02300AB43336000232A
:10DCC000069301F0EDFB069B002B08D000283FD007
:10DCD00002F006FA040083013DD52402240A200044
:10DCE00080BCB846F0BD254B254A48212548FF3168
:10DCF000FBF7E4FF244B224AA42122484900FBF70A
:10DD0000DDFF224B1E4A4A211E48FF31FBF7D6FF9A
:10DD10001F4B1B4AA6211B484900FBF7CFFF069B60
:10DD2000002BCED0002F0DD100214346002B02D076
:10DD30008023DB0419432943301D069A01F082FD3C
:10DD40000024BEE780214904EFE700230693B8E7EB
:10DD5000FFF75AFDBCE7FFF763FD34684246290030
:10DD60002000FFF76BFF002804D0002F02D0230013
:10DD7000AB433360FFF760FDAFE7C04690F402109D
:10DD8000582603109CF40210E8F4021020F502104B
:10DD900038F50210F8B504000D0000280DD08023DE
:10DDA0005B0499420FD206000C3601F0A7FA2069F5
:10DDB00023682B432360002717E0174B174A1848A6
:10DDC0001849FBF77BFF184B144A15481749FBF716
:10DDD00075FF21681940994206D111E0236880211E
:10DDE0008904194301F01EFE2800B0420CD045689A
:10DDF000026813021B0A5101EBD421680B42F3D0D5
:10DE0000D201EBD51F43E9E72368BB43236001F050
:10DE100047FB2068F8BDC04690F40210442603106A
:10DE20009CF40210320200008CF502103302000054
:10DE300010B5FFF7AFFF10BD10B51300034C0A007B
:10DE40000100200002F0EAFC10BDC04631DE0110E6
:10DE5000030008334360012252428260C3600361C1
:10DE600000230360704700230361704743684B60E1
:10DE70009A688A60516099600861036801330360A1
:10DE8000704730B50D686B1C10D0030008331C00C0
:10DE90005B681A68AA42FAD963684B6099608C6023
:10DEA0006160086103680133036030BD0469F3E712
:10DEB0000369416882688A60416851605A68824299
:10DEC00005D0002202611868013818607047826826
:10DED0005A60F6E70300406A002803D01B6B1B68FA
:10DEE0002020C01A704710B50400FFF799FCA26B00
:10DEF000E36B9A4204D00024FFF79EFC200010BD83
:10DF00000124F9E710B50400FFF78AFCA36B002B8E
:10DF100004D10124FFF790FC200010BD0024F9E794
:10DF200070B504001500866B026C002A0CD10368E2
:10DF3000002B03D000200136A66370BD806801F07D
:10DF40009BFF0023A360F6E7002D0DD14068FAF790
:10DF500043FD6368226C9B186360A26893421AD3E6
:10DF6000236863602800E6E7C068FAF735FDE368D8
:10DF7000226C51429B1AE3602268934202D2A3684A
:10DF80005B18E360022D01D00020D4E7002E04D0FE
:10DF9000013E0020CFE72800CDE70020CBE710B5F9
:10DFA000030008001A6C002A0AD0DC68A418DC60A0
:10DFB00099688C4201D31968D960D968FAF70CFDC9
:10DFC00010BD000070B582B00190846C002C0AD0A6
:10DFD000A26BE36B9A420CD2A26B93420FD800253E
:10DFE000280002B070BD194B194A1A481A49FBF7AC
:10DFF00065FE1A4B164A17481949FBF75FFE452381
:10E00000E65C76B2002201A92000FFF789FF050037
:10E01000731C0AD1636A002BE2D02000243001F087
:10E0200081FC0028DCD00125DAE701F075F9864291
:10E03000D6D27F2E04D0013676B24523E654CFE700
:10E04000084B034A03480849FBF738FEC0F50210A5
:10E05000EC260310D4F50210F80C000018F602109C
:10E06000F90C000060F60210190D000070B50500F3
:10E07000FFF7D6FB4523EC5C64B20AE06B6A002B29
:10E0800017D02800243001F04DFC00280ED1013CAF
:10E0900064B2002C0DDDAB6C002BEFD02800FFF735
:10E0A00091FF0028F3D001F09FFDF0E701F09CFD07
:10E0B000EDE74523FF22EA54FFF7BEFBFFF7B0FB75
:10E0C0004423EC5C64B201E0013C64B2002C0BDD43
:10E0D0002B69002B08D02800103001F023FC002809
:10E0E000F2D001F081FDEFE74423FF22EA54FFF76D
:10E0F000A3FB70BDF8B504000D0000282AD0C26B48
:10E10000002A51D0036C0026110C1F0C002935D1B8
:10E11000391E26D1002E47D1FFF782FB2268E36B20
:10E12000206C010059435118A1600021A163626075
:10E13000013B4343D218E260FF234422A35401323F
:10E14000A354002D27D12369002B1BD1FFF774FBAB
:10E150000120F8BD184B194A38211948FF31FBF747
:10E16000ADFD101C92B29BB2534380B289B24143C1
:10E170001B0CC918090CCDD00126CBE7180CFBD11C
:10E18000181CEFE72000103001F0CCFB0028DDD098
:10E19000FFF73AFBDAE720001030FFF759FE2000C6
:10E1A0002430FFF755FED1E7064B044AB621044858
:10E1B0004900FBF783FDC04684F6021030270310A8
:10E1C000D4F502108CF6021070B51D00049C0029D5
:10E1D0000BD12460E063216401212000FFF78AFF56
:10E1E0005023E5540023A36470BD2260F2E70000D1
:10E1F000F0B583B004000D00170000282ED00022D7
:10E20000030C080C002B25D1031E16D1002A25D1A2
:10E21000280060430300553320D8543002F0A0FC9E
:10E22000061E07D00200543200903B002900200057
:10E23000FFF7CAFF300003B0F0BD201CA6B2A9B2A0
:10E24000714380B29BB24343090C5B181B0CDDD0B9
:10E250000122DBE7290CFBD1281CEFE7024B034A24
:10E2600003480449FBF72AFDB0F602101C270310EF
:10E27000D4F502102A020000F0B585B004000F00AA
:10E2800001921E00002813D0002917D0022E02D1BF
:10E29000E36B012B1BD101F083FD051E1ED1019BF9
:10E2A000002B5CD04E4B4F4A4F485049FBF706FDC0
:10E2B0004F4B4C4A4C484F49FBF700FD036C002B79
:10E2C000E4D04D4B474A48484C49FBF7F7FC4C4BD0
:10E2D000444AEE2144488900FBF7F0FC00253EE06B
:10E2E000A56B320039002000FFF71AFEA36C002B4B
:10E2F00010D0022E01D1002D04D12000FFF762FEC4
:10E30000002804D1FFF798FA012005B0F0BDFFF70F
:10E310007BFAF7E7636A002B04D10028F2D0FFF7FD
:10E3200073FAEFE72000243001F0FCFA0028E9D06E
:10E33000FFF76AFAE6E7FFF77FFA0020E5E702A8B1
:10E3400001F0EAFB013517E00022E2541FE0002251
:10E35000E25421E02000FFF789FE01F0A1F8FFF769
:10E360005FFAA26BE36B9A42BAD3022EB8D0019B3C
:10E37000002BE0D0002DE2D0FFF75EFA00F0BEFFE8
:10E38000FFF74EFA4423E25C52B20132DCD045235F
:10E39000E25C52B20132DAD0FFF74EFA01A902A8CC
:10E3A00001F0C6FB002813D12000FFF79CFD0028D8
:10E3B000D0D001992000103001F026FA2000FFF79C
:10E3C00055FE01F06DF80028C9D1FFF71DFAC6E728
:10E3D0002000FFF74BFE01F063F8002095E7C046F0
:10E3E00038F5021008270310D4F50210BB03000013
:10E3F00084F60210B6030000BCF60210B70300005A
:10E4000014F7021010B5002807D0002383600360C2
:10E41000C36000220021FFF72FFF10BD10B50200DE
:10E4200000210120FFF7E4FE0400FFF7EBFF2000CE
:10E4300010BD0000F0B5D646474680B583B0040055
:10E440000F0001921D00002819D000291ED0022DB6
:10E4500002D1E36B012B22D1FFF70AFA8046A26BAF
:10E46000E36B9A4221D3022D1FD000244046FFF7D0
:10E4700003FA200003B0C0BCBA46B046F0BD334B2F
:10E48000334A92213348C900FBF718FC036C002B78
:10E49000DDD0314B2E4A2F483049FBF70FFC304B73
:10E4A0002B4A2C482F49FBF709FC4523E65C76B242
:10E4B000A36B9A462A0039002000FFF731FD731C38
:10E4C00025D1A36C002B10D0022D02D15346002B76
:10E4D0002FD12000FFF776FD00282CD0019A002ACA
:10E4E0002BD0012313600124C0E7636A002B01D104
:10E4F0000124BBE72000243001F014FA00281ED0CC
:10E50000019A002A1DD0012313600124AEE700F018
:10E5100003FF864217D27F2E05D0013676B24523FF
:10E52000E6540124A2E7104B094A0A480F49FBF7B9
:10E53000C5FB01249AE7012498E7012496E701240A
:10E5400094E7012492E7012490E7C04684F6021084
:10E55000D0260310D4F50210BCF60210910400007E
:10E5600014F702109204000060F602101E0500006D
:10E57000F8B504000D00002821D0036C002B25D134
:10E580000368002B28D0FFF773F90600A36BE26B3A
:10E590009A424DD94522A75C7FB20133A3637B1C0D
:10E5A00034D1A36C002B20D02000FFF70BFD0028F6
:10E5B00044D0002D44D001232B60012439E0244BAA
:10E5C000244AA8212448C900FBF778FB234B214AA1
:10E5D00021482349FBF772FB8368002BD3D0214BE2
:10E5E0001C4A1D482049FBF769FB636A002B01D1D7
:10E5F00001241EE02000243001F094F9002821D0ED
:10E60000002D21D001232B60012412E000F084FEB4
:10E6100087421BD27F2F05D001377FB24523E754B5
:10E62000012406E0114B0B4A0B481149FBF746FB4E
:10E6300000243000FFF720F92000F8BD0124F8E79E
:10E640000124F6E70124F4E70124F2E70124F0E7CE
:10E6500084F60210BC260310D4F5021064F70210F1
:10E660004405000080F702104905000060F6021022
:10E67000CB050000F0B585B004000E000192002823
:10E680000ED0002912D001F08BFB051E17D1019B83
:10E69000002B4ED0434B444A44484549FBF70EFB00
:10E6A000444B414A41484449FBF708FB036C002BAB
:10E6B000E9D0424B3C4A3D484149FBF7FFFA00256F
:10E6C00037E031002000FFF76AFC013FA7632369B0
:10E6D000002B04D1FFF7B0F8012005B0F0BD2000F9
:10E6E000103001F01FF90028F4D0FFF78DF8F1E7A2
:10E6F000FFF7A2F80020F0E702A801F00DFA0135BB
:10E7000021E044230022E25428E045230022E25481
:10E7100029E02000FFF7AAFC00F0C2FE09E020007B
:10E72000FFF7A4FC00F0BCFE2000FFF7EBFB002885
:10E7300035D1FFF775F8A76B002FC2D1019B002BD5
:10E74000D6D0002DD8D0FFF777F800F0D7FDFFF72F
:10E7500067F84423E35C5BB20133D2D04523E35C2A
:10E760005BB20133D1D0FFF767F801A902A801F02D
:10E77000DFF90028D3D12000FFF7C4FB0028C8D060
:10E7800001992000243001F03FF82000FFF76EFCD3
:10E7900000F086FE0028CCD1FFF736F8C9E700204C
:10E7A0009BE7C04638F50210AC260310D4F50210E2
:10E7B000F2050000E4F70210E9050000F0F702108E
:10E7C000ED05000070B584B0041E01910BD0036C00
:10E7D000002B0ED101F0E4FA061E16D1019B002B8E
:10E7E0000DD1050058E0514B514A52485249FBF7B0
:10E7F00065FA524B4E4A4F485149FBF75FFA514B6D
:10E800004B4A4C485049FBF759FA0025002643E093
:10E81000013BA3632368002B07D02369002B08D199
:10E82000FFF70AF8012004B070BD01F065FCA0609C
:10E83000F3E72000103001F075F80028F0D0FEF763
:10E84000E3FFEDE7FEF7F8FF0020ECE702A801F098
:10E8500063F901362AE044230022E25431E04523E3
:10E860000022E25432E0FEF7DBFFA06801F0AAFAD2
:10E870000500FEF7E1FF39E02000FFF7F7FB00F0AD
:10E880000FFE09E02000FFF7F1FB00F009FE200079
:10E89000FFF738FB002838D1FEF7C2FFA36B002B2F
:10E8A000B6D1019B002BCDD0002ECFD0FEF7C4FFF8
:10E8B00000F024FDFEF7B4FF4423E35C5BB20133B8
:10E8C000C9D04523E35C5BB20133C8D0FEF7B4FF87
:10E8D00001A902A801F02CF90028D3D12000FFF7EC
:10E8E00011FB0028C8D02368002BBCD00199200060
:10E8F000243000F089FF2000FFF7B8FB00F0D0FDC6
:10E900000028C9D1FEF780FFC6E7002D01D1002005
:10E9100089E7FEF785FF2000FFF7DCFA0100A06819
:10E9200001F00AFBFEF788FFF1E7C046E4F70210AA
:10E9300098260310D4F502108206000064F7021036
:10E940008606000038F502108B060000F0B5C646BA
:10E9500000B582B004000D000192002819D00029F2
:10E960001DD0FEF785FF0700A66B002E40D0442384
:10E97000E35C5BB2984629002000FFF710FB013EE4
:10E98000A6634346013320D12369002B10D1012413
:10E990002FE01F4B1F4A20482049FBF78FF9036CDB
:10E9A000002BDED01E4B1B4A1B481E49FBF786F985
:10E9B0002000103000F0B6FF002822D0019A002A73
:10E9C00021D001231360012413E000F0A5FC804551
:10E9D0001BD243467F2B05D001335BB24422A354A4
:10E9E000012406E0104B0B4A0B481049FBF766F96F
:10E9F00000243800FEF740FF200002B080BCB8467B
:10EA0000F0BD0124F5E70124F3E70124F1E7C04656
:10EA100084F6021080260310D4F50210FD070000D2
:10EA20004CF80210FE070000A0F802104408000095
:10EA300070B5002804D0002922D00024002209E06B
:10EA4000104B114A11481249FBF738F9114BEC18D9
:10EA500014E00132072A0FD80E4BD5005B195B6812
:10EA60008342F3D0002CF4D10A4BD500EB58002B95
:10EA7000EFD1084BEC18ECE7002C01D0216060606E
:10EA800070BDC046C4F802106C260310D4F5021005
:10EA9000C90B0000389A022070B504000D00160062
:10EAA000FEF7BEFE4423E35C5BB201330DD0452389
:10EAB000E35C5BB201330CD0FEF7BEFEA36B002B10
:10EAC0000BD02000FFF7D2FA70BD44230022E2549D
:10EAD000EDE745230022E254EEE720002430320027
:10EAE000290000F0EFFEECE7002803DB814202DCA6
:10EAF000481E00E000207047002301E00130013390
:10EB00000278A52AFAD0980870470000084B1B68C5
:10EB10001B68002B04D1074B012252421A60704738
:10EB2000034B1B68DB681A68024B1A60F7E7C046A4
:10EB3000C03C0020109A022010B5002805D0426980
:10EB4000114B9A4207D0002010BD104B104A1148BB
:10EB50001149FBF7B3F8836A104A934210D0002B97
:10EB600009D00020F0E7C218C532FF321278012A1E
:10EB700008D0013300E00023002BF4DD0120E3E79F
:10EB80000020E1E70020DFE7849A0220CCF80210A1
:10EB9000F0280310D4F80210DE0C0000249A0220A2
:10EBA000F8B5DE46574680B582460E0015009B46F6
:10EBB0000A9C206B9200A521F9F708FF276B364BC2
:10EBC0009C466544AD007F19072297436764002E79
:10EBD0000DD000250F2D07D8725D631934331A70DC
:10EBE000002A01D00135F5E743230022E254089BB7
:10EBF0001F2B4BD8089BE3622365201DFFF733F9D9
:10EC000020001830FFF72FF924612023089A9B1A5F
:10EC1000A361646220008030A02252000021F9F735
:10EC2000D5FE1E4B8422A350190068310432A15036
:10EC3000D0330432A35023001933FF3301200021C5
:10EC40001860596090235B00154AE2520233154A5E
:10EC5000E2520233144AE2520233144AE2520233BD
:10EC6000134AE25202330522E25202330632E252E2
:10EC70005A4651463800FEF7B5FD2060099B002B2F
:10EC800000D01C60C0BCBB46B246F8BD094B0A4A66
:10EC90000A480B49FBF712F8FFFFFF3F1030002036
:10ECA0000E330000CDABFFFF341200006DE6FFFF16
:10ECB000ECDEFFFF18F9021054290310D4F80210FB
:10ECC00066070000F0B587B00490059116001F009C
:10ECD000900001F045FF051E1FD0E420400001F028
:10ECE0003FFF041E15D0E42252000021F9F76EFE0A
:10ECF00025630023039302940D9B01930C9B0093C7
:10ED00003B00320005990498FFF74AFF200007B046
:10ED1000F0BD280001F0F0FFF8E70400F6E700007E
:10ED200070B5002407E0A3001B1998000E4BC01813
:10ED3000FFF78EF801341F2CF5D90C4D2800FFF792
:10ED400087F80B4C2000FFF783F80A48FFF780F89C
:10ED50000948FFF77DF80948FFF77AF8084B1D606E
:10ED6000084B1C6070BDC046D03C0020D4990220E6
:10ED7000E8990220249A0220989A0220849A02207C
:10ED8000C03C0020C83C002010B50400FEF748FD40
:10ED9000284A136801331360274B1B68002B0CD0E3
:10EDA000264B1B68002B0DD1234B1B68DA6AE36AE4
:10EDB0009A4207D8204B1C6004E01F4B1C6013686C
:10EDC000012B31D01E4A136801331360A364E16A3A
:10EDD0001C4B1B68994201D91A4B19601A4A8B00C7
:10EDE0005B189B00D3185B68A3609868E060211DE6
:10EDF00041609960E06A830019188900891861618F
:10EE000019188900895801311B189B009950FEF789
:10EE100013FD0A4B1B68002B05D0074B1B68DA6AF1
:10EE2000E36A9A4203D310BDFFF77AFFCAE7FEF701
:10EE3000EBFCF8E798990220B83C0020789A022071
:10EE4000A4990220A8990220D03C002010B504000B
:10EE5000803009F097F9206B01F04EFF200001F09F
:10EE60004BFF10BD10B514E0FEF7DAFC0B4BDB686E
:10EE7000DC68201DFFF71CF8094A1368013B13608A
:10EE8000084A1368013B1360FEF7D6FC2000FFF729
:10EE9000DDFF044B1B68002BE6D110BD989A0220C1
:10EEA000989902209C99022010B5FFF7DBFF034BD5
:10EEB0001B68012BF9D9FEF7A7FCF6E7D03C002030
:10EEC000F0B583B004000191214B1E68214B1F68EF
:10EED000214B1D68214B1968C622FF32002088543F
:10EEE00018680430FEF7E4FF631C0DD034191B4B87
:10EEF0001B685C60A6421ED9184B196804312800B3
:10EF0000FEF7BFFF03B0F0BD019B002BEED0144A0B
:10EF10005168124B1868816018688C68C460186862
:10EF2000043060601868043088601B685A61136898
:10EF300001331360E6E7094B196804313800FEF726
:10EF4000A0FF084B1B68A342DCD9064B1C60D9E725
:10EF5000AC9A0220C03C0020C83C0020B83C0020F5
:10EF6000849A0220109A022010B5040009F06AF970
:10EF7000200009F077F902E02023235401300E2805
:10EF8000FAD920180023037010BD10B582B0059C7B
:10EF90000194049C0094FFF795FE002804D0FFF72D
:10EFA000F3FE012002B010BD01204042FAE700004C
:10EFB00010B586B000230F2B17DC0F4AD25C02A9D4
:10EFC000CA54002A11D00133F5E780220B48A30070
:10EFD0000B495B18019300230093D20002A9FFF7AD
:10EFE000D4FF002805D0013401E000240120002CCA
:10EFF000EBDD06B010BDC04628F90210A9EE0110E5
:10F00000049A0220F0B5C64600B5041E1FD0244B5A
:10F010001B68834235D0FEF703FC6569A66A214B65
:10F020001F68214B1B689846FEF706FC1F4B9E424B
:10F030002BD0BD422BD045452BD01D4B9D420CD033
:10F040001C4B9D4229D0002D19D001201AE01A4BEB
:10F050001A4A1B481B49FAF731FEA36A002B09D054
:10F0600002200FE0E218C532FF321278012A12D0D6
:10F07000013300E00023002BF4DD032002E0042034
:10F0800000E0002080BCB846F0BD0120FAE7022075
:10F09000F8E70220F6E70220F4E70420F2E7C04692
:10F0A000B83C0020C03C0020C83C0020249A02202C
:10F0B000849A0220989A02204CF9021038290310F1
:10F0C000D4F80210C209000010B50400FEF7A8FB36
:10F0D000002C04D0E46AFEF7AFFB200010BD014B0A
:10F0E0001C68F7E7B83C002070B504000D001F292C
:10F0F00012D8FEF795FB002C14D0236D9D4230D022
:10F1000013D9304A1268A2422ED02E4A1268D26A0F
:10F11000AA422BD300260DE02B4B2C4A2C482D491C
:10F12000FAF7CCFD274B1C68E7E7264A1268A24293
:10F130001ED00026E26A934201D0954200D9E562D2
:10F140002565A369002B02DB20235B1BA36161699A
:10F1500093009B189B00204A9B1899420AD0002ECE
:10F160002CD1FEF769FB70BD0026E3E70126E1E73D
:10F170000126DFE7251D2800FEF79AFEE16A174BFE
:10F180001B68994201D9154B1960134A8B005B1813
:10F190009B00D3185B68A3609968E1604D609D6037
:10F1A000E06A8300191889008918616119188900BB
:10F1B000895801311B189B009950D0E7FEF724FBBA
:10F1C000CFE7C046B83C002054F9021024290310B0
:10F1D000D4F80210DC0A0000D03C0020A8990220DC
:10F1E00070B5041E0DD0204B1B68834208D0FEF77B
:10F1F00017FB2000FFF7A0FC002808D1FEF71CFB3E
:10F2000070BD1A4B1A4A1B481B49FAF757FD251DBA
:10F210002800FEF74DFEE16A184B1B68994201D9A0
:10F22000164B1960164A8B005B189B00D3185B685D
:10F23000A3609968E1604D609D60E06A83001918E1
:10F2400089008918616119188900895801311B18D2
:10F250009B009950044B1B68DA6AE36A9A42CDD24C
:10F26000FEF7D2FACAE7C046B83C002068F902109F
:10F2700008290310D4F80210220D0000A8990220DA
:10F28000D03C002010B5FFF793FE012804D00130D8
:10F2900019D0104B1B6810BD01F094FA0128F6D16B
:10F2A00072B60D4B1B6880330C4A13600C4B012265
:10F2B00052421A600B4B02321A600B4B00221A604A
:10F2C000FEF70AFBE5E7094B094A0A480A49FAF73B
:10F2D000F5FCC0466C290310B83C0020081B002038
:10F2E000109A0220789A0220AC9A022078F9021033
:10F2F000DC280310D4F80210AD0E0000024A136897
:10F30000013313607047C046A0990220014B186872
:10F310007047C046AC9A0220014B18687047C0463F
:10F3200098990220F8B54F4B1B68002B00D093E052
:10F330004D4B1E6801361E60002E10D14B4B1B68D2
:10F340001B68002B21D1494A1168494B186810608D
:10F350001960484A136801331360FFF7D7FB464B27
:10F360001B68B34217D90020444B1B68D96A444A32
:10F370008B005B1899008B58012B00D90120414B61
:10F380001B68002B6DD001206BE03F4B3F4A40488B
:10F390004049FAF793FC002033E0374B01225242F8
:10F3A0001A60E1E7344B1A60DEE7D96851603EE04D
:10F3B00000219962116801391160DA6A36490968D9
:10F3C0008A4201D934490A602D499400A418A20048
:10F3D0008A1852689A609468DC6065609560DC6A9F
:10F3E000A2001719BD006D185D61BD006D58013593
:10F3F000BC006550DA6A214B1B68DB6A9A4200D96F
:10F4000001201A4B1B681B68002BC6D0174B1B68CA
:10F41000DB68DB685A689642C4D35A699C68D9682D
:10F42000A1609C684C6051681D1DA942BDD000219F
:10F4300059611168013911609A6A002ABDD0DC69EE
:10F44000196AA160DC694C605468190018318C425B
:10F45000AED1196A5160ABE7104A136801331360EB
:10F460000020F8BDA0990220AC9A0220C03C0020E8
:10F47000C83C0020149A0220109A0220B83C0020B8
:10F48000D03C0020B89A02208CF90210B828031052
:10F49000D4F8021063120000A8990220209A0220DA
:10F4A00010B5FEF7BDF94A4B1B68002B0DD0484B39
:10F4B0001A68013A1A601B68002B00D082E0454BA5
:10F4C0001B68002B0DD100247DE0434B434A444888
:10F4D0004449FAF7F3FB196A516015E0D9685160A5
:10F4E00021E00023404A1268002A4AD03E4BDB68E4
:10F4F000DB689A6AD869196A8160D869486050687F
:10F50000190018318842E6D000219962116801394A
:10F5100011605A699868D968816098684860516834
:10F520001C1DA142DAD00021596111680139116016
:10F53000D86A2E4A1268904201D92C4A10602C4990
:10F540008200121892008A1852689A609068D860F7
:10F5500044609460DC6AA200101980004018586171
:10F560001019800040580130121992005050D96A89
:10F57000204A1268D26A9142B4D91F4A012111600F
:10F58000B0E7002B01D0FFF7C1FA1C4B1C68002C20
:10F590000CD1194B1C68002C15D0164B1B68FEF7BC
:10F5A00033F901240FE0013C002C07D0FFF7BAFE2D
:10F5B0000028F8D0104B01221A60F4E70F4B00220C
:10F5C0001A60E6E70024FEF737F9200010BDC046B8
:10F5D000A09902209899022004FA0210CC28031066
:10F5E000D4F802108F0F0000249A0220A89902205C
:10F5F000D03C0020B83C0020B89A0220209A02207B
:10F6000010B5041E0DD0FFF779FE0B4B1B68012BC4
:10F610000AD100212000FFF753FCFFF741FF00282B
:10F6200001D1FEF7F1F810BD044B054A99210548B8
:10F630000901FAF743FBC046A09902204CFA0210D8
:10F6400048290310D4F8021010B52E4B1B68002B6C
:10F6500003D02D4B01221A6010BD2B4B00221A60E3
:10F660002A4B1B681B6B1968294A914202D15968C1
:10F67000914212D0254B196834311868E1F750F9DE
:10F68000244B1B6824499A00D21890004258002A43
:10F6900011D1002B09D0013BF4E799689142E9D1DF
:10F6A000DA681B4B9A42E5D1EAE71C4B1C4A1D481D
:10F6B0001D49FAF703FB08009900CC18A200821834
:10F6C000546864685460C9188A0008321218944259
:10F6D00010D0114A9900C918880012185268D168D0
:10F6E0000A4A11600B490B601368136880330F4A94
:10F6F0001360B1E702009900C91888001218D16898
:10F700005160E6E7A0990220B89A0220B83C002098
:10F71000A5A5A5A5A8990220D03C002068FA021052
:10F72000A4280310D4F80210FE130000081B0020C8
:10F7300070B50400FEF774F8002C1CD0251D2800BD
:10F74000FEF7B6FBA36A002B03D020001830FEF7AB
:10F75000AFFB24482900FEF789FB0023002B0DDDB9
:10F76000FEF76AF8204B1B68002B15D11F4B1B6856
:10F77000A34218D070BD1D4B1C68DFE7E218C532EC
:10F78000FF321278012A01D00133E7E7E218C532CF
:10F79000FF3200211170F7E7FEF742F8FFF7B6F9E4
:10F7A000FEF74AF8E2E7104B1B68002B0CD0104B19
:10F7B0001B68002B02D1FEF727F8DBE70D4B0E4A42
:10F7C0000E480F49FAF77AFA064B1B680D4A126881
:10F7D0009A4203D1054B00221A60CBE7FFF734FFB2
:10F7E000C8E7C046849A0220789A0220B83C0020DC
:10F7F000A099022030F9021014290310D4F8021045
:10F80000AA0C00009899022010B50C00002809D01D
:10F81000074B19681831FEF734FB01212000FFF770
:10F820004FFB10BD034B044A04480549FAF746FA5A
:10F83000B83C002078FA02108C280310D4F802108B
:10F840008414000070B503001000002B1ED0154A70
:10F850001268002A20D0144C2568802212060A4320
:10F86000AA615A682168CA61216895680D62216899
:10F8700018316960216818319160226893621A68B2
:10F8800001321A600121FFF71BFB70BD074B084ACC
:10F8900008480949FAF712FA084B054A0548084989
:10F8A000FAF70CFAA0990220B83C002078FA02106E
:10F8B0006C280310D4F80210A214000084FA02107D
:10F8C000A614000070B5030008001100002B18D02A
:10F8D0005A680F4C2568EA61256896682E6225688B
:10F8E00018357560256818359560226893621A6826
:10F8F00001321A60002901D001204042FFF7E0FAEE
:10F9000070BD044B044A05480549FAF7D7F9C046CB
:10F91000B83C002078FA02104C280310D4F80210EA
:10F92000C214000010B5C368DB68002B4CD09A6A83
:10F93000D869196A8160D869486051681800183020
:10F94000814247D0002199621168013911602B4A28
:10F950001268002A44D15A699868D9688160986809
:10F96000486051681C1DA14237D0002159611168BF
:10F9700001391160D86A224A1268904201D9204A9E
:10F98000106020498200121892008A1852689A600A
:10F990009068D86044609460DC6AA200101980000E
:10F9A0004018586110198000405801301219920017
:10F9B0005050DA6A144B1B68DB6A9A421CD9134B0D
:10F9C00001221A60012010BD114B124A124813493E
:10F9D000FAF774F9196A5160B4E7D9685160C4E75D
:10F9E0000F4A5168D9618C681C62606088609A62B5
:10F9F000116801311160DCE70020E4E7A0990220E2
:10FA0000A8990220D03C0020B83C0020B89A0220DF
:10FA1000B0FA021030280310D4F80210F9140000D4
:10FA2000249A022010B5314B1B68002B4CD0802348
:10FA30001B060B430360C368002B4BD0026944686C
:10FA40008168A16044684C605168814248D00021BF
:10FA500001611168013911605A699868D96881603B
:10FA60009868486051681C1DA1423CD00021596132
:10FA7000116801391160D86A1D4A1268904201D993
:10FA80001B4A10601B498200121892008A185268A3
:10FA90009A609068D86044609460DC6AA200101993
:10FAA0008000401858611019800040580130121928
:10FAB00092005050DA6A104B1B68DB6A9A4202D9F6
:10FAC0000E4B01221A6010BD0D4B0E4A0E480F4915
:10FAD000FAF7F4F80E4B0B4A0B480E49FAF7EEF81A
:10FAE00081685160B3E7D9685160BFE7A0990220EF
:10FAF000A8990220D03C0020B83C0020B89A0220EF
:10FB000084FA02100C280310D4F8021047150000E4
:10FB1000B0FA021052150000034B1B680360034B40
:10FB20001B6843607047C046149A0220AC9A0220BA
:10FB3000F8B504000D00002819D000291DD0FDF7EC
:10FB40006FFE204B1A686368D61A1F490868C621E1
:10FB5000FF31415C002916D01B4B1A68C623FF33C6
:10FB60000021D1540124FDF767FE2000F8BD174B9A
:10FB7000174A18481849FAF7A1F8184B144A1548BB
:10FB80001749FAF79BF82968481C18D027681548C8
:10FB90000068874205D0934203D800232B600124DC
:10FBA000E1E7B14203D800232B600124DBE79B1A75
:10FBB0005B182B602000FFF7AFFF0024D3E7002481
:10FBC000D1E7C046AC9A0220B83C0020C0FA02102F
:10FBD000F4270310D4F80210A9150000CCFA021083
:10FBE000AA150000149A0220014B01221A607047E6
:10FBF000B89A022070B504000D001600002827D026
:10FC00002C60220034326A60E26A2A61226BEA6167
:10FC100022682A62626C6A62A26CAA60226D6A61C2
:10FC20000022AA61052B34D01F4A1268A24212D0CA
:10FC30002B73032B12D0FDF7F3FDA26A1B4B9A42E4
:10FC400024D0FDF7F9FD002E28D10023AB6270BD52
:10FC5000154A1468D4E700232B73F4E7FFF74EFB33
:10FC6000A36A002B07D002232B73FFF719FCE2E7EE
:10FC700002232B73F9E70023002BF6DCE218C532D0
:10FC8000FF321278012AF3D00133F5E701232B73F9
:10FC9000D7E72000FFF7B6F92873D4E7206BFEF70B
:10FCA0002BFFA862D3E7C046B83C0020249A02206C
:10FCB000F0B5C64600B506001700082398468844EC
:10FCC0000D68002D0ED0CC68002509E0E0682C21DD
:10FCD000694371183B000122FFF78CFF013564680E
:10FCE0004445F3D1280080BCB846F0BDF8B5060005
:10FCF0000C001700FFF702FB204B1B68A34237D80C
:10FD000020240025013C2C2068433018A10009194B
:10FD100089001B4BC9180122FFF7CAFF2D18002CC0
:10FD2000F0D12C34200068433018164B1968022299
:10FD3000FFF7BEFF4519200068433018124B1968C1
:10FD40000222FFF7B5FF45192000684330180F491C
:10FD50000422FFF7ADFF45196C4330190C4903220B
:10FD6000FFF7A6FF4519002F03D000233B6000E0FA
:10FD70000025FFF795FB2800F8BDC04698990220A2
:10FD8000D03C0020C03C0020C83C0020989A0220B3
:10FD9000849A0220014B18687047C046B83C002086
:10FDA000064B1B68002B07D0054B1B68002B01D0AE
:10FDB000002002E0022000E001207047789A022033
:10FDC000A099022070B5041E4CD0C26A274B1B6854
:10FDD000DB6A9A423ED28369002B05DB234B1B680A
:10FDE000D96A20235B1A8361616993009B189B0089
:10FDF0001F4A9B18994205D01C4B1B68DB6AE362C3
:10FE0000012030E0251D2800FEF752F8174B1B6833
:10FE1000D96AE162174B1B68994201D9154B1960E9
:10FE2000134A8B005B189B00D3185B68A36099682A
:10FE3000E1604D609D60E06A8300191889008918AF
:10FE4000616119188900895801311B189B0099506C
:10FE5000012008E0026D054B1B68DB6A9A4203D360
:10FE6000002000E0002070BD0120FCE7B83C00202D
:10FE7000D03C0020A899022070B5041E45D0254B27
:10FE80001B6883420CD1436D002B0FD0013B4365AF
:10FE9000C16A026D91423AD0002B0DD0002070BD96
:10FEA0001D4B1E4A1E481F49F9F708FF1E4B1B4AEF
:10FEB0001B481E49F9F702FF051D2800FDF7F8FF52
:10FEC000216DE16220235B1AA361194B1B689942E3
:10FED00001D9174B1960174A8B005B189B00D31888
:10FEE0005B68A3609968E1604D609D60E06A830093
:10FEF0001918890089186161191889008958013118
:10FF00001B189B0099500120C9E70020C7E700207B
:10FF1000C5E7C046B83C0020DCFA0210DC2703101D
:10FF2000D4F802102C1A0000F4FA02102D1A000066
:10FF3000A8990220D03C002070B5041E0BD0426D61
:10FF4000002A09D0036D8B4200D20B00E16A99426E
:10FF500001D0012A06D070BD214B224A22482349F4
:10FF6000F9F7ACFE224A1268A24232D0E362A269DB
:10FF7000002A02DB2022D31AA36162698B005B187E
:10FF80009B001C495B189A42E5D1251D2800FDF70E
:10FF90008FFFE16A184B1B68994201D9164B196013
:10FFA000144A8B005B189B00D3185B68A3609968A8
:10FFB000E1604D609D60E06A83001918890089182E
:10FFC000616119188900895801311B189B009950EB
:10FFD000C1E70A4B034A04480949F9F76FFEC046D6
:10FFE000F4FA0210B8270310D4F802108A1A00009D
:10FFF000B83C0020D03C0020A89902200CFB021045
:020000041002E8
:10000000A51A0000F0B5DE4657464E464546E0B517
:1000100087B006008846002303702E4B1C681B68BF
:100020002C20584300F09CFD824600284BD0002233
:100030002100FFF75BFE05900027002524E05823F0
:100040009B462B00103343453AD861683000FEF7D9
:100050008BFF06000F354346013BAB4230D9434688
:100060005B1B99462369A16AA0681B4A0290019113
:1000700000935B4649463000F9F7A2FD4946FEF77A
:1000800033FD2D1836180137059B9F4218D22C24BA
:100090007C435444237B042B0CD89B000F4AD35839
:1000A0009F4642239B46CCE753239B46C9E7442304
:1000B0009B46C6E700239B46C3E752239B46C0E707
:1000C000504600F019FE07B0F0BCBB46B246A94648
:1000D000A046F0BD9899022024FB0210442703108B
:1000E000044B1A6890691A68D16A1A6820235B1A4F
:1000F00093617047B83C0020034B1868002802D079
:10010000436D013343657047B83C0020F8B50400E7
:100110000F0015001E00002842D1FFF7EFF8FDF791
:100120007FFB304B1A681219C532FF321378022B4D
:100130003CD02C490868230070339B001A58BA43FE
:100140001A500A681219C532FF3201231370069B38
:10015000002B2FD1FDF770FB0027FFF7A1F9012F2E
:1001600030D0FDF75DFB002E06D01E4B1A68230031
:1001700070339B009B5833601A4B1B681B19C533A7
:10018000FF331B78022B22D00025164B1B681B194E
:10019000C533FF3300221A70FDF74EFB2800F8BD6F
:1001A000114B124A12481349F9F788FDFDF744FB39
:1001B0000027D2E7FDF740FB01210698FEF780FEFD
:1001C0000127CAE70028CCD1FDF71EFBC9E7054B84
:1001D0001968230070339B005A58AA435A500125CE
:1001E000D3E7C046B83C002034FB0210A027031020
:1001F000D4F80210331E0000F8B504000D001600FC
:100200001F00002919D100281DD0FDF709FB069B0E
:10021000002B05D02B0070339B001B59069A1360EE
:100220006319C533FF331A78D2B202211970042F33
:100230002BD8BB003E49CB589F463E4B3E4A3F48D9
:100240003F49F9F73BFD3F4B3B4A3C483E49F9F7F4
:1002500035FD7035AD002B5933432B51012A1ED08B
:100260000124FDF7E9FA2000F8BD7035AD002B59E7
:1002700001332B51F2E77035AD002E51EEE7022A23
:1002800053D07035AD002E51E8E7304B1B68002B82
:10029000E4D02F4B284A29482E49F9F70FFD63690E
:1002A000A168E2688A60A16851605A68201D824294
:1002B0002ED0002262611A68013A1A60E16A264B68
:1002C0001B68994201D9244B1960244A8B005B18A2
:1002D0009B00D3185B68A3609968E16048609860F0
:1002E000E06A83001918890089186161191889006A
:1002F000895801311B189B009950A36A002B0AD121
:10030000174B1B68DA6AE36A9A420AD30124A8E70A
:10031000E2685A60CDE7134B074A08481249F9F7DB
:10032000CDFCFDF771FA01249BE7002499E7C04654
:100330005827031048FB02108C270310D4F8021032
:10034000A81E00005CFB0210A91E0000AC9A02204F
:100350006CFB0210DE1E0000A8990220D03C002099
:10036000B83C00208CFB0210ED1E000070B50400AC
:100370000D001600002855D0002959D1FDF778FA54
:100380006319C533FF331A78022119707035AD0037
:100390002B5901332B51012A41D1A36A002B4DD196
:1003A000324B1B68002B52D16369A168E2688A60F6
:1003B000A16851605A68251DAA4245D00022626199
:1003C0001A68013A1A60E16A294B1B68994201D9FF
:1003D000274B1960274A8B005B189B00D3185B687A
:1003E000A3609968E1604D609D60E56AAB005919B2
:1003F00089008918616159198900895801315B198F
:100400009B009950E26A1C4B1B68DB6A9A4206D932
:10041000002E01D001233360184B01221A60FDF732
:100420002BFA70BD164B174A17481849F9F746FCC6
:10043000174B144A14481749F9F740FC164B114A58
:1004400011481649F9F73AFCE2685A60B6E7144BCE
:100450005A68E261956825622100183169609160EF
:10046000A3621A6801321A60CCE7C046A099022044
:10047000A8990220D03C0020B83C0020B89A022065
:100480005CFB02106C270310D4F80210C41F00009C
:1004900048FB0210C51F00008CFB0210EE1F00007D
:1004A000249A0220074B1A681368002B06D10133E7
:1004B0000360002B04D1D368186870470023F7E766
:1004C0000020FAE7BC3C002010B541600061914279
:1004D0000CD8D21A83699A4201D3012010BD011DA4
:1004E000094B1868FDF7CDFC0020F7E79A4201D2CE
:1004F000994206D2011D054B1868FDF7C2FC002089
:10050000ECE70120EAE7C046CC3C0020BC3C0020E0
:1005100070B504000D00160004E0A369ED18236A0D
:1005200020009847A16949192B0032002000FFF7ED
:10053000CBFF0028F1D170BD70B505000E000C4B4B
:100540001B68DB68DC68201DFDF7B2FC2823E35C38
:100550005A0707D4012293432732A354236A200069
:10056000984770BD320029002000FFF7D1FFF5E762
:10057000BC3C002010B505E0DB6818680121494249
:10058000FFF7DAFF054B1B681A68002AF4D1034A0B
:100590000349086810600B6010BDC046BC3C0020D9
:1005A000CC3C002070B50500FEF7B0FE0400074B00
:1005B0001B68834205D800232B60044B1C6020007D
:1005C00070BDFFF7D7FF01232B60F6E7089A0220E2
:1005D00070B582B004000D00FEF790FE01A8FFF791
:1005E000E1FF0600019B002B22D1002D14D1A04277
:1005F0000BD2A11B104B18682A00FEF74DFAFEF72C
:100600004FFF002811D002B070BDFEF749FF310046
:100610002000FFF791FFF6E7084A12681268002AE7
:1006200001D10125E5E71D00E3E7FDF7EDF8EAE775
:10063000FEF736FFE7E7C046B09A0220CC3C002028
:1006400030B587B01022002102A8F8F7BFF902E008
:10065000029B002B0FDA384B1868002202A9FEF724
:1006600009F8002865D0029B002BF1DA039A049860
:1006700005999047ECE7049C6369002B02D0201D8C
:10068000FDF716FC01A8FFF78DFF05000299092967
:10069000E1D88900294B5B589F462822A35C0121A1
:1006A0000B43A354039BA169591802002000FFF7D4
:1006B0000BFF0028CFD02823E35C5A0707D4012280
:1006C00093432732A354236A20009847C3E7039932
:1006D000A369C9182A002000FFF71AFFF3E72822B0
:1006E000A35C01218B43A354B5E72822A35C01211D
:1006F0000B43A3540399A161002906D009180300F4
:1007000002002000FFF7E0FEA5E70D4B0D4A823105
:100710000D48C900F9F7D2FA2823E35C9A0704D5FB
:10072000012293432732A35495E7200000F0E4FA16
:1007300091E707B030BDC046B09A0220702903107F
:10074000CCFB021098290310F4FB021000B583B013
:1007500001A8FFF7A7FE0199FFF73AFFFFF770FF27
:10076000F6E7000070B5FDF75BF8104B1B68002B37
:1007700002D0FDF761F870BD0D4D2800FDF768FB54
:100780000C4C2000FDF764FB0B4B1D600B4B1C60F9
:10079000002210210A20FDF72BFD044B18600028D1
:1007A000E7D00749FEF744F9E3E7C046B09A0220D4
:1007B000AC990220C0990220BC3C0020CC3C002017
:1007C00038FC021000B583B0FFF7CCFF0C4B1B6860
:1007D000002B0ED080220B490B480C4B01931F239A
:1007E000009300239200FEF7D0FB002801D003B055
:1007F00000BD074B074AA32107484900F9F75EFAF5
:10080000B09A022040FC02104D070210B49A022058
:1008100048FC0210B4290310F4FB021030B585B077
:100820000D0014001A00694602235B4200930190F8
:1008300002950394034B18680023FDF7FBFD05B0F8
:1008400030BDC046B09A022010B5F5F797F9040004
:10085000054B1B68002B03D02000F5F79BF910BD5A
:100860000148F5F79DFDF7E7743C0020F8B504005A
:1008700016001F00F6F738FA80197941002908DAC6
:1008800001204042104904E0002300E00023002B37
:1008900018D1D0231B061B6D9B070DD40B4B5B6A35
:1008A0009942F3D8094DAD6A854203D29942EBD003
:1008B0000123ECE70123EAE7D0231B065C6540BF78
:1008C0000120F8BD0020FCE7FFFFFF7F004005404E
:1008D00070B504000D001600F6F706FA24184D4115
:1008E000002D0CDBD0231B061B6DDB070BD4200077
:1008F0002900F6F7F3F80028F4D0002008E00124DE
:100900006442044DEEE7D0231B069B6D336001204B
:1009100070BDC046FFFFFF7FF0B5CE46474680B5AD
:1009200083B0060014001D00D0231B061B680F2295
:10093000914699444846F5F72BFA8046002801D1A4
:10094000002706E000214846F5F73CFAF8E7002FBB
:100950001FD1F6F7C9F922002B00121A8B41002B88
:1009600017DB3000FFF782FFF6F7BEF922002B00FD
:10097000121A8B411000191E0BDB0023019301AAF0
:10098000FFF7A6FF002804D0019BB342DFD1070088
:10099000DDE74346002B05D1380003B0C0BCB946A3
:1009A000B046F0BD01214846F5F70CFAF4E7000027
:1009B00070B506000D00164B1B68002B19D01448AB
:1009C00032000B0009F08CF9041E10D0114B1B787B
:1009D000002B15D032002B000F48FFF79DFF041E9F
:1009E00002D00C4B00221A70094809F029F92000A6
:1009F00070BD0A4B0A4A9A210A484900F9F75EF984
:100A0000094B074A9C2107484900F9F757F9C046A6
:100A1000743C0020EA9A0220E17C578CB8FC02105A
:100A2000CC29031068FC0210E0FC021070B5FFF73F
:100A30000BFFD0231B061C6825000F350549280035
:100A4000F5F7F8F901212800F5F7BCF9024B01226E
:100A50001A5570BDED0D00207C3C002070B50400DF
:100A60000D00F6F741F900196941002902DBFFF793
:100A70009FFF70BD012040420049F8E7FFFFFF7F64
:100A8000104A53071BD0D11D0723994396239B027D
:100A90005B1A9B180A000C48026000214160D318C1
:100AA000083B072083430948036059601960991A7D
:100AB00051601360064B1960064B1960704796230E
:100AC0009B02E8E77C4100207C9A0220C43C002085
:100AD0000C9A0220009A022010B51A4B19001B68CC
:100AE0008342FBD3174A914205D0174A91420FD354
:100AF000164A91420CD84A688C1884420FD042683A
:100B00008418A34210D00360884200D0086010BD52
:100B10000F4B104A802110488900F9F7CFF8406840
:100B200012184A600800EAE70C4C2468A34206D079
:100B30005B68D21842600B681B680360E4E70460DE
:100B4000E2E7C0467C9A02207C4100207B9902208B
:100B5000F4FC0210F029031070FD0210C43C0020C8
:100B6000F8B5041E10D0030009330CD8083407234D
:100B70001A002240234207D001339B1A093AA242AD
:100B800027D3E41800E00024FEF7B8FB4C4B1B68A9
:100B9000002B20D0002C21DB29D04A4B1868A04222
:100BA00029D3494B1A68494B9A4228D3484B9A4259
:100BB00025D845495368A3422DD21368002B2AD06B
:100BC00042498B4221D31100414A93421DD81A0059
:100BD000F0E70024D8E7FFF753FFDBE7FEF760FC00
:100BE0000025DFF7A3FE6B0763D12800F8BDFEF7F1
:100BF00057FC0025F5E7FEF753FC0025F1E7354BE0
:100C0000354A3648F621F9F759F8324B324A33481B
:100C1000FC21F9F753F82A4B1B68934230D00D683A
:100C200008352A4B9D422FD3294B9D422CD813685F
:100C30000B605368A3422ED31B1B102B07D9161928
:100C400077072FD1736054600B6833600E60516872
:100C5000401A1C4B1860224B1B68984201D2204B53
:100C6000186080231B060B435360002313601D4A4A
:100C7000136801331360FEF713FC002DB3D1B0E706
:100C8000FEF70EFC0025ACE7174B134A83211348EF
:100C90004900F9F713F8154B0F4A87210F4849000F
:100CA000F9F70CF8124B0C4A18210C48FF31F9F7F0
:100CB00005F8104B084A5E210848FF31F8F7FEFF9F
:100CC000C43C0020009A02207C9A02207C41002033
:100CD0007B990220C4FD0210182A031070FD021037
:100CE0000C9A0220189A022038FE0210B0FE021060
:100CF000E4FE021018FF021070B5002826D005008F
:100D0000083D1D4B9D4222D31C4B9D421FD8030022
:100D1000083B5B68002B21DA0200083A1268002ABF
:100D200023D1083804005B005B084360FEF7E6FA55
:100D30006168134A13685B1813602800FFF7CCFE44
:100D4000104A136801331360FEF7AAFB70BD0E4B07
:100D50000E4AB8210E484900F8F7B0FF0D4B0B4A78
:100D600072210B48FF31F8F7A9FF0B4B074AB92155
:100D700007484900F8F7A2FF7C4100207B99022038
:100D8000009A02201C9A022054FF02100C2A031021
:100D900070FD0210C8FF02103C00031010B5F7F7F9
:100DA000CFFD10BD10B5F7F7F9FD10BD7F2801D8B4
:100DB00080B2704780235B02984215D2B623FF337E
:100DC00099420FD00020F4E701339BB27F2B04D867
:100DD0005A0006498A5A8242F6D180331800FF230E
:100DE0001840E6E70023F1E70020E2E7FC2C0310BF
:100DF0007F2804D9B623FF33994201D000207047E1
:100E0000FF2806D8044B9C4660444000034B185A08
:100E1000F5E70020F3E7C04680FFFF7FFC2C0310BE
:100E2000F0B580235B02984227D286B280235B0113
:100E30009E4201D2204B02E0204B00E02B001A889A
:100E4000002A19D0964217D31D1D59880C0AFF237A
:100E50000B400104090C9F18B94204DB002CEDD1B2
:100E60005B00EB18EBE7082C06D8A400144B1B59C9
:100E70009F46891A49006E5A3000F0BDB21A01230C
:100E80001340F61AB6B2F7E7103EB6B2F4E7203ECA
:100E9000B6B2F1E7303EB6B2EEE71A3EB6B2EBE7D5
:100EA0000836B6B2E8E7503EB6B2E5E7054B9C46D9
:100EB0006644B6B2E0E7C046082B03104C2A031084
:100EC000282A0310A0E3FFFF437800781B02184391
:100ED00070470200C3781B0281780B4318025378D5
:100EE000184300021378184370470300C1790902C0
:100EF00082791143090242791143090202790A43B6
:100F0000090E1202C0781043120E090211430002AA
:100F10009A780243000E09020143120258781043E6
:100F2000120E0902114300021B781843704701702A
:100F3000090A4170704701700B0A43700B0C8370F3
:100F4000090EC17070470270110A4170110C817056
:100F5000120EC27003711A0A42711A0C82711B0EB2
:100F6000C3717047002070470020704770B50500BE
:100F700003685C1C1B7818005AB2002A01DB2C6045
:100F800070BD1F2219009143C0290DD00F221900F6
:100F90009143E02935D0072219009143F02934D13B
:100FA00007201840032102E01F2018400121227869
:100FB00001343F2316009E433300802E28D1800148
:100FC000413B1340184301390029F0D17F2822D931
:100FD00080221201144BC31893421FD388235B0352
:100FE00098421ED280235B029842C8D30F4BC3188D
:100FF0009B010F4A13408005800D03430D481843A1
:10100000BDE70F2018400221D1E701204042B7E799
:1010100001204042B4E701204042B1E701204042B4
:10102000AEE701204042ABE70028FFFF0000FFFFD2
:101030000000FF0300DC00D810B57F2805D8002A87
:1010400000D16CE00870012010BD80231B01984284
:1010500012D2012A01D80020F6E783091F221A4084
:1010600040235B4213430B703F22024080235B42CC
:1010700013434B700220E7E780235B0298421CD2A7
:10108000022A4ED9802212012A4BC318934201D260
:101090000020D9E7030B0F221A4020235B421343A1
:1010A0000B7083093F2423408022524213434B702C
:1010B000044022438A700320C6E7032A33D9030C75
:1010C0001B04A0229205944663449B090004000C73
:1010D000194A9446604480225203934225D28022CA
:1010E000D200904223D203438022520294466344AA
:1010F0009A0C072010401022524202430A701C0B27
:101100003F2004408022524214434C709C0904400A
:1011100014438C7018400243CA70042094E71000F6
:1011200092E7002090E700208EE700208CE7002067
:101130008AE7C0460028FFFF0024FFFF30B50025E6
:10114000002301E0012501330F2B15D8184A1C019B
:10115000A258002AF6D00468A242F4D1144A1C0115
:101160001219546882689442EDD1114A1C01121977
:101170009468026B9442E6D1102B0BD0002915D154
:101180000B4A1B01D218D26880235B009A420BD015
:10119000002030BD002D05D1022901D01220F8E732
:1011A0000020F6E70020F4E71020F2E71020F0E737
:1011B000C027002000200F2806D8054B0201D35875
:1011C000002B01D00130F6E71038431E98417047DC
:1011D000C027002030B50400002000E001300F28B7
:1011E00013D8254B0201D25823689A42F6D1224BDC
:1011F00002019B185A68A3689A42EFD11E4B020164
:101200009B189A68236B9A42E8D110282AD00029AB
:1012100005DD194B02019B18DB68002B29D1002941
:1012200022D1154B02019B18DA680132124B0101E1
:101230005B18DA60013030BD01300F2804D80E4B46
:101240000201D358002BF7D1102810D025680A4B83
:101250000201D550A5689B185D60226B9A60002240
:10126000DA60D4E70020E8E780225200DEE70020C1
:10127000E1E70020DFE7C046C027002001380F2843
:1012800018D80E4B02019B18DB6880225200934253
:1012900003D0002B08D0013B00E00023074A0101E6
:1012A0005218D360002B07D1044B00010022C2501A
:1012B000002070470220FCE70020FAE7C02700204A
:1012C00010B5002303E0064A00248C5001330F2B95
:1012D00005D8034A19018A588242F7D1F3E710BDB5
:1012E000C027002070B50300881EDA6A023A8242E5
:1012F00009D91C6D5D6D5A8900230021F7F7F6F8B6
:101300000019694170BD00200021FBE770B5056838
:10131000C46D0434D905500A0843590A6A89002368
:10132000F6F7C0F9020001E0121A0834206800281C
:1013300003D08242F8D26068801870BD70B5060094
:101340000C0008001A30FFF7BFFD05003378032BAF
:1013500000D070BD20001430FFF7B6FD0004284314
:10136000F7E770B506000C00150091B220001A30A6
:10137000FFF7DDFD3378032B00D070BD290C200072
:101380001430FFF7D4FDF8E7F0B5C64600B5804647
:101390000E0008001A30FFF797FD00282CD1337893
:1013A00040229343013B5D00ED18AD00ED1801278D
:1013B000002403E0174A904224D101340C2C0ED8AB
:1013C000154B185D3018FFF77FFD002FF2D0FF2D71
:1013D00016D86B004246D05207000135EDE733784E
:1013E0005B0611D5002F11D0FF2D11D86D0045449B
:1013F00000222A80012000E0002080BCB846F0BD19
:101400000020FAE70020F8E70120F6E70120F4E7E2
:101410000020F2E7FFFF00007C2E0310F8B5CE4657
:10142000474680B580460F0091464B730F23CB7221
:1014300000230B7308001A300021FFF778FD4B469C
:10144000013B5E00F618B600F6180024002502E005
:1014500001350C2D10D8124B9C4203D0730042462C
:10146000D45A01360F4B585D38182100FFF75FFD45
:10147000002CEDD10A4CEBE7094B9C4204D07600DE
:101480004346F35A002B04D140234A461A43D3B2B1
:1014900099464B463B70C0BCB946B046F8BDC04605
:1014A000FFFF00007C2E031010B501000B2400206C
:1014B0004308C0010343DBB20A7801319B18D8B25C
:1014C000013C002CF4D110BD30B50500417801314C
:1014D00049010020002301E0013301338B4209D28E
:1014E000022BF9D04208C003024392B2EC5C1219FD
:1014F00090B2F2E730BD70B505000C0000693430E1
:10150000FFF7E7FCA06028693830FFF7EEFC2061A8
:1015100061612A692123D25C1F3B1340E3710023E0
:10152000E36170BD10B501000068002823D00200FF
:10153000137801321F2B01D93A2BF9D13A2B02D063
:101540000E4B187810BD03781C00303CE4B2092C17
:101550000ED80230904202D001204042F2E7303BE8
:101560001800012B02DD01204042EBE70A60E9E7A9
:1015700001204042E6E701204042E3E7C29A022010
:1015800010B501220AE000235840012303405B42CA
:10159000064C2340400858405200D2B2002A03D0E3
:1015A0001142F0D00123EFE710BDC0462083B8ED13
:1015B00070B504000D00002818D00368002B17D068
:1015C0001A78002A17D08188DA88914203D009203E
:1015D00000242C6070BD587804F070FB03000122D9
:1015E000100018401A4209D12468F2E70920F0E7F8
:1015F0001C000920EDE709200024EAE70920002467
:10160000E7E70000F8B505001C490C2206F076FC5F
:10161000061E2FD128000C30FFF75BFC07000200EC
:101620005C3AD2235B009A4225D801204042002434
:1016300003E00021FFF7A4FF0134BC4205D22300E0
:10164000103B032BF5D9295DF4E7C4432800103083
:10165000FFF73FFC84420ED128005430FFF739FCDD
:10166000802808D128005030FFF733FC802802D8AA
:10167000012600E000263000F8BDC0469C2E031075
:10168000F0B5C64600B582B004000579002D04D13E
:10169000280002B080BCB846F0BD6823984680445C
:1016A000026E436E407801210091414604F03FFBF9
:1016B000051E1BD100232371206E616E226C636CAA
:1016C00006000F00B61A9F41226B0023BB42DFD1F8
:1016D000B242DDD9E678022EDAD112184B41607899
:1016E00001210091414604F022FBD1E70125CFE71B
:1016F000F0B583B0040015001F00026E436EAA42CD
:1017000005D1BB4203D10026300003B0F0BD20005C
:10171000FFF7B6FF061EF7D121006831607801237C
:1017200000932A003B0004F0E9FA002803D00136B8
:1017300001256D422F0025666766E5E770B5040058
:101740000021017101204042C1172066616620001E
:10175000FFF7CEFF002867D1344BE018FFF7B4FB4A
:101760000500334B98420CD06823E35CEB2B12D07E
:10177000E92B10D0E82B0ED02D4B9D4252D00320E8
:1017800070BD200068302B490B2206F0B7FB002803
:10179000EAD10120F4E7264B9D4239D02000733076
:1017A000FFF792FB7523E15C431E0342E4D18023E3
:1017B0009B009842E0D3DFD80029DDD04B1E0B42BE
:1017C000DAD120007630FFF77FFB0028D4D07823D1
:1017D000E35C013B012BCFD820007930FFF774FB8D
:1017E0000028C9D020007B30FFF76EFB7F2807D888
:1017F00020008830FFF76DFB80235B029842BBD34B
:1018000020007E30FFF760FB0028B5D00020B7E74E
:10181000094908222000BA3006F070FB0028BDD12B
:101820000020ADE70220ABE70420A9E76602000034
:1018300055AA00006400031070000310F0B5DE46E6
:1018400057464E464546E0B589B004000D000022DB
:101850000023FFF773FF022802D05CD8002D5AD076
:10186000464BE35CEE2B01D0002667E0012200230B
:101870002000FFF73DFF002800D079E068239A465A
:10188000A2445046FFF7BEFE002800D172E02000BF
:10189000B830FFF71EFB83462000B030FFF725FB72
:1018A00000900191002303939946A0462B004D46DA
:1018B000994603E0039B99452DD001355D4529D21A
:1018C000EC01660A0027009A019B92197B41404671
:1018D000FFF70EFF00284FD1C0235B001C402849B2
:1018E00053461819102206F009FB0028E5D1039B86
:1018F00001330393203420005044FFF7F6FA02002E
:101900000B004046FFF71AFF4B46002BD2D10128AF
:10191000D3D800E0032009B0F0BCBB46B246A946CC
:10192000A046F0BD200068303301C733FF33C01834
:10193000FFF7CFFAB30004AAD0500136032EF1D935
:10194000002D01D06E1E0CE02E000AE000232000C6
:10195000FFF7F4FE002DDED10128DCD90136032E7D
:10196000D9D8B30004AA9A58002AEFD10320F1E78E
:101970000420D0E70320CEE70420CCE72A020000B1
:101980008C2E0310F0B5DE4657464E464546E0B570
:1019900089B00D00160000230B60FFF7C3FD00287F
:1019A00000DA49E2C84B8000C458002C00D14CE258
:1019B0002C6001239E432378002B0FD0607804F025
:1019C0007DF901231D000540034207D1002E00D1FF
:1019D00033E2400700D430E20A252EE200232370D0
:1019E000607804F076F901231D000540034200D021
:1019F0002DE2002E02D0400700D52AE2002120006F
:101A0000FFF71CFF042800D125E2012800D924E2B9
:101A1000226E636E00920193012800D1E6E020005F
:101A20007330FFF751FA80239B00984200D02CE2DC
:101A300020007E30FFF748FA061E04D120008C30CB
:101A4000FFF747FA060026637823E75CE7707B1E02
:101A5000DBB2012B00D91AE2774302977523E75CCA
:101A60006781002F00D114E27B1E3B4200D012E2BE
:101A700020007930FFF728FA814603000490208186
:101A80001B0700D009E220007B30FFF71DFA8046DB
:101A9000002804D120008830FFF71BFA8046200080
:101AA0007630FFF711FA8346002800D1F7E1029A59
:101AB0005A444B461B099BB291469944C84500D2F3
:101AC000EFE143464A469B1A984639001800F5F75D
:101AD000ABFDB84500D2E6E17C4B984200D9FBE073
:101AE0007B4B984200D951E102239A46F6E001333C
:101AF0003F2B04D8E21868321278002AF7D03F2B27
:101B000000D8ACE12000D030FFF7DEF980235B0085
:101B1000984200D0A5E12C3BE35C092B00D0A2E168
:101B20002000B030FFF7E1F9009E019F36184F41C9
:101B30002000BC30FFF7CDF92063D623E35C984644
:101B4000E370012B00D090E1D433E35C01229A4092
:101B5000924693B26381002B00D188E12000C4300B
:101B6000FFF7B7F981465B4B984200D981E103004A
:101B70000233E362009A019BA263E3632000C0305A
:101B8000FFF7A7F902000023009801998018594136
:101B90000A00010002910392216562652300B833B7
:101BA0001800FFF796F90200002300980199121817
:101BB0004B412264636453461B041B0C4A465A4340
:101BC00010000021029A039B80185941B94211D894
:101BD0000ED02000C830FFF77CF9A0640023E36436
:101BE00000270026B1462600AA460DE00B237FE71A
:101BF000B042EED90D2520E1F31968331B78812B13
:101C00001CD02037FF05FF0D002FF5D173894B4500
:101C100000D830E1B16C3000FFF764FB4C46002582
:101C200002000B0012196B413000FFF761FD002824
:101C300000D022E101239C46E144DDE73400683610
:101C4000380014303018FFF744F90700012800D895
:101C500015E1E36A834200D813E1226D636D0092BF
:101C6000019363899C46831E994663464A465343C3
:101C700018000021009A019B12184B41A265E365F0
:101C8000B1462600326C736CFC09002512196B41B9
:101C90003000FFF72DFD002800D0F4E07F30384001
:101CA00080004844FFF715F9431C04D00137B842BF
:101CB000E8D00D25C1E03400554601235B42B361F5
:101CC000736105339A4653E0B8270020F5FFFF0FF4
:101CD000F5FF0000FDFFFF7F00239A46784B9842F6
:101CE00057D95346002B00D1DFE0831C9846E362AE
:101CF000009A019BA263E363584600218018594172
:101D000002000B0006920793226463644A46002394
:101D10000098019912184B41226563655346032BC5
:101D20003AD0049B002B00D1C5E0029A002306980C
:101D3000079912184B41A264E3645346022B40D02A
:101D400043465B0043445B08012241460A409B181E
:101D50005C4A944663445B0AB34200D9ADE0012378
:101D60005B42A3616361813363715346032B2BD0C4
:101D700053462370544A138801339BB21380E38087
:101D80000023E3612000FFF79BFA56E003239A4605
:101D9000A7E701239A46A8E720009230FFF794F8BE
:101DA000002800D083E0049B002B00D081E02000BD
:101DB0009430FFF78EF8A0640023E36443469B0051
:101DC000C6E743465B00C3E720009830FFF77CF886
:101DD0000128CDD101220023009801998018594192
:101DE00002000B002000FFF783FC0028C0D1002375
:101DF0006371364BE018FFF767F8354B9842B7D15F
:101E000020006830FFF765F8324B9842B0D1932339
:101E10009B00E018FFF75DF82F4B9842A8D1942360
:101E20009B00E018FFF755F8A06195239B00E01890
:101E3000FFF74FF860619BE70B25280009B0F0BC65
:101E4000BB46B246A946A046F0BD0C25F5E70325E2
:101E5000F3E70A25F1E70125EFE70D25EDE70D256D
:101E6000EBE70D25E9E70D25E7E70D25E5E70D256E
:101E7000E3E70D25E1E70D25DFE74546DDE70D2525
:101E8000DBE70D25D9E74546D7E70D25D5E70D2535
:101E9000D3E70D25D1E70D25CFE70D25CDE70D259E
:101EA000CBE70D25C9E70D25C7E70D25C5E70D25AE
:101EB000C3E70D25C1E70D25BFE70D25BDE7C046EA
:101EC000F50F0000FF010000BC9A0220660200002E
:101ED00055AA00005252614172724161F0B5DE466E
:101EE00000B584B0070093468E1EC36A023BB3421E
:101EF00000D80026009634000025BA6DFB6D210B3A
:101F00000291002103910298039912184B41380065
:101F1000FFF7EEFB019000282BD1E308DB05D80D7D
:101F20000722224001239340DBB20BE000940025FE
:101F3000A64221D0002B05D1013080239B0098427E
:101F4000DBD201233A18683212781A405B00DBB208
:101F50000134F96A0239A14203D8019B0024802090
:101F60008000002AE2D101355D45E1D100980230C0
:101F700003E00120404200E0002004B080BCBB46EA
:101F8000F0BDF0B5C64600B582B005001700984612
:101F90008B1E9C46816DC26D0B0014006246100BB7
:101FA0000021C01861416346D608F605F60D0722E8
:101FB000134001249C40E4B20122002312184B413B
:101FC0000092019302000B002800FFF791FB00280C
:101FD00002D0012021E00124AB1968331B782200D4
:101FE0001A40511E8A41424516D0AA1968326340F0
:101FF000137001232B71013F002F0ED06400E4B257
:10200000002CE9D10136013480239B009E42E2D3AB
:10201000009801990026CFE7022002B080BCB846A4
:10202000F0BDF0B5D6464F464646C0B504000D009B
:102030001600012900D89DE0C36A8B4200D8A0E0B9
:102040000378022B00D17DE044D8012B40D14F080A
:10205000BA468A44026C436C5746780A002112182B
:102060004B412000FFF744FB071E00D083E06823AC
:102070009946A144673B534498465346DB05DB0D24
:102080004B440122110029408A462A424FD0187839
:1020900032010F2101400A43D2B21A700123237189
:1020A000226C636C4546680A002112184B412000DF
:1020B000FFF71EFB071E5ED1EB05DB0D4B445246BE
:1020C000002A36D03209D2B21A700123237152E0AD
:1020D000022750E0033BDBB2012B54D8026C436C67
:1020E000C809002112184B412000FFF701FB071E11
:1020F00041D12378042B0DD03601360923006833F3
:10210000AA00FE2149000A409818FEF7E2FE000FDF
:102110000007064320006830AD00FE235B001D4031
:1021200040193100FEF707FF0123237123E0F2B2CB
:10213000B3E71A78300A40B20F2101400F208243E2
:102140000A43C1E7026C436C080A002112184B4194
:102150002000FFF7CDFA071E0DD1200068306B007C
:10216000FF2252001340B1B2C018FEF7E0FE012377
:10217000237100E002273800E0BCBA46B146A84609
:10218000F0BD0227F7E70227F5E770B504000E005F
:10219000150007E02A00FFF744FF00280DD1E3698E
:1021A000013BE361E369002B06D02068F21A511C61
:1021B000012BEFD90232EEE7002070BD70B50600AA
:1021C000C379032B01D0002070BD81688469002C85
:1021D00009D04D1C30682A00FFF723FF0028F3D1F7
:1021E000013C2900F3E70023F3710020ECE7000035
:1021F000F8B506000D000468012900D8B3E0E36AD1
:102200008B4200D8B1E02378032B76D01AD8012B6B
:1022100044D0022B14D1226C636C080A00211218DE
:102220004B412000FFF764FA002800D0A2E0683498
:102230006B00FF2252001340E018FEF745FE93E0CA
:10224000012091E0042B27D14169006903000B4371
:1022500002D0B368002B03D1F379002B00D08FE0BC
:10226000B768EF1B01225242D31712184B41D90510
:10227000500A0843590A62890023F5F713FAF379E3
:10228000022B50D0032B53D0022B00D17CE0F369FA
:10229000002B52D03F4867E0012065E04E087618D9
:1022A000226C636C700A002112184B412000FFF76A
:1022B0001FFA002802D00120404255E0771CF305A8
:1022C000DB0DE31868331E78226C636C780A0021FA
:1022D00012184B412000FFF70BFA002847D1FB05ED
:1022E000DB0DE31868331B781B023343ED0701D580
:1022F000180939E01B05180D36E0226C636CC8091B
:10230000002112184B412000FFF7F2F9002834D1C8
:102310006834AB00FE2252001340E018FEF7D9FDEE
:102320000001000920E08742ACD82BD0681C1BE0DC
:10233000B269BA42A8D9681C16E0226C636CE8093D
:10234000002112184B412000FFF7D2F900281DD1BF
:102350006834AD00FE235B001D406019FEF7B9FD37
:102360004000400800E00120F8BD0120FCE701200A
:102370004042F9E701204042F6E701204042F3E7FE
:102380000120F1E70348EFE70120EDE7012040429B
:10239000EAE7C046FFFFFF7FF0B5D6464F46464608
:1023A000C0B50700894603689846002908D143460E
:1023B0005E69002E14D0DB6AB34212D8012610E009
:1023C000FFF716FF0400012800D8D3E0431C00D11A
:1023D000C7E04346DB6A834200D9C2E04E4600E0D4
:1023E000012643469C69002C00D1BAE01B78042BDF
:1023F00009D04E454FD000239A465346002B00D0BB
:1024000084E0350078E0012231004046FFF766FDA8
:102410000400431E033300D9A3E00123012201007D
:102420004046FFF7AEFD022800D1A5E0012800D10B
:10243000A4E04B46002B19D10233FB71FB79022B30
:1024400000D189E04B460133A3421BD0FB69002B2E
:1024500001D10133FB61220049463800FFF795FEA8
:1024600000287BD10123FB61A2465CE0FB79022BB3
:10247000E4D1731CA342E1D0BB68F31ABB61032310
:10248000FB71DBE7FB69002B03D00133FB61A24644
:1024900047E00223FAE7731C9A464346DB6A53453A
:1024A00001D802239A4651463800FFF7A1FE0400E6
:1024B000012856D0431C54D000289ED043465B6967
:1024C000012B06D94246D26A9A4205D800239A4681
:1024D00093E700239A4690E71E0000239A468CE774
:1024E00029003800FFF784FE041E0ED0012838D0E2
:1024F000431C36D0B54246D001354346DB6AAB4279
:10250000EED8012E3DD90225EAE7AA460122524221
:1025100051464046FFF785FD00281FD14B46002B52
:1025200014D100281AD1434652465A619A69DB6A8F
:10253000023B9A4202D8013A43469A6143465B798C
:10254000012213434246537154460AE0524649461B
:102550004046FFF766FDE4E7A246E2E7012806D021
:1025600001242000E0BCBA46B146A846F0BD0124D3
:102570006442F6E70124F4E70124F2E7012464420F
:10258000EFE75446EDE75446EBE7F0B5CE4600B52D
:1025900007000D00036899461B78042B31D0802377
:1025A0009B03AB424BD9EB064DD13D63BC68002C7D
:1025B0002AD14B461B78022B03D94B469C6C002337
:1025C000FB71002C20D16B094A46128993423CD200
:1025D0004B469A6CDB6CBA63FB637C63BA6BFB6B38
:1025E0001100194339D0680A002112184B41BA630F
:1025F000FB634B466833ED05ED0D5B193B64002032
:102600001EE080235B05CCE74B465E897602B5422F
:102610000ED321003800FFF7EBFD0400431C16D059
:10262000012816D94B46DB6A834214D9AD1BEEE76D
:1026300021004846FEF756FEB863F963CDE7022055
:1026400080BCB946F0BD0220FAE70220F8E701207D
:10265000F6E70220F4E70220F2E70220F0E7F0B507
:10266000CE46474680B583B080460C00914605684B
:10267000012900D883E0EB6A8B4200D881E0002A70
:102680000DD02B78042B02D1C379022B07D0012265
:10269000524249462800FFF7C4FC061E72D101943D
:1026A00011E0002239002800FFF7BBFC061E18D0FD
:1026B00068E07B1CA34203D02B78042B1DD001942F
:1026C000EB6AA34224D9270021004046FFF790FD82
:1026D000041E1DD001285BD0431C5BD02B78042B3B
:1026E000DFD1AA69EB6A023B9A42E2D20132AA61C7
:1026F0006B79012213436B71DBE701997A1A01327E
:1027000000232800FFF73DFC061E3BD10194D7E7CC
:102710002B78042B01D0002634E04B46002B03D14C
:102720004246D37100262DE04346DE79002E15D1B6
:102730009C684C450CD021004046FFF759FD01280C
:102740002AD9431C2AD0631C834201D11C00F0E724
:102750004C4517D102234246D37113E0032E01D01A
:1027600000260FE09B684B451AD8424692699B1899
:102770004B4517D302234246D371002602E00226BE
:1027800000E00226300003B0C0BCB946B046F0BD40
:102790000226F7E70126F5E70226F3E70126F1E72F
:1027A0000026EFE70026EDE7F0B5DE464F46464649
:1027B000C0B586B006000F00FEF762FF002806D005
:1027C000012006B0E0BCBB46B146A846F0BD3900CA
:1027D0003000FEF787FD04000D003466756668233F
:1027E0009B46B3448022920000215846F6F7EEF84B
:1027F00077897F0280231B029F4201D380273F02FB
:102800000023994600E07F0880239B009F4205D962
:102810003800FEF7C3FA81460028F4D080239B00DD
:102820009F4201D8002725E03A0000214846F6F7EC
:10283000CDF87B0A9846002700E047447389BB42E5
:102840000ED9049700230593049A059B12196B4136
:10285000707841460091494603F069FA0028ECD0AF
:102860004846FEF79FFA7089C01B431E9841C0B2CC
:10287000A7E701377389BB42F5D902970023039379
:10288000029A039B12196B417078012100915946FD
:1028900003F04DFA0028ECD0E5E7F0B5C64600B5E8
:1028A00082B0040001910568066B20362B78042B5A
:1028B00026D080239B03B34203D800220023A263C7
:1028C000E363A26BE36B110019435AD0F105CF0DFE
:1028D00000290CD10120002112184B41A263E363AF
:1028E000616B002915D173092A8993420BD22663A3
:1028F0006835ED192564002002B080BCB846F0BDF3
:1029000080235B05D7E700220023A263E363033043
:10291000F2E7730A6A89013A1A42E8D12000FFF708
:1029200067FC8046030001282DD901332DD0EB6AC6
:10293000834217D8019B002B1DD0616B2000FFF74D
:102940002BFD8046031E22D0012822D0013322D045
:1029500001002800FFF728FF00281ED1E379042298
:102960001343E3714346636341462800FEF7BAFC14
:10297000A063E163BBE700220023A263E3630420BA
:10298000BAE70420B8E70220B6E70120B4E7072041
:10299000B2E70220B0E70120AEE70120ACE7F8B5CE
:1029A00004000F0006680021FFF7EFFD002823D187
:1029B00000250FE0236C1B785BB2002B01DA0025A9
:1029C00002E00135BD4217D001212000FFF765FF6D
:1029D000002811D1A26BE36B3000FEF789FE0028BE
:1029E0000AD13378042BE5D0236C1B78E52BE8D093
:1029F000002BE6D00025E7E7042800D0F8BD03301F
:102A0000FCE770B504000568066B016D4B1C03D133
:102A10000020002813D070BDFFF7B7FDF9E7226C46
:102A200011787B330B40137001232B71236BB3425E
:102A300013D200212000FFF730FF00280DD1A26B38
:102A4000E36B2800FEF754FE002806D12B78042BF8
:102A5000E5D0236CE5221A70E6E70428DBD10238C2
:102A6000D9E7F0B5C64600B5050000680669AA6B4F
:102A7000EB6BFEF73DFE041E04D1296C0B78852B11
:102A800004D00224200080BCB846F0BD20223000D3
:102A9000F5F7A2FF737801335F013A00603A8023B3
:102AA0009B009A425DD800212800FFF7F6FE040043
:102AB00004280ED00028E5D1AA6BEB6B2868FEF73E
:102AC00017FE041EDED1296C0B78C02B03D0022424
:102AD000D8E70224D6E7300020302022F5F77CFF2B
:102AE0002323F05C2C300F21F4F79EFD4001B84207
:102AF00039D84023984606E00224C3E720239C46A9
:102B0000E04447451DD900212800FFF7C6FE040018
:102B10000428F1D00028B5D1AA6BEB6B2868FEF72A
:102B2000E7FD041EAED1296C0B78C12B1DD1A0335B
:102B3000FF339845E2D24346F0182022F5F74CFFC8
:102B4000DCE798239B0098459CD83000FEF7BCFC3E
:102B50000500B01CFEF7B8F9854200D192E70224C7
:102B600090E702248EE702248CE702248AE710B55E
:102B700004000B6803600B6A83604B6AC3714B6A85
:102B8000FF229343002203614261C261896A0165A9
:102B9000FFF7FBFC002800D010BD2000FFF761FF0D
:102BA000FAE7F0B5D6464F464646C0B582B00500B6
:102BB00088460668FF2399469A46042407E0852B39
:102BC0002BD000212800FFF768FE041E68D1AA6BF5
:102BD000EB6B1100194363D03000FEF789FD041E32
:102BE0005ED1296C0B78002B59D03278042AE6D0BC
:102BF000C87A3F220240AA71E52B47D02E2B48D03D
:102C000020201700874338000838070078427841B1
:102C100040450FD0FF239A46D3E72B6B2B65280046
:102C2000FFF71FFF041E3DD133691A793F2313407C
:102C3000AB7135E00F2A1DD15A0606D54A7B914665
:102C4000402293432A6B2A659A46534502D0FF23BC
:102C50009A46B6E74B7B4B4502D0FF239A46B0E736
:102C6000F068FEF791FB002816D05746013FFBB2F3
:102C70009A46A6E75346002B04D10800FEF714FC41
:102C800048450DD001235B422B6509E0FF239A469E
:102C900097E7FF239A4694E7FF239A4691E7042497
:102CA000002C03D000220023AA63EB63200002B0B3
:102CB000E0BCBA46B146A846F0BD0000F0B583B00E
:102CC000050016001C000B22F5F786FE052C0ED819
:102CD00007271AE001320F2A09D8630001240C40AB
:102CE0001C194908DB03F5D51E4B5C40F2E731881F
:102CF0000029EDD002360022EDE77E1E6B46DA5544
:102D0000012F0DD00F290BD937000F2323401A00B4
:102D1000303221002409392AEFD937331A00ECE781
:102D20006B467E229A55002400E00134B44211D251
:102D3000285D20280ED0FEF715F90028F5D0BB1E1F
:102D4000A34207D00134F0E72022631C2A55072B49
:102D500006D81C00072EF7D86B469A5D0136F4E7BB
:102D600003B0F0BD21100100F8B5050003681E692D
:102D70003000FEF7A9FB0100B01CFEF7D8F8777809
:102D80000137296D2800FFF700FC040005E020361C
:102D900000212800FFF781FD0400002C11D1AA6B4F
:102DA000EB6B2868FEF7A4FC041E0AD1286C2022D5
:102DB0003100F5F711FE2B6801221A71013F002F37
:102DC000E5D1201C022C00D90220C0B2F8BD0000C1
:102DD000F0B5DE4657464E464546E0B585B007009D
:102DE00089460B6803930368DD68002405E0FE2C28
:102DF00000D974E16300EE52013403A8FEF7B6F87F
:102E0000431C00D169E180235B02984203D3630035
:102E1000020CEA52013486B21F2E0ED92F2E0CD08E
:102E20005C2E0AD07F2EE2D80004010CAE4805F0DB
:102E3000EBF80028DBD0062048E11F2E17D804232A
:102E40009846039B4A461360012C1ED0022C3CD1AD
:102E5000A64BE3185B005B5B2E2B36D1A44BE3182B
:102E60005B005B5B2E2B30D115E001330393039B9A
:102E70001A782F2AF9D05C2AF7D01F2A02D900230A
:102E80009846DEE704239846DBE7984BE3185B009F
:102E90005B5B2E2BDAD16300EB1800221A80002333
:102EA00004E02021FA184432117001330A2B03D8B0
:102EB000A342F6D22E21F5E7FB18443320224146E7
:102EC00011431970002001E1013C002C07D0874B11
:102ED000E3185B00EB5A202BF6D02E2BF4D06300C6
:102EE000EB1800221A80002C00D1FAE0002600E046
:102EF000013673005B5B202BFAD0002E01D12E2B04
:102F000006D1032342461A43D3B2984600E0013C5F
:102F1000002C05D0754BE3185B005B5B2E2BF6D1C4
:102F2000380044300B222021F5F750FD08239A4643
:102F300000239B460093731C99467600AE5B002EDF
:102F400036D0202E21D02E2E1DD0D34524D24C4554
:102F500022D07F2E60D8002E06D06648310005F0C2
:102F600053F8002800D187E0032342461A43D3B226
:102F700098465F265B46FB1844331E704E4601237D
:102F80009C46E344D7E79C42DFD0032342461A43E2
:102F9000D3B298464E46CEE753460B2B2CD04C4529
:102FA00004D0032342461A43D3B298464C4529D253
:102FB0004423FB5CE52B77D05346082B78D00C23B9
:102FC000009A13400C2B78D003231340032B74D0AA
:102FD00043469B0776D4009BDB0704D5102342466B
:102FE0001A43D3B29846009B5B076BD50823424631
:102FF0001A43D3B2984665E0032342461A43D3B23C
:103000009846D5E7009B9B00DBB2009326000B237C
:103010009A46033B9B468EE7022342461343DBB2AC
:103020000193B621FF313000FDF7C0FE0600030614
:1030300006D57F230340304AD65C019B98468AE739
:10304000FF2816D95346013B5B450AD9000A5B4667
:10305000FB184433187001239C46E344019B9846B7
:1030600088E7032342461A43D3B298464E46D346D6
:1030700061E7019B98466EE73300413B9BB2192BF9
:1030800004D80223009A1A43D3B200933300613B61
:103090009BB2192B00D96DE70123009A1A43D3B2D2
:1030A0000093203EB6B265E7A13B0522FA5483E7C0
:1030B000009B9B00DBB2009381E7022342461A4348
:1030C000D3B298464F234246FA54002005B0F0BCD4
:1030D000BB46B246A946A046F0BD0620F6E706204C
:1030E000F4E70620F2E7C0467C000310FFFFFF7FF5
:1030F000FEFFFF7F88000310FC2D031070B5002435
:1031000012E0FDF78DFE82B26308E40323439BB215
:10311000FF210840181880B24408C0030443A4B239
:10312000120AA418A4B22800851C00880028E8D13F
:10313000200070BDF8B5CE46474680B507008846EA
:1031400040220021F5F742FC85233B70653BC022FD
:10315000FA540125002600239946402419E0381925
:103160002900FDF7E4FE0234E30609D0002DF6D075
:1031700073004246D55A002DF1D00136F6B2EEE783
:103180004B460133DBB272004146525A002A08D046
:103190009946631CC1223A55FB18023400221A706A
:1031A000E4E72323FE544B4602337B704046FFF78F
:1031B000A5FF010038002430FDF7B9FEC0BCB946B8
:1031C000B046F8BDF0B5D646474680B583B08046D8
:1031D0000F0008001A30FDF777FE002837D13A7843
:1031E0003F231340013B5E00F618B600F618012499
:1031F000002505E000202BE01C4A90422DD101352E
:103200000C2D18D81A4B585D3818FDF75DFE01904B
:10321000002CF1D0FF2EEDD8FDF702FE0400731C48
:103220009A4676004346F05AFDF7FAFD8442E1D112
:10323000019C5646E3E73B785B0610D5002C10D086
:1032400076004346F35A002B0DD1012000E0002008
:1032500003B0C0BCBA46B046F0BD0020F8E701207C
:10326000F6E70120F4E70020F2E7C046FFFF000088
:103270007C2E0310F8B5DE4657464E464546E0B56F
:10328000050007680021FFF780F9041E00D0B0E0B8
:103290003B78042B07D001235B422B650133FF33BE
:1032A000994698464CE0F868FFF728FF834627E0E8
:1032B00038694044FDF708FEFDF7B2FD8146FB6822
:1032C00052465200D05AFDF7ABFD814510D1013E68
:1032D000F6B202239C46E044013B9C46E244002EA9
:1032E00006D04346DB06E3D102239C46E044DFE7F9
:1032F000002E05D1FA6853465B009B5A002B78D00C
:1033000000212800FFF74DFC041E72D13E693000F9
:103310002430FDF7D9FD5845F2D12323F65C002374
:103320009A4640339846DAE701235B422B65013326
:10333000FF33984600212800FFF7AFFA041E58D14A
:10334000AA6BEB6B3800FEF7D3F9041E51D12E6C3B
:103350003278002A4CD0F17A3F230B40AB71E52A3A
:10336000E2D0090713D50F2BDED14F23EB5C5B06B0
:10337000E0D4530606D5737B994640239A432B6BC2
:103380002B65904642451FD0FF239846D2E70F2B6E
:10339000EBD04346002B04D13000FEF785F84845BA
:1033A00027D04F23EB5CDB0707D4290044310B22E5
:1033B000300004F0A3FD00281BD001235B422B65E5
:1033C0000133FF339846B5E7737B4B4502D0FF23AB
:1033D0009846AFE7F8683100FFF7F4FE002804D004
:1033E0004346013BDBB29846A4E7FF239846A1E79A
:1033F00004242000F0BCBB46B246A946A046F8BD56
:1034000070B598B00400019106680B782F2B06D098
:103410005C2B04D0F369836009E001330193019BC5
:103420001A782F2AF9D05C2AF7D00023A360002352
:10343000E3613378042B0CD0019B1B781F2B3BD806
:103440004F238022E25400212000FFF79EF8050060
:1034500048E0A368002BEFD0336A2362736A63628B
:10346000B36AA362210002A8FFF781FB051E39D1D0
:1034700030693830FDF72DFD20610023636132692A
:103480002133D25C1F3B1340E371D5E75B073DD589
:10349000050027E05B073BD4A379DB063AD53378F8
:1034A000042B22D031006831236BDB05DB0DC918FA
:1034B0003000FDF743FFA06001A92000FFF788FC62
:1034C000051E0FD12000FFF7D5FE4F23E35C002837
:1034D000E0D0042818D19A06D8D55B07ECD54F2345
:1034E0008022E254280018B070BDA36823622369CB
:1034F000FF229343E27913436362236DA3622100A9
:103500003000FDF7F8FFD7E70500EBE70525E9E711
:103510000500E7E70525E5E7F0B5C64600B59AB032
:103520000700036898464F23C65C103332009A4365
:1035300000D0E9E0002500E001354346DB686A0081
:10354000D35A002BF8D143461B78042B1CD03900EA
:1035500044310C2217A8F5F73FFAF60779D54F2327
:103560004022FA540126632E6AD83800443043467C
:10357000DA68330017A9FFF7A1FB3800FFF77AFEDE
:10358000041E5DD10136EEE728000E300F21F4F75E
:103590004BF80500811C3800FFF701FA041E00D02B
:1035A000B3E03B6B01356D015B1B3B65FB795A0753
:1035B00015D504229343FB713800FEF7FFFD002868
:1035C00001D00400A1E00122796B52423800FEF7DD
:1035D000DCFD002800D09DE0BB68002B05D14346F0
:1035E000D9681869FFF7A6FD8FE039006846FFF734
:1035F000BEFA002801D0040087E03D697E69434699
:1036000059894A020023521973413A617B6141464C
:1036100008693830FDF797FC434618693A697B69B9
:103620002830FDF790FCFB794246116901221343D3
:1036300021228B546846FFF797FB0028CFD0DAE7AA
:10364000642E00D168E0042C5FD117ABDA7A4F23E7
:10365000FA5417ABDB7A9B072CD528000C300D21D0
:10366000F3F7E2FF451C29003800FFF798F9041E24
:103670004BD16E1E012D1FD1002C46D1BA6BFB6BB6
:103680004046FEF735F8041E3FD1386C2022002159
:10369000F5F79CF9386C390044310B22F5F79CF9A9
:1036A0004F23F95C3A6C373B0B40137301234246BE
:1036B00013712AE00125D6E7396B7301C91A380066
:1036C000FEF763FF041E20D138004430FDF7ECFE06
:1036D0000500BA6BFB6B4046FEF70AF8041ECBD11F
:1036E0004346D868F2B2396C2B00FDF797FE0123F0
:1036F0004246137100213800FFF7CFF8041EBBD1FA
:10370000013E002EE5D1B7E7062420001AB080BCA8
:10371000B846F0BD0400F8E70724F6E710B5FDF75A
:1037200025FC431C02D0FDF77BFB10BD0020FAE70F
:10373000F0B5CE46474680B585B08046019116006B
:103740009946FF231F003740334206D001A8FFF7F8
:10375000E5FF002847D0013EF3E743461B78002BE6
:1037600025D1002E23D001203EE04B46002B40D037
:103770003A00039B581C039019783F292FD08021D1
:1037800049000A435B783F2BF3D02A2BF1D04B46FC
:10379000013B0299FFF7CCFF00282CD1029B1D783A
:1037A00001A8FFF7BBFF002E27D0002D19D04346FC
:1037B0000393019B0293039B1B783F2BD5D02A2BAD
:1037C000D3D003A8FFF7AAFF040002A8FFF7A6FFC3
:1037D00005008442E4D1002CEDD1012004E0013247
:1037E000D0E7002000E0002005B0C0BCB946B046DC
:1037F000F0BD0020F8E70120F6E70020F4E7000024
:1038000070B582B00400FDF73BFF051E0AD1237896
:10381000032B0AD060780022002102F0A1FA0028D0
:1038200000D00125280002B070BD6379012BF1D1D1
:10383000260068368022920000213000F5F7C6F895
:103840001549164BE018FDF772FB15493000FDF7DE
:1038500072FB93239B00E0181249FDF76CFBA169F2
:1038600094239B00E018FDF766FB616995239B009C
:10387000E018FDF760FBA06BE16B0122002312183A
:103880004B4122666366607801210091310002F0AD
:103890004EFA00236371BDE755AA000066020000DE
:1038A0005252614172724161F0B5D6464F4646466A
:1038B000C0B580460E000368994600238B76836B63
:1038C000C26B134300D113E14B461B78042B36D057
:1038D000036D013300D192E000270024002574E03D
:1038E00043461B04FF22521B290018317118023174
:1038F0001843FDF7A1FB00282FD02D180023984670
:103900004B4618692323C35CBB421FD998239B00F5
:103910009C421AD2E30600D102340019FDF7D4FA12
:10392000023401374346002BDAD1A0239B01C31890
:103930009BB2802212019342D2D28046E0E7002758
:103940000023984600254024DAE700254346002B53
:1039500005D1002D04D02B0006E00500F6E7002578
:103960006B1C75193F22AA76F31800229A7672739F
:103970004B461B691B7937321A403273DB0605D47C
:103980004B4618693830FDF7B0FA01E000200021FD
:10399000306071604B4618690C30FDF795FA708104
:1039A0004B4618690E30FDF78FFA3081A0E03B04DA
:1039B000FF22121B21001831711802311843FDF744
:1039C0003BFB002814D0241800274B46DB686A0014
:1039D000D05A00280DD00135002FE8D1A0239B013B
:1039E000C3189BB2802212019342E0D20700ECE799
:1039F0000400002F00D0002434190023A3760025F2
:103A0000002399461BE0E03425E00B2D25D87319DF
:103A10002E225A73013520E0B621FF312000FDF738
:103A2000E7F9002834D00C22521B29000831711804
:103A30000531FDF701FB00285FD02D18B9464B4634
:103A40000A2B26D843461B6C4A46571C9C5C202CEC
:103A50001CD0052CD7D0092FD7D0E0B2FDF782FAC1
:103A60000028D9D0082FD7D00B2FD5D043461B6CB8
:103A7000DB5D9A461800FDF777FA0028CCD04F4658
:103A800002372402534623439CB2C5E7B946D6E722
:103A90000025731900225A73B37E002B0ED1002D1E
:103AA00046D16A1C75193F33AB76B2180023937662
:103AB00043461B6C1B7B002B00D1737343461B6C6E
:103AC000DA7A3F23134033734346186C1C30FDF7FA
:103AD00000FA3060002373604346186C1630FDF71F
:103AE000F3F970814346186C1830FDF7EDF9308119
:103AF000E0BCBA46B146A846F0BD0500C9E71025AE
:103B0000B31898760131013273185B7B002BCCD04F
:103B100018002E2BF3D01C00413CA4B2192CEFD876
:103B20004446246C247B2542EAD020331800E7E782
:103B3000082500220021E7E7F0B585B0019000914B
:103B40001500039103A8FDF7EDFC041E20DB114BCB
:103B50008200D658002E05D00027D7503000FDF740
:103B6000AFFB3770019B002B07D05C70019B0022DC
:103B70001A70084BA400019AE250002D02D12800CF
:103B800005B0F0BD002201A96846FDF7FBFEF7E78E
:103B90000B20F5E7B8270020F0B5DE4657464E4625
:103BA0004546E0B5A3B0050009911700002800D1F3
:103BB000A4E13F26164032000BA909A8FDF7E2FE5A
:103BC000041E09D000232B60200023B0F0BCBB46AC
:103BD000B246A946A046F0BD0B9B0C938C20C000BA
:103BE000FDF7DCF88046002800D189E10B9BD86006
:103BF0008022920042441A6109990CA8FFF700FC48
:103C0000041E0CD10CAA4F23D356002B5EDB3E21A1
:103C100039404B1E99411000FDF790FA04001C2317
:103C20003B4200D1F9E0002C00D1B6E0042C4FD08B
:103C300008231E43F6B2002C00D054E133074FD5C1
:103C40000B980378042B00D1B2E002F0EDF8814626
:103C50000CAF1C980E304946FDF76DF91C981630D4
:103C60004946FDF768F90B9B9A461C9B9B46190039
:103C70005046FDF763FB814620235A46D3721C99B8
:103C800000225046FDF76DFB1C981C300021FDF70B
:103C900052F90B9B01221A714A46002A20D05C6E11
:103CA0001B6E02930394002249463800FEF7D7FCAE
:103CB000041E00D017E1029A039B0B98FDF718FD34
:103CC00004000B9A4B46013B536109E00624A6E72A
:103CD000FDF770FA00285BD108231E43F6B20E34BC
:103CE000002C00D0FFE0330702D540231E43F6B27C
:103CF0000B9B1A6E5B6E2A656B650CA8036CAB653B
:103D00000121B14289414942FDF764FAE862002885
:103D100000D1F1E00B980378042B00D18BE01C9FBD
:103D20003900FDF70BFBA86038001C30FDF7D1F817
:103D3000286100236B610023EB650B9A91462A6092
:103D4000D288AA803022AE540132AB540022002324
:103D5000AA64EB64AA63EB6360239A46AA448032A8
:103D6000920000215046F4F731FEB60600D4BAE0C6
:103D70002E696F6933003B4300D1B4E0AE63EF635B
:103D80004B465B895B020293A968A146AB4665E09E
:103D90000CA8FFF7C1FB04004AE70CAB9B7911228A
:103DA0001A4200D09EE07F0700D444E708249AE03E
:103DB00028602900FDF79FFB0B9B186902301E222B
:103DC0000021F4F703FE0B9C206926301A22002103
:103DD000F4F7FCFD236920221A71246902F024F80B
:103DE000010020000830FDF7A6F80B9B1A6921237B
:103DF0000121D1540CA8FEF7B7FF041E73D1A968A6
:103E0000002900D16CE700222800FEF728FC0400FE
:103E1000AB680B9A013B536162E7002C63D10CAB9A
:103E20009B79DA0666D4BF0700D459E7DB0700D4D4
:103E300056E7072457E00CAA0E9B2B62109BFF212C
:103E40008B43D1790B436B62209BAB622900FDF75A
:103E500052FB70E702239946361BAF414B46002BBD
:103E600012D1029C0025002F0AD05846FEF7C0F957
:103E700001000128EED9431CEED101239946EBE75E
:103E8000AF4201D1A642F0D84C465D462964002CD1
:103E90000ED1F30527D00B9B99461800FDF722FAA7
:103EA00004900591049A059B1100194304D1022442
:103EB000E86AFDF7E3F916E0F905760A31430A00EE
:103EC00000230498059912184B41AA64EB644946F3
:103ED000487801210091514601F010FF002802D0DE
:103EE0000134E5E707244046FCF75CFF002C00D1D5
:103EF0006AE667E60424F6E70224F4E7092463E6A9
:103F0000112461E6F0B5DE4657464E464546E0B51B
:103F10008DB004008B46150098460023424613607E
:103F20000BA9FDF745FB002800D0E1E03123E05C60
:103F3000002800D0DCE03022A25CD20700D405E1EA
:103F400026696769A26BE36BB61A9F41002F00D008
:103F5000F4E0B54200D8F4E035005F46834671E0F6
:103F6000E16D002903D02000FDF7D0F981E0216C3C
:103F70002000FEF73DF97CE031230222E2540220CA
:103F8000B6E031230122E2540230B1E031330222A3
:103F9000E2540220ACE03023E356002B01DB760232
:103FA0003EE0A26CE36C06980799121A8B41002B35
:103FB000F5D19642F3D95202B8182100603180221F
:103FC0009200F4F709FDEAE7A26CE36C06998A42D5
:103FD00000D194E030216156002900DA94E00B9B77
:103FE00021006031587801230093069A079B01F065
:103FF00085FE002800D09CE0069A079BA264E3643B
:10400000A36BDB05DB0D8026B600F61AB54200D2A5
:104010002E0021006031C91832003800F4F7DCFCB2
:10402000AD1B43461B689B1942461360BF19A26B28
:10403000E36B0296002103910298039912184B41F9
:10404000A263E363002D00D17EE0A26BE36BD10598
:10405000D6D1D805510A01430B9840890138060092
:104060000E40B24608420BD11100194300D077E749
:10407000A068012800D87FE7431C00D181E72064B5
:104080000B9B9946216C1800FDF72CF904900591C3
:10409000049A059B110019430B1E00D176E7534685
:1040A000089300230993089A099B0498059912180C
:1040B0004B41069207936E0A80239B009D4200D2DB
:1040C00082E753469B194A465289934201D9534687
:1040D000D61A4B4658780096069A079B390001F08D
:1040E0000DFE002800D156E731230122E2540120C1
:1040F0000DB0F0BCBB46B246A946A046F0BD07993C
:104100008B4200D066E777E721006031484640786F
:104110000126009601F00BFE002805D13022A15C9B
:104120007F230B40A3545AE731230122E25401209C
:10413000DEE731230122E2540120D9E75F468346BE
:1041400080E75F4683467DE75846D1E70720CFE703
:10415000F0B5DE4657464E464546E0B58DB0040004
:104160000F001600994600234A4613600BA9FDF77D
:104170001FFA002860D13123E05C00285CD1013BAC
:10418000E35C9B0700D42AE10B9B1B78042B00D136
:104190001AE1A36B9A19934200D817E1DE438346D4
:1041A000DDE0E16D00294ED02000FDF7AFF80028DA
:1041B00000D10DE101284BD0431C4ED02064A368F0
:1041C000002B00D1A0603023E356002B4ADB0B9B71
:1041D0009846216C1800FDF785F806900791069A1D
:1041E000079B110019430B1E53D05346089300231D
:1041F0000993089A099B0698079912184B41029255
:104200000393750A80239B009E4261D353465B193A
:1042100042465289934201D95346D51A43465878AB
:104220000095029A039B390001F081FD002835D0EA
:1042300031230122E25401200DB0F0BCBB46B2464E
:10424000A946A046F0BD216C2000FEF7A5F8AEE718
:1042500031230222E2540130EEE731230122E254FD
:104260000230E9E70B9821006031A26CE36C4078E2
:104270000125009501F05BFD002805D13022A15CED
:104280007F230B40A354A2E731230122E2540120F3
:10429000D2E731330222E2540220CDE7A26CE36C74
:1042A00002980399121A8B41002B01D06D0235E060
:1042B0009542FBD9200060305202B918802292004A
:1042C000F4F78AFB3022A15C7F230B40A354EDE777
:1042D000A36CE26C02998B425FD0A16BE36B206907
:1042E00062699A425FD85CD0029A039BA264E3643D
:1042F000A36BDB05DB0D8025AD00ED1AAE4200D2CD
:10430000350020006030C0182A003900F4F764FB43
:104310003022A15C80235B420B43A354761B4B46A7
:104320001B685B194A4613607F19A26BE36B049507
:10433000002105910498059912184B41A263E3638B
:104340002069616902920393029A039B994202D801
:1043500003D1904201D902000B0022616361002E5B
:1043600036D0A26BE36BD105C2D1D805510A014307
:104370000B984089013805000D40AA46084200D03C
:1043800021E71100194300D00BE7A068002800D0F6
:1043900010E72000FEF700F809E7039B9A429CD142
:1043A000A2E78842A0D92100603143465878012312
:1043B0000093029A039B01F0A1FC002894D03123C2
:1043C0000122E254012037E78346C8E78346C6E767
:1043D00058463022A35C40210B43A3542CE707200E
:1043E0002AE7F0B59BB0050019A9FDF7E1F8041E16
:1043F00014D13023EB5C5A0610D55BB2002B10DBD6
:1044000001F012FD060019980378042B1CD02A6DC8
:104410006B6DFDF76DF9041E00D176E020001BB036
:10442000F0BD199829006031AA6CEB6C407801341A
:10443000009401F07CFC002800D08BE03022A95CC5
:104440007F230B40AB54DBE72800FDF7B7FE041ECB
:10445000E4D10122296C52422800FDF796FE041E89
:10446000DCD18C20C000FCF799FC071E0FD0199BF3
:10447000D8608022920082181A61290002A8FEF7F3
:1044800076FB041E05D03800FCF78CFCC6E711341F
:10449000C4E7199B19690A79202002430A71EA7955
:1044A000186901210A43212142541869A96834304E
:1044B000FCF741FD199B18692A696B693830FCF7D4
:1044C00042FD199B18692A696B692830FCF73BFD8E
:1044D000199B18690C303100FCF72DFD199B1A69E6
:1044E0000021517518691030FCF725FD02A8FEF770
:1044F0003BFC041EC7D11998FFF782F90400302253
:10450000AB5C40218B43AB54BDE7AC6DE37A20221A
:104510001343E372AA6828682100FCF722FF296987
:1045200020001C30FCF707FD200016303100FCF79E
:1045300002FD200012300021FCF7F9FC199801233C
:104540000371FFF75DF904003022AB5C40218B431F
:10455000AB5463E7012461E710B582B00400FFF7B4
:1045600040FF002801D002B010BD01A92000FDF7D6
:104570001FF80028F7D1E06AFCF780FE0028F2D18E
:1045800000232360EFE770B584B0051E01915FD072
:10459000002203A901A8FDF7F5F9041E04D00023A9
:1045A0002B60200004B070BD039B2B608C20C000EA
:1045B000FCF7F4FB061E4DD0039BD86080229200CE
:1045C00082181A6101992800FEF71AFF041E35D1DE
:1045D0004F23EB56002B0ADBAB79DB062DD5039876
:1045E0000378042B12D0296CFCF7A8FEA860039B6B
:1045F000DB88AB8000212800FDF7C7FF041E1DD11A
:10460000AB68002B10D10023EB6217E0AB682B6284
:104610002B69FF229343EA7913436B622B6DAB62E4
:104620002900FCF768FFE2E700212800FCF7D2FD33
:10463000E862002802D1122400E005243000FCF7D3
:10464000B1FB042C02D0002CABD0A8E70524A6E7D0
:104650000924A6E71124A4E7F0B583B005000E00F5
:1046600001A9FCF7A5FF041E2BD1002E1FD08C2022
:10467000C000FCF793FB071E26D0019BD860802268
:10468000920082181A6100212800FEF78AFA042895
:1046900001D0002811D131002800FFF705F90021D1
:1046A0002800FEF7FAF8042808D0040006E00021EC
:1046B0002800FDF76AFF040003E004003800FCF75F
:1046C00071FB200003B0F0BD1124FAE770B50600BD
:1046D0000C0021003000FFF7BFFF051E0DD1002C9C
:1046E0000BD0A37E002B08D0706D04230022210084
:1046F0001A31FFF71DF80028EBD0280070BD70B507
:1047000004000D0011004365FFF73DFF002800D0B5
:1047100070BD29002000FFF7D9FFF9E770B5BCB0E4
:10472000019002223BA901A8FDF72CF9041E02D03A
:1047300020003CB070BD3B9B24938C20C000FCF754
:104740002DFB051E76D03B9BD860802292008218FC
:104750001A61019924A8FEF753FE041E09D124AA68
:104760004F23D35C9B065AD402211000FCF7E6FCD1
:104770000400002C54D124AA4F23D356002B53DB22
:104780009379DB0752D43B9802900378042B1FD017
:104790003499FCF7D3FD060024AB9B79DB0627D5C3
:1047A0003B9BDA69B24243D00E9310961B78042BE0
:1047B00014D000210EA8FDF7E8FE041E30D1002120
:1047C0000EA8FEF7EEF9041E11D0042810D111E056
:1047D00002AE3100FCF78FFE049EDDE702AA0698C8
:1047E00007990EAB12901391D279DA71E1E70724A1
:1047F000002C15D124A8FEF704F9041E10D1002EB8
:1048000006D1002C0CD13B98FEF7FAFF040007E01C
:104810000022310002A8FDF722FF0400F1E7062480
:104820002800FCF7BFFA83E70624F9E70724F7E737
:104830000724F5E711247BE700B583B082680123E4
:104840009340D022120653616B46D91DFF230B7093
:1048500043681868012205F02BFA03B000BD00B5CB
:1048600083B0826801239340D022120693616B4685
:10487000D91DFF230B7043681868012205F018FA50
:1048800003B000BD10B5406800F048F910BD10B588
:10489000406800F057F910BD10B5436819691868F1
:1048A000F8F7F6FD10BD000010B54368186802491E
:1048B000F8F7EEFD10BDC046801A060010B50400E2
:1048C000FFF7BAFF2000FFF7CAFF10BD10B50400C4
:1048D000FFF7D8FF2000FFF7C2FF10BD10B504009E
:1048E000FFF7AAFF2000FFF7D2FF10BD10B5406808
:1048F00005F016FA10BD000000B585B00B006A4641
:10490000D11D0B700F226A44FF2313704068FE3BD9
:1049100005F006FA002804D00F236B44187805B080
:1049200000BD034B034A0448662101F065FAF3E732
:1049300090000310C82E031098000310F0B585B046
:1049400006008168D0221206576801238B401F4061
:1049500053610A22FF2101A8F4F738F8F2F7C4F9ED
:10496000FA24A400002524184D41002D1ADB0A2347
:10497000002201A93000FFF7B9FFF2F7B5F92200D4
:104980002B00121A8B41002BF1DC01D1002AEED151
:10499000B26801239340002F08D0D0221206536141
:1049A00005B0F0BD01246442024DE0E7D0221206BA
:1049B0009361F5E7FFFFFF7F10B50C2906D8036868
:1049C000054A1340C9020B43036010BD034B044A60
:1049D0000448CD21F5F772F9FF87FFFFE0000310CF
:1049E000F02E03100001031000B583B00100002376
:1049F000019310330193134B019301A8FFF7DCFFE0
:104A0000019B0C22190091430A0008210A430192DC
:104A10000D4A1A400A4301920C4A1A400A43019275
:104A20000B4A1A401143019109210A430192094A94
:104A30001A400A430192084818400843019003B005
:104A400000BDC04610801F0033F8FFFF33F8BFFFE2
:104A500033F89FFF33F81FFF31F81FFF10B53F29D0
:104A600006D80368054A1340C9030B43036010BD11
:104A7000034B044A0448BF21F5F720F9FF7FE0FF0C
:104A800058010310D82E031000010310F8B50600DA
:104A90000F0000250CE01C4B1C4A1D482521F5F792
:104AA0000DF91C4B194A1A482621F5F707F901356B
:104AB000F0F74EFDA84226D92800F0F74BFD4369D8
:104AC000B342F4D13A68016A01238B401342EED01D
:104AD0003B60036A9B01A022D205944663441B6994
:104AE000DB01D8D43430040005F032F90028D8D1E5
:104AF000200005F085F80028D9D1074B034A044867
:104B00002821F5F7DBF8F8BD6C0103100C2F03101A
:104B100090010310D4010310F001031010B5C36B12
:104B2000002B03D03C3005F00BF910BD024B034ABB
:104B300003488721F5F7C2F8A0020310382F0310AD
:104B40009001031010B5C36B002B03D03C3005F06F
:104B500077F810BD024B034A03488B21F5F7AEF8F6
:104B6000A00203102C2F03109001031010B50400B5
:104B7000694805F0E5F83023E35C002B00D0BAE08B
:104B8000E36B002B00D181E02000FFF7C7FF236912
:104B9000002B01D1614B2361200034300122002120
:104BA000F1F7E6FB20685E49F8F7CCFC23685A6809
:104BB00002210A405B481818016018680531484016
:104BC000C8310140802040011818016056498C46C8
:104BD00063441A6060680121F0F748FEA068012173
:104BE000F0F744FEE0680121F0F740FE237E002B41
:104BF00051D1606800220121F0F752FE012001F03E
:104C000045F9E061012001F041F92062E069FFF718
:104C1000EBFE6062206AFFF7E7FEA062636A0C2287
:104C2000934363629043A0622000243022683F4B8C
:104C30009A4239D01021FFF711FF636A2022934373
:104C40006362200028302268384B9A422ED011210E
:104C5000FFF704FFA36A10229343A362344B1B782F
:104C6000002B25D00C2363610B2B23D00C2B47D1B9
:104C7000304B314A1A60226A0123190091402F4AB1
:104C80001160E26993402E4A136020E020003C301E
:104C9000F1F786FB78E7617EA068F0F71DFEA17E44
:104CA000E068F0F719FEA4E71221C4E71321CFE76B
:104CB0000B23D8E71F4B234A1A60226A01231900ED
:104CC0009140214A1160E2699340204A1360204BD1
:104CD0001B78002B1AD0174B196860698022F1F7F6
:104CE000D3F860690121F1F76DF830230122E25415
:104CF0002000FFF727FF084804F0A2FF012010BDA5
:104D0000144B154A1548EA21F4F7D8FF094B1968E6
:104D10006069F1F78FF8E4E7601C00208096980046
:104D2000A0860100043000000420000000000440C0
:104D3000E79A022068410020650E002014240050EC
:104D400014340050750E0020042400500434005028
:104D50007A150020A8CB0210202F03109001031019
:104D6000F0B506000131891A002400200CE0171963
:104D7000FB080F25ED1A07233B40755D1D410123FC
:104D80002B40A340184301348C42F0D3F0BD000007
:104D90000123C361064BA92292008350054B0432C4
:104DA0008350054B04328350044B043283507047C8
:104DB0004D5A0210A5570210ED550210D35702109C
:104DC00010B50400C36A002B04D020002C3004F07E
:104DD000B7FF10BD034B044AB8210448490001F055
:104DE0000BF8F2E7C4020310B42F0310E80203101B
:104DF00010B50400FFF7E4FF2000FFF767FD10BDCA
:104E0000F0B583B006000F003F230B4040210B4359
:104E10006C462370130E6370130CA370130AE370B7
:104E200022710521684600F0F5FE40000123184379
:104E30006071002405E06B46195D3000FFF75CFDF2
:104E40000134052CF7DD0C2F0BD000240F2C0DDCCA
:104E5000FF213000FFF750FD0500000606D50134A4
:104E6000F4E7FF213000FFF747FDEEE7280003B02D
:104E7000F0BD0000F0B5C64600B580460C00F1F765
:104E800033FF06000F00FA229200002320000021C9
:104E9000F3F72CFB36184F41002F19DBFF2140465A
:104EA000FFF72AFD0400051E0AD1F1F71DFF3200AD
:104EB0003B00121A8B41002BF0DC01D1002AEDD10E
:104EC000002D09D0631E9C41E0B280BCB846F0BD05
:104ED00001267642034FE1E70349044800F066FFEC
:104EE000F0E7C046FFFFFF7F902F03103003031051
:104EF000F0B5D6464F464646C0B506000D00924670
:104F00009946089F0C2923D1002398464346022B3B
:104F10000ADC4B46002B28D1524629003000FFF70F
:104F20006FFF0400FF2833D0002F00D03C60FF2C1F
:104F300036D0230701D5172D3AD1630740D4122369
:104F400023424CD14E33234258D10023984648E0A7
:104F5000FA21C900FFF78EFF0028D5D1D022814960
:104F60008148FF3200F022FFCEE7002237213000D7
:104F7000FFF746FFFA21C9003000FFF77BFF00284A
:104F8000CAD1DA2277497848FF3200F00FFFC3E731
:104F90007648290000F00AFF01239C46E044B5E76B
:104FA00073482200290000F001FF724B98464FE041
:104FB00071482200290000F0F9FE704B984647E046
:104FC000172D02D16E4B984642E06E482200290010
:104FD00000F0ECFE082DF5D10423B362F2E76A4B32
:104FE00098460D2D3AD00CDC082D0FD00C2D2CD16D
:104FF000FA21C9003000FFF73DFF26E0634B9846D9
:10500000EFE7262DF4D03A2D05D01EE0604800F0E1
:10501000CDFE0223B362FF213000FFF76DFC0506D1
:10502000FF213000FFF768FC04042C43FF2130000F
:10503000FFF762FC00020443FF213000FFF75CFC35
:1050400004435448210000F0B1FE002F00D03C6022
:105050004046E0BCBA46B146A846F0BD2402FF2156
:105060003000FFF749FC0443EFD04B48210000F02B
:105070009DFEE30721D4A30725D4630729D4230782
:105080002DD4E30631D4A30635D4630639D42306E0
:105090003DD4E30541D4A30545D4630549D4230594
:1050A0004DD4E30451D4A30455D46304CDD53B4877
:1050B00000F07CFE354B9846C7E7394800F076FE95
:1050C000384B9846D7E7384800F070FE374B984683
:1050D000D3E7374800F06AFE324B9846CFE73548B1
:1050E00000F064FE2F4B9846CBE7334800F05EFE9D
:1050F0002C4B9846C7E7314800F058FE2B4B98469A
:10510000C3E72F4800F052FE1F4B9846BFE72D48DB
:1051100000F04CFE1D4B9846BBE72B4800F046FEC6
:1051200000239846B7E7294800F040FE164B984602
:10513000B3E7274800F03AFE114B9846AFE7254801
:1051400000F034FE0D4B9846ABE7234800F02EFEEE
:105150000D4B9846A7E7214800F028FE0B4B9846D8
:10516000A3E7C046E80203103C03031058030310F2
:105170007003031073ECFFFF980303106FECFFFF45
:1051800076ECFFFFBC0303106EECFFFF75ECFFFF36
:10519000E4030310F8030310080403107C06031053
:1051A000140403106DECFFFF4004031072ECFFFFCA
:1051B0006C04031098040310C4040310F0040310DB
:1051C0001C0503104805031074050310A005031007
:1051D000CC050310F8050310240603105006031035
:1051E00010B584B0040000230393D52203AB0093D1
:1051F000002352000821FFF77BFE002802D1A36A9A
:10520000022B01D004B010BD039A13051B0DD5214C
:1052100049008B42F6D0D5390348490000F0C6FD5D
:105220000423A3620148EDE7A806031071ECFFFF19
:10523000F8B506000F00F1F757FD114C00252418B2
:105240004D41002D15DBFF213000FFF755FBB84223
:1052500013D0F1F749FD22002B00121A8B41002BCD
:10526000F1DC01D1002AEED1064800F09FFD0020BC
:1052700004E001246442044DE5E70120F8BDC04686
:1052800080841E00D0060310FFFFFF7FF0B5C646E6
:1052900000B5060088461700FE21FFF7C9FF002869
:1052A00001D000240EE017491748184A00F07EFD8F
:1052B00017481CE043461D19FF213000FFF71CFB77
:1052C00028700134BC42F5D3FF213000FFF714FBF6
:1052D0000402A4B2FF213000FFF70EFB0443A4B286
:1052E0003900404600F0A6FCA04203D1002080BC5B
:1052F000B846F0BD074B02002100180000F056FD33
:105300000548F4E7E8020310EC060310110300005F
:1053100070ECFFFF040703106FECFFFFF0B5C6460B
:1053200000B586B004000023009300220921FFF796
:10533000DFFD00281BD1102202A92000FFF7A6FFE5
:1053400000281FD17E227F2102A8FFF709FD002837
:105350001ED0012855D0364800F028FD354B364A7E
:105360003648374900F048FD0024002504E0354860
:1053700000F01CFD002400252000290006B080BCA0
:10538000B846F0BD304800F011FD00240025F3E7D9
:1053900002AD3E2249212800FFF7E2FC80462F2281
:1053A00031212800FFF7DCFC0400502253212800A3
:1053B000FFF7D6FC0122824002344346581CA0402D
:1053C00000230021F3F792F807000E00CB05440AF2
:1053D0001C434D0A1D48414600F0E8FC1C4800945F
:1053E000019522002B0000F0E1FC1A4832033B0D2E
:1053F0001343320D009301923A00330000F0D6FCC3
:10540000BAE73022452102A8FFF7AAFC0100441C9C
:10541000A4020025104800F0C9FC10482200002317
:1054200000F0C4FCE20A0E48002300F0BFFCA3E732
:105430004C08031068080310A02F0310E8020310A3
:10544000EE0200004C070310740703109C070310C2
:10545000C0070310DC070310FC070310200803102B
:105460003408031010B50400C36A002B04D02000D8
:105470002C3004F0E5FB10BD034B044ABA2104486C
:10548000490000F0B9FCF2E7C4020310842F0310B6
:10549000E802031010B50400FFF7E4FF2000FFF757
:1054A0001DFA10BDF8B504000E001700FE21FFF72D
:1054B000BFFE00281BD03B00320000212000FFF778
:1054C00015FA002823D0FF212000FFF715FA050266
:1054D000ADB2FF212000FFF70FFA284384B2390054
:1054E000300000F0A7FBA04208D10020F8BD094918
:1054F00009480A4A00F05AFC0948F7E709490A4DE9
:1055000003002200280000F051FC0848EEE70448A0
:10551000ECE7C046E8020310EC060310310300007C
:1055200070ECFFFF742F0310880803106FECFFFF6F
:10553000F0B583B007000C0015001E00089A002388
:1055400052197341006A796A8B4227D824D0FB69CB
:105550009B0742D1BB6A032B00D06D02089B012B35
:105560001ED9002300932A0012213800FFF7C0FC47
:105570000600002E23D1089D002D1AD08022920013
:1055800021003800FFF78EFF00281BD180239B00ED
:105590009C466444013DEFE78242D8D9114E0EE0AB
:1055A000002300932A0011213800FFF7A1FC060018
:1055B000DFE73400089B012B06D8002C0FD1300008
:1055C00003B0F0BD084CF5E70023009300220C2146
:1055D0003800FFF78DFC0600EFE7024EEFE72600EC
:1055E000EDE7C04675ECFFFF70ECFFFFF0B583B050
:1055F00004000D0017001E00FFF7FAFB089B009344
:105600003A00330029002000FFF792FF0500200038
:10561000FFF740FF280003B0F0BD000070B50400A4
:105620000D0011001E00FFF767F93300002229006A
:105630002000FFF75BF900281CD03100280000F0A3
:10564000F9FA0500010AC9B22000FFF755F9E9B2DD
:105650002000FFF751F9FF212000FFF74DF9050069
:10566000FA21C9002000FFF705FC002809D01F20FF
:10567000284070BD064B074A0748084900F0BCFBAC
:10568000DBE705490648074A00F090FBEFE7C04614
:10569000C8080310642F0310E80203108F030000F2
:1056A0003C030310A1030000F0B587B004000E0016
:1056B000029203930C9D2A0000230298039912186A
:1056C0004B41206A616A8B4232D82FD0E3699B0735
:1056D0005FD1A36A032B02D0029B5B020293012DD0
:1056E00028D00027009701232A0017212000FFF768
:1056F000FFFB2000FFF7E2F800970023029A192130
:105700002000FFF7F5FB002841D180239B00FC22FD
:1057100031002000FFF782FF052822D180239B0063
:105720009C466644013D002DEFD11FE08242CDD959
:1057300019482CE000230093029A18212000FFF75B
:10574000D7FB002823D180239B00FE2231002000BC
:10575000FFF764FF010005280CD0104800F026FB7D
:1057600008E00F4B0100180000F020FBFD21200095
:10577000FFF7C2F8002305932000FFF79FF805AB61
:105780000093002300220D212000FFF7B1FB07B09A
:10579000F0BD0148FBE7C04675ECFFFFCC080310E5
:1057A000F0080310F0B583B004000D0017001E00D0
:1057B000FFF71EFB089B00933A00330029002000EE
:1057C000FFF772FF05002000FFF764FE280003B01A
:1057D000F0BD70B50400C36A002B14D02000FFF7A1
:1057E00007FBE369012216001E401A4222D1002164
:1057F0002000FFF73FFB051E09D101352000FFF710
:1058000049FE280070BD2C30F0F7CAFDE6E7022EF5
:1058100008DC00220D212000FFF7F2FAFF2802D158
:105820000136F4E70025002DE8D1E3690122134396
:10583000E361E3E70023A3622000FFF735F82000CF
:10584000FFF77CF800212000FFF714FB051ED5D0E0
:105850000026022E08DC002200212000FFF7D0FAEB
:10586000FF28CBD10136F4E70025C7E730B585B076
:1058700004000025092D16DC03AB00930023002251
:1058800000212000FFF734FB039B012B0BD02000ED
:10589000FFF700FE05480021F1F72EFA2000FFF780
:1058A000A7FA0135E6E7039805B030BDA0860100F0
:1058B000F0B5C64600B584B00500FEF7F5FF280038
:1058C000FFF73CF82800FFF7D1FF01284DD1280051
:1058D000FFF786FC041E02D03D4B98425BD10023AB
:1058E000009301223B212800FFF702FB03AB00934A
:1058F000002300223A212800FFF7FAFA041E4AD1B9
:10590000039BDB0236D5AB6A022B37D000239846C7
:10591000F1F7EAF92F4E002736184F41002F31DBFF
:1059200003AB00930123424629212800FFF7E0FA48
:105930000400039BDB070AD5F1F7D6F932003B00E0
:10594000121A8B41002BEBDC01D1002AE8D1002C8C
:105950001CD1039B002B19D1AB6A022B20D0012351
:10596000AB621D4800F022FA15E01C4800F01EFA58
:105970001B4C10E00423AB621A4C0CE08023DB05C7
:105980009846C5E701267642174FC9E70423AB6264
:10599000164800F00BFA200004B080BCB846F0BDF9
:1059A00003AB0093002300223A212800FFF7A0FA5E
:1059B000041EF0D1039B5B0005D50323AB620C48AA
:1059C00000F0F4F9E7E70B4800F0F0F9E3E7C04630
:1059D00076ECFFFF80841E00CC090310140903102D
:1059E00073ECFFFF71ECFFFFFFFFFF7F5009031017
:1059F0006C0903109409031010B50300007B002804
:105A000010D01C69D022120651680122A2400A401F
:105A1000511E8A4159698A420AD1DA6902218A43B0
:105A2000DA6104E0DA6902218A43DA61013010BDEB
:105A3000DA6903210A43DA6100229A620248F4F724
:105A4000F3FA0020F3E7C046F409031010B582B062
:105A50000400C36A002B37D02000FFF7B1F9200003
:105A6000FFF7CAFFE3699A0732D4DB0735D5002375
:105A7000A3622000FEF72AFF2000FFF719FF00288D
:105A800031D1294800F092F92000FFF747FC20624D
:105A90006162084332D080220023009392001021DB
:105AA0002000FFF725FA002830D12000FEF7F4FE91
:105AB000E36901229343E3612000FEF70FFF20001A
:105AC000FFF7D0FCE0690CE02C30F0F769FCC3E78D
:105AD0002000FFF7C7FCE06903E02000FFF7C2FCED
:105AE000E06902B010BD114800F060F92000FEF737
:105AF000F5FE2000FFF7B6FCE069F2E72000FEF7B4
:105B0000EDFE2000FFF7AEFCE069EAE780210848DF
:105B1000890000F04BF92000FEF7E0FE2000FFF7BF
:105B2000A1FCE069DDE7C046280A03100C0A031057
:105B3000400A031070B50400FFF75AF92000FFF780
:105B4000EDFB06000D002000FFF7A4FC300029004B
:105B500070BD0000F8B52D4804F0F2F82C4B1B780E
:105B6000002B4CD1002620E02069EFF7B3FF20691D
:105B700000220121EFF794FE226901239340D022F5
:105B8000120693621EE0A36801252A009A40D027DE
:105B90003F067A61A068EFF79DFFA3682A009A404C
:105BA0007A62A3689D407D610136EFF7BFFCB04289
:105BB00010D93000EFF7BCFC0400FFF7E9F8237BB5
:105BC000002BD1D1237E002BDDD0617EA068EFF7C2
:105BD00083FED8E70025EFF7BBFCA8420CD92800CC
:105BE000EFF7B8FCFEF7C2FF041E01D00135F2E763
:105BF000064804F025F806E0054B01221A70034818
:105C000004F01EF801242000F8BDC046681C0020E6
:105C1000E69A022010B504000023002005E04000B1
:105C2000E25C5040024A105C01338B42F7DB10BD4E
:105C3000BC31031030B505000022002009E0030A42
:105C4000AC5C6340044C5B001B5B000280B25840BC
:105C500001328A42F3DB30BDBC2F0310124B984255
:105C600018DC124B984218DA114B984217D006DD17
:105C7000104B9C46604401280AD803200CE00E4BD0
:105C80009C466044012801D8032005E0012003E080
:105C9000012001E0002804D170470420FCE7022025
:105CA000FAE70120F8E7C04676ECFFFF75ECFFFF4E
:105CB00072ECFFFF8D1300009013000010B5EFF79A
:105CC00037FC041E03D0FFF797FE207F10BD042091
:105CD000FCE710B50400FFF73DFF00280AD02000C4
:105CE000EFF726FC002807D0A9239B00C35898474C
:105CF000C0B210BD0320FCE70420FAE7F0B583B082
:105D00000E0015001C00EFF713FC00280DD0AB238C
:105D10009B00C758089B00932A0023003100B84716
:105D2000FFF79CFFC0B203B0F0BD0420FBE7F0B565
:105D300083B00E0015001C00EFF7FAFB00280DD011
:105D4000AA239B00C758089B00932A002300310018
:105D5000B847FFF783FFC0B203B0F0BD0420FBE7F4
:105D600070B50C001500EFF7E3FB002816D0012CEE
:105D700005D0032C0ED0002C12D120000DE0FFF72F
:105D8000D9FE094B1860596028606960084309D042
:105D9000002002E001232B60002070BD0420FCE7FE
:105DA0000420FAE72000F8E7B02700200FB4F0B590
:105DB000C3B048AC80CC802676003200002102A817
:105DC000F2F704FE019402AD23003A0031002800EE
:105DD000F3F70AFF06482900F4F756F9054B1B684C
:105DE000986801F069FF43B0F0BC08BC04B01847E4
:105DF00084D30210081B002030B583B004000D00CE
:105E00001900074800922B002200F4F73DF9054BDA
:105E10001B68986801F050FF72B600BEFDE7C046EF
:105E2000600A0310081B002010B582B06C460822DF
:105E300000216846F2F7CAFD684600F041F80028E4
:105E400022D0227844325206A3785B05F020400429
:105E500003401A43E3781B04F82040030340134334
:105E60006279D206120C1A43A3795B01FC20C000B0
:105E700003401343E17949B2CA0F521852101F2050
:105E80001040184302B010BD0020FBE710B582B0EF
:105E90000100054C054B00930B2300222000EFF777
:105EA0009CFE02B010BDC046C09A02209C0A03109E
:105EB000024BD8688007C00F7047C04600C005403D
:105EC00070B50400FFF7F4FF00281CD00E4AD36918
:105ED00092691D0E0721294021711D0C1F210D40C3
:105EE00065711E0A3F252E40A6715BB21D40E5710B
:105EF000130B1B051B0D2380150A0F232B40A370CA
:105F000052B21140E17070BD00C0054010B50021D3
:105F100001F03AFD10BDC04610B50A22002101F083
:105F2000EDFD10BD70B50B0C0024150C002B28D115
:105F3000002D3CD18BB291B2594300F05BF8051EA5
:105F400033D00300083B5A6803239A43043A242AB7
:105F500012D80300132A0AD90460446008331B2AAC
:105F600005D98460C460242A2AD00300103300229B
:105F70001A605A609A6002E00021F2F727FD2800BB
:105F800070BD002D16D1151C89B292B24A43ADB234
:105F90009BB26B43110C5B18190C0BD1190492B214
:105FA000114300F027F8051ECBD10025E7E72B1C95
:105FB0000D1CE9E702F032F90C2300250360DEE74F
:105FC0000300046118334461D1E7C04610B5034BA8
:105FD0000100186800F00EF810BDC046081B002034
:105FE00010B5034B0100186802F0CAF910BDC04695
:105FF000081B0020F0B54E464546DE465746E0B544
:106000000D000B35060085B0162D21D8102900D9BA
:10601000D4E000F0D5FA102518230221CA4FFB184E
:106020001A005C68083A944200D186E10322636852
:10603000A1689343E268CA6091600121E3185A683D
:1060400030000A435A6000F0C3FA20000830B8E07C
:1060500007239D4300D5B1E0A94200D9AEE000F08E
:10606000AFFAFC235B009D4200D2E0E1690A00D157
:10607000AEE0042900D9A1E138239846A909884453
:106080003931CB00082252429446AF4FFB189C4452
:106090006346DC68A44514D0032399460B0061468F
:1060A0009C4607E0E068002A00DB40E1814200D125
:1060B00041E104004A46636893435A1B0F2AF1DD0D
:1060C00041463A003C690832944200D11EE1032067
:1060D00063688343581B0F2800DDACE13A617A61A5
:1060E0000028AADA7A68904680229200934200D370
:1060F00036E1DA08580901238340404618438046B8
:10610000D300DB199A687860E360A2609C60D46079
:1061100001208B109840404562D8434603420AD183
:1061200003239943434640000431034203D1400016
:1061300004310342FBD00323B3469C460E00B8460D
:106140000190F00040440100B246CB680BE0644689
:106150005A681F00A243DB68541B0F2C00DD39E195
:10616000002C00DB53E19942F1D101239946CA4446
:10617000534608319B07E8D1032205E0036808383D
:10618000013E834200D013E23242F7D14346019AE6
:106190005B68934342465360019A520001929A42CF
:1061A0001CD8002A06D119E004229146019ACA445B
:1061B000520001921342F7D05646C2E70C233360D7
:1061C000002005B0F0BCBB46B246A946A046F0BDD3
:1061D00080233F22402190469B0053E75E4647467E
:1061E0000322BC68636893439846AB4203D35B1BAE
:1061F0000F2B00DD8DE0230043440293534B082016
:106200001B6810335B19019302F00EF8504903909C
:106210000B688A46013306D08446019B4242013B0B
:106220006344134001933000019901F0E5FF03003E
:106230008146013300D11CE1029B834200D916E163
:10624000444B02989B461A68019B59469C466244FF
:106250000A6003990139484500D157E153461B684C
:10626000013300D15EE14B4602981B1A9B185A4637
:10627000136007234A4648461A400292184200D14A
:1062800015E10398013384469B1A019A99444A44C4
:10629000019263440A409B1A194030008A4601F07B
:1062A000ABFF431C00D158E14B46C01A03005344D6
:1062B00001935B461A68012052441A604B464946D6
:1062C000BB60019B03434B60BC4213D043460F2B82
:1062D00000D82BE107210C3B8B436168014005206E
:1062E00019436160E118486088600F2B00D93FE1D5
:1062F0004B465B6818490868904200D20A6017490B
:106300000868904200D20A604C46B4E07B68984628
:10631000FEE6012229001343114365196160300034
:10632000BD606B6000F054F92000083049E7A268B6
:10633000D060826081E66146C3E6DC680231A34238
:1063400000D1BEE672E6C046881500200C30002061
:106350007C150020DC2F00200430002008300020B5
:106360005A0A042A7CD9142A00D9B0E010005B3004
:1063700082465C32D200082040428446BA189444D7
:10638000624692680B308146944500D186E0080051
:10639000A2466146844602E09268914204D04C468F
:1063A0005068A0439842F7D8D368614654469C464B
:1063B0006346A260E3609C60D460A9E6142967D9B3
:1063C000542900D98CE06E239846290B88446F31FC
:1063D000CB0057E6BA460120514684464919054389
:1063E00050464560856847466046EB605E469D6066
:1063F000534639617961204308374860CF603000E7
:106400008F609C5000F0E4F850460830D9E6BA4658
:1064100001205E465244516801435160BA68300021
:10642000D3609A6000F0D4F838000830C9E62B0039
:10643000E9080833F2E56119884601218C460D43CD
:106440004146656039617961CA608A60624602438B
:106450004A60E050300000F0BBF820000830B0E6A1
:106460009A091000393238308246D20083E7BC42A4
:1064700041D0BC686368032293431A005B1BAA42A5
:1064800002D30F2B00DD44E7300000F0A1F897E6BF
:106490005B23984688445C31CB00F3E55346981063
:1064A00001238340404618438046786080E7019B83
:1064B000039A4B440B40D31A194030008A4601F02E
:1064C0009BFE431C00D0EFE600239A46F1E6542AD7
:1064D0002ED81A0B10006F326E308246D2004AE777
:1064E000AA235B0099422ED8DD3B9846E90B8844ED
:1064F0007831CB00C6E5304B9B461A68019B9C4621
:106500005B4662441A60039B591EA7E64846084250
:1065100000D0A3E6B9684344894601210B434946AC
:106520004B60E7E653464A461A60A2E64860ABE78E
:10653000AA204000824226D8DA0B10007832773049
:106540008246D20017E71D4B994226D87C239846F5
:10655000A90C88447D31CB0094E5019A029B9446B6
:106560004A46083B63449B1A019300239A46A0E6DF
:1065700021003000083101F003FF5B461A68BB6858
:1065800099465B68B6E60D4882420CD89A0C10001A
:106590007D327C308246D200EDE6FE237E227F21D2
:1065A00090469B006EE5FE227E2092008246E2E647
:1065B00043465B68F0E5C046DC2F00205405000030
:1065C00010B5024801F04AFE10BDC046D42F00208D
:1065D00010B5024801F044FE10BDC046D42F002083
:1065E000094B10B51C68094A983420686168084B4B
:1065F000F1F77CFF0122002380185941206061607F
:106600004800400810BDC046081B00202D7F954C57
:106610002DF45158030010B50A0003490868190009
:1066200000F004F810BDC046081B0020F0B5574626
:106630004E46DE464546E0B50C000600170083B026
:10664000002900D1ACE0FFF7BBFF08235B4299466D
:10665000A1444B465B68032219003D0091430B3572
:10666000CA468846162D67D81025AF4267D8A84578
:106670006EDA4946C04841444A68009080689346B3
:10668000884200D1A0E00120844610006246904379
:1066900008184068104200D077E05A460320824331
:1066A0009346C3445D454EDD6046184212D14B46C9
:1066B00048461B68C31A03209B465B688343D21875
:1066C00042440092954200DCCCE0434400939D425A
:1066D00000DCCBE039003000FFF78CFC071E00D156
:1066E0001EE14B4601225B68934302004B44083A8B
:1066F000934200D1E3E04246043A242A00D9E3E081
:1067000003002100132A09D92368036063684360EA
:106710001B2A00D9DCE00300083108330A681A603C
:106720004A685A608A689A603000210001F028FEA9
:106730003000FFF74DFF20E00432954395D50C2340
:106740000027336019E0D846CB688A68D3609A6026
:1067500043465F1B5346012250465B68404413404A
:106760000F2F22D841460B4351464B6043681343D9
:1067700043603000FFF72CFF2700380003B0F0BC67
:10678000BB46B246A946A046F0BD1A42A2D14B462E
:106790004A461B68D31A03229B465B68934394E7DF
:1067A0001100FFF727FC0700E7E751462B43491983
:1067B000554617436B604F6043680831134343608D
:1067C000300001F0DDFDD4E703218A43944629001F
:1067D000C44410318C4500DB84E0DB0700D579E749
:1067E0004B4648461B68C31A03209B465B6883439D
:1067F000D21842440192914200DD66E75B465A4658
:10680000DB6892685F46D3609A604246043A083774
:10681000242A00D999E03B00132A0AD95946236853
:106820008B606368CB601B2A00D993E05B46083419
:10683000103322681A6062685A60A2689A605B46E8
:1068400001225919009B30009960019B5B1B134387
:106850004B605B465B6813405A462B435360FFF71F
:10686000B7FE8AE7CB688A68D3609A605B465A466F
:10687000DB6892685F46D3609A604246043A083704
:10688000242A17D83B00132A09D9594623688B605C
:106890006368CB601B2A39D85B4608341033226802
:1068A0001A6062685A60A2689A60009B3C00984631
:1068B000DA464DE72100380001F044FBF5E70322FA
:1068C0005B689343984443E7210001F03BFB2BE7CF
:1068D000A3688360E368C360242A26D003001031D4
:1068E00010331BE74B465919009B01229960634600
:1068F0005B1B13434B604B465B68300013404A46BA
:106900002B435360FFF764FE270036E7A3680B6153
:10691000E3684B61242A10D05B4610341833BEE77D
:106920003000FFF755FE002727E723691831036180
:106930000300626918334261F0E623698B615B46AC
:1069400062692033CA611834A9E72100380001F0D8
:10695000F9FA74E7A3680B61E3684B61242A03D05A
:106960005B461034183364E723698B615B466269C8
:106970002033CA6118345CE78815002070B5160012
:106980000D0002F0D1FE002E0DD06B236A00520DD7
:106990009B1A002B07DD0024034A1B059D182B00C2
:1069A0002200F1F7ACF870BD0000F03FF0B54546AD
:1069B000DE4657464E46E0B59FB0069200220C00D8
:1069C0001A9200210022804604910592210019911B
:1069D0000A780F002D2A03D8AA4D90002858874620
:1069E0000021079100210891302A00D1C4E02F2A0C
:1069F00000D889E200239A461900380000261300C7
:106A000055460BE08B005B1801305B00199099181C
:106A100002783039130001362F2A0FDD392A6FDC56
:106A2000082EEFDDAB005B1901305B0019909D185B
:106A30000278303D130001362F2AEFDC894601220F
:106A40009149AA4601F06AFB002800D14AE20023DE
:106A5000089612930A930B93089B1C00102B00DDE1
:106A600010244846F1F7BEF8089B04900591092BC5
:106A700019DD2200854B093AD2009B181A685B6821
:106A8000F1F73DF8049005915046F1F7ABF80B0093
:106A9000020004980599F1F70BF8089B0490059102
:106AA0000F2B00DDAFE00A9B002B01D100F066FC4C
:106AB0000A9B002B00DC46E3162B01DC00F05FFD97
:106AC0002523089A9B1A0A9A934200DA9BE00F2426
:106AD000089B6E4DE41AE1006918049A059B08684A
:106AE0004968F1F70CF80A9B1C1BE4002D192A6871
:106AF0006B68F1F704F806000F0013E2013166E756
:106B0000894601226049AA461D0001F007FB0028C2
:106B100046D1199D2B00691C19915B780D001A0054
:106B2000002E00D0E2E12B000020302A07D118000F
:106B3000013319931A78302AF9D0401B0130130021
:106B4000313B082B00D867E220239A43452A00D125
:106B500018E3089B034300D0E2E1069B00260027D0
:106B6000002B00D01C60300039001FB0F0BCBB46C9
:106B7000B246A946A046F0BD7A7820318A437D1CF2
:106B8000582A01D100F0FDFB2F0019953A78013504
:106B9000302AF9D0002A00D1C2E10123089326E768
:106BA00000230020002209961293652D00D1D2E126
:106BB00000230B93452D00D1CDE1002E00D0BFE185
:106BC000089B034300D0ABE1002AC6D1692D00D158
:106BD000E6E201DD00F0C2FC492D00D1E0E24E2DDD
:106BE000BBD12B4919A802F015F80028B5D0199B84
:106BF0001B78282B01D100F079FD264801F060FBBD
:106C000006000F008EE10A9A089B94461B1B634402
:106C1000002B00DC70E20F221C001100944319408D
:106C20001A4201D100F02CFC184BC9005918086811
:106C30004968049A059BF0F762FF04900591002CC7
:106C400001D000F01DFC002309934B463200009355
:106C500039004046089B02F0B3F91390002801D197
:106C600000F09AFC0A9B1299DA430B98D217081A83
:106C7000D917134014930023084099469B4612905D
:106C8000F0E0C046BC320310BC0A031018360310F3
:106C9000CC0A0310F8070310C91A521A1F2900DD85
:106CA00026E301238B40109300231593AB189A46DB
:106CB000099BA4189C462B006444554500DD5346AF
:106CC000A34200DD2300002B04DD5246D21A924677
:106CD000E41AED1A129B002B00DDB0E25346002BA4
:106CE00000DDC8E20A9B002B00DDF3E2002C00DD92
:106CF000E4E2002D08DD49462A00404602F0A4FBEC
:106D00008146002800D1E2E240461A99089A02F032
:106D100037FC8346002800D1D9E2C36849460E9368
:106D20000023C36002F00EFC002801DA00F009FD28
:106D3000059B0B9301D100F0A2FC4946584602F096
:106D4000D1FD80230022DB0504000D00F0F728FFB1
:106D5000002800D165E20E9B002B00D0D5E2049BF9
:106D6000002B00D05AE30B9B1B0300D0FDE2002256
:106D700020002900D74BF0F70DFF002801D000F0CC
:106D800074FC0022D44B20002900F0F7B8FE0A0062
:106D900001001300109111920C908022120694466B
:106DA00063440D930B9BCD4A0C9C0D9D13409A465A
:106DB000CB4B9A4500D1AFE2099B002B29D0D423BD
:106DC000DB049A4525D810981199C64AC64BF0F7AE
:106DD000E7FE002818D010981199F0F743FF00281B
:106DE00000D10130F0F7FEFE0E9B10901191002BA8
:106DF00001D000F024FC802212060B00944663446C
:106E000016901793169C179DD6235246DB04EB1859
:106E10009D1A3000390002F087FC02000B002000B0
:106E20002900F0F76CFE32003B00F0F741FE0E0047
:106E300004900591099B002B04D1A84B33409A453F
:106E400000D1B9E240461A9902F05EF8404608992E
:106E500002F05AF84946404602F056F85946404674
:106E600002F052F8139C4046616802F025F8031EB8
:106E7000089000D12BE222690C3302320C3421003D
:106E800018009200F1F7A8FD049E059F1CAB01932A
:106E90001BAB009332003B00404602F0C1FC011ED8
:106EA0001A9000D1F0E10121404602F059F98146E3
:106EB000002800D10BE21B9B002B00DAD7E1129ACD
:106EC000149C9D1809991C9A5B1A36219B188A1AE2
:106ED0008649013B8B4200DADEE60023159301333D
:106EE0001093E3E6199B591C19915B781A00303A0C
:106EF000092A00D9D4E0151E01D100F037FD012385
:106F000030000996129315E301223800784901F008
:106F100005F9002800D188E3089B002B00D11CE66E
:106F200000260027069A002A01D0199B1360079BB0
:106F3000002B00D117E6802109067B181F0012E6FE
:106F40000B9B129A08969B1A0A93099B002B00D15F
:106F500082E51E0080E53300034308990B4300D10E
:106F6000FBE5199C631C199365782B2D00D1F9E181
:106F70002D2D00D0AAE001230A93A31C1993A57814
:106F80002B00303B092B00D9AEE11999302D0ED1E1
:106F90004B1C19931D7819000133302DF9D00023B3
:106FA0000B932B00313B082B00D906E601334D1C17
:106FB0001995AC464D780B932F2D00DCD4E20E9141
:106FC00001000B9B0B928B460B99624660468C46E8
:106FD0000BE09900C9180132490019924B19457804
:106FE000303B2F2D00DCC5E21000392DF1DD0B9375
:106FF00063460E9994461A0063465846591A082962
:1070000000DCB1E23B4B0B930A9B002B00D1D4E593
:107010000B9B5B420B93D0E5431C199F303A1293B4
:10702000002315003900012609934B469B004B4471
:10703000A94600205B0099444B1C19931D78190048
:107040002B00303B092B00D9F5E11D00421C4B1CE5
:10705000002D01D100F087FC129B9C4694446346AE
:107060001293012A01D100F07CFC52468A4621008D
:10707000731C4C469C468946110008E0A200141976
:10708000640001339A1B013A904200DC4AE25A1E26
:10709000082AF3DD102BF4DC8A0051184900F0E7D0
:1070A00020229343452B74D04846F0F79BFD049073
:1070B0000591092E00DC61E13400102E00DD102462
:1070C0000023089612930B930A93D2E400230A93A9
:1070D00056E7C0460000F03F0000E03F0000F07FB0
:1070E0000000E07F0000C0FFFFFFDF4102FCFFFF68
:1070F000BC0A03101F4E0000002B00D1A3E50F2295
:1071000011005B4219401D111A4200D09DE21F2D53
:1071100000DD80E010231A002A4009922B4201D0A2
:107120005A3309930123049805999A46C34C534650
:107130002B4200D134E222686368F0F7E0FC6D1066
:1071400044D00834F3E70A9B163300DA5BE50B9969
:10715000129ABB4B521AD2009B181A685B680498AB
:107160000599F0F7AEFC06000F00DBE6002207925F
:107170004F1C19974A78002A00D033E4EDE401222D
:107180000792F5E7002203000992129200260132CD
:10719000E3E600230C000020012209961293E1E6A9
:1071A000A84919A801F036FD002800D1D5E4199BA3
:1071B000A549013B19A8199301F02CFD002802D123
:1071C000199B013319930026A04FABE6099A0E9044
:1071D0000F910E9B0F9C04930594002A12D00F9BD5
:1071E00020005A006B23520D9B1A002B0ADD1F2B27
:1071F00000DC33E300210491342B00DC59E3DC2371
:107200009B0405930022049805990023F0F7BAFC2B
:10721000002800D119E522234246002600271360EA
:1072200080E68B4B002220002900F0F768FC0E9BC3
:1072300010901191002B63D10B000C90ADE54946E5
:107240001A00404602F094F81A99814600281BD093
:107250000A000100404601F0B3FF1A990B90002884
:1072600012D0404601F050FE0B9B1A9336E5149A5B
:10727000129DD41A26E61A995246404602F0E4F8C6
:10728000011E1A9000D02DE5DA4622234246002640
:107290006E4F1360404601F037FE4046089901F0FA
:1072A00033FE4946404601F02FFE4046139901F057
:1072B0002BFE5146404601F027FE33E622004046B1
:1072C000089902F0C1F80890002800D011E5DA46CC
:1072D0001A99DAE74046149A089902F049F808909A
:1072E000002800D002E5F2E7002319940B9364E430
:1072F0005849CB1A01219940012315911093D5E4E7
:10730000109B119C0C930D944CE50023524C0C9354
:107310000D941093119445E5504A0B9B9446634499
:107320000593049C059D2000290002F0FDF90C9AAC
:107330000D9BF0F7E4FB22002B00F0F7B9FB434B69
:10734000474A049005910B40934200D801E1454A19
:10735000974201D10136BAD00123424C5B420493DB
:1073600005946FE500230A9307E600233E4C0C9337
:107370000D940023384C1093119413E5049E059F3F
:10738000D0E50293079B404601931AAB0093374A1E
:107390001BAB19A901F044F90F231E00040006409D
:1073A000034200D1BCE5062E00D0FCE000230026FD
:1073B000002719950793B5E5109C119D2000290021
:1073C000F0F774FCF0F75AFC02000B0020002900D3
:1073D000F0F765FB049A0E9B36031343360B04004B
:1073E0000D00234A33430AD1224BF0F7D3FB002888
:1073F00000D127E5DA46049E059F1A994AE71E4BFD
:10740000F0F7C8FB0028F5D1200029001B4A104BDB
:10741000F0F7D6FB002800D114E5EBE7012BA4D14F
:107420000B9B002BA1D1DA462223424600260027DF
:107430001A9913602EE70122FFF7B7FBB833031048
:1074400018360310C00A0310C40A03100000F07FAE
:107450000000E03FE2FBFFFF0000F03F0000B0FC57
:10746000FFFF9F7CFFFFEF7F0000F0BFA033031002
:107470009535A094FFFFCF3FFFFFDF3F35E5AF35E8
:107480009A235B009C4200DD86E02411012C00D190
:1074900088E10498059900229246013293465246AB
:1074A000D14BB2461D000993160000235A462242D2
:1074B00004D02A686B68F0F722FB012301366410C0
:1074C0000835012CF2D1320056469246002B01D0ED
:1074D00004900591C54A059B944663440593534621
:1074E000D900099B9C46049A059B61440868496839
:1074F000F0F705FBBE4BBF4A049005910B40934249
:107500004AD8D42080048446BB4A61440591934202
:1075100001D8FFF798FB0123B84C5B420493059414
:10752000FFF791FB0A004B465146A14692461C00CC
:1075300001386044461C082800DC76E50020102E47
:1075400000DD79E553469B005344AA465B009A440C
:1075500072E5D4239B04CE1805966BE46E2D01D101
:10756000FFF73FFBFFF7F9FA0B99A54B994200DCB7
:107570004AE548E560460B930E9903003AE50A9AFE
:10758000A04BD100591808684968049A059BF0F788
:10759000B6FA06000F00C5E422234246136012E645
:1075A0006D100834C3E51A9A002A07D035211CA8AB
:1075B00002F0CCF940461A9901F0A6FC052E00D93C
:1075C000BEE1914BB6009B599F461C9B8F4904938B
:1075D0001D9B1B9A0B408E498C4662441205134337
:1075E0000593E40503D58022120613430593804AD0
:1075F000049E059F134200D094E400F00FFE222366
:1076000003608FE40122834B524204920593E40508
:1076100000D4B3E6059BE6E7754B0593F7E71C99A5
:107620001D9A1D9B04910592DBE7199D2B000135E6
:1076300019955A78002399469A46FFF774FA109BD9
:10764000119C16931794FFF7DDFB6E4BC9005B1876
:107650001A685B6804980599F0F733FA049005916D
:10766000002D01D1FFF7EFFA51E500236A4C0C938E
:107670000D940023694C10931194FFF793FB159B15
:107680000E9A9C46059BDA461B031B0B002A41D031
:10769000634A934200D1D1E06346002B00D1C7E09A
:1076A00062460B9B13420CD004980599099AFFF788
:1076B00065F902000B0030003900F0F7F9F9060017
:1076C0000F00099B002B00D197E630003900554B85
:1076D0000022F0F714FA464B06000F000B4200D0D0
:1076E0008BE6222342461A991360D3E51CAC220094
:1076F0004D4919A801F0A4FA052801D0FFF77DFA39
:107700001D9B3B4A1A431C9B05920493049E059FB4
:10771000FFF708FC002B4AD1049B002B00D0B5E0FA
:10772000099B002B00D1A0E0314C0B9B23401C0097
:10773000D623DB049C4229D8DC239B049C42C4D87A
:1077400072E60E9B0499059ADA460B43B9D10B9267
:107750001303B6D1D623264CDB0414409C42B0D987
:107760005B465B69002B03D15B461B69012BA8DDDF
:1077700051460122404601F067FE4946824601F02B
:10778000E1FE00289DDD099B002B6ED0274B244A8B
:107790009C460123644422435B4205920493049E69
:1077A000059F92E700239A460F4B099392E66346A2
:1077B000002B73D062460B9B134200D181E70498E3
:1077C0000599099AFFF7DAF802000B00300039003A
:1077D000F0F765F90022002306000F00F0F7D2F958
:1077E000002800D16DE71FE6F03503100000B0FC63
:1077F0000000F07F0000A07C0000907CFFFFEF7F86
:107800001F4E00001836031074330310FFFFEFFF04
:1078100033040000FFFFFF7F0000E0BF0000E03FF7
:10782000FFFF0F00000050398C3303100000F0FF01
:10783000109B049A134200D143E735E7099A049B51
:10784000002A4FD15A1C3BD06246002A00D17FE06B
:107850000B9B134200D027E71A991BE501225242E5
:107860009A40049B13400493CCE4434B0B9A1A991F
:107870001A401300414A9446414A63441A43012383
:107880005B4205920493049E059F03E56246002A2D
:107890000AD00B9B134200D113E790E7109B049A88
:1078A000134200D10DE78AE7109A1A4200D108E787
:1078B00085E74B239A1A4C3B934018400590A1E46E
:1078C000304A0B9991421DD02B4B0B9A1A40130052
:1078D0008022520394466344059300230493049E3C
:1078E000059FEEE6D421244A0B98C90402408A423F
:1078F00016D95A1CE4D06246002A0CD0104200D19E
:10790000E3E6D1E60133DFD12223424600261A996D
:10791000194F1360BEE4109A1A4200D1D5E6C3E6AF
:107920006B21120D891A012252428A409342C7D01C
:107930006246002AEFD00B9B134200D1C5E6B3E6A6
:10794000E4050BD580231B060593049E059F54E692
:10795000109A1A4200D0A7E61A999BE40026002745
:107960004BE63000E6E51000FFF767FB01200996C3
:107970001292FFF761FBC0460000F07F0000F0FFAD
:10798000FFFF0F00FFFFEF7F10B504000A0003495F
:10799000034B08682100FFF709F810BD081B002001
:1079A0009C190020F0B557464E464546DE46E0B5E8
:1079B00082460F0090461E00994683B0242B43D880
:1079C000012B41D00B0008204A4D1A0014780133D6
:1079D000295D0842F9D11D002D2C00D176E02B2C19
:1079E0003ED0454B9B4600230193002E53D1302CB3
:1079F00000D173E00A230A26994649465846EFF714
:107A000013FE2B008C463D000200270000214C464F
:107A10000020E146AC463D00303D092D07D9113D1F
:107A2000192D03D93D00613D192D20D80A35AE42EC
:107A30001DDD4F1C05D082422AD327D0012160438F
:107A400028181F780133E6E700F0E8FB16230360EF
:107A5000002003B0F0BCBB46B246A946A046F0BD2C
:107A60001C78254B951C9B4600230193BDE7674678
:107A70004A1C21D0019A002A00D040424246002AE6
:107A8000E7D0002933D143461F60E2E7A945D5DAA4
:107A900001214942D5E7102EAFD110239946302C51
:107AA000ABD120222B789343582BA6D110236C788E
:107AB000994610260235A0E7222251460A60424626
:107AC0005846002AC5D058465F1EDCE71C78802344
:107AD0001B069B460123951C019386E720222B78E9
:107AE0009343582BE2D008230836994685E783460E
:107AF000E9E7C046E1330310FFFFFF7F10B5040044
:107B00001300034A10680A002100FFF74BFF10BD65
:107B1000081B0020F0B5C64600B50C228B5E07009E
:107B20000C001A074DD48021626809011943A18114
:107B3000002A69DDA56A002D3FD000223E683A6028
:107B4000DB0466D4002201233800E169A847020063
:107B5000431C6BD00C23E15EA56A490706D5636818
:107B6000D21A236B002B01D0E36BD21A002338000A
:107B7000E169A8470C23E25E431C4CD139681D29FA
:107B80005ED8314BCB40DB075AD5304B1340A38135
:107B90000023636023692360D20401D5002943D008
:107BA000216B3E60002908D023004033994202D067
:107BB000380000F0E5FB00232363002080BCB846BA
:107BC000F0BD0E69002EF8D00D680022AD1B0E60CE
:107BD0009B0700D14A69A260002D04DCEDE736184E
:107BE0002D1A002DE9DD636A3200984638002B001B
:107BF000E169C0470028F2DC4022A38913431BB28D
:107C00000120A3814042D9E7E26B002A00DD91E721
:107C1000D3E7226DA1E70D4B1340A38100236360DE
:107C200023692360D204BBD52065B9E73B68002BEC
:107C300000D18FE71D2B01D0162BDDD13E60BCE7B4
:107C400040231343DCE7C04601004020FFF7FFFF5D
:107C500070B505000C00002802D0436B002B27D024
:107C60000C22A35E002B11D0626ED20701D49B05BB
:107C70000ED528002100FFF74DFF636E0500DB07DE
:107C800002D4A3899B050FD5280070BD0025FBE712
:107C9000A06D00F0E3FA28002100FFF73BFF636EC0
:107CA0000500DB07F0D4ECE7A06D00F0D9FAEBE7B4
:107CB00000F0F8F8D4E7C04670B5041E2AD0194B7E
:107CC0001D68002D02D06B6B002B17D00C22A35E19
:107CD000002B11D0626ED20701D49B0512D528006B
:107CE0002100FFF717FF636E0500DB0702D4A389AD
:107CF0009B050BD5280070BD0025FBE7280000F090
:107D0000D1F8E3E7A06D00F0A9FAE8E7A06D00F074
:107D1000A7FAEFE7044A0549054801F0ABF805006A
:107D2000E8E7C046081B002090190020517C021093
:107D3000101B002010B5034A0349044801F09AF8CB
:107D400010BDC04690190020F5990210101B0020AC
:107D500041680B4B10B50400994201D001F04AFE76
:107D6000A168084B994202D0200001F043FEE1686F
:107D7000054B994202D0200001F03CFE10BDC046E8
:107D80001030002078300020E0300020F8B5CE46DA
:107D900047463B4C3B4B3C4A2000002580B51A60CF
:107DA0000423082200215C3025606560A5606566BB
:107DB00025616561A561E360F0F708FE2000334BA3
:107DC000334F344E99462362334B58309846A7625E
:107DD000E6626362E46100F03DFACC23E5502F4B8C
:107DE00020006367802300210822C430E550A56687
:107DF000E5662567A567E567F0F7E8FD22008423BF
:107E00006832E2504A460433E250424620000433CE
:107E1000E2500433E750C0300433E65000F01AFA61
:107E2000D0232000E5500433E5500433E5501C4ACC
:107E30005C33E550583BE2500433E5502D300433B9
:107E4000E550002104330822FF30E550F0F7BEFD75
:107E50002200EC23D032E2504A460433E2502000A4
:107E600042460433E25029300433E750FF300433F4
:107E7000E65000F0EFF9C0BCB946B046F8BDC046C8
:107E80001030002048310020357D0210C19A0210C8
:107E9000299B0210559B0210E99A0210090001006B
:107EA0001200020070B50400094D280000F0D6F958
:107EB000636B002B05D1074B6363074B1B68002BDB
:107EC00003D0280000F0CCF970BDFFF75FFFF8E7A2
:107ED000D82F0020517D02104831002010B50248F3
:107EE00000F0BCF910BDC046D82F002010B50248E4
:107EF00000F0B6F910BDC046D82F002030B5032AD7
:107F00000CD90B0003439B0719D104680B689C42F2
:107F100015D1043A04300431032AF6D8551E002A3C
:107F20000BD0002303E05A1C9D4206D01300C25C14
:107F3000CC5CA242F7D0101B00E0002030BD551EE3
:107F4000EFE7C046F0B5CE46474680B588420DD92A
:107F50008B1898420AD2531E002A03D0CA5CC2541E
:107F6000013BFBD2C0BCB946B046F0BD0F2A0BD8CE
:107F70000500561E002AF5D00023CC5C1A00EC54F4
:107F800001339642F9D1EDE703000B4388469B0786
:107F900034D110261700B1460C000300103F3F09F2
:107FA0003F01C519A94426681E6066685E60A66820
:107FB0009E60E6681034DE601E001033AE42F2D1DF
:107FC000CF1939000F230C2610318C46134016426E
:107FD00017D04446043B9B089B00FF181437061B30
:107FE0000C688D1904312C60B942F9D16146043313
:107FF00059184B441D0003231A40BAE70500561ECA
:10800000BAE74D461A00B4E70323CAB2F0B50340FD
:10801000002A35D00324002B2DD1FF230B401D0255
:10802000ED182B04ED182C000168264E4C408B19DE
:108030008B43A119A143244E0B43334211D1416814
:10804000204F0C00CB196C408B43E119A1430B432B
:1080500004303342F3D00378002B05D09A4204D089
:1080600001300378002BF9D10020F0BD9342FCD001
:1080700001302042D1D00378002BF7D10020F4E763
:10808000002B08D0032202E00130104203D0037815
:10809000002BF9D1E9E702680A4B0B49D318934347
:1080A0000B4206D14268074B0430D31893430B426E
:1080B000F8D00378002BD8D043780130002BFBD1C7
:1080C000D3E7C046FFFEFEFE808080808446F0B588
:1080D000002A1DD0002303260F4F07E0251A8442F3
:1080E00018D1002813D001339A4211D06046C45CE5
:1080F0003D5D3540012D00D12034C85C3D5C3540EC
:10810000012DEBD120300500201AAC42EBD0F0BDA0
:108110000020FCE72800FAE7E133031030B5002A1D
:1081200027D003000B439B0713D1032A11D9134D0A
:108130000BE0043A002A1CD0114C1C199C432C4221
:1081400017D104300431032A03D903680C68A34211
:10815000EFD00D78047801230139AC4207D00AE052
:10816000002C06D0C45C0133CD5CAC4203D19A42F2
:10817000F6D1002030BD601BFCE7C04680808080C7
:10818000FFFEFEFE1B4B70B51B68050083422FD01F
:10819000416C002911D000268C59002C07D02100F9
:1081A0002468280000F0ECF8002CF8D1696C043643
:1081B000802EF1D1280000F0E3F8A96B002902D04D
:1081C000280000F0DDF82C6C002C06D0210024687B
:1081D000280000F0D5F8002CF8D1E96C002902D075
:1081E000280000F0CDF86B6B002B01D028009847D9
:1081F00070BDC046081B0020002370B5064C05006A
:1082000008002360F1F712FD431C00D070BD236805
:10821000002BFBD02B60F9E75C380020014B18687D
:108220007047C046081B0020802310B55B0108285A
:1082300001D1180010BDFFF7F1FF16230360173BB3
:10824000F7E7C04603000A7801311A700133002AAB
:10825000F9D170477047C0467047C0467047C04666
:108260007047C04610B583070AD00300032102E01F
:1082700001330B4205D01A78002AF9D1181A10BD23
:10828000030019680C4A0D4C8A188A4322420FD108
:108290005968094A04338A188A43224208D1596826
:1082A000054A04338A188A432242F1D000E00133A0
:1082B0001A78002AFBD1E1E7FFFEFEFE8080808075
:1082C000002001497047C0460000F87FF0B5C6465F
:1082D000060000B508200D00FFF7A6FF04003000DF
:1082E000FEF76EF9234B210098469B685F680323D5
:1082F0009F4338001138401B0019EFF795F9451ED0
:108300006543AC4208DC00213000FFF775FF4346AF
:108310009B68DB19984206D03000FEF759F900201F
:1083200080BCB846F0BD30006942FFF765FF013000
:108330000ED0012243467F1B9B6817430E4A5F60A5
:10834000136830005B1B1360FEF742F90120E7E77A
:1083500000213000FFF750FF43469A68831A0F2B25
:10836000DADD064C04492468001B086001210B4338
:108370005360D1E788150020DC2F00207C150020F9
:10838000F0B5D6464F46464605000C00C0B500295C
:1083900048D0FEF715F92100012708394B68032062
:1083A0009C46BB43CE187268824360463840804684
:1083B0006A4891468468B44200D17CE07260B41887
:1083C00064683C40A2464446002C30D10C68A44668
:1083D000091B8C686344A4460824A0468044C44515
:1083E0005CD0CC68A04664464246E2609460524647
:1083F000002A1FD01F434F603360802292009342B7
:1084000030D2DA085C090123A34044682343436067
:10841000D3001B189A68CB608A609960D1602800ED
:10842000FEF7D6F8E0BCBA46B146A846F0BD5246C3
:10843000002A0FD101224B44CF18BC46B468484FE4
:108440001A43BC425BD0F668E660B4604A6062469C
:108450001360D2E762463A434A608022336092005A
:108460009342CED35C0A042C3FD89C0926003934B1
:108470003836E40004192268083C0327944203D1EB
:108480004EE09268944203D05068B8439842F8D8BE
:10849000D468CC608A60A160D160C0E75246002AEF
:1084A00035D14B441A00B068F3681743C360986035
:1084B0004F608A50B3E74B441A004346002B06D165
:1084C0000B68C91A8C68D218CB68E3609C600123E2
:1084D00013434B60234B81601B6893429FD8224B10
:1084E00028001968FFF7F2FE99E7142C13D9542CD1
:1084F0001DD81C0B26006F346E36E400BAE7E1602D
:10850000A1604A606246CC608C60136087E71F43BD
:108510004F60336083E726005C345B36E400A9E7F4
:108520000123B610B340466833434360B1E7AA2243
:108530005200944205D8DC0B260078347736E400EC
:1085400098E70A4A944205D89C0C26007D347C3674
:10855000E4008FE7FE247E26A4008BE78815002028
:1085600090150020801500200C30002054050000DC
:10857000F0B5D6464F4646460369C0B50A009A464E
:108580004F11BB4208DC0023036100234361E0BCC0
:10859000BA46B146A846F0BD1F218C460600644687
:1085A00014369D00BB007519F318114014421FD0FA
:1085B0002022521A944604CBCA4090469D4228D9A4
:1085C000B14664461A68A240444622434C4604C45D
:1085D00004CBA146CA4090469D42F2D85346DC1BCC
:1085E000A4003419043C2260002A0CD004340AE0B0
:1085F00032009D42C7D902CB02C29D42FBD85346EE
:10860000DC1BA4003419A31B9B100361B442BED130
:10861000BBE74261002AB6D034000434F3E7C04619
:10862000F0B5DE46454657464E46E0B588460968F1
:1086300093468A7887B003900593302A00D0CDE125
:10864000CB1C1D0001335A1E1278302AF9D0691A4A
:108650008B1E9A46C24FBB5C002B00D1FCE000226F
:1086600000242B789146BF4AFB5C0292002B00D17C
:108670006AE12E0073780136FB5C002BFAD10122EF
:1086800030000299FFF74AFD0190002852D00022E5
:1086900033780192002C02D0A41BA2000192202268
:1086A00034009343502B51D043461E604B46002B61
:1086B0007DD1631B013B0021072B03DD01315B10E2
:1086C000072BFBDC039800F0F7FB8246002800D163
:1086D0008FE2142353440493A54200D3D1E198467A
:1086E000002399463B0000264746A8464D4699463A
:1086F0000CE0202E19D03200043649462378CB5C9A
:108700000F210B4093401D4344455ED0013C23782C
:108710002E2BEED14445ECD3012220000299FFF725
:10872000FDFC0028F0D0202EE5D120C70022042631
:108730000025E2E7002C00D143E12022A41BA30086
:108740000193337834009343502BADD163782B2BB6
:1087500000D11EE12D2B00D0EBE00122A378A11C5B
:10876000FB5C2600581E18289ED84E1C4978103BEA
:10877000795C180000290AD10CE083001B185B000B
:108780000136581833781038F95C002901D01929BE
:10879000F3DD0300002A00D05B42019A94469C441A
:1087A0006346019343461E604B46002B81D05346DF
:1087B0005A42534106245B421C40200007B0F0BCE3
:1087C000BB46B246A946A046F0BDB846A9464646B5
:1087D0004B4608C6049B4846F61A5346B6101E611F
:1087E00000F046FC5B461D687601361AAE4251DC4D
:1087F00000DAD0E09B68019A934200DAC0E05B4661
:108800005B689A4200DB97E09C1A671EAC426FDA05
:108810000026002F00D04EE11F21012339408B405C
:108820007A11049992008A58504621002D1B1A4251
:1088300000D12BE1FFF79CFE5B465B6801935B4632
:10884000DC68022C00D1DBE0032C00D142E1012CDA
:1088500000D16EE1122470E0424B01221900280081
:108860000293FFF75BFC814600286FD16B786C1C8C
:10887000FA5C002A6CD02500302B00D05DE16B78CB
:108880000135302BFBD0FB5C5A425A419146012204
:108890009246EBE6741B2100504601F077F8061E65
:1088A0000FD01F210123601E01408B40421104990B
:1088B00092008A5801261A4203D0012800DD00E107
:1088C000022621005046FFF753FE019B9C465B4663
:1088D000A44462469B680192634551DB5B46019A62
:1088E0005B68934200DC7DE09C1AA54200DDD4E089
:1088F0005A46D268022A37D0032A00D1F1E0012A71
:1089000035D1AC4233D1012C07D05046611E01F065
:108910003DF800282BD05B465B68059A6224136003
:10892000012352461361049A13605246109B1A6049
:1089300043E70022611C13E701245246109B1A6092
:10894000059B019A1A6038E72E0098E62C002B78D8
:1089500020229343502B00D1BEE043461C6026E703
:10896000E4340310BC0A0310119A002AD5D05146F2
:10897000039800F0C9FA0023109A502413601CE7F2
:108980005146039800F0C0FA0023109AA324136004
:1089900013E70022E2E6AE1B32005146039800F0D6
:1089A00053FD019B82469A1B5B469B6801929A424B
:1089B000E6DC5B465B689A42BEDA142151440491BE
:1089C00022E77378741CFA5C2600002A00D166E660
:1089D00073780136FA5C002AFAD15DE600238D1C1B
:1089E0009A4637E60124002EA7D05B46DB68022BAF
:1089F00006D0032B08D0012B55D010231C439CE735
:108A00000123119A9B1A1193119B002BF5D0534609
:108A10001F69049BBA0091461800984600214844FB
:108A200002E002C3984261D91A68561CF9D001329B
:108A30001A60022C69D01F231E0021242E402B42D5
:108A400000D17AE74B464344043B186800F010FB22
:108A500020239B1B984200DB6FE7534619690029CE
:108A600000DD93E000235246136100235246536118
:108A70005B46019A9B6801320192934280DB21247C
:108A80005BE7049B984600239946A0E6FFF770FD3C
:108A90005B465B6802240193A5E7671E002E00D1A8
:108AA000B6E60126B8E6B307A7D5049B1B681E43AC
:108AB000F607ACD4A1E73900504600F067FF060086
:108AC000AAE65046A11E00F061FF002800D1F7E69B
:108AD0000326F6E6022497E7002301930133994623
:108AE00034E6119A002A00D017E740E753469B6806
:108AF0009F4225DA53460122791C1961BB00534479
:108B00005A61049B9846022CA9D15B461B6822241B
:108B1000013BAB4200D010E71F21012329408B40CD
:108B200041466A11920054581C4063425C41213412
:108B300003E7022302241E43B7E701239A4698E580
:108B4000534659680398013100F0B6F9061E56D015
:108B5000534651461A690C31023292000C30EFF73D
:108B60003BFF5146039800F0CFF901223369B2462A
:108B7000591C9B00F31831615A6114239846B04484
:108B8000022CC2D08F4200DB55E768E753465046BF
:108B90005B698900414418305B0881421FD9444613
:108BA0001A000368DB07134308C404C85208814253
:108BB000F7D8130052468A1A4146193A9208920091
:108BC000043152181360002B00D004324346514642
:108BD000D31A9B100B61424500D049E745E7424656
:108BE0001360002B02D042460432EFE75246136175
:108BF0003BE70022E421054B0548F1F75FF800222E
:108C00008421024B0248F1F759F8C046140B0310B7
:108C1000280B031030B5026808E013781D00413DB1
:108C2000192D00D820330131A34206D10C7801322E
:108C3000002CF2D10260012030BD0020FCE7C046CC
:108C4000F0B54546DE4657464E461F240300080051
:108C5000E0B525001100006887B042119200054080
:108C60008A180395044200D09EE01000171F021FCF
:108C7000914600224846026018684678002E00D1CE
:108C8000AFE001906F48049380464B460F200024CC
:108C90000022834601980193434602963D00260038
:108CA0008946B846390092461F00029C15E0202CE8
:108CB00000D98AE052450CDD8D4201D2072E55DDE8
:108CC0000826A94505D2291F002392460D0000263B
:108CD0000B6084780130002C12D03B5D002BE6D075
:108CE00001360132082E39DC2C682401A4465C468A
:108CF0002340644623432B6084780130002CECD160
:108D0000019B8C463400494647469946002A68D064
:108D1000654502D2072C00DC77E0A94247D20A0061
:108D20002B0001CB01C29F42FBD26A1C781C00239E
:108D3000904266D200200A1D9B181A00043310606E
:108D4000BB42FAD94B461B68002B05D1B94250D023
:108D5000043F3B68002BF9D0052043E0A945B8D279
:108D60000024043DA44601262C60C0E708239B1B79
:108D70009B009C46202364462E001C1B02952B68FA
:108D800065460590944620002A0075682C008440B2
:108D90001C432B00D3403460736004368E42F4D3FE
:108DA0006246029D05988BE71700101D5FE74B4652
:108DB000039A1B68002ACDD02020801A012252423B
:108DC000C24013404A461360C4E7A24634005646E8
:108DD0004746804601988C46049B49468146292E89
:108DE0000BD0042007B0F0BCBB46B246A946A04653
:108DF000F0BD012305200B60F4E740460230186007
:108E000084E77D1BAD08AB0094E708262023361BC2
:108E1000B6009B1B98462B6828001A000B003100F7
:108E20006646AC464546984644682300AB4013432B
:108E30002200CA40036042600430B042F4D3654669
:108E400041466AE7E434031082B000290AD0002AC0
:108E50000BD0002B0BD013780B601078431E984179
:108E600002B0704701A9002AF3D10020F8E70220E0
:108E70004042F5E7F8B54746CE46884680B581467C
:108E8000170000267D68BC68013D0DD4A389012B25
:108E900007D90E22A35E013303D021004846C04704
:108EA00006436834013DF1D23F68002FEAD130001B
:108EB000C0BCB946B046F8BD436C70B504000D00A7
:108EC000002B0AD0AA009B18186800280ED0026850
:108ED0001A6000230361C36070BD21220421FDF7E5
:108EE00021F8031E6064EDD10020F5E70126AE40B5
:108EF000721D012120009200FDF714F80028F3D024
:108F000045608660E5E7C046002906D04A68436CA4
:108F100092009B181A680A6019607047F0B5C6463F
:108F20001F008046002300B50E000D6914310C6847
:108F300001332004000C5043240C5443C019070C87
:108F4000E4190004270C000C2404241810C19D42CD
:108F5000EDDC002F07D0B368AB4208DDAB00F3189F
:108F600001355F613561300080BCB846F0BD716885
:108F700040460131FFF7A0FF041E16D031003269D0
:108F80000C31023292000C30EFF726FD4346726836
:108F90005B6C92009B181A6832601E602600AB0062
:108FA000F31801355F613561DDE70022BA21024B1C
:108FB0000248F0F783FEC046140B0310940B031015
:108FC000F8B54746CE460600180080B50C000830BC
:108FD00009211F009046EEF7FFFA092F3BDD01251E
:108FE00000216D000131A842FBDC3000FFF764FF77
:108FF000011E32D0089B4361012303614346092BC4
:1090000016DC092398460A3447450CDD4346E71928
:10901000FF1A23780A223000303BFFF77FFF01342C
:109020000100BC42F5D10800C0BCB946B046F8BD4D
:1090300009239946A1444D4644442B780A22300026
:10904000303BFFF76BFF01350100A542F5D14C46DF
:109050004444083CD8E70021C7E70022024B0348FC
:10906000D331F0F72BFEC046140B0310940B031002
:109070008022030052020020934201D21B041030D0
:1090800080225204934201D208301B0280225205F2
:10909000934207D38022D205934214D29B0014D46A
:1090A000033008E0802104301A01C9058A4203D345
:1090B000D243D20F801870479A019B0105D40A420F
:1090C000EED12020F7E71A00F2E70230F3E7C046BE
:1090D0000368010010B55A0707D0DA072BD49A07A6
:1090E0002ED55B080360012010BD1A0410D1FF22A9
:1090F0001B0C10201A4201D108301B0A1A0717D086
:109100009A070ED0DA0701D401305B080B60EBE759
:10911000FF221A4211D01A071AD104201B099A07FC
:10912000F0D19A085C070FD5130002300B60DBE723
:1091300004301B09F3E70020D6E708201B0ADDE70F
:109140009B0803600220CFE7DB0805D12020CBE796
:10915000DB0803200B60C7E703300B60C4E7C046A1
:10916000436C70B504000D00002B0AD0586800282D
:1091700015D002685A600023C36001334561036162
:1091800070BD21220421FCF7CDFE031E6064EDD1E9
:1091900046210022084B0948FF31F0F78FFD1C22C1
:1091A00001212000FCF7BEFE0028F1D0012343601E
:1091B00001338360DFE7C046140B0310940B0310E8
:1091C000F0B54E4657464546DE46E0B50B69166992
:1091D0008A469146984685B0B34204DB33008946FF
:1091E0004646924698464B4659684346F5184B46C4
:1091F0009B68AB4200DA0131FFF75EFE071E00D12B
:10920000AAE014239C4684446346AC0064441800DE
:109210000022A34202D204C39C42FCD814234B4434
:109220009B46434651469B0098461431B6008844FD
:109230005E44414576D200239A464B4615339E4202
:1092400000D382E05B460193434600935346B44605
:10925000A246AB46B9460C00029306E02D0C32D173
:10926000009B04340430A34259D925682B04190CFF
:10927000002BF3D0019D5346A04600260C008246E9
:109280002F00039308CF01681A04120C62431B0CD1
:109290000D0463432D0C52199219090C5B18110C23
:1092A0005B1812041E0C120C1B04134308C0BC45AF
:1092B000E8D850464446039B9A46029BC3185E601A
:1092C00025682D0CCCD0060000220368A04660461D
:1092D00019001400B446019F3A88090C6A43121918
:1092E00052181B0411041B0C0B43336010CF716820
:1092F000240C6C430B041B0CE318120C9B181C0C65
:109300000436B842E8D86246844610004446029AC1
:10931000043482185360009B0430A342A5D85446FD
:109320005D464F46002D03DC06E0013D002D03D0D5
:10933000043C2368002BF8D038003D6105B0F0BC38
:10934000BB46B246A946A046F0BD4B46F31A153BB4
:109350009B089B009A4675E7B1210022024B034807
:109360004900F0F7ABFCC046140B0310940B03103C
:10937000F8B5032347461400CE461A0080B50E0008
:1093800007002240234239D1A41032D03D6C002D79
:109390003DD001239846002399464346234064105C
:1093A000002B08D12868002819D005004346234027
:1093B0006410002BF6D02A0031003800FFF700FFC0
:1093C000002E06D072687B6C92009B181A6832607F
:1093D0001E60002C0ED0060028680028E5D12A0067
:1093E00029003800FFF7ECFE4B46286005000360BB
:1093F000DCE73000C0BCB946B046F8BD0E4B013AC0
:109400009200D2580023FFF789FD0600BCE7012136
:109410003800FFF751FD051E07D0084B43610123BB
:109420000361002338640360B3E746210022044B44
:109430000448FF31F0F742FCE435031071020000EC
:10944000140B0310940B0310F0B54546DE46574647
:109450004E46E0B50D002B6954119846A044434692
:109460005E1CAB6883461700496883B09E4203DDEB
:1094700001315B009E42FBDC5846FFF71DFD844630
:10948000002854D0010014310B000191002C0CDD98
:10949000A400220000201432624401C39342FCD194
:1094A000019B9946A1444B4601931F222B001100BA
:1094B0002C691433A40039408A461C193A4230D032
:1094C0000132521A91460027019851461A688A4083
:1094D0003A4304C04A4680CBD7409C42F5D82A0084
:1094E00015320023944203D3631B153B9B089B005A
:1094F000019A91464B445F60002F00D14646634677
:109500001E615B4660466A685B6C92009B181A6835
:109510002A601D6003B0F0BCBB46B246A946A04617
:10952000F0BD019904CB04C19C42FBD8E6E7EF21D2
:109530000022024B02484900F0F7C0FB140B031055
:10954000940B031002690B6930B50500D01A9A42DA
:1095500014D19B0014351431EA18CB1801E0954260
:109560000CD2043A043B146819688C42F7D00023EB
:109570008C425B4102205B421840013830BDC0463E
:10958000F0B545469046DE4657464E464346E0B562
:109590000A690C00196983B0551A8A4214D1270050
:1095A00042468900143714327B18521802E09F4259
:1095B00000D396E0043B043A1E6811688E42F6D050
:1095C00000D399E0012504E0002DFBDBA046002537
:1095D0001C0043465968FFF76FFC8446002800D101
:1095E00094E043461A6914339600B246C5609A4423
:1095F0006546009353462169200089008946143549
:10960000002101932B00143081444D46A3461427BA
:109610000C00924601009946434601C9DE590204F6
:109620003304120C1B0C9B1A62461B19000C360CDF
:10963000361A181430181B0404141B0C00040343BE
:10964000D35104378D42E7D82100019C4846524649
:10965000A2465C46A9460500200015301E000027E2
:10966000009B814504D34846001B153880088700BD
:109670007819041DDF19A0463C1DA146EF1A03000E
:10968000A2451DD93B00574692461A000E00A51868
:1096900001CC03041B0C5B181B14010C86195B180E
:1096A00036041914360C1B041E432E60A742EDD855
:1096B0003B0049465246013B5B1A9B089B004344D2
:1096C000002E04D1043B1968013A0029FAD0634600
:1096D0001A61604603B0F0BCBB46B246A946A0463C
:1096E000F0BD0021FFF7E8FB8446002808D00123E5
:1096F000036100234361ECE74346A0461C0068E792
:109700000022054B05480649F0F7D8FA0022024B23
:1097100002480449F0F7D2FA140B0310940B03101B
:1097200037020000450200000D4A0E4B94460B40E4
:1097300063440022002B02DD1900100070475B42D9
:109740001915132903DC80231B030B41F4E714399B
:1097500001221E2902DC80221206CA400023EBE708
:109760000000C0FC0000F07FF8B506004746CE467A
:1097700004691436A4003419231F1D6880B528001D
:109780000F009846FFF774FC2022111A030039607D
:109790000A282EDD07000B3F464519D208235B42FD
:1097A0009C46A44463461B68002F1AD01900D21BA4
:1097B000D140BD409146194A0D432A431100BB4098
:1097C000664511D24A460C3C2468D44023430BE042
:1097D0000B2805D0BD40114B2B431900002303E09B
:1097E00000230E4A2A4311001800C0BCB946B046F7
:1097F000F8BD2F00153A121AD7409146074A3A434E
:1098000011000027464503D24A46083C2768D74046
:1098100015339D402B003B43E6E7C0460000F03F78
:10982000F0B5012183B014001D00FFF745FB061EB3
:1098300047D02B036F001B0B7F0D02D080225203F9
:1098400013430193002C16D101A8FFF741FC01241A
:10985000019B203073613461002F23D01C4B3524D1
:109860009C46089B67443F181F60241A3000099BE0
:109870001C6003B0F0BD68460094FFF729FC019C12
:10988000009B002806D020222100121A9140C440DB
:109890000B4301947361B461631E9C4101343461D4
:1098A000002FDBD10B4B9C46089B604418600023C3
:1098B000E3189B00F3181869FFF7DAFB6401241A18
:1098C000D4E70022044B05480549F0F7F7F9C046F4
:1098D000CDFBFFFFCEFBFFFF140B0310940B031017
:1098E0000F030000F0B5CE46474680B585B08846E8
:1098F00002A98146FFF738FF04000D00404603A986
:10990000FFF732FF02000B00404649460069096933
:1099100000920193091A4901884602980399401A56
:109920000100414400290BDD09054F193D002000CD
:109930002900EEF7C6F805B0C0BCB946B046F0BD88
:1099400009055B1A0193009A019BF0E713000139A6
:1099500070B54C111169013414338900A4005918F1
:1099600004198B420AD2050040CB40C59942FBD86E
:109970008B1A153B9B089B0004301818844203D9AE
:10998000002308C08442FCD870BDC04610B5040056
:1099900002691434481182420ADA9200A31803E0E3
:1099A000043B1A68002A14D1A342F9D8002010BD44
:1099B0008300E3188242F7DD1F22100008400A42AC
:1099C000F2D019680A00C240824001209142EED1D3
:1099D000EAE70120EBE7C046002909D0FF2A02D8B8
:1099E00001200A7070478A23036001204042F9E792
:1099F0000020F7E770B506000C1E3FD0002802D00B
:109A0000436B002B47D001250C22A35E626E2A42D5
:109A100032D19B0542D521003000FEF77BF8E36A86
:109A20000500002B04D03000E1699847002828DBAE
:109A3000A3891B062AD4216B002908D023004033B8
:109A4000994202D03000FEF79BFC00232363616C37
:109A5000002904D03000FEF793FC00236364FEF776
:109A60003DFA0023A381636EDB0725D5A06DFEF7C9
:109A7000F3FBFEF73BFA02E0002BCCD100252800D7
:109A800070BD0125A3896D421B06D4D53000216924
:109A9000FEF776FCCFE7FEF705FAB4E7A06DFEF718
:109AA000DDFB0C22A35E002BB5D1636E2B42E5D10A
:109AB000A06DFEF7D5FBE1E7A06DFEF7D1FBD5E782
:109AC00070B50C000E25495F00F070F8002803DB2C
:109AD000236D1B18236570BDA389024A1340A3811F
:109AE000F9E7C046FFEFFFFFF8B50C001F000C239D
:109AF000C95E05001600CB050AD40A4B3200194096
:109B00002800A1810E23E15E3B0000F063F8F8BD60
:109B10000E23E15E0022022300F034F80C23E15E04
:109B2000EBE7C046FFEFFFFF70B50C000E25495F65
:109B300000F028F80C22A35E421C05D080225201BE
:109B400013432065A38170BD014A1340FAE7C04664
:109B5000FFEFFFFF10B50E23C95E00F001F810BD46
:109B6000002370B5064C050008002360F0F79DF84F
:109B7000431C00D070BD2368002BFBD02B60F9E79D
:109B80005C38002070B50400080011001A000023A2
:109B9000054D2B60F0F78CF8431C00D070BD2B688E
:109BA000002BFBD02360F9E75C38002070B504007F
:109BB000080011001A000023054D2B60F0F752F841
:109BC000431C00D070BD2B68002BFBD02360F9E74D
:109BD0005C38002070B50400080011001A00002352
:109BE000054D2B60F0F750F8431C00D070BD2B687A
:109BF000002BFBD02360F9E75C380020F8B5C046A5
:109C000001B40248844601BC604700BF51010020F6
:109C100001B40248844601BC604700BFB50900207A
:109C200001B40248844601BC604700BF65050020BE
:109C300001B40248844601BC604700BFAF0D00205C
:109C400001B40248844601BC604700BF51030020B4
:109C500001B40248844601BC604700BF41100020A7
:109C600001B40248844601BC604700BFAD04002037
:109C700001B40248844601BC604700BF4110002087
:109C800001B40248844601BC604700BF2B0200209B
:109C900001B40248844601BC604700BFF5030020C0
:109CA00001B40248844601BC604700BF1503002090
:109CB00001B40248844601BC604700BF750D002016
:109CC00001B40248844601BC604700BF3D06002045
:109CD00001B40248844601BC604700BF89090020E6
:109CE00001B40248844601BC604700BF6D020020F9
:109CF00001B40248844601BC604700BFE102002075
:109D000001B40248844601BC604700BFDD0A002060
:109D100001B40248844601BC604700BF850A0020A8
:109D200001B40248844601BC604700BF850E002094
:109D300001B40248844601BC604700BF910A00207C
:109D400001B40248844601BC604700BFED01002019
:109D500001B40248844601BC604700BFC100002036
:109D60006E6F646520213D206E756C6C707472009E
:109D70007374617469632041726475696E6F4A73AC
:109D80006F6E3A3A56373432484232323A3A646564
:109D90007461696C3A3A537472696E674E6F6465A8
:109DA0002A2041726475696E6F4A736F6E3A3A5633
:109DB000373432484232323A3A64657461696C3AF7
:109DC0003A537472696E674E6F64653A3A7265739E
:109DD000697A652841726475696E6F4A736F6E3A6D
:109DE0003A56373432484232323A3A6465746169DD
:109DF0006C3A3A537472696E674E6F64652A2C2010
:109E000073697A655F742C2041726475696E6F4A5C
:109E1000736F6E3A3A56373432484232323A3A41E8
:109E20006C6C6F6361746F722A2900002F55736523
:109E300072732F746C6561766974742F7069636FC7
:109E40002F70726F6A656374732F7069636F5369E3
:109E5000676E616C732F41726475696E6F4A736FC0
:109E60006E2F7372632F41726475696E6F4A736FE0
:109E70006E2F4D656D6F72792F537472696E674ED8
:109E80006F64652E687070007374725F20213D20CE
:109E900030000000636861722041726475696E6F02
:109EA0004A736F6E3A3A56373432484232323A3A4F
:109EB00064657461696C3A3A52616D537472696E8B
:109EC000673A3A6F70657261746F725B5D2873698F
:109ED0007A655F742920636F6E7374002F55736504
:109EE00072732F746C6561766974742F7069636F17
:109EF0002F70726F6A656374732F7069636F536933
:109F0000676E616C732F41726475696E6F4A736F0F
:109F10006E2F7372632F41726475696E6F4A736F2F
:109F20006E2F537472696E67732F4164617074652C
:109F300072732F52616D537472696E672E68707000
:109F40000000000069203C3D2073697A65282900E3
:109F5000737472696E67735F203D3D206E756C6C23
:109F60007074720041726475696E6F4A736F6E3AF5
:109F70003A56373432484232323A3A64657461694B
:109F80006C3A3A537472696E67506F6F6C3A3A7EEE
:109F9000537472696E67506F6F6C2829000000005F
:109FA0002F55736572732F746C6561766974742FA5
:109FB0007069636F2F70726F6A656374732F706955
:109FC000636F5369676E616C732F41726475696E5C
:109FD0006F4A736F6E2F7372632F41726475696E6F
:109FE0006F4A736F6E2F4D656D6F72792F53747258
:109FF000696E67506F6F6C2E68707000766F696461
:10A000002041726475696E6F4A736F6E3A3A5637C3
:10A010003432484232323A3A64657461696C3A3A91
:10A02000537472696E67506F6F6C3A3A616464285A
:10A0300041726475696E6F4A736F6E3A3A5637347F
:10A0400032484232323A3A64657461696C3A3A5342
:10A050007472696E674E6F64652A2900736C6F7441
:10A060005F20213D206E756C6C70747200000000E2
:10A0700041726475696E6F4A736F6E3A3A5637343F
:10A0800032484232323A3A64657461696C3A3A56FF
:10A09000617269616E74446174612A2041726475F1
:10A0A000696E6F4A736F6E3A3A56373432484232AD
:10A0B000323A3A64657461696C3A3A436F6C6C6524
:10A0C0006374696F6E4974657261746F723A3A6F46
:10A0D00070657261746F722D3E2829002F5573656B
:10A0E00072732F746C6561766974742F7069636F15
:10A0F0002F70726F6A656374732F7069636F536931
:10A10000676E616C732F41726475696E6F4A736F0D
:10A110006E2F7372632F41726475696E6F4A736F2D
:10A120006E2F436F6C6C656374696F6E2F436F6C39
:10A130006C656374696F6E446174612E6870700041
:10A14000747970655F203D3D2056617269616E745F
:10A15000547970653A3A4E756C6C0000766F69649C
:10A160002041726475696E6F4A736F6E3A3A563762
:10A170003432484232323A3A64657461696C3A3A30
:10A1800056617269616E74446174613A3A736574C0
:10A19000426F6F6C65616E28626F6F6C2900000002
:10A1A0002F55736572732F746C6561766974742FA3
:10A1B0007069636F2F70726F6A656374732F706953
:10A1C000636F5369676E616C732F41726475696E5A
:10A1D0006F4A736F6E2F7372632F41726475696E6D
:10A1E0006F4A736F6E2F56617269616E742F56617C
:10A1F0007269616E74446174612E68707000000051
:10A20000766F69642041726475696E6F4A736F6E10
:10A210003A3A56373432484232323A3A64657461D7
:10A22000696C3A3A56617269616E74446174613A5C
:10A230003A7365744F776E6564537472696E6728FC
:10A2400041726475696E6F4A736F6E3A3A5637346D
:10A2500032484232323A3A64657461696C3A3A5330
:10A260007472696E674E6F64652A29004172647565
:10A27000696E6F4A736F6E3A3A56373432484232DB
:10A28000323A3A64657461696C3A3A417272617942
:10A2900044617461262041726475696E6F4A736F00
:10A2A0006E3A3A56373432484232323A3A6465743A
:10A2B00061696C3A3A56617269616E7444617461A5
:10A2C0003A3A746F4172726179282900417264755B
:10A2D000696E6F4A736F6E3A3A563734324842327B
:10A2E000323A3A64657461696C3A3A4F626A6563FE
:10A2F0007444617461262041726475696E6F4A739B
:10A300006F6E3A3A56373432484232323A3A6465DE
:10A310007461696C3A3A56617269616E7444617431
:10A32000613A3A746F4F626A6563742829000000CD
:10A330006E6F64655F20213D206E756C6C70747269
:10A340000000000041726475696E6F4A736F6E3A67
:10A350003A56373432484232323A3A4A736F6E5381
:10A360007472696E672041726475696E6F4A736FAB
:10A370006E3A3A56373432484232323A3A64657469
:10A3800061696C3A3A537472696E674275696C64BC
:10A3900065723A3A737472282920636F6E73740081
:10A3A0002F55736572732F746C6561766974742FA1
:10A3B0007069636F2F70726F6A656374732F706951
:10A3C000636F5369676E616C732F41726475696E58
:10A3D0006F4A736F6E2F7372632F41726475696E6B
:10A3E0006F4A736F6E2F4D656D6F72792F53747254
:10A3F000696E674275696C6465722E6870700000E2
:10A400007374617469635F636173743C73697A65C3
:10A410005F743E28636F64655F29203C2073697A0E
:10A42000656F66286D6573736167657329202F20DA
:10A4300073697A656F66286D657373616765735BB1
:10A44000305D2900636F6E737420636861722A2027
:10A4500041726475696E6F4A736F6E3A3A5637345B
:10A4600032484232323A3A446573657269616C69C6
:10A470007A6174696F6E4572726F723A3A635F7394
:10A480007472282920636F6E737400002F557365F2
:10A4900072732F746C6561766974742F7069636F61
:10A4A0002F70726F6A656374732F7069636F53697D
:10A4B000676E616C732F41726475696E6F4A736F5A
:10A4C0006E2F7372632F41726475696E6F4A736F7A
:10A4D0006E2F446573657269616C697A6174696F26
:10A4E0006E2F446573657269616C697A6174696F16
:10A4F0006E4572726F722E687070000076616C75B6
:10A50000655F203E2030000041726475696E6F4ABD
:10A51000736F6E3A3A56373432484232323A3A44DE
:10A520006573657269616C697A6174696F6E4F7089
:10A5300074696F6E3A3A4E657374696E674C696DF3
:10A5400069742041726475696E6F4A736F6E3A3A2E
:10A5500056373432484232323A3A4465736572694A
:10A56000616C697A6174696F6E4F7074696F6E3A6D
:10A570003A4E657374696E674C696D69743A3A64F2
:10A58000656372656D656E74282920636F6E7374E0
:10A59000000000002F55736572732F746C6561762F
:10A5A0006974742F7069636F2F70726F6A6563745A
:10A5B000732F7069636F5369676E616C732F41729B
:10A5C0006475696E6F4A736F6E2F7372632F417279
:10A5D0006475696E6F4A736F6E2F44657365726937
:10A5E000616C697A6174696F6E2F4E657374696E00
:10A5F000674C696D69742E687070000074797065BD
:10A600005F203D3D204E756D626572547970653AEC
:10A610003A5369676E6564496E74656765720000D8
:10A6200041726475696E6F4A736F6E3A3A56373489
:10A6300032484232323A3A4A736F6E496E746567F5
:10A6400065722041726475696E6F4A736F6E3A3A33
:10A6500056373432484232323A3A64657461696C32
:10A660003A3A4E756D6265723A3A61735369676E34
:10A670006564496E7465676572282920636F6E731F
:10A68000740000002F55736572732F746C656176CA
:10A690006974742F7069636F2F70726F6A65637469
:10A6A000732F7069636F5369676E616C732F4172AA
:10A6B0006475696E6F4A736F6E2F7372632F417288
:10A6C0006475696E6F4A736F6E2F4E756D62657239
:10A6D000732F70617273654E756D6265722E68704E
:10A6E00070000000747970655F203D3D204E756DEF
:10A6F000626572547970653A3A556E7369676E6532
:10A7000064496E746567657200000000417264758B
:10A71000696E6F4A736F6E3A3A5637343248423236
:10A72000323A3A4A736F6E55496E742041726475BD
:10A73000696E6F4A736F6E3A3A5637343248423216
:10A74000323A3A64657461696C3A3A4E756D626585
:10A75000723A3A6173556E7369676E6564496E74D7
:10A7600065676572282920636F6E737400000000AE
:10A77000747970655F203D3D204E756D6265725441
:10A780007970653A3A466C6F61740000666C6F616F
:10A79000742041726475696E6F4A736F6E3A3A56EF
:10A7A000373432484232323A3A64657461696C3AFD
:10A7B0003A4E756D6265723A3A6173466C6F6174B8
:10A7C000282920636F6E737400000000747970652F
:10A7D0005F203D3D204E756D626572547970653A1B
:10A7E0003A446F75626C6500646F75626C652041F8
:10A7F000726475696E6F4A736F6E3A3A56373432C7
:10A80000484232323A3A64657461696C3A3A4E753C
:10A810006D6265723A3A6173446F75626C6528299E
:10A8200020636F6E737400005B2530372E33665DD6
:10A83000200000004A534F4E207772697474656E91
:10A8400020746F20666C6173680000004A534F4E9D
:10A85000206D6174636865642C206E6F742077725C
:10A86000697474656E000000537461636B206F76C9
:10A870006572666C6F7720696E207461736B20253A
:10A88000730A00004661696C656420746F20616C16
:10A890006C6F63617465206D656D6F72790A00007D
:10A8A0005265626F6F740000496E70757420466166
:10A8B000756C74004F7574707574204661756C7496
:10A8C00000000000526164696F204661756C74007D
:10A8D000636F756E745F203D3D203000417264757A
:10A8E000696E6F4A736F6E3A3A5637343248423265
:10A8F000323A3A64657461696C3A3A4D656D6F72CB
:10A9000079506F6F6C4C6973743C543E3A3A7E4D8B
:10A91000656D6F7279506F6F6C4C69737428292064
:10A920005B776974682054203D2041726475696EBC
:10A930006F4A736F6E3A3A56373432484232323A7F
:10A940003A64657461696C3A3A5265736F75726303
:10A95000654D616E616765723A3A536C6F7444611C
:10A9600074615D002F55736572732F746C65617629
:10A970006974742F7069636F2F70726F6A65637486
:10A98000732F7069636F5369676E616C732F4172C7
:10A990006475696E6F4A736F6E2F7372632F4172A5
:10A9A0006475696E6F4A736F6E2F4D656D6F727946
:10A9B0002F4D656D6F7279506F6F6C4C6973742E8B
:10A9C000687070007074725F20213D206E756C6C31
:10A9D00070747200542A2041726475696E6F4A73F4
:10A9E0006F6E3A3A56373432484232323A3A6465F8
:10A9F0007461696C3A3A536C6F743C543E3A3A6FE6
:10AA000070657261746F722D3E282920636F6E73BA
:10AA100074205B776974682054203D20417264750E
:10AA2000696E6F4A736F6E3A3A5637343248423223
:10AA3000323A3A64657461696C3A3A566172696196
:10AA40006E74446174615D002F55736572732F7469
:10AA50006C6561766974742F7069636F2F70726FA3
:10AA60006A656374732F7069636F5369676E616C95
:10AA7000732F41726475696E6F4A736F6E2F7372B4
:10AA8000632F41726475696E6F4A736F6E2F4D65E7
:10AA90006D6F72792F4D656D6F7279506F6F6C2E7F
:10AAA000687070002870203D3D206E756C6C70746D
:10AAB0007229203D3D20286964203D3D204E554CA3
:10AAC0004C5F534C4F54290041726475696E6F4A54
:10AAD000736F6E3A3A56373432484232323A3A64F9
:10AAE000657461696C3A3A536C6F743C543E3A3AFF
:10AAF000536C6F7428542A2C2041726475696E6FF0
:10AB00004A736F6E3A3A56373432484232323A3AE2
:10AB100064657461696C3A3A536C6F7449642920B6
:10AB20005B776974682054203D2041726475696EBA
:10AB30006F4A736F6E3A3A56373432484232323A7D
:10AB40003A64657461696C3A3A56617269616E740F
:10AB5000446174613B2041726475696E6F4A736F22
:10AB60006E3A3A56373432484232323A3A64657471
:10AB700061696C3A3A536C6F744964203D20736884
:10AB80006F727420756E7369676E656420696E7488
:10AB90005D000000542A2041726475696E6F4A732B
:10ABA0006F6E3A3A56373432484232323A3A646536
:10ABB0007461696C3A3A536C6F743C543E3A3A6F24
:10ABC00070657261746F722D3E282920636F6E73F9
:10ABD00074205B776974682054203D20417264754D
:10ABE000696E6F4A736F6E3A3A5637343248423262
:10ABF000323A3A64657461696C3A3A5265736F75BA
:10AC00007263654D616E616765723A3A536C6F7439
:10AC1000446174615D00000041726475696E6F4A41
:10AC2000736F6E3A3A56373432484232323A3A64A7
:10AC3000657461696C3A3A536C6F743C543E3A3AAD
:10AC4000536C6F7428542A2C2041726475696E6F9E
:10AC50004A736F6E3A3A56373432484232323A3A91
:10AC600064657461696C3A3A536C6F744964292065
:10AC70005B776974682054203D2041726475696E69
:10AC80006F4A736F6E3A3A56373432484232323A2C
:10AC90003A64657461696C3A3A5265736F757263B0
:10ACA000654D616E616765723A3A536C6F744461C9
:10ACB00074613B2041726475696E6F4A736F6E3ABE
:10ACC0003A56373432484232323A3A6465746169EE
:10ACD0006C3A3A536C6F744964203D2073686F720C
:10ACE0007420756E7369676E656420696E745D00AB
:10ACF00041726475696E6F4A736F6E3A3A563734B3
:10AD000032484232323A3A64657461696C3A3A5375
:10AD10006C6F743C543E3A3A536C6F7428542A2C2E
:10AD20002041726475696E6F4A736F6E3A3A563796
:10AD30003432484232323A3A64657461696C3A3A64
:10AD4000536C6F74496429205B77697468205420C0
:10AD50003D2041726475696E6F4A736F6E3A3A5660
:10AD6000373432484232323A3A64657461696C3A37
:10AD70003A56617269616E74457874656E73696F75
:10AD80006E3B2041726475696E6F4A736F6E3A3A1A
:10AD900056373432484232323A3A64657461696CEB
:10ADA0003A3A536C6F744964203D2073686F727433
:10ADB00020756E7369676E656420696E745D00004E
:10ADC000766F69642041726475696E6F4A736F6E45
:10ADD0003A3A56373432484232323A3A646574610C
:10ADE000696C3A3A56617269616E74446174613A91
:10ADF0003A73657454696E79537472696E67286327
:10AE00006F6E73742054416461707465645374721E
:10AE1000696E672629205B776974682054416461F4
:10AE200070746564537472696E67203D204172646A
:10AE300075696E6F4A736F6E3A3A563734324842CC
:10AE400032323A3A64657461696C3A3A52616D53D0
:10AE50007472696E675D0000732E73697A652829C4
:10AE6000203C3D2074696E79537472696E674D6140
:10AE7000784C656E677468006320213D20300000C7
:10AE8000706F6F6C735F20213D206E756C6C7074F9
:10AE900072000000766F69642041726475696E6F9C
:10AEA0004A736F6E3A3A56373432484232323A3A3F
:10AEB00064657461696C3A3A4D656D6F7279506F73
:10AEC0006F6C4C6973743C543E3A3A736872696EA5
:10AED0006B546F4669742841726475696E6F4A736A
:10AEE0006F6E3A3A56373432484232323A3A416C0F
:10AEF0006C6F6361746F722A29205B7769746820B4
:10AF000054203D2041726475696E6F4A736F6E3ACA
:10AF10003A56373432484232323A3A64657461699B
:10AF20006C3A3A5265736F757263654D616E616715
:10AF300065723A3A536C6F74446174615D0000004D
:10AF40006964203C2075736167655F00542A204165
:10AF5000726475696E6F4A736F6E3A3A563734325F
:10AF6000484232323A3A64657461696C3A3A4D65E6
:10AF70006D6F7279506F6F6C3C543E3A3A676574EE
:10AF8000536C6F742841726475696E6F4A736F6E8B
:10AF90003A3A56373432484232323A3A646574614A
:10AFA000696C3A3A536C6F7449642920636F6E730D
:10AFB00074205B776974682054203D204172647569
:10AFC000696E6F4A736F6E3A3A563734324842327E
:10AFD000323A3A64657461696C3A3A5265736F75D6
:10AFE0007263654D616E616765723A3A536C6F7456
:10AFF000446174613B2041726475696E6F4A736F7E
:10B000006E3A3A56373432484232323A3A646574CC
:10B0100061696C3A3A536C6F744964203D207368DF
:10B020006F727420756E7369676E656420696E74E3
:10B030005D000000706F6F6C496E646578203C2085
:10B04000636F756E745F0000542A204172647569E5
:10B050006E6F4A736F6E3A3A563734324842323224
:10B060003A3A64657461696C3A3A4D656D6F72790C
:10B07000506F6F6C4C6973743C543E3A3A67657418
:10B08000536C6F742841726475696E6F4A736F6E8A
:10B090003A3A56373432484232323A3A6465746149
:10B0A000696C3A3A536C6F7449642920636F6E730C
:10B0B00074205B776974682054203D204172647568
:10B0C000696E6F4A736F6E3A3A563734324842327D
:10B0D000323A3A64657461696C3A3A5265736F75D5
:10B0E0007263654D616E616765723A3A536C6F7455
:10B0F000446174613B2041726475696E6F4A736F7D
:10B100006E3A3A56373432484232323A3A646574CB
:10B1100061696C3A3A536C6F744964203D207368DE
:10B120006F727420756E7369676E656420696E74E2
:10B130005D000000667265654C6973745F20213D97
:10B14000204E554C4C5F534C4F5400004172647577
:10B15000696E6F4A736F6E3A3A56373432484232EC
:10B16000323A3A64657461696C3A3A536C6F743C74
:10B17000543E2041726475696E6F4A736F6E3A3A3D
:10B1800056373432484232323A3A64657461696CF7
:10B190003A3A4D656D6F7279506F6F6C4C6973748C
:10B1A0003C543E3A3A616C6C6F6346726F6D467206
:10B1B00065654C6973742829205B7769746820542D
:10B1C000203D2041726475696E6F4A736F6E3A3A22
:10B1D00056373432484232323A3A64657461696CA7
:10B1E0003A3A5265736F757263654D616E6167655A
:10B1F000723A3A536C6F74446174615D00000000F0
:10B20000736C6F745F000000766F69642041726434
:10B2100075696E6F4A736F6E3A3A563734324842E8
:10B2200032323A3A64657461696C3A3A436F6C6CD5
:10B23000656374696F6E4974657261746F723A3ACE
:10B240006E65787428636F6E7374204172647569DB
:10B250006E6F4A736F6E3A3A563734324842323222
:10B260003A3A64657461696C3A3A5265736F757203
:10B2700063654D616E616765722A29002F5573659C
:10B2800072732F746C6561766974742F7069636F63
:10B290002F70726F6A656374732F7069636F53697F
:10B2A000676E616C732F41726475696E6F4A736F5C
:10B2B0006E2F7372632F41726475696E6F4A736F7C
:10B2C0006E2F436F6C6C656374696F6E2F436F6C88
:10B2D0006C656374696F6E496D706C2E6870700078
:10B2E000636F756E745F203E20300000417264759C
:10B2F000696E6F4A736F6E3A3A563734324842324B
:10B30000323A3A64657461696C3A3A536C6F743CD2
:10B31000543E2041726475696E6F4A736F6E3A3A9B
:10B3200056373432484232323A3A64657461696C55
:10B330003A3A4D656D6F7279506F6F6C4C697374EA
:10B340003C543E3A3A616C6C6F6346726F6D4C616F
:10B350007374506F6F6C2829205B77697468205470
:10B36000203D2041726475696E6F4A736F6E3A3A80
:10B3700056373432484232323A3A64657461696C05
:10B380003A3A5265736F757263654D616E616765B8
:10B39000723A3A536C6F74446174615D000000004E
:10B3A000636170203E203000766F696420417264D2
:10B3B00075696E6F4A736F6E3A3A56373432484247
:10B3C00032323A3A64657461696C3A3A4D656D6F30
:10B3D0007279506F6F6C3C543E3A3A637265617497
:10B3E000652841726475696E6F4A736F6E3A3A569A
:10B3F000373432484232323A3A64657461696C3AA1
:10B400003A536C6F74436F756E742C20417264757F
:10B41000696E6F4A736F6E3A3A5637343248423229
:10B42000323A3A416C6C6F6361746F722A29205B07
:10B43000776974682054203D2041726475696E6F8D
:10B440004A736F6E3A3A56373432484232323A3A99
:10B4500064657461696C3A3A5265736F75726365BD
:10B460004D616E616765723A3A536C6F74446174F2
:10B47000613B2041726475696E6F4A736F6E3A3A30
:10B4800056373432484232323A3A64657461696CF4
:10B490003A3A536C6F74436F756E74203D20736835
:10B4A0006F727420756E7369676E656420696E745F
:10B4B0005D0000002173312E69734E756C6C282974
:10B4C0000000000041726475696E6F4A736F6E3AD6
:10B4D0003A56373432484232323A3A6465746169D6
:10B4E0006C3A3A656E61626C655F69665F743C28B0
:10B4F00028626F6F6C2928544164617074656453CD
:10B500007472696E67313A3A74797065536F727408
:10B510004B6579203C3D20544164617074656453EF
:10B520007472696E67323A3A74797065536F7274E7
:10B530004B657929292C20626F6F6C3E2041726423
:10B5400075696E6F4A736F6E3A3A563734324842B5
:10B5500032323A3A64657461696C3A3A737472696A
:10B560006E67457175616C732854416461707465D0
:10B5700064537472696E67312C2054416461707435
:10B580006564537472696E673229205B77697468E9
:10B59000205441646170746564537472696E6731DC
:10B5A000203D2052616D537472696E673B20544197
:10B5B000646170746564537472696E6732203D20F3
:10B5C00052616D537472696E673B20656E61626C87
:10B5D000655F69665F743C2828626F6F6C29285428
:10B5E00041646170746564537472696E67313A3A8C
:10B5F00074797065536F72744B6579203C3D2054AB
:10B6000041646170746564537472696E67323A3A6A
:10B6100074797065536F72744B657929292C206297
:10B620006F6F6C3E203D20626F6F6C5D000000000C
:10B630002F55736572732F746C6561766974742FFE
:10B640007069636F2F70726F6A656374732F7069AE
:10B65000636F5369676E616C732F41726475696EB5
:10B660006F4A736F6E2F7372632F41726475696EC8
:10B670006F4A736F6E2F537472696E67732F5374B2
:10B6800072696E6741646170746572732E68707060
:10B69000000000002173322E69734E756C6C2829EE
:10B6A0000000000076617269616E7420213D206E99
:10B6B000756C6C7074720000766F696420417264FE
:10B6C00075696E6F4A736F6E3A3A56373432484234
:10B6D00032323A3A64657461696C3A3A5374726909
:10B6E0006E674275696C6465723A3A736176652873
:10B6F00041726475696E6F4A736F6E3A3A563734A9
:10B7000032484232323A3A64657461696C3A3A5668
:10B71000617269616E74446174612A2900000000DD
:10B720007320213D2030000041726475696E6F4ABC
:10B73000736F6E3A3A56373432484232323A3A648C
:10B74000657461696C3A3A4E756D6265722041723A
:10B750006475696E6F4A736F6E3A3A563734324881
:10B760004232323A3A64657461696C3A3A70617295
:10B7700073654E756D62657228636F6E73742063B6
:10B780006861722A2900000073747220213D206EC6
:10B79000756C6C7074720000542041726475696E2F
:10B7A0006F4A736F6E3A3A56373432484232323A01
:10B7B0003A64657461696C3A3A56617269616E7493
:10B7C000446174613A3A6173496E74656772616C81
:10B7D00028636F6E73742041726475696E6F4A736B
:10B7E0006F6E3A3A56373432484232323A3A6465EA
:10B7F0007461696C3A3A5265736F757263654D6135
:10B800006E616765722A2920636F6E7374205B779F
:10B810006974682054203D20756E7369676E656495
:10B8200020636861725D000041726475696E6F4AE1
:10B83000736F6E3A3A56373432484232323A3A648B
:10B84000657461696C3A3A656E61626C655F6966E0
:10B850005F743C2873697A656F6620285429203DFF
:10B860003D2034292C20626F6F6C3E20417264753C
:10B87000696E6F4A736F6E3A3A56373432484232C5
:10B88000323A3A64657461696C3A3A566172696138
:10B890006E74446174613A3A736574466C6F617496
:10B8A00028542C2041726475696E6F4A736F6E3A2A
:10B8B0003A56373432484232323A3A6465746169F2
:10B8C0006C3A3A5265736F757263654D616E61676C
:10B8D00065722A29205B776974682054203D2066B0
:10B8E0006C6F61743B2041726475696E6F4A736F4F
:10B8F0006E3A3A56373432484232323A3A646574D4
:10B9000061696C3A3A656E61626C655F69665F7425
:10B910003C2873697A656F6620285429203D3D20B4
:10B9200034292C20626F6F6C3E203D20626F6F6C5B
:10B930005D00000021656E6465645F00766F696478
:10B940002041726475696E6F4A736F6E3A3A56376A
:10B950003432484232323A3A64657461696C3A3A38
:10B960004C617463683C545265616465723E3A3A56
:10B970006C6F61642829205B776974682054526574
:10B9800061646572203D2041726475696E6F4A730F
:10B990006F6E3A3A56373432484232323A3A646538
:10B9A0007461696C3A3A5265616465723C636861BE
:10B9B000722A2C20766F69643E5D00002F557365F6
:10B9C00072732F746C6561766974742F7069636F1C
:10B9D0002F70726F6A656374732F7069636F536938
:10B9E000676E616C732F41726475696E6F4A736F15
:10B9F0006E2F7372632F41726475696E6F4A736F35
:10BA00006E2F4A736F6E2F4C617463682E6870706E
:10BA1000000000002F2F272722225C5C6208660CA2
:10BA20006E0A720D74090000542A2041726475690F
:10BA30006E6F4A736F6E3A3A56373432484232323A
:10BA40003A3A64657461696C3A3A536C6F743C5469
:10BA50003E3A3A6F70657261746F722D3E282920EC
:10BA6000636F6E7374205B776974682054203D2087
:10BA700041726475696E6F4A736F6E3A3A56373425
:10BA800032484232323A3A64657461696C3A3A56E5
:10BA9000617269616E74457874656E73696F6E5D0D
:10BAA0000000000041726475696E6F4A736F6E3AF0
:10BAB0003A56373432484232323A3A6465746169F0
:10BAC0006C3A3A656E61626C655F69665F743C28CA
:10BAD00028626F6F6C2941726475696E6F4A736F6B
:10BAE0006E3A3A56373432484232323A3A646574E2
:10BAF00061696C3A3A69735F756E7369676E656404
:10BB00003C543E3A3A76616C7565292C20626F6F21
:10BB10006C3E2041726475696E6F4A736F6E3A3A7B
:10BB200056373432484232323A3A64657461696C4D
:10BB30003A3A56617269616E74446174613A3A735B
:10BB40006574496E746567657228542C204172646F
:10BB500075696E6F4A736F6E3A3A5637343248429F
:10BB600032323A3A64657461696C3A3A5265736F7D
:10BB7000757263654D616E616765722A29205B7716
:10BB80006974682054203D206C6F6E67206C6F6E66
:10BB90006720756E7369676E656420696E743B20FB
:10BBA00041726475696E6F4A736F6E3A3A563734F4
:10BBB00032484232323A3A64657461696C3A3A65A5
:10BBC0006E61626C655F69665F743C2828626F6FA6
:10BBD0006C2941726475696E6F4A736F6E3A3A569A
:10BBE000373432484232323A3A64657461696C3AA9
:10BBF0003A69735F756E7369676E65643C543E3A6B
:10BC00003A76616C7565292C20626F6F6C3E203D21
:10BC100020626F6F6C5D00002F55736572732F7417
:10BC20006C6561766974742F7069636F2F70726FC1
:10BC30006A656374732F7069636F5369676E616CB3
:10BC4000732F41726475696E6F4A736F6E2F7372D2
:10BC5000632F41726475696E6F4A736F6E2F566100
:10BC60007269616E742F56617269616E74496D708C
:10BC70006C2E68707000000041726475696E6F4AC6
:10BC8000736F6E3A3A56373432484232323A3A6437
:10BC9000657461696C3A3A656E61626C655F69668C
:10BCA0005F743C2873697A656F6620285429203DAB
:10BCB0003D2038292C20626F6F6C3E2041726475E4
:10BCC000696E6F4A736F6E3A3A5637343248423271
:10BCD000323A3A64657461696C3A3A5661726961E4
:10BCE0006E74446174613A3A736574466C6F617442
:10BCF00028542C2041726475696E6F4A736F6E3AD6
:10BD00003A56373432484232323A3A64657461699D
:10BD10006C3A3A5265736F757263654D616E616717
:10BD200065722A29205B776974682054203D20645D
:10BD30006F75626C653B2041726475696E6F4A7302
:10BD40006F6E3A3A56373432484232323A3A646584
:10BD50007461696C3A3A656E61626C655F69665FD1
:10BD6000743C2873697A656F6620285429203D3D0C
:10BD70002038292C20626F6F6C3E203D20626F6F4F
:10BD80006C5D000041726475696E6F4A736F6E3A44
:10BD90003A56373432484232323A3A64657461690D
:10BDA0006C3A3A656E61626C655F69665F743C28E7
:10BDB00028626F6F6C2941726475696E6F4A736F88
:10BDC0006E3A3A56373432484232323A3A646574FF
:10BDD00061696C3A3A69735F7369676E65643C5474
:10BDE0003E3A3A76616C7565292C20626F6F6C3E25
:10BDF0002041726475696E6F4A736F6E3A3A5637B6
:10BE00003432484232323A3A64657461696C3A3A83
:10BE100056617269616E74446174613A3A73657413
:10BE2000496E746567657228542C20417264756987
:10BE30006E6F4A736F6E3A3A563734324842323236
:10BE40003A3A64657461696C3A3A5265736F757217
:10BE500063654D616E616765722A29205B7769743D
:10BE6000682054203D206C6F6E67206C6F6E6720D9
:10BE7000696E743B2041726475696E6F4A736F6EB0
:10BE80003A3A56373432484232323A3A646574614B
:10BE9000696C3A3A656E61626C655F69665F743CB5
:10BEA0002828626F6F6C2941726475696E6F4A73DE
:10BEB0006F6E3A3A56373432484232323A3A646513
:10BEC0007461696C3A3A69735F7369676E65643C63
:10BED000543E3A3A76616C7565292C20626F6F6C1E
:10BEE0003E203D20626F6F6C5D0000004172647502
:10BEF000696E6F4A736F6E3A3A563734324842323F
:10BF0000323A3A446573657269616C697A61746941
:10BF10006F6E4572726F723A3A436F646520417278
:10BF20006475696E6F4A736F6E3A3A5637343248A9
:10BF30004232323A3A64657461696C3A3A4A736FD4
:10BF40006E446573657269616C697A65723C5452BE
:10BF500065616465723E3A3A70617273654E6F6EE8
:10BF600051756F746564537472696E672829205B1C
:10BF7000776974682054526561646572203D204180
:10BF8000726475696E6F4A736F6E3A3A563734321F
:10BF9000484232323A3A64657461696C3A3A5265A1
:10BFA000616465723C636861722A2C20766F6964F3
:10BFB0003E5D00002F55736572732F746C6561765A
:10BFC0006974742F7069636F2F70726F6A65637420
:10BFD000732F7069636F5369676E616C732F417261
:10BFE0006475696E6F4A736F6E2F7372632F41723F
:10BFF0006475696E6F4A736F6E2F4A736F6E2F4A46
:10C00000736F6E446573657269616C697A65722ECF
:10C010006870700063757272656E742829203D3DEA
:10C0200020277B270000000041726475696E6F4A0B
:10C03000736F6E3A3A56373432484232323A3A44A3
:10C040006573657269616C697A6174696F6E457256
:10C05000726F723A3A436F64652041726475696E1B
:10C060006F4A736F6E3A3A56373432484232323A38
:10C070003A64657461696C3A3A4A736F6E446573E9
:10C08000657269616C697A65723C54526561646578
:10C09000723E3A3A70617273654F626A65637428E2
:10C0A00041726475696E6F4A736F6E3A3A563734EF
:10C0B00032484232323A3A64657461696C3A3A4FB6
:10C0C000626A65637444617461262C205446696C0D
:10C0D0007465722C2041726475696E6F4A736F6E5D
:10C0E0003A3A56373432484232323A3A4465736506
:10C0F0007269616C697A6174696F6E4F7074696F8F
:10C100006E3A3A4E657374696E674C696D6974294D
:10C11000205B77697468205446696C746572203DB1
:10C120002041726475696E6F4A736F6E3A3A563782
:10C130003432484232323A3A64657461696C3A3A50
:10C14000416C6C6F77416C6C46696C7465723B2016
:10C1500054526561646572203D2041726475696E58
:10C160006F4A736F6E3A3A56373432484232323A37
:10C170003A64657461696C3A3A5265616465723C0F
:10C18000636861722A2C20766F69643E5D0000004E
:10C1900074727565000000006E756C6C0000000024
:10C1A00063757272656E742829203D3D20275B27D8
:10C1B0000000000041726475696E6F4A736F6E3AD9
:10C1C0003A56373432484232323A3A4465736572ED
:10C1D00069616C697A6174696F6E4572726F723AE7
:10C1E0003A436F64652041726475696E6F4A736F7C
:10C1F0006E3A3A56373432484232323A3A646574CB
:10C2000061696C3A3A4A736F6E446573657269612D
:10C210006C697A65723C545265616465723E3A3A63
:10C2200070617273654172726179284172647569D7
:10C230006E6F4A736F6E3A3A563734324842323232
:10C240003A3A64657461696C3A3A41727261794450
:10C25000617461262C205446696C7465722C2041EF
:10C26000726475696E6F4A736F6E3A3A563734323C
:10C27000484232323A3A446573657269616C697A50
:10C280006174696F6E4F7074696F6E3A3A4E657380
:10C2900074696E674C696D697429205B776974688D
:10C2A000205446696C746572203D20417264756942
:10C2B0006E6F4A736F6E3A3A5637343248423232B2
:10C2C0003A3A64657461696C3A3A416C6C6F7741D3
:10C2D0006C6C46696C7465723B2054526561646590
:10C2E00072203D2041726475696E6F4A736F6E3AB9
:10C2F0003A56373432484232323A3A6465746169A8
:10C300006C3A3A5265616465723C636861722A2CCA
:10C3100020766F69643E5D004E6F20534420436178
:10C32000726420446574656374656400303A00008B
:10C33000636F6E6669672A2E6A736F6E0000000075
:10C34000526561642025642063686172616374656D
:10C350007273206F6620636F6E6669672066696C12
:10C36000650A0000436F6E666967204A534F4E208E
:10C370006572726F723A2025730A00006D6F6465F2
:10C3800000000000637463006F7665726C61790071
:10C390000A0A5069636F205369676E616C73205697
:10C3A00025645225640A0A000A5374616E6461723E
:10C3B00064205369676E616C204D6F6465000000F6
:10C3C0000A435443204D6F64650000000A4F7665B0
:10C3D000726C6179204D6F6465000000496E69746C
:10C3E00020636F6D706C6574650000006164647239
:10C3F00065737300636F6E66696725642E6A736F79
:10C400006E0000004F6B0000456D707479496E70CE
:10C4100075740000496E636F6D706C657465496E6C
:10C4200070757400496E76616C6964496E707574DC
:10C43000000000004E6F4D656D6F727900000000C6
:10C44000546F6F44656570004C4544205461736BB4
:10C45000000000004572726F72204C454420546108
:10C46000736B00004C4544205461736B20496E6926
:10C470007469616C697A6564000000004572726FCE
:10C4800072204C4544205461736B20496E69746975
:10C49000616C697A656400004572726F723A20259A
:10C4A000640A00004572726F72204C6F6F70212019
:10C4B000436F64653A2025640A000000504F5354CE
:10C4C000204C6F6F702120436F64653A2025640A09
:10C4D00000000000542041726475696E6F4A736FEA
:10C4E0006E3A3A56373432484232323A3A646574D8
:10C4F00061696C3A3A56617269616E744461746143
:10C500003A3A6173466C6F617428636F6E7374207E
:10C5100041726475696E6F4A736F6E3A3A5637347A
:10C5200032484232323A3A64657461696C3A3A523E
:10C5300065736F757263654D616E616765722A29F7
:10C5400020636F6E7374205B776974682054203D9C
:10C5500020646F75626C655D000000006C6F77424F
:10C5600061747465727900006261747465727952E5
:10C5700065736574000000006261747465727953BC
:10C58000687574646F776E004261747465727920A7
:10C590005461736B0000000042617474657279200D
:10C5A0005461736B20496E697469616C697A656462
:10C5B0000000000053656E64696E6720746F20256B
:10C5C000643A206173706563743A2025632C20619E
:10C5D000636B3A2025642C20636F64653A202564E0
:10C5E0000A00000053656E64696E6720546F204333
:10C5F0005443000053656E64696E672066726F6D08
:10C600002043544320746F20256420636D642025EB
:10C61000640A0000542041726475696E6F4A736F3A
:10C620006E3A3A56373432484232323A3A64657496
:10C6300061696C3A3A56617269616E744461746101
:10C640003A3A6173496E74656772616C28636F6E04
:10C6500073742041726475696E6F4A736F6E3A3AF3
:10C6600056373432484232323A3A64657461696C02
:10C670003A3A5265736F757263654D616E616765B5
:10C68000722A2920636F6E7374205B776974682047
:10C6900054203D20696E745D00000000496E69748D
:10C6A00069616C697A696E6720526164696F000024
:10C6B000726574727954696D6500000025632563A5
:10C6C000255825580000000025582558255825587C
:10C6D00000000000526164696F206661756C74200F
:10C6E0004D6F64653A2025640A0000005261646958
:10C6F0006F207265736574006865616431000000C5
:10C7000064657374696E6174696F6E000A4E4F449C
:10C71000453A2025640A0000526164696F20546123
:10C72000736B0000526164696F205461736B204920
:10C730006E697469616C697A656400005475726E23
:10C740006F7574202564203D2025640A00000000D8
:10C7500041726475696E6F4A736F6E3A3A56373438
:10C7600032484232323A3A64657461696C3A3A65E9
:10C770006E61626C655F69665F743C2828626F6FEA
:10C780006C29285441646170746564537472696ED5
:10C7900067313A3A74797065536F72744B657920DA
:10C7A0003C3D205441646170746564537472696ED9
:10C7B00067323A3A74797065536F72744B657929B0
:10C7C000292C20696E743E2041726475696E6F4A2F
:10C7D000736F6E3A3A56373432484232323A3A64DC
:10C7E000657461696C3A3A737472696E67436F6D10
:10C7F0007061726528544164617074656453747229
:10C80000696E67312C20544164617074656453749F
:10C8100072696E673229205B7769746820544164BD
:10C820006170746564537472696E6731203D205283
:10C83000616D537472696E673B205441646170741A
:10C840006564537472696E6732203D2052616D5386
:10C850007472696E673B20656E61626C655F6966C4
:10C860005F743C2828626F6F6C29285441646170A2
:10C87000746564537472696E67313A3A747970659D
:10C88000536F72744B6579203C3D20544164617054
:10C89000746564537472696E67323A3A747970657C
:10C8A000536F72744B657929292C20696E743E2070
:10C8B0003D20696E745D000070696E3100000000FB
:10C8C00070696E320000000070696E330000000075
:10C8D00070696E340000000070696E350000000061
:10C8E00070696E360000000070696E37000000004D
:10C8F00070696E38000000005043413936373420EB
:10C9000044657465637465640000000050434139F8
:10C910003535342044657465637465640000000037
:10C920004E6F206F7220556E6B6E6F776E20696E42
:10C9300070757420636869702064657465637465DC
:10C9400064000000636170747572650068656164FD
:10C95000320000007475726E6F75740072656C65DC
:10C960006173650068656164000000006F766C4764
:10C970007265656E000000006F766C416D626572D5
:10C98000000000006F766C52656400006F766C41A9
:10C990007578496E00000000494F205461736B00A8
:10C9A000494F205461736B20496E697469616C69E9
:10C9B0007A6564003A257825782563256325632503
:10C9C0006325782578257825782578257825782594
:10C9D0007825782578257825782578257825780A8A
:10C9E000000000004354432041434B2061646472C3
:10C9F0003A256420616C6C526573706F6E64656477
:10CA00003A25640A00000000457261736520436F97
:10CA10006E66696700000000726574726965730074
:10CA2000435443205461736B00000000435443207F
:10CA30005461736B20496E697469616C697A6564CD
:10CA40000000000044656C6179656420636C656179
:10CA500072000000732E73697A652829203C3D20FE
:10CA60006E000000766F69642041726475696E6FB4
:10CA70004A736F6E3A3A56373432484232323A3A53
:10CA800064657461696C3A3A737472696E6747657C
:10CA900074436861727328544164617074656453AF
:10CAA0007472696E672C20636861722A2C20736926
:10CAB0007A655F7429205B776974682054416461EA
:10CAC00070746564537472696E67203D2052616DA5
:10CAD000537472696E673B2073697A655F74203D99
:10CAE00020756E7369676E656420696E745D000001
:10CAF000766F69642041726475696E6F4A736F6EF8
:10CB00003A3A56373432484232323A3A64657461BE
:10CB1000696C3A3A56617269616E74446174613A43
:10CB20003A7365744C696E6B6564537472696E67B1
:10CB300028636F6E737420636861722A2900000095
:10CB40004865616420256420726563656976656463
:10CB50002025632066726F6D2025640A00000000A6
:10CB600053656E64696E67204361707475726520E9
:10CB7000256420746F2025640A00000053656E64EC
:10CB8000696E672052656C65617365202564207449
:10CB90006F2025640A0000007374722E69734E754D
:10CBA0006C6C2829203D3D2066616C736500000097
:10CBB00041726475696E6F4A736F6E3A3A563734D4
:10CBC00032484232323A3A64657461696C3A3A5397
:10CBD0007472696E674E6F64652A2041726475696C
:10CBE0006E6F4A736F6E3A3A563734324842323279
:10CBF0003A3A64657461696C3A3A537472696E6763
:10CC0000506F6F6C3A3A6164642854416461707487
:10CC10006564537472696E672C2041726475696E25
:10CC20006F4A736F6E3A3A56373432484232323A6C
:10CC30003A416C6C6F6361746F722A29205B77696B
:10CC40007468205441646170746564537472696ED1
:10CC500067203D2041726475696E6F4A736F6E3A4A
:10CC60003A56373432484232323A3A64657461692E
:10CC70006C3A3A52616D537472696E675D000000E0
:10CC8000626F6F6C2041726475696E6F4A736F6E6C
:10CC90003A3A56373432484232323A3A646574612D
:10CCA000696C3A3A56617269616E74446174613AB2
:10CCB0003A736574537472696E6728544164617085
:10CCC000746564537472696E672C2041726475696F
:10CCD0006E6F4A736F6E3A3A563734324842323288
:10CCE0003A3A64657461696C3A3A5265736F757269
:10CCF00063654D616E616765722A29205B7769748F
:10CD000068205441646170746564537472696E671D
:10CD1000203D2041726475696E6F4A736F6E3A3AB6
:10CD200056373432484232323A3A64657461696C3B
:10CD30003A3A52616D537472696E675D000000008B
:10CD40006865616433000000686561643400000058
:10CD500064696D54696D6500736C65657054696DC7
:10CD6000650000006D6F6E69746F724C454473000E
:10CD70007374616E646172640000000064776172B4
:10CD8000660000005354414E4441524400000000EC
:10CD9000626C7565000000007265640070696E0069
:10CDA00063757272656E7400677265656E0000006F
:10CDB00072676200616D6265720000006C756E6181
:10CDC000720000006272696768746E6573730000B8
:10CDD0004E6F2044657374696E6174696F6E206371
:10CDE0006F6E6669677572656400000064696D0046
:10CDF00072656452656C6561736544656C61790048
:10CE00006C6F63616C486561644E756D0000000075
:10CE100044776172662068656164202564206D69CD
:10CE20007373696E67206C6F63616C486561644EF3
:10CE3000756D0A006177616B6550696E00000000D6
:10CE40004177616B652050696E3A2025640A0000C5
:10CE50004865616420256420446573742025643A24
:10CE60002025640A00000000686561645461736BEA
:10CE7000000000004865616473205461736B2049B1
:10CE80006E697469616C697A6564000068656164E3
:10CE9000436F6D6D5461736B000000004865616401
:10CEA00020256420436F6D6D205461736B20496EA3
:10CEB000697469616C697A65640A0000766F6964F7
:10CEC0002041726475696E6F4A736F6E3A3A5637D5
:10CED0003432484232323A3A64657461696C3A3AA3
:10CEE00056617269616E74446174613A3A73657433
:10CEF000526177537472696E672841726475696E06
:10CF00006F4A736F6E3A3A56373432484232323A89
:10CF10003A64657461696C3A3A537472696E674E2B
:10CF20006F64652A290000007E25782578000000BE
:10CF30003E205069636F205369676E616C732056A1
:10CF400025645225643A2048656C700A0000000090
:10CF50003E20626174202D205072696E74204261FF
:10CF6000747465727920566F6C746167650A00008D
:10CF70003E20657272202D205072696E74204572B9
:10CF8000726F7220436F64650A0000003E20657274
:10CF90007220636C72202D20436C65617220457293
:10CFA000726F7220436F64650A0000003E2068655E
:10CFB0006164202D205072696E7420486561642080
:10CFC0005374617475730A003E20696E202D2050E1
:10CFD00072696E7420496E70757420537461747533
:10CFE000730A00003E2072737369202D205072690D
:10CFF0006E7420526164696F20525353490A0000D5
:10D000003E206361702078202D204361707475721A
:10D01000652068656164207820312D340A000000A5
:10D020003E2072656C2078202D2052656C656173FE
:10D03000652068656164207820312D340A00000085
:10D040003E2077616B65202D2057616B6520536909
:10D05000676E616C0A0000003E20666C6173682098
:10D06000636C72202D20436C65617220466C617385
:10D07000680A00003E20727374202D20526573658B
:10D08000740A00003E20737973202D205072696E5F
:10D0900074205468726561642053746174757320E0
:10D0A0004C6973740A0000003E204C4544202D203A
:10D0B0005072696E7473204C4544205374617475CA
:10D0C000730A00003E20777274202D205772697415
:10D0D0006520636F6E66696720746F20666C61738C
:10D0E0006820616E642053440A0000003E2073658E
:10D0F0007420782079202D20736574206865616420
:10D10000207820746F206F6E2C2064696D2C206F46
:10D1100066662C20677265656E2C20616D62657293
:10D120002C207265642C206F72206C756E61720AFF
:10D13000000000003E206E6F646573202D20507249
:10D14000696E7420616C6C206E6F64657320686515
:10D1500061726420696E20746865206C617374204C
:10D1600039306D696E0A00003E2075706461746527
:10D17000202D205265626F6F747320746865205093
:10D1800069636F5369676E616C20696E746F207597
:10D190007064617465206D6F64650A003E20766579
:10D1A00072202D207072696E74732074686520730C
:10D1B0006F6674776172652076657273696F6E0A47
:10D1C000000000000A3E2041646A7573746D656E4C
:10D1D00074730A003E204731202D20473132202D24
:10D1E0002047656E6572616C2053657474696E6763
:10D1F000730A00003E2048313031202D2048313361
:10D2000033202D2048656164203120536574746992
:10D210006E67730A000000003E2048323031202D36
:10D220002048323333202D2048656164203220535A
:10D23000657474696E67730A000000003E2048330D
:10D240003031202D2048333333202D204865616450
:10D2500020332053657474696E67730A0000000000
:10D260003E2048343031202D2048343333202D20C7
:10D270004865616420342053657474696E67730A6D
:10D28000000000003E20493131202D20493134205A
:10D290002D20496E70757420312053657474696E49
:10D2A00067730A003E20493231202D204932342054
:10D2B0002D20496E70757420322053657474696E28
:10D2C00067730A003E20493331202D204933342032
:10D2D0002D20496E70757420332053657474696E07
:10D2E00067730A003E20493431202D204934342010
:10D2F0002D20496E70757420342053657474696EE6
:10D3000067730A003E20493531202D2049353420ED
:10D310002D20496E70757420352053657474696EC4
:10D3200067730A003E20493631202D2049363420CB
:10D330002D20496E70757420362053657474696EA3
:10D3400067730A003E20493731202D2049373420A9
:10D350002D20496E70757420372053657474696E82
:10D3600067730A003E20493831202D204938342087
:10D370002D20496E70757420382053657474696E61
:10D3800067730A0025730000202000004D656E754C
:10D39000205461736B0000005C7530303030000049
:10D3A00076616C756520213D205F5F6E756C6C0049
:10D3B000766F69642041726475696E6F4A736F6E2F
:10D3C0003A3A56373432484232323A3A64657461F6
:10D3D000696C3A3A54657874466F726D617474651D
:10D3E000723C545772697465723E3A3A7772697446
:10D3F00065537472696E6728636F6E737420636817
:10D4000061722A2C2073697A655F7429205B7769C1
:10D4100074682054577269746572203D20417264AB
:10D4200075696E6F4A736F6E3A3A563734324842B6
:10D4300032323A3A64657461696C3A3A5374617491
:10D440006963537472696E675772697465723B20C1
:10D4500073697A655F74203D20756E7369676E65C8
:10D460006420696E745D00002F55736572732F74AC
:10D470006C6561766974742F7069636F2F70726F59
:10D480006A656374732F7069636F5369676E616C4B
:10D49000732F41726475696E6F4A736F6E2F73726A
:10D4A000632F41726475696E6F4A736F6E2F4A7392
:10D4B0006F6E2F54657874466F726D617474657207
:10D4C0002E6870700000000041726475696E6F4ACA
:10D4D000736F6E3A3A56373432484232323A3A64CF
:10D4E000657461696C3A3A656E61626C655F696624
:10D4F0005F743C2828626F6F6C2941726475696E95
:10D500006F4A736F6E3A3A56373432484232323A83
:10D510003A64657461696C3A3A69735F756E7369F0
:10D52000676E65643C543E3A3A76616C7565292CA9
:10D5300020626F6F6C3E2041726475696E6F4A7332
:10D540006F6E3A3A56373432484232323A3A64656C
:10D550007461696C3A3A56617269616E74446174BF
:10D56000613A3A736574496E746567657228542C24
:10D570002041726475696E6F4A736F6E3A3A56371E
:10D580003432484232323A3A64657461696C3A3AEC
:10D590005265736F757263654D616E616765722A5E
:10D5A00029205B776974682054203D206C6F6E677A
:10D5B00020756E7369676E656420696E743B2041E7
:10D5C000726475696E6F4A736F6E3A3A56373432C9
:10D5D000484232323A3A64657461696C3A3A656E2F
:10D5E00061626C655F69665F743C2828626F6F6C6E
:10D5F0002941726475696E6F4A736F6E3A3A563795
:10D600003432484232323A3A64657461696C3A3A6B
:10D6100069735F756E7369676E65643C543E3A3A30
:10D6200076616C7565292C20626F6F6C3E203D2001
:10D63000626F6F6C5D00000041726475696E6F4AC5
:10D64000736F6E3A3A56373432484232323A3A645D
:10D65000657461696C3A3A656E61626C655F6966B2
:10D660005F743C2828626F6F6C2941726475696E23
:10D670006F4A736F6E3A3A56373432484232323A12
:10D680003A64657461696C3A3A69735F7369676E8D
:10D6900065643C543E3A3A76616C7565292C20628B
:10D6A0006F6F6C3E2041726475696E6F4A736F6E66
:10D6B0003A3A56373432484232323A3A6465746103
:10D6C000696C3A3A56617269616E74446174613A88
:10D6D0003A736574496E746567657228542C2041ED
:10D6E000726475696E6F4A736F6E3A3A56373432A8
:10D6F000484232323A3A64657461696C3A3A52652A
:10D70000736F757263654D616E616765722A29205A
:10D710005B776974682054203D20696E743B20411A
:10D72000726475696E6F4A736F6E3A3A5637343267
:10D73000484232323A3A64657461696C3A3A656ECD
:10D7400061626C655F69665F743C2828626F6F6C0C
:10D750002941726475696E6F4A736F6E3A3A563733
:10D760003432484232323A3A64657461696C3A3A0A
:10D7700069735F7369676E65643C543E3A3A7661DB
:10D780006C7565292C20626F6F6C3E203D20626FA6
:10D790006F6C5D00542041726475696E6F4A736FDF
:10D7A0006E3A3A56373432484232323A3A64657405
:10D7B00061696C3A3A56617269616E744461746170
:10D7C0003A3A6173496E74656772616C28636F6E73
:10D7D00073742041726475696E6F4A736F6E3A3A62
:10D7E00056373432484232323A3A64657461696C71
:10D7F0003A3A5265736F757263654D616E61676524
:10D80000722A2920636F6E7374205B7769746820B5
:10D8100054203D206C6F6E6720756E7369676E656E
:10D820006420696E745D0000542041726475696EF5
:10D830006F4A736F6E3A3A56373432484232323A50
:10D840003A64657461696C3A3A56617269616E74E2
:10D85000446174613A3A6173466C6F617428636F16
:10D860006E73742041726475696E6F4A736F6E3A9D
:10D870003A56373432484232323A3A646574616912
:10D880006C3A3A5265736F757263654D616E61678C
:10D8900065722A2920636F6E7374205B77697468E0
:10D8A0002054203D20666C6F61745D0062617400DD
:10D8B0003E204261747465727920566F6C746167A2
:10D8C000653A2043757272656E743A2025322E32A5
:10D8D00066562032346872204156473A25322E323D
:10D8E00066560A0065727200636C72003E204572D3
:10D8F000726F727320436C65617265640A00000088
:10D900003E204572726F7220436F64653A20256431
:10D91000202D2025730A00003E20486561642025E3
:10D92000643A2025630A00003E20496E7075742019
:10D9300025643A2025733A25732025730A000000D8
:10D9400072737369000000003E20526164696F20A9
:10D95000525353493A2025640A000000737973003A
:10D9600025730A006361700072656C0077616B65F6
:10D9700000000000457261736520436F6E66696741
:10D980000A000000525354004C4544004C454420CA
:10D990002025643A20486561643A2025642000000F
:10D9A0004C45442025643A20486561643A2025644A
:10D9B000200000004E6F742055736564202D2000F8
:10D9C000477265656E202020202D2000416D626524
:10D9D00072202020202D200052656420202020204D
:10D9E000202D2000426C756520202020202D200055
:10D9F0004C756E6172202020202D200053686F72BC
:10DA00007465640A000000004F70656E0A00000033
:10DA10004F4B0A00777274003E20436F6E66696751
:10DA2000207772697474656E20746F20666C617300
:10DA3000680A00003E20436F6E666967207772694E
:10DA40007474656E20746F2053440A003E20436F47
:10DA50006E66696720777269746520746F2053441D
:10DA6000206661696C65640A00000000534554003B
:10DA7000536574204865616420256420000000001F
:10DA80004F4E00004F4E0A0044494D0044494D0A94
:10DA9000000000004F4646004F46460A00000000C6
:10DAA000475245454E000000475245454E0A00008A
:10DAB000414D424552000000414D4245520A00008E
:10DAC000524544005245440A000000004C554E4166
:10DAD000520000004C554E41520A00004E4F444542
:10DAE000530000003E204E6F6465732068656172CC
:10DAF0006420696E20746865206C6173742039300D
:10DB0000206D696E757465733A0A000025642C20D7
:10DB10000000000055504441544500003E2053741D
:10DB2000617274696E67204669726D7761726520F3
:10DB30005570646174652E2E2E0A00005645520001
:10DB40003E205625645225640A0000002C0D0A0070
:10DB50005B0D0A007B0D0A003A2000007D000000EA
:10DB60007B7D0000766F69642041726475696E6F19
:10DB70004A736F6E3A3A56373432484232323A3A42
:10DB800064657461696C3A3A56617269616E744495
:10DB90006174613A3A736574526177537472696E55
:10DBA000672841726475696E6F4A736F6E3A3A56B0
:10DBB000373432484232323A3A53657269616C699D
:10DBC0007A656456616C75653C543E2C20417264E4
:10DBD00075696E6F4A736F6E3A3A563734324842FF
:10DBE00032323A3A64657461696C3A3A5265736FDD
:10DBF000757263654D616E616765722A29205B7776
:10DC00006974682054203D20636F6E7374206368CC
:10DC100061722A5D0000000047313D20416464725A
:10DC20006573732025640A0047323D205265747283
:10DC30006965732025640A0047333D20526574727C
:10DC4000792054696D652025646D730A0000000019
:10DC500047343D2044696D2054696D652025646D0D
:10DC6000696E0A0047353D20536C65657020546924
:10DC70006D652025646D696E0A00000047363D2001
:10DC80004C6F7720426174746572792025322E3191
:10DC900066560A0047373D204C6F77204261747406
:10DCA0006572792052657365742025322E3166566F
:10DCB0000A00000047383D20426174746572792083
:10DCC00053687574646F776E2025322E3166560A5C
:10DCD0000000000063746350726573656E74000029
:10DCE00047393D204354432050726573656E74205C
:10DCF00025640A004731303D204C4544204D6F6E6D
:10DD000069746F72696E67204D6F64652025640ABF
:10DD100000000000435443004F5645524C41590007
:10DD20004731313D204D6F64652025730A000000A6
:10DD30004731323D204177616B652050696E202567
:10DD4000640A0000496E76616C69642041646A75FA
:10DD500073746D656E740A004457415246000000AA
:10DD6000554E5553454400004825643D20486561A3
:10DD7000642025642025730A000000004825643DC6
:10DD800020486561642025642044657374696E6170
:10DD900074696F6E5B25645D2025640A00000000D5
:10DDA0004825643D20486561642025642044696DF0
:10DDB000204272696768746E6573732025640A0077
:10DDC0004825643D20486561642025642052656CC7
:10DDD000656173652054696D652025646D696E0AFF
:10DDE00000000000524742004825643D204865611C
:10DDF00064202564205247420A0000004825643D03
:10DE00002048656164202564204741520A000000D3
:10DE10004825643D2048656164202564205265647E
:10DE20002050696E2025640A000000004825643DEA
:10DE30002048656164202564205265642043757222
:10DE400072656E742025646D410A000048256420C7
:10DE5000556E617661696C61626C650A0000000054
:10DE60004825643D2048656164202564205265642E
:10DE7000204272696768746E6573732025640A00B6
:10DE80004825643D204865616420256420426C7506
:10DE9000652050696E2025640A0000004825643D15
:10DEA000204865616420256420416D6265722050C0
:10DEB000696E2025640A00004825643D204865619C
:10DEC0006420256420426C75652043757272656E0E
:10DED000742025646D410A004825643D2048656131
:10DEE0006420256420416D626572204375727265FD
:10DEF0006E742025646D410A000000004825643DD1
:10DF0000204865616420256420416D62657220426D
:10DF100072696768746E6573732025640A00000077
:10DF20004825643D2048656164202564204772656A
:10DF3000656E2050696E2025640A00004825643D06
:10DF4000204865616420256420477265656E204322
:10DF5000757272656E742025646D410A00000000C0
:10DF60004825643D2048656164202564204772652A
:10DF7000656E204272696768746E657373202564EC
:10DF80000A0000004825643D20486561642025643E
:10DF9000205265642052656C656173652044656C30
:10DFA00061792025647365630A0000004825643D9B
:10DFB0002048656164202564205265642052202534
:10DFC000640A00004825643D20486561642025649A
:10DFD0002052656420472025640A00004825643DDE
:10DFE0002048656164202564205265642042202514
:10DFF000640A00004825643D20486561642025646A
:10E0000020416D62657220522025640A00000000E4
:10E010004825643D204865616420256420416D6287
:10E02000657220472025640A000000004825643DF1
:10E03000204865616420256420416D62657220423C
:10E040002025640A000000004825643D20486561E1
:10E050006420256420477265656E20522025640A7D
:10E06000000000004825643D204865616420256467
:10E0700020477265656E20472025640A0000000075
:10E080004825643D20486561642025642047726509
:10E09000656E20422025640A000000004825643D8A
:10E0A0002048656164202564204C756E61722052A1
:10E0B0002025640A000000004825643D2048656171
:10E0C00064202564204C756E617220472025640A07
:10E0D000000000004825643D2048656164202564F7
:10E0E000204C756E617220422025640A00000000F9
:10E0F0004825643D2048656164202564204477619B
:10E100007266204C6F63616C2048656164202564F1
:10E110000A000000756E7573656400004925643D52
:10E1200020496E7075742025642025730A00000054
:10E130004925643D20496E7075742025642048652A
:10E14000616420313D2025640A00000049256420D7
:10E15000556E617661696C61626C650A0000000051
:10E1600068656164300000004925643D20496E7097
:10E17000757420256420486561643D2025640A008B
:10E180004925643D20496E707574202564204865DA
:10E19000616420323D2025640A0000004925643D69
:10E1A00020496E707574202564205475726E6F75E9
:10E1B000743D2025640A0000446573743A20256488
:10E1C00020434D443A2025640A0000007265736FB5
:10E1D000757263657320213D206E756C6C7074726E
:10E1E00000000000626F6F6C2041726475696E6F91
:10E1F0004A736F6E3A3A56373432484232323A3ABC
:10E2000064657461696C3A3A41727261794461740F
:10E21000613A3A61646456616C756528636F6E7328
:10E22000742054262C2041726475696E6F4A736F96
:10E230006E3A3A56373432484232323A3A6465746A
:10E2400061696C3A3A5265736F757263654D616EC0
:10E25000616765722A29205B776974682054203DC4
:10E260002041726475696E6F4A736F6E3A3A563721
:10E270003432484232323A3A4A736F6E56617269AA
:10E28000616E74436F6E73745D0000002F5573658B
:10E2900072732F746C6561766974742F7069636F23
:10E2A0002F70726F6A656374732F7069636F53693F
:10E2B000676E616C732F41726475696E6F4A736F1C
:10E2C0006E2F7372632F41726475696E6F4A736F3C
:10E2D0006E2F41727261792F4172726179496D704E
:10E2E0006C2E687070000000556E75736564202098
:10E2F000000000005475726E6F7574204361707475
:10E30000757265200000000052656C6561736520C0
:10E31000000000005475726E6F75742000000000DC
:10E320004F76726C61792047000000004F76726C66
:10E3300061792041000000004F76726C61792052B3
:10E34000000000004E6F204572726F727300000073
:10E350004C6F772042617474657279005344204D8C
:10E360006F756E74204661696C656400436F6E66FC
:10E3700069672052656164204661696C65640000CC
:10E38000436F6E6669672042616400005472616E7B
:10E39000736D697373696F6E204661696C0000006C
:10E3A0005761746368646F67204F63637572656457
:10E3B00000000000706172746E6572006F766572A5
:10E3C0006C61795461736B004F7665726C61792072
:10E3D00048656164202564205461736B20496E692F
:10E3E0007469616C697A65640A00000052464D39AF
:10E3F00035204341442054696D656F7574207469FC
:10E400006D653A20256C6C640A00000052464D3957
:10E4100035204552524F52204652455155454E43A4
:10E4200059204D49534D4154434821206D7362207A
:10E4300030782578206373622030782578206C73DB
:10E440006220307825780A0052464D3935204572D1
:10E45000726F72212030783031203D20307825785D
:10E460000A00000052464D393520307830313A20CC
:10E47000307825780A0000004D6F6465204661758C
:10E480006C742020204D6F6465203D2025640A00B7
:10E49000434144204661756C7400000049443A20B1
:10E4A0003078253038580A0021287261775F697208
:10E4B000715F6D61736B5B6765745F636F72655FDE
:10E4C0006E756D28295D2026206770696F5F6D610C
:10E4D000736B29002F55736572732F746C656176A9
:10E4E0006974742F2E7069636F2D73646B2F73645E
:10E4F0006B2F322E312E312F7372632F7270325F79
:10E50000636F6D6D6F6E2F68617264776172655FA6
:10E510006770696F2F6770696F2E630021656E6188
:10E52000626C6564207C7C206972715F6861735FD6
:10E5300068616E646C657228494F5F4952515F4251
:10E54000414E4B30290000006D616E756661637449
:10E5500075726572203D3D204D414E5546414354F4
:10E56000555245525F525049000000002F557365C7
:10E5700072732F746C6561766974742F2E70696381
:10E580006F2D73646B2F73646B2F322E312E312FEE
:10E590007372632F7270323034302F7069636F5F23
:10E5A000706C6174666F726D2F706C6174666F72DF
:10E5B0006D2E630070617274203D3D2050415254B5
:10E5C0005F525032000000000A2A2A2A2050414E91
:10E5D0004943202A2A2A0A006E6F742073757070CE
:10E5E0006F727465640000004E6F207370696E6C0A
:10E5F0006F636B732061726520617661696C616223
:10E600006C65000030783163203D3D20282A696E1A
:10E610007374293E3E313175000000002F5573653B
:10E6200072732F746C6561766974742F2E706963D0
:10E630006F2D73646B2F73646B2F322E312E312F3D
:10E640007372632F7270325F636F6D6D6F6E2F68C0
:10E65000617264776172655F6972712F6972712E80
:10E660006300000064656C7461203E3D202D3230F3
:10E6700034382026262064656C7461203C3D2032AD
:10E6800030343620262620212864656C74612026CB
:10E6900020312900212864656C7461203E3E2031C0
:10E6A0003175290063757272656E74203D3D205F7F
:10E6B0005F756E68616E646C65645F757365725FCB
:10E6C000697271207C7C2063757272656E74203D66
:10E6D0003D2068616E646C65720000006972715F54
:10E6E00068616E646C65725F636861696E5F6672B3
:10E6F00065655F736C6F745F68656164203E3D2083
:10E7000030000000767461626C655F68616E646CF5
:10E710006572203D3D205F5F756E68616E646C655B
:10E72000645F757365725F69727100002128282823
:10E730002875696E747074725F742972656D6F7676
:10E74000655F7468756D625F626974287674616272
:10E750006C655F68616E646C65722929202D2028C4
:10E760002875696E747074725F74296972715F685C
:10E77000616E646C65725F636861696E5F736C6F14
:10E780007473292920252073697A656F662873744C
:10E7900072756374206972715F68616E646C657212
:10E7A0005F636861696E5F736C6F74292900000094
:10E7B00021657863657074696F6E207C7C20657854
:10E7C00063657074696F6E203D3D206E756D202B02
:10E7D00020565441424C455F46495253545F49527A
:10E7E0005100000069735F7368617265645F6972EC
:10E7F000715F7261775F68616E646C657228736CBB
:10E800006F745F68616E646C65722900657863651A
:10E810007074696F6E000000666F756E64000000B2
:10E820004E6F207573657220495251732061726575
:10E8300020617661696C61626C6500007065726D63
:10E84000697473203E3D2030202626207065726D4D
:10E85000697473203C3D2073656D2D3E6D61785F5A
:10E860007065726D697473002F55736572732F74C0
:10E870006C6561766974742F2E7069636F2D736493
:10E880006B2F73646B2F322E312E312F7372632FE7
:10E89000636F6D6D6F6E2F7069636F5F73796E63F9
:10E8A0002F73656D2E63000031203D3D2028756972
:10E8B0006E747074725F74296C2D3E7370696E5F34
:10E8C0006C6F636B000000002F55736572732F74BB
:10E8D0006C6561766974742F2E7069636F2D736433
:10E8E0006B2F73646B2F322E312E312F7372632F87
:10E8F000636F6D6D6F6E2F7069636F5F73796E6399
:10E900002F6D757465782E6300000000746F74615C
:10E910006C0000006D74782D3E636F72652E73700D
:10E92000696E5F6C6F636B006C6F636B5F69735FC5
:10E930006F776E65725F69645F76616C6964286D7C
:10E9400074782D3E6F776E65722900006D74782D96
:10E950003E656E7465725F636F756E7400000000D3
:10E96000706F6F6C2D3E74696D65725F616C617262
:10E970006D5F6E756D203D3D2074696D65725F61E0
:10E980006C61726D5F6E756D000000002F557365D0
:10E9900072732F746C6561766974742F2E7069635D
:10E9A0006F2D73646B2F73646B2F322E312E312FCA
:10E9B0007372632F636F6D6D6F6E2F7069636F5F1E
:10E9C00074696D652F74696D652E63006465666199
:10E9D000756C745F616C61726D5F706F6F6C5F6995
:10E9E0006E697469616C697A6564282900000000A9
:10E9F000417474656D7074656420746F20736C6508
:10EA0000657020696E73696465206F6620616E2091
:10EA1000657863657074696F6E2068616E646C659B
:10EA2000723B2075736520627573795F77616974D5
:10EA300020696620796F75206D7573740000000081
:10EA4000486172647761726520616C61726D202526
:10EA50006420616C726561647920636C61696D65C5
:10EA60006400000076636F5F66726571203E3D2032
:10EA70005049434F5F504C4C5F56434F5F4D494E9A
:10EA80005F465245515F485A2026262076636F5FC5
:10EA900066726571203C3D205049434F5F504C4C9D
:10EAA0005F56434F5F4D41585F465245515F485A4C
:10EAB000000000002F55736572732F746C656176CA
:10EAC0006974742F2E7069636F2D73646B2F736478
:10EAD0006B2F322E312E312F7372632F7270325F93
:10EAE000636F6D6D6F6E2F68617264776172655FC1
:10EAF000706C6C2F706C6C2E630000006662646931
:10EB000076203E3D203136202626206662646976D6
:10EB1000203C3D203332300028706F73745F64698D
:10EB20007631203E3D203120262620706F73745FA1
:10EB300064697631203C3D20372920262620287024
:10EB40006F73745F64697632203E3D203120262643
:10EB500020706F73745F64697632203C3D203729E2
:10EB6000000000007265665F66726571203C3D20A2
:10EB70002876636F5F66726571202F203136290019
:10EB80002F55736572732F746C6561766974742F79
:10EB90002E7069636F2D73646B2F73646B2F322E2D
:10EBA000312E312F7372632F7270325F636F6D6D10
:10EBB0006F6E2F7069636F5F666C6173682F666C30
:10EBC0006173682E630000002A282875696E743806
:10EBD0005F74202A29282828766F6964202A2972E0
:10EBE0006F6D5F7461626C655F666C6F6174292D17
:10EBF000322929202A2034203E3D2053465F5441AB
:10EC0000424C455F56325F53495A45002F55736554
:10EC100072732F746C6561766974742F2E706963DA
:10EC20006F2D73646B2F73646B2F322E312E312F47
:10EC30007372632F7270325F636F6D6D6F6E2F70C2
:10EC400069636F5F646F75626C652F646F75626C6A
:10EC5000655F696E69745F726F6D5F7270323034B8
:10EC6000302E63002A282875696E74385F74202A54
:10EC700029726F6D5F7461626C652D3229202A20C4
:10EC800034203E3D2053465F5441424C455F56324E
:10EC90005F53495A450000002F55736572732F74F6
:10ECA0006C6561766974742F2E7069636F2D73645F
:10ECB0006B2F73646B2F322E312E312F7372632FB3
:10ECC0007270325F636F6D6D6F6E2F7069636F5F0F
:10ECD000666C6F61742F666C6F61745F696E6974C6
:10ECE0005F726F6D5F7270323034302E63000000DF
:10ECF0004F7574206F66206D656D6F72790000002E
:10ED00004465627567000000626F6F74325F77322E
:10ED10003571303830000000322E312E31000000C5
:10ED20007069636F000000007069636F5369676EFC
:10ED3000616C73004D617220323320323032360004
:10ED4000666E692B00000000666E69006E616E00E1
:10ED5000666E692D000000002C2066756E63746974
:10ED60006F6E3A2000000000617373657274696F02
:10ED70006E2022257322206661696C65643A2066E4
:10ED8000696C6520222573222C206C696E65202514
:10ED900064257325730A0000726300002F557365A4
:10EDA00072732F746C6561766974742F2E70696349
:10EDB0006F2D73646B2F73646B2F322E312E312FB6
:10EDC0007372632F7270325F636F6D6D6F6E2F7031
:10EDD00069636F5F737464696F2F737464696F2EF6
:10EDE000630000005541525420737464696E000042
:10EDF00055415254207374646F75740055415254D8
:10EE000020737464696E202F207374646F757400AE
:10EE10002F55736572732F746C6561766974742FE6
:10EE20002E7069636F2D73646B2F73646B2F322E9A
:10EE3000312E312F7372632F7270325F636F6D6D7D
:10EE40006F6E2F7069636F5F737464696F5F757342
:10EE5000622F737464696F5F7573622E63000000C4
:10EE600055534220737464696E202F207374646F4D
:10EE70007574000052617370626572727920506916
:10EE8000000000005069636F00000000426F617273
:10EE90006420434443000000526573657400000021
:10EEA0006C656E203E2030002F55736572732F7491
:10EEB0006C6561766974742F2E7069636F2D73644D
:10EEC0006B2F73646B2F322E312E312F7372632FA1
:10EED0007270325F636F6D6D6F6E2F7069636F5FFD
:10EEE000756E697175655F69642F756E6971756599
:10EEF0005F69642E63000000666C6173685F6F6613
:10EF00006673202B20636F756E74203C3D20504942
:10EF1000434F5F464C4153485F53495A455F4259FE
:10EF2000544553002F55736572732F746C65617669
:10EF30006974742F2E7069636F2D73646B2F736403
:10EF40006B2F322E312E312F7372632F7270325F1E
:10EF5000636F6D6D6F6E2F68617264776172655F4C
:10EF6000666C6173682F666C6173682E63000000C5
:10EF7000636F6E6E6563745F696E7465726E616CEB
:10EF80005F666C6173685F66756E63202626206617
:10EF90006C6173685F657869745F7869705F6675C6
:10EFA0006E6320262620666C6173685F72616E67EF
:10EFB000655F65726173655F66756E6320262620E6
:10EFC000666C6173685F666C7573685F63616368C4
:10EFD000655F66756E630000636F6E6E6563745F78
:10EFE000696E7465726E616C5F666C6173685F6692
:10EFF000756E6320262620666C6173685F6578698C
:10F00000745F7869705F66756E6320262620666C73
:10F010006173685F72616E67655F70726F6772615E
:10F020006D5F66756E6320262620666C6173685F6F
:10F03000666C7573685F63616368655F66756E6350
:10F0400000000000636F6E6E6563745F696E7465C7
:10F05000726E616C5F666C6173685F66756E63206B
:10F06000262620666C6173685F657869745F7869CD
:10F07000705F66756E6320262620666C6173685F1C
:10F08000666C7573685F63616368655F66756E6300
:10F09000000000006E6578745F6275666665725F79
:10F0A000707472203C207573625F647072616D2DA4
:10F0B0003E6570785F64617461202B2073697A65A6
:10F0C0006F66287573625F647072616D2D3E657046
:10F0D000785F6461746129002F55736572732F74B2
:10F0E0006C6561766974742F2E7069636F2D73641B
:10F0F0006B2F73646B2F322E312E312F6C69622F80
:10F1000074696E797573622F7372632F706F727486
:10F1100061626C652F726173706265727279706979
:10F120002F7270323034302F6463645F727032300B
:10F1300034302E6300000000556E68616E646C65AB
:10F14000642049525120307825780A007268706F27
:10F150007274203D3D20300021286275665F637423
:10F16000726C2026205553425F4255465F435452ED
:10F170004C5F46554C4C29002F55736572732F74A4
:10F180006C6561766974742F2E7069636F2D73647A
:10F190006B2F73646B2F322E312E312F6C69622FDF
:10F1A00074696E797573622F7372632F706F7274E6
:10F1B00061626C652F7261737062657272797069D9
:10F1C0002F7270323034302F7270323034305F75BD
:10F1D00073622E63000000006275665F6374726C78
:10F1E0002026205553425F4255465F4354524C5FA0
:10F1F00046554C4C000000006570202530325820E8
:10F2000077617320616C72656164792061766169F0
:10F210006C61626C6500000043616E277420636F4F
:10F220006E74696E75652078666572206F6E2069F0
:10F230006E616374697665206570202530325800F0
:10F240005741524E3A207374617274696E67206E32
:10F250006577207472616E73666572206F6E2061CF
:10F260006C7265616479206163746976652065708C
:10F2700020253032580D0A0025732025643A20419C
:10F280005353455254204641494C45440D0A000011
:10F290007364615F74785F686F6C645F636F756ED1
:10F2A00074203C3D206C636E74202D2032000000E1
:10F2B0002F55736572732F746C6561766974742F42
:10F2C0002E7069636F2D73646B2F73646B2F322EF6
:10F2D000312E312F7372632F7270325F636F6D6DD9
:10F2E0006F6E2F68617264776172655F6932632F38
:10F2F0006932632E6300000068616E646C65722081
:10F300003D3D2063757272656E74207C7C2065784B
:10F3100063657074696F6E5F69735F636F6D706949
:10F320006C655F74696D655F64656661756C742892
:10F3300063757272656E7429000000002F55736545
:10F3400072732F746C6561766974742F2E706963A3
:10F350006F2D73646B2F73646B2F322E312E312F10
:10F360007372632F7270325F636F6D6D6F6E2F6893
:10F37000617264776172655F657863657074696FE7
:10F380006E2F657863657074696F6E2E6300000080
:10F3900030203D3D2031303030554C002F557365C5
:10F3A00072732F746C6561766974742F7069636F02
:10F3B0002F70726F6A656374732F7069636F53691E
:10F3C000676E616C732F4672656552544F532D4BB7
:10F3D00065726E656C2F706F727461626C652F540C
:10F3E0006869726450617274792F4743432F525099
:10F3F000323034302F706F72742E63007578437220
:10F4000069746963616C4E657374696E67000000AE
:10F410002128207B2075696E7433325F7420756CEF
:10F42000495053523B205F5F61736D20766F6C6172
:10F4300074696C65202820226D72732025302C2081
:10F440004950535222203A20223D72222028207512
:10F450006C4950535220293A3A293B202820282031
:10F4600075696E74385F74202920756C4950535249
:10F470002029203E20303B207D20290070784C6FD1
:10F48000636B2D3E7370696E5F6C6F636B00000081
:10F49000784576656E7447726F7570002F55736589
:10F4A00072732F746C6561766974742F7069636F01
:10F4B0002F70726F6A656374732F7069636F53691D
:10F4C000676E616C732F4672656552544F532D4BB6
:10F4D00065726E656C2F6576656E745F67726F75A9
:10F4E00070732E63000000002820757842697473E1
:10F4F000546F57616974466F722026202820282097
:10F5000075696E7433325F742029203078666630F6
:10F5100030303030305520292029203D3D2030002A
:10F52000757842697473546F57616974466F7220BD
:10F53000213D20300000000021282028207854613F
:10F54000736B4765745363686564756C6572537457
:10F550006174652829203D3D2028202820426173C0
:10F5600065547970655F7420292030202920292076
:10F570002626202820785469636B73546F5761697D
:10F580007420213D20302029202900002820757872
:10F5900042697473546F53657420262028202820F4
:10F5A00075696E7433325F74202920307866663056
:10F5B00030303030305520292029203D3D2030008A
:10F5C00070785175657565536574436F6E746169C4
:10F5D0006E6572002F55736572732F746C6561765A
:10F5E0006974742F7069636F2F70726F6A656374CA
:10F5F000732F7069636F5369676E616C732F467206
:10F60000656552544F532D4B65726E656C2F717545
:10F610006575652E630000007078517565756553DA
:10F620006574436F6E7461696E65722D3E75784DB9
:10F630006573736167657357616974696E67203CB0
:10F640002070785175657565536574436F6E74618C
:10F65000696E65722D3E75784C656E677468000042
:10F6600028206354784C6F636B202920213D20288B
:10F67000202820696E74385F7420292031323720A9
:10F6800029000000707851756575650078526574C1
:10F6900075726E20213D2028202820282042617389
:10F6A00065547970655F7420292030202920290055
:10F6B00070784E65775175657565000021282028A2
:10F6C0002070764974656D546F5175657565203D80
:10F6D0003D202828766F6964202A29302920292096
:10F6E0002626202820707851756575652D3E757821
:10F6F0004974656D53697A6520213D202820554263
:10F70000617365547970655F742029203055202914
:10F7100020290000212820282078436F7079506F1D
:10F72000736974696F6E203D3D2028202820426156
:10F730007365547970655F7420292032202920294F
:10F74000202626202820707851756575652D3E7518
:10F75000784C656E67746820213D2031202920296E
:10F7600000000000707851756575652D3E7578490B
:10F7700074656D53697A65203D3D203000000000BE
:10F780002128202820707851756575652D3E70639D
:10F7900048656164203D3D202828766F6964202AF1
:10F7A00029302920292026262028207078517565A7
:10F7B00075652D3E752E7853656D6170686F726545
:10F7C0002E784D75746578486F6C64657220213DA4
:10F7D000202828766F6964202A29302920292029A9
:10F7E000000000002820707851756575652029009B
:10F7F00021282028202820707642756666657220B0
:10F8000029203D3D202828766F6964202A29302947
:10F8100020292026262028202820707851756575FB
:10F820006520292D3E75784974656D53697A652088
:10F83000213D2028205542617365547970655F74BD
:10F8400020292030552029202900000021282028A7
:10F85000207076427566666572203D3D20282876C8
:10F860006F6964202A293029202920262620282073
:10F87000707851756575652D3E75784974656D5361
:10F88000697A6520213D20282055426173655479AD
:10F8900070655F7420292030552029202900000040
:10F8A00028206352784C6F636B202920213D20284B
:10F8B000202820696E74385F742029203132372067
:10F8C00029000000785175657565000078546173F2
:10F8D0006B0000002F55736572732F746C65617631
:10F8E0006974742F7069636F2F70726F6A656374C7
:10F8F000732F7069636F5369676E616C732F467203
:10F90000656552544F532D4B65726E656C2F746153
:10F91000736B732E6300000075785072696F7269A3
:10F920007479203C2033320049444C4500000000EB
:10F9300075785363686564756C657253757370652B
:10F940006E646564203D3D203000000070785443B3
:10F950004200000075784E65775072696F72697465
:10F9600079203C2033320000785461736B546F521D
:10F970006573756D650000007852657475726E2050
:10F98000213D2028202D312029000000282028207A
:10F9900028202820707844656C617965645461730F
:10F9A0006B4C69737420292D3E75784E756D6265B8
:10F9B000724F664974656D73203D3D202820554285
:10F9C000617365547970655F742029203020292087
:10F9D0003F202820282042617365547970655F7448
:10F9E000202920312029203A202820282042617314
:10F9F00065547970655F74202920302029202920E2
:10FA00002900000075785363686564756C657253EE
:10FA1000757370656E64656420213D20305500006B
:10FA2000707850726576696F757357616B6554694C
:10FA30006D65000028207854696D65496E637265B4
:10FA40006D656E74203E2030552029007578536313
:10FA5000686564756C657253757370656E64656412
:10FA6000203D3D20315500007578546F705072690B
:10FA70006F7269747900000070784576656E744C19
:10FA80006973740075785363686564756C65725347
:10FA9000757370656E64656420213D202820554291
:10FAA000617365547970655F7420292030550000BA
:10FAB0007078556E626C6F636B65645443420000EE
:10FAC000707854696D654F757400000070785469E2
:10FAD000636B73546F57616974000000707854430E
:10FAE00042203D3D20707843757272656E745443B8
:10FAF0004200000070785443422D3E75784D757475
:10FB00006578657348656C64000000007078544344
:10FB10004220213D20707843757272656E745443A3
:10FB20004200000009256309257509257509257519
:10FB30000D0A00007578496E646578546F576169E5
:10FB4000744F6E203C2031007578496E646578549E
:10FB50006F4E6F74696679203C2031007854617370
:10FB60006B546F4E6F746966790000007854696356
:10FB70006B436F756E74203D3D2028205469636B84
:10FB8000547970655F7420292030000028202820D7
:10FB900026282070785443422D3E784576656E7451
:10FBA0004C6973744974656D202920292D3E707845
:10FBB000436F6E7461696E65722029203D3D202877
:10FBC00028766F6964202A2930290000282070785F
:10FBD00054696D65722D3E7854696D657250657219
:10FBE000696F64496E5469636B73203E203020292D
:10FBF000000000002F55736572732F746C65617679
:10FC00006974742F7069636F2F70726F6A656374A3
:10FC1000732F7069636F5369676E616C732F4672DF
:10FC2000656552544F532D4B65726E656C2F746928
:10FC30006D6572732E630000546D725100000000F8
:10FC4000546D7220537663007852657475726E003D
:10FC5000216C6F636B6F75745F696E5F70726F6735
:10FC600072657373000000002F55736572732F74F3
:10FC70006C6561766974742F2E7069636F2D73647F
:10FC80006B2F73646B2F322E312E312F7372632FD3
:10FC90007270325F636F6D6D6F6E2F7069636F5F2F
:10FCA0006D756C7469636F72652F6D756C746963C3
:10FCB0006F72652E630000006D757465785F6973FF
:10FCC0005F696E697469616C697A656428266C6F16
:10FCD000636B6F75745F6D75746578290000000043
:10FCE0006C6F636B6F75745F696E5F70726F677254
:10FCF000657373002820282075696E74385F74203E
:10FD00002A202920282070784974657261746F72E6
:10FD10002029203E3D202628207563486561705BC0
:10FD20002030205D20292029202626202820282058
:10FD300075696E74385F74202A2029202820707815
:10FD40004974657261746F722029203C3D20262819
:10FD5000207563486561705B20283135302A313069
:10FD6000323429202D2031205D2029202900000057
:10FD70002F55736572732F746C6561766974742F77
:10FD80007069636F2F70726F6A656374732F706927
:10FD9000636F5369676E616C732F46726565525469
:10FDA0004F532D4B65726E656C2F706F727461626C
:10FDB0006C652F4D656D4D616E672F686561705F75
:10FDC000342E63002820282075696E74385F7420F3
:10FDD0002A20292028207078426C6F636B2029200C
:10FDE0003E3D202628207563486561705B203020E9
:10FDF0005D20292029202626202820282075696EAC
:10FE000074385F74202A20292028207078426C6F73
:10FE1000636B2029203C3D202628207563486561BE
:10FE2000705B20283135302A3130323429202D20A2
:10FE300031205D20292029002820282075696E7432
:10FE4000385F74202A202920282070765265747526
:10FE5000726E2029203E3D2026282075634865616A
:10FE6000705B2030205D2029202920262620282094
:10FE7000282075696E74385F74202A202920282074
:10FE8000707652657475726E2029203C3D202628BC
:10FE9000207563486561705B20283135302A313028
:10FEA000323429202D2031205D2029202900000016
:10FEB000282028207078426C6F636B2D3E78426C4E
:10FEC0006F636B53697A652029203C20282078577E
:10FED000616E74656453697A6520292029203D3D4F
:10FEE0002030000028202820282073697A655F745C
:10FEF00020292070784E6577426C6F636B4C696E79
:10FF00006B202920262028203078303030372029D7
:10FF10002029203D3D2030002820282028207369FA
:10FF20007A655F74202920707652657475726E2030
:10FF300029202620282073697A655F7420292028CB
:10FF40002030783030303720292029203D3D2030A6
:10FF5000000000002820282075696E74385F742026
:10FF60002A202920282070784C696E6B2029203E99
:10FF70003D202628207563486561705B2030205D38
:10FF800020292029202626202820282075696E7403
:10FF9000385F74202A202920282070784C696E6BE5
:10FFA0002029203C3D202628207563486561705B30
:10FFB00020283135302A3130323429202D2031208B
:10FFC0005D20292029000000282028202820707882
:10FFD0004C696E6B2D3E78426C6F636B53697A652A
:10FFE000202920262028202820282073697A655F70
:10FFF00074202920312029203C3C202820282073EF
:020000041003E7
:10000000697A656F66282073697A655F7420292094
:100010002A202820282073697A655F7420292038D7
:1000200020292029202D2031202920292029202184
:100030003D2030202920213D2030000070784C697F
:100040006E6B2D3E70784E65787446726565426CB5
:100050006F636B203D3D202828766F6964202A2934
:1000600030290000EB76904558464154202020006E
:100070004641543332202020000000002A3A3C3E02
:100080007C223F7F000000002B2C3B3D5B5D00008D
:1000900073756363657373002F55736572732F7483
:1000A0006C6561766974742F7069636F2F70726FFD
:1000B0006A656374732F7069636F5369676E616CEF
:1000C000732F46617446735F5350492F73645F64A6
:1000D00072697665722F73645F7370692E630000B6
:1000E000636861696E5F746F203C3D204E554D5FC3
:1000F000444D415F4348414E4E454C530000000083
:100100002F55736572732F746C6561766974742FE3
:100110002E7069636F2D73646B2F73646B2F322E97
:10012000312E312F7372632F7270325F636F6D6D7A
:100130006F6E2F68617264776172655F646D612FA5
:10014000696E636C7564652F68617264776172654E
:100150002F646D612E68000064726571203C3D2043
:10016000445245515F464F524345000021646D6142
:100170005F6368616E6E656C5F69735F62757379EA
:10018000287370695F702D3E72785F646D6129001D
:100190002F55736572732F746C6561766974742F53
:1001A0007069636F2F70726F6A656374732F706903
:1001B000636F5369676E616C732F46617446735F3A
:1001C0005350492F73645F6472697665722F737040
:1001D000692E63002173656D5F617661696C616290
:1001E0006C6528267370695F702D3E73656D2900FC
:1001F0006F6B00007478207C7C2072780000000017
:1002000021646D615F6368616E6E656C5F676574C4
:100210005F697271305F737461747573287370698C
:100220005F702D3E72785F646D61290021646D619D
:100230005F6368616E6E656C5F6765745F6972713C
:10024000315F737461747573287370695F702D3ECC
:1002500072785F646D6129004E6F746966696361CD
:1002600074696F6E20776169742074696D656420AC
:100270006F757420696E2025730A000021646D611A
:100280005F6368616E6E656C5F69735F62757379D9
:10029000287370695F702D3E74785F646D6129000A
:1002A0006D757465785F69735F696E697469616C97
:1002B000697A656428267370695F702D3E6D757468
:1002C000657829006D757465785F69735F696E691B
:1002D0007469616C697A656428267053442D3E6D9B
:1002E00075746578290000002F55736572732F743B
:1002F0006C6561766974742F7069636F2F70726FAB
:100300006A656374732F7069636F5369676E616C9C
:10031000732F46617446735F5350492F73645F6453
:1003200072697665722F73645F636172642E630015
:100330002573206661696C65640D0A0025733A2592
:10034000643A2043617264206E6F74207265616448
:1003500079207965740D0A004E6F20726573706F95
:100360006E736520434D443A25640D0A0000000079
:100370004E6F20726573706F6E736520434D443A03
:10038000256420726573706F6E73653A203078252E
:100390006C780D0A00000000435243206572726FB2
:1003A0007220434D443A256420726573706F6E73FA
:1003B00065203078256C780D0A000000496C6C656A
:1003C00067616C20636F6D6D616E6420434D443ACC
:1003D000256420726573706F6E7365203078256CAC
:1003E000780D0A0056322D56657273696F6E204380
:1003F0006172640D0A00000052332F52373A2030E8
:1004000078256C780D0A000052323A203078256C3D
:10041000780D0A0043617264206973204C6F636B2E
:100420006564202020202020202020202020202043
:1004300020202020202020202020200D0A00000045
:10044000575020457261736520536B69702C204CA6
:100450006F636B2F556E6C6F636B20436D6420462A
:1004600061696C656420200D0A0000004572726F9E
:10047000722020202020202020202020202020202A
:10048000202020202020202020202020202020206C
:100490002020200D0A0000004343204572726F7235
:1004A000202020202020202020202020202020204C
:1004B0002020202020202020202020202020200D4F
:1004C0000A0000004361726420454343204661698D
:1004D0006C65642020202020202020202020202047
:1004E00020202020202020202020200D0A00000095
:1004F00057502056696F6C6174696F6E2020202000
:1005000020202020202020202020202020202020EB
:10051000202020202020200D0A0000004572617359
:100520006520506172616D20202020202020202035
:1005300020202020202020202020202020202020BB
:100540002020200D0A0000004F7574206F66205295
:10055000616E67652C204353445F4F7665727772F6
:100560006974652020202020202020202020200DBC
:100570000A000000496E2049646C65205374617460
:100580006520202020202020202020202020202026
:1005900020202020202020202020200D0A000000E4
:1005A0004572617365205265736574202020202098
:1005B000202020202020202020202020202020203B
:1005C000202020202020200D0A000000496C6C65AE
:1005D00067616C20436F6D6D616E64202020202068
:1005E000202020202020202020202020202020200B
:1005F0002020200D0A000000436F6D20435243204D
:100600004572726F72202020202020202020202080
:100610002020202020202020202020202020200DED
:100620000A00000045726173652053657175656E3F
:100630006365204572726F722020202020202020C8
:1006400020202020202020202020200D0A00000033
:1006500041646472657373204572726F722020204A
:10066000202020202020202020202020202020208A
:10067000202020202020200D0A00000050617261FF
:100680006D65746572204572726F72202020202083
:10069000202020202020202020202020202020205A
:1006A0002020200D0A000000434D44382050617482
:1006B0007465726E206D69736D6174636820307843
:1006C000256C78203A203078256C780D0A000000DF
:1006D00073645F776169745F746F6B656E3A2074E1
:1006E000696D656F75740D0A0000000025733A2569
:1006F0006420526561642074696D656F75740D0ABC
:10070000000000005F726561645F62797465733A2E
:1007100020496E76616C69642043524320726563A0
:100720006569766564203078256878207265737510
:100730006C74206F6620636F6D7075746174696F7F
:100740006E2030782568780D0A0000004469646ED8
:10075000277420676574206120726573706F6E73F3
:10076000652066726F6D20746865206469736B0D17
:100770000A000000436F756C646E27742072656117
:10078000642063736420726573706F6E7365206696
:10079000726F6D206469736B0D0A00005374616E93
:1007A000646172642043617061636974793A2063A3
:1007B0005F73697A653A20256C750D0A00000000A8
:1007C000536563746F72733A203078256C6C7820AF
:1007D0003A20256C6C750D0A0000000043617061C1
:1007E000636974793A203078256C6C78203A20253A
:1007F0006C6C75204D420D0A0000000053444843C4
:100800002F5344584320436172643A2068635F6306
:100810005F73697A653A20256C750D0A0000000047
:10082000536563746F72733A2025386C6C750D0ACA
:100830000000000043617061636974793A202538D3
:100840006C6C75204D420D0A00000000435344209B
:1008500073747275637420756E737570706F7274D3
:1008600065640D0A00000000212243534420737484
:100870007275637420756E737570706F72746564D1
:100880005C725C6E2200000025733A20496E76612E
:100890006C696420435243207265636569766564C0
:1008A00020307825687820726573756C74206F66C7
:1008B00020636F6D7075746174696F6E2030782578
:1008C00068780D0A000000007265740053696E6755
:1008D0006C6520426C6F636B20577269746520668B
:1008E00061696C65643A2030782578200D0A000033
:1008F0004D756C7469706C6520426C6F636B20572A
:1009000072697465206661696C65643A2030782587
:10091000780D0A004E6F206469736B2C206F722073
:10092000636F756C64206E6F74207075742053440F
:10093000206361726420696E20746F2053504920D7
:1009400069646C652073746174650D0A00000000B1
:1009500054696D656F75742077616974696E67207D
:10096000666F7220636172640D0A000043617264F5
:1009700020496E697469616C697A65643A204869D6
:1009800067682043617061636974792043617264B0
:100990000D0A00004361726420496E697469616CDC
:1009A000697A65643A205374616E646172642043AD
:1009B0006170616369747920436172643A2056659D
:1009C0007273696F6E20322E780D0A004361726473
:1009D00020496E697469616C697A65643A2056656C
:1009E0007273696F6E20312E7820436172640D0A34
:1009F000000000004E6F2053442063617264206445
:100A000065746563746564210D0000004661696C5E
:100A1000656420746F20696E697469616C697A65B8
:100A200020636172640D0A00534420636172642084
:100A3000696E697469616C697A65640D0A00000009
:100A400053657420256C752D6279746520626C6F16
:100A5000636B2074696D6564206F75740D0A000006
:100A6000617373657274696F6E202225732220662C
:100A700061696C65643A2066696C65202225732281
:100A80002C206C696E652025642C2066756E63745D
:100A9000696F6E3A2025730A000000004E6F2044F3
:100AA0004D41206368616E6E656C732061726520D4
:100AB000617661696C61626C650000002E00000067
:100AC0006E660000696E697479000000616E000056
:100AD0004C435F434F4C4C41544500004C435F43F3
:100AE00054595045000000004C435F4D4F4E455453
:100AF000415259004C435F4E554D45524943000009
:100B00004C435F54494D45004C435F4D4553534161
:100B10004745530042616C6C6F6320737563636576
:100B200065646564000000002F566F6C756D657319
:100B30002F646174612F6A656E6B696E732F776FB6
:100B4000726B73706163652F474E552D746F6F6CB8
:100B5000636861696E2F61726D2D31342F7372631A
:100B60002F6E65776C69622D63796777696E2F6E7A
:100B700065776C69622F6C6962632F7374646C694A
:100B8000622F6764746F612D6765746865782E6382
:100B9000000000002F566F6C756D65732F646174D3
:100BA000612F6A656E6B696E732F776F726B7370EE
:100BB0006163652F474E552D746F6F6C6368616973
:100BC0006E2F61726D2D31342F7372632F6E6577C6
:100BD0006C69622D63796777696E2F6E65776C69D2
:100BE000622F6C6962632F7374646C69622F6D701D
:100BF0007265632E63000000F2190010F2190010F4
:100C0000BE190010F2190010C6190010DA190010F0
:100C100096190010F2190010F2190010F2190010C4
:100C20009A190010F2190010A2190010F219001000
:100C3000E0190010F2190010F2190010F21900105A
:100C4000F2190010F2190010F2190010F219001038
:100C5000F2190010F2190010F2190010F219001028
:100C6000AA190010F2190010B4190010F21900109E
:100C7000E8190010F4210010EA210010EA21001008
:100C8000EA210010EA210010EA210010EA210010F8
:100C9000EA210010EA210010EA210010EA210010E8
:100CA00038220010EA210010EA210010EA21001089
:100CB000EA210010EA210010EA210010EA210010C8
:100CC0004A220010EA210010EA210010EA21001057
:100CD000EA210010EA21001026220010EA2100106B
:100CE000EA210010EA210010EA210010EA21001098
:100CF000EA2100100822001000000000000000009F
:100D00006F0300106503001059030010CDCCCC3DDB
:100D10000AD7233C17B7D13877CC2B329595E624E8
:100D20001FB14F0A000020410000C84200401C468D
:100D300020BCBE4CCA1B0E5AAEC59D7400000000FC
:100D40009A9999999999B93F7B14AE47E17A843F72
:100D50002D431CEBE2361A3F3A8C30E28E79453E49
:100D6000BC89D897B2D29C3C33A7A8D523F6493981
:100D70003DA7F444FD0FA5329D978CCF08BA5B25A3
:100D8000436FAC642806C80A00000000000024403D
:100D90000000000000005940000000000088C3402F
:100DA0000000000084D797410080E03779C34143B9
:100DB000176E05B5B5B89346F5F93FE9034F384DC1
:100DC000321D30F94877825A3CBF737FDD4F15756D
:100DD00038320010383200100A3200103832001059
:100DE0001232001024320010DE31001038320010B0
:100DF0003832001038320010E6310010383200105E
:100E0000EE310010383200102A3200103832001053
:100E100038320010383200103832001038320010EA
:100E200038320010383200103832001038320010DA
:100E30003832001038320010F6310010383200100D
:100E4000003200103832001032320010F63B001031
:100E5000F63B0010C23B0010F63B0010CA3B0010EE
:100E6000DE3B00109A3B0010F63B0010F63B0010F2
:100E7000F63B00109E3B0010F63B0010A63B001016
:100E8000F63B0010E43B0010F63B0010F63B001070
:100E9000F63B0010F63B0010F63B0010F63B00104E
:100EA000F63B0010F63B0010F63B0010F63B00103E
:100EB000F63B0010AE3B0010F63B0010B83B0010B4
:100EC000F63B0010EC3B0010080052500A38A50415
:100ED000080052501A520A00F65400103A550010F9
:100EE000405500104655001046550010465500105C
:100EF000465500105A5500105A5500105A5500100A
:100F00005A5500106C550010EA550010005F001093
:100F10005E5E00105E5E00105E5E00105E5E0010A1
:100F20005E5E0010625E00105E5E00105E5E00108D
:100F30005E5E00105E5E00105E5E00105E5E001081
:100F40005E5E00105E5E00105E5E00105E5E001071
:100F5000EE5F00105E5E00105E5E00105E5E0010D0
:100F60005E5E00105E5E00105E5E00105E5E001051
:100F70005E5E00105E5E00105E5E00105E5E001041
:100F80005E5E00105E5E00105E5E0010005F00108E
:100F90005E5E00105E5E00105E5E00105E5E001021
:100FA0005E5E0010625E001094610010CA60001066
:100FB000CA600010CA600010CA600010CA60001049
:100FC00024610010CA600010CA600010CA600010DE
:100FD000CA600010CA600010CA600010CA60001029
:100FE000CA600010CA600010CA600010CA61001018
:100FF000CA600010CA600010CA600010CA60001009
:10100000CA600010CA600010CA600010CA600010F8
:10101000CA600010CA600010CA600010CA600010E8
:10102000CA600010CA60001094610010CA6000100D
:10103000CA600010CA600010CA600010CA600010C8
:1010400024610010187100101871001072700010E7
:10105000BA70001086700010A470001006710010A5
:10106000187100101871001018710010DE70001057
:1010700018710010CA70001018710010487000102C
:1010800018710010187100101871001018710010FC
:1010900018710010187100101871001018710010EC
:1010A000187100101871001018710010FC700010F9
:1010B00018710010F27000101871001054700010B8
:1010C000187100106870001018710010187100106D
:1010D00018710010187100101871001018710010AC
:1010E000187100101871001018710010187100109C
:1010F000187100101871001018710010187100108C
:10110000187100101871001018710010187100107B
:10111000187100101871001018710010187100106B
:10112000187100101871001018710010187100105B
:10113000187100101871001018710010187100104B
:10114000187100105E7000100EA100100EA10010AA
:10115000DAA000100EA10010E2A00010F6A000100E
:10116000B2A000100EA100100EA100100EA10010E0
:10117000B6A000100EA10010BEA000100EA100101D
:10118000FCA000100EA100100EA100100EA1001076
:101190000EA100100EA100100EA100100EA1001053
:1011A0000EA100100EA100100EA100100EA1001043
:1011B000C6A000100EA10010D0A000100EA10010BB
:1011C00004A1001098A2001098A200106AA20010BA
:1011D00098A2001072A2001084A200103EA200107B
:1011E00098A2001098A2001098A2001046A2001029
:1011F00098A200104EA2001098A200108AA200101F
:1012000098A2001098A2001098A2001098A20010B6
:1012100098A2001098A2001098A2001098A20010A6
:1012200098A2001098A2001098A2001056A20010D8
:1012300098A2001060A2001098A200108EA20010C8
:10124000B0A50010B0A50010CCA4001044A500105B
:10125000F0A4001022A50010A4A50010B0A5001055
:10126000B0A50010B0A500107AA50010B0A5001020
:101270006CA50010B0A500108EA40010B0A5001041
:10128000B0A50010B0A50010B0A50010B0A50010CA
:10129000B0A50010B0A50010B0A50010B0A50010BA
:1012A000B0A50010B0A5001096A50010B0A50010C4
:1012B00088A50010B0A50010A6A40010B0A50010CD
:1012C000C2A40010B0A50010B0A50010B0A5001079
:1012D000B0A50010B0A50010B0A50010B0A500107A
:1012E000B0A50010B0A50010B0A50010B0A500106A
:1012F000B0A50010B0A50010B0A50010B0A500105A
:10130000B0A50010B0A50010B0A50010B0A5001049
:10131000B0A50010B0A50010B0A50010B0A5001039
:10132000B0A50010B0A50010B0A50010B0A5001029
:10133000B0A50010B0A50010B0A50010B0A5001019
:10134000B8A40010C4AB001058AC001074AC00106E
:1013500090AC0010ACAC0010C8AC001088BA001003
:1013600088BA0010D6B900102ABA0010EEB90010E1
:1013700010BA001078BA001088BA001088BA0010AD
:1013800088BA001052BA001088BA001040BA001093
:1013900088BA0010A8B9001088BA001088BA0010E6
:1013A00088BA001088BA001088BA001088BA0010F5
:1013B00088BA001088BA001088BA001088BA0010E5
:1013C00088BA00106EBA001088BA001064BA001013
:1013D00088BA0010B8B9001088BA0010CCB9001053
:1013E00088BA001088BA001088BA001088BA0010B5
:1013F00088BA001088BA001088BA001088BA0010A5
:1014000088BA001088BA001088BA001088BA001094
:1014100088BA001088BA001088BA001088BA001084
:1014200088BA001088BA001088BA001088BA001074
:1014300088BA001088BA001088BA001088BA001064
:1014400088BA001088BA001088BA001088BA001054
:1014500088BA001088BA001088BA0010C2B900100B
:10146000B2BC00104AC80010301801102228011028
:101470002228011022280110222801102228011000
:1014800022280110222801102228011022280110F0
:1014900022280110222801102228011022280110E0
:1014A00022280110222801102228011022280110D0
:1014B00022280110222801102228011022280110C0
:1014C00022280110222801102228011022280110B0
:1014D00022280110222801102228011022280110A0
:1014E000B2BC00104AC80010301801101CC800100F
:1014F000C2BC001048BD00101CBE001030BF001060
:1015000004C00010D4C00010D6C100102CC30010BD
:101510002EC40010FAC40010C6C5001048C7001041
:1015200062C80010C2CB0010C2CB0010C2CB0010AA
:10153000C2CB0010C2CB0010C2CB0010F8CC001000
:1015400084CF0010C4D1001098DC0010E4DE00103D
:10155000F8E0001038E300102CE80010B0EC0010A8
:1015600054EF00101EF100104CF300108EF5001027
:101570001CF700105EF9001024FC0010CCFE0010D7
:101580001A010110D403011084060110C6080110CD
:10159000900B0110340E0110861001104013011041
:1015A000F0150110481701104817011048170110D5
:1015B000481701104817011048170110481701106B
:1015C000481701104817011048170110481701105B
:1015D000481701104817011048170110481701104B
:1015E000481701104817011048170110481701103B
:1015F000481701104817011048170110481701102B
:10160000481701104817011048170110481701101A
:10161000481701104817011048170110481701100A
:1016200048170110481701104817011048170110FA
:1016300048170110481701104817011048170110EA
:1016400048170110481701104817011048170110DA
:1016500048170110481701104817011048170110CA
:1016600048170110481701104817011048170110BA
:1016700048170110481701104817011048170110AA
:10168000481701104817011048170110481701109A
:10169000481701104817011048170110481701108A
:1016A000481701104817011048170110481701107A
:1016B00062C80010C2CB0010C2CB0010C2CB001019
:1016C000C2CB0010C2CB0010C2CB0010F8CC00106F
:1016D00084CF0010C4D1001098DC0010E4DE0010AC
:1016E000F8E0001038E300102CE80010B0EC001017
:1016F00054EF00101EF100104CF300108EF5001096
:101700001CF700105EF9001024FC0010CCFE001045
:101710001A010110D403011084060110C60801103B
:10172000900B0110340E01108610011040130110AF
:10173000F015011048170110481701104817011043
:1017400048170110481701104817011048170110D9
:1017500048170110481701104817011048170110C9
:1017600048170110481701104817011048170110B9
:1017700048170110481701104817011048170110A9
:101780004817011048170110481701104817011099
:101790004817011048170110481701104817011089
:1017A0004817011048170110481701104817011079
:1017B0004817011048170110481701104817011069
:1017C0004817011048170110481701104817011059
:1017D0004817011048170110481701104817011049
:1017E0004817011048170110481701104817011039
:1017F0004817011048170110481701104817011029
:101800004817011048170110481701104817011018
:101810004817011048170110481701104817011008
:1018200048170110481701104817011048170110F8
:1018300048170110481701104817011048170110E8
:1018400062C80010C2CB0010C2CB0010C2CB001087
:10185000C2CB0010C2CB0010C2CB0010F8CC0010DD
:1018600084CF0010C4D1001098DC0010E4DE00101A
:10187000F8E0001038E300102CE80010B0EC001085
:1018800054EF00101EF100104CF300108EF5001004
:101890001CF700105EF9001024FC0010CCFE0010B4
:1018A0001A010110D403011084060110C6080110AA
:1018B000900B0110340E011086100110401301101E
:1018C000F0150110481701104817011048170110B2
:1018D0004817011048170110481701104817011048
:1018E0004817011048170110481701104817011038
:1018F0004817011048170110481701104817011028
:101900004817011048170110481701104817011017
:101910004817011048170110481701104817011007
:1019200048170110481701104817011048170110F7
:1019300048170110481701104817011048170110E7
:1019400048170110481701104817011048170110D7
:1019500048170110481701104817011048170110C7
:1019600048170110481701104817011048170110B7
:1019700048170110481701104817011048170110A7
:101980004817011048170110481701104817011097
:101990004817011048170110481701104817011087
:1019A0004817011048170110481701104817011077
:1019B0004817011048170110481701104817011067
:1019C0004817011048170110481701104817011057
:1019D00062C80010C2CB0010C2CB0010C2CB0010F6
:1019E000C2CB0010C2CB0010C2CB0010F8CC00104C
:1019F00084CF0010C4D1001098DC0010E4DE001089
:101A0000F8E0001038E300102CE80010B0EC0010F3
:101A100054EF00101EF100104CF300108EF5001072
:101A20001CF700105EF9001024FC0010CCFE001022
:101A30001A010110D403011084060110C608011018
:101A4000900B0110340E011086100110401301108C
:101A5000F015011044180110BC1E011018240110CB
:101A60006A260110FA270110FA270110FA2701103F
:101A7000FA270110FA270110FA2701104418011063
:101A8000BC1E0110182401106A260110FA2701104B
:101A9000FA270110FA270110FA270110FA2701107E
:101AA000FA27011044180110BC1E0110182401105F
:101AB0006A260110FA270110FA270110FA270110EF
:101AC000FA270110FA270110FA2701104418011013
:101AD000BC1E0110182401106A260110FA270110FB
:101AE000FA270110FA270110FA270110FA2701102E
:101AF000FA27011044180110BC1E0110182401100F
:101B00006A260110FA270110FA270110FA2701109E
:101B1000FA270110FA270110FA27011044180110C2
:101B2000BC1E0110182401106A260110FA270110AA
:101B3000FA270110FA270110FA270110FA270110DD
:101B4000FA27011044180110BC1E011018240110BE
:101B50006A260110FA270110FA270110FA2701104E
:101B6000FA270110FA270110FA2701104418011072
:101B7000BC1E0110182401106A260110E8E20210B0
:101B8000FCE20210F4E2021008E3021014E3021077
:101B900020E302102CE3021038E3021044E30210A9
:101BA00050E302105CE302106CE3021080E30210C9
:101BB0008CE30210A0E3021068656164310068657F
:101BC0006164320068656164330068656164340093
:101BD00070696E310070696E320070696E3300702A
:101BE000696E340070696E350070696E3600706918
:101BF0006E370070696E38000000000000000000C1
:101C0000B5320110B9320110BD32011000000000E0
:101C10000000000029330110BF320110CD33011044
:101C200000C0F3450080224600C073460080A246F3
:101C30000024F44600E42247002474470024F447BB
:101C4000002474480024F448000000000000000054
:101C5000FD4B0110014C0110054C0110094C011005
:101C60000D4C01100F4C011000000000000000009E
:101C7000CB4E011075500110114C0110554C011044
:101C8000154C0110354C0110000000000000000050
:101C9000555101100953011011510110BD5201108D
:101CA0001551011035510110000000000000000026
:101CB000095701109D560110B15701106770696FE7
:101CC0005F7365745F6972715F656E61626C656494
:101CD000000000007270323034305F636869705FFA
:101CE00076657273696F6E006972715F6164645FBB
:101CF0007461696C5F746F5F667265655F6C697350
:101D000074000000696E736572745F626C5F3332D9
:101D1000000000006972715F72656D6F76655F68C3
:101D2000616E646C657200006D616B655F6A5F3146
:101D3000360000007265736F6C76655F6A5F3136DE
:101D4000000000006972715F6164645F73686172B2
:101D500065645F68616E646C657200006972715FD2
:101D60007365745F6578636C75736976655F6861C8
:101D70006E646C657200000073656D5F72657365FB
:101D8000740000006D757465785F65786974000093
:101D90006D757465785F656E7465725F626C6F6394
:101DA0006B5F756E74696C0072756E74696D655FDA
:101DB000696E69745F6D757465780000616C61723D
:101DC0006D5F706F6F6C5F6765745F64656661758A
:101DD0006C740000616C61726D5F706F6F6C5F6935
:101DE00072715F68616E646C6572000000000000D3
:101DF000FFFFFFFFFFFFFF7F706C6C5F696E697410
:101E00000000000064656661756C745F656E7465E2
:101E1000725F736166655F7A6F6E655F74696D6529
:101E20006F75745F6D7300005F5F61656162695F0C
:101E3000646F75626C655F696E6974005F5F616590
:101E40006162695F666C6F61745F696E69740000DE
:101E500006005250D3F0754200ED021006005250B9
:101E6000E182887F08ED021006005250ABB3605348
:101E700018ED021006005250BBFF3CB620ED0210D8
:101E800006005250861C030228ED02100600525034
:101E90005422A29D34ED021005005250DE65F46814
:101EA0001C5303108A950110A2950110A2950110F0
:101EB00096950110A2950110A2950110A29501100E
:101EC000A2950110A2950110A2950110A2950110F2
:101ED0007E950110A295011072950110A295011036
:101EE000A29501106695011082960110B29601101C
:101EF000D4960110B29601105C960110B2960110B2
:101F0000B2960110B2960110B2960110B29601106D
:101F1000B2960110B2960110A4960110B29601106B
:101F2000B2960110B2960110B2960110B29601104D
:101F3000E4960110689B01107E9B01107E9B0110AE
:101F40007E9B01107E9B01107E9B01107E9B0110E9
:101F50007E9B01107E9B01107E9B01107E9B0110D9
:101F60007E9B01107E9B01107E9B01107E9B0110C9
:101F70007E9B01107E9B01107E9B01107E9B0110B9
:101F80007E9B01107E9B01107E9B01107E9B0110A9
:101F90007E9B01107E9B01107E9B01107E9B011099
:101FA0007E9B01107E9B01107E9B01107E9B011089
:101FB0007E9B01109699011052990110969901107B
:101FC0007E9B01107E9B01107E9B01107E9B011069
:101FD0007E9B01107E9B01107E9B01107E9B011059
:101FE0007E9B01107E9B01107E9B01107E9B011049
:101FF0007E9B01107E9B01107E9B01107E9B011039
:10200000329701107E9B01107E9B01107E9B011078
:102010007E9B01107E9B01107E9B01107E9B011018
:102020007E9B01107E9B011032970110EE990110EA
:10203000329701109699011052990110969901104A
:10204000000000000000F03F0000000000002440FD
:1020500000000000000059400000000000408F40D8
:10206000000000000088C34000000000006AF84043
:102070000000000080842E4100000000D012634167
:102080000000000084D797410000000065CDCD41DD
:10209000737464696F5F676574636861725F7469A4
:1020A0006D656F75745F7573000000000D0A0000A8
:1020B0000600525053B4F4A1FCED02100800525037
:1020C00012000000080052509210000000000000B2
:1020D000DDA2011000000000E1A20110EDA201103C
:1020E00025A3011021A30110000000000A00000038
:1020F00000000306A6000800020002009C00140075
:10210000030057494E5553420000000000000000F4
:1021100000008000040001002800440065007600F3
:1021200069006300650049006E007400650072007C
:1021300066006100630065004700550049004400E7
:1021400000004E007B00620063003700330039005E
:102150003800630031002D00370033006300640055
:102160002D0034006300620037002D003900380074
:10217000620038002D003900310033006100380062
:1021800066006300610037006200660036007D0073
:1021900000000000050F2100011C100500DF60DDBC
:1021A000D88945C74C9CD2659D9E648A9F000003D8
:1021B00006A60001000000000600525053B4F4A12E
:1021C00060EE0210737464696F5F7573625F696EAD
:1021D000697400000000000074EE021084EE02102A
:1021E0007C9902208CEE021098EE02100902540035
:1021F000030100807D080B000202020000090400B8
:102200000001020200040524002001052401000150
:1022100004240206052406000107058103080010B6
:1022200009040100020A0000000705020240000044
:10223000070582024000000904020000FF000105BA
:1022400012011002EF0201408A2E0A000001010271
:10225000030100007069636F5F6765745F756E6985
:102260007175655F626F6172645F69645F737472D8
:10227000696E6700666C6173685F646F5F636D644D
:1022800000000000666C6173685F72616E67655F75
:1022900070726F6772616D00666C6173685F726106
:1022A0006E67655F65726173650000006463645FFB
:1022B000656470745F786665720000006463645FD3
:1022C0007365745F61646472657373006463645FF3
:1022D000696E745F656E61626C65000068775F654A
:1022E0006E64706F696E745F616C6C6F6300000088
:1022F0006463645F696E69740000000073796E63E3
:102300005F65705F6275666665720000CEB0011031
:102310002EB001106AB001109EB00110CEB00110B5
:10232000CEB00110BAB001106AB00110CEB00110E9
:10233000CEB00110CEB00110CEB00110CEB0011061
:10234000CEB00110CEB0011050B00110CC0B002067
:10235000CC0B0020AE0B0020620C0020040C0020EF
:10236000180C0020340D002028B6011002B6011010
:10237000BAB70110DCB50110BAB701102CB50110C5
:10238000D0B50110BAB7011048B5011060B5011001
:102390001AB801100CB8011052B8011086B901101A
:1023A00050B9011068B9011060B80110D0B801101F
:1023B00078B90110757362645F656470745F7866E4
:1023C00065720000757362645F656470745F6F703E
:1023D000656E0000757362645F6F70656E5F656443
:1023E00070745F706169720071756575655F65769F
:1023F000656E740070726F636573735F6765745F99
:1024000064657363726970746F72000070726F63D9
:102410006573735F7365745F636F6E6669670000F1
:1024200070726F636573735F636F6E74726F6C5FEE
:102430007265717565737400636F6E666967757236
:102440006174696F6E5F7265736574007475645F43
:102450007461736B5F657874000000007475645F6D
:102460007268706F72745F696E69740000000000BA
:1024700045BE0110F1BE011039BF0110A9BF011006
:1024800095C00110D1C10110000000000000000043
:1024900075C3011011C4011045C4011095C4011089
:1024A0008DA30110E1C50110000000007573626486
:1024B0005F636F6E74726F6C5F786665725F636284
:1024C000000000007475645F636F6E74726F6C5F00
:1024D0007866657200000000636463645F78666517
:1024E000725F636200000000636463645F6F706525
:1024F0006E0000007475645F6364635F6E5F777283
:102500006974655F666C75736800000076656E645B
:102510006F72645F6F70656E0000000074755F65B8
:102520006470745F73747265616D5F726561645F1E
:10253000786665720000000074755F656470745F92
:1025400073747265616D5F77726974655F786665D3
:102550007200000074755F656470745F73747265F7
:10256000616D5F77726974655F7A6C705F69665FD1
:102570006E6565646564000074755F656470745FA2
:1025800076616C6964617465000000007475736243
:102590005F7268706F72745F696E6974000000002A
:1025A0006932635F7365745F6261756472617465DB
:1025B00000000000657863657074696F6E5F736515
:1025C000745F6578636C75736976655F68616E6466
:1025D0006C65720078506F72744C6F636B496E74E7
:1025E00065726E616C5370696E556E6C6F636B577C
:1025F000697468426573744566666F727457616981
:10260000744F7254696D656F7574000076506F7207
:10261000744C6F636B496E7465726E616C53706954
:102620006E556E6C6F636B5769746857616974009F
:1026300076506F7274457869744372697469636126
:102640006C000000784576656E7447726F75705344
:102650006574426974730000784576656E744772DC
:102660006F7570576169744269747300765175654E
:102670007565416464546F5265676973747279005B
:102680007851756575655265636569766546726FE3
:102690006D495352000000007851756575655365AA
:1026A0006D6170686F726554616B65007851756516
:1026B00075655265636569766500000078517565DA
:1026C00075654769766546726F6D49535200000023
:1026D00078517565756547656E6572696353656E9A
:1026E0006446726F6D495352000000007072764E5E
:1026F0006F746966795175657565536574436F6E5E
:102700007461696E6572000078517565756547651D
:102710006E6572696353656E64000000785175657B
:10272000756547656E6572696343726561746500BE
:1027300078517565756547656E6572696352657335
:10274000657400003E000210BA000210A2000210E0
:10275000A8000210AE0002105C0202105202021029
:102760006A020210760202107E0202107654617331
:102770006B47656E657269634E6F74696679476908
:10278000766546726F6D495352000000785461734C
:102790006B47656E657269634E6F74696679000098
:1027A000785461736B47656E657269634E6F7469C7
:1027B0006679576169740000765461736B50726971
:1027C0006F72697479446973696E6865726974417E
:1027D0006674657254696D656F75740078546173C1
:1027E0006B5072696F72697479446973696E686558
:1027F00072697400785461736B436865636B466FEC
:102800007254696D654F75740000000076546173F1
:102810006B52656D6F766546726F6D556E6F726443
:10282000657265644576656E744C6973740000006A
:10283000785461736B52656D6F766546726F6D4546
:1028400076656E744C697374000000007654617391
:102850006B506C6163654F6E4576656E744C697341
:10286000745265737472696374656400765461733D
:102870006B506C6163654F6E556E6F726465726507
:10288000644576656E744C697374000076546173A8
:102890006B506C6163654F6E4576656E744C697301
:1028A00074000000765461736B53776974636843F6
:1028B0006F6E746578740000785461736B496E6351
:1028C00072656D656E745469636B00007854617352
:1028D0006B526573756D65416C6C00007654617365
:1028E0006B53746172745363686564756C657200D0
:1028F0007072765461736B49735461736B53757363
:1029000070656E6465640000765461736B52657324
:10291000756D6500765461736B53757370656E6485
:1029200000000000765461736B5072696F726974B5
:102930007953657400000000655461736B476574DA
:102940005374617465000000765461736B44656C68
:1029500061790000707276496E697469616C69739F
:10296000654E65775461736B000000001F00000026
:10297000560602109A0602109A060210DE0602108F
:10298000EA060210180702109A0602109A060210B0
:10299000DE060210EA06021070727650726F6365EE
:1029A00073735265636569766564436F6D6D616EBF
:1029B000647300007854696D657243726561746573
:1029C00054696D65725461736B0000006D756C74B1
:1029D00069636F72655F6C6F636B6F75745F656E53
:1029E000645F626C6F636B5F756E74696C0000008E
:1029F000707276496E73657274426C6F636B496E68
:102A0000746F467265654C697374000076506F721E
:102A100074467265650000007076506F72744D6187
:102A20006C6C6F6300000000720E02107C0E0210CE
:102A3000880E02108E0E0210940E02109A0E0210D2
:102A4000A00E0210A60E0210AC0E02107D1D010099
:102A5000632C001E9601A01E5A01001F0806101FBD
:102A60000606201F0806301F0806401F0606511FD5
:102A70000700591F521F5B1F541F5D1F561F5F1F0A
:102A8000601F0806701F0E00BA1FBB1FC81FC91F9A
:102A9000CA1FCB1FDA1FDB1FF81FF91FEA1FEB1F2E
:102AA000FA1FFB1F801F0806901F0806A01F0806BC
:102AB000B01F0400B81FB91FB21FBC1FCC1F0100FC
:102AC000C31FD01F0206E01F0206E51F0100EC1F16
:102AD000F31F0100FC1F4E21010032217021100262
:102AE000842101008321D0241A05302C2F04602C6E
:102AF0000201672C0601752C0201802C6401002D57
:102B0000260841FF1A03000061001A03E0001703C2
:102B1000F8000703FF0001007801000130013201D5
:102B20000601390110014A012E01790106018001D7
:102B30004D004302810182018201840184018601EA
:102B40008701870189018A018B018B018D018E012B
:102B50008F0190019101910193019401F601960179
:102B60009701980198013D029B019C019D01200263
:102B70009F01A001A001A201A201A401A401A6013C
:102B8000A701A701A901AA01AB01AC01AC01AE01EB
:102B9000AF01AF01B101B201B301B301B501B5019C
:102BA000B701B801B801BA01BB01BC01BC01BE014B
:102BB000F701C001C101C201C301C401C501C401C3
:102BC000C701C801C701CA01CB01CA01CD0110016B
:102BD000DD0101008E01DE011201F3010300F101AC
:102BE000F401F401F8012801220212013A0209005D
:102BF000652C3B023B023D02662C3F024002410233
:102C0000410246020A015302400081018601550239
:102C100089018A0158028F015A0290015C025D020B
:102C20005E025F0293016102620294016402650226
:102C300066026702970196016A02622C6C026D02BD
:102C40006E029C01700271029D01730274029F0169
:102C500076027702780279027A027B027C02642C87
:102C60007E027F02A60181028202A90184028502FE
:102C700086028702AE014402B101B20145028D0213
:102C80008E028F0290029102B7017B030300FD03C5
:102C9000FE03FF03AC0304008603880389038A0351
:102CA000B1031103C2030200A303A303C403080377
:102CB000CC0303008C038E038F03D8031801F203A7
:102CC0000A00F903F303F403F503F603F703F7032C
:102CD000F903FA03FA0330042003500410076004D8
:102CE00022018A043601C1040E01CF040100C00490
:102CF000D00444016105260400000000C700FC0068
:102D0000E900E200E400E000E500E700EA00EB0093
:102D1000E800EF00EE00EC00C400C500C900E600CA
:102D2000C600F400F600F200FB00F900FF00D60038
:102D3000DC00A200A300A500A7209201E100ED00A5
:102D4000F300FA00F100D100AA00BA00BF0010237E
:102D5000AC00BD00BC00A100AB00BB0091259225DA
:102D600093250225242561256225562555256325B1
:102D7000512557255D255C255B2510251425342517
:102D80002C251C2500253C255E255F255A2554252C
:102D900069256625602550256C25672568256425ED
:102DA000652559255825522553256B256A25182553
:102DB0000C25882584258C2590258025B103DF00EE
:102DC0009303C003A303C303B500C403A60398037E
:102DD000A903B4031E22C603B50329226122B10050
:102DE0006522642220232123F7004822B000192203
:102DF000B7001A227F20B200A025A000809A45418A
:102E00008E418F804545454949498E8F9092924F1A
:102E1000994F555559999A9B9C9D9E9F41494F5555
:102E2000A5A5A6A7A8A9AAABACADAEAFB0B1B2B3E9
:102E3000B4B5B6B7B8B9BABBBCBDBEBFC0C1C2C3DA
:102E4000C4C5C6C7C8C9CACBCCCDCECFD0D1D2D3CA
:102E5000D4D5D6D7D8D9DADBDCDDDEDFE0E1E2E3BA
:102E6000E4E5E6E7E8E9EAEBECEDEEEFF0F1F2F3AA
:102E7000F4F5F6F7F8F9FAFBFCFDFEFF0103050790
:102E8000090E10121416181C1E000000A2A0D0EB90
:102E9000E5B9334487C068B6B72699C74546492087
:102EA00050415254000001004546492050415254BF
:102EB000000001005C00000000000200EEFEFF00C8
:102EC00001000000FFFFFFFF73645F7370695F77AD
:102ED00072697465000000006368616E6E656C5F06
:102EE000636F6E6669675F7365745F6472657100B6
:102EF0006368616E6E656C5F636F6E6669675F7352
:102F000065745F636861696E5F746F00696E5F739B
:102F100070695F6972715F68616E646C65720000F0
:102F20006D795F7370695F696E6974007370695F52
:102F3000756E6C6F636B00007370695F6C6F636BB1
:102F4000000000007370695F7472616E7366657271
:102F500000FF00007370695F7472616E7366657262
:102F60000000000073645F77726974655F626C6F64
:102F7000636B000073645F726561645F626C6F63B2
:102F80006B00000073645F756E6C6F636B00000014
:102F900073645F776169745F7265616479000000D2
:102FA00073645F736563746F72735F6E6F6C6F636E
:102FB0006B00000073645F6C6F636B000000211096
:102FC000422063308440A550C660E7700881299193
:102FD0004AA16BB18CC1ADD1CEE1EFF1311210023B
:102FE00073325222B5529442F772D66239931883E3
:102FF0007BB35AA3BDD39CC3FFF3DEE36224433407
:1030000020040114E664C774A44485546AA54BB532
:1030100028850995EEE5CFF5ACC58DD553367226DA
:1030200011163006D776F6669556B4465BB77AA782
:1030300019973887DFF7FEE79DD7BCC7C448E55826
:103040008668A7784008611802282338CCC9EDD9D2
:103050008EE9AFF9488969990AA92BB9F55AD44A7A
:10306000B77A966A711A500A333A122AFDDBDCCB22
:10307000BFFB9EEB799B588B3BBB1AABA66C877C46
:10308000E44CC55C222C033C600C411CAEED8FFD72
:10309000ECCDCDDD2AAD0BBD688D499D977EB66E1A
:1030A000D55EF44E133E322E511E700E9FFFBEEFC2
:1030B000DDDFFCCF1BBF3AAF599F788F8891A98184
:1030C000CAB1EBA10CD12DC14EF16FE18010A1006E
:1030D000C230E3200450254046706760B98398935E
:1030E000FBA3DAB33DC31CD37FE35EF3B1029012BE
:1030F000F322D2323542145277625672EAB5CBA52A
:10310000A89589856EF54FE52CD50DC5E234C3240D
:10311000A01481046674476424540544DBA7FAB7FD
:103120009987B8975FE77EF71DC73CD7D326F2365D
:103130009106B01657667676154634564CD96DC949
:103140000EF92FE9C899E9898AB9ABA944586548AD
:1031500006782768C018E1088238A3287DCB5CDB9D
:103160003FEB1EFBF98BD89BBBAB9ABB754A545AFD
:10317000376A167AF10AD01AB32A923A2EFD0FED69
:103180006CDD4DCDAABD8BADE89DC98D267C076C4D
:10319000645C454CA23C832CE01CC10C1FEF3EFF3D
:1031A0005DCF7CDF9BAFBABFD98FF89F176E367E9D
:1031B000554E745E932EB23ED10EF01E0009121BC6
:1031C000242D363F48415A536C657E7719100B0207
:1031D0003D342F265158434A757C676E323B202977
:1031E000161F040D7A7368615E574C452B223930E7
:1031F0000F061D14636A7178474E555C646D767FC7
:103200004049525B2C253E3708011A137D746F66C6
:1032100059504B42353C272E1118030A565F444D36
:10322000727B60691E170C053A3328214F465D54A6
:103230006B627970070E151C232A31384148535AA6
:10324000656C777E09001B122D243F3658514A4386
:103250007C756E671019020B343D262F737A6168F6
:10326000575E454C3B3229201F160D046A63787166
:103270004E475C55222B3039060F141D252C373E46
:103280000108131A6D647F7649405B523C352E2746
:1032900018110A03747D666F5059424B171E050CB6
:1032A000333A21285F564D447B7269600E071C1526
:1032B0002A233831464F545D626B70795A6B021085
:1032C000E0690210E0690210E0690210E069021092
:1032D000E0690210E0690210E0690210E069021082
:1032E000FC6A0210FC6A0210FC6A0210FC6A0210FE
:1032F000FC6A0210E0690210E0690210E069021045
:10330000E0690210E0690210E0690210E069021051
:10331000E0690210E0690210E0690210E069021041
:10332000E0690210E0690210E0690210E069021031
:10333000E0690210E0690210E0690210FC6A021004
:10334000E0690210E0690210E0690210E069021011
:10335000E0690210E0690210E0690210E069021001
:10336000E0690210E06902106C710210E06902105D
:103370007E71021040790210CA7502101E7602108A
:103380001876021004760210CA750210340000008C
:10339000CEFBFFFFCB030000010000000000000097
:1033A00035000000CEFBFFFFCB0300000100000052
:1033B0000000000000000000BC89D897B2D29C3CFD
:1033C00033A7A8D523F649393DA7F444FD0FA5320C
:1033D0009D978CCF08BA5B25436FAC6428066811B3
:1033E00000202020202020202020282828282820D5
:1033F00020202020202020202020202020202020CD
:103400002088101010101010101010101010101034
:103410001004040404040404040404101010101024
:1034200010104141414141410101010101010101EE
:103430000101010101010101010101011010101040
:1034400010104242424242420202020202020202C0
:103450000202020202020202020202021010101014
:10346000200000000000000000000000000000003C
:10347000000000000000000000000000000000004C
:10348000000000000000000000000000000000003C
:10349000000000000000000000000000000000002C
:1034A000000000000000000000000000000000001C
:1034B000000000000000000000000000000000000C
:1034C00000000000000000000000000000000000FC
:1034D00000000000000000000000000000000000EC
:1034E00000000000000000000000000000000000DC
:1034F00000000000000000000000000000000000CC
:1035000000000000000000000000000000000000BB
:1035100000000000101112131415161718190000DE
:1035200000000000001A1B1C1D1E1F0000000000F0
:10353000000000000000000000000000000000008B
:1035400000000000001A1B1C1D1E1F0000000000D0
:10355000000000000000000000000000000000006B
:10356000000000000000000000000000000000005B
:10357000000000000000000000000000000000004B
:10358000000000000000000000000000000000003B
:10359000000000000000000000000000000000002B
:1035A000000000000000000000000000000000001B
:1035B000000000000000000000000000000000000B
:1035C00000000000000000000000000000000000FB
:1035D00000000000000000000000000000000000EB
:1035E0000000000005000000190000007D00000040
:1035F0000080E03779C34143176E05B5B5B89346EF
:10360000F5F93FE9034F384D321D30F94877825ABA
:103610003CBF737FDD4F1575000000000000F03FD8
:10362000000000000000244000000000000059409D
:103630000000000000408F40000000000088C340F0
:1036400000000000006AF8400000000080842E4165
:1036500000000000D01263410000000084D79741B1
:103660000000000065CDCD41000000205FA00242B7
:10367000000000E876483742000000A2941A6D422C
:10368000000040E59C30A2420000901EC4BCD6421F
:1036900000003426F56B0C430080E03779C34143CA
:1036A00000A0D8855734764300C84E676DC1AB4340
:1036B000003D9160E458E143408CB5781DAF15445E
:1036C00050EFE2D6E41A4B4492D54D06CFF0804439
:1036D000F64AE1C7022DB544B49DD9794378EA444E
:1036E000C80E0310D00E0310501E03105C1E0310F2
:1036F000681E0310741E0310801E03108C1E03101E
:10370000981E0310C4200310BC200310B020031027
:04371000B8210310C9
:10371400808800B27047F8B5040017001E002568C1
:10372400EFF3108172B60B0028680028FCD0BFF3B9
:103734005F8F0422A05E002808DC3A0033002000DA
:1037440001F022F80028EAD0002009E00138A08026
:103754002268BFF35F8F0021116083F3108801207A
:10376400F8BD0000F8B506000F0001F005F80400EC
:103774000D00FA22920000233800002100F09CFF83
:1037840022002B0012184B41002B03DB3000FFF703
:10379400C2FFF8BD01225242004BF7E7FFFFFF7F53
:1037A40070B50268EFF3108172B60C001368002B39
:1037B400FCD0BFF35F8F0422835E0625425F9342F1
:1037C40008DB0368BFF35F8F00221A6084F310885C
:1037D400002070BD0133838000F0BEFF0120F8E7B4
:1037E40070B50B1E1ADB0621425E9A4216DB046892
:1037F400EFF3108172B60D002268002AFCD0BFF3EB
:103804005F8F0424025F9A420EDB83800368BFF358
:103814005F8F00221A6085F3108870BD044B054A3F
:103824000548562100F038FF838000F095FFF4E747
:103834003CE80210781D031068E8021070B504001B
:1038440000F092FF06002268EFF3108172B60D00BB
:103854001368002BFCD0BFF35F8F6368013303D080
:10386400200000F071FFEEE766602368BFF35F8F0E
:1038740000221A6085F3108870BD70B504000268D8
:10388400EFF3108572B61368002BFCD0BFF35F8F83
:1038940063685A1C0BD000290ED00B6000202368EB
:1038A400BFF35F8F00221A6085F3108870BD00F0AB
:1038B4005BFF60600120F2E70020F0E7F0B583B021
:1038C400040017001E000368002B18D000F04CFF02
:1038D40001902068EFF3108172B60B000268002A91
:1038E400FCD0BFF35F8F656801350ED03A0033001A
:1038F400200000F049FF0028EBD000200FE0094B26
:10390400094A0A48A62100F0C7FE019A62602268AB
:10391400BFF35F8F0021116083F31088012003B08F
:10392400F0BDC04614E90210901D0310C8E802104F
:10393400F0B583B0070016001D0001A9FFF79DFF35
:10394400041E02D0200003B0F0BD00F00DFF019B67
:103954009842F7D032002B003800FFF7AFFF040085
:10396400F0E70000F8B506000F0000F005FF0400C2
:103974000D00FA22920000233800002100F09CFE82
:1039840022002B0012184B41002B03DB3000FFF701
:1039940095FFF8BD01225242004BF7E7FFFFFF7F7E
:1039A40010B50268EFF3108172B61368002BFCD0D7
:1039B400BFF35F8F4368013305D001235B4243604B
:1039C40000F0CAFE10BD034B034A0448D52100F0A1
:1039D40063FEC04628E90210841D0310C8E80210E3
:1039E400094B1B78002B08D00CE09A008021490574
:1039F400511808680549505001333F2BF5DD024B3F
:103A040001221A707047C046E59A0220E43600206D
:103A140010B5014B984710BDE536002000280AD0A8
:103A240003231B02054A12685340C022920013402C
:103A3400034A136070470223F3E7C0460C80014039
:103A44000C900140F0B5D6464F464646C0B504003A
:103A54000D000A1880239B039A4232D818273B880A
:103A6400142630881D49984781463B8830881C4974
:103A7400984780463B8830881A49984782463B8855
:103A840030881949984706004B46002B1FD04346FF
:103A9400002B1CD05346002B19D0002817D0FFF759
:103AA4009FFFC847C0478022D82352022900200024
:103AB400D047B047FFF7ACFFE0BCBA46B146A846D2
:103AC400F0BD0A4B0A4A0B48742100F0E5FD0A4B8D
:103AD400074A08487C2100F0DFFDC0464946000043
:103AE400455800005245000046430000F8EE02101D
:103AF4009822031024EF021070EF0210F8B5DE468E
:103B040057464E464546E0B504008B46150012184C
:103B140080239B039A4231D818273B881426308887
:103B24001C49984781463B8830881B499847804602
:103B34003B8830881949984782463B883088184921
:103B4400984706004B46002B1ED04346002B1BD043
:103B54005346002B18D0002816D0FFF741FFC84762
:103B6400C0472A0059462000D047B047FFF750FF0E
:103B7400F0BCBB46B246A946A046F8BD094B0A4A6A
:103B84000A48992100F088FD094B074A0748A121FA
:103B940000F082FD494600004558000052500000E4
:103BA40046430000F8EE02108422031024EF0210B2
:103BB400D8EF0210F0B5D6464F464646C0B50700CA
:103BC4000E00150018239A461B881422904610886C
:103BD40028499847814653461B88424610882649FF
:103BE4009847040053461B88424610882349984747
:103BF40080464B46002B0CD0002C0AD0002808D05D
:103C0400FFF7EEFEC847A0470020FFF707FF2A0092
:103C14000FE01B4B1B4A1C48D12100F03DFD002B3B
:103C240007D0002A05D0C0235B051B6E3370013A10
:103C340001362B00134312D0C0235B059C6A082372
:103C44002340A407EBD5002DE9D0511B0D29E6D85C
:103C54003878C02149050866013D0137DFE70120B6
:103C6400FFF7DCFEC047FFF7D3FEE0BCBA46B1461F
:103C7400A846F0BD494600004558000046430000F0
:103C840044F002107422031024EF021010B5002334
:103C940008E00133DA0000210848115084466244E8
:103CA4005160DBB20E2BF4D90548F02292000021BA
:103CB40000F03AFD034B044A1A6010BD0000105096
:103CC400A8380020803C002080011050F0B5CE467A
:103CD400474680B585B0214B9F6D0024012603E043
:103CE400B74376000134E4B2002F31D01F2C2FD813
:103CF4003E42F6D01A4B9E65630899460123234041
:103D040001225340DBB298464B465D0045446D01A9
:103D1400144BED18280000F047FA0028E0D0114AAF
:103D24004B465B0043445B01D3189978DA8A01A8B7
:103D34000023984603700733437001718260434641
:103D44004371012100F050FA280000F0C3F9C7E7DD
:103D540005B0C0BCB946B046F0BDC0460000115025
:103D64000030115068380020F0B5CE46474680B583
:103D740085B0754A9823D55880239B022F001F4095
:103D84001D4245D0714B9A6A714B1A600024002180
:103D940009E0704B5B183C3300221A7000F0C6F93E
:103DA40031000134E4B20F2C18D8A60130002030C1
:103DB400684BC0189B193B331B78022BF1D1654B20
:103DC4009B193A331E78002EEBD0624BA1015B188D
:103DD4003C331B78002BDCD13100E2E7002908D109
:103DE4005D4B1B78002B04D15C4A903380218902FF
:103DF400D150554B9B6C5B055B0D01A800220270F2
:103E0400033242704360012100F0EEF98027BF02C3
:103E1400EB0606D4EB0351D580235B021F43002439
:103E240019E010231F43FFF751FFF3E702239946DC
:103E34001EE04B4B4A461A66434B5B6E4A461340A0
:103E44009945F9D118E0434B424652019B1801228F
:103E5400DA700134E4B2012C20D8A04666013D4B4F
:103E6400F618B37E002BEED0002CDFD00123994648
:103E740000F01AFC0128DCD8C02292010021300095
:103E840000F02EF9300000F025F900F00DFC0128B7
:103E9400D9D9324B4A465A661A66D4E701A8002398
:103EA4000370063343702F4A02AB12CA12C30121B6
:103EB40000F09AF9294B802292021A65EB040AD485
:103EC4006B041DD42B042AD4AF4238D105B0C0BC36
:103ED400B946B046F0BD80235B011F4300241A4B52
:103EE4001C60FFF7D3FE01A8047001234370047122
:103EF400012100F079F9194B802212031A65DFE7DA
:103F04008023DB011F4301A80023037004334370A3
:103F1400012100F069F9114B10221A65D2E78023C0
:103F24001B021F4301A800230370053343700121C2
:103F340000F05AF9094B802212011A65C4E73900CE
:103F44006940094800F0C8FB0000115000400540DA
:103F54005838002068380020E39A022000301150BD
:103F6400002011500000105038F10210F8B5040080
:103F74000F00838A028B1E1C934200D9161CB6B212
:103F84009B1BA3828022D2003243E378002B13D000
:103F94008025AD01154301225340E3706378002B63
:103FA4000CD0A38A002B02D18023DB011D43002FF8
:103FB40000D02D042800F8BD0025EBE7E068BB0124
:103FC400C0182169320000F097FB23699B19236113
:103FD40080231B021D43E4E7094B1B6C9B070CD495
:103FE4008378DB09012B01D0002007E0C37E022B7C
:103FF40001D0002002E0012000E000207047C0460C
:104004000000115010B5FFF7E7FF002809D0064B58
:104014009B6A064A12689B1A054A94466344C62B57
:1040240000D810BD0020FCE70040054058380020AF
:10403400E0FCFFFF70B5040083681B68002900D012
:104044001B0C9D05AD0D6278002A11D11B0409D407
:10405400E38A5B19E382238BAB4201D90023A38259
:10406400280070BD0D4B0E4A0E48E82100F014FBE9
:104074001B040DD52069E368890159182A0000F052
:104084003BFBE38A5B19E38223695B192361E2E763
:10409400054B034A0348EE2100F0FEFA58F10210E2
:1040A400FC22031078F10210D8F1021010B50400BC
:1040B40083681B680021FFF7BDFF63681B685B0012
:1040C40002D5238B834200D010BD01212000FFF7CD
:1040D400B1FFF9E7002383768382C38203617047CB
:1040E40010B5002902D083681B681940002A10D03B
:1040F400114352050DD5826813685B050CD4084B37
:104104000B401360074B1B6C9B0702D40C23033B2F
:10411400FDD28368196010BD8178034800F0DCFA91
:10412400FFFBFFFF00001150F8F1021070B504000E
:1041340043681E680021FFF719FF80256D010543C0
:10414400164B1B6C9B0715D5A3785B0617D1002370
:10415400A28A002A01D0002B15D0114B1E408023C7
:104164009B053343626813602A0000212000FFF797
:10417400B7FF70BDA378DB0903D10133E8E701235E
:10418400E6E70023E4E701212000FFF7EFFE054303
:10419400044A3240A023DB051343E3E70000115037
:1041A400FFFFFFAFFFFFFFDF70B50400857E002D2A
:1041B40006D0FFF77BFFA38A002B05D1280070BD32
:1041C4008178084800F088FA2000FFF71BFF051EDD
:1041D40003D0012323770025F0E72000FFF7A6FF93
:1041E400ECE7C04618F20210F0B585B006000D00E9
:1041F4004378062B12D89B00694AD3589F46694BD3
:104204001A7801218A431A701A7801318A431A7084
:1042140000225A701A7802318A431A70624B1C6861
:104224002000143000F050FA3100200000F084FA2D
:104234006269A369BFF35F8F0021116083F3108863
:10424400002800D1A4E0307871782A0000F05CFAEC
:1042540005B0F0BD534B1B78DB07F9D5514A1378F1
:1042640004210B431370D9E74E4B1B78DB07EFD5C2
:104274004C4A137804218B431370CFE79B1A5B01DC
:104284004A4A9B18DB69002B02D030787168984742
:104294000134E4B2464B1A782300511CA1420ADBD4
:1042A400A242EBD9434B1B6862019B18002BE9D156
:1042B400EEE70024EEE73B4B1B785B072AD4394B2F
:1042C400DB78DB07C4D501AC0C220021200000F010
:1042D4002BFA337823700323637073680293324B91
:1042E4001E683000143000F0EFF92100300000F0B7
:1042F40023FA7269B369BFF35F8F0021116083F3FE
:104304001088002837D001AB187859782A0000F0BB
:10431400FBF99DE7234A137804218B43137001AF03
:104324000C220021380000F0FFF933783B7005239C
:104334007B701D4B1C682000143000F0C5F9390057
:10434400200000F0F9F96269A369BFF35F8F0021CF
:10435400116083F31088002806D001AB18785978CF
:104364002A0000F0D1F9AAE7662213491348FF3264
:1043740000F0BAF9A3E766220F491048FF3200F0B3
:10438400B3F965E70E4A13780133DBB2137045E7DE
:10439400662209490948FF3200F0A6F958E7C046E9
:1043A4004C230310FC320020543300206C240310EF
:1043B400E29A02204C310020E823031078F2021024
:1043C400E49A022010B504001000002205E0E3681E
:1043D4009B07FCD58B5CA36001328242F7D300E0DB
:1043E400A368E3685B07FBD4E368DB06FCD400E066
:1043F400A368E3685B07FBD40123236210BDF0B517
:10440400070018001D001C0008E0002C06D0FE6800
:10441400760703D5BB681370013C013226002E4396
:104424000BD0002DF1D0FE68B607EED52B00083373
:10443400A342EAD9B960013DE7E7F0BDD0231B06EA
:10444400FF221A65D0231B061B6DDB072CD5D02356
:104454001B069A6D154B9A42F4D1EFF3108172B694
:10446400D0231B061B6D9B07FAD5D0231B060F4ACE
:104474005A6540BF00E020BFD0231B061B6DDB073D
:10448400F9D5D0231B069A6D094B9A42F4D181F3D6
:104494001088D0231B061B6D9B07FAD5D0231B065F
:1044A400034A5A6540BFCDE77047C0461E83A873D0
:1044B400E17C578C10B502490C2000F06DF910BD59
:1044C4001C04005010B502490B2000F065F910BD22
:1044D4000C04005070B50400002935D0406A102542
:1044E40028436062002A3DD0A06A20252843A062A8
:1044F400E069256808358001A026F605B4466044C5
:10450400016045608360616A0161216A2068083046
:104514008901614408604A608B60A36A0B61636926
:104524000B2B25D00C2B00D076E0216AA022D205DB
:10453400484BD25801238B40134222D0464B474A62
:104544004748672100F0A8F8002A05D0416A1020E6
:10455400814361624349C5E7434B404A4048403187
:1045640000F09AF8A26A20208243A2623F4ABFE781
:10457400216AA022D2053E4BD25801238B4013421C
:1045840044D12600343600213000FFF729F9E269CE
:104594000123190091400A00216A8B401343A02192
:1045A400C9058622D2008B50FA2189003000FFF71A
:1045B400D9F8051E36D0E2699301A021C9058C46BD
:1045C40063441B69DB01F7D4226A9301A021C90566
:1045D4008C4663441B69DB01F7D43000FFF798F87D
:1045E400002824D1E3699B01A022D20594466344A8
:1045F4001B69DB0121D4236A9B01A022D2059446C6
:1046040063441B69DB011ED4280070BD194B134A97
:104614001348642100F040F8174B104A10486A21EF
:1046240000F03AF81549164800F076F8ECE7154B17
:104634000A4A0B487F2100F02FF8134B074A084819
:10464400802100F029F8114B044A0548812100F02B
:1046540023F8C0461C0400002C020310542F03103E
:1046640090010310512F0310F40103107915002059
:104674000C04000000020310A8CB0210442F031006
:1046840058020310D40103107C0203106C010310C0
:104694007047C0460000000001B40248844601BCD3
:1046A400604700BFBD9C011001B40248844601BCB0
:1046B400604700BFED5A011001B40248844601BCB2
:1046C400604700BFED84011001B40248844601BC78
:1046D400604700BF21AE011001B40248844601BC0A
:1046E400604700BF415B011001B40248844601BC2D
:1046F400604700BF89A0011001B40248844601BC90
:10470400604700BFE5AC011001B40248844601BC17
:10471400604700BF0DB0011001B40248844601BCDB
:10472400604700BFAD5D021001B40248844601BC7D
:10473400604700BFCD89011001B40248844601BC22
:10474400604700BF2BCF011001B40248844601BC6E
:10475400604700BFA1D9011001B40248844601BCDE
:10476400604700BF49DA011001B40248844601BC25
:10477400604700BF75D9011001B40248844601BCEA
:10478400604700BFE96C011001B40248844601BCD3
:10479400604700BF1DDB011001B40248844601BC20
:1047A400604700BF8D4A021000D01F1004C40210DD
:1047B40008C4021014C4021024C4021034C4021029
:1047C40040C40210000D0310000020419A99414199
:1047D40000003C410A0000002CC3021040140020D9
:1047E4000D000000010000000E00000000000000A9
:1047F40000000000010000000000000000000000B4
:1048040000000000000000000000000000000000A4
:104814000000000000000000000000000000000094
:104824000000000000000000000000000000000084
:104834000000000000000000000000000000000074
:104844000000000000000000000000000000000064
:104854000000000000000000000000000000000054
:104864000000000000000000000000000000000044
:104874000000000000000000000000000000000034
:104884000000000000000000000000000000000024
:104894000000000000000000000000000000000014
:1048A4000000000000000000000000000000000004
:1048B40000000000000000000000000000000000F4
:1048C40000000000000000000000000000000000E4
:1048D40000000000000000000000000000000000D4
:1048E40000000000000000000000000000000000C4
:1048F40000000000000000000000000000000000B4
:1049040000000000000000000000000000000000A3
:104914000000000000000000000000000000000093
:104924000000000000000000000000000000000083
:104934000000000000000000000000000000000073
:104944000000000000000000000000000000000063
:104954000000000000000000000000000000000053
:104964000000000000000000000000000000000043
:104974000000000000000000000000000000000033
:104984000000000000000000000000000000000023
:104994000000000000000000000000000000000013
:1049A4000000000000000000000000000000000003
:1049B40000000000000000000000000000000000F3
:1049C40000000000000000000000000000000000E3
:1049D40000000000000000000000000000000000D3
:1049E40000000000000000000000000000000000C3
:1049F40000000000000000000000000000000000B3
:104A040000000000000000000000000000000000A2
:104A14000000000000000000000000000000000092
:104A24000000000000000000000000000000000082
:104A34000000000000000000000000000000000072
:104A44000000000000000000000000000000000062
:104A54000000000000000000000000000000000052
:104A64000000000000000000000000000000000042
:104A74000000000000000000000000000000000032
:104A84000000000000000000000000000000000022
:104A9400000004400C0000000B0000000A000000AD
:104AA40040420F0000000000000000000000000071
:104AB40000000000000000000000000000000000F2
:104AC40000000000000000000000000000000000E2
:104AD40000000000100000000000000000000100C1
:104AE40000000000000000000000020000000000C0
:104AF40000000000000003000000000000000000AF
:104B04000000FF000000000001B5486801318E4636
:104B14000047704609380149884701BD55620110B4
:104B24000000000000000000000000000000000081
:104B34000000000028260020897301104D73011025
:104B440009730110000000000000000000000000D4
:104B5400503300004C330000543300005233000043
:104B64004D5300004D430000533400004334000013
:104B740025A10110C9A1011045A10110D9A101105D
:104B8400000000000001000075A7011011A401102D
:104B9400DDA60110FDA301100000000000010000CB
:104BA4005833002010000C0000000000000000003A
:104BB400000000000000000000000000FF000000F2
:104BC4000040044000000000FFA50100FFFFFFFFBC
:104BD40000000200000000000000000000000000CF
:104BE40088150020881500209015002090150020BD
:104BF4009815002098150020A0150020A01500206D
:104C0400A8150020A8150020B0150020B01500201C
:104C1400B8150020B8150020C0150020C0150020CC
:104C2400C8150020C8150020D0150020D01500207C
:104C3400D8150020D8150020E0150020E01500202C
:104C4400E8150020E8150020F0150020F0150020DC
:104C5400F8150020F815002000160020001600208A
:104C64000816002008160020101600201016002038
:104C740018160020181600202016002020160020E8
:104C84002816002028160020301600203016002098
:104C94003816002038160020401600204016002048
:104CA40048160020481600205016002050160020F8
:104CB40058160020581600206016002060160020A8
:104CC4006816002068160020701600207016002058
:104CD4007816002078160020801600208016002008
:104CE40088160020881600209016002090160020B8
:104CF4009816002098160020A0160020A016002068
:104D0400A8160020A8160020B0160020B016002017
:104D1400B8160020B8160020C0160020C0160020C7
:104D2400C8160020C8160020D0160020D016002077
:104D3400D8160020D8160020E0160020E016002027
:104D4400E8160020E8160020F0160020F0160020D7
:104D5400F8160020F8160020001700200017002085
:104D64000817002008170020101700201017002033
:104D740018170020181700202017002020170020E3
:104D84002817002028170020301700203017002093
:104D94003817002038170020401700204017002043
:104DA40048170020481700205017002050170020F3
:104DB40058170020581700206017002060170020A3
:104DC4006817002068170020701700207017002053
:104DD4007817002078170020801700208017002003
:104DE40088170020881700209017002090170020B3
:104DF4009817002098170020A0170020A017002063
:104E0400A8170020A8170020B0170020B017002012
:104E1400B8170020B8170020C0170020C0170020C2
:104E2400C8170020C8170020D0170020D017002072
:104E3400D8170020D8170020E0170020E017002022
:104E4400E8170020E8170020F0170020F0170020D2
:104E5400F8170020F8170020001800200018002080
:104E6400081800200818002010180020101800202E
:104E740018180020181800202018002020180020DE
:104E8400281800202818002030180020301800208E
:104E9400381800203818002040180020401800203E
:104EA40048180020481800205018002050180020EE
:104EB400581800205818002060180020601800209E
:104EC400681800206818002070180020701800204E
:104ED40078180020781800208018002080180020FE
:104EE40088180020881800209018002090180020AE
:104EF4009818002098180020A0180020A01800205E
:104F0400A8180020A8180020B0180020B01800200D
:104F1400B8180020B8180020C0180020C0180020BD
:104F2400C8180020C8180020D0180020D01800206D
:104F3400D8180020D8180020E0180020E01800201D
:104F4400E8180020E8180020F0180020F0180020CD
:104F5400F8180020F818002000190020001900207B
:104F64000819002008190020101900201019002029
:104F740018190020181900202019002020190020D9
:104F84002819002028190020301900203019002089
:104F94003819002038190020401900204019002039
:104FA40048190020481900205019002050190020E9
:104FB4005819002058190020601900206019002099
:104FC4006819002068190020701900207019002049
:104FD40078190020781900208019002080190020F9
:104FE4000000000003000000103000204300000017
:104FF40000000000000000000000000000000000AD
:105004000000000000000000000000004300000059
:10501400000000000000000000000000000000008C
:105024000000000000000000000000004300000039
:10503400000000000000000000000000000000006C
:105044000000000000000000000000004300000019
:10505400000000000000000000000000000000004C
:1050640000000000000000000000000043000000F9
:10507400000000000000000000000000000000002C
:1050840000000000000000000000000043000000D9
:10509400000000000000000000000000000000000C
:1050A40000000000000000000000000043000000B9
:1050B40000000000000000000000000000000000EC
:1050C400000000000000000000000000D999021058
:1050D400498E021000000000E0330310BC0A0310E4
:1050E400F8070310F8070310F8070310F807031074
:1050F400F8070310F8070310F8070310F807031064
:10510400F8070310FFFFFFFFFFFFFFFFFFFFFFFF95
:10511400FFFF000001004153434949000000000023
:10512400000000000000000000000000000000007B
:105134000000000000004153434949000000000002
:10514400000000000000000000000000000000005B
:105154000000000000000000101B00200000000000
:10516400000000001030002078300020E0300020E3
:10517400000000000000000000000000000000002B
:10518400000000000000000000000000000000001B
:10519400000000000000000000000000000000000B
:1051A40000000000000000000000000000000000FB
:1051B40000000000000000000000000000000000EB
:1051C40000000000000000000000000000000000DB
:1051D40000000000000000000000000000000000CB
:1051E40000000000000000000000000000000000BB
:1051F40000000000000000000100000000000000AA
:105204000E33CDAB34126DE6ECDE05000B0000006E
:10521400000000000000000000000000000000008A
:10522400000000000000000000000000000000007A
:10523400000000000000000000000000000000006A
:10524400000000000000000000000000000000005A
:10525400000000000000000000000000000000004A
:10526400000000000000000000000000000000003A
:10527400000000000000000000000000000000002A
:10528400000000000000000000000000000000001A
:10529400000000000000000000000000000000000A
:1052A40000000000000000000000000000000000FA
:1052B40000000000000000000000000000000000EA
:1052C4003574011061740110C9750110BD89011094
:1052D4001D7D011025870110FD7401107D740110DE
:1052E4009D740110B1740110DD630110B9740110D3
:1052F400016C011021740110BD5C0110B102001099
:10530400592A0010E5420010995000106D8C0010CD
:08531400D9A8011015DC0110FD
:04000005100001E9FD
:00000001FF
